{"type":"FeatureCollection","historicalPeriod":"1897","source":{"title":"Transcultural Empire: Geographic Information System of the 1897 and 1926 General Censuses in the Russian Empire and Soviet Union","authors":"Ivan Sablin, Aleksandr Kuchinskiy, Aleksandr Korobeinikov, Sergey Mikhaylov, Oleg Kudinov, Yana Kitaeva, Pavel Aleksandrov, Maria Zimina","doi":"https://doi.org/10.11588/DATA/10064","license":"CC BY 4.0","sourceFile":"1897RussianEmpire.shp"},"features":[{"type":"Feature","properties":{},"geometry":{"type":"Polygon","coordinates":[[[43.22467041015682,51.130920410156875],[43.48828125000057,50.98590087890682],[44.31890869140682,50.78808593750057],[44.213500976563125,50.11590576171932],[44.05529785156301,49.878723144531875],[44.04211425781301,49.707275390625625],[44.17388916015676,49.60192871093807],[44.34527587890682,49.33831787109432],[44.279296875000625,49.15368652343807],[44.12109375000051,48.837280273438125],[43.95892333984443,48.590881347656875],[43.95690997042834,48.587821935746604],[43.95178157315155,48.5800290887986],[43.93841107656698,48.55971197452709],[43.93107475972249,48.54856408733235],[43.91172592166413,48.51916259492242],[43.90064030668367,48.50231746842303],[43.88867187500114,48.48413085937602],[43.882915181193994,48.47538965013234],[43.872134123998364,48.45901923336578],[43.872010279587585,48.45883118273383],[43.85888671875114,48.438903808594944],[43.85645269139991,48.43519418289554],[43.84928676062083,48.424272809736976],[43.8454794891403,48.41847026519184],[43.844406728506385,48.41683530393499],[43.832339682001816,48.39844429209603],[43.82480425218813,48.386959776903154],[43.82121499921743,48.38148950761638],[43.804198439153254,48.35555509545708],[43.79803105405534,48.346155574844545],[43.79168701171983,48.33648681640727],[43.7839390065746,48.316339734214694],[43.77932673918065,48.30434648839935],[43.76932937175076,48.27835040559438],[43.768305147338936,48.27568712220517],[43.76480142649092,48.266576422020705],[43.75727520645495,48.2470060460559],[43.74970560021802,48.227322853263615],[43.749636708156004,48.227143713729504],[43.73909154733519,48.199723207700515],[43.727789706937926,48.170335113197154],[43.72568568529391,48.164864040811665],[43.71439482632701,48.135504501242906],[43.709033774822615,48.12156419747771],[43.70831298828227,48.11968994140733],[43.70052269681702,48.099489989668655],[43.68709755447611,48.06467906781921],[43.67421898455825,48.03128538903792],[43.665489676337984,48.00865059988348],[43.66386753713209,48.00444444998328],[43.65972900390733,47.993713378907444],[43.64472609676545,47.96276408283467],[43.6290523618095,47.93043094505413],[43.60841768055144,47.88786393763428],[43.583040702747496,47.8355141102262],[43.577117766956746,47.82329576536284],[43.57347336082859,47.815777768804026],[43.556522135556634,47.780809313371776],[43.55158219508195,47.77061877637141],[43.54722679181549,47.76163407334485],[43.5374391925925,47.74144336608157],[43.52498359156226,47.71574887364727],[43.520067174434814,47.705606862644686],[43.51094859932863,47.686796276266534],[43.50351531004742,47.67146224342963],[43.48913410223281,47.641795442566945],[43.48211669921977,47.627319335938694],[43.48206417031929,47.62721080196064],[43.471867507214654,47.606142696575205],[43.462788995536584,47.58738488935819],[43.456865197008085,47.57514527622203],[43.44891357421977,47.55871582031358],[43.449876599084064,47.550653286566956],[43.45035381303245,47.546658006998996],[43.450532025902874,47.54516599227088],[43.45121276315217,47.539466796694455],[43.45163447139544,47.535936216053244],[43.45242965645207,47.52927885278888],[43.45316167860307,47.52315029524459],[43.45320248927061,47.52280862453898],[43.4544404154766,47.51244459118709],[43.45486245953089,47.50891119910489],[43.45548145405303,47.503728919385026],[43.456043334551794,47.499024803581506],[43.458776649401614,47.476141237396234],[43.467199788911216,47.40562192987443],[43.47463389489201,47.34338290305942],[43.482982043858385,47.27349142334015],[43.48828125000108,47.22912597656358],[43.49193358384679,47.22091844302719],[43.50150496600844,47.19940960966642],[43.50446005418547,47.19276892829896],[43.52571654020983,47.145001301007255],[43.542784925311366,47.10664518433458],[43.567798868417015,47.05043379031588],[43.58640383945544,47.00862465397569],[43.590158697630045,47.00018672751679],[43.5926851115309,46.99450936403184],[43.60823192491955,46.95957252702567],[43.608276367188296,46.95947265625074],[43.6132091296808,46.94834636130122],[43.615529921589314,46.94311160383211],[43.62065629584828,46.93154859991387],[43.63342139741144,46.90275575101958],[43.63569612816593,46.897624888678536],[43.646484375001194,46.87329101562614],[43.64123059612257,46.845132389916614],[43.63617688675299,46.81804607473612],[43.632904858821746,46.80050901960806],[43.63279127038106,46.79990022078567],[43.63242074252412,46.797914306366636],[43.626800537116935,46.76779174808155],[43.62117030505573,46.73761545004362],[43.61126621177459,46.68453258109406],[43.60711669921989,46.66229248046983],[43.616314428924284,46.63772887531036],[43.629340591814355,46.60294099479614],[43.63287353515739,46.59350585937614],[43.63293059601472,46.59335358802741],[43.647390608777755,46.55476591635397],[43.66143026662951,46.51729999454062],[43.67715304010909,46.47534254742379],[43.680314918551574,46.46690482823021],[43.68609619140739,46.45147705078227],[43.694257422477165,46.430249109725594],[43.716607177062144,46.372115812324466],[43.721861352999326,46.35844932792554],[43.72688541452561,46.34538138743619],[43.73168945312614,46.33288574218858],[43.731730712081855,46.33277888890382],[43.73687245504692,46.31946269829069],[43.75207519531364,46.28009033203239],[43.73608398437614,46.26409912109489],[43.736049022713075,46.264064159431825],[43.72213067716001,46.25014581387876],[43.70072530473061,46.22874044144936],[43.682780123700184,46.210795260418934],[43.67730712890739,46.20532226562614],[43.67711390481395,46.205128945639785],[43.65506021217436,46.18306430823975],[43.64404255943225,46.17204118767978],[43.63477420019768,46.16276822876313],[43.61701052877618,46.144995741623916],[43.603924877389545,46.13190359611758],[43.60339163772363,46.131370091816564],[43.58262625185023,46.110594400540606],[43.55432128906364,46.08227539062608],[43.47528076171983,45.80548095703233],[43.48449707031364,45.76690673828227],[43.42572021484449,45.782470703125796],[43.23406878302944,45.82094687069281],[43.233366487171,45.82103847450037],[43.00369581614132,45.85099551854756],[42.94787597656318,45.85827636718818],[42.86684534992122,45.908112511138086],[42.776489257813296,45.963684082032046],[42.732363998474966,46.01332819256737],[42.68133027041762,46.070744830445506],[42.6710815429696,46.08227539062574],[42.53930664062568,46.18792724609449],[42.447082519532046,46.33288574218824],[42.117492675782046,46.4251098632821],[41.99379429423766,46.42805571228024],[41.56390380859443,46.43829345703193],[41.09364551429371,46.388750364861494],[40.812500000000625,46.35913085937568],[40.65442299530372,46.3907901807608],[40.54888916015682,46.411926269531875],[40.39068603515676,46.491088867188125],[40.06127929687551,46.556884765625625],[39.67889404296932,46.556884765625625],[39.13848876953176,46.58331298828182],[38.62432861328182,46.57012939453176],[38.52694989551492,46.56120490979373],[38.441289299305026,46.55644598778207],[38.37228493013595,46.55406652677624],[38.31755732700185,46.53978976074126],[38.31755732700185,46.589758441863694],[38.346110859071814,46.63496820097447],[38.3430756387944,46.67051952280559],[38.462250196000355,46.64695872600032],[38.54932415402925,46.652216966831304],[38.575450066000315,46.653794664000316],[38.5916447270003,46.65924713700019],[38.598155144000316,46.677923895000276],[38.58578535200036,46.695868231000304],[38.56674238400035,46.70994700700027],[38.553070509000406,46.717271226000264],[38.513438347000374,46.732489325000415],[38.4705509770003,46.7434756530003],[38.427989129000366,46.744859117000146],[38.389333530000386,46.73159414300039],[38.383555535000426,46.71381256700016],[38.378184441000315,46.70815664300028],[38.374359571000355,46.72931549700036],[38.36939537900031,46.744086005000156],[38.368174675000375,46.75543854400024],[38.37322024800034,46.76239655200021],[38.396169467000334,46.774725653000246],[38.40300540500033,46.77997467700021],[38.404551629000366,46.789455471000394],[38.401540561000445,46.81134674700019],[38.40300540500033,46.820949611000174],[38.41472415500027,46.8333194030003],[38.43531334700043,46.84674713700019],[38.45769290500027,46.8574893250003],[38.474619988000256,46.86188385600019],[38.492243256108054,46.85883086241813],[38.51731274028106,46.854487912301806],[38.544821522437076,46.849722386699625],[38.553070509000236,46.84829336100006],[38.560131455620365,46.848996585683324],[38.573090040000125,46.850287177000155],[38.5832069477774,46.85293084859131],[38.61709382629823,46.860093867725254],[38.65486636699171,46.86200877754209],[38.690928582000254,46.86383698100025],[38.70114639161483,46.86596569141972],[38.71143639400026,46.86810944200016],[38.74955278014522,46.88108824113226],[38.77726217754213,46.88876656598251],[38.80372155000032,46.89354075700032],[38.82032311300037,46.90424225500027],[38.847422722000374,46.930812893000336],[38.86573326900043,46.94293854400041],[38.88111412900031,46.94627513200027],[38.899816317375326,46.94508894679598],[38.91960696700039,46.94383372600038],[38.93734785200036,46.947455145000276],[38.957286004000366,46.95648834800028],[38.98099971284478,46.9714296825789],[38.99138431100022,46.97797272300005],[39.00072640963941,46.98539393736132],[39.020887162739996,47.00140931851092],[39.036306186000445,47.01365794500015],[39.06023196700028,47.02171458500027],[39.075205925000375,47.032660223000164],[39.088145379000366,47.03318919500026],[39.09742272200032,47.029038804000265],[39.10499108200037,47.016791083000214],[39.11491946700039,47.01276276200042],[39.11556744518032,47.01237641718296],[39.11682063576944,47.01293321166406],[39.12671959700009,47.013820705000114],[39.13770592500015,47.01862213700019],[39.14673912900025,47.023871161000216],[39.15308678500037,47.02635325700021],[39.186945605652625,47.020832521947625],[39.21706494828152,47.01592151478866],[39.23994732734434,47.012190506154866],[39.26189212300022,47.008612372000414],[39.28003991000031,47.01276276200025],[39.28939863400029,47.02728913000027],[39.29615319100026,47.06899648600023],[39.30355879000024,47.08470286700032],[39.32504316500035,47.09878164300028],[39.36784915500027,47.10614655200027],[39.38868248800031,47.11517975500027],[39.35466556100033,47.13104889500022],[39.32935631600026,47.12836334800028],[39.30665123800031,47.11225006700016],[39.28003991000031,47.08783600500038],[39.264903191000315,47.09662506700016],[39.26197350400025,47.10761139500022],[39.27320397200026,47.13564687700011],[39.26394019093857,47.137871802936615],[39.25456790500027,47.14012278900026],[39.24919681100033,47.14813873900022],[39.252614780000215,47.180324611000344],[39.25603274800022,47.1897647160003],[39.26392662900031,47.1914737000003],[39.268397567789805,47.19163481499629],[39.27295983200031,47.19179922100034],[39.28003991000031,47.19708893400019],[39.28158613400035,47.20526764500022],[39.28145448114458,47.20782101744368],[39.281004035420665,47.216557293550466],[39.28057498461868,47.22487862078748],[39.28003991000031,47.23525625200034],[39.27385050295419,47.24512160116694],[39.26400800900029,47.260809637000364],[39.25270979873869,47.26279310073318],[39.23882910609473,47.265229933630394],[39.22738691500035,47.26723867400034],[39.213953720583106,47.267727875023525],[39.213219164807754,47.268676757813296],[39.187897914507516,47.268676757813125],[39.186045769000316,47.268744208000214],[39.171780323285134,47.27402988977889],[39.15650475400025,47.27968984600028],[39.13884524800034,47.27342357000015],[39.1281284472945,47.27547034085586],[39.10230553500031,47.283514716000184],[39.088145379000366,47.28644440300042],[39.07325280000032,47.28168366100033],[39.05758765647255,47.27238089777654],[39.040375196000355,47.26601797100017],[39.01343834700026,47.25446198100042],[38.996261967768135,47.255607072855355],[38.97681725400025,47.25690338700025],[38.968426129441184,47.25582271204718],[38.94459069100043,47.252752997000414],[38.935045231317986,47.23164815089643],[38.932368641427104,47.225730256985855],[38.930511915000295,47.22162506700022],[38.93392988400035,47.201076565000164],[38.93775475400031,47.1897647160003],[38.93165123800031,47.18500397300028],[38.90926617538821,47.18324630117036],[38.88656660200036,47.18146393400025],[38.87330162900031,47.17544179900028],[38.861664259000406,47.16860586100029],[38.8474227220002,47.16356028900026],[38.82886803500037,47.16201406500022],[38.81268208977468,47.16245592271224],[38.78989434782949,47.163078001891336],[38.77222741000037,47.16356028900026],[38.7534616953414,47.15917873956124],[38.72632712667263,47.152843171942834],[38.70244098945085,47.14932921911759],[38.6828719410002,47.1471621770001],[38.67595357696672,47.14543258580784],[38.64527428500031,47.13776276200031],[38.61427611442889,47.13564687700011],[38.57977392984435,47.13564687700011],[38.553070509000406,47.13564687700011],[38.55876712300028,47.12791575700032],[38.56169681100022,47.125067450000074],[38.568044467000334,47.12201569200016],[38.568044467000334,47.11517975500027],[38.54476972700036,47.11481354400024],[38.52494983086024,47.11788090899995],[38.503140874630105,47.12431324319641],[38.48781082657706,47.13303036721567],[38.47803795700037,47.142482815000164],[38.494395379000366,47.14899323100025],[38.5096134770003,47.17161692900021],[38.522471550000205,47.17658112200019],[38.53101647200026,47.182318427000325],[38.55079186300037,47.209295966000184],[38.559906446000355,47.21820709800011],[38.60269793234721,47.23055316503303],[38.637891876148956,47.23359683858905],[38.676577450884565,47.236942478437584],[38.733078626468625,47.241828862725015],[38.77564537900031,47.24551015800023],[38.78956139400037,47.25063711100029],[38.79711617410413,47.255611798813106],[38.807790561000274,47.26264069200022],[38.82113691500035,47.27631256700016],[38.820648634000406,47.28644440300042],[38.8103947270003,47.28782786700032],[38.802012566000315,47.28091054900028],[38.79744916421123,47.274199664037894],[38.78956139400037,47.26260000200023],[38.78288821700022,47.25910065300036],[38.75513756600037,47.25910065300036],[38.70358968178624,47.253378916110705],[38.63908253915537,47.246218721210994],[38.59457441500041,47.24127838700025],[38.5533960300001,47.229803778000075],[38.5431161885532,47.22410358149699],[38.51905358200037,47.210760809000305],[38.500498894000316,47.18158600500027],[38.49488366000037,47.17658112200036],[38.48552493600016,47.17462799700013],[38.478410452597075,47.17159248421376],[38.4733179050001,47.1694196640002],[38.46265709700032,47.16181061400033],[38.458181186000274,47.152655341000354],[38.448985222000374,47.140285549000225],[38.42790774800028,47.13353099200032],[38.34879334150321,47.12636038215396],[38.2749893468536,47.1196710865608],[38.26539147200015,47.11880117400011],[38.22413170700037,47.10834381700022],[38.196299675000375,47.089504299000396],[38.16695549344678,47.06135332931632],[38.14226321700028,47.037665106000304],[38.10808353000033,47.02635325700021],[38.130381707000424,47.05841705900036],[38.13005618600022,47.074652411000216],[38.10434004000035,47.08161041900024],[38.08538935638563,47.09212028910332],[38.07154381600037,47.09979889500022],[38.06657962300022,47.098089911000045],[38.06352783624715,47.096362061106674],[38.04073953215965,47.08659162526743],[38.02621504000024,47.08161041900024],[38.01812744140693,47.083777349315085],[38.01812744140693,47.12548828125085],[38.01812744140693,47.17651367187574],[38.025512695313296,47.236083984375796],[38.03076766236342,47.27859714123042],[38.03228759765699,47.29089355468818],[38.033973561917776,47.304244337666375],[38.04431152343824,47.38610839843824],[38.04449462890699,47.387329101563296],[38.07061106774108,47.43743176399175],[38.08190917968824,47.45910644531318],[38.099906906150466,47.4933601827733],[38.102722167969546,47.498718261719546],[38.137084960938296,47.56427001953199],[38.16107177734449,47.610107421875796],[38.162952430710504,47.61371982056977],[38.181884765625796,47.65008544921949],[38.18927001953199,47.6641235351571],[38.20227050781324,47.729125976563296],[38.207579992832905,47.75525145583106],[38.211486816407046,47.77447509765699],[38.22149658203199,47.824707031250796],[38.22790527343835,47.85668945312574],[38.234687879807154,47.89079089070208],[38.23669433593818,47.90087890625068],[38.23752107017958,47.90495684256376],[38.24212646484449,47.927673339844546],[38.26857750747075,47.945420200253864],[38.27551269531324,47.95007324218818],[38.287050210752625,47.957735335775],[38.32312011718818,47.981689453125796],[38.35192871093818,48.000915527344546],[38.38623217836533,48.023856647516595],[38.42932128906335,48.05267333984443],[38.46473047936212,48.07618884818123],[38.49291992187574,48.09490966796949],[38.518912347034984,48.112298966491494],[38.518920898438296,48.112304687500796],[38.59069824218818,48.11529541015699],[38.691894531250796,48.11932373046949],[38.795104980469546,48.12347412109443],[38.84846220386311,48.12548645066266],[38.848510742188296,48.125488281250796],[38.90350341796943,48.13867187500085],[38.92779570073594,48.144526489912266],[39.022277832032046,48.1672973632821],[39.1588745117196,48.200073242188296],[39.178100585938296,48.20471191406318],[39.26690673828199,48.23431396484449],[39.38626730317401,48.27400029718365],[39.387695312500796,48.2744750976571],[39.3880849663845,48.27460618492063],[39.40747070312574,48.281127929688296],[39.47962872318402,48.30512077052043],[39.55468750000068,48.33007812500074],[39.56290288851454,48.33287882563053],[39.573486328125796,48.33648681640693],[39.668884277344546,48.405883789063296],[39.75732421875074,48.47027587890699],[39.837536867681024,48.528468297919915],[39.84692382812574,48.53527832031324],[39.86352539062574,48.54730224609449],[39.870300292969546,48.554077148438296],[39.88829274879134,48.57216556402449],[39.916076660157046,48.60009765625068],[39.9046084159404,48.61924514092067],[39.86767578125068,48.680908203125796],[39.837097167969546,48.7318725585946],[39.70788574218824,48.66729736328199],[39.67889404296949,48.6528930664071],[39.64648437500074,48.66571044921943],[39.58141668551929,48.69172783511084],[39.564514160157046,48.69848632812585],[39.56379677822753,48.698775798027555],[39.54711914062574,48.705505371094546],[39.507324218750796,48.713500976563296],[39.48110405181734,48.71868403281786],[39.48107910156318,48.718688964844546],[39.47833594131458,48.72052943981981],[39.44769287109443,48.74108886718824],[39.37768554687568,48.787719726563296],[39.32312011718818,48.82409667968824],[39.32312011718818,48.98632812500068],[39.32312011718801,49.06140745450898],[39.32312011718818,49.06152343750074],[39.61304152631271,49.12730648928681],[39.61309814453199,49.12731933593824],[39.968872070313296,49.24591064453193],[39.99530029296943,49.430480957032046],[39.94250488281324,49.48327636718824],[39.85346049560093,49.50544723372042],[39.837097167969546,49.50952148437568],[39.837102990866754,49.509536609903705],[39.851507827957334,49.54695454010687],[39.903076171875796,49.680908203125796],[40.043273925782046,49.779907226563296],[40.03710937500074,49.796691894532046],[40.05540435040592,49.80367877931104],[40.06326520358533,49.8066808536081],[40.07006580668002,49.80927801644634],[40.07690429687568,49.81188964843824],[40.09294905848992,49.81798898880987],[40.09930353594632,49.82040461341188],[40.10211181640693,49.821472167969546],[40.108796058331336,49.82619526311902],[40.11977824949247,49.83395529550421],[40.12707519531318,49.83911132812568],[40.139963189605055,49.8305219324144],[40.16290980808719,49.81522881682804],[40.18372003150546,49.80135953354494],[40.21767538998205,49.77872947925755],[40.227905273438296,49.771911621094546],[40.25366580416926,49.7547818083238],[40.27242179405772,49.74230975957323],[40.29838882643543,49.72504263074376],[40.31152343750068,49.71630859375074],[40.31201961432669,49.71597327790488],[40.318394164847916,49.71166536248421],[40.32489013671943,49.70727539062585],[40.32703005961736,49.70835889589051],[40.32971191406324,49.709716796875796],[40.33108019688399,49.71040713896366],[40.33511002107781,49.71244031310363],[40.340690990365545,49.71525608914902],[40.34991455078199,49.71990966796943],[40.35286631069562,49.72235107686993],[40.3697370175945,49.736304885847005],[40.37902494067333,49.743986953066326],[40.389099121094546,49.75231933593818],[40.39635500388306,49.75834614829739],[40.419143970165806,49.77727490275049],[40.45211772256613,49.80466324739268],[40.46008300781335,49.81127929687568],[40.49450683593824,49.83972167968824],[40.50083062120575,49.844961071331625],[40.52691460192477,49.8665722084628],[40.55544790695478,49.890212663286434],[40.56427001953193,49.89752197265699],[40.62263084178096,49.89752197265699],[40.65447998046943,49.89752197265699],[40.67290381675804,49.89752197265699],[40.69610595703199,49.89752197265699],[40.71239667301762,49.89752197265699],[40.72790527343818,49.89752197265699],[40.74683763599427,49.89701361792606],[40.77644193824017,49.89621870989191],[40.80291748046949,49.895507812500796],[40.83875317766814,49.89441934506249],[40.88128662109449,49.89312744140699],[40.89655771096852,49.89268577097255],[40.899694196493556,49.89259505754359],[40.94931223767202,49.89116000464361],[40.95092773437574,49.891113281250796],[40.957092285157046,49.890930175782046],[41.015799569516616,49.890930175782046],[41.02990722656324,49.890930175782046],[41.04767649354625,49.900908302626476],[41.05371093750074,49.904296875000796],[41.06358870667384,49.909810435871634],[41.089899561071206,49.92449659574595],[41.08990478515693,49.924499511719546],[41.09164444645086,49.952289485722076],[41.09228515625074,49.96252441406318],[41.09318595036632,49.97883879637851],[41.09447760204421,50.00223204343547],[41.09448242187568,50.002319335938296],[41.12047248126976,50.02392242076792],[41.1336221307796,50.03485248404837],[41.137512207032046,50.03808593750074],[41.15098619772215,50.04929500351227],[41.17309570312568,50.06768798828199],[41.17724082721003,50.07538803666387],[41.191528320313296,50.10192871093818],[41.194416097280055,50.10731106309714],[41.211302582677945,50.138784757979465],[41.21887207031318,50.15289306640693],[41.23948631377601,50.17183417831751],[41.2429461174313,50.17501317095645],[41.25872802734443,50.18951416015693],[41.273258505439514,50.20300850908393],[41.275210626924036,50.204821430055176],[41.294677734375796,50.22290039062574],[41.3038940429696,50.23132324218824],[41.339238936578624,50.23636476842404],[41.36866879508119,50.24056258566429],[41.38348388671949,50.24267578125085],[41.384616425602076,50.24284081859605],[41.38623274613599,50.243076354217635],[41.41957735233217,50.24793544149844],[41.44128417968824,50.25109863281318],[41.45702081487252,50.25109863281318],[41.459289550782046,50.25109863281318],[41.49628480010364,50.25109863281318],[41.533874511719546,50.25109863281318],[41.54820638868529,50.25109863281318],[41.56567382812574,50.25109863281318],[41.59350585937574,50.26409912109449],[41.594176980934265,50.26441385396322],[41.62890625000085,50.28070068359449],[41.657470703125796,50.294128417969546],[41.639955353481696,50.31756274783834],[41.63188481870401,50.32836056678218],[41.62207031250068,50.34149169921943],[41.61249096764203,50.354285166366594],[41.603515625000796,50.3662719726571],[41.5999525119571,50.374167697336134],[41.590515136719546,50.3950805664071],[41.56909179687574,50.3950805664071],[41.55797106566621,50.3950805664071],[41.53967285156318,50.3950805664071],[41.528715107598714,50.407076412431536],[41.52327622291352,50.41303055987629],[41.51647949218824,50.42047119140693],[41.509182521570324,50.42863981380532],[41.503139688621616,50.43540448686741],[41.48071467287684,50.460508258758864],[41.48071289062568,50.46051025390693],[41.48167301547534,50.46201422569936],[41.49731863662208,50.48652205183123],[41.50689697265699,50.50152587890693],[41.50881894031153,50.504561510062274],[41.52262519768885,50.526367654892],[41.52648925781318,50.53247070312574],[41.54624348749098,50.54566546690296],[41.558288574219546,50.553710937500796],[41.57402531996428,50.56410585212126],[41.583926814995095,50.57064628920597],[41.58489990234449,50.571289062500796],[41.596098726868206,50.57882145672386],[41.61230468750085,50.58972167968824],[41.63867187500068,50.607299804688296],[41.644287109375796,50.61108398437574],[41.64564553893325,50.61187376900227],[41.665283203125796,50.62329101562574],[41.67515178650399,50.62901437315003],[41.693908691407046,50.63989257812574],[41.69862673865521,50.64265143626238],[41.71551513671943,50.652526855469546],[41.71696361348694,50.6533408754712],[41.722900390625796,50.65667724609449],[41.718688964844546,50.669311523438296],[41.71752681946441,50.672797959578816],[41.71728515625074,50.673522949219546],[41.714294433594546,50.682678222657046],[41.71205936394074,50.689043312323406],[41.71151203610168,50.690602006822076],[41.7114868164071,50.690673828125796],[41.710327148438296,50.69128417968835],[41.685485839844546,50.70550537109449],[41.66979561768795,50.71447587232751],[41.656127929688296,50.72229003906324],[41.65368652343835,50.723876953125796],[41.62373047848371,50.7417133768393],[41.62170410156318,50.742919921875796],[41.60487613366229,50.75308205394816],[41.590274589350656,50.761899685561445],[41.59027099609449,50.76190185546943],[41.59076994238393,50.762642715111156],[41.592687840295184,50.76549050291885],[41.59429931640699,50.76788330078199],[41.59480351269548,50.76869307057865],[41.59623526038865,50.77099254414668],[41.59631347656318,50.77111816406324],[41.570851399277274,50.77858118671611],[41.53967285156318,50.78771972656324],[41.546287542757284,50.79305179065591],[41.561706542969546,50.805480957032046],[41.56253980942927,50.806145732111986],[41.578308105469546,50.81872558593818],[41.582885742188296,50.82250976562585],[41.59785480957731,50.83438642088953],[41.603271484375796,50.838684082032046],[41.6058669240482,50.84071529568871],[41.60888671875068,50.843078613282046],[41.62188720703193,50.85351562500074],[41.62264231809041,50.854135610922356],[41.627685546875796,50.85827636718824],[41.628127313743846,50.85863017162677],[41.64147949218835,50.86932373046949],[41.65008544921943,50.87609863281335],[41.652597960584785,50.87810012491798],[41.660888671875796,50.88470458984443],[41.632690429688296,50.898925781250796],[41.62999930423109,50.90026911253216],[41.595886230469546,50.9172973632821],[41.59404926267746,50.91821584717832],[41.570833580836734,50.92982368809862],[41.567077636719546,50.93170166015699],[41.550332314016714,50.94009562599035],[41.54309082031318,50.94372558593824],[41.538810581174744,50.94567960815374],[41.537475585938296,50.94628906250085],[41.53736102394765,50.94701168428776],[41.53668212890699,50.95129394531318],[41.536582431033935,50.95129394531318],[41.52728271484443,50.95129394531318],[41.51466350151702,50.95129394531318],[41.500305175782046,50.95129394531318],[41.500305175782046,50.95129650916721],[41.500305175782046,50.96447753906324],[41.500305175782046,50.99186986761441],[41.500305175782046,50.99829101562574],[41.500305175782046,51.02148437500068],[41.500305175782046,51.03219036098983],[41.500305175782046,51.03851318359449],[41.500305175782046,51.05828857421943],[41.500305175782046,51.06183491350782],[41.500305175782046,51.072692871094546],[41.500305175782046,51.105895996094546],[41.500305175782046,51.107959470841706],[41.500305175782046,51.126098632813296],[41.500305175782046,51.13189697265693],[41.500305175782046,51.151306152344546],[41.500305175782046,51.16074064183482],[41.500305175782046,51.16088867187568],[41.5336453657157,51.153166829520615],[41.545104980469546,51.150512695313296],[41.56138965680651,51.14674235153086],[41.58227539062574,51.14190673828199],[41.585219701436586,51.14121395926776],[41.60046366244012,51.13762714491395],[41.609088091938816,51.13559786738483],[41.611328125000796,51.135070800782046],[41.6243286132821,51.13208007812585],[41.6301806101672,51.13073384410063],[41.63732910156318,51.12908935546949],[41.640319824219546,51.14410400390693],[41.643920898438296,51.16192626953199],[41.647521972657046,51.179687500000796],[41.64904656854867,51.1874099096263],[41.65032958984449,51.19390869140693],[41.65175560680126,51.20135071739975],[41.65228271484449,51.204101562500796],[41.65447998046943,51.21508789062568],[41.65525828843863,51.21886412558689],[41.656127929688296,51.22308349609443],[41.65850830078193,51.22668457031335],[41.666076660157046,51.23889160156335],[41.66978011565044,51.24487617094758],[41.67449951171943,51.25250244140699],[41.68829345703199,51.2756958007821],[41.69246320154127,51.28196068785269],[41.70068359375074,51.29431152343824],[41.70471191406324,51.30072021484443],[41.70660096481748,51.30375595254759],[41.722106933594546,51.328674316407046],[41.72309653338186,51.329599377077955],[41.72491455078199,51.33129882812574],[41.75067138671949,51.35510253906324],[41.7723145339134,51.37503137756852],[41.78149414062585,51.38348388671943],[41.78157405343501,51.38355793022623],[41.78752677820785,51.389073449224895],[41.80310058593824,51.40350341796943],[41.830763891890285,51.428984631085484],[41.83469674586115,51.432607259933945],[41.851074218750796,51.447692871094546],[41.861219373523966,51.457036365136275],[41.87347412109466,51.46832275390727],[41.8934936523446,51.4868774414071],[42.01311853987403,51.505333852625824],[42.07507324218835,51.51489257812585],[42.08288574218801,51.51593017578182],[42.23608398437557,51.53948974609443],[42.47351074218801,51.53948974609443],[42.710693359375625,51.38128662109432],[42.908508300781875,51.183715820313125],[43.22467041015682,51.130920410156875]]]}},{"type":"Feature","properties":{},"geometry":{"type":"MultiPolygon","coordinates":[[[[45.60467529296932,44.99328613281301],[46.01470947265676,44.87432861328182],[46.39807128906301,44.82128906250051],[46.74556447355127,44.654076530135626],[46.73800048451153,44.65448265025003],[46.73161351528091,44.6548255746859],[46.722015821000355,44.65534088700031],[46.716319207000254,44.63886139500016],[46.71324622993063,44.6139995475408],[46.707774285000426,44.56972890800023],[46.71892337300028,44.55801015800017],[46.72315514400037,44.549465236000344],[46.71827233200031,44.54547760600025],[46.707204623000166,44.54511139500005],[46.70129153864116,44.544132280523286],[46.69467207100007,44.543036200000245],[46.68926812813055,44.54029064849317],[46.684580925000205,44.5379092470003],[46.68043053500037,44.52846914300028],[46.683604363000256,44.506781317000275],[46.69353870978648,44.478491265899834],[46.697764519000316,44.46645742400034],[46.7009383470002,44.44619375200023],[46.71127363400029,44.431830145000276],[46.734385613000256,44.41478099200032],[46.758962436000274,44.400580145000276],[46.773203972000374,44.39468008000017],[46.79473231457354,44.39468008000017],[46.817637566000315,44.39468008000017],[46.84017988400029,44.397772528000246],[46.85189863400035,44.39760976800028],[46.875193351179405,44.392930699466774],[46.90525077112295,44.3868932478515],[46.93606473938547,44.38070383296474],[46.946084373360065,44.378691249867586],[46.969830061156074,44.373921597601736],[47.00261478000027,44.367336330000285],[47.02564537900025,44.35960521000027],[47.04420006600026,44.34625885600036],[47.05543053500037,44.327704169000356],[47.06357462171917,44.302018972061376],[47.069183790000125,44.28432851800011],[47.072553970192814,44.27694120316522],[47.07829837300028,44.26434967700021],[47.08871504000035,44.2515322940003],[47.10499108200037,44.2359072940003],[47.12224368600022,44.22272370000036],[47.1360783210003,44.21710846600024],[47.14633222700036,44.21430084800028],[47.1575189490145,44.208284085441164],[47.16675866000031,44.20331452000022],[47.174151754652314,44.20306505983342],[47.180023634000236,44.202866929000265],[47.18686489121842,44.206440720318426],[47.19092858200031,44.20856354400041],[47.1978141094765,44.214975691264215],[47.20463694681621,44.22132945834028],[47.21045983200037,44.22675202000022],[47.221690300000205,44.230780341000184],[47.23113828006751,44.223456570850544],[47.24594160200036,44.21198151200042],[47.257842270822664,44.18546642437269],[47.26645172269923,44.16537245559664],[47.276609007178706,44.134006356408804],[47.28439411462364,44.10996563442308],[47.289886915000295,44.09300364800015],[47.30489151179523,44.072989752223975],[47.316091342000334,44.05805084800028],[47.3233051265434,44.050591139213054],[47.33399498800037,44.039536851000264],[47.345288927923036,44.0333879282648],[47.34864342500032,44.0315615910003],[47.3544676974966,44.02466442583864],[47.35792076900037,44.02057526200031],[47.36513994524722,44.00460587626549],[47.375094241194745,43.98258619060198],[47.38689212300028,43.956488348000164],[47.40430190964355,43.93556312375506],[47.41228274800028,43.92597077000022],[47.417253255127264,43.917875422549],[47.423350457000424,43.90794505400021],[47.42647210984666,43.89106500419712],[47.42774498800031,43.88418203300017],[47.432627800000375,43.87616608300027],[47.446188302288704,43.87301985102857],[47.45525149800034,43.87091705900025],[47.46192467500032,43.86029694200022],[47.45948326900026,43.85179271000038],[47.45430758991921,43.84363800659838],[47.44745680684525,43.83284404059634],[47.44548587300028,43.82973867400028],[47.44141686300043,43.81928131700022],[47.45215905000026,43.82298411700032],[47.46827233200031,43.82611725500021],[47.48275800900029,43.82489655200021],[47.489268425000375,43.815578518000336],[47.493779595626734,43.80402883437097],[47.49809614330428,43.79297743237868],[47.50277754000035,43.780991929000265],[47.50342858200037,43.7709007830004],[47.495453321000355,43.76483795800033],[47.484006092274,43.76274526152764],[47.47951619743549,43.76192445263871],[47.46941165500016,43.76007721600024],[47.45850670700031,43.75446198100019],[47.450205925000205,43.74591705900019],[47.44796146112003,43.742940704550335],[47.444590691000315,43.73847077000022],[47.43773538544741,43.72418452207921],[47.43392988400029,43.71625397300028],[47.441171922989554,43.70690895753762],[47.45089246881156,43.69436571506844],[47.45508873800037,43.68895091400026],[47.45093834700026,43.68187083500021],[47.44312584700026,43.67739492400017],[47.43458092500026,43.67357005400021],[47.42774498800031,43.66844310100032],[47.420592032762215,43.6569747267655],[47.41092061395938,43.641468485426],[47.40805097700019,43.636867580000114],[47.40527648162521,43.631030228746226],[47.399262873727196,43.61837800307637],[47.393565300000205,43.60639069200016],[47.38268710906817,43.61309531965503],[47.37712649800022,43.616522528000246],[47.37322024800034,43.620672919000185],[47.36573326900037,43.620672919000185],[47.366299020209624,43.608282965985666],[47.366547071000184,43.60285065300013],[47.36979110478967,43.588455255005044],[47.37175540500016,43.57973867400017],[47.375044932399476,43.571646435870605],[47.37989342500026,43.55971914300028],[47.38731084696673,43.55353795838988],[47.3901473320002,43.55117422100005],[47.397762831666284,43.54736647116732],[47.404958530000386,43.54376862200024],[47.40412658191093,43.53194307462837],[47.40381920700014,43.52757396000021],[47.40405695081148,43.51968878645357],[47.40430748800031,43.51137929900028],[47.41286661518336,43.50821311774922],[47.42432701900037,43.5039737000003],[47.43411280638577,43.50970678742851],[47.44849694100037,43.51813385600036],[47.45533730536687,43.53194676575595],[47.46534264400037,43.55215078300023],[47.471153404517395,43.5784807927285],[47.474457227000414,43.593451239000274],[47.475216936023344,43.613270699967586],[47.47584069100026,43.62954336100029],[47.477793816000315,43.64374420800016],[47.48178144600041,43.65314362200036],[47.48878014400037,43.66132233300033],[47.49719519364572,43.669005638840076],[47.50001061300031,43.67157623900039],[47.50733483200031,43.68573639500033],[47.50269616000037,43.71503327000022],[47.51092491577316,43.73270917910497],[47.522634311000274,43.7488467470003],[47.53386478000033,43.775946356000304],[47.540863477000414,43.804754950000245],[47.54379316500035,43.832342841000354],[47.541840040000295,43.85472239800032],[47.54444420700037,43.865220445000375],[47.55469811300043,43.877630927000325],[47.569767032610685,43.886847838724464],[47.58822675900029,43.89813873900033],[47.59571373800043,43.90119049700024],[47.60658014031776,43.90088045026653],[47.625661655000215,43.90033600500027],[47.63981794974234,43.898428719414085],[47.66412073406809,43.89306052670787],[47.67798912900031,43.888617255000156],[47.69127070451009,43.88064371400526],[47.701508009000236,43.87449778900026],[47.68664683421241,43.863011295495596],[47.66386089307514,43.845399594630294],[47.64380944100037,43.82990143400025],[47.628961878784935,43.80732970653554],[47.608471550726335,43.77617967032819],[47.60157311300037,43.7656924500003],[47.59189341000854,43.74254296311824],[47.57966007403746,43.71328633708083],[47.56571378175556,43.67993309158311],[47.55321486149694,43.65004130762998],[47.54379316500035,43.627508856000304],[47.53123421302013,43.571460290783875],[47.52831225407084,43.558420062029825],[47.5244324821287,43.54110526927752],[47.51970462300034,43.520005601000264],[47.51280008557478,43.506303799764055],[47.500950833497825,43.48278939369271],[47.49448692450329,43.469962003413855],[47.49089603000027,43.46283600500027],[47.48818394816436,43.45004866694984],[47.48644244864448,43.44183757878079],[47.48466819043995,43.43347203495705],[47.45259770184168,43.432469832187735],[47.373406400403155,43.435349515876396],[47.35588598341519,43.39662017306131],[47.30056351502964,43.31452876835999],[47.29164053625777,43.21994519337807],[47.26308700418764,43.153915150466105],[47.13102691836389,43.10037727783492],[47.00045399566875,43.090264568560144],[46.90527555543537,43.01293208587049],[46.866609314090454,42.932625276923545],[46.851737682804014,42.76308868025774],[46.76845654759978,42.70657648136927],[46.64056051853618,42.682781871310794],[46.473998248127714,42.69170485008266],[46.31041030397654,42.67385889253893],[46.18251427491299,42.62924399867961],[46.03974661456283,42.60247506236385],[45.93564519555753,42.57570612604826],[45.82262079778042,42.49242499084403],[45.719067994653926,42.42146735582901],[45.660029921047396,42.454093659664125],[45.659398769963616,42.454071118554],[45.475487429836164,42.447502856406686],[45.323898954912465,42.427730446633916],[44.98776798877759,42.427730446633916],[44.75708987476344,42.46068446292162],[44.460503728173876,42.52000169223953],[43.913467057797334,42.51341088898204],[43.86565035633214,42.5047169432612],[43.77866494769307,42.48890141441768],[43.674324428662544,42.522406199517604],[43.4899162007103,42.564046767119635],[43.379866129190475,42.590815703435226],[43.25494442638404,42.638404923552],[43.153817333636084,42.650302228581154],[43.02889563082982,42.68301981741132],[43.011049673286095,42.75142932132911],[43.07351052468914,42.80794152021775],[42.954537474397455,42.83768478279063],[42.85935903416407,42.846607761562495],[42.82069279281933,42.76927527887284],[42.72372975683152,42.731203902779555],[42.61665401156864,42.7561882433406],[42.58453128798993,42.80615692446321],[42.56311613893746,42.888248329164526],[42.59523886251617,42.95606296783086],[42.59523886251617,43.04886194705841],[42.596521687231245,43.08478103907953],[42.598808054024914,43.148799309303286],[42.5167166493236,43.20590637344344],[42.495301500271125,43.2915669696535],[42.50600907479736,43.3879351403898],[42.416779287078555,43.48450159954325],[42.35431843567534,43.55291110346104],[42.276985952985854,43.60050032357765],[42.18180751275247,43.63916656492256],[42.122320987606486,43.674858480010016],[42.07175744123259,43.73137067889866],[42.065808788718016,43.78490855152984],[42.10150070380547,43.820600466617464],[42.14908992392208,43.859266707962206],[42.22047375409721,43.889009970535085],[42.27996027924314,43.874138339248645],[42.330523825617036,43.88306131802051],[42.36324141444737,43.92172755936548],[42.401907655792115,43.97526543199666],[42.52682935859838,43.98716273702581],[42.58334155748702,44.02880330462801],[42.70068359375034,44.095275878906705],[42.837893992315,44.118197214778036],[42.8588867187504,44.1217041015629],[42.9315185546879,44.1348876953129],[43.03027343750034,44.161071777344205],[43.12908935546909,44.161071777344205],[43.1621093750004,44.27307128906284],[43.24127197265665,44.29949951171915],[43.29388427734409,44.378723144531705],[43.2611083984379,44.50390625000034],[43.24792480468784,44.61590576171915],[43.287475585937955,44.688476562500455],[43.44549560546909,44.7147216796879],[43.59051513671915,44.7147216796879],[43.616882324219205,44.5302734375004],[43.649902343750455,44.411682128906705],[43.51147460937534,44.358886718750455],[43.471923828125455,44.279724121094205],[43.5706787109379,44.194091796875455],[43.636718750000455,44.194091796875455],[43.6696777343754,44.14147949218784],[43.77508544921909,44.115112304687955],[44.11132812500034,44.14147949218784],[44.26287841796915,44.1875000000004],[44.31549072265665,44.101928710937955],[44.65167236328176,44.06231689453159],[45.02728271484409,44.06231689453159],[45.27130126953165,44.0490722656254],[45.42291259765665,44.10852050781284],[45.416320800781705,44.1875000000004],[45.26470947265659,44.24029541015659],[45.1392822265629,44.25347900390659],[45.16571044921909,44.358886718750455],[45.185485839844205,44.50390625000034],[45.19873046875034,44.65209960937534],[45.19207763671909,44.7476806640629],[45.205322265625455,44.85308837890676],[45.20148280895319,44.912203822906974],[45.20147705078165,44.91229248046915],[45.22113037109432,44.90069580078182],[45.39312744140682,45.00653076171932],[45.60467529296932,44.99328613281301]]],[[[47.85108483200031,43.99921295800027],[47.86207116000037,43.994330145000276],[47.86695397200026,43.99144114800026],[47.86687259200028,43.98379140800023],[47.85046439569231,43.97504765119788],[47.81777979471923,43.9576303679861],[47.78939475083871,43.942504273937914],[47.762950066000315,43.928412177000325],[47.74626712300028,43.92694733300027],[47.70980879000024,43.93577708500027],[47.69418379000024,43.93675364800015],[47.68409264400037,43.93952057500019],[47.680186394000316,43.95140208500021],[47.67359459700032,43.95107656500028],[47.65577233200031,43.94318268400025],[47.64283287900042,43.94440338700025],[47.63298587300034,43.952541408000286],[47.62818444100043,43.96259186400016],[47.63738040500027,43.9813500020004],[47.64803597431484,43.986968671465036],[47.665700717000334,43.99628327000016],[47.6999361874756,43.99576197933834],[47.72812626452247,43.9953327396135],[47.75344534998004,43.9949472154002],[47.77411469517119,43.99463249103724],[47.780609571000184,43.99453359600017],[47.79095589815836,43.99602634963213],[47.81332441500035,43.99925364800026],[47.83855228000027,44.00063711100023],[47.85108483200031,43.99921295800027]]]]}},{"type":"Feature","properties":{},"geometry":{"type":"Polygon","coordinates":[[[38.346110859071814,46.63496820097447],[38.31755732700185,46.589758441863694],[38.31755732700185,46.53978976074126],[38.37228493013595,46.55406652677624],[38.441289299305026,46.55644598778207],[38.52694989551492,46.56120490979373],[38.62432861328182,46.57012939453176],[39.13848876953176,46.58331298828182],[39.67889404296932,46.556884765625625],[40.06127929687551,46.556884765625625],[40.39068603515676,46.491088867188125],[40.54888916015682,46.411926269531875],[40.65442299530372,46.3907901807608],[40.812500000000625,46.35913085937568],[41.09364551429371,46.388750364861494],[41.09364595811218,46.3887463070908],[41.00952148437523,46.379882812500284],[40.842285156250284,46.309692382812784],[40.65771484375017,46.230712890625284],[40.60491943359392,46.05932617187517],[40.624694824218864,45.88787841796892],[40.70367431640642,45.80889892578142],[40.81591796875023,45.762695312500284],[40.98052978515648,45.78247070312523],[41.09930419921892,45.729675292969034],[41.184875488281534,45.63751220703148],[41.19812011718773,45.57812500000017],[41.105895996094034,45.53869628906273],[41.09930419921892,45.45947265625017],[41.171691894531534,45.36071777343773],[41.22448730468773,45.334289550781534],[41.349670410156534,45.32769775390642],[41.46832275390642,45.31451416015642],[41.586914062500284,45.27508544921898],[41.71228027343767,45.16290283203142],[41.81109619140642,45.08392333984392],[41.80450439453148,45.01147460937523],[41.751708984375284,44.93231201171892],[41.751708984375284,44.84667968750023],[41.82427978515642,44.76751708984392],[41.850524902344034,44.66870117187517],[41.929687500000284,44.61590576171898],[41.92309570312523,44.53692626953148],[41.929687500000284,44.43127441406273],[42.081298828125284,44.40509033203142],[42.26568603515648,44.358886718750284],[42.316524490315715,44.334382478793486],[42.443725585937784,44.273071289062614],[42.58227539062523,44.161071777344034],[42.70068359375034,44.095275878906705],[42.58334155748702,44.02880330462801],[42.52682935859838,43.98716273702581],[42.401907655792115,43.97526543199666],[42.36324141444737,43.92172755936548],[42.330523825617036,43.88306131802051],[42.27996027924314,43.874138339248645],[42.22047375409721,43.889009970535085],[42.14908992392208,43.859266707962206],[42.10150070380547,43.820600466617464],[42.065808788718016,43.78490855152984],[42.07175744123259,43.73137067889866],[42.122320987606486,43.674858480010016],[42.18180751275247,43.63916656492256],[42.276985952985854,43.60050032357765],[42.35431843567534,43.55291110346104],[42.416779287078555,43.48450159954325],[42.50600907479736,43.3879351403898],[42.495301500271125,43.2915669696535],[42.5167166493236,43.20590637344344],[42.598808054024914,43.148799309303286],[42.596521687231245,43.08478103907953],[42.59523886251617,43.04886194705841],[42.59523886251617,42.95606296783086],[42.56311613893746,42.888248329164526],[42.58453128798993,42.80615692446321],[42.61665401156864,42.7561882433406],[42.545257788367394,42.7582727503256],[42.466735575174994,42.78325709088699],[42.26329165917599,42.8724868786058],[42.07055531770334,42.9510090917982],[41.84569625265203,43.025962113482024],[41.58157608100436,43.10091513516585],[41.378132165005525,43.175868156849674],[41.206810972585345,43.21869845495462],[41.0676125037441,43.26509794456848],[40.946259992446414,43.33410231373756],[40.81241531086829,43.384665860111625],[40.69455214218527,43.44859164651609],[40.63693006168796,43.479844300345064],[40.60856418476857,43.50336722266843],[40.51498268513876,43.58097139309302],[40.3900609823325,43.702918769642],[40.26216495326895,43.845686429992156],[40.056936441515745,43.946813522740115],[39.887399844849995,44.05686359425994],[39.56736233956508,44.22996938243449],[39.347262196525435,44.3429937802116],[39.133110706000366,44.41140328412939],[38.84757538530016,44.548222291964976],[38.56204006460001,44.64637505845565],[38.35978587910387,44.690989952314965],[38.1456343885788,44.75642512997547],[37.76289808579037,44.86389745207231],[37.598715276387736,44.87341529609563],[37.429773544973386,44.88055367911312],[37.30699775196223,44.88725054055027],[37.31128991000014,44.890855210000154],[37.30600019600013,44.90965403900026],[37.28711998800014,44.9281680360001],[37.2360119458599,44.96191244838394],[37.191905144000145,44.99103424700007],[37.17947629808947,44.99433445307898],[37.16570071700028,44.99799225500021],[37.15219160200013,44.999701239000046],[37.135020379000196,45.004055080000114],[37.12012780000015,45.0094668640001],[37.1133454168604,45.01452491298613],[37.10572350400008,45.02020905200021],[37.09128347191324,45.02412579232799],[37.08064477082797,45.027011452783825],[37.06836998800014,45.030340887000136],[37.05181750708073,45.038897000593806],[37.03467858200014,45.047756252000056],[36.949961785000255,45.0656192080001],[36.91103352700674,45.0811184218735],[36.84009850400014,45.10936107000015],[36.79908287900014,45.11469147300005],[36.77849368600022,45.11261627800019],[36.74154707100024,45.10321686399999],[36.719981316000144,45.10101959800011],[36.70167076900009,45.10382721600007],[36.69277407327934,45.107447126509726],[36.641368035000255,45.128363348000164],[36.58619225400014,45.17234935100009],[36.58318118600022,45.18024323100008],[36.577321811000104,45.19415924700007],[36.58619225400014,45.20282623900022],[36.594737175000034,45.204820054000095],[36.61656274397336,45.204431444690385],[36.64323814391935,45.20395648301701],[36.679326723213535,45.203313917505454],[36.70671634200022,45.20282623900022],[36.72966556100022,45.20628489800015],[36.75330095055966,45.21807523707497],[36.785411004000196,45.2306989600001],[36.8097106497475,45.231404134473905],[36.8298445970002,45.2306989600001],[36.84083092500009,45.23285553600016],[36.854502800000205,45.24225495000019],[36.875173373000166,45.2457949890001],[36.90150289707725,45.255534772311194],[36.93523196700022,45.268011786000045],[36.952972852000244,45.27716705900025],[36.96168053500014,45.28294505400021],[36.96802819100026,45.29096100500021],[36.97038821700028,45.30304596600013],[36.966156446000184,45.31159088700008],[36.95679772200015,45.31801992400011],[36.94727623800014,45.320217190000164],[36.9431258470002,45.31639232000009],[36.92018539603117,45.312792750290555],[36.8694953988707,45.304839019189274],[36.7888289720002,45.292181708000044],[36.778005405000215,45.30060455900019],[36.771491652004045,45.31143023307328],[36.766449415000125,45.319810289000145],[36.75847415500016,45.34076569200005],[36.75806725400014,45.35423411700003],[36.77572675900018,45.36481354400007],[36.78695722700019,45.34857819200022],[36.791536016988914,45.334674886823734],[36.79476972700013,45.324855861000174],[36.80250084700015,45.312689520000276],[36.81218509200022,45.31639232000009],[36.8122664720002,45.32562897300005],[36.809825066000144,45.33698151200008],[36.81218509200022,45.34739817899998],[36.819021030000215,45.35260651200025],[36.8286238940002,45.35675690300019],[36.847504102000244,45.361070054000095],[36.847504102000244,45.36733633000006],[36.83455345101004,45.367458836274864],[36.81739342500015,45.3676211610001],[36.80591881600026,45.37075429900017],[36.79478088047597,45.37848380273806],[36.78158613400012,45.38764069200016],[36.7700301440002,45.387884833000044],[36.7619434630671,45.38494422161489],[36.75557937325982,45.383205961466615],[36.747569207000254,45.3815371770001],[36.73483639581673,45.375249369127516],[36.727793816000144,45.37177155200004],[36.71584737914225,45.359678532870134],[36.687998894000145,45.331488348000164],[36.66814212300005,45.32636139500005],[36.6665145190002,45.34039948100019],[36.68189537900025,45.36619700700021],[36.7050887380002,45.39101797100011],[36.833262566000144,45.44301992400017],[36.84052701011535,45.438505297711],[36.84766686300014,45.43406810100015],[36.855876045385514,45.43282770241967],[36.862478061000104,45.43183014500022],[36.86681043113316,45.43184142718519],[36.878103061000104,45.43187083500021],[36.88583991552031,45.43102748154877],[36.895274285000085,45.42999909100024],[36.93140128589175,45.41394264618299],[36.94835678535202,45.406406868656006],[37.00187258052193,45.38262207083744],[37.040850359555805,45.3652986135142],[37.06666100400014,45.353827216000184],[37.10873457100013,45.3424746770001],[37.1315210300001,45.34056224200009],[37.139414910000085,45.33551666900013],[37.1315210300001,45.32477448100019],[37.1191512380002,45.314886786000216],[37.1137801440002,45.312689520000276],[37.11101321700016,45.30304596600013],[37.108946568929525,45.28959208558774],[37.10694420700014,45.2765567080001],[37.10694420700014,45.271673895000106],[37.097666863000256,45.26845937700023],[37.08174991970742,45.26685285307639],[37.07146243600022,45.26581452000016],[37.06592858200008,45.261460679000095],[37.06714928500014,45.25071849200009],[37.0710555350002,45.24331289300005],[37.078379754000196,45.238959052000155],[37.089854363000256,45.23753489800009],[37.11247806100022,45.23932526200008],[37.12785250546159,45.242539316309035],[37.156155275179515,45.2484560594599],[37.16911868600022,45.251166083000044],[37.20444390280295,45.2513546512908],[37.21485436300014,45.251410223000164],[37.228720065421044,45.253912304688185],[37.23650149800022,45.25531647300011],[37.24537194100026,45.26829661700009],[37.25440514400026,45.27692291900007],[37.283345462235104,45.2745778804055],[37.319183790000125,45.271673895000106],[37.302744988000086,45.2863223330001],[37.27426191500018,45.29413483300027],[37.250163006852574,45.296438907056654],[37.2168074880002,45.29962799700024],[37.193002491242,45.298927850181315],[37.18775475400014,45.29877350500021],[37.173675977000244,45.30011627800019],[37.16228274800022,45.306463934000135],[37.153005405000044,45.320461330000114],[37.1589461600002,45.32607656500011],[37.18803873760777,45.326327471206696],[37.26083867306761,45.32695532742116],[37.282624511910626,45.32714321734471],[37.3476668630002,45.3277041690003],[37.37045332100013,45.32221100500004],[37.3813582690002,45.306463934000135],[37.393809441000144,45.31732819200022],[37.413179491222024,45.3199066728252],[37.4314070970002,45.32233307500019],[37.44211095122205,45.32768500211108],[37.446787957000254,45.33002350500021],[37.45413836196923,45.33582763583712],[37.46596099456019,45.34324166577164],[37.4909196234708,45.3547189912382],[37.50473066500024,45.361070054000095],[37.5192977220002,45.369289455000114],[37.5188094410002,45.36041901200008],[37.50473066500024,45.33380768400019],[37.51579837300011,45.33637116100016],[37.51930597571396,45.33791700166097],[37.53250707590121,45.34373487760104],[37.54265384200016,45.34739817899998],[37.561187194060324,45.344646303535455],[37.5737410820002,45.34170156500011],[37.5839949880002,45.34056224200009],[37.59471139522617,45.33581408527573],[37.6008406910002,45.33136627800019],[37.607676629000196,45.32241445500017],[37.607920769000145,45.312689520000276],[37.6008406910002,45.306870835000154],[37.589121941000144,45.30312734600011],[37.56674238400018,45.29962799700024],[37.591075066000144,45.289374091000184],[37.609548373000166,45.296820380000156],[37.6237899100002,45.314276434000135],[37.630298383092224,45.32551408534067],[37.635101759000065,45.33380768400019],[37.63786868600016,45.32851797100017],[37.6423445970002,45.32147858300016],[37.64747155000015,45.31533437700017],[37.65162194100026,45.312689520000276],[37.66179446700011,45.31232330900008],[37.67107181100016,45.30927155200027],[37.68250494552103,45.30664502108897],[37.69642794988363,45.303446493050046],[37.71021569100009,45.30027903900026],[37.72046959700015,45.29962799700024],[37.7292586600002,45.301662502000056],[37.73601321700011,45.3061384140002],[37.7382918630002,45.31069570500006],[37.7292586600002,45.31533437700017],[37.724197962335154,45.3198143389904],[37.71856222136955,45.32480335571938],[37.714366082000254,45.32851797100017],[37.71029707100007,45.33380768400019],[37.70622806100022,45.337307033000116],[37.70183353000016,45.337469794000185],[37.6998804050001,45.33917877800019],[37.70289147200026,45.34739817899998],[37.706390821000184,45.3512637390001],[37.7153426440002,45.354722398000206],[37.71705162900014,45.35765208500004],[37.72046959700015,45.35700104400007],[37.72762544388746,45.36442949429511],[37.737559441000144,45.37474192900004],[37.742198113000086,45.3827578800001],[37.74398847700007,45.389553127000056],[37.74773196700022,45.39398834800011],[37.75806725400014,45.39520905200004],[37.75806725400014,45.40204498900016],[37.747406446000184,45.39907461100023],[37.729828321000184,45.39081452000005],[37.71705162900014,45.38898346600007],[37.72348066500024,45.41461823100002],[37.717539910000085,45.42666250200011],[37.7076929050001,45.43691640800017],[37.70289147200026,45.45726146000004],[37.71509850400025,45.45449453300017],[37.729784227533514,45.44800992795581],[37.73389733200014,45.44619375200023],[37.744395379000196,45.44301992400017],[37.744395379000196,45.45042552300015],[37.72836347700013,45.4574649110001],[37.71332424458427,45.468936598392816],[37.6997176440002,45.47931549700007],[37.68604576900026,45.48403554900017],[37.68702233200014,45.49384186399999],[37.70264733200031,45.54315827000016],[37.6997176440002,45.56281159100013],[37.69263756600026,45.56818268400019],[37.68829845843436,45.57036740944875],[37.681000196000184,45.574042059000135],[37.67684722938475,45.5756404050631],[37.6686304050001,45.578802802000155],[37.6587020190002,45.580796617000146],[37.64942467500015,45.58494700700004],[37.64275149800022,45.60350169500009],[37.635101759000065,45.60809967700004],[37.62305748800014,45.60138580900019],[37.623301629000196,45.5858828800001],[37.63640384200011,45.570990302000155],[37.66244550900018,45.56655508000017],[37.66244550900018,45.55906810100021],[37.64283287900008,45.55377838700019],[37.635101759000065,45.55288320500006],[37.635101759000065,45.54539622600009],[37.64340254000024,45.53465403900026],[37.64665774800011,45.52708567900021],[37.64820397200015,45.51813385600019],[37.6491805350002,45.51829661700003],[37.651540561000104,45.5163434920002],[37.65503991000014,45.50820547100017],[37.65308678500014,45.50438060100004],[37.64421634200011,45.5050723330001],[37.641937696000184,45.50446198100025],[37.641620687124316,45.49096646131534],[37.640798373000166,45.45595937700023],[37.619151238000256,45.41840241100016],[37.60824629000018,45.41583893400025],[37.5942488940002,45.4225528020001],[37.586273634000065,45.43244049700013],[37.58643639400026,45.443508205000114],[37.5942488940002,45.477118231000134],[37.59392337300022,45.508856512000136],[37.588701738240786,45.54867835173218],[37.58619225400008,45.567816473000164],[37.58741295700014,45.60065338700019],[37.59506269600024,45.63532135600008],[37.607920769000145,45.66274648600012],[37.626475457000254,45.66828034100013],[37.634776238000256,45.66071198100025],[37.631114129000196,45.64899323100019],[37.61459394600013,45.64227936400022],[37.641937696000184,45.6354434270001],[37.65251712300022,45.62396881700016],[37.66292277030976,45.61588832567628],[37.67090905000009,45.60968659100007],[37.67888431100016,45.61078522300005],[37.682302280000044,45.62799713700025],[37.69056068780179,45.62580613116586],[37.69825280000015,45.6237653670002],[37.70289147200026,45.621771551999984],[37.70069420700008,45.63467031500011],[37.69385826900026,45.63914622600015],[37.68482506600026,45.64191315300019],[37.67603600400014,45.64911530200004],[37.66684004000024,45.66376373900016],[37.674001498000166,45.67194245000019],[37.704429431204176,45.689862348802194],[37.739234106027425,45.71035983860827],[37.7636824880002,45.72475820500023],[37.78745440998898,45.73549222299539],[37.800629102000244,45.74144114800009],[37.81641686300014,45.74461497600015],[37.829437696000184,45.75315989799998],[37.84310957100013,45.77260976800011],[37.8610945970002,45.80609772300005],[37.87484785200013,45.84100983300016],[37.888547897238254,45.89632273937974],[37.90202884200022,45.95075104400007],[37.91439262722287,45.98087646156699],[37.918711785000255,45.991400458000044],[37.931601321741994,46.00882338673483],[37.940114780000215,46.02033112200013],[37.97185306100016,46.04002513200021],[38.014780281352216,46.05077017034745],[38.0378524100002,46.05654531500005],[38.06293084531313,46.0581750294383],[38.09107506600026,46.06000397300005],[38.09750410200019,46.0578067080001],[38.0879012380002,46.0529645850001],[38.07040463911329,46.046795465910066],[38.05826805006984,46.04251623063459],[38.047048373000166,46.0385602890002],[38.0398055350002,46.0338809270001],[38.0324813160002,46.02521393400019],[38.04760169919052,46.030244897884984],[38.054860873000166,46.032660223000164],[38.06625410200019,46.03253815300019],[38.0739852220002,46.02521393400019],[38.0722762380002,46.01373932500019],[38.061590851335495,46.00290784892343],[38.05144290500016,45.992621161000045],[38.04607181100016,45.98143138200015],[38.04184004000024,45.96108633000006],[38.046153191000144,45.95359935100009],[38.06348717500015,45.95075104400007],[38.07797285200007,45.95209381700022],[38.0808211600002,45.929632880000156],[38.073008660000255,45.90875885600019],[38.0546981130002,45.88922760600008],[38.01531009200016,45.857611395000106],[38.00123131600026,45.83258698100008],[38.01449629000018,45.81842682500019],[38.0395613940002,45.81606679900028],[38.06031334700026,45.82660553600016],[38.0468856130002,45.84088776200025],[38.049815300000205,45.85488515800006],[38.0739852220002,45.881822007000096],[38.09652754000018,45.94025299700019],[38.09750410200019,45.95075104400007],[38.10865319100026,45.956610419000185],[38.10999919917168,45.95820275537176],[38.1211043630002,45.97134023600012],[38.12590001175545,45.980235390842154],[38.131195509000065,45.990057684000135],[38.13892662900025,46.03009674700019],[38.1471460300001,46.040472723000164],[38.156260613000256,46.04775625200017],[38.1627710300001,46.06000397300005],[38.1621199880002,46.10195547100017],[38.1674910820002,46.12051015800017],[38.18669681100022,46.12824127800019],[38.20728600400014,46.13178131700005],[38.22754967500015,46.13816966400009],[38.24878991000014,46.141546942000105],[38.27198326900026,46.13568756700016],[38.29670216538142,46.1137574693077],[38.31959069100026,46.0934512390001],[38.35450280000009,46.0824649110001],[38.39331577459245,46.05682062386114],[38.409190300000034,46.04633209800011],[38.42741946700011,46.038275458000214],[38.445811394000145,46.03424713700002],[38.454458079693495,46.03386566558663],[38.472300801623646,46.03307848670721],[38.48178144600024,46.032660223000164],[38.492442254000196,46.0336367860001],[38.525889519000145,46.03880442900015],[38.539073113000256,46.03359609600011],[38.54997806100016,46.03119538000021],[38.559906446000184,46.032660223000164],[38.56674238400018,46.04328034100013],[38.573496941000144,46.06419505400021],[38.57601972700013,46.087347723000164],[38.5708113940002,46.104681708000044],[38.55681399800011,46.1151797550001],[38.3000594410002,46.21865469000022],[38.28532962300022,46.23212311400016],[38.27947024800005,46.25551992400011],[38.27125084700026,46.27415599200003],[38.2524520190002,46.28827545800016],[38.217295769000145,46.30573151200008],[38.206393709715826,46.314020836386646],[38.18286847378516,46.331908127843406],[38.14068526522374,46.36398191228244],[38.12289472700019,46.37750885600008],[38.10575588191091,46.3867115849269],[38.09063176695156,46.3948325014473],[38.08765709700015,46.39642975500004],[38.06788170700014,46.40143463700008],[38.011141671924236,46.402152865655296],[37.9907332690002,46.40241120000013],[37.98064212300028,46.4003360050001],[37.974945509000236,46.394273179000095],[37.97779381600026,46.38214752800019],[38.018728061000104,46.368475653000246],[37.99537194100009,46.354437567000105],[37.97095787900014,46.36180247600015],[37.94050213514407,46.38455028457719],[37.90503991000014,46.41103750200011],[37.888466014835046,46.428268582452404],[37.879369960370184,46.43772531213011],[37.86296634200022,46.45477936400022],[37.85059655000009,46.464056708000044],[37.82732181100022,46.476507880000156],[37.80686441733741,46.52431501234673],[37.80209394600013,46.538804429000095],[37.77654056100016,46.58690013200021],[37.76775149800011,46.617621161000045],[37.7551375660002,46.64594147300005],[37.73072350400025,46.66266510600008],[37.73072350400025,46.670111395000106],[37.73536217500009,46.6696231140001],[37.736582879000196,46.67121002800013],[37.736520861972224,46.673163545711645],[37.737559441000144,46.67633698100025],[37.75075884579849,46.670717606019934],[37.781800242426925,46.65565751453602],[37.81039472700013,46.63959381700016],[37.83887267726277,46.62795885686097],[37.852224155000215,46.62250397300011],[37.88160241000014,46.62913646000004],[37.92465254000018,46.615545966000184],[37.949701173432516,46.616395072225544],[37.98226972700013,46.61749909100007],[38.03679446700011,46.62946198100008],[38.07032311300014,46.64594147300005],[38.103688998000166,46.67597077000005],[38.12330162900008,46.686468817000105],[38.16029137650901,46.691069430818345],[38.19434655000015,46.69212474200009],[38.2033486654891,46.694000182535035],[38.213877800000034,46.69619375200011],[38.23096764400026,46.70429108300016],[38.238266755117024,46.71000385395598],[38.27173912900014,46.7323672550001],[38.27995853000016,46.7257754580001],[38.289317254000196,46.711086330000114],[38.29004967500009,46.706122137000136],[38.2956909552791,46.698436915241416],[38.306895379000196,46.68317291900007],[38.31364993600016,46.67633698100025],[38.3430756387944,46.67051952280559],[38.346110859071814,46.63496820097447]]]}},{"type":"Feature","properties":{},"geometry":{"type":"Polygon","coordinates":[[[43.48449707031364,45.76690673828227],[43.56048583984443,45.74652099609443],[43.666870117188296,45.71807861328193],[43.66695710942747,45.718043982283405],[43.71807861328199,45.69769287109443],[43.74572753906318,45.686523437500796],[43.94383590289931,45.59170335968639],[43.94848632812574,45.589477539063296],[44.08414545440553,45.52454406959191],[44.08428955078199,45.5244750976571],[44.16748046875074,45.44689941406324],[44.178401005715955,45.43657238454193],[44.17871093750074,45.436279296875796],[44.242492675782046,45.37670898437574],[44.30267333984443,45.35308837890699],[44.32647705078193,45.34368896484443],[44.359638924525825,45.33073067419167],[44.43347167968835,45.30187988281335],[44.50056161410197,45.275420434189925],[44.55310058593818,45.254699707032046],[44.612915039063296,45.23132324218818],[44.68188476562574,45.19567871093818],[44.83630371093835,45.11572265625085],[44.95727539062568,45.053100585938296],[44.98010253906335,45.041320800782046],[44.996276855469546,45.032897949219546],[45.02752685546949,45.01470947265699],[45.04711825469616,45.00314925743419],[45.10448076328214,44.969301601260895],[45.12951660156324,44.954528808594546],[45.20147705078165,44.91229248046915],[45.20148280895319,44.912203822906974],[45.205322265625455,44.85308837890676],[45.19207763671909,44.7476806640629],[45.19873046875034,44.65209960937534],[45.185485839844205,44.50390625000034],[45.16571044921909,44.358886718750455],[45.1392822265629,44.25347900390659],[45.26470947265659,44.24029541015659],[45.416320800781705,44.1875000000004],[45.42291259765665,44.10852050781284],[45.27130126953165,44.0490722656254],[45.02728271484409,44.06231689453159],[44.65167236328176,44.06231689453159],[44.31549072265665,44.101928710937955],[44.26287841796915,44.1875000000004],[44.11132812500034,44.14147949218784],[43.77508544921909,44.115112304687955],[43.6696777343754,44.14147949218784],[43.636718750000455,44.194091796875455],[43.5706787109379,44.194091796875455],[43.471923828125455,44.279724121094205],[43.51147460937534,44.358886718750455],[43.649902343750455,44.411682128906705],[43.616882324219205,44.5302734375004],[43.59051513671915,44.7147216796879],[43.44549560546909,44.7147216796879],[43.287475585937955,44.688476562500455],[43.24792480468784,44.61590576171915],[43.2611083984379,44.50390625000034],[43.29388427734409,44.378723144531705],[43.24127197265665,44.29949951171915],[43.1621093750004,44.27307128906284],[43.12908935546909,44.161071777344205],[43.03027343750034,44.161071777344205],[42.9315185546879,44.1348876953129],[42.8588867187504,44.1217041015629],[42.837893992315,44.118197214778036],[42.70068359375034,44.095275878906705],[42.58227539062523,44.161071777344034],[42.443725585937784,44.273071289062614],[42.316524490315715,44.334382478793486],[42.26568603515648,44.358886718750284],[42.081298828125284,44.40509033203142],[41.929687500000284,44.43127441406273],[41.92309570312523,44.53692626953148],[41.929687500000284,44.61590576171898],[41.850524902344034,44.66870117187517],[41.82427978515642,44.76751708984392],[41.751708984375284,44.84667968750023],[41.751708984375284,44.93231201171892],[41.80450439453148,45.01147460937523],[41.81109619140642,45.08392333984392],[41.71228027343767,45.16290283203142],[41.586914062500284,45.27508544921898],[41.46832275390642,45.31451416015642],[41.349670410156534,45.32769775390642],[41.22448730468773,45.334289550781534],[41.171691894531534,45.36071777343773],[41.09930419921892,45.45947265625017],[41.105895996094034,45.53869628906273],[41.19812011718773,45.57812500000017],[41.184875488281534,45.63751220703148],[41.09930419921892,45.729675292969034],[40.98052978515648,45.78247070312523],[40.81591796875023,45.762695312500284],[40.70367431640642,45.80889892578142],[40.624694824218864,45.88787841796892],[40.60491943359392,46.05932617187517],[40.65771484375017,46.230712890625284],[40.842285156250284,46.309692382812784],[41.00952148437523,46.379882812500284],[41.09364595811218,46.3887463070908],[41.09364551429371,46.388750364861494],[41.56390380859443,46.43829345703193],[41.99379429423766,46.42805571228024],[42.117492675782046,46.4251098632821],[42.447082519532046,46.33288574218824],[42.53930664062568,46.18792724609449],[42.6710815429696,46.08227539062574],[42.68133027041762,46.070744830445506],[42.732363998474966,46.01332819256737],[42.776489257813296,45.963684082032046],[42.86684534992122,45.908112511138086],[42.94787597656318,45.85827636718818],[43.00369581614132,45.85099551854756],[43.233366487171,45.82103847450037],[43.23406878302944,45.82094687069281],[43.42572021484449,45.782470703125796],[43.48449707031364,45.76690673828227]]]}},{"type":"Feature","properties":{},"geometry":{"type":"Polygon","coordinates":[[[43.930316933098425,41.039948312373895],[43.89612459588352,40.99891750771582],[43.848535375766744,40.9560872096107],[43.791428311626646,40.89660068446477],[43.75097747452753,40.7942838612139],[43.72718286446906,40.71576164802133],[43.7224239424574,40.6324805128171],[43.705767715416584,40.55395829962447],[43.65579903429398,40.49447177447854],[43.62248658021235,40.42784686631512],[43.634383885241505,40.373119263181025],[43.66293741731147,40.3374273480934],[43.67007580032913,40.28983812797679],[43.67959364435245,40.232731063836695],[43.710526637428245,40.18752130472575],[43.7485980135217,40.161347233661616],[43.793807772632476,40.12565531857399],[43.82236130470261,40.092342864492366],[43.80570507766163,40.05665094940474],[43.75097747452753,40.04475364437559],[43.68911148837577,40.05665094940474],[43.57727682110135,40.09948124750986],[43.4844778418738,40.12565531857399],[43.3881096711375,40.154208850644125],[43.313156649453674,40.15777804215287],[43.22392686173487,40.13279370159148],[43.15611222306853,40.10067097801277],[43.08115920138471,40.08639421197779],[43.01691375422712,40.08639421197779],[42.94909911556073,40.12565531857399],[42.863438519350666,40.114947744047754],[42.777777923140604,40.10067097801277],[42.69211732693054,40.1185169355565],[42.6492870288256,40.22202348931046],[42.58147239015926,40.28626893646788],[42.50295017696669,40.343376000607975],[42.43156634679161,40.40405225625682],[42.36018251661653,40.47186689492315],[42.27809111191516,40.518266384536844],[42.19599970721384,40.46829770341441],[42.11033911100378,40.44331336285319],[42.01754013177623,40.45045174587068],[41.942587110092404,40.48971285246688],[41.878341662934815,40.53611234208057],[41.84978813086468,40.60749617225565],[41.846218939355936,40.69315676846594],[41.85335732237343,40.775248173167256],[41.8355113648297,40.82521685428969],[41.78554268370726,40.92158502502616],[41.76412753465462,40.97869208916609],[41.707644275156895,41.0761953271122],[41.76353266940316,41.0589988981132],[41.98065848618569,41.04710159308388],[42.12640047279314,41.041152940569305],[42.272142459400584,41.053050245598456],[42.420858772265376,41.12145974951625],[42.48926827618317,41.180946274662176],[42.50116558121232,41.261253083609176],[42.492242602440456,41.433764006532215],[42.492242602440456,41.52299379425102],[42.50574845471539,41.561710570772846],[42.88530174961954,41.406155941713735],[42.93802817567985,41.28752148307774],[43.096207453860984,41.31388469610795],[43.26097753529979,41.208431843987285],[43.51142805908654,41.07002497557869],[43.72464116191361,41.058602845070254],[43.88051304150929,41.05025256580609],[43.930316933098425,41.039948312373895]]]}},{"type":"Feature","properties":{},"geometry":{"type":"Polygon","coordinates":[[[67.82738317205661,40.05927529820326],[68.06082973340045,39.821339379910285],[68.17755301407249,39.74950966872751],[68.52772285608825,39.67767995754491],[68.9048288397978,39.668701243647035],[69.521885020404,39.677911037387446],[69.80718958653102,39.682169314493706],[69.81051789528743,39.721276942381564],[69.8449824746192,39.72220570941039],[70.59633404597952,39.68266088986519],[70.62736593240959,39.66455895611432],[70.62192349457996,39.610134577818144],[70.59693915401874,39.570873471221944],[70.59444656725367,39.56976342250647],[70.36077764919008,39.465701294764244],[70.31616275533077,39.43893235844865],[70.16744644246637,39.36159987575917],[70.0633450234613,39.296164698098835],[69.94437197316978,39.24560115172494],[69.84919353293657,39.20098625786562],[69.68263126252845,39.19206327909376],[69.55473523346507,39.14744838523444],[69.39412161557152,39.04929561874394],[69.15776182232571,39.00864649322767],[69.02213254499338,39.022923259262654],[68.84724216106486,38.990800535683945],[68.65807501110135,38.93369347154402],[68.41536998850665,38.9087091309828],[68.22620283854314,38.905139939474054],[68.11198871026329,38.96224700361398],[67.99063619896594,39.03363083378889],[67.79928787641376,39.03739831371479],[67.68031482612224,39.03739831371479],[67.52564986074327,39.0344239874575],[67.3947795054226,39.06119292377309],[67.3709848953643,39.12960242769071],[67.40965113670904,39.17719164780732],[67.47508631436938,39.21883221540935],[67.46616333559751,39.269395761783244],[67.35016461156329,39.29319037184155],[67.18657666741245,39.296164698098835],[67.04083468080535,39.281293066812395],[66.88616971542638,39.269395761783244],[66.71663311876097,39.269395761783244],[66.55601950086742,39.28724171932697],[66.46084106063421,39.33483093944358],[66.39243155671659,39.41811207464764],[66.4370464505759,39.49841888359441],[66.49355864946438,39.54600810371102],[66.55007084835285,39.6233405864005],[66.57089113215386,39.6976987428327],[66.54709652209556,39.828569098153366],[66.58873708969759,39.899952928328275],[66.73092227782212,39.984126361409494],[66.83442883157574,40.04837180856691],[66.89332049147004,40.096555893934976],[66.94507376834684,40.082279127899994],[67.0200267900305,40.0555101915844],[67.06821087539856,40.02695665951444],[67.12531793953849,39.99483393593573],[67.16279445038032,40.0162490849882],[67.1574406631172,40.07157155337376],[67.1378101098191,40.134032404776804],[67.18777879094154,40.18221649014487],[67.24376676869662,40.24333893310893],[67.58495789681484,40.189466649721965],[67.82738317205661,40.05927529820326]]]}},{"type":"Feature","properties":{},"geometry":{"type":"Polygon","coordinates":[[[73.66257240683206,42.06925020468998],[73.71631735422204,41.94976439785279],[73.71732246861853,41.94719577217319],[73.7430862905378,41.88135489393534],[73.7744384754701,41.847763267222376],[73.81576139205089,41.80348871374275],[73.84711963305017,41.76989059838661],[73.89288835766666,41.72085267915446],[73.90964856094593,41.702895318498065],[74.01672430620829,41.676126382182474],[74.13272303024235,41.714792623527046],[74.1862609028737,41.69694666598349],[74.21191058527592,41.657047160024206],[74.21302983918912,41.65530609838129],[74.20708118667471,41.60176822575028],[74.1684149453298,41.53633304808977],[74.08810813638303,41.50064113300232],[74.06688868250546,41.49695079319753],[74.01969863246558,41.48874382797334],[73.9572861711415,41.468391938411116],[73.88287962463016,41.44412893411385],[73.78730671318442,41.41758090315682],[73.77580387936797,41.41438567154114],[73.69847139667849,41.36084779890996],[73.66585491433841,41.35015387027386],[73.61557032767371,41.333667120547716],[73.55172311764596,41.31273360906329],[73.51703749498392,41.3013612737642],[73.47543031698018,41.275472363006486],[73.42727142333547,41.245506829183114],[73.38319281340597,41.21808013856014],[73.37270004368298,41.15862111013024],[73.3566780632409,41.06782988762478],[73.35642387709038,41.06638949943846],[73.37531523811754,41.03910197795483],[73.38970478434214,41.01831707785277],[73.41368090167452,40.98368490837271],[73.43673068603715,40.95039077540423],[73.49539488453149,40.913387204046444],[73.53949827017817,40.88556814540772],[73.57014052000454,40.866239957055654],[73.63006189276086,40.82844339885543],[73.66001412203332,40.716856662349755],[73.6604000205852,40.71541900107849],[73.69014328315791,40.62916353961697],[73.69743837168193,40.59998318552124],[73.71393789321638,40.533985099383926],[73.76024034726947,40.48412091809604],[73.78395592701412,40.458581062986525],[73.82993661725061,40.409063396577835],[73.76152711333282,40.37039715523292],[73.67824597812876,40.382294460262074],[73.54142697029351,40.36147417646106],[73.40163363620098,40.31983360885903],[73.27076328088032,40.26332140997056],[73.15476455684609,40.168142969737346],[73.06553476912745,40.084861834533285],[73.02091987526813,39.98076041552821],[72.96440767637966,39.85583871272212],[72.96292051325099,39.613728555378884],[72.98195620129763,39.470960895029066],[73.02954542141424,39.318675390655926],[73.08189356354251,39.17114880829445],[73.15803631572908,39.03789899196795],[73.24369691193897,38.93796162972308],[73.3008039760789,38.82374750144322],[73.36266996223048,38.73332798322167],[73.44357163642871,38.690497685116725],[73.62441067287182,38.690497685116725],[73.76226893750982,38.68774051982405],[73.77227176900021,38.67461720800014],[73.77909305800017,38.6601994830001],[73.78860152200014,38.618574118000254],[73.79738651500008,38.6028386440002],[73.81640344300018,38.58658640600004],[73.83356001800018,38.57795644200024],[73.86973352100011,38.5667943320002],[73.88709680100021,38.55904286700019],[73.91727583900024,38.53708038400015],[73.93288212100009,38.52966481500022],[74.02889693200024,38.5272360240001],[74.04553674300024,38.53041412400012],[74.05876591000015,38.54702809700012],[74.0508077390001,38.5626602170002],[74.03809533700024,38.57922251400004],[74.03726851400029,38.59847198600022],[74.04313999807187,38.602300351743565],[74.04795473190961,38.600078166895344],[74.19548131427109,38.48110511660383],[74.32873113059759,38.32881961223069],[74.40487388278416,38.157498419810906],[74.57024642268937,37.82794307050341],[74.62378429532055,37.713728942223554],[74.66304540191675,37.59237643092621],[74.69516812549546,37.42819362152392],[74.659476210408,37.2854259611741],[74.57038987189316,37.240882791916704],[74.54905819105545,37.236028952257584],[74.36323331518213,37.2461648545779],[74.15622020767489,37.25330323759539],[73.97419144072887,37.30684111022657],[73.8349929718878,37.367517365875244],[73.66367177946802,37.39964008945395],[73.55302684269691,37.38893251492772],[73.46022786346953,37.33182545078779],[73.39955160782085,37.25330323759539],[73.29604505406724,37.18191940742048],[73.19610769182236,37.131950726298044],[73.02121730789383,37.14265830082428],[72.83205015793033,37.11767396026306],[72.74282037021169,37.09697264951228],[72.64526246897265,37.18739216773383],[72.55722241175692,37.29684737400203],[72.48821804258785,37.39916419725273],[72.39541906336046,37.53717293559089],[72.3192763111739,37.65138706387074],[72.21220056591153,37.77511903617392],[72.13605781372496,37.87981532043045],[72.02422314645094,38.02972136379776],[71.93261389772647,38.22602689677876],[71.84695330151658,38.3783124011519],[71.78508731536499,38.5115622174784],[71.80650246441746,38.642432572799066],[71.8802657555982,38.73761101303228],[71.88502467760986,38.81851268723051],[71.81839976944661,38.8803786733821],[71.61376612294521,38.88513759539376],[71.4638600795779,38.949383042551176],[71.30538797658966,39.04313380618083],[71.13597035297454,39.12689083358606],[71.00462410545265,39.25442994349851],[70.91705994043815,39.35912622775504],[70.83139934422826,39.463822512011575],[70.72289592236228,39.5323509889796],[70.59444656725367,39.56976342250647],[70.59693915401874,39.570873471221944],[70.62192349457996,39.610134577818144],[70.62736593240959,39.66455895611432],[70.59633404597952,39.68266088986519],[69.8449824746192,39.72220570941039],[69.81051789528743,39.721276942381564],[69.82514701432683,39.89316909109317],[69.83275092109398,39.93625789610684],[69.83199540818896,39.94947937194473],[69.79225604855895,40.64491816546729],[69.80349180815756,40.785365160449146],[69.79821087263332,40.804508551724325],[69.78025344483757,40.95265733103878],[69.81787851706406,40.965199021781075],[69.81861926158916,40.974458328344724],[70.00787948775115,41.0285326786767],[70.14389135770028,41.07386996865961],[70.75893325970247,41.25793360356545],[71.15848602815663,41.4296515068616],[71.63884722169121,41.501481218044376],[71.7356087561401,41.53631537044606],[72.2321187509375,41.77150431535006],[72.4244846877524,41.883076558702726],[72.5269238157781,41.911148819748405],[72.6922094818799,41.98944203000701],[73.30138128644961,41.956807826190754],[73.53784521108497,42.01887960640755],[73.66257240683206,42.06925020468998]]]}},{"type":"Feature","properties":{},"geometry":{"type":"Polygon","coordinates":[[[65.15505781237306,52.294501221585335],[65.51455400856906,51.74806700336757],[65.95553473072329,51.401065779377404],[66.1796396878836,51.11912728488528],[66.20855645654939,50.96731424938952],[66.67845394736958,50.92393909639071],[66.77627918443619,50.93567812483889],[66.85918375153113,50.94562667289023],[67.12948998497694,50.90449311562679],[67.19172659118834,50.89502232772497],[66.92424648102923,50.620313025399355],[66.93955398787779,50.614425522765316],[67.58210296817725,50.367291299573196],[67.57487377601092,49.92631057741886],[68.11706318849565,49.64437208292691],[68.11618728926106,49.642957168778594],[67.83512469400358,49.18893297643973],[67.83512469400358,48.89976528978116],[67.96060448615685,48.50241261462941],[67.96525015299989,48.48770133629296],[67.91601031300871,48.187785947255975],[67.80620792533762,47.518989585986844],[68.00300846508037,47.2027030042575],[68.00862530599863,47.19367593849597],[67.85681227050287,46.52859025918144],[67.72130262518488,45.756774453239416],[67.69054085067427,45.58156608537479],[67.67608246634126,45.51650335587675],[67.66162408200847,45.26348163005042],[67.66162408200847,45.20564809271883],[67.81994146950547,44.95599375089671],[67.84958307833637,44.909251213893754],[68.02308369033165,44.73575060189887],[68.00695745001411,44.72820652508227],[67.89023416934157,44.67882359864353],[67.80044703036305,44.629440672205476],[67.7151492483336,44.62495131525657],[67.68821310664009,44.70127038338825],[67.64331953715083,44.737185238979635],[67.63434082325296,44.813504307111145],[67.60471092949558,44.83069344419499],[67.60461616664003,44.83074841880011],[67.41504037789207,44.94072668086221],[67.3395065810517,44.98454596685002],[67.33741280432548,44.985760625783996],[67.28417098123708,45.01664770904995],[67.16206590843609,45.105451398359946],[67.16167998955632,45.105732066636165],[66.98787342260829,45.232136842598266],[66.79359687941593,45.35716630108851],[66.78984696245675,45.35957961398293],[66.53444837076722,45.52394504427804],[65.9471806092343,45.912864091651045],[65.94649176670015,45.913320278759954],[65.85655547148014,45.97288073917019],[65.6141301962382,46.10531676916344],[65.34925813625188,46.22204004983547],[64.7656417328921,46.36569947220079],[64.0957353207433,46.469080091359785],[64.09490668383029,46.469207967426485],[64.03836590716679,46.47793339592391],[63.495153716347374,46.57669924880014],[62.96540959637457,46.74953949133368],[62.54366280375956,46.87817226308135],[62.539500677196145,46.87944171168323],[62.516473901482414,46.88646487827589],[62.19772955810896,47.19735284698868],[62.104298667353476,47.30531743186185],[62.10392162939354,47.30575312017106],[61.995708495407484,47.43079940833252],[61.89245328558229,47.56099075985122],[61.67247479508512,47.55201204595352],[61.578251141542864,47.503472588068064],[61.57823910037655,47.50346638504294],[61.52432601577084,47.47569297782178],[61.44752915811313,47.46871144530758],[61.447451028103615,47.46870434257937],[61.425560162894385,47.466714263923905],[61.340262380865,47.35448034020084],[61.339526715091324,47.343935797444374],[61.339526190673666,47.343928280789896],[61.32679431001816,47.16143799139729],[61.268306519709085,47.05699550870236],[61.26827759203354,47.056943852138716],[61.265464566473156,47.051920592209626],[61.26542381521796,47.051847822111085],[61.26394331273326,47.049204067674225],[61.16068810290807,46.959416928695816],[61.00804996664465,46.91901271615552],[60.77909276224972,46.829225577177],[60.74317790665839,46.79331072158578],[60.73680008124495,46.78656844900587],[60.67788773483079,46.79878297839383],[60.58156286503885,46.806121031779355],[60.52957637415301,46.78997214668817],[60.494643105923785,46.77214377754734],[60.471595417121705,46.77276389473485],[60.4601232491529,46.79167746895382],[60.443741820116315,46.78710410469586],[60.42250280644424,46.75894044909688],[60.44927119837149,46.739561786987394],[60.52394364303325,46.72891644193521],[60.5929316801429,46.706101297078476],[60.63732811510238,46.68141237051219],[60.656028603971265,46.67101299955226],[60.66579544967448,46.634710305867145],[60.62218054082018,46.597089863158715],[60.60152643731237,46.59083585839028],[60.58523189173144,46.58590191556743],[60.55494950240836,46.58590191556743],[60.52079138066358,46.60370444649203],[60.48218908574137,46.63553712878377],[60.45045975631422,46.63605389310669],[60.42555171594955,46.60897544258586],[60.40384761438702,46.62525351875786],[60.38539912805891,46.68468141589341],[60.36648555383994,46.711243102091316],[60.346951862433684,46.70488690091952],[60.32524776087109,46.709408588745134],[60.29155472701683,46.72320619616704],[60.22489212936023,46.713413512247655],[60.02345739628652,46.61688193672654],[59.93705440149455,46.59770998034617],[59.88770340865574,46.57595420235123],[59.87597285852553,46.551821308471006],[59.861245075322415,46.544844990111585],[59.84352005904617,46.554870217976315],[59.816441608525224,46.552286396361694],[59.78026810592087,46.537041848835486],[59.7926187732387,46.52691326810634],[59.8535452869109,46.521642272012514],[59.88651485071301,46.51177207344472],[59.891734170374605,46.497121804890014],[59.88134720748394,46.48332419746805],[59.8555089913379,46.47037925117894],[59.84403682336904,46.45751181953841],[59.846930703577414,46.4445668732493],[59.95348750696331,46.39203777982459],[60.01162349329172,46.351265074746266],[60.057873900192874,46.300363788938796],[60.080921588995125,46.263621845579166],[60.080921588995125,46.24088421537084],[60.049605671026086,46.22367596341769],[59.98707718795299,46.211971251503485],[59.94728633508828,46.18804506335238],[59.93043981816123,46.1521557811256],[59.90088089889019,46.123165302609834],[59.85891963586914,46.10104778958896],[59.837939004358645,46.10784324043527],[59.84134964889006,46.14347414050053],[59.85220169967124,46.17592693997989],[59.82853389368154,46.19776023262324],[59.81990392948882,46.232305927610355],[59.81892207727526,46.27194175117813],[59.80114538456701,46.30914878242845],[59.75866735722286,46.33651145332692],[59.68761226282169,46.35178183906913],[59.56519079472213,46.35888734850937],[59.48808955774268,46.34831951810554],[59.42566442753417,46.32390240384774],[59.41910152063309,46.29850343737621],[59.46829748417491,46.27214845690747],[59.50441931034686,46.23111736966763],[59.52772538131069,46.175720234250775],[59.53676875696169,46.14109702461525],[59.531497760867865,46.12729941719334],[59.52100744511256,46.1221317739641],[59.505246133263654,46.12564577135993],[59.48674597050302,46.10166790677647],[59.46545528039894,46.05019818021373],[59.464111693159225,46.02839072578655],[59.48292191451344,46.03619386706265],[59.494755817508405,46.0281323436252],[59.50002681360206,46.00425783190633],[59.461682900841595,45.85491294258276],[59.41455399459147,45.809075947139775],[59.34768469120576,45.809075947139775],[59.29910884485139,45.797293720577386],[59.26882645552831,45.77378094388445],[59.25513220097099,45.78496889147573],[59.258077757611545,45.830986754431706],[59.28252071008569,45.876048603390075],[59.32840938196085,45.92023195299964],[59.36256750370569,45.94340883288265],[59.384529987429744,45.94534669909365],[59.400136269981886,45.958162454302],[59.40943802779441,45.98167523099477],[59.39786250696119,46.0048262726616],[59.365358031049425,46.02751222643758],[59.314456745241955,46.03226645820848],[59.24536535526778,46.01908896797403],[59.192655394330075,46.00433534655474],[59.156533568158125,45.98425905260939],[59.116742715293356,45.97438885404159],[59.07374792362657,45.97841961576029],[59.05664302453778,45.99020184232285],[59.06547969445978,46.00593731595575],[59.0403132719336,46.01423138333871],[59.019739756358376,46.011947419770934],[59.05241247337824,46.140823136904885],[58.62951660156256,46.114318847656364],[58.60729980468767,46.12792968750023],[58.55871582031273,46.15771484375023],[58.54992675781273,46.16552734375023],[58.50372314453142,46.208129882812614],[58.444702148437614,46.262512207031364],[58.403320312500114,46.300476074218864],[58.36590576171881,46.33489990234398],[58.33209228515642,46.366088867187614],[58.29351806640642,46.40148925781256],[58.268676757812614,46.42449951171892],[58.26690673828131,46.427307128906364],[58.24969482421892,46.45788574218767],[58.23248291015642,46.487915039062614],[58.21710205078148,46.51531982421898],[58.21289062500023,46.525329589843864],[58.19348144531256,46.57287597656267],[58.17230224609381,46.624511718750114],[58.152526855468864,46.67248535156273],[58.13427734375017,46.71710205078142],[58.11389160156267,46.76647949218767],[58.09710693359392,46.80767822265642],[58.08050537109392,46.84790039062517],[58.078308105468864,46.85369873046898],[58.07189941406267,46.86907958984392],[58.066711425781364,46.88171386718773],[58.05950927734392,46.89929199218773],[58.050292968750114,46.921691894531364],[58.049316406250114,46.92388916015648],[58.050292968750114,46.938476562500114],[58.05230712890648,46.974670410156364],[58.05511474609392,47.023315429687614],[58.05651855468756,47.04650878906273],[58.05767822265631,47.06707763671892],[58.06072998046881,47.073303222656364],[58.082885742187614,47.11828613281256],[58.10931396484392,47.172119140625114],[58.131896972656364,47.218078613281364],[58.168518066406364,47.292480468750114],[58.20349121093767,47.36370849609398],[58.23431396484381,47.42651367187506],[58.26208496093767,47.48291015625023],[58.293090820312614,47.54589843750006],[58.33972167968767,47.640930175781364],[58.36907958984392,47.70050048828142],[58.41168212890631,47.78747558593767],[58.45288085937506,47.87109375000006],[58.50512695312506,47.97729492187523],[58.543884277343864,48.05609130859398],[58.582275390625114,48.13427734375023],[58.610107421875114,48.19110107421892],[58.61871337890642,48.20831298828131],[58.64068603515642,48.25347900390648],[58.660095214843864,48.292480468750114],[58.68432617187517,48.34191894531267],[58.70007324218756,48.37408447265631],[58.72369384765648,48.42211914062523],[58.742675781250114,48.460693359375114],[58.76110839843756,48.498291015625114],[58.778686523437614,48.53387451171898],[58.80072021484392,48.57867431640642],[58.80889892578142,48.59527587890648],[58.83691406250017,48.65252685546898],[58.85510253906273,48.68927001953142],[58.88787841796892,48.75592041015631],[58.89630126953148,48.773315429687614],[58.90087890625023,48.80133056640631],[58.91607666015642,48.89190673828131],[58.92449951171892,48.942871093750114],[58.93652343750017,49.01489257812523],[58.94049072265642,49.03851318359392],[58.947326660156364,49.079101562500114],[58.95312500000017,49.11389160156273],[58.96368408203131,49.17852783203142],[58.968505859375114,49.20709228515642],[58.930725097656364,49.24267578125006],[58.93389892578131,49.25592041015642],[58.939697265625114,49.27929687500006],[58.92907714843767,49.28271484375023],[58.90051269531273,49.29168701171881],[58.86791992187506,49.30169677734392],[58.86450195312506,49.305114746093864],[58.83489990234398,49.33288574218756],[58.77172851562517,49.39251708984392],[58.75451660156267,49.40850830078142],[58.72271728515642,49.43847656250017],[58.67828369140648,49.43011474609392],[58.59649658203131,49.41448974609398],[58.54089355468767,49.40393066406267],[58.51428222656256,49.412292480468864],[58.47692871093756,49.42388916015631],[58.43572998046881,49.40649414062523],[58.395324707031364,49.38928222656267],[58.34088134765648,49.36627197265631],[58.34027099609392,49.36608886718756],[58.28210449218767,49.35510253906267],[58.18768310546892,49.33728027343756],[58.14648437500017,49.313476562500114],[58.074890136718864,49.272277832031364],[57.971496582031364,49.21270751953148],[57.952270507812614,49.201721191406364],[57.886474609375114,49.173706054687614],[57.807495117187614,49.140319824218864],[57.72747802734398,49.106323242187614],[57.65771484375006,49.07672119140648],[57.62390136718773,49.062500000000114],[57.600708007812614,49.07269287109398],[57.54669189453131,49.09631347656267],[57.465087890625114,49.132080078125114],[57.404296875000114,49.15850830078142],[57.39270019531267,49.16369628906273],[57.374328613281364,49.185302734375114],[57.35308837890631,49.210327148437614],[57.321472167968864,49.247680664062614],[57.292480468750114,49.28192138671898],[57.251892089843864,49.329895019531364],[57.205322265625114,49.38488769531267],[57.177673339843864,49.41748046875017],[57.11010742187506,49.49768066406256],[57.09228515625017,49.51867675781256],[57.07452392578142,49.539672851562614],[57.00329589843756,49.56591796875017],[56.96087646484392,49.581481933593864],[56.904724121093864,49.60211181640642],[56.84588623046892,49.62390136718767],[56.82373046875017,49.63208007812517],[56.80432128906273,49.653930664062614],[56.768920898437614,49.69390869140648],[56.736877441406364,49.729675292968864],[56.736511230468864,49.73028564453142],[56.73547363281273,49.73168945312523],[56.703308105468864,49.77691650390631],[56.68011474609392,49.80987548828148],[56.66117634714351,49.83662220206088],[56.653320312500114,49.847717285156364],[56.63232421875006,49.87707519531256],[56.608520507812614,49.910705566406364],[56.592895507812614,49.93292236328148],[56.58789062500006,49.94030761718767],[56.584899902343864,49.95629882812517],[56.572082519531364,50.02691650390642],[56.57128906250006,50.03088378906267],[56.58288574218773,50.06011962890648],[56.56549072265642,50.07391357421881],[56.54547119140642,50.08972167968756],[56.510681152343864,50.11712646484392],[56.452514648437614,50.16308593750017],[56.424682617187614,50.185119628906364],[56.36712646484392,50.230529785156364],[56.308288574218864,50.276916503906364],[56.291320800781364,50.26727294921898],[56.279296875000114,50.276916503906364],[56.26507568359392,50.269287109375114],[56.22070312500006,50.24530029296892],[56.15087890625023,50.20788574218767],[56.10150146484381,50.18127441406256],[56.09130859375017,50.17572021484398],[56.007873535156364,50.18371582031273],[55.98071289062517,50.186279296875114],[55.92352294921898,50.19787597656256],[55.85272216796892,50.21191406250017],[55.81671142578148,50.219116210937614],[55.79528808593767,50.268127441406364],[55.78027343750023,50.30212402343767],[55.74151611328142,50.391113281250114],[55.73712158203142,50.40112304687517],[55.72589111328142,50.42669677734392],[55.72412109375017,50.43048095703142],[55.715515136718864,50.45050048828142],[55.70391845703142,50.453125000000114],[55.69848632812506,50.454284667968864],[55.68450927734398,50.457519531250114],[55.67388916015631,50.46008300781267],[55.65032958984392,50.465515136718864],[55.64007568359398,50.46789550781267],[55.60607910156267,50.47570800781267],[55.593078613281364,50.478698730468864],[55.56610107421881,50.48492431640631],[55.55352783203131,50.48791503906267],[55.52752685546892,50.49389648437506],[55.52832031250023,50.49829101562506],[55.529907226562614,50.506896972656364],[55.53308105468773,50.52471923828142],[55.53948974609392,50.55950927734381],[55.54107666015648,50.569274902343864],[55.55609130859392,50.592529296875114],[55.57611083984392,50.62408447265642],[55.58532714843773,50.63848876953131],[55.571105957031364,50.66668701171898],[55.56591796875006,50.67712402343767],[55.55627441406267,50.696289062500114],[55.55609130859392,50.697082519531364],[55.55291748046898,50.71209716796881],[55.546875000000114,50.73889160156267],[55.54187011718756,50.76147460937523],[55.53387451171881,50.79791259765648],[55.52752685546892,50.82647705078142],[55.494079589843864,50.82208251953142],[55.447692871093864,50.815917968750114],[55.43707275390642,50.81451416015631],[55.426330566406364,50.81311035156267],[55.397521972656364,50.80908203125017],[55.37207031250017,50.80572509765648],[55.35571289062506,50.803527832031364],[55.35589599609398,50.80450439453142],[55.361511230468864,50.823730468750114],[55.36370849609398,50.83129882812506],[55.37152099609398,50.85870361328142],[55.37951660156267,50.886474609375114],[55.382873535156364,50.898681640625114],[55.37469482421892,50.90008544921892],[55.382873535156364,50.91308593750023],[55.360717773437614,50.909912109375114],[55.352722167968864,50.90887451171892],[55.337097167968864,50.906494140625114],[55.328125000000114,50.90808105468767],[55.31048583984398,50.911071777343864],[55.27990722656267,50.91632080078142],[55.27008056640631,50.91809082031256],[55.24829101562517,50.92169189453148],[55.233886718750114,50.92431640625017],[55.21051025390642,50.92828369140642],[55.18951416015642,50.931884765625114],[55.15307617187517,50.93811035156256],[55.12872314453148,50.94232177734381],[55.10272216796892,50.94671630859381],[55.07391357421892,50.951721191406364],[55.03271484375017,50.95867919921898],[55.00531005859398,50.96350097656256],[54.989929199218864,50.96612548828148],[54.98931884765631,50.96612548828148],[54.96771240234392,50.97113037109381],[54.934082031250114,50.97888183593767],[54.90991210937517,50.984497070312614],[54.90570068359392,50.985473632812614],[54.88208007812517,50.99072265625023],[54.904113769531364,51.01269531250006],[54.93469238281267,51.043273925781364],[54.90570068359392,51.043273925781364],[54.92187500000051,51.070129394531705],[54.99249267578193,51.18792724609449],[55.35491943359449,51.177124023438125],[55.484130859375625,51.17327880859449],[55.583496093750625,51.17889404296943],[55.963594416859394,51.200045551399285],[55.98931884765699,51.20147705078199],[56.00469970703193,51.20227050781324],[56.00848388671943,51.227111816406875],[56.05187988281324,51.49749755859449],[56.05969238281324,51.54687500000074],[56.06250000000068,51.56372070312557],[56.52508544921949,51.46252441406318],[56.646484375000625,51.41528320312574],[57.30590820312568,51.15887451171943],[57.89868164062568,51.10107421875068],[57.96472167968824,51.129089355469375],[58.017272949219375,51.15130615234449],[58.144470214844375,51.20507812500074],[58.27429199218824,51.259887695313125],[58.358520507813125,51.29571533203199],[58.44250488281318,51.33111572265693],[58.650512695313125,51.41912841796949],[58.93591308593818,51.458496093750625],[58.98272705078182,51.46508789062574],[59.06970214843807,51.47711181640699],[59.13427734375068,51.52227783203199],[59.83752441406318,52.01550292968818],[59.97467041015693,52.11187744140699],[60.038513183594375,52.15649414062574],[60.21191406250068,52.04089355468824],[60.76892089843824,52.38452148437568],[60.891479492188125,52.46008300781318],[60.99871826171943,52.734130859375625],[61.021728515625625,52.79272460937568],[62.48309326171932,53.771728515625625],[62.55432128906318,53.81927490234443],[62.608093261719375,53.88928222656318],[62.84350585937568,54.195129394531875],[62.862304687500625,54.200073242188125],[63.83911132812568,54.454528808594375],[63.86950683593824,54.462524414063125],[64.56390380859443,54.64349365234449],[64.94489190284759,54.61957467768917],[65.03833007812574,54.61370849609449],[65.34368896484449,54.594726562500625],[65.48931884765705,54.58551025390716],[65.4468008219892,54.514634907628874],[65.23623011016025,54.281898857712804],[65.25109129504096,54.05303661054927],[65.25430309057629,54.00357495930393],[65.24367018058769,53.99379268211442],[65.0914744195374,53.85377258194808],[65.07357328641473,53.837303539475215],[65.07349697383034,53.83698623978199],[64.93621863525192,53.26619735832469],[65.04465651774893,53.12884270716188],[65.02296894124947,53.020404824665036],[64.5675298347623,52.687861985007714],[64.46260810460609,52.47102374268451],[64.45909195226545,52.46375702784735],[64.99118788324176,52.33627571105097],[65.15309440024578,52.29748560801875],[65.15505781237306,52.294501221585335]]]}},{"type":"Feature","properties":{},"geometry":{"type":"Polygon","coordinates":[[[71.65765528119908,55.650420291314674],[71.83254566512761,55.62186675924471],[71.84291066162262,55.61841176041315],[71.96231427023275,55.57861055754313],[71.98245170849492,55.571898078122274],[72.04080610705762,55.5571200161487],[72.09499866282601,55.54803124099806],[72.14696261020413,55.53948088564897],[72.23722837829075,55.52462819581433],[72.35554570577767,55.50515979041006],[72.37748058983505,55.50155053702008],[72.48280522006542,55.5036629861379],[72.57667054997358,55.505545601181836],[72.64809804942041,55.50697819067085],[72.66392934056461,55.507295711814095],[72.71931319112292,55.497173880477646],[72.7763645681411,55.48674729565403],[72.80502916176602,55.48432979980623],[72.85012216427083,55.480526775498504],[72.92181729852337,55.460164672930375],[72.9906206977625,55.447590314241836],[73.08714349095618,55.42995001976976],[73.17571751236602,55.413762425435266],[73.20521446395554,55.40837162710824],[73.25921173606326,55.40587696266613],[73.39377926285351,55.39965996667644],[73.44015073777905,55.39751761271839],[73.53226609477383,55.3932618994815],[73.58579341494175,55.390788946735995],[73.62741698931382,55.38886594494562],[73.67153692460482,55.38682761172129],[73.7241846036743,55.38439529823927],[73.78582719867461,55.38154742122862],[73.81082954537482,55.38356373951092],[73.81701468386007,55.38182144698004],[73.82429686039478,55.37977012964626],[73.83938212921413,55.37907319288888],[73.90587973079215,55.367258178848545],[73.95926398168012,55.35777308978061],[74.03171032851014,55.344901127714934],[74.11939427325655,55.3293218133681],[74.17983988480518,55.318582091450594],[74.21143571691312,55.312968276950414],[74.28027578360053,55.30073706356609],[74.33386834787672,55.29121496225167],[74.41759210186154,55.276339277935676],[74.42320263155744,55.27453278330199],[74.4761449419662,55.25748626455322],[74.54618872898607,55.23493336273498],[74.55905295104361,55.23079130318365],[74.57075411432459,55.20984641461098],[74.58342326582476,55.18716884314938],[74.62817440087753,55.160935419152906],[74.63190809993819,55.15773510567237],[74.66504591482231,55.129331264343136],[74.75309610368362,55.05385967389054],[74.78339892323498,55.025887840458495],[74.83785690269588,54.975618936340936],[74.86909482771784,54.94678392862818],[74.98211922549478,54.839708183365815],[75.00098999606212,54.800394078018996],[75.01497829011066,54.77125179874906],[75.01781114058207,54.76535002693345],[75.01386395202701,54.76201871177],[74.89697680650386,54.663369276895764],[74.8620643523991,54.63390415605562],[74.7941980608968,54.5766269313126],[74.77094206122717,54.55417286266601],[74.72905933917218,54.51694377639495],[74.6906352522804,54.4827890324911],[74.59843113830448,54.41140520231619],[74.59323456473533,54.40536296734962],[74.53233036926923,54.33454756282083],[74.47889939318617,54.27242152771407],[74.40348140194544,54.18473043324059],[74.36000883370315,54.13418338172124],[74.2936346504751,54.05700783413221],[74.27066038475135,54.030294864549035],[74.20392753631819,53.94888078946036],[74.1575572990954,53.892309100048635],[74.13031205647059,53.859069904046464],[74.09580146373133,53.816966980904624],[74.07762906962165,53.79479666009075],[74.027518099274,53.733661276266616],[74.0231196833384,53.72829520882516],[74.01605805712751,53.718585472785264],[73.9137412338768,53.59485350048209],[73.80904494962027,53.47588045019057],[73.68055405530544,53.3521484778874],[73.55682208300226,53.249831654636694],[73.56181895111456,53.127646331987194],[73.69268930643523,53.07410845935601],[73.84437994555691,52.99677597666653],[73.98119895339215,52.94918675654992],[74.11206930871282,52.86887994760315],[74.2131964014606,52.76775285485536],[74.29350321040738,52.66960008836486],[74.3467954964674,52.57570415578306],[74.35596406180991,52.559550016844696],[74.40355328192686,52.494114839184874],[74.57606420484956,52.44652561906827],[74.55821824730583,52.34539852632048],[74.47493711210177,52.26211739111642],[74.39165597689788,52.196682213456086],[74.27268292660636,52.17288760339778],[74.08827469865452,52.14909299333948],[74.10612065619824,52.071760510649995],[73.98714760590673,52.042017248077116],[73.8205853354986,52.02417129053339],[73.74325285280912,52.01822263801881],[73.74070152225823,51.99325382137397],[73.73616781198115,51.948884274436466],[73.73100147030118,51.898323425672515],[73.72718981975504,51.86102037861485],[73.71949305315803,51.785695307995354],[73.71488952126475,51.74064244578432],[73.71102772874963,51.70284868001954],[73.70732783914889,51.66663939109992],[73.7032961306968,51.62718272835201],[73.69823091691279,51.577611576468996],[73.69582031108456,51.55401997446887],[73.6927140567226,51.52362034805145],[73.69068660211872,51.50377848857886],[73.68905714954604,51.48783171033733],[73.68686971070832,51.4664241513496],[73.68665726450621,51.43202730512263],[73.68650433862251,51.407267304459026],[73.68638298690468,51.38761942968085],[73.68625360634047,51.36667161640628],[73.68612868083335,51.34644511475881],[73.68589549509278,51.308690360936],[73.6853192369781,51.215389273129745],[73.68525349079204,51.204744406650605],[73.66503648013872,51.12820858060593],[73.65972786553056,51.108111682446975],[73.6352848096696,51.015577256687095],[73.62945035735987,50.99515667360305],[73.59709173262422,50.881901487028586],[73.59245451156465,50.865671213319786],[73.56702121981039,50.81989128816218],[73.51242063491543,50.72161023535108],[73.50322472384602,50.70505759542624],[73.48584868420153,50.67223618720868],[73.4389792766886,50.583705084128894],[73.43006714437985,50.57276746720453],[73.39615611618615,50.53114938714856],[73.35847974833018,50.48491020841624],[73.33224178153114,50.452709067344585],[73.30719936849778,50.42197519680377],[73.28856387152888,50.39910435961468],[73.2819348503038,50.39096874265664],[73.2815501700627,50.362887085058446],[73.2806330069514,50.29593417793029],[73.28045725872244,50.28310455722175],[73.2802444006116,50.26756591512833],[73.27994896860417,50.245999378587385],[73.27923935144429,50.194197325922744],[73.27875329814606,50.158715435148395],[73.27836565879505,50.13041776251822],[73.31527253583045,50.113941478127344],[73.34524066905539,50.100562847223216],[73.39116228749606,50.08006212470508],[73.41463003494556,50.06958545173643],[73.43503644673007,50.06047544647555],[73.4782403832848,50.041187974799584],[73.46452093837877,50.00171010797442],[73.45397628799037,49.971367750349714],[73.43506353162672,49.916946067683796],[73.41925889000868,49.87146802237726],[73.40418500441723,49.82809273627822],[73.38504353917506,49.773012941078946],[73.37061795536664,49.73150315111536],[73.3625729306907,49.70835349637804],[73.35629184092846,49.69027958545422],[73.34595581538156,49.66053754830648],[73.32399172555427,49.59733561710004],[73.31073500649558,49.55918924943575],[73.29509970296976,49.51419847651505],[73.28490418105093,49.48486074023788],[73.2768692538072,49.46174014098284],[73.2637758805638,49.42406380285581],[73.25026675784272,49.38519114063354],[73.24395319802682,49.367023796742046],[73.22958670817553,49.325684050346524],[73.1735988521458,49.33605217183339],[73.10064502563796,49.34956213970531],[73.03685036670328,49.36137596543398],[72.97317423265753,49.375090825074494],[72.88194942281893,49.39473924565539],[72.85670466882522,49.40017657728458],[72.80485291863482,49.411344646556415],[72.7890443902553,49.36638914397702],[72.78232727337604,49.347287342851814],[72.74898295672443,49.252464442373935],[72.73664738001128,49.217385146095864],[72.70765334437613,49.13493335725832],[72.69278186404642,49.09264258507119],[72.69063879035497,49.08654821926058],[72.68339744442301,49.04607502562635],[72.67936510710916,49.023537562227546],[72.6663094723823,48.95056725570146],[72.65346150873035,48.878757660416454],[72.6452786939746,48.83302242704991],[72.64082458542686,48.808127607853066],[72.63243115485142,48.761215204532846],[72.62904364254854,48.742281784881584],[72.62356165541655,48.7116419661553],[72.6199607023637,48.69151558750377],[72.61699545919305,48.67494230649419],[72.61551584315856,48.66667246455688],[72.61160048904986,48.64478884147451],[72.6071530094166,48.61993107247952],[72.60254699435086,48.58248856419385],[72.59638417694072,48.53239073805565],[72.59227231200947,48.49896519893633],[72.58670434265406,48.45370291999052],[72.58334909954601,48.42642799446668],[72.57671263835311,48.37247989623768],[72.57494384290061,48.358101276663206],[72.57170428398774,48.33176675328326],[72.56767643315038,48.29902416859744],[72.56430850185279,48.27164610019855],[72.56055194555069,48.2411088812662],[72.55864499533516,48.225607195268765],[72.5569398918355,48.211746330507935],[72.55274330441966,48.17763207841591],[72.55025059101098,48.15736869648384],[72.56612533667601,48.128572646208],[72.62653278946237,48.01899633650231],[72.6531913095045,47.97063902107715],[72.70372582588703,47.8789717588017],[72.72058400910174,47.86163869718655],[72.76370418041625,47.81730387315895],[72.85336147114953,47.725121024939995],[72.90386353010524,47.67319637277461],[72.90769410550314,47.66998852677284],[72.93599897408734,47.646285127130454],[72.9568516450613,47.62882243543015],[72.98316360482005,47.60678796119561],[73.01268175494283,47.5820685208991],[73.04981075675033,47.55097551067911],[73.06180121641052,47.54093431736368],[73.07540528211518,47.52954183888596],[73.09677266813912,47.51164810838753],[73.11418284939276,47.49706826736593],[73.19677956799626,47.520195348574816],[73.2034126371114,47.52205260792715],[73.26126848759571,47.48618198062667],[73.30747741003563,47.457532448714005],[73.38187221254867,47.41140767115604],[73.38945048173684,47.40694986575107],[73.43883898450628,47.3778978052988],[73.49848179495513,47.34281379915211],[73.56390097949469,47.30433192589368],[73.57171243775076,47.2948315036906],[73.62235944848027,47.23323378793856],[73.68572119290087,47.15617220688597],[73.69596106531827,47.14371830800013],[73.71063582684565,47.11992139741494],[73.73828604183439,47.07508321094724],[73.73982684171585,47.07363875489966],[73.80712904782803,47.01054485167231],[73.86175082470129,46.95933849005013],[73.91196128185351,46.91226761514753],[73.95081254873304,46.875845657913544],[73.9881685000143,46.84082551650562],[74.00987749869068,46.82047394794972],[74.02716250762228,46.804269743900534],[74.05008726204204,46.789902401710094],[74.1246571667262,46.743168145888774],[74.3499162650873,46.60199435233943],[74.41146226526035,46.57002240419769],[74.39980123408861,46.56322013601408],[74.60486750004048,46.46907128687934],[74.527535017351,46.41255908799087],[73.99513061729647,45.93369256056752],[73.9148238083497,45.65410589238246],[73.98828018435859,45.22386335756488],[74.00329275484222,45.21591552613228],[74.007119488495,45.20708460231839],[73.99976038531662,45.20149168390287],[73.98150980943461,45.20296350453856],[73.98150980943461,45.196487493741586],[73.99446183102833,45.19324948834321],[74.00447021135085,45.18647911341924],[74.00800258087645,45.17794255373235],[74.0018209342067,45.16911162991846],[74.00741385262205,45.159397613723115],[74.01565604818188,45.15144978229051],[74.02566442850423,45.14556249974794],[74.0359671729538,45.14203013022234],[74.02448697199577,45.13996958133242],[73.99416746690127,45.13761466831534],[73.98828018435859,45.13143302164559],[73.98857454848576,45.105528978457926],[73.99181255388419,45.09463750575412],[73.99887729293533,45.08374603305032],[74.02458900431509,45.06544670693313],[74.01586249176165,45.03962882148744],[73.99917165706239,45.03193794667504],[73.98828018435859,45.02457884349684],[73.9938731027741,45.021929566352526],[74.00417584722368,45.01398173492004],[74.00671660764954,45.01257020135023],[74.00182093420688,44.99808607205517],[73.99783376646798,44.7737416617735],[73.90751614600475,44.448821646065596],[73.81275294302094,44.322470708753826],[73.74136911284603,44.24216389980705],[73.64400950002414,44.12676004102428],[73.60879491461327,44.11178372309092],[73.6037276113696,44.1096286630908],[73.59600102196362,44.102188716962985],[73.58482879569647,44.091430961220055],[73.57891726076912,44.08573873414798],[73.56740495079163,44.09418109479873],[73.5109090693922,44.135611407824854],[73.36769797078614,44.16016188187166],[73.35378157617987,44.162547549518365],[73.35256980848618,44.19041820647152],[73.3492922192309,44.26580275934356],[73.30057030254807,44.294417218347974],[73.12861889947163,44.3954045503134],[73.06646273144901,44.43190896645359],[73.03628688557683,44.43749708605958],[72.94525009382801,44.454355751198364],[72.77465452976901,44.544142890176715],[72.61280996573794,44.57448874593257],[72.55916539622075,44.58454710271701],[72.44693147249785,44.64290874305294],[72.11656818755978,44.64746547801758],[72.02359347224393,44.64874788788404],[71.79597471490405,44.65188745695082],[71.67027272033431,44.5800577457681],[71.4772303715306,44.606993887461556],[71.36050709085873,44.638419386104204],[71.2728764315222,44.64572194104892],[71.14501795731047,44.65637681389978],[71.12586521902676,44.67936009984032],[71.10012438782121,44.71024909728675],[70.99840372381641,44.70852501823583],[70.8352523278349,44.70575974033801],[70.78586940139667,44.73718523898043],[70.67812483462274,44.741674595929396],[70.59282705259312,44.71024909728675],[70.49855055666586,44.701270383389044],[70.40862484314789,44.71279932101959],[70.3234656356579,44.72371716813359],[70.26061463837283,44.732695882031464],[70.13940200075206,44.72371716813359],[70.10531538777235,44.707984885219844],[70.08104036041613,44.69678102644008],[69.96754356667986,44.68284282370058],[69.82514701432751,44.66535552779766],[69.76678537399158,44.62944067220627],[69.60067916688155,44.61148324441052],[69.53782816959648,44.58903645966598],[69.457019744516,44.517206748483204],[69.28644500367216,44.499711903268576],[69.2819348235081,44.499249320687625],[69.28109125603493,44.501217644791495],[69.26846675266125,44.530674819330045],[69.19835155896612,44.5244881845922],[69.115828616398,44.517206748483204],[69.07340633645879,44.55962902842242],[69.0574669760619,44.575568388819136],[68.93176498149217,44.61597260135943],[68.83299912861594,44.67882359864433],[68.71178649099494,44.69678102644008],[68.61302063811871,44.73718523898043],[68.59878007810005,44.73674022147986],[68.54358552631714,44.75743817839839],[68.31948056915678,44.742979794065434],[68.07114587857183,44.7369228503926],[68.06873026252225,44.728206525082555],[68.00695745001423,44.728206525082385],[68.0230836903317,44.73575060189893],[67.84958307833642,44.90925121389387],[67.81994146950552,44.955993750896766],[67.66162408200859,45.205648092718945],[67.66162408200859,45.26348163005048],[67.67608246634137,45.51650335587681],[67.69054085067432,45.581566085374845],[67.72130262518493,45.75677445323947],[67.85681227050293,46.5285902591815],[68.00862530599875,47.19367593849603],[68.00300846508048,47.202703004257614],[67.80620792533767,47.5189895859869],[67.91601031300877,48.18778594725603],[67.96525015299994,48.487701336293014],[67.96060448615691,48.50241261462952],[67.83512469400364,48.899765289781215],[67.83512469400364,49.188932976439844],[68.11618728926118,49.64295716877865],[68.11706318849576,49.64437208292702],[67.57487377601103,49.92631057741892],[67.58210296817731,50.36729129957331],[66.93955398787784,50.61442552276537],[66.92424648102929,50.62031302539941],[67.1917265911884,50.89502232772503],[67.129489984977,50.90449311562685],[66.85918375153125,50.945626672890285],[66.7762791844363,50.935678124838944],[66.67845394736963,50.923939096390825],[66.2085564565495,50.967314249389574],[66.17963968788371,51.119127284885394],[65.95553473072334,51.40106577937746],[65.51455400856918,51.74806700336762],[65.15505781237312,52.29450122158539],[65.15309440024583,52.29748560801886],[64.99118788324188,52.33627571105109],[64.45909195226551,52.46375702784741],[64.4626081046062,52.471023742684565],[64.56752983476235,52.68786198500777],[65.02296894124953,53.02040482466515],[65.04465651774899,53.12884270716194],[64.93621863525198,53.266197358324746],[65.07349697383046,53.83698623978211],[65.07357328641478,53.83730353947527],[65.09147441953746,53.853772581948135],[65.2436701805878,53.99379268211453],[65.25430309057634,54.003574959304046],[65.25109129504108,54.053036610549384],[65.2362301101603,54.28189885771286],[65.44680082198926,54.51463490762893],[65.48931884765716,54.58551025390727],[65.5109394124861,54.585524928704444],[65.54545448015529,54.65462974056328],[65.56270557244756,54.70816761319446],[65.57876693423691,54.76467981208293],[65.58708006390759,54.80622529754737],[65.6063657390809,54.803186097296646],[65.60478799747489,54.82343378124904],[65.66508549573331,54.821341166089155],[65.76657011885959,54.81781915826099],[65.8508090722317,54.814895658679916],[65.95805115769309,54.81117383903012],[65.97488770518316,54.81058952930687],[66.03969666280483,54.79978803636993],[66.14361166797443,54.78246886884176],[66.24347056315816,54.765825719644454],[66.28724892417944,54.75852932614083],[66.42103664377635,54.73623137287467],[66.43671306710269,54.74288197671012],[66.47226682639314,54.75796538974248],[66.55036815998432,54.791099288841735],[66.58308901077515,54.80498086190448],[66.61734217675735,54.81951250807873],[66.64108051776628,54.86571923769668],[66.6577422483345,54.898151330531334],[66.63994705631274,54.973780896623396],[66.69292569000339,54.98279853640065],[66.70202475080549,54.984347312707314],[66.71371034749347,55.00709335070502],[66.72651673769064,55.01244875024196],[66.79303582413218,55.040265822753895],[66.91485855672363,55.091209874564925],[66.97545105813481,55.116548556973214],[67.00987318227146,55.12219152814316],[67.07997831168882,55.133684172309984],[67.14877935669011,55.144963032146336],[67.2493511052935,55.16145020404855],[67.2657453008461,55.16413777708982],[67.3269510275623,55.19284488785053],[67.40354004056206,55.22876716828415],[67.46551131278096,55.2578333402098],[67.52581738926125,55.28611849112531],[67.53462439450493,55.29024921039883],[67.59363502744947,55.277135736411196],[67.59857213519484,55.2774100201749],[67.6583563668081,55.280731366375505],[67.69477103031949,55.26252403461996],[67.71446595469888,55.25267657243012],[67.77664708448663,55.256316333163056],[67.84859985756447,55.2605280751975],[67.96098907890814,55.267106757123145],[68.03121339682957,55.27121732436012],[68.09276695604564,55.274820350367634],[68.15838307058283,55.27866117728655],[68.22293538096079,55.28243973462912],[68.2513378783027,55.2841022694671],[68.27981616603233,55.28598291110967],[68.35322950958397,55.29083096209894],[68.4396352299031,55.29653700023323],[68.49749726314502,55.300358077900114],[68.55917914363863,55.304431409630865],[68.56661646157522,55.30492255326811],[68.67070514020071,55.30259220971692],[68.73761692272257,55.30109418473512],[68.86326307523524,55.2982812111714],[68.90359874813106,55.29737817371836],[68.9651761800518,55.29599957449625],[68.98710153586893,55.29806400137454],[69.05800597257706,55.304740154142394],[69.07015590240837,55.30588415572299],[69.11032330140745,55.32038904980601],[69.1810096857414,55.33245745688748],[69.23227067795625,55.341209333607026],[69.31543654907603,55.328979058442485],[69.3165434451239,55.32908328051184],[69.49683184662155,55.346058704992345],[69.55764942382893,55.351785108800925],[69.67663196098135,55.362988153795015],[69.72844105017435,55.36786634492478],[69.85158356943344,55.3794610815724],[69.88083836178492,55.38221562659095],[69.9242179384517,55.38630011966751],[70.00835488299009,55.399710473430275],[70.0967389248496,55.413797760231716],[70.14884221449825,55.42210235876712],[70.23635065128929,55.436050085309944],[70.28643012935828,55.444032114141976],[70.33839637192887,55.45831326289368],[70.39824405275829,55.474760356046716],[70.49278668912473,55.50074217398367],[70.511561658044,55.50590183361419],[70.54323099277235,55.51157628815599],[70.57435564332769,55.51715314716546],[70.6165474514944,55.52471299960729],[70.61746941474274,55.52487819532695],[70.63329731818914,55.532636971526074],[70.67115293862747,55.539450983205086],[70.81175689362641,55.56475969510478],[70.81329334368763,55.56469191054339],[70.83445959082678,55.56375810552248],[70.89087419235415,55.57386637254484],[70.96959579554152,55.583287160798875],[71.04380218190914,55.592167603076064],[71.17769320598688,55.60819063787051],[71.26691670904114,55.61886821169435],[71.39586369508748,55.63429958252976],[71.496961730245,55.64639820785692],[71.5036822311531,55.64720246505499],[71.5407640825423,55.640983370851814],[71.56651923482337,55.63666390695613],[71.62466573711913,55.645440737491356],[71.65765528119908,55.650420291314674]]]}},{"type":"Feature","properties":{},"geometry":{"type":"Polygon","coordinates":[[[80.7029172841589,50.54506725989654],[81.20260409538326,50.53079049386156],[81.43103235194297,50.55934402593152],[81.50627177627166,50.52461813777984],[81.60380632478848,50.479602192310665],[81.66361957280327,50.451996077842296],[81.8022282688525,50.38802283351174],[81.82119582351538,50.38422932257936],[81.89464685801431,50.369539115679515],[82.0089456946925,50.34667934834391],[82.08776358955214,50.33091576937181],[82.24480801593694,50.487960195756614],[82.53034333663658,50.45940666368665],[82.87060626047031,50.2728569208295],[83.23704325536818,50.08250004036307],[83.55589103014944,49.91117884794329],[83.88425664895402,49.73985765552351],[84.1888276577003,49.59233107316203],[84.23641687781617,49.559018619079666],[84.22689903379359,49.50667047695214],[84.36014885012008,49.321072518497374],[84.45056836834164,49.31155467447405],[84.62664848277308,49.354384972579],[84.83128212927448,49.354384972579],[85.00260332169427,49.31631359648571],[85.30717433044055,49.29727790843907],[85.61174533918683,49.335349284532356],[85.76403084355996,49.42100988074225],[85.86396820580484,49.3781795826373],[85.92211722171066,49.36760703429064],[85.95624666001305,49.36140168187205],[86.02101263218947,49.34962605056717],[86.05575246820177,49.36616882962062],[86.0892129468653,49.38210239088903],[86.12094999443451,49.397215270683944],[86.13650803075848,49.394910376413634],[86.20308246912714,49.385047496655204],[86.24944088874918,49.37817958263713],[86.27398869583823,49.39727232148408],[86.30446500415064,49.420976116838176],[86.33510148495924,49.44480449080055],[86.38191942078464,49.461933003907234],[86.53021728743732,49.51618832097546],[86.55401189749563,49.568536463103726],[86.6301546496822,49.58281322913871],[86.8347882961836,49.44480449080055],[86.95376134647512,49.3781795826373],[87.1012879288366,49.38293850464896],[87.25357343320974,49.354384972579],[87.38682324953623,49.26396545435745],[87.47248384574539,49.164028092111835],[87.45820707971114,49.11643887199597],[87.18694852504558,49.12595671601838],[87.15286157268514,49.1241859652464],[87.1163151450001,49.129767151000124],[87.08124457328853,49.12046560164151],[86.82051153014771,49.10692102797174],[86.69202063583288,49.05933180785513],[86.63491357169295,48.95939444561026],[86.6158778836463,48.778555409167154],[86.55401189749472,48.72144834502723],[86.34937825099331,48.716689423015566],[86.14950352650357,48.60723421674737],[86.05432508627035,48.56916284065409],[86.01625371017707,48.478743322432535],[86.01625371017707,48.42892744197309],[86.00599532100023,48.42955149400018],[85.7836833090002,48.40758901000021],[85.74740645400021,48.39009653800025],[85.71867435700017,48.35883229600017],[85.58638269000011,48.141248677000135],[85.56178470900011,48.03066111300012],[85.54710860200021,47.9929889940002],[85.52871179300013,47.96660817500009],[85.51780806500017,47.94464569200022],[85.51537927200019,47.9202802530001],[85.59542606600013,47.62407094400015],[85.59578780100014,47.59089467400014],[85.57997481300009,47.523766989000194],[85.58457401500027,47.49309702600016],[85.58457401500027,47.492941997],[85.60023197500016,47.46320221000002],[85.67035689300019,47.384343974000046],[85.67888350400023,47.363828431000115],[85.67402592000013,47.34429474000012],[85.66720463000024,47.326052959000094],[85.67020186400009,47.309051412000144],[85.67898685700015,47.29070627900023],[85.67898685700015,47.27489329000025],[85.66839318900008,47.2418720510002],[85.66441410300018,47.221304831],[85.65965987200019,47.20652537000012],[85.64730920400024,47.19789540700003],[85.60162723800022,47.19443308500013],[85.57749434400012,47.18916208900009],[85.55682377100015,47.17874928800012],[85.54710860200021,47.16203196300012],[85.54426639800005,47.14322174100016],[85.53863366700023,47.12792551700022],[85.52974532000013,47.114282939000134],[85.51687788900011,47.1003044640002],[85.50809289600022,47.082527771000116],[85.5057674570001,47.063898417000075],[85.49863610900013,47.05183197100018],[85.43212854000018,47.05312388100009],[85.34451159138331,47.043762795048224],[85.26434403233469,47.04630779692269],[84.8170053632386,47.074861328992654],[84.4410505243174,47.11293270508594],[84.24117579982766,47.18431653526085],[83.86522096090647,47.2985306635407],[83.65582839239374,47.36515557170429],[83.29415031950754,47.50316431004245],[83.0324096088662,47.607860594298984],[82.74687428816657,47.70779795654386],[82.5612763297118,47.7506282546488],[82.29953561907047,47.779181786718766],[82.05683059647578,47.73635148861382],[81.9568932342309,47.684003346485554],[81.67611683554293,47.72207472257884],[81.4381707349599,47.86960130494032],[81.1478764922486,47.98381543322017],[80.94324284574719,48.007610043278476],[80.73860919924579,48.069476029430064],[80.52921663073272,48.10754740552335],[80.29602945216135,48.13134201558165],[79.99621736542673,48.11706524954667],[79.782065874902,48.10754740552335],[79.66309282461049,48.18844907972158],[79.61074468248222,48.36928811616468],[79.47178415974167,48.5815360378848],[79.3718467974968,48.62436633598975],[79.25049428619928,48.70288854918198],[79.35695946227037,48.74644248484748],[79.35535328727184,48.75961311983593],[79.3456277071038,48.839362877212864],[79.34222352110885,48.86727720237161],[79.33740301462774,48.90680535551604],[79.33615488240935,48.917040039706876],[79.23621752016447,49.059807700056695],[79.12200339188462,48.95987033781182],[78.92926705041236,48.85279459254946],[78.96495896549965,48.759995613321905],[78.9792357315348,48.54584412279735],[78.9646503548284,48.40363669991069],[78.95068219946467,48.26744718511503],[78.9007135183424,48.10326437571291],[78.67228526178269,47.70351492673342],[78.56857684247336,47.59037846930494],[78.43019996111155,47.43942187145586],[78.35819640901309,47.360872541893855],[78.28848338997028,47.30168224270653],[78.12576990020023,47.16352927969422],[77.97986210908607,47.03964530610676],[77.82195045600605,46.89343081251411],[77.59438942614156,46.68272615523222],[77.60416786702439,46.63280186255594],[77.61702718732096,46.55972875120136],[77.23869288739394,46.52046764460516],[76.88177373651939,46.52760602762265],[76.72829850164334,46.581143900253835],[76.41064045736499,46.59185147478007],[76.25359603098019,46.659666113446235],[75.6575410490197,46.71320398607742],[75.37200572832006,46.68465045400745],[75.02722182857536,46.66775628086617],[74.60486750004048,46.46907128687934],[74.39980123408861,46.56322013601408],[74.41146226526035,46.57002240419769],[74.3499162650873,46.60199435233943],[74.1246571667262,46.743168145888774],[74.05008726204204,46.789902401710094],[74.02716250762228,46.804269743900534],[74.00987749869068,46.82047394794972],[73.9881685000143,46.84082551650562],[73.95081254873304,46.875845657913544],[73.91196128185351,46.91226761514753],[73.86175082470129,46.95933849005013],[73.80712904782803,47.01054485167231],[73.73982684171585,47.07363875489966],[73.73828604183439,47.07508321094724],[73.71063582684565,47.11992139741494],[73.69596106531827,47.14371830800013],[73.68572119290087,47.15617220688597],[73.62235944848027,47.23323378793856],[73.57171243775076,47.2948315036906],[73.56390097949469,47.30433192589368],[73.49848179495513,47.34281379915211],[73.43883898450628,47.3778978052988],[73.38945048173684,47.40694986575107],[73.38187221254867,47.41140767115604],[73.30747741003563,47.457532448714005],[73.26126848759571,47.48618198062667],[73.2034126371114,47.52205260792715],[73.19677956799626,47.520195348574816],[73.11418284939276,47.49706826736593],[73.09677266813912,47.51164810838753],[73.07540528211518,47.52954183888596],[73.06180121641052,47.54093431736368],[73.04981075675033,47.55097551067911],[73.01268175494283,47.5820685208991],[72.98316360482005,47.60678796119561],[72.9568516450613,47.62882243543015],[72.93599897408734,47.646285127130454],[72.90769410550314,47.66998852677284],[72.90386353010524,47.67319637277461],[72.85336147114953,47.725121024939995],[72.76370418041625,47.81730387315895],[72.72058400910174,47.86163869718655],[72.70372582588703,47.8789717588017],[72.6531913095045,47.97063902107715],[72.62653278946237,48.01899633650231],[72.56612533667601,48.128572646208],[72.55025059101098,48.15736869648384],[72.55274330441966,48.17763207841591],[72.5569398918355,48.211746330507935],[72.55864499533516,48.225607195268765],[72.56055194555069,48.2411088812662],[72.56430850185279,48.27164610019855],[72.56767643315038,48.29902416859744],[72.57170428398774,48.33176675328326],[72.57494384290061,48.358101276663206],[72.57671263835311,48.37247989623768],[72.58334909954601,48.42642799446668],[72.58670434265406,48.45370291999052],[72.59227231200947,48.49896519893633],[72.59638417694072,48.53239073805565],[72.60254699435086,48.58248856419385],[72.6071530094166,48.61993107247952],[72.61160048904986,48.64478884147451],[72.61551584315856,48.66667246455688],[72.61699545919305,48.67494230649419],[72.6199607023637,48.69151558750377],[72.62356165541655,48.7116419661553],[72.62904364254854,48.742281784881584],[72.63243115485142,48.761215204532846],[72.64082458542686,48.808127607853066],[72.6452786939746,48.83302242704991],[72.65346150873035,48.878757660416454],[72.6663094723823,48.95056725570146],[72.67936510710916,49.023537562227546],[72.68339744442301,49.04607502562635],[72.69063879035497,49.08654821926058],[72.69278186404642,49.09264258507119],[72.70765334437613,49.13493335725832],[72.73664738001128,49.217385146095864],[72.74898295672443,49.252464442373935],[72.78232727337604,49.347287342851814],[72.7890443902553,49.36638914397702],[72.80485291863482,49.411344646556415],[72.85670466882522,49.40017657728458],[72.88194942281893,49.39473924565539],[72.97317423265753,49.375090825074494],[73.03685036670328,49.36137596543398],[73.10064502563796,49.34956213970531],[73.1735988521458,49.33605217183339],[73.22958670817553,49.325684050346524],[73.24395319802682,49.367023796742046],[73.25026675784272,49.38519114063354],[73.2637758805638,49.42406380285581],[73.2768692538072,49.46174014098284],[73.28490418105093,49.48486074023788],[73.29509970296976,49.51419847651505],[73.31073500649558,49.55918924943575],[73.32399172555427,49.59733561710004],[73.34595581538156,49.66053754830648],[73.35629184092846,49.69027958545422],[73.3625729306907,49.70835349637804],[73.37061795536664,49.73150315111536],[73.38504353917506,49.773012941078946],[73.40418500441723,49.82809273627822],[73.41925889000868,49.87146802237726],[73.43506353162672,49.916946067683796],[73.45397628799037,49.971367750349714],[73.46452093837877,50.00171010797442],[73.4782403832848,50.041187974799584],[73.43503644673007,50.06047544647555],[73.41463003494556,50.06958545173643],[73.39116228749606,50.08006212470508],[73.34524066905539,50.100562847223216],[73.31527253583045,50.113941478127344],[73.27836565879505,50.13041776251822],[73.27875329814606,50.158715435148395],[73.27923935144429,50.194197325922744],[73.27994896860417,50.245999378587385],[73.2802444006116,50.26756591512833],[73.28045725872244,50.28310455722175],[73.2806330069514,50.29593417793029],[73.2815501700627,50.362887085058446],[73.2819348503038,50.39096874265664],[73.28856387152888,50.39910435961468],[73.30719936849778,50.42197519680377],[73.33224178153114,50.452709067344585],[73.35847974833018,50.48491020841624],[73.39615611618615,50.53114938714856],[73.43006714437985,50.57276746720453],[73.4389792766886,50.583705084128894],[73.48584868420153,50.67223618720868],[73.50322472384602,50.70505759542624],[73.51242063491543,50.72161023535108],[73.56702121981039,50.81989128816218],[73.59245451156465,50.865671213319786],[73.59709173262422,50.881901487028586],[73.62945035735987,50.99515667360305],[73.6352848096696,51.015577256687095],[73.65972786553056,51.108111682446975],[73.66503648013872,51.12820858060593],[73.68525349079204,51.204744406650605],[73.6853192369781,51.215389273129745],[73.68589549509278,51.308690360936],[73.68612868083335,51.34644511475881],[73.68625360634047,51.36667161640628],[73.68638298690468,51.38761942968085],[73.68650433862251,51.407267304459026],[73.68665726450621,51.43202730512263],[73.68686971070832,51.4664241513496],[73.68905714954604,51.48783171033733],[73.69068660211872,51.50377848857886],[73.6927140567226,51.52362034805145],[73.69582031108456,51.55401997446887],[73.69823091691279,51.577611576468996],[73.7032961306968,51.62718272835201],[73.70732783914889,51.66663939109992],[73.71102772874963,51.70284868001954],[73.71488952126475,51.74064244578432],[73.71949305315803,51.785695307995354],[73.72718981975504,51.86102037861485],[73.73100147030118,51.898323425672515],[73.73616781198115,51.948884274436466],[73.74070152225823,51.99325382137397],[73.74325285280912,52.01822263801881],[73.8205853354986,52.02417129053339],[73.98714760590673,52.042017248077116],[74.10612065619824,52.071760510649995],[74.08827469865452,52.14909299333948],[74.27268292660636,52.17288760339778],[74.39165597689788,52.196682213456086],[74.47493711210177,52.26211739111642],[74.55821824730583,52.34539852632048],[74.57606420484956,52.44652561906827],[74.40355328192686,52.494114839184874],[74.3467954964674,52.57570415578306],[74.29350321040738,52.66960008836486],[74.2131964014606,52.76775285485536],[74.11206930871282,52.86887994760315],[73.98119895339215,52.94918675654992],[73.84437994555691,52.99677597666653],[73.69268930643523,53.07410845935601],[73.56181895111456,53.127646331987194],[73.55682208300226,53.249831654636694],[73.68055405530544,53.3521484778874],[73.80904494962027,53.47588045019057],[73.9137412338768,53.59485350048209],[74.01605805712751,53.718585472785264],[74.0231196833384,53.72829520882516],[74.027518099274,53.733661276266616],[74.07762906962165,53.79479666009075],[74.09580146373133,53.816966980904624],[74.13031205647059,53.859069904046464],[74.1575572990954,53.892309100048635],[74.20392753631819,53.94888078946036],[74.27066038475135,54.030294864549035],[74.2936346504751,54.05700783413221],[74.36000883370315,54.13418338172124],[74.40348140194544,54.18473043324059],[74.47889939318617,54.27242152771407],[74.53233036926923,54.33454756282083],[74.59323456473533,54.40536296734962],[74.59843113830448,54.41140520231619],[74.6906352522804,54.4827890324911],[74.72905933917218,54.51694377639495],[74.77094206122717,54.55417286266601],[74.7941980608968,54.5766269313126],[74.8620643523991,54.63390415605562],[74.89697680650386,54.663369276895764],[75.01386395202701,54.76201871177],[75.01781114058207,54.76535002693345],[75.01497829011066,54.77125179874906],[75.00098999606212,54.800394078018996],[75.01756791539663,54.792708693974305],[75.07127472792064,54.7678106671637],[75.08953649503405,54.75934466544379],[75.10669714428644,54.751389132708084],[75.19286200712463,54.71144382662385],[75.24919265879583,54.68532941004128],[75.49189768139053,54.48545468555153],[75.64853325456056,54.479430240429565],[75.86309359829932,54.47117791951581],[76.20573598313962,54.4283476214116],[76.43845554204779,54.28669223772846],[76.53410160194346,54.22847289692112],[76.80536015660886,53.88583051208229],[76.93270009833265,53.709113858261674],[76.96931974683753,53.65829475421407],[77.0414270646607,53.558227456010684],[77.09868436432436,53.47876834627323],[77.1426014342423,53.417822208427935],[77.15617084623312,53.3989911877058],[77.21621206128731,53.31566868518189],[77.23702355651221,53.286787426502656],[77.30098442326954,53.19802540732917],[77.33956299390519,53.14448779909986],[77.37571757019691,53.09431410138899],[77.42254698262508,53.02932634536597],[77.50492169232297,52.91501042170353],[78.00460850354733,52.14406505581451],[78.46146501666675,51.63010147855516],[78.74700033736639,51.187521731470724],[79.05367845769581,50.828328896399],[79.3609012768706,50.61645109007145],[79.96052545033984,50.55934402593152],[80.7029172841589,50.54506725989654]]]}},{"type":"Feature","properties":{},"geometry":{"type":"Polygon","coordinates":[[[79.66309282461049,48.18844907972158],[79.782065874902,48.10754740552335],[79.99621736542673,48.11706524954667],[80.29602945216135,48.13134201558165],[80.52921663073272,48.10754740552335],[80.73860919924579,48.069476029430064],[80.94324284574719,48.007610043278476],[81.1478764922486,47.98381543322017],[81.4381707349599,47.86960130494032],[81.67611683554293,47.72207472257884],[81.9568932342309,47.684003346485554],[82.05683059647578,47.73635148861382],[82.29953561907047,47.779181786718766],[82.5612763297118,47.7506282546488],[82.74687428816657,47.70779795654386],[83.0324096088662,47.607860594298984],[83.29415031950754,47.50316431004245],[83.65582839239374,47.36515557170429],[83.47172119443309,47.12485182812952],[83.44270496988946,47.10432815711084],[83.35339237500011,47.14497874000017],[83.31416996300021,47.15794952400012],[83.2219792080001,47.17190216100016],[83.20192875200001,47.1803512580002],[83.15035567200022,47.21153798500018],[83.12637780800009,47.21758412700018],[83.09909265200025,47.219702861000144],[83.07160079000022,47.218514303000234],[83.04689945500019,47.21466440800009],[83.02147465000019,47.20590525400013],[83.01351648000025,47.19458811500016],[83.0151701260001,47.154383851000205],[83.01217289300018,47.14265330000012],[83.0013208420001,47.121362610000176],[82.99822025600025,47.11025217700006],[82.99946049000022,47.100046082000176],[83.00628177900018,47.08061574300018],[83.00545495600022,47.069789531000026],[82.99015873200011,47.0321690880001],[82.98550785300029,47.01253204300025],[82.9883500570001,46.99299835200026],[82.99336267100023,46.97560923300023],[82.99181237800013,46.95873687800014],[82.98550785300029,46.942510478000145],[82.8389534920002,46.732445781000195],[82.74743452900003,46.49333892800013],[82.7078503830001,46.43416941400022],[82.70128747600018,46.41685780900002],[82.68929854400017,46.36254587800016],[82.67436405500018,46.33112660700016],[82.607856486,46.25521392900009],[82.56827233900015,46.19650950100015],[82.5418656820001,46.13150054900012],[82.5158724370001,45.99316274],[82.5158724370001,45.993111064000175],[82.48894901500017,45.901695455000095],[82.47582320100025,45.873170065000124],[82.44750451700014,45.82542104100014],[82.37221195500007,45.734160462000204],[82.33603845300024,45.63514841700021],[82.30461918200024,45.58285186800015],[82.29713742600023,45.55454491100022],[82.29149336800009,45.53319081700016],[82.3274601650001,45.49334828800005],[82.32761519400009,45.49334828800005],[82.32777022300019,45.49329661100012],[82.3626518150001,45.481204326000125],[82.51303023300017,45.4657530730002],[82.61571130400017,45.43541900700018],[82.63198938000016,45.415833639000084],[82.63638187700025,45.37888499000013],[82.6347667561767,45.35366933611624],[82.53659301914178,45.32597930772181],[82.02976782489992,45.26173386056439],[81.78840181501874,45.21062105847187],[81.78733809400006,45.23233062800011],[81.78144698100016,45.266643779000105],[81.76516890500017,45.30772654300006],[81.73927901200022,45.338060608000205],[81.70475915500015,45.33986928300004],[81.66522668500016,45.34798248300018],[81.62259362800012,45.33433990500009],[81.54203007000024,45.29330881800024],[81.1441732180001,45.20468373600016],[81.06252445500024,45.17223093700022],[81.02190677900018,45.161637268000106],[80.97601810700013,45.16106882800011],[80.85385502200023,45.126497295000206],[80.82755171700018,45.125773824000134],[80.74569624800023,45.14427398800018],[80.69712040200022,45.14365387000004],[80.53682010900019,45.101072490000206],[80.46757369000011,45.10629181000007],[80.44535282400022,45.10422475200011],[80.42509566300004,45.09213246700011],[80.40638879400024,45.05663075800015],[80.39005904100014,45.045778707000125],[80.36504764900013,45.043194886000094],[80.29053023300025,45.046243795000066],[80.21901005100023,45.02603831000022],[80.14759322100025,45.0344615690002],[80.10335819500023,45.032187805000206],[80.06170699100011,45.018958639000004],[80.0237764900001,44.99327545200015],[80.0237764900001,44.99322377600015],[79.92466109300005,44.93167714399999],[79.8781523030002,44.914727275000075],[79.8582052000001,44.90372019500012],[79.84301232900009,44.873489482000195],[79.86864384000017,44.849356588000205],[79.99173710100013,44.79364939400011],[80.03938277200012,44.79049713200021],[80.21828658100009,44.81809234600013],[80.24474491400014,44.8159736130001],[80.26256199607775,44.80960325872792],[80.21661853845723,44.754908666322535],[79.82400747249523,44.56931070786777],[79.90966806870512,44.19097640794075],[79.93108321775759,43.898302704223624],[79.74548525930282,43.87688755517115],[79.6812398121454,43.755535043873806],[79.63127113102297,43.662736064646424],[79.66696304611042,43.527106787314096],[79.85256100456519,43.40575427601675],[80.11668117621235,43.32009367980686],[80.37366296484203,43.291540147736896],[80.67147716248923,43.30808538093959],[80.69598352100024,43.30327524900008],[80.73546431500017,43.288883362000206],[80.74848677600022,43.27516326900019],[80.75582482900012,43.25761912000013],[80.75913212100022,43.23824045900017],[80.75995894400012,43.21878428200017],[80.76522994000015,43.19994822300015],[80.78079965341703,43.17843466580882],[80.65369640040677,43.13304064687662],[80.61846887200011,43.13426747700015],[80.5758874920001,43.119410502000164],[80.4978560790002,43.07618316600008],[80.41021285000011,43.04866546700009],[80.3681482340001,43.02845998200024],[80.35512577400016,43.000580546000094],[80.3738326420002,42.975181580000196],[80.40773238100013,42.95469187400022],[80.47615197800019,42.9302747600002],[80.52193729700014,42.92544301400011],[80.54291792800018,42.916658021000046],[80.55449344900018,42.89893300400007],[80.5486023360001,42.87846913600015],[80.52669152900023,42.86839223300012],[80.47615197800019,42.86389638300005],[80.40049768100016,42.84301910400012],[80.38168746000031,42.83141774600017],[80.33393843600015,42.81707753600023],[80.31678186100021,42.81560475700013],[80.28174524000019,42.822736105000104],[80.2648987230001,42.823666280000225],[80.24825891100016,42.816199036],[80.22748498600004,42.790980937000086],[80.2053674720002,42.73108795200011],[80.18893436700006,42.701580709000154],[80.15245080500017,42.66036875500015],[80.14376916500021,42.644762472000195],[80.1400484620001,42.622955018000084],[80.14542281100023,42.6071161910001],[80.15348433400015,42.59153574700025],[80.16237268100025,42.55239084900006],[80.17374149600022,42.53691375800014],[80.20009647600023,42.50838836700024],[80.21053511600024,42.49084421900011],[80.21208540900017,42.47875193300001],[80.20629764800026,42.46596201600022],[80.19472212700003,42.44629913400013],[80.19616906800013,42.434594422000146],[80.2186999920001,42.35493520100016],[80.22552128100023,42.33901886100023],[80.23188868563756,42.32984520266632],[80.18092662336977,42.22792107813075],[79.87397615361766,42.1065685668334],[79.58844083291802,42.06373826872846],[79.36001257635832,41.85672516122122],[79.10303078772864,41.735372649923875],[78.75325001987159,41.60688175560904],[78.46771469917195,41.54977469146911],[78.0394117181225,41.428422180171765],[77.57541682198558,41.3213464349094],[77.11856030886617,41.21427068964704],[76.76164115799162,41.17144039154209],[75.96928064305013,41.14288685947213],[75.68374532235049,41.0072575821398],[75.5642204091148,40.915856177900764],[75.43390191673831,40.95015051799987],[75.29113425638849,40.92159698592991],[75.19119689414362,40.86448992178998],[75.19119689414362,40.743137410492636],[75.01273731870634,40.728860644457654],[74.84141612628656,40.71458387842267],[74.69151008291925,40.586092984107836],[74.55588080558692,40.507570770915436],[74.43452829428958,40.500432387897945],[74.2632071018698,40.414771791688054],[74.11330105850249,40.43618694074053],[74.01336369625761,40.37194149358311],[73.96339501513518,40.336249578495654],[73.82993661725112,40.40906339657835],[73.78395592701469,40.45858106298704],[73.76024034727004,40.48412091809661],[73.7139378932169,40.53398509938444],[73.69743837168244,40.59998318552181],[73.69014328315842,40.62916353961748],[73.66040002058571,40.715419001079],[73.66001412203383,40.716856662350324],[73.63006189276138,40.82844339885594],[73.57014052000511,40.866239957056166],[73.53949827017868,40.88556814540823],[73.49539488453206,40.913387204046956],[73.43673068603766,40.95039077540474],[73.4136809016751,40.98368490837322],[73.38970478434265,41.01831707785334],[73.37531523811805,41.03910197795534],[73.35642387709089,41.06638949943897],[73.35667806324142,41.067829887625294],[73.37270004368355,41.15862111013075],[73.38319281340648,41.21808013856065],[73.42727142333604,41.245506829183626],[73.47543031698069,41.275472363007],[73.51703749498444,41.30136127376471],[73.55172311764653,41.3127336090638],[73.61557032767428,41.33366712054823],[73.66585491433898,41.35015387027437],[73.698471396679,41.36084779891047],[73.77580387936848,41.41438567154165],[73.78730671318499,41.41758090315733],[73.88287962463068,41.44412893411436],[73.95728617114202,41.46839193841163],[74.01969863246609,41.48874382797385],[74.06688868250598,41.496950793198096],[74.08810813638354,41.50064113300283],[74.16841494533031,41.536333048090285],[74.20708118667523,41.60176822575079],[74.21302983918963,41.6553060983818],[74.21191058527643,41.657047160024774],[74.18626090287421,41.696946665984],[74.13272303024286,41.71479262352756],[74.0167243062088,41.676126382182986],[73.90964856094644,41.70289531849858],[73.89288835766718,41.72085267915503],[73.84711963305068,41.76989059838712],[73.81576139205146,41.80348871374332],[73.77443847547062,41.847763267222945],[73.74308629053832,41.88135489393585],[73.71732246861905,41.9471957721737],[73.71631735422255,41.9497643978533],[73.66257240683262,42.06925020469049],[73.77129177242938,42.11315610233555],[73.93290862259067,42.14009224402906],[74.17982325478124,42.2029432413139],[74.39082303138053,42.31517716503697],[74.48061017035906,42.36904944842399],[74.48509952730802,42.49924079994281],[74.36837624663599,42.598006652819095],[74.28756782155534,42.66983636400181],[73.9995604599552,42.69117024263886],[73.9239299086928,42.69677250569532],[73.61416427921722,42.952665851783934],[73.4414042607333,42.964881206626046],[73.16971794127403,42.984091350426354],[73.14727115652931,43.32528247854435],[73.32684543448619,43.39262283277816],[73.55131328193232,43.35221862023786],[73.68150463345103,43.4173142959973],[73.77578112937834,43.60586728785188],[73.7785817582872,43.81311382711482],[73.78027048632725,43.93807970207217],[73.60466068040495,44.06686022641543],[73.57891726076912,44.08573873414798],[73.58482879569647,44.091430961220055],[73.59600102196362,44.102188716962985],[73.6037276113696,44.1096286630908],[73.60879491461327,44.11178372309092],[73.64400950002414,44.12676004102428],[73.74136911284603,44.24216389980705],[73.81275294302094,44.322470708753826],[73.90751614600475,44.448821646065596],[73.99783376646798,44.7737416617735],[74.00182093420688,44.99808607205517],[74.00671660764954,45.01257020135023],[74.00417584722368,45.01398173492004],[73.9938731027741,45.021929566352526],[73.98828018435859,45.02457884349684],[73.99917165706239,45.03193794667504],[74.01586249176165,45.03962882148744],[74.02458900431509,45.06544670693313],[73.99887729293533,45.08374603305032],[73.99181255388419,45.09463750575412],[73.98857454848576,45.105528978457926],[73.98828018435859,45.13143302164559],[73.99416746690127,45.13761466831534],[74.02448697199577,45.13996958133242],[74.0359671729538,45.14203013022234],[74.02566442850423,45.14556249974794],[74.01565604818188,45.15144978229051],[74.00741385262205,45.159397613723115],[74.0018209342067,45.16911162991846],[74.00800258087645,45.17794255373235],[74.00447021135085,45.18647911341924],[73.99446183102833,45.19324948834321],[73.98150980943461,45.196487493741586],[73.98150980943461,45.20296350453856],[73.99976038531662,45.20149168390287],[74.007119488495,45.20708460231839],[74.00329275484222,45.21591552613228],[73.98828018435859,45.22386335756488],[73.9148238083497,45.65410589238246],[73.99513061729647,45.93369256056752],[74.527535017351,46.41255908799087],[74.60486750004048,46.46907128687934],[75.02722182857536,46.66775628086617],[75.37200572832006,46.68465045400745],[75.6575410490197,46.71320398607742],[76.25359603098019,46.659666113446235],[76.41064045736499,46.59185147478007],[76.72829850164334,46.581143900253835],[76.88177373651939,46.52760602762265],[77.23869288739394,46.52046764460516],[77.61702718732096,46.55972875120136],[77.60416786702439,46.63280186255594],[77.59438942614156,46.68272615523222],[77.82195045600605,46.89343081251411],[77.97986210908607,47.03964530610676],[78.12576990020023,47.16352927969422],[78.28848338997028,47.30168224270653],[78.35819640901309,47.360872541893855],[78.43019996111155,47.43942187145586],[78.56857684247336,47.59037846930494],[78.67228526178269,47.70351492673342],[78.9007135183424,48.10326437571291],[78.95068219946467,48.26744718511503],[78.9646503548284,48.40363669991069],[78.9792357315348,48.54584412279735],[78.96495896549965,48.759995613321905],[78.92926705041236,48.85279459254946],[79.12200339188462,48.95987033781182],[79.23621752016447,49.059807700056695],[79.33615488240935,48.917040039706876],[79.33740301462774,48.90680535551604],[79.34222352110885,48.86727720237161],[79.3456277071038,48.839362877212864],[79.35535328727184,48.75961311983593],[79.35695946227037,48.74644248484748],[79.25049428619928,48.70288854918198],[79.3718467974968,48.62436633598975],[79.47178415974167,48.5815360378848],[79.61074468248222,48.36928811616468],[79.66309282461049,48.18844907972158]]]}},{"type":"Feature","properties":{},"geometry":{"type":"Polygon","coordinates":[[[107.87103443982716,60.72456513878143],[108.09946269638687,60.686493762688144],[108.42306939317979,60.686493762688144],[108.6990868698561,60.74360082682807],[109.18449691504549,60.90540417522453],[109.61279989609494,61.10527889971428],[109.85074599667797,61.18142165190085],[110.1743526934709,61.18142165190085],[110.91674452728995,61.18142165190085],[111.30697613224612,61.238528716040776],[111.93515383778532,61.34322500029731],[112.38249250688023,61.381296376390594],[112.72513489171979,61.32418931225067],[113.2676520010491,61.238528716040776],[113.75306204623848,61.381296376390594],[114.20040071533458,61.4288855965072],[114.53352525615082,61.37177853236727],[114.93327470513032,61.314671468227345],[115.32350631008649,61.27660009213406],[115.58048809871616,61.20997518397081],[115.63759516285609,61.06720752362099],[115.4662739704363,60.88636848717789],[115.37109553020309,60.75311867085139],[115.52338103457623,60.63890454257154],[115.84698773136915,60.64842238659486],[116.17059442816208,60.619868854524896],[116.46564759288503,60.458065506128435],[116.68455800542142,60.229637249568725],[116.77973644565463,60.077351745195585],[116.96057548209774,60.04879821312562],[117.20803942670409,59.89651270875248],[117.50309259142705,59.839405644612555],[118.0170561686864,59.73470936035602],[118.35018070950264,59.56338816793624],[118.62619818617895,59.35399559942317],[118.67378740629556,59.08749596677018],[118.53101974594574,58.80196064607054],[118.42632346168921,58.48787179330094],[118.25500226926943,58.09764018834477],[118.08368107684964,57.754997803505205],[118.0170561686864,57.27910560233914],[117.90284204040654,56.93646321749958],[117.80766360017333,56.55574945656673],[117.90284204040654,56.22262491575049],[118.09319892087296,55.908536062980886],[118.25500226926943,55.48023308193143],[118.29307364536271,55.118555009045224],[118.17885951708286,54.98530519271873],[117.96946694856979,54.77591262420566],[117.53164612349701,54.60459143178588],[117.05575392233095,54.518930835575986],[116.73214722553803,54.423752395342774],[116.34499886582933,54.35116207789724],[116.27529071241861,54.33809179913237],[116.48468328093168,54.46182377143555],[116.48496086840157,54.464229529505474],[116.51323681300164,54.7092877160419],[116.38950484069846,54.890126752485],[116.3133620885119,54.975787348694894],[116.05638029988222,55.04241225685814],[115.81843419929919,55.09000147697475],[115.78988066722923,55.25180482537121],[115.80891635527587,55.40409032974435],[115.89457695148576,55.55637583411749],[115.88505910746244,55.79432193470052],[115.80891635527587,55.94660743907366],[115.70422007101934,56.07985725540016],[115.5995237867628,56.12744647551676],[115.50434534652959,56.15600000758673],[115.50434534652959,56.25117844781994],[115.39013121824973,56.2797319798899],[115.4186847503197,56.51767808047293],[115.39013121824973,56.66996358484607],[115.2378457138766,56.679481428869394],[115.1045958975501,56.73658849300932],[115.19977433778331,56.82224908921921],[115.26061485389641,56.87235304366504],[115.36157768617977,56.95549890554571],[115.39842774600538,56.94665489118802],[115.4247682951634,56.94033315939009],[115.47512570228389,56.92824738168099],[115.59053412157823,56.90054936105048],[115.5995237867628,56.89839184140595],[115.65893501320488,56.889904523343034],[115.8660234194158,56.86032046531267],[115.9136126395324,56.86032046531267],[115.91381688651279,56.8603204653125],[116.08493383195218,56.86032046531267],[116.15119210172156,56.88821868416261],[116.26577286839529,56.93646321749907],[116.21818364827868,57.01260596968564],[116.04103819737202,57.06897043133779],[116.00879107976561,57.079230877848886],[115.97398067852407,57.08742156049408],[115.85325917898149,57.115826619210054],[115.84698773136915,57.11730225394234],[115.72134784958837,57.112815115307455],[115.62304396856996,57.1093042624139],[115.58048809871616,57.10778440991902],[115.52391246174818,57.0990804657701],[115.47086671080467,57.09091958100964],[115.33302415410981,57.069713033825735],[115.26870990290672,57.05720748498072],[115.21299081952486,57.046373218767656],[115.03623684624927,57.012004390630636],[115.00554293674122,57.006036130448535],[114.99038176927024,57.003088125662316],[114.82054387446124,57.01852793428128],[114.67629291650064,57.03164165773228],[114.39839163449358,57.07303121037171],[114.22895424740454,57.09826656589553],[113.9337051666048,57.131817597804854],[113.83247206108672,57.14332135979549],[113.82998544178372,57.14360393017097],[113.81016911037841,57.145855786012305],[113.67064902502409,57.1345433466592],[113.45853252573409,57.11734471158172],[113.45800888151552,57.11730225394234],[113.31991655744321,57.071271479251436],[113.11536649667596,57.00308812566249],[113.06910794260568,56.985612671902516],[112.86098481943941,56.90698838092868],[112.6870635156265,56.841284777266026],[112.52658244507859,56.75755552306708],[112.3219506346594,56.65079110023959],[112.0902520850309,56.52990490043351],[112.03033227801734,56.49864239242646],[111.90433594912741,56.4459872102035],[111.84761661369316,56.42228360733543],[111.81457092093109,56.4084734670767],[111.62458289587505,56.329075486456304],[111.4778641680096,56.26776019719904],[111.39263672845567,56.23214275977347],[111.28290899894347,56.20369482989997],[111.22958572158757,56.189870276511556],[111.13984031097624,56.16660294783446],[111.13565493982583,56.16551785161005],[111.10995676096269,56.16616030608168],[110.9156520401682,56.171017924101534],[110.75494117889298,56.17503569563337],[110.62131205014231,56.18796754680284],[110.48407269980316,56.20124877425519],[110.46317704811173,56.203270934096395],[110.45988801417019,56.2035892277035],[110.40296297434105,56.197896723720646],[110.32644680971151,56.19024510725774],[110.2579713227384,56.18339755856039],[110.15937622003224,56.1735380482898],[110.07917425323734,56.16551785161022],[110.05812615867563,56.15940711447951],[110.0279302696186,56.150640566043535],[109.96561636080321,56.132549431226096],[109.55924130694973,55.76651457078589],[109.14726497557871,54.77719733483633],[108.21451626129323,53.44469917157153],[107.70055268403388,52.949771282358824],[106.75828612572508,52.60712889751926],[106.28239392455902,52.45484339314612],[106.03492997995266,52.264486512679696],[105.67325190706646,51.85521921967688],[104.85471732106083,51.66486233921046],[104.74836971136722,51.474240056603094],[104.72062806810749,51.24479249155314],[104.72062806810749,51.14961405131993],[104.66352100396756,51.08298914315668],[104.1876288028015,51.01636423499343],[103.89257563807854,51.01636423499343],[103.84498641796176,51.01636423499326],[103.54778406265314,51.034376498951644],[103.53089756519216,51.035399923039904],[103.38274752771895,51.03046158845757],[103.29546462628377,51.027552158409776],[103.24536224449253,51.02588207901658],[103.22731037122998,51.02018148746009],[103.1896989173975,51.0083041862498],[103.1404033137863,50.992737153530584],[103.07411264591099,50.97180325841185],[103.06452320804942,50.968775014876655],[102.97494965169551,50.958026188114275],[102.87108646287516,50.945562605455734],[102.82657710746639,50.94022148280669],[102.60766669493,50.94022148280669],[102.42050102069243,50.52945080763135],[102.37269657400009,50.53366078800008],[102.32763472600021,50.54554636600011],[102.30293339000008,50.563891500000125],[102.2824178470002,50.59060821600019],[102.27156579700011,50.62094228100011],[102.27590661600016,50.65019114200015],[102.29683557200025,50.67494415300018],[102.32024499500011,50.69613149000003],[102.32939172400012,50.71881744500013],[102.30753259300025,50.74822133399999],[102.24567590400017,50.77876210500017],[102.21678877800008,50.79886423700009],[102.20304284700023,50.82935333300014],[102.21275801600018,50.85674184200025],[102.23187829599999,50.88475046899998],[102.23947473100014,50.91229400700024],[102.21523848500016,50.93818389900014],[102.22557377099997,50.950741272000016],[102.2310514730001,50.96490061500015],[102.2296562090001,50.97926666300009],[102.21937259900011,50.99265085900009],[102.19198409100005,51.020581970000194],[102.16537072800014,51.05755645800008],[102.14650883000019,51.09763153100005],[102.1421680090001,51.13483856200003],[102.14878259300013,51.16878997800006],[102.15002282800015,51.18540395100007],[102.1476457120001,51.202638042000046],[102.13968754100023,51.22093149900013],[102.13379642700022,51.230853374000105],[102.13529504400015,51.240284323000196],[102.17927168800009,51.28643137600022],[102.19337935400011,51.30720530300016],[102.18387089000015,51.32389679000005],[102.09126672399998,51.36464365600011],[102.07467858899997,51.37482391400022],[102.05121748900001,51.38360890800004],[101.97421960500009,51.387226258000055],[101.95561609000015,51.3937891650001],[101.92068282100013,51.413038635000134],[101.9018726000001,51.41706939800014],[101.82177413000016,51.41358123900011],[101.79531579600018,51.419394837000084],[101.74219242400017,51.444845480000254],[101.72369226100022,51.45058156300013],[101.69661381100025,51.452441915000065],[101.64369714400016,51.45009063800012],[101.56985152200014,51.470089417000054],[101.52639164300001,51.4758255010002],[101.50763676311715,51.47457954729214],[101.06946862800015,51.553443502000164],[100.63890059500005,51.69203969300014],[100.57110111500003,51.704803772000105],[100.5108980720002,51.726895447000004],[100.21029626500001,51.72622365400014],[100.0982617590002,51.73865183600009],[100.00596765200021,51.731727193000324],[99.8562685292751,51.78496847601372],[99.84866459100016,51.78934641500018],[99.78396569900019,51.837612203000106],[99.70965498900017,51.88058115600006],[99.67932092300015,51.888668519000134],[99.55684777900024,51.89145904600019],[99.25874478681487,51.97519841124273],[99.25598759000002,51.977913717000206],[99.23283654800014,51.99424347000013],[99.19873010300017,52.006594137000036],[99.02509729100018,52.045532329000196],[98.99471154800023,52.05829640700006],[98.97445438700021,52.08038808200013],[98.96246545499997,52.112556660999985],[98.93765156299997,52.12468748800018],[98.92763553900011,52.129584046000105],[98.886397746,52.12855051700012],[98.8702620353414,52.11709849422488],[99.17172500251104,52.510665746654695],[98.86715399376476,52.672469095051156],[98.50547592087855,52.93896872770415],[98.3056011963888,53.11028992012393],[98.16283353603899,53.319682488637],[98.02006587568917,53.48148583703346],[97.88681605936267,53.62425349738328],[97.54417367452311,53.77653900175642],[97.25863835382347,53.84316390991967],[96.93503165703055,53.909788818082916],[96.7351569325408,53.92882450612956],[96.53528220805106,53.87171744198963],[96.30685395149135,53.833646065896346],[96.06890785090832,53.86219959796631],[95.97995286868178,53.91400567561027],[95.96450156054647,53.92300429096497],[96.34484189752942,54.4935147964394],[96.30680786383107,55.02599126821531],[96.53501206602067,55.53945072314235],[96.58864571944457,55.83060484172904],[96.66813118396476,56.26209736340974],[96.97240345355107,56.50931858244866],[97.01019939364375,56.50136154242921],[97.0199926736675,56.50931858244843],[97.13626815956724,56.48483953278543],[97.46358084516436,56.41593159897559],[97.59534214766484,56.38819237739648],[97.59871543412106,56.38748221182675],[97.931265573762,56.31747165611296],[98.19294984290951,56.262380231029226],[98.19927371960313,56.26104888856736],[98.56746880559962,56.18353413362064],[98.74879262794502,56.14536069733754],[98.97150692382746,56.098473477151686],[99.00369564033286,56.091696905255674],[99.25764195796268,56.03823452259701],[99.38055842625431,56.012357371377675],[99.50117692549804,55.98696400311587],[99.4446156439397,57.155897155319394],[99.68780097875481,57.425138061721896],[99.97709211571566,57.74542467764286],[100.12922825050879,58.23986711572047],[99.82495598092248,58.487088334759505],[100.08941399314062,58.8308837506429],[100.20529631790544,58.98153077283712],[100.35743245269862,59.038581823384504],[100.40502167281522,59.038581823384504],[100.72822316312642,59.038581823384504],[100.77581238324302,59.038581823384504],[101.24218674038576,59.038581823384504],[101.67602321027249,59.04778114046508],[101.96437037645109,59.07661585708286],[101.97253657398596,59.07267355482469],[102.01195959656769,59.07661585708286],[102.08463013156529,59.04153352984264],[102.16866204790153,59.00096639781833],[102.20535624860315,58.98325195610022],[102.24105998396072,58.9660156700657],[102.3546363658757,58.91118569258953],[102.4687764977952,58.856083559938725],[102.56345308519286,58.8103776211949],[102.57571674345013,58.800901157996236],[102.63142789188862,58.75785163420284],[102.78017218315432,58.6429128636795],[102.83279554081952,58.60224936002902],[102.86009604088491,58.58115351906923],[102.915290237656,58.53850345792813],[102.95113725296108,58.51080349155592],[102.981827455874,58.487088334759505],[102.98596007099201,58.41270126263743],[102.98836114428599,58.36948194334673],[102.99079102119276,58.32574415902474],[102.99489325810913,58.25190389453218],[102.99697528053491,58.21442749086685],[104.77620622260054,58.017234566080276],[104.64401920438468,58.29177683468254],[104.53166765108551,58.52512236845769],[104.61863110524155,58.81085943211298],[104.72183781957699,59.22875199187598],[104.54865738284292,59.3313774358665],[104.31593884938343,59.469284714953744],[104.20837836465012,59.53302426146229],[103.94214012876199,59.875330564746946],[103.77098697711978,60.04648371638916],[103.90429071440838,60.26243577079674],[104.23543521593723,60.798889863273416],[104.46011978017827,61.16287885734397],[104.55782610762202,61.32116310780276],[104.89194926052744,61.466956972600315],[104.91929865041055,61.477475968709314],[104.95836240184025,61.49250048848995],[105.01568123283079,61.51454619271709],[105.59626971825338,61.466956972600485],[106.52901843253886,61.390814220413915],[107.0810533858915,61.381296376390594],[107.45224930280102,61.314671468227345],[107.66164187131409,61.10527889971428],[107.78537384361726,60.86733279913125],[107.87103443982716,60.72456513878143]]]}},{"type":"Feature","properties":{},"geometry":{"type":"Polygon","coordinates":[[[126.90331192569329,56.299778938863994],[127.2102623954454,56.18556481058414],[127.42441388597013,56.17128804454916],[127.74564112175722,56.18556481058414],[128.00976129340438,56.19984157661912],[128.309573380139,56.18556481058414],[128.71646121213598,56.149872895496685],[129.1661793422379,56.12845774644421],[129.54451364216493,56.09990421437425],[129.90857117605697,56.04993553325181],[130.22979841184406,56.04993553325181],[130.9008064154882,56.03565876721683],[131.12209628903042,56.03565876721683],[131.26486394938024,55.94285978798945],[131.44332352481752,55.8215072766921],[131.6860285474122,55.764400212552175],[131.77165510627583,55.73585802626462],[131.7716891436221,55.73584668048255],[131.69661248238538,55.69205196142701],[131.6860285474122,55.68587799935938],[131.72885534141597,55.5573976173481],[131.72885884551715,55.55738710504454],[131.72710329082224,55.550950071162845],[131.70744369646468,55.47886489185214],[131.70744369646468,55.41461944469472],[131.843072973797,55.33609723150232],[131.95727706499576,55.179066606104016],[131.95728710207686,55.17905280511752],[131.9573959736814,55.17831792178737],[131.95882961678194,55.16864083086],[131.98584063414683,54.98631646364527],[131.91445680397192,54.822133654242975],[131.85772563735054,54.78641403081485],[131.72172046249966,54.70078114294563],[131.57181441913235,54.579428631648284],[131.39335484369508,54.47235288638592],[131.1506498211004,54.37241552414105],[130.98727270429742,54.325122148224466],[130.87939126643573,54.29389331094865],[130.7925386699303,54.25732379663077],[130.74389284047822,54.23684134212459],[130.7437619891034,54.23678624680872],[130.7366236060859,54.16540241663381],[130.92222156454068,54.07974182042392],[131.16492658713537,53.92269739403912],[131.28627909843271,53.75137620161934],[131.41476999274755,53.63716207333948],[131.42904675878253,53.501532796007155],[131.46473867387,53.38018028470981],[131.6146447172373,53.30165807151741],[131.78596590965708,53.24455100737748],[131.93940466509673,53.229207131833675],[132.0001174001818,53.22313585832501],[132.20713050768904,53.22313585832501],[132.4087242339458,53.270569676267826],[132.44983553028374,53.280242922464936],[132.46127827287626,53.286213049034984],[132.61401833968603,53.36590351867483],[132.82816983021075,53.437287348849736],[132.90648950360435,53.475536491669914],[133.13512029996286,53.587193392217046],[133.45634753574996,53.67285398842694],[133.73733837280918,53.69292476250257],[133.75615962248457,53.69426913747941],[133.7561864252234,53.69426776297996],[134.03455656016672,53.67999237144443],[134.30030692373896,53.61705149586152],[134.30581511483138,53.61574692428701],[134.30586473608992,53.615732968308066],[134.53424337139109,53.55150147712959],[134.78408677700327,53.494394412989664],[135.05534533166792,53.423010582814754],[135.24808167314018,53.28738130548243],[135.28377358822763,53.1517520281501],[135.2409432901227,52.93760053762537],[135.05534533166792,52.723449047100644],[134.99202413638477,52.66012785181755],[134.89830090528312,52.56640462071584],[134.89700513912862,52.55863002378925],[134.86974737321316,52.39508342829606],[134.86260899019567,52.22376223587628],[134.9125776713181,52.16665517173635],[135.02679179959796,52.16665517173635],[135.11959077882534,52.109548107596424],[135.14204031473855,52.01974996394466],[135.1481443108953,51.99533397931657],[135.0539854429013,51.85409567732546],[135.04821581491922,51.84544123535227],[135.04820694865043,51.84542793594926],[135.04489805718845,51.84129182162178],[134.93399535239575,51.702663440631056],[134.93399282037058,51.70266027559944],[134.86925062310115,51.67703315584697],[134.591350435531,51.567030998267114],[134.32009188086636,51.46709363602224],[134.30492910757994,51.4608193850072],[134.11307877335912,51.38143303981235],[133.92034243188687,51.23152699644504],[133.85808324632512,51.135743634042456],[133.82754345265948,51.08875933609522],[133.7744673382855,51.0496506202407],[133.69191417532716,50.98882197385035],[133.64910142665462,50.86038372783315],[133.6490838772222,50.86033107953551],[133.63480711118723,50.68900988711573],[133.60626178301595,50.51060158604565],[133.60625357911726,50.51055031167846],[133.52539390192862,50.4059083764933],[133.48490106781992,50.35350588529366],[133.29216472634766,50.20359984192635],[133.19278813317726,50.11951195539774],[133.1065667678929,50.04655541554155],[132.95666534788143,50.01086460125322],[132.9566607245256,50.01086350045409],[132.950486783045,50.00468955897355],[132.8496375288213,49.903840304749906],[132.84958497926323,49.90378775519173],[132.8026534464983,49.77472604008841],[132.76392556756923,49.66822437303358],[132.76392438305334,49.66822111561453],[132.7996162981408,49.482623157159765],[132.89955366038566,49.36840902887991],[133.14225868298035,49.27561004965253],[133.35641017350508,49.21136460249511],[133.68477579230967,49.1399807723202],[133.93461919792185,49.05432017611031],[134.07674705776185,48.99658073305034],[134.16304745448156,48.96152119688293],[134.2025538926731,48.94517370521754],[134.3700605619888,48.875860600673036],[134.56993528647854,48.797338387480636],[134.77694839398578,48.72595455730573],[134.9196779109966,48.64031684709937],[134.9197160543356,48.640293961095836],[134.92401996922104,48.56712740804494],[134.9268544373531,48.51894144979849],[134.66116499900033,48.26697743700032],[134.20620568900017,48.35965911900013],[133.4637187100003,48.089520569000115],[133.254170276001,48.17713720874161],[133.17081221505032,48.21199098004604],[132.91565206921632,48.0105085075993],[132.5364368090004,47.711068217000104],[131.86484989400003,47.68156097400015],[131.53794478400027,47.70321339900016],[131.10386275300039,47.6765483600002],[131.03012062353787,47.76707321410663],[130.76121711521876,48.097175572645654],[130.7072978110001,48.163366191000364],[130.75959436100027,48.46792124500013],[130.58637496000006,48.583443909000096],[130.62492557800022,48.87433054600024],[130.50108198431235,48.88158006331787],[130.47277195862614,48.8832372666933],[130.35850911555747,48.88992594904619],[130.2222307444771,48.89790336945009],[130.04278842428153,49.02350675961998],[129.73505741400038,49.2389077760003],[129.48060266200025,49.42127390600024],[129.08786177600018,49.352079163000155],[128.7341882740002,49.58441640300009],[128.24543257700032,49.551395162000176],[127.70360518500013,49.66063914100016],[127.50671797700022,49.844297181000115],[127.40481205300034,50.27595041900037],[127.32478071574451,50.45583496115205],[127.31029585800013,50.48839223300013],[127.24110111500022,50.7746796670001],[126.9163147380001,51.23276540200021],[126.88514384175676,51.300313905768974],[126.86045584887279,51.35381371428741],[126.83372204483521,51.41174687247013],[126.8120690982505,51.458669621580725],[126.7539405588168,51.58463635138969],[126.72447693907134,51.648485122816794],[126.72253275529772,51.65269824212942],[126.71423287775497,51.67068438872889],[126.70733524600018,51.685631816000296],[126.44605920400033,51.98253875700027],[126.38454768348356,52.18310063373673],[126.36360585600164,52.25138267565006],[126.34811756551346,52.30188314420718],[126.33511630679402,52.34427450157892],[126.312682333,52.41742177300006],[126.29619755100009,52.435198466000145],[126.28896285000042,52.450029603000246],[126.27599206600019,52.46328460799998],[126.24679488100014,52.46584259100018],[126.21677087500018,52.4647573860002],[126.20033776900004,52.46708282500015],[126.20064782700013,52.486539002000086],[126.2104663490004,52.5114212040001],[126.21232670100017,52.53304779100023],[126.17036543800009,52.5475947070002],[126.08277388500017,52.593354187000216],[126.06861454300031,52.59531789200025],[126.06251672400015,52.58717885400023],[126.05910607900012,52.575499980000245],[126.05078617400011,52.57118499800009],[126.03952071200013,52.5696605440001],[126.02804854400017,52.56637909000017],[126.0092383230002,52.56839447100003],[125.9908415120002,52.58642954500016],[125.97730228700004,52.61076914500018],[125.9731681730002,52.63156890900018],[125.98277998900016,52.65304046700021],[126.00257206300012,52.66549448700022],[126.02768680800011,52.67117889400009],[126.0526465260001,52.672496644000205],[126.06861454300031,52.67988637300016],[126.06194828300022,52.69662953700009],[126.03512821500021,52.727118633000146],[126.04902917600043,52.73709218300024],[126.06603072100017,52.74417185500005],[126.10406457600038,52.754455465000035],[126.0880448810002,52.77541025800019],[126.0667025150002,52.78318756200014],[126.01781661000018,52.78238657700018],[126.0074813240002,52.77866587400024],[125.98526045800031,52.76453237000021],[125.97694055200031,52.76499745800015],[125.86743819200012,52.8493592330002],[125.86103031500045,52.85602549200013],[125.85694787700004,52.864319560000126],[125.85751631700009,52.87442230300019],[125.86185713700013,52.88145029700013],[125.86371748900001,52.888581645000215],[125.85694787700004,52.89904612300012],[125.83736250800018,52.906720073000145],[125.73649011200018,52.895790507000186],[125.69173832200022,52.881295268000144],[125.66869063300021,52.87796213800004],[125.64646976800032,52.88488678000016],[125.64708988500013,52.900906474000124],[125.66093916900013,52.919354960000135],[125.6788708910002,52.93323008200025],[125.68858606000015,52.93645986000013],[125.71106530800023,52.94121409200022],[125.7198503020004,52.94630422000006],[125.72429447400009,52.952763774000175],[125.7335445560002,52.981650900000204],[125.67861250800001,53.00568044000016],[125.6501904710002,53.02337961900025],[125.63799483300045,53.046143087000246],[125.62135502200022,53.06213694300004],[125.58404463700026,53.05890716600021],[125.52130944900023,53.04242238400013],[125.49950199400018,53.05061309900009],[125.47650598200016,53.083505148000086],[125.45640385000002,53.09089487800014],[125.4280851650002,53.09469309500008],[125.12743168100019,53.20654673300021],[125.07368819200042,53.21220530300019],[125.01942793800015,53.21073252400009],[124.91917566000006,53.193937683],[124.89767826400009,53.18551442500012],[124.88041833500029,53.17251780200007],[124.8791781010001,53.153862611000136],[124.89178715100013,53.13425140400011],[124.89623132400027,53.11766326999998],[124.87013472500041,53.107999776000156],[124.84812056500004,53.113684184000135],[124.82202396700018,53.1472480270001],[124.80135339400022,53.1551545210001],[124.74729984600015,53.147713115000215],[124.72016971900007,53.14882415800008],[124.69825891200003,53.1626476040002],[124.69557173700025,53.16980478900024],[124.69686364800043,53.17634185900022],[124.69639856000015,53.18375742600017],[124.68828536000001,53.19360178700015],[124.67867354400016,53.19933787000019],[124.65159509300031,53.20876882000016],[124.64022627800011,53.21034495100025],[124.52819177300012,53.21034495100025],[124.500493205,53.21367808000025],[124.45393273900004,53.22819915800005],[124.40819909700019,53.23569224100015],[124.38370446800036,53.24613088000012],[124.35993330900021,53.2594633990002],[124.34251835200018,53.272485860000245],[124.32582686400042,53.305998027000044],[124.32138269100017,53.309770406000155],[124.30474288000016,53.32904571600005],[124.29342574100019,53.35129242000005],[124.27539066600002,53.36470245400011],[124.25306644700015,53.37550282800021],[124.23270593300003,53.381652323000196],[124.20877974500013,53.38268585200018],[124.18221805900032,53.378551738000056],[124.15777510600037,53.370025126000144],[124.14025679600002,53.35780365000022],[124.12180830900013,53.352687684000216],[124.10025923700005,53.363358867000215],[124.06889164200004,53.38961049400024],[124.0556624760003,53.3948814900001],[124.02992761300015,53.399945781000156],[124.01737023900012,53.4070254520002],[124.0100838630002,53.41467356400011],[123.9897233490002,53.441493632000174],[123.97055139200017,53.45518788700019],[123.87655196200024,53.48867421500012],[123.85019698100018,53.494978740000136],[123.73216801000012,53.5037637330002],[123.70178226800033,53.51006825800005],[123.67775272700044,53.51999013300019],[123.63956384300013,53.551254374000166],[123.61429406800016,53.56334666000009],[123.59191817300018,53.5578689580002],[123.56091231300013,53.524175924000076],[123.54189538600042,53.51409902000012],[123.51957116700032,53.51999013300019],[123.53259362900019,53.53249583000013],[123.53936324100005,53.53704335600014],[123.5474764410003,53.54050567600024],[123.5352808030002,53.554613342000096],[123.51440352500015,53.56241648400021],[123.4947664800003,53.56009104500009],[123.48608483900023,53.5439163210001],[123.48551639800019,53.52598460000013],[123.48153731300033,53.51807810500026],[123.4714087330002,53.51900828100014],[123.43166955600009,53.535803122000175],[123.41993900600016,53.538541973000235],[123.38025150600015,53.542831116000116],[123.3677458090001,53.5458283490002],[123.34025394700018,53.56143463200016],[123.30955814700019,53.56748077500009],[123.27731205300006,53.569444479000026],[123.25255904200003,53.567790833000174],[123.23473067300029,53.560349427000176],[123.20325972500018,53.538283590000106],[123.18005700700041,53.53048044900004],[123.1642440190002,53.51637278300001],[123.15359867400002,53.51311716700013],[123.00254846300038,53.50732940700016],[122.8596631270002,53.47394643200016],[122.47121138500029,53.464748026999985],[122.42516768400003,53.45244903600013],[122.40160323100031,53.45095041900021],[122.37969242400027,53.46164744100014],[122.35809167500008,53.47957916300021],[122.33783451400029,53.49130971300019],[122.31675052900005,53.49601226900012],[122.29370284000015,53.492653300000256],[122.2256966560002,53.47394643200016],[122.16869755100004,53.46914052300019],[122.14776859600022,53.461130676000096],[122.10808109500022,53.438082988000076],[122.08162276200028,53.42950470000011],[122.02505194200012,53.429823365999994],[121.88897302300029,53.43058990500009],[121.64102950100005,53.38490793900013],[121.5121484780002,53.32982086200002],[121.45876672400004,53.32044159000026],[121.41327478500011,53.31733482400023],[121.40579838100018,53.31682424000013],[121.35763594600019,53.3240589400001],[121.34099613500018,53.32364552900009],[121.32833540900015,53.319976502000145],[121.299965047,53.302535706000185],[121.25355961200012,53.28692942300006],[121.20348514900024,53.276749166],[121.15180871600012,53.27450124100011],[121.0548637290002,53.290004171000135],[120.89049858943042,53.28104521307597],[120.88400924808627,53.28926504544506],[120.81978893659209,53.43807031935296],[120.62961876733868,53.97054679326317],[120.54136686324671,54.18156292263194],[120.6072581042663,54.27247816189657],[120.7571641476336,54.43666097129886],[120.97845402117582,54.51518318449126],[121.20688227773553,54.55801348259621],[121.34964993808535,54.607982163718646],[121.55666304559259,54.686504376911046],[121.83505998327473,54.74361144105097],[121.98496602664204,54.82213365424337],[122.11345692095688,54.89351748441828],[122.27763973035917,54.8792407183833],[122.51320636993637,54.914932633470755],[122.75591139253106,55.01486999571563],[122.91295581891586,55.16477603908294],[123.09141539435313,55.300405316415265],[123.29129011884288,55.41461944469512],[123.53399514143757,55.51455680693999],[123.89805267532961,55.65732446728981],[124.26211020922165,55.77867697858716],[124.62616774311368,55.914306255919485],[124.94739497890077,56.02138200118185],[125.09730102226808,56.12845774644421],[125.29003736374034,56.19270319360163],[125.44708179012514,56.235533491706576],[125.65409489763238,56.24981025774156],[125.83255447306965,56.228395108689085],[126.03956758057689,56.235533491706576],[126.23944230506663,56.2926405558465],[126.44645541257387,56.25694864075905],[126.63205337102863,56.306917321881485],[126.90331192569329,56.299778938863994]]]}},{"type":"Feature","properties":{},"geometry":{"type":"MultiPolygon","coordinates":[[[[142.5880639980004,54.303900458000385],[142.54070071700016,54.297796942000446],[142.54965254,54.30223216400037],[142.56763756600037,54.309759833000385],[142.58716881600003,54.31329987200024],[142.6041772800005,54.31020742400034],[142.5880639980004,54.303900458000385]]],[[[142.84278405000043,54.28070709800039],[142.89584394600035,54.24559153900043],[142.95785566500012,54.170233466000354],[143.00391686300043,54.13548411700032],[143.01295006600026,54.1190860050005],[143.00879967500032,54.091050523000376],[142.99984785200036,54.067572333000385],[142.98845462300005,54.047186591000354],[142.97339928500048,54.02814362200024],[142.9375106130003,53.990912177000325],[142.92709394600035,53.975327867000374],[142.90593509200005,53.91185130400032],[142.90040123800054,53.90159739800032],[142.8922632170004,53.892482815000335],[142.88851972700036,53.89297109600034],[142.88160241000026,53.894842841000354],[142.87330162900037,53.89557526200031],[142.86548912900037,53.892482815000335],[142.86133873800043,53.888128973000335],[142.85743248800043,53.88300202000039],[142.85181725400025,53.8719750020004],[142.8966577480004,53.87661367400051],[142.91651451900054,53.874090887000364],[142.93376712300028,53.85765208500038],[142.93555748800043,53.84918854400041],[142.94044030000043,53.82355377800036],[142.94792728000039,53.809881903000246],[142.97535241000037,53.755275783000286],[142.99626712300005,53.716782945000375],[143.0021264980004,53.700628973000335],[142.9565535820003,53.78131745000036],[142.92676842500055,53.82977936400033],[142.8981225920005,53.82322825700038],[142.89014733200054,53.81313711100029],[142.9005639980005,53.79043203300034],[142.90650475400003,53.766791083000385],[142.91334069100049,53.76211172100051],[142.93970787900037,53.74974192900038],[142.96436608200054,53.699530341000354],[142.98845462300005,53.69448476800028],[142.96778405000055,53.66648997600032],[143.00391686300043,53.66616445500051],[143.01791425900046,53.66034577000033],[143.02930748800054,53.64606354400047],[143.02051842500043,53.64264557500036],[143.01172936300043,53.63788483300027],[143.00342858200008,53.6321475280003],[142.9958602220005,53.625555731000475],[143.01490319100037,53.617743231000304],[143.05274498800043,53.60724518400042],[143.0708113940001,53.59821198100042],[143.0582788420004,53.58978913000027],[143.0446883470005,53.585109768000336],[143.0304468110004,53.585109768000336],[143.01636803500037,53.590765692000275],[143.01254316500035,53.582180080000455],[143.00652103000016,53.575751044000356],[142.99830162900025,53.571722723000335],[142.98845462300005,53.570298570000375],[142.98845462300005,53.562892971000394],[143.0031030610005,53.55768463700042],[143.03028405000043,53.53998444200039],[143.04273522200037,53.53620026200031],[143.05689537900003,53.53876373900039],[143.090668165,53.55975983300033],[143.0991317070003,53.55385976800039],[143.11085045700054,53.537095445000375],[143.12110436300043,53.51805247600049],[143.12549889400043,53.50543854400041],[143.1274520190001,53.49579498900033],[143.13086998800043,53.486883856000475],[143.13160241000003,53.4778506530003],[143.12549889400043,53.46792226800028],[143.11426842500055,53.46674225500044],[143.09888756600037,53.472113348000335],[143.0831811860004,53.47357819200039],[143.0708113940001,53.461086330000285],[143.0699975920005,53.44855377800036],[143.07781009200016,53.44261302300026],[143.08871504000035,53.439032294000356],[143.09766686300043,53.4337425800004],[143.10385175900035,53.42796458500027],[143.10816491000014,53.42511627800036],[143.11060631600026,53.41974518400042],[143.1113387380002,53.40643952000033],[143.10726972700036,53.399847723000335],[143.0991317070003,53.3941104190003],[143.09278405000043,53.38841380400049],[143.09408613400035,53.38190338700031],[143.10084069100049,53.37836334800039],[143.10938561300043,53.377752997000414],[143.11793053500037,53.37913646000027],[143.15577233200042,53.3951683610004],[143.16920006600003,53.39809804900034],[143.18287194100049,53.39899323100036],[143.19662519600035,53.38812897300028],[143.2106225920004,53.36322663000033],[143.24683678500048,53.2566592470003],[143.25440514400054,53.215521552000325],[143.28012129000024,53.172919012000364],[143.29004967500043,53.1519229190003],[143.29224694100014,53.08368561400039],[143.30014082100035,53.06696198100036],[143.31226647200037,53.04913971600041],[143.3165796230004,53.02789948100042],[143.3178817070002,52.98187897300045],[143.32699629,52.936346747000414],[143.33594811300043,52.91351959800039],[143.34799238400035,52.895941473000335],[143.36052493600005,52.87140534100041],[143.35287519600047,52.8495547550005],[143.32488040500027,52.80931224200032],[143.33326256600014,52.78473541900047],[143.33708743600016,52.75942617400028],[143.3379012380001,52.703802802000325],[143.32683353000004,52.62250397300045],[143.33106530000043,52.60390859600045],[143.32471764400054,52.58771393400036],[143.30469811300043,52.47138092700038],[143.29688561300043,52.453680731000475],[143.27605228000027,52.42039622600032],[143.25196373800043,52.38963450700032],[143.22445722700013,52.36176178600027],[143.19369550900024,52.33698151200042],[143.20582116000014,52.38214752800036],[143.20736738400035,52.3953311220003],[143.2042749360004,52.40631745000036],[143.19898522200003,52.415676174000396],[143.1977645190002,52.425848700000415],[143.20736738400035,52.43939850500021],[143.22388756600049,52.44794342700027],[143.2402449880001,52.44839101800039],[143.2548934250001,52.44700755400032],[143.26587975400014,52.450262762000364],[143.27230879000024,52.463324286000386],[143.26295006600003,52.47162506700033],[143.23536217500055,52.48094310100038],[143.244476759,52.48875560100038],[143.28646894600035,52.56533437700028],[143.29004967500043,52.57721588700031],[143.29175866000037,52.58641185100038],[143.29346764400043,52.59186432500053],[143.2902124360004,52.59503815300036],[143.2763778000002,52.5977237000003],[143.26832116000037,52.59837474200032],[143.2614038420004,52.59760163000033],[143.2550561860005,52.59520091400026],[143.24903405000032,52.59080638200027],[143.25033613400035,52.58787669500043],[143.24903405000032,52.562933661000386],[143.24634850400025,52.55980052300032],[143.24195397200026,52.558172919000526],[143.23755944100037,52.55735911700032],[143.23536217500055,52.55670807500047],[143.23536217500055,52.55215078300034],[143.2379663420004,52.54808177300043],[143.24057050900035,52.54474518400053],[143.24154707100035,52.54242584800045],[143.22950280000043,52.51947663000038],[143.19369550900024,52.47386302300026],[143.1788843110004,52.446844794000356],[143.16553795700042,52.40379466400037],[143.15967858200054,52.391669012000364],[143.12696373800054,52.358832098000335],[143.11866295700054,52.337795315000335],[143.12940514400054,52.32664622600021],[143.14649498800043,52.327866929000436],[143.15967858200054,52.344427802000496],[143.16651451900032,52.344427802000496],[143.16822350400014,52.33295319200033],[143.17750084700037,52.3137881530003],[143.17603600400014,52.30658600500033],[143.169281446,52.29462311400039],[143.1696069670004,52.28465403900026],[143.1725366550005,52.27606842700038],[143.17335045700042,52.26813385600036],[143.15577233200042,52.20368073100036],[143.15137780000032,52.12006256700033],[143.14779707100035,52.11957428600033],[143.12533613400035,52.146144924000396],[143.11557050900046,52.15302155200038],[143.1113387380002,52.14862702000039],[143.11052493600027,52.135728257000494],[143.10816491000014,52.12445709800039],[143.10401451900054,52.11420319200039],[143.09766686300043,52.104234117000374],[143.13917076900043,52.08991120000036],[143.13347415500027,52.07982005400032],[143.1337996750002,52.068508205000455],[143.13917076900043,52.04901764500033],[143.13892662900048,52.03750234600034],[143.13697350400037,52.03034088700031],[143.13851972700047,52.02313873900033],[143.14918053500048,52.011419989000274],[143.15935306100027,51.99567291900047],[143.1599227220005,51.97907135600042],[143.1490991550005,51.967596747000414],[143.12549889400043,51.967027085000325],[143.13111412900048,51.95571523600046],[143.14210045700054,51.924953518000336],[143.14918053500048,51.91864655200044],[143.16480553500048,51.9136416690003],[143.16480553500048,51.90167877800036],[143.16049238400035,51.88694896000038],[143.16309655000055,51.873968817000446],[143.1748153000002,51.866603908000286],[143.19459069100014,51.85846588700042],[143.21306399800017,51.85480377800042],[143.2212020190001,51.860581773000376],[143.22429446700016,51.87445709800028],[143.2314559250002,51.88703034100024],[143.2384546230004,51.8915469420005],[143.2550561860005,51.837103583000385],[143.31039472700036,51.75433991100033],[143.3178817070002,51.70636627800036],[143.29656009200005,51.713080145000504],[143.27621504000024,51.70050690300042],[143.26107832100024,51.678208726000264],[143.25220787900003,51.64154694200033],[143.23853600400025,51.622463283000286],[143.23536217500055,51.61391836100046],[143.23666425900046,51.602199611000344],[143.24146569100037,51.58124420800033],[143.24154707100035,51.5692406270004],[143.23780358200042,51.55829498900033],[143.2241317070002,51.53778717700044],[143.2212020190001,51.53164297100028],[143.2241317070002,51.52216217700027],[143.23170006600049,51.51264069200039],[143.2417098320003,51.50763580900042],[143.27320397200015,51.520738023000376],[143.2960718110005,51.51666901200042],[143.31836998800043,51.50922272300028],[143.3379012380001,51.508368231000304],[143.3471785820003,51.52338288000033],[143.34400475400025,51.54865143400025],[143.33521569100037,51.5723330750003],[143.32789147200037,51.58283112200036],[143.3252059250002,51.59284088700031],[143.33228600400037,51.61448802300032],[143.34652754000035,51.63593170800027],[143.36508222700036,51.64496491100044],[143.37322024800028,51.63654205900042],[143.37964928500003,51.617621161000386],[143.38559004000047,51.579779364000274],[143.39421634200005,51.564642645000276],[143.44776451900043,51.508368231000304],[143.46176191500047,51.46954987200036],[143.47494550900035,51.343247789000316],[143.44239342500043,51.367254950000415],[143.42709394600047,51.37055084800045],[143.41675866000048,51.368068752000454],[143.37940514400043,51.35008372600021],[143.38795006600037,51.343451239000274],[143.40349368600027,51.33600495000047],[143.413422071,51.329657294000356],[143.43441816500047,51.32103099200032],[143.43392988400024,51.31696198100036],[143.4327905610004,51.312404690000335],[143.43392988400024,51.30914948100036],[143.44581139400054,51.304185289000316],[143.45639082100024,51.30097077000039],[143.46607506600003,51.29686107000032],[143.47494550900035,51.289252020000276],[143.47787519600035,51.281439520000276],[143.4782007170004,51.263413804000436],[143.4830835300005,51.2545433610004],[143.47934004000035,51.25079987200036],[143.47754967500043,51.24799225500033],[143.47494550900035,51.24087148600046],[143.48080488400046,51.239406643000336],[143.48959394600035,51.235012111000344],[143.49545332100035,51.23338450700032],[143.49097741000048,51.22833893400036],[143.4830835300005,51.213568427000325],[143.5171004570002,51.2201195330004],[143.52125084700015,51.246771552000325],[143.50928795700054,51.280666408000286],[143.49545332100035,51.30914948100036],[143.5216577480004,51.28510163000027],[143.53793379000035,51.23973216400054],[143.58668053500037,51.01072825700027],[143.67896569100014,50.736517645000504],[143.70150800900046,50.605373440000335],[143.79029381600037,50.3092308610004],[143.8100692070002,50.27265045800033],[143.91098066500024,50.15086497600032],[144.00269616000048,50.01284414300039],[142.15748131600049,50.01439036700043],[142.15886478000004,50.02838776200031],[142.16586347700047,50.04852936400039],[142.17383873800043,50.08641185100032],[142.15552819100037,50.239650783000286],[142.13526451900054,50.29120514500033],[142.14673912900014,50.30878327000039],[142.1508895190001,50.32721588700042],[142.15007571700016,50.34568919500032],[142.14551842500055,50.36383698100036],[142.13900800900046,50.37929922100034],[142.11736087300005,50.41762929900028],[142.0992944670004,50.433742580000285],[142.04517662900014,50.52826569200039],[142.04135175900046,50.55097077000033],[142.0532332690001,50.57233307500047],[142.05713951900043,50.58148834800028],[142.05787194100037,50.59467194200039],[142.05665123800043,50.61709219000045],[142.0582753037662,50.627840940557405],[142.06283613400035,50.65802643400036],[142.09151328195946,50.711718161025146],[142.09278405000043,50.714097398000376],[142.1045028000002,50.78095123900039],[142.1027124360004,50.78961823100042],[142.09880618600005,50.799505927000325],[142.09595787900037,50.810370184000305],[142.09701582100035,50.821926174000396],[142.1027124360004,50.83051178600027],[142.12281334700026,50.85224030200038],[142.12842858200008,50.85663483300033],[142.12916100400003,50.86127350500044],[142.12525475400003,50.88450755400032],[142.12842858200008,50.89451732000026],[142.20069420700042,50.95966217700044],[142.2255965500001,50.991278387000364],[142.24984785200036,51.030829169000356],[142.26685631600014,51.074286200000415],[142.26921634200028,51.1124128280004],[142.26636803500037,51.13564687700034],[142.25513756600049,51.1591250670005],[142.1730249360005,51.25849030200038],[142.16586347700047,51.278387762000364],[142.16822350400025,51.28558991100044],[142.17798912900003,51.29751211100029],[142.18018639400054,51.30573151200048],[142.17855879000035,51.31415436400033],[142.1749780610004,51.31757233300044],[142.170258009,51.319281317000446],[142.16586347700047,51.322821356000304],[142.15886478000004,51.33197663000038],[142.11459394600035,51.372626044000356],[142.07715905000032,51.41901276200042],[142.0978296230004,51.44330475500033],[142.07894941500012,51.47138092700027],[141.94271894600024,51.55927155200038],[141.9326278000001,51.57025788000027],[141.93327884200005,51.57465241100033],[141.93775475400037,51.57904694200022],[141.93995201900054,51.597805080000455],[141.94174238400035,51.605210679000436],[141.9392195970005,51.61188385600042],[141.92628014400043,51.61701080900053],[141.88795006600049,51.61082591400043],[141.86670983200042,51.61245351800028],[141.85206139400032,51.63654205900042],[141.81714928500003,51.67226797100034],[141.70346113400012,51.72402578300034],[141.68677819100037,51.747300523000376],[141.7517195970005,51.72894928600033],[141.78711998800043,51.72483958500038],[141.79802493600005,51.72150299700036],[141.8081160820002,51.720851955000285],[141.81714928500003,51.7268740910003],[141.82252037900025,51.73615143400042],[141.82300866000048,51.74420807500047],[141.81885826900054,51.75043366100027],[141.8097436860004,51.75478750200034],[141.80958092500043,51.80621979400041],[141.76099694100037,51.83588288000038],[141.69410241000037,51.8574893250003],[141.63900800900035,51.88450755400032],[141.67554772200037,51.9124209660003],[141.67611738400024,51.95262278900026],[141.65211022200037,52.03192780200038],[141.64966881600026,52.05231354400047],[141.64584394600024,52.0686709660003],[141.64503014400043,52.0847842470003],[141.65211022200037,52.104234117000374],[141.65788821700016,52.111151434000305],[141.67693118600016,52.127671617000374],[141.6831160820003,52.130926825000415],[141.68775475400037,52.13540273600029],[141.6998804050005,52.165716864000274],[141.65894616000048,52.216620184000476],[141.6718856130003,52.25983307500036],[141.67310631600014,52.27558014500033],[141.66456139400054,52.292181708000385],[141.65088951900043,52.305365302000325],[141.64185631600037,52.31818268400036],[141.65211022200037,52.34048086100029],[141.65284264400032,52.349595445000375],[141.65211022200037,52.36774323100036],[141.6547957690001,52.37555573100036],[141.66098066500024,52.382473049000396],[141.7574975920004,52.44501373900033],[141.78296959700003,52.46735260600042],[141.79175866000037,52.4825707050004],[141.8048608730004,52.51943594000039],[141.813324415,52.53278229400047],[141.81666100400037,52.540716864000444],[141.81714928500003,52.55072663000033],[141.81910241000037,52.55927155200038],[141.82699629000035,52.562933661000386],[141.8305770190002,52.56647370000047],[141.84376061300043,52.59080638200027],[141.83472741000014,52.591620184000305],[141.8097436860004,52.5977237000003],[141.8097436860004,52.60390859600045],[141.83448326900054,52.63410065300036],[141.84302819100037,52.668768622000414],[141.84376061300043,52.741034247000414],[141.84945722700047,52.76251862200036],[141.86793053500037,52.794745184000305],[141.87183678500048,52.81679922100045],[141.8707788420004,52.82318756700039],[141.86622155000043,52.84023672100028],[141.8650008470005,52.8508975280003],[141.86573326900043,52.86025625200034],[141.87061608200042,52.87885163000021],[141.87183678500048,52.8888207050004],[141.87501061300054,52.895168361000344],[141.88949629000035,52.91201406500045],[141.89283287900037,52.92291901200042],[141.8917749360004,52.944403387000364],[141.89242597700036,52.9553897160003],[141.89600670700042,52.96393463700042],[141.9200952480004,52.99803294500032],[141.9283960300005,53.02065664300028],[141.9230249360004,53.03929271000027],[141.91944420700042,53.04612864800032],[141.91627037900037,53.05670807500036],[141.91334069100049,53.073431708000385],[141.90894616000026,53.07953522300045],[141.88982181100027,53.098293361000344],[141.87891686300043,53.11977773600029],[141.8478296230004,53.147528387000534],[141.8375757170004,53.15940989800049],[141.83375084700026,53.16913483300033],[141.83423912900037,53.17715078300046],[141.836273634,53.185736395000276],[141.8375757170004,53.19725169500026],[141.83668053500037,53.20978424700053],[141.83366946700028,53.21775950700027],[141.80339603000039,53.27138906500045],[141.80372155000055,53.28571198100036],[141.81714928500003,53.302801825000415],[141.8077905610005,53.31305573100042],[141.80738366000026,53.32265859600051],[141.80990644600035,53.33095937700028],[141.8097436860004,53.337591864000274],[141.80079186300054,53.34747955900042],[141.76880944100037,53.371649481000475],[141.79607181100027,53.3870303410003],[141.88542728000039,53.412665106000304],[141.89141985943706,53.416623272874745],[141.89719699075022,53.4204391338136],[141.94271894600024,53.45050690300042],[141.95669966732487,53.45614685315229],[141.9570418630003,53.456284898000376],[142.00831139400043,53.461086330000285],[142.09400475400014,53.494289455000455],[142.24105879000047,53.52936432500036],[142.22974694100049,53.52081940300036],[142.23560631600026,53.5110537780003],[142.24773196700016,53.50018952000039],[142.25538170700054,53.48834870000036],[142.2521264980004,53.47443268400036],[142.24447675900012,53.46393463700048],[142.2423608730004,53.45355866100033],[142.2454336450661,53.450341852884094],[142.25538170700054,53.43992747600038],[142.24105879000047,53.43211497600038],[142.23707116000048,53.4199893250003],[142.24048912900014,53.40615469000039],[142.2485457690001,53.39276764500039],[142.26392662900037,53.38007233300033],[142.2848413420004,53.371405341000525],[142.30738366000037,53.366400458000385],[142.32740319100049,53.36489492400034],[142.34693444100037,53.366400458000385],[142.39242597700036,53.3784854190003],[142.43433678500037,53.37815989800043],[142.45533287900048,53.380275783000286],[142.5211694670004,53.4203555360005],[142.53394616000048,53.44647858300033],[142.56381269600047,53.48834870000036],[142.57667076900032,53.500067450000415],[142.59805667058674,53.51145893501098],[142.62525475400037,53.52594635600042],[142.64258873800043,53.52708567900032],[142.6596785820003,53.520941473000335],[142.67530358200042,53.51821523600046],[142.68726647200015,53.52936432500036],[142.66627037900003,53.55263906500039],[142.62891686300043,53.569077867000374],[142.592671175923,53.57480813733167],[142.58619225400014,53.57583242400034],[142.54957116000003,53.570298570000375],[142.5263778000001,53.55023834800045],[142.51400800900024,53.54559967700038],[142.50855553500037,53.55975983300033],[142.50814863400035,53.56403229400041],[142.50879967500043,53.59125397300028],[142.51197350400003,53.594468492000374],[142.4980574880003,53.61562734600051],[142.4926863940001,53.6380882830004],[142.4977319670004,53.65827057500036],[142.51539147200003,53.67275625200028],[142.5333764980005,53.676214911000386],[142.55054772200037,53.673651434000305],[142.56804446700005,53.669012762000364],[142.58708743600005,53.66648997600032],[142.60352623800043,53.67035553600027],[142.6228133470005,53.67763906500028],[142.64136803500026,53.681789455000285],[142.65601647200026,53.67645905200044],[142.65805981477,53.6742454306667],[142.6794539720005,53.65106842700038],[142.69800866000037,53.638169664000316],[142.71851647200003,53.6402041690003],[142.80005944100014,53.697577216000354],[142.80445397200037,53.70697663000038],[142.80274498800054,53.71771881700039],[142.79883873800043,53.72870514500045],[142.7966414720005,53.73851146000044],[142.79175866000026,53.78351471600041],[142.7853296230005,53.80581289300039],[142.77613366000037,53.82416413000027],[142.73910566500024,53.845689195000375],[142.71314537900037,53.80914948100042],[142.69271894600035,53.752630927000325],[142.67310631600037,53.71430084800045],[142.66435168292446,53.710560232393505],[142.6596785820003,53.70856354400041],[142.61402428500037,53.69603099200032],[142.6041772800005,53.697577216000354],[142.60743248800054,53.70905182500036],[142.62208092500043,53.7284610050005],[142.6324975920004,53.755682684000305],[142.67994225400014,53.81732819200039],[142.68099469752224,53.81922160679852],[142.70606530000055,53.864325262000364],[142.71851647200003,53.90729401200042],[142.70826256600037,53.94822825700027],[142.66627037900003,53.98924388200027],[142.58863366000026,54.04511139500039],[142.54420006600037,54.08909739800032],[142.52074267767227,54.106416520787434],[142.46753991000037,54.14569733300033],[142.45134524800005,54.16640859600045],[142.42562910200002,54.211249091000354],[142.42368962337866,54.21370282533235],[142.40951582100013,54.23163483300027],[142.3828231130002,54.25275299700036],[142.34896894600035,54.271918036000386],[142.28256269600035,54.2971865910003],[142.28256269600035,54.303941148000376],[142.30494225400037,54.301947333000385],[142.34498131600049,54.28168366100044],[142.36524498800043,54.27659739800032],[142.44336998800054,54.26919179900034],[142.4655054050005,54.27236562700023],[142.52906334700037,54.2971865910003],[142.53695722700013,54.296535549000396],[142.52906334700037,54.29376862200036],[142.52019290500039,54.28563060100032],[142.5211694670004,54.27659739800032],[142.52613366000014,54.265773830000455],[142.52906334700037,54.252142645000504],[142.54322350400037,54.23720937700034],[142.5703231130002,54.23476797100034],[142.58692467500043,54.24705638200038],[142.57007897200037,54.27659739800032],[142.58863366000026,54.28050364800026],[142.6090600920004,54.27521393400042],[142.62623131600026,54.26801178600033],[142.63510175900012,54.26605866100027],[142.64909915500039,54.28339264500045],[142.64584394600047,54.29026927300026],[142.63477623800043,54.29608795800044],[142.62525475400037,54.31020742400034],[142.62549889400032,54.32729726800039],[142.6364038420004,54.333970445000375],[142.65267988400024,54.33832428600027],[142.66968834700003,54.348334052000325],[142.67994225400014,54.35879140800034],[142.68677819100049,54.36912669500026],[142.68604576900043,54.3800723330005],[142.67310631600037,54.39207591400043],[142.67603600400048,54.40485260600042],[142.68148847700036,54.41596100500038],[142.69068444100037,54.42389557500036],[142.70411217500043,54.426825262000364],[142.72315514400032,54.42560455900036],[142.73357181100005,54.4214541690003],[142.75180097700047,54.4029808610004],[142.75806725400025,54.39386627800042],[142.76644941500012,54.37132396000038],[142.77271569100026,54.36200592700027],[142.79444420700042,54.3480899110005],[142.80543053500037,54.33893463700042],[142.81967207100035,54.30190664300039],[142.84278405000043,54.28070709800039]]]]}},{"type":"Feature","properties":{},"geometry":{"type":"MultiPolygon","coordinates":[[[[54.62432861328182,45.60809326171932],[54.66052246093801,45.605285644531875],[54.66168212890676,45.605285644531875],[54.68652343750057,45.60327148437551],[54.708496093750625,45.601684570313125],[54.75012207031318,45.59832763671926],[54.753906250000625,45.598083496094375],[54.82110595703176,45.592895507813125],[54.84808349609432,45.59069824218801],[54.876525878906875,45.588500976563125],[54.87707519531307,45.588500976563125],[54.96508789062551,45.581481933594375],[54.98370361328182,45.58007812500057],[55.06927490234426,45.57348632812568],[55.08087158203176,45.572692871094375],[55.08129882812551,45.572509765625625],[55.137878417969375,45.56567382812568],[55.161499023438125,45.56292724609432],[55.199096679688125,45.55847167968801],[55.27947998046932,45.54870605468801],[55.43951416015682,45.52947998046926],[55.68548583984443,45.50012207031307],[56.02008056640676,45.45989990234432],[56.56250000000051,45.394897460938125],[56.821289062500625,45.36370849609426],[56.84307861328176,45.36108398437557],[57.18432617187551,45.30749511718807],[57.30169677734432,45.288879394531875],[57.39630126953182,45.27410888671932],[57.511718750000625,45.25592041015693],[57.660888671875625,45.23248291015676],[57.77008056640676,45.215270996094375],[57.916687011719375,45.19232177734432],[57.99328613281307,45.18029785156307],[58.126281738281875,45.15930175781307],[58.129882812500625,45.15869140625051],[58.17028808593807,45.18750000000051],[58.171325683594375,45.18750000000051],[58.184082031250625,45.12127685546926],[58.19769287109426,45.050292968750625],[58.130493164063125,45.01452636718807],[58.125915527344375,44.85290527343801],[58.16101233774259,44.82544281454631],[58.15845495487304,44.80924033515703],[58.16871904318384,44.76964690944283],[58.180934202920014,44.72252728177119],[58.212405150185816,44.6626342967449],[58.22119693478675,44.655457329723504],[58.252919473102395,44.62956138007792],[58.242429157347146,44.59026145332001],[58.19214798872713,44.544605325390194],[58.17515256970904,44.48182905252435],[58.17240759159188,44.471689879426435],[58.19922765995136,44.30803061835809],[58.20951126997744,44.28167563788929],[58.292769227728115,44.21509834474273],[58.32790197635808,44.187004413930595],[58.34852087284253,44.05913108222427],[58.34575131978204,44.042980193081235],[58.314001016071586,43.85782554023132],[58.324026243936146,43.73230348619427],[58.33232399123966,43.724758653579954],[58.15728759765699,43.464477539063296],[58.11688232421949,42.418518066407046],[57.771301269532046,42.52172851562585],[57.439086914063296,42.472290039063296],[57.277526855469546,42.373474121094546],[57.29528808593835,42.15368652343824],[57.20568847656318,42.09069824218818],[56.940673828125796,42.03692626953193],[57.12927246093824,41.85949707031335],[57.09790039062568,41.42407226562568],[57.914916992188296,41.37469482421943],[58.79492187500074,41.216491699219546],[59.68829345703193,41.014526367188296],[60.065307617188296,40.87072753906335],[60.72528076171943,40.64630126953199],[60.97210693359443,40.61047363281324],[61.92828369140693,40.49810791015699],[62.188720703125796,40.367919921875796],[62.408874511719546,40.165893554688296],[62.549604867780545,40.019331114762736],[63.436889648438125,39.09527587890682],[63.647888183594375,38.897705078125625],[64.18212890625063,38.421875000000625],[64.48291015625063,38.19287109375051],[65.02148437500057,37.64068603515676],[65.22369384765688,37.40509033203176],[65.19207763671938,37.337707519531875],[65.01708984375057,37.206298828125625],[64.71630859375057,37.23327636718801],[64.51867675781307,37.17950439453182],[64.45587158203176,37.02667236328176],[64.49627685546938,36.649719238281875],[64.28527832031313,36.15588378906307],[64.20910644531301,35.876281738281875],[64.02947998046932,35.84051513671926],[63.74212646484443,35.70568847656301],[63.495300292969375,35.678894042969375],[63.25732421875051,35.55310058593801],[63.11810302734426,35.418518066406875],[63.30670166015676,35.20751953125057],[63.131530761719375,35.01428222656307],[62.799316406250625,34.870727539063125],[62.57928466796932,34.85272216796926],[62.06311035156301,34.96051025390682],[61.78472900390682,34.81689453125057],[61.609680175781875,34.84832763671926],[61.07550048828176,35.238891601563125],[61.169677734375625,35.30169677734426],[61.313476562500625,35.55310058593801],[61.34027099609432,35.867309570313125],[61.39428710937557,36.18609619140693],[61.51531982421926,36.410522460938125],[61.47491455078176,36.62390136718807],[60.909301757813125,36.47668457031307],[59.83630371093801,36.777526855469375],[59.710693359375625,36.925720214844375],[58.974487304688125,37.15588378906307],[58.417724609375625,37.658691406250625],[58.031677246094375,37.67211914062551],[56.289672851563125,38.43090820312551],[55.61187744140676,38.00427246093807],[55.51312255859426,37.98632812500057],[55.400878906250625,37.92352294921926],[55.25732421875051,37.865112304688125],[55.136108398438125,37.89990234375051],[55.136108398438125,37.82812500000068],[55.20788574218818,37.80108642578176],[55.18090820312557,37.72027587890682],[55.046325683594375,37.69348144531301],[55.046325683594375,37.61248779296932],[55.05529785156318,37.522888183594375],[54.93847656250057,37.477905273438125],[54.81268310546943,37.334289550781875],[54.60632324218801,37.40612792968807],[54.39068603515682,37.35229492187551],[54.17529296875051,37.26251220703182],[53.918052944687304,37.305288414023835],[53.91048887848689,37.37203068578913],[53.90684271019563,37.404508982619745],[53.89966881600037,37.46841054900017],[53.88982181100033,37.508124091000354],[53.86524498800031,37.56728750200034],[53.8623157971723,37.595089119645024],[53.86060631600037,37.61131419500026],[53.84987211914296,37.65143906353222],[53.83973181936835,37.68934392038659],[53.82488040500016,37.744859117000374],[53.82282849229466,37.77806621694219],[53.81960613161522,37.83021524494029],[53.816296959502324,37.88376918453008],[53.81248418974178,37.94547308945232],[53.80713951900026,38.03196849200026],[53.814938890254155,38.05961322326294],[53.82398522200043,38.08152903900026],[53.83049140974725,38.11270669030466],[53.844374701655,38.16175004887731],[53.84995573526322,38.17894293646327],[53.85889733200037,38.20648834800022],[53.85499108200031,38.23371002800036],[53.866465691000315,38.26508209800028],[53.86817467500032,38.30801015800034],[53.86577323668439,38.34239265667105],[53.86304772200026,38.38141510600036],[53.86150149800022,38.38934967700021],[53.852549675000375,38.40330638200027],[53.84555097700036,38.422308661000216],[53.84343509200016,38.4426944030003],[53.828298373000166,38.503566799000225],[53.82699629000035,38.52545807500047],[53.83321185439098,38.58048247100112],[53.83611087300034,38.606146552000325],[53.84742272200026,38.64630768400042],[53.85647676034813,38.665476780996016],[53.86304772200026,38.679388739000274],[53.874455112968974,38.69360333996502],[53.88985038164094,38.712787183274656],[53.90282796626121,38.72895838205011],[53.90984134200039,38.737697658000286],[53.918471057146235,38.75586115338075],[53.926931186000274,38.77366771000038],[53.91700280000032,38.80353424700019],[53.93197675900035,38.81305573100036],[53.93978925900035,38.83104075700021],[53.94379488650185,38.84508866148008],[53.94556725400031,38.85130442900032],[53.95460045700031,38.867743231000304],[53.96558678500037,38.88190338700025],[53.97754967500026,38.90176015800034],[53.982758009000406,38.91600169500032],[53.972911004000366,38.913397528000246],[53.97136478000016,38.93427155200038],[53.95801842500032,38.94452545800027],[53.9231876960003,38.95433177300026],[53.92286217500026,38.95604075700027],[53.91879316500041,38.96478913000033],[53.91700280000032,38.96735260600036],[53.91228274800022,38.96967194200039],[53.899750196000355,38.972845770000276],[53.89665774800028,38.974188544000185],[53.89177493600022,38.9805362000003],[53.88560860746156,38.993419950616726],[53.88404381600037,38.99811432500036],[53.88233483200037,39.008978583000214],[53.87797714103618,39.01640222001538],[53.870941602000414,39.02838776200025],[53.859711134000406,39.035223700000415],[53.84486151609423,39.03562756000861],[53.82081139400037,39.03628164300028],[53.80578611307942,39.03962059383258],[53.796641472000374,39.041652736000174],[53.78736412900042,39.04246653900026],[53.77686608200037,39.03912995000036],[53.77214603000027,39.03310781500022],[53.76726321700045,39.03099192900015],[53.7563582690002,39.039374091000184],[53.750934938248804,39.04892948279337],[53.745876899643065,39.059027495483804],[53.740787784729434,39.07111152587487],[53.736442418134345,39.081429536547546],[53.73122791922327,39.09381128944216],[53.72803795700037,39.10138580900025],[53.72185306100039,39.11139557500047],[53.712168816000315,39.10431549700036],[53.715179884000406,39.08856842700021],[53.719623047460516,39.08038896666699],[53.724131707000254,39.072088934000305],[53.73210696700022,39.06293366100016],[53.73210696700022,39.05670807500019],[53.72253161269094,39.06069780591292],[53.715993686000274,39.06342194200033],[53.70637615445116,39.07344470691311],[53.70150800900029,39.07851797100034],[53.6946720710003,39.097113348000335],[53.698757061259585,39.10749733042269],[53.70533287900042,39.12421295800027],[53.69727623800037,39.142482815000335],[53.698008660000426,39.15232982000015],[53.70394941500035,39.15863678600027],[53.70931268404274,39.16133392125943],[53.719388138523584,39.16640076823609],[53.73210696700022,39.17279694200022],[53.72028515924319,39.17372001468698],[53.702403191000315,39.1751162780003],[53.7022805783443,39.18572225643072],[53.70215905000026,39.19623444200039],[53.70694398909802,39.205917008901],[53.7151518975009,39.22252612776367],[53.72461998800043,39.24168528900037],[53.709034100783526,39.23493549528814],[53.70394941500035,39.232733466000354],[53.69296785747622,39.2261768299428],[53.67628014400026,39.216213283000286],[53.660004102000414,39.20038483300033],[53.67408287900042,39.193304755000156],[53.67603428964577,39.171166901180015],[53.67914393614535,39.13588939574959],[53.68124356112452,39.11207011866588],[53.68376712300039,39.08344147300039],[53.67212975400042,39.09857819200039],[53.657513588729955,39.1135298099681],[53.63599694100043,39.138657945000375],[53.631358269000316,39.15664297100028],[53.6302189460003,39.17674388200032],[53.623383009000406,39.19163646000027],[53.60173587300039,39.193304755000156],[53.60694420700037,39.205877997000414],[53.610362175000375,39.22190989800026],[53.60857181100039,39.235785223000335],[53.598317905000386,39.24168528900037],[53.592784050000375,39.23505280200021],[53.58365585258002,39.21714217190009],[53.57667076900037,39.20343659100024],[53.56763756600037,39.193304755000156],[53.56397545700031,39.216701565000164],[53.568695509000406,39.24632396000021],[53.57821172664188,39.27413600187219],[53.588145379000366,39.30316803600027],[53.56080162900025,39.28266022300028],[53.569018897574495,39.299600750296236],[53.577321811000274,39.31671784100024],[53.581309441000315,39.33047109600034],[53.55396569100043,39.32367584800028],[53.564952019000316,39.34516022300039],[53.56202233200031,39.35333893400025],[53.54981530000032,39.34833405200021],[53.533457879000366,39.33047109600034],[53.52613366000037,39.33787669500032],[53.51482181100033,39.33270905200021],[53.4964935507619,39.331763409940265],[53.471446160000426,39.33047109600034],[53.452484571000355,39.31806061400022],[53.44336998800037,39.318793036000386],[53.44410241000037,39.33787669500032],[53.4372664720002,39.33787669500032],[53.4296981130002,39.32786692900021],[53.42197064121598,39.32091797129124],[53.40512129000041,39.31126536700043],[53.389414910000426,39.310614325000415],[53.39429772200032,39.317043361000344],[53.40316816500035,39.33787669500032],[53.39616946700016,39.338202216000354],[53.38800933151322,39.33756910192113],[53.382009311000274,39.33710358300044],[53.37517337300022,39.33787669500032],[53.36548912900025,39.331610419000356],[53.361582879000366,39.33047109600034],[53.358571811000274,39.33270905200021],[53.35157311300031,39.342230536000216],[53.34791100400042,39.34414297100028],[53.33464603000033,39.34052155200021],[53.32004612288324,39.334941969789895],[53.30909264400026,39.330755927000325],[53.30094463199168,39.330608926640025],[53.29330488400029,39.33047109600034],[53.29330488400029,39.33787669500032],[53.29948978000027,39.34516022300039],[53.29688561300037,39.349066473000335],[53.28825931100033,39.350653387000364],[53.276133660000426,39.35097890800017],[53.26465905000032,39.352850653000246],[53.25591208646796,39.35802358872712],[53.2495223320002,39.361802476000264],[53.23861738400035,39.364650783000286],[53.22522078744504,39.3641084107403],[53.218516472000374,39.363836981000304],[53.21307352568715,39.3625587132928],[53.19935851177058,39.35933776302255],[53.179462516244485,39.354665218571995],[53.17017662900025,39.35248444200039],[53.16076733575511,39.34861113874433],[53.14991295700037,39.34414297100028],[53.15992381222691,39.33919416572644],[53.17366549509495,39.33240104854423],[53.185883009000406,39.32636139500016],[53.197764519000316,39.32367584800028],[53.18992219234593,39.314030486769695],[53.179535352000414,39.30125560100021],[53.17302493600033,39.28831614800043],[53.170258009000236,39.272162177000325],[53.17212975400031,39.2554385440003],[53.17670587783414,39.23951549986515],[53.18150799411154,39.22280609421881],[53.18409264400037,39.21381256700039],[53.182487226029366,39.1987366911668],[53.181488477000414,39.18935781500028],[53.171885613000256,39.17747630400015],[53.161468946000355,39.17959219000022],[53.157856222832265,39.20044310541408],[53.15295601102406,39.228724791325305],[53.148069669386416,39.25692642522614],[53.1434864966065,39.28337831304549],[53.13983937662107,39.30442775048658],[53.136892123000166,39.321437893000336],[53.13054446700028,39.33348216400026],[53.121678012612506,39.34403048467317],[53.11065788864835,39.357141001723676],[53.099600390791124,39.370295982072776],[53.08871504000041,39.383246161000216],[53.085215691000315,39.400458075000245],[53.09473717500032,39.419867255000156],[53.10401451900037,39.42934804900034],[53.11675590303088,39.438742120029644],[53.13282311300031,39.45058828300023],[53.137461785000426,39.45994700700027],[53.140225153224094,39.470210945770475],[53.14535566500041,39.4839541690003],[53.15504473916013,39.49008797760354],[53.16553795700037,39.496730861000344],[53.17504491806693,39.51093036144442],[53.17823326900037,39.515692450000245],[53.185401279817995,39.531022692395254],[53.19315811780325,39.5476122609042],[53.20147706487296,39.565404013496845],[53.211595792411515,39.58704496101228],[53.22063657273765,39.60301102943765],[53.22948253536799,39.61698393118405],[53.23875865204559,39.63163629547057],[53.244694883437035,39.63879256915533],[53.257499898906474,39.64949390362153],[53.27588951900037,39.66486237200036],[53.31373131600037,39.658840236000344],[53.2927352220002,39.649847723000335],[53.277354363000256,39.63922760600025],[53.27422616318427,39.63582546783442],[53.248545769000316,39.60789622600032],[53.24439537900031,39.59967682500047],[53.23243248800037,39.567531643000336],[53.21127363400029,39.550197658000286],[53.21697024800034,39.52505117400028],[53.25407962300028,39.52118561400039],[53.28715133922077,39.52628775598788],[53.32140784673959,39.53157268175897],[53.36353600400042,39.53807200700038],[53.38984269078526,39.53719173192815],[53.40700336804565,39.536617500876446],[53.42676842500032,39.53595612200019],[53.446787957000424,39.530585028000246],[53.46753991000037,39.50234609600017],[53.478282097000374,39.488714911000216],[53.49219811300037,39.48078034100024],[53.509125196000355,39.47650788000033],[53.55054772200032,39.47451406500028],[53.567881707000424,39.467718817000275],[53.577159050000375,39.46784088700025],[53.581309441000315,39.477932033000286],[53.580577019000316,39.48798248900016],[53.57740319100043,39.49526601800022],[53.57129967500026,39.49982330900025],[53.56080162900025,39.501776434000305],[53.57374108200037,39.52728913000021],[53.58611087300039,39.52387116100027],[53.5994572270003,39.50775788000027],[53.61540774800034,39.49494049700036],[53.63445071700022,39.495306708000214],[53.65473155195514,39.510630634504594],[53.67335593300231,39.51968403036926],[53.68376712300039,39.52220286700026],[53.715993686000274,39.509263414000316],[53.72461998800043,39.5086123720003],[53.7361759770003,39.517889716000354],[53.73316491000031,39.52798086100029],[53.72250410200036,39.53705475500038],[53.711599155000215,39.54340241100016],[53.68930097700036,39.55044179900034],[53.647146030000386,39.55825429900028],[53.629161004000366,39.570705471000394],[53.64527428500031,39.574896552000325],[53.65463300900035,39.5820987000003],[53.65552819100037,39.59292226800022],[53.64649498800031,39.60789622600032],[53.63306725400042,39.61831289300022],[53.61963951900026,39.6205101580004],[53.601759158403866,39.618979720552886],[53.5716251960003,39.61640045800033],[53.56763756600037,39.642401434000305],[53.564463738000484,39.65265534100024],[53.5564884770003,39.66449616100033],[53.545664910000255,39.67487213700031],[53.533457879000366,39.6804873720003],[53.53733866255999,39.65931946122373],[53.53972415500033,39.6321475280003],[53.533457879000366,39.6321475280003],[53.51940004615665,39.649271666471236],[53.50325060266994,39.66894363935393],[53.497080925000205,39.67645905200027],[53.471039259000406,39.69635651200025],[53.44410241000037,39.70107656500028],[53.44776451900026,39.69525788000033],[53.44944554525267,39.691533655273815],[53.45455393717475,39.68021628323305],[53.45777428500031,39.67308177300015],[53.451670769000316,39.67666250200023],[53.43588300900035,39.68333567900015],[53.429860873000166,39.68671295800027],[53.430430535000426,39.66771067900038],[53.44922936300031,39.648586330000455],[53.45093834700032,39.6321475280003],[53.41675866000031,39.649969794000356],[53.412852410000426,39.68569570500023],[53.429860873000166,39.76251862200036],[53.405772332000424,39.75580475500021],[53.382009311000274,39.76251862200036],[53.382009311000274,39.769273179000265],[53.415212436000274,39.782049872000414],[53.43983176648669,39.80869847853978],[53.46753991000037,39.83869049700024],[53.499278191000315,39.8655459660003],[53.4886763928223,39.88032790160173],[53.48829186300043,39.88104889500022],[53.485036655000386,39.88540273600029],[53.502696160000426,39.891546942000275],[53.522715691000315,39.89280833500044],[53.53711998800043,39.89630768400019],[53.53695722700036,39.903753973000164],[53.53077233200048,39.91071198100036],[53.52613366000037,39.91266510600036],[53.53728274800039,39.92487213700025],[53.55274498800043,39.93622467700027],[53.558361295450084,39.941442098831885],[53.567067905000215,39.949530341000354],[53.57447350400042,39.96792226800022],[53.569102410000426,39.96556224200032],[53.56641686300037,39.96482982000032],[53.56421959700026,39.96393463700042],[53.56080162900025,39.96108633000017],[53.54363040500027,39.97431061400033],[53.528819207000254,39.976955471000224],[53.50718820598894,39.975669045624954],[53.491872592000334,39.97475820500034],[53.47494550900035,39.97923411700026],[53.45199629000035,39.99551015800023],[53.4372664720002,40.00267161700026],[53.4266789959795,40.00496475652034],[53.419606967000334,40.00649648600029],[53.40211022200032,40.00678131700033],[53.385264519000316,40.00307851800028],[53.37663514614775,39.99895702652009],[53.36890709700026,39.99526601800028],[53.35627816333488,39.98428592934812],[53.32683353000033,39.95868561400016],[53.31031334700026,39.95359935100038],[53.30567467500032,39.95148346600024],[53.29004967500032,39.94208405200038],[53.274912957000424,39.94208405200038],[53.25709069100037,39.95148346600024],[53.23755944100026,39.957749742000374],[53.21741601357485,39.97002189231216],[53.19464069588952,39.983897491341565],[53.17237389400026,39.997463283000286],[53.155284050000205,39.99237702000016],[53.12574303500037,39.97475820500034],[53.10449947301299,39.97274641348827],[53.0787617132371,39.970309015904434],[53.05355879000035,39.96792226800022],[53.06511478000044,39.98403554900034],[53.08171634200028,39.99526601800028],[53.05684400634624,39.98906985451043],[53.028956697671845,39.982122604913855],[53.01246178500037,39.97801341400043],[52.987275901497526,39.97553298571438],[52.97486412900025,39.97431061400033],[52.94369550900029,39.981594143000336],[52.92750084700026,40.01117584800039],[52.91358483200037,40.021673895000276],[52.89600670700048,40.00885651200048],[52.89584394600024,39.99827708500027],[52.90308678500031,39.98493073100036],[52.91122945283968,39.97507692283557],[52.91993248800031,39.964544989000274],[52.92553603903468,39.93590007787435],[52.928568775613144,39.90984100850778],[52.930186394000316,39.895941473000335],[52.93604576900026,39.88760000200023],[52.94996015880167,39.87324830294898],[52.964528842000334,39.8582217470003],[52.97486412900025,39.851874091000354],[52.98939416205258,39.83081652656455],[53.01254316500035,39.797267971000394],[53.02775008670869,39.78623004874913],[53.04371178500031,39.77464427300026],[53.05355879000035,39.769273179000265],[53.05355879000035,39.76251862200036],[53.03496178176192,39.7704842346443],[53.02091819407326,39.77649949141164],[53.00586998800037,39.78294505400038],[53.0193791020003,39.77533600500027],[53.02866516853038,39.76618730630139],[53.04688561300037,39.74823639500016],[53.040049675000375,39.74201080900019],[53.02435973309679,39.75394794104625],[53.00996408992398,39.76490035211941],[52.99488366000031,39.78021881700016],[52.99134813355204,39.78674594277959],[52.984410008550924,39.79955478899171],[52.97541245207327,39.81616566256167],[52.966319207000424,39.83295319200022],[52.95264733200031,39.84650299700019],[52.93811934010159,39.8513512143295],[52.91716556100022,39.858343817000275],[52.90528405000026,39.8745791690003],[52.89844811300037,39.89549388200015],[52.89283287900042,39.93423086100029],[52.884125196000355,39.94489166900024],[52.83339688155405,39.97621629601855],[52.823117588361924,39.98256373785205],[52.79700384676755,39.998688918127016],[52.769853656463965,40.01871773877576],[52.753265821000355,40.031968492000374],[52.73845462300022,40.05361562700028],[52.7461043630002,40.0969912780003],[52.76197350400042,40.13580963700025],[52.76832116000037,40.1537946640002],[52.758067254000366,40.172512111000174],[52.7309676440002,40.200669664000486],[52.743418816000315,40.209540106000304],[52.73894290500027,40.21938711100046],[52.71778405000026,40.23541901200031],[52.6989852220002,40.27387116100027],[52.701996290000295,40.31240469000028],[52.71047625042752,40.354614939341445],[52.72113794063284,40.407685069305785],[52.72999861682439,40.45179038731834],[52.73658287900042,40.48456452000022],[52.750254754000366,40.5176455750003],[52.772471550000375,40.55072663000033],[52.81486952054104,40.59579601688756],[52.832530144000316,40.61456940300042],[52.83802194525265,40.62238353528369],[52.863129102000414,40.658107815000164],[52.868174675000375,40.69415924700024],[52.85922285200036,40.70001862200019],[52.84581199250971,40.70253315796168],[52.83318118600033,40.70490143400025],[52.827647332000424,40.71149323100042],[52.82984459700026,40.72064850500033],[52.83757571700028,40.73908112200036],[52.83725019600041,40.74249909100041],[52.832530144000316,40.74555084800022],[52.845225457000254,40.75165436400022],[52.86158287900031,40.75649648600046],[52.868174675000375,40.75556061400033],[52.87037194100043,40.765082098000335],[52.86882571700039,40.775783596000224],[52.86524498800031,40.78510163000027],[52.86198978000027,40.79035065300019],[52.870392363546785,40.81717204874707],[52.885508660000426,40.86542389500022],[52.90149282035395,40.897409402932624],[52.92335045700037,40.941148179000265],[52.931325717000334,40.97565338700031],[52.92238843291369,41.01891796608868],[52.917002800000375,41.044989325000245],[52.91674169237433,41.06646543833364],[52.91673974611268,41.06662551843567],[52.931852542458785,41.07709719368137],[52.932339859908154,41.07689045295143],[52.95142662900031,41.068793036000216],[52.96119225400031,41.06098053600027],[52.96550540500027,41.049383856000475],[52.96306399800028,41.037787177000325],[52.958750847000374,41.02651601800022],[52.95818118600022,41.01626211100029],[52.96843509200028,40.997015692000275],[52.98269321520661,40.98320978553471],[52.99901499173836,40.967405677455986],[53.01205488400035,40.95477936400039],[53.01986738400035,40.937933661000386],[53.022839982255164,40.928394877810774],[53.03174889400037,40.8998070330004],[53.040049675000375,40.88593170800033],[53.072032097000374,40.868963934000305],[53.07447350400031,40.86542389500022],[53.09978274800028,40.86517975500027],[53.11133873800037,40.867092190000335],[53.090474161081545,40.85390017125627],[53.081879102000414,40.85150788000033],[53.06470787900031,40.84398021000027],[53.07081139400037,40.827866929000265],[53.0779728520003,40.82221100500021],[53.094004754000366,40.812404690000164],[53.102061394000316,40.80394114800015],[53.104258660000426,40.783596096000394],[53.10743248800031,40.77391185100038],[53.11890709700032,40.7698428410003],[53.135791736599856,40.768773996543814],[53.15650043848137,40.76746307835242],[53.163259311000274,40.767035223000164],[53.175991767352286,40.76798743684077],[53.18230228000016,40.7684593770004],[53.1955027777326,40.77296392673418],[53.20460045700031,40.77606842700027],[53.214401402557144,40.78398865058659],[53.23501622347055,40.800647654544775],[53.24976647200015,40.8125674500003],[53.26587975400042,40.81704336100023],[53.249359571000355,40.79035065300019],[53.24488366000031,40.77496979400024],[53.25603274800028,40.76894765800023],[53.2903030178752,40.77221060567922],[53.320722303006505,40.77510689264096],[53.33082116000037,40.77606842700027],[53.33952884200022,40.780829169000185],[53.34115644600041,40.79197825700021],[53.34115644600041,40.804592190000164],[53.34449303500031,40.813910223000335],[53.359222852000414,40.82977936400016],[53.36996504000035,40.83519114800032],[53.382009311000274,40.831284898000206],[53.38306725400031,40.82558828300023],[53.37598717500026,40.807074286000216],[53.37517337300022,40.79779694200016],[53.38379967500026,40.77830638200027],[53.39869225400031,40.76276276200042],[53.41830488400035,40.752427476000264],[53.44695071700039,40.74652741100033],[53.461273634000406,40.73688385600025],[53.471446160000426,40.73505280200027],[53.48308353000033,40.73704661700032],[53.491872592000334,40.740871486000344],[53.50554446700028,40.74872467700021],[53.541677280000386,40.761623440000335],[53.55534915500033,40.77350495000019],[53.558413114982216,40.78502909762301],[53.56080162900025,40.79401276200042],[53.560394219140676,40.804217405330235],[53.55909264400037,40.83681875200034],[53.56275475400031,40.85297272300028],[53.57599660941355,40.87370955616592],[53.58741295700031,40.89158763200027],[53.592784050000375,40.8933779970003],[53.61475670700037,40.891546942000275],[53.6325789720002,40.881293036000386],[53.63599694100043,40.87604401200025],[53.638926629000366,40.87201569200016],[53.65284264400026,40.867865302000155],[53.656993035000426,40.86542389500022],[53.654551629000366,40.852932033000286],[53.65088951900026,40.84784577000033],[53.64958743600022,40.84491608300016],[53.65512129000035,40.823879299000225],[53.66032962300022,40.81622955900019],[53.67066491000037,40.81077708500027],[53.662119988000484,40.79661692900015],[53.64958743600022,40.78351471600041],[53.66729533727073,40.74972934847443],[53.67644290500033,40.72589752800036],[53.685500041676505,40.714788774348676],[53.691172722000374,40.70783112200019],[53.70118248800031,40.70311107000026],[53.71949303500037,40.69830963700025],[53.72461998800043,40.68793366100027],[53.722015821000355,40.68073151200025],[53.714549658920134,40.66914159807976],[53.708018425000375,40.65900299700019],[53.704763217000334,40.65009186400033],[53.721039259000406,40.62567780200038],[53.75091827870784,40.62567780200038],[53.75953209700026,40.62567780200038],[53.76929983408451,40.6271771582372],[53.80486087300039,40.63263580900025],[53.86264082100041,40.62616608300016],[53.87916100400031,40.63792552300026],[53.89478600400031,40.65306224200026],[53.929300090202105,40.6679660515494],[53.947764519000316,40.673651434000305],[53.95785566500035,40.67210521000027],[53.985362175000205,40.660589911000216],[54.01075280000026,40.65786367400034],[54.03052819100037,40.66282786700026],[54.04908287900025,40.669989325000245],[54.08033287900042,40.67609284100041],[54.08814537900042,40.682196356000304],[54.09327233200037,40.69009023600029],[54.09522545700037,40.697821356000304],[54.07885003314135,40.70282221827125],[54.05420983200037,40.71527741100016],[54.10269102694008,40.71374319570543],[54.11207116000037,40.71344635600025],[54.14136803500031,40.71686432500019],[54.171071811000274,40.72968170800033],[54.194940973430676,40.729157285433075],[54.2227672351209,40.72854592256516],[54.23503665500027,40.72573476800039],[54.23047936300031,40.71938711100023],[54.223755547534836,40.702857731629706],[54.21753991000037,40.69025299700036],[54.22169030000026,40.6870791690003],[54.252696160000426,40.67658112200019],[54.29190035182455,40.67581987542599],[54.33478378592554,40.67498718724164],[54.37120352954997,40.67428000763198],[54.403575066000315,40.673651434000305],[54.383962436000274,40.682766018000336],[54.3626408210003,40.68793366100027],[54.37517337300039,40.70091380400021],[54.41488691500041,40.70872630400015],[54.430430535000426,40.72142161700032],[54.41118533309435,40.721185189484174],[54.38477730146923,40.72086076652653],[54.36266918972706,40.72058916813171],[54.33841111804338,40.720291157455506],[54.31820722700036,40.721625067000275],[54.31055748800043,40.730658270000276],[54.308116082000424,40.75214264500022],[54.30388431100033,40.77008698100025],[54.29583883331071,40.781739051725594],[54.28500410200036,40.797430731000304],[54.27857506600043,40.82363515800034],[54.26880944100043,40.83991120000019],[54.26644941500035,40.84833405200027],[54.271983269000316,40.859849351000264],[54.27458743600039,40.864894924000225],[54.2732853520003,40.872259833000385],[54.267100457000254,40.87417226800028],[54.257090691000315,40.873114325000415],[54.248301629000366,40.87498607000026],[54.245941602000414,40.88593170800033],[54.257497592000334,40.8914248720003],[54.266123894000316,40.89134349200032],[54.2732853520003,40.8933779970003],[54.28273810480033,40.90172394003707],[54.29900149800034,40.9160830750003],[54.31251061300031,40.923895575000245],[54.33171634200016,40.926906643000336],[54.360524936000274,40.91705963700025],[54.38136569986551,40.90427543691203],[54.42115319100037,40.87986888200015],[54.437836134000406,40.87970612200019],[54.46583092500026,40.86595286700043],[54.46876061300037,40.8516299500003],[54.45630944100043,40.835638739000444],[54.437836134000406,40.81704336100023],[54.47494550900029,40.80988190300042],[54.508124623539686,40.814711774079],[54.565165996529515,40.82301526504011],[54.59066816500035,40.82672760600042],[54.605643719941725,40.831068346595316],[54.639903191000315,40.83877187700034],[54.657562696000355,40.86200592700021],[54.68902931045773,40.87481210658808],[54.699554884000406,40.87909577000016],[54.70899498800043,40.88499583500027],[54.71950101593768,40.89832166270895],[54.73854213082444,40.9224733799781],[54.74659264400037,40.93268463700025],[54.756032748000166,40.94843170800044],[54.760020379000366,40.965033270000276],[54.756195509000406,40.981594143000336],[54.751511883648845,40.98863994456383],[54.74683678500037,40.99567291900024],[54.73680364551069,41.00549223722743],[54.722015821000355,41.019964911000216],[54.70452027575578,41.04149960652302],[54.690114780000215,41.059230861000174],[54.67798912900031,41.06464264500045],[54.67798912900031,41.07086823100042],[54.70053144600041,41.06830475500027],[54.724375847000374,41.05927155200027],[54.748205721204954,41.04681605036444],[54.767425977000414,41.036769924000225],[54.76091556100033,41.04547760600025],[54.740977410000426,41.057847398000206],[54.72388756600037,41.074855861000344],[54.71843509200028,41.08515045800027],[54.72925866000037,41.10097890800017],[54.73259524800039,41.09813060100032],[54.71607506600043,41.11517975500021],[54.688731316000315,41.121242580000285],[54.63640384200028,41.13296133000017],[54.63502037900025,41.162665106000304],[54.60043379000035,41.192328192000275],[54.53139392826523,41.2326061260855],[54.468149223019736,41.2695031592645],[54.400401238000256,41.30902741100016],[54.367275007613785,41.31996302151401],[54.31177819100026,41.33828359600028],[54.2764523599605,41.3616948109962],[54.25806725400042,41.37596263200032],[54.236075458554524,41.38532737556386],[54.1907658210003,41.40729401200031],[54.18394850490267,41.4157351953981],[54.17497806100033,41.429388739000274],[54.15284264400037,41.454250393000336],[54.14478600400042,41.459784247000414],[54.108653191000315,41.465480861000344],[54.0739852220002,41.48798248900033],[54.04135175900029,41.5345726580004],[54.03028405000032,41.569484768000336],[54.02581493130225,41.62859443187148],[54.02556399800039,41.69521719000028],[54.01970462300028,41.73151276200025],[54.008555535000426,41.76483795800033],[53.99219811300043,41.79706452000045],[53.96857735411487,41.827468676291744],[53.94459069100043,41.85834381700022],[53.93685957100041,41.87620677300043],[53.932302280000386,41.884263414000316],[53.9028426440002,41.893296617000146],[53.89877363400035,41.90534088700031],[53.90162194100037,41.91461823100036],[53.906911655000215,41.92352936400022],[53.910166863000256,41.934271552000155],[53.90935306100039,41.94061920800027],[53.9028426440002,41.97211334800022],[53.91480553500037,41.995550848000335],[53.91700280000032,42.00690338700025],[53.91627037900042,42.0235049500003],[53.91325931100033,42.043402411000386],[53.906911655000215,42.06293366100027],[53.89665774800028,42.07884349200026],[53.86557050900035,42.10175202000022],[53.818695509000406,42.12441640800034],[53.76791425900035,42.13613515800023],[53.72461998800043,42.126044012000364],[53.68181399800034,42.14394765800023],[53.599583404435066,42.13364701048823],[53.53567020181953,42.1256408981281],[53.47153690471299,42.11760721554549],[53.41069756417755,42.10998615172281],[53.37517337300022,42.1055362000003],[53.35262480076045,42.09657940586692],[53.2967228520003,42.07884349200026],[53.26146136537034,42.08003626925665],[53.219737175000375,42.081447658000286],[53.16382897200026,42.10370514500022],[53.12191816500041,42.089992580000455],[53.084483269000316,42.0645205750003],[53.040328456857196,42.03215217003134],[52.96029707100041,41.98436107000015],[52.93702233200048,41.95538971600041],[52.911876766840976,41.91393494977268],[52.87935393067818,41.8603180769108],[52.84954245763902,41.811171134382164],[52.821462436000274,41.76487864800032],[52.80404707100041,41.74485911700043],[52.78956139400026,41.73627350500027],[52.782074415000295,41.72553131700016],[52.77377363400029,41.70132070500017],[52.769216342000334,41.675604559000305],[52.772471550000375,41.660549221000224],[52.78467858200037,41.66307200700021],[52.815684441000315,41.69383372600021],[52.83082116000031,41.70148346600041],[52.88054446700028,41.69790273600023],[52.91651451900037,41.67422109600034],[52.915375196000355,41.660793361000344],[52.899912957000254,41.640326239000274],[52.89600670700048,41.629543361000174],[52.89714603000033,41.619452216000184],[52.901866082000254,41.59983958500027],[52.898936394000316,41.5659854190003],[52.87236898324221,41.51444986375458],[52.84637486011286,41.46402637383335],[52.832692905000215,41.43748607000032],[52.827647332000424,41.417181708000214],[52.815684441000315,41.3887393250003],[52.813487175000205,41.37933991100027],[52.81544030000026,41.369533596000394],[52.827647332000424,41.3446312520004],[52.83725019600041,41.30292389500016],[52.84400475400042,41.24017975500027],[52.8513289720002,41.22357819200022],[52.909678582000424,41.12270742400017],[52.90430748800031,41.10199616100027],[52.88306725400042,41.07249583500027],[52.8823849991565,41.05195238752327],[52.88148304623115,41.051100251765035],[52.86996504000041,41.060003973000164],[52.84831790500033,41.0777041690003],[52.84915334237013,41.09835024115671],[52.85450280000026,41.11933014500022],[52.854665561000445,41.14252350500027],[52.851084832000254,41.16331614800015],[52.844086134000406,41.18256256700022],[52.8338322270003,41.2012393250003],[52.829274936000274,41.206488348000164],[52.816661004000366,41.21784088700025],[52.81104576900037,41.233710028000246],[52.81373131600043,41.2526716170002],[52.813487175000205,41.26264069200016],[52.79750834564777,41.304811926364835],[52.78956139400026,41.331000067000275],[52.77711022200032,41.339544989000274],[52.76099694100037,41.377590236000344],[52.74529056100039,41.38617584800022],[52.723399285000426,41.39423248900039],[52.715830925000205,41.426418361000344],[52.7102970710003,41.43227773600029],[52.693614129000366,41.44452545800027],[52.682383660000426,41.45034414300022],[52.64625084700032,41.458197333000385],[52.61166425900035,41.49237702000022],[52.59392337300022,41.502630927000155],[52.57536868600022,41.50873444200039],[52.56218509200028,41.519476630000156],[52.56023196700022,41.54385000200028],[52.56348717500026,41.54621002800036],[52.57282205609437,41.559036301709625],[52.58415774800039,41.57461172100028],[52.587738477000244,41.582709052000325],[52.58863366000037,41.59418366100016],[52.58757571700028,41.616156317000275],[52.591021124723,41.626474962033114],[52.59522545700048,41.633734442000275],[52.595550977000414,41.6400414080004],[52.592539910000426,41.645738023000206],[52.587738477000244,41.649562893000336],[52.583018425000375,41.65200429900034],[52.580739780000386,41.65371328300034],[52.572520379000366,41.673773505000156],[52.567149285000426,41.6817080750003],[52.56023196700022,41.6878115910003],[52.55290774800039,41.689642645000276],[52.53663170700031,41.68793366100027],[52.514496290000295,41.706935940000164],[52.48357181100016,41.72626373900022],[52.47461998800031,41.729437567000275],[52.45020592500032,41.734808661000216],[52.43767337300039,41.74884674700036],[52.43580162900042,41.76854075700021],[52.44361412900042,41.79092031500022],[52.46459245029649,41.83089492950165],[52.48194420700037,41.86395905200038],[52.49097741000037,41.902044989000274],[52.48454837300034,41.94163646000027],[52.47413170700037,41.96259186400039],[52.46119225400042,41.978949286000216],[52.45167076900037,41.986314195000205],[52.43376712300045,42.00043366100016],[52.43051191500041,42.013739325000415],[52.43411576446317,42.03193225243609],[52.437266472000374,42.04783763200027],[52.43677819100037,42.05780670800033],[52.430837436000274,42.0671247420002],[52.42011452848385,42.07657544006827],[52.402028842000334,42.0925153670002],[52.413096550000375,42.10667552300032],[52.42221113400029,42.12531159100024],[52.42839603000027,42.145453192000275],[52.436289910000426,42.179877020000276],[52.4682723320002,42.193101304000265],[52.48454837300034,42.20172760600025],[52.51461013411296,42.244797819897656],[52.533539259000406,42.271918036000216],[52.54257447605295,42.28110293297283],[52.56028232579774,42.29910413588402],[52.58757571700028,42.32684967700021],[52.59408613400029,42.33527252800036],[52.599131707000424,42.34471263200015],[52.60124759200022,42.35635000200028],[52.60010826900037,42.37767161700026],[52.6048283210003,42.39667389500022],[52.63445071700028,42.41864655200027],[52.64283287900031,42.42829010600025],[52.64600670700037,42.43650950700038],[52.647097057546944,42.449230270076214],[52.64966881600043,42.461859442000275],[52.66627037900031,42.50177643400019],[52.67354997859968,42.52846830089493],[52.67628014400026,42.538478908000286],[52.67640984760442,42.55763177782535],[52.67652428500031,42.5745303410003],[52.67156517107122,42.58888728140482],[52.66334069100037,42.61269765800034],[52.637950066000315,42.65550364800026],[52.61850019600041,42.67841217700021],[52.60312649768446,42.68567522631207],[52.575694207000424,42.69863515800023],[52.56421959700032,42.72089264500022],[52.5638126960003,42.74225495000036],[52.57447350400042,42.749823309000305],[52.58155358200037,42.73924388200027],[52.589121941000315,42.71824778900037],[52.60043379000041,42.69765859600028],[52.61890709700026,42.68842194200022],[52.622778248134125,42.687342816089654],[52.648578481471986,42.67543160628571],[52.66334069100037,42.667914130000156],[52.66993248800031,42.65298086100029],[52.6717228520003,42.64765045800027],[52.67693118600033,42.64740631700022],[52.69092858200031,42.61098867400034],[52.70093834700043,42.59320709800028],[52.71045983200037,42.58539459800028],[52.721446160000426,42.593491929000436],[52.73259524800022,42.61383698100019],[52.74122155000026,42.637884833000214],[52.74463951900037,42.65737539300045],[52.73633873800037,42.70136139500033],[52.728003424396604,42.71182395034134],[52.71290123800037,42.7307803410003],[52.67652428500031,42.74664948100025],[52.629161004000366,42.749823309000305],[52.62501061300043,42.77472565300036],[52.611996533455056,42.780826002803224],[52.57422936300037,42.79852936400016],[52.54282577477221,42.80694898744338],[52.50803950958402,42.81627554120382],[52.47087649800039,42.826239325000415],[52.43425021004481,42.82852658709959],[52.386549825245766,42.831505411554986],[52.371836785000426,42.832424221000224],[52.35743248800043,42.83173248900016],[52.3450626960003,42.8294131530003],[52.333181186000274,42.82518138200015],[52.32064863400035,42.81875234600028],[52.31511478000027,42.812974351000264],[52.299571160000426,42.790838934000305],[52.2729598320002,42.79877350500021],[52.206309441000315,42.86611562700023],[52.16920006600043,42.887030341000354],[52.145518425000375,42.888495184000305],[52.12561954679069,42.88620987879921],[52.07133466743193,42.87997548126998],[52.05836022200043,42.8784854190003],[52.00312359996536,42.862905858896625],[51.99170983200031,42.8596865910003],[51.95508873800037,42.84064362200036],[51.93279056100022,42.83494700700021],[51.92217997644866,42.838809259814695],[51.89160764393256,42.860643621011775],[51.86250358885371,42.88619051396876],[51.830388161813005,42.92306013972086],[51.817881707000424,42.94114817900021],[51.80258222700036,42.958685614000274],[51.78816226838546,42.990643976149784],[51.78239993600033,43.01137929900034],[51.77198326900026,43.030991929000265],[51.743077343941025,43.055022453771016],[51.724457227000414,43.07050202000039],[51.71143639400037,43.09088776200025],[51.69849694100043,43.09430573100019],[51.67579186300031,43.099920966000354],[51.67383873800043,43.121161200000245],[51.67969811300037,43.12909577000022],[51.68311608200031,43.140855210000325],[51.67937259200022,43.15973541900024],[51.66773522200043,43.1797549500003],[51.65105228000033,43.191392320000375],[51.63192263304387,43.18431917321408],[51.59988238315509,43.17760548248822],[51.56324303500037,43.179185289000486],[51.53980553500037,43.174994208000214],[51.531911655000386,43.16937897300022],[51.508555535000426,43.154486395000276],[51.49586022200026,43.156805731000304],[51.47282962300028,43.16657135600036],[51.460297071000355,43.1688500020004],[51.421063075105394,43.16275422696884],[51.367849155000215,43.154486395000276],[51.31547941279234,43.154486395000276],[51.27572675900029,43.154486395000276],[51.26270592500032,43.164618231000304],[51.26628665500027,43.1875674500003],[51.28490427432433,43.22951999119721],[51.302419467000334,43.26898834800028],[51.312836134000406,43.31118398600029],[51.3141646035657,43.33701711832816],[51.316434916001356,43.3811651237545],[51.31844545630213,43.42026165633354],[51.319590691000315,43.44253164300039],[51.31470787900025,43.4624697940003],[51.29394410329451,43.49273017961036],[51.2767033210003,43.52716705900019],[51.275401238000256,43.54979075700021],[51.27420019472902,43.55411451346538],[51.272959832000424,43.55857982000026],[51.25766035200036,43.572251695000375],[51.24046452093694,43.58141572850326],[51.22409689509419,43.59013839337666],[51.21021569100043,43.610093492000146],[51.2068791020003,43.62445709800039],[51.19849694100037,43.62616608300027],[51.187347852000414,43.622503973000164],[51.1634220710003,43.622707424000396],[51.135629828029664,43.640017534493495],[51.11500084700032,43.66083405200021],[51.102523299733775,43.679865350783814],[51.07610666408755,43.720157154541596],[51.04549560425198,43.76684647683936],[51.02312259200028,43.80097077000016],[51.01490319100043,43.81854889500016],[51.0115666020003,43.836004950000245],[51.008636915000295,43.845607815000335],[51.00196373800037,43.854193427000155],[50.991058790000295,43.86709219000022],[50.99284915500033,43.89858633000017],[50.991058790000295,43.90810781500028],[50.983246290000295,43.91901276200042],[50.9689976621579,43.92842150274174],[50.95329837300034,43.93878815300036],[50.946787957000254,43.94721100500021],[50.93873131600037,43.96572500200023],[50.923594597000374,43.9830589860004],[50.91130618600033,44.00238678600016],[50.90170332100041,44.0110537780003],[50.891368035000426,44.01544830900019],[50.86882571700028,44.02033112200019],[50.86085045700031,44.02537669500032],[50.85279381600043,44.03876373900022],[50.85368899800028,44.04755280200027],[50.858164910000426,44.0562197940003],[50.86085045700031,44.06940338700031],[50.85900493956581,44.1114196603707],[50.85718834700015,44.152777411000386],[50.85279381600043,44.173407294000356],[50.84717858200037,44.189276434000305],[50.8216251960003,44.21503327000033],[50.80616622605402,44.223027677119035],[50.78126061300031,44.2359072940003],[50.756541798274554,44.24418241445318],[50.696299675000375,44.26434967700021],[50.639229154408724,44.27196216082416],[50.57883398549279,44.28001811057993],[50.52046484028159,44.28780381446228],[50.464589481156054,44.2952568789006],[50.4037265498593,44.30337522222692],[50.35665740243053,44.30965364968284],[50.32107912185643,44.31906210534669],[50.27767988400035,44.336493231000304],[50.255218946000355,44.35101959800028],[50.23747806100016,44.36933014500033],[50.230153842000334,44.3909365910003],[50.236827019000316,44.435980536000386],[50.23755944100037,44.45774974200032],[50.230153842000334,44.47662995000019],[50.23755944100037,44.48407623900033],[50.22754967500026,44.502183335000154],[50.2221785820002,44.534816799000225],[50.22461998800043,44.56769440300019],[50.23755944100037,44.58649323100042],[50.25407962300034,44.55752187700017],[50.26832116000031,44.57054271000027],[50.27849368600022,44.598374742000374],[50.28174889400026,44.61375560100032],[50.29273522200026,44.61896393400025],[50.295258009000406,44.63117096600041],[50.29542076900037,44.64496491100033],[50.29908287900031,44.65534088700031],[50.32016035200036,44.659898179000265],[50.328868035000426,44.653265692000275],[50.34001712300022,44.647894598000164],[50.36887689023314,44.643853635337905],[50.415201091989275,44.637367291628266],[50.455112233565785,44.63177890861681],[50.477109797867456,44.628698795901926],[50.49781334700032,44.625799872000414],[50.51171116534539,44.6262750110393],[50.52705295937807,44.62679951676313],[50.545420769000316,44.627427476000264],[50.57424328086961,44.63498337726759],[50.59229576900026,44.63971588700031],[50.60663797915561,44.63971588700031],[50.61695397200026,44.63971588700031],[50.627452019000316,44.62400950700021],[50.63423608533975,44.622584131445876],[50.64275149800028,44.62079498900033],[50.65292622266645,44.62076667339676],[50.67315148457686,44.62071038779516],[50.69099730390957,44.62066072402888],[50.71181742646428,44.62060278296826],[50.730479363000256,44.62055084800028],[50.745616082000254,44.60919830900019],[50.75684655000026,44.605047919000185],[50.768321160000426,44.61033763200027],[50.773768829604876,44.618196051973484],[50.77540123800037,44.62055084800028],[50.77906334700026,44.628078518000336],[50.78419030000032,44.63271719000028],[50.803997064728605,44.63403558256425],[50.81647933041529,44.63368396939245],[50.8366887129601,44.633114690923094],[50.85498611908264,44.631680840079696],[50.8728947270003,44.62885163000033],[50.89486738400035,44.62055084800028],[50.913597811623276,44.60807105653441],[50.93574151169702,44.592042202948164],[50.95142852790468,44.57788149076396],[50.96045983200037,44.5697289080004],[50.970062696000355,44.56537506700016],[50.97608870890019,44.56608814532791],[50.986061767597505,44.56726829082976],[50.99447675900035,44.56826406500028],[51.00473066500041,44.565985419000185],[51.01124108200037,44.55801015800017],[51.008636915000295,44.55145905200027],[51.00074303500031,44.547023830000285],[50.991058790000295,44.54547760600025],[51.00733483200031,44.528794664000316],[51.0193565407518,44.522821260104536],[51.033457879000366,44.51581452000033],[51.03919095997958,44.51388240843977],[51.06235898932664,44.506074526866485],[51.086241241225935,44.49802594441087],[51.107638448727414,44.49081484934243],[51.1145939460003,44.48847077000022],[51.12742851977367,44.486816455491066],[51.143321160000426,44.484767971000394],[51.1550575639302,44.48509398218732],[51.17261803500037,44.485581773000376],[51.17984073974611,44.486856940646874],[51.20281009200028,44.49091217700021],[51.22527103000027,44.49974192900015],[51.23578667577573,44.507415942401224],[51.25358942348788,44.52040787151685],[51.26878001116984,44.53149352197829],[51.278575066000315,44.5386416690003],[51.281016472000374,44.54120514500016],[51.285655144000316,44.54857005400015],[51.29224694100043,44.55231354400024],[51.29916425900029,44.553656317000275],[51.30773567806153,44.5531833124179],[51.32349694100043,44.55231354400024],[51.331915501605295,44.55326402642493],[51.338633660000426,44.554022528000246],[51.34842821467669,44.55621835747621],[51.36622155000026,44.560207424000225],[51.38152103000033,44.55975983300027],[51.37378991000031,44.52773672100028],[51.40251712300034,44.52142975500033],[51.44731950145945,44.52827530213585],[51.47095787900031,44.53188711100029],[51.49729747342798,44.52302190142905],[51.537933790000295,44.50934479400024],[51.56031334700026,44.511379299000225],[51.57390384200039,44.52391185100015],[51.56869550900029,44.5377464860004],[51.55948914824745,44.54593282389294],[51.554372592000334,44.55048248900039],[51.54530231700272,44.556259088990885],[51.53980553500037,44.55975983300027],[51.53275490669802,44.56249540064539],[51.517653486822155,44.56835458848428],[51.50292222372161,44.5740701594915],[51.47950280000026,44.58315664300039],[51.46744316850311,44.59116007333222],[51.45396880919105,44.60010239433467],[51.43897545700031,44.610052802000325],[51.42953692580903,44.61088850515711],[51.41553795700031,44.6121279970003],[51.4060267147795,44.60986380197505],[51.38538492805003,44.604949929555346],[51.36445777003996,44.60046818488911],[51.33967685817646,44.59822293465163],[51.31934655000032,44.596380927000155],[51.30615640598256,44.605063788038706],[51.291840040000295,44.614488023000376],[51.28712970109558,44.62484284236518],[51.277426455979366,44.64617365368565],[51.26937441496335,44.663874594515164],[51.260262023868734,44.68390652123594],[51.25798587300039,44.688910223000164],[51.25245416847554,44.69597745271699],[51.23438561300043,44.719061591000184],[51.206122069930586,44.737525730296795],[51.200938347000374,44.740912177000325],[51.19174440930925,44.7452008124979],[51.164517597469455,44.757901123905754],[51.14158952072472,44.768596232696154],[51.12086022200026,44.77826569200016],[51.11060631600037,44.78546784100024],[51.10377037900031,44.79205963700031],[51.09603925900029,44.79686107000026],[51.07928805805551,44.79844101249978],[51.060231967000334,44.80023834800028],[51.04957116000031,44.80345286700026],[51.04517662900042,44.80963776200031],[51.03419030000032,44.81785716400037],[51.02471149342688,44.822231997838],[50.99528742687738,44.83581233635232],[50.97071373800037,44.847154039000316],[50.96241295700037,44.86367422100028],[50.95997155000026,44.886460679000265],[50.96550540500044,44.90668366100033],[50.980804884000406,44.91543203300034],[50.989756707000254,44.91893138200038],[50.993825717000334,44.92715078300023],[50.9939884770003,44.936468817000275],[50.991058790000295,44.94334544500026],[50.97966556100039,44.94871653900026],[50.965993686000274,44.949448960000325],[50.95435631600037,44.95221588700025],[50.94955488400029,44.96381256700016],[50.95932050900029,44.978827216000184],[50.98218834700026,44.989488023000206],[51.00855553500031,44.99583567900015],[51.02833092500032,44.99799225500038],[51.05355879000041,44.9954287780003],[51.06519616000031,44.99701569200016],[51.07935631600043,45.00482819200016],[51.086273634000406,45.01146067900032],[51.09782962300028,45.02529531500028],[51.10718834700032,45.03217194200022],[51.15023847700036,45.05361562700017],[51.17457116000037,45.06220123900033],[51.196543816000315,45.06561920800027],[51.23161868600039,45.040676174000225],[51.251149936000274,45.026068427000155],[51.272959832000424,45.02464427300026],[51.28174889400037,45.03754303600016],[51.27491295700031,45.05683014500022],[51.26075280000026,45.07660553600016],[51.24341881600043,45.10106028900037],[51.24773196700016,45.11298248900022],[51.254405144000316,45.12466054900028],[51.25798587300039,45.13450755400015],[51.25652103000027,45.141302802000325],[51.24830162900042,45.15668366100027],[51.244395379000366,45.16181061400022],[51.29363040500033,45.22549062700017],[51.30925540500033,45.25731028900037],[51.362498678091754,45.30286998119527],[51.397227410000255,45.33258698100036],[51.406097852000414,45.34857819200039],[51.41570071700028,45.389960028000246],[51.42994225400031,45.38092682500019],[51.456716342000334,45.34739817900015],[51.493907097000374,45.33470286700032],[51.543711785000255,45.334906317000275],[51.592946811000274,45.34471263200027],[51.62794030000026,45.36107005400032],[51.6358629912221,45.36731598510295],[51.65870201900026,45.385321356000304],[51.66773522200043,45.38955312700023],[51.690196160000255,45.38861725500038],[51.69996178500031,45.392075914000316],[51.714854363000256,45.40965403900037],[51.72854776067169,45.43223640454198],[51.73951256600043,45.44684479400041],[51.758311394000316,45.45726146000027],[51.77035566500041,45.447739976000264],[51.79249108200037,45.405462958000214],[51.853533786618016,45.398179453649504],[51.89429772200026,45.39085521000021],[51.921153191000315,45.37164948100036],[51.94011478000027,45.36733633000023],[51.957774285000426,45.37164948100036],[51.967693205161595,45.37754586686685],[51.99008222700036,45.39085521000021],[52.00879967500026,45.39520905200021],[52.03142337300039,45.39301178600033],[52.06029910621402,45.386328124355884],[52.0720320970002,45.3836123720003],[52.094086134000406,45.38153717700027],[52.22014228144087,45.39290779326461],[52.32038015082725,45.40194952880148],[52.40308678500037,45.40940989800032],[52.44581139400037,45.400580145000276],[52.519297722000374,45.408880927000155],[52.56666100400042,45.4007022160003],[52.608424782844565,45.38760440103863],[52.674416374508496,45.36690834142502],[52.73519941500035,45.34784577000033],[52.78693258249865,45.34205317219198],[52.83513431100039,45.33665599200032],[52.856895116518615,45.328650997512284],[52.88502037900042,45.31830475500027],[52.909678582000424,45.31268952000045],[52.96425350252878,45.317081433087196],[53.002207879000366,45.32013580900025],[53.05689988385154,45.3088031835652],[53.0833439460003,45.30166250200023],[53.108246290000295,45.299627997000414],[53.129242384000406,45.304877020000276],[53.13901074340231,45.30900758607811],[53.170909050000375,45.322495835000154],[53.194346550000375,45.32636139500022],[53.20045006600037,45.328436591000354],[53.218109571000355,45.34056224200026],[53.24284915500027,45.33539459800022],[53.24545332100041,45.33380768400019],[53.25220787900031,45.33698151200025],[53.26124108200031,45.34284088700025],[53.267344597000374,45.35089752800042],[53.26587975400042,45.36107005400032],[53.24756920700037,45.369696356000304],[53.220277245414536,45.373420881195784],[53.189866946284326,45.37757096491015],[53.16132541213045,45.38146601887075],[53.13453209700032,45.38959381700022],[53.128672722000374,45.39638906500039],[53.12191816500041,45.40204498900033],[53.112071160000426,45.40615469000028],[53.09288847629813,45.40787753156263],[53.059600199277384,45.413628473380186],[53.022102378241584,45.42357512611454],[52.986154166507106,45.43632420115],[52.94442991587482,45.45112175508774],[52.909678582000424,45.46344635600019],[52.896108796563794,45.465670543058025],[52.875743035000426,45.471136786000386],[52.8572697270003,45.48871491100027],[52.850108269000316,45.49420807500036],[52.84066816500035,45.49725983300027],[52.81781629961881,45.499631733796946],[52.786040519919084,45.506884148211896],[52.75521894600041,45.51679108300033],[52.73845462300022,45.52558014500033],[52.743418816000315,45.53831614800043],[52.738047722000374,45.5469424500003],[52.73194420700031,45.55414459800022],[52.734629754000366,45.5628115910003],[52.742686394000316,45.57343170800033],[52.74301191500035,45.58079661700032],[52.740244988000256,45.58783600500033],[52.73845462300022,45.597235419000356],[52.73857140995062,45.59901795658487],[52.753112792969375,45.597473144531875],[53.10412597656301,45.560485839844375],[53.338073730469375,45.535705566406875],[53.745117187500625,45.49249267578182],[53.92907714843807,45.47308349609432],[54.09448242187557,45.45550537109432],[54.16210937500051,45.47509765625051],[54.27130126953182,45.506530761719375],[54.36511230468807,45.53350830078182],[54.449890136719375,45.55792236328182],[54.51330566406307,45.576293945313125],[54.555908203125625,45.588500976563125],[54.57171630859432,45.593078613281875],[54.59631347656307,45.60009765625057],[54.61932373046926,45.60668945312551],[54.62432861328182,45.60809326171932]]],[[[52.7024845710003,45.40521881700022],[52.6770939460003,45.39695872600021],[52.62794030000026,45.41022370000047],[52.588552280000215,45.43280670800027],[52.56128991000031,45.456529039000316],[52.55201256600043,45.47833893400036],[52.56625410200036,45.49355703300034],[52.582774285000426,45.50210195500017],[52.59351647200026,45.50897858300016],[52.59791100400042,45.51679108300033],[52.594981316000315,45.5235049500003],[52.599945509000406,45.52749258000017],[52.61653426127981,45.52661948767678],[52.63550866000031,45.525620835000325],[52.65503991000037,45.52138906500028],[52.67302493600022,45.50385163000027],[52.68473962280058,45.480255853380754],[52.68986714360551,45.46803724680461],[52.699066602000414,45.4414737000003],[52.70264733200037,45.425482489000444],[52.7024845710003,45.40521881700022]]],[[[50.34839928500031,45.08490631700033],[50.353688998000166,45.073065497000414],[50.34677108952974,45.05759122689551],[50.344411655000215,45.052313544000356],[50.33773847700036,45.042914130000156],[50.32976321700039,45.03896719000022],[50.32634524800028,45.03310781500028],[50.329406400915275,45.01585238866062],[50.33318118600033,44.99457428600033],[50.32455488400029,44.97321198100036],[50.304453972000374,44.95941803600027],[50.28150475400031,44.95551178600033],[50.264414910000426,44.96381256700016],[50.256602410000426,44.98598867400045],[50.260264519000316,45.009914455000285],[50.26775149800028,45.033880927000325],[50.270245744150145,45.047930147109525],[50.27173912900042,45.05634186400039],[50.27711022200032,45.071519273000376],[50.28891035200036,45.078355210000154],[50.300629102000414,45.08006419500026],[50.30591881600043,45.07990143400019],[50.31088300900035,45.08055247600038],[50.317951105154975,45.080308748417735],[50.32535965024044,45.08005328121038],[50.32976321700039,45.07990143400019],[50.33814537900025,45.08242422100028],[50.34392337300034,45.08600495000036],[50.34839928500031,45.08490631700033]]],[[[50.02995853000027,44.93085358300033],[50.0428166020003,44.924465236000344],[50.058278842000334,44.929103908000286],[50.0584416020003,44.903998114000274],[50.062022332000254,44.87986888200027],[50.07341556100033,44.86176178600027],[50.09669030000026,44.85464101800045],[50.10759524800034,44.85175202000033],[50.11638431100039,44.845770575000415],[50.126475457000424,44.84064362200036],[50.135845772666755,44.84041320436069],[50.141368035000426,44.84027741100033],[50.15874523011382,44.8499193708538],[50.17400149800034,44.85838450700015],[50.18921959700032,44.86147695500023],[50.17025800900035,44.830145575000245],[50.1430770190002,44.81785716400037],[50.11150149800039,44.820379950000245],[50.07935631600043,44.8334821640002],[50.06397545700031,44.844142971000394],[50.05933678500037,44.85309479400024],[50.0579533210003,44.86432526200042],[50.05201256600037,44.88129303600016],[50.04184004000035,44.89492422100028],[50.00416100400042,44.92230866100016],[49.98609459700032,44.9467634140002],[49.9861759770003,44.96800364800026],[50.01752865489243,45.018424620671794],[50.0295436918928,45.037747048386734],[50.04184004000035,45.05752187700023],[50.05201256600037,45.06561920800027],[50.06763756600037,45.071478583000385],[50.08793254484539,45.075209542473885],[50.11345462300028,45.07990143400019],[50.112152540000295,45.062486070000205],[50.09957007439306,45.05739191893588],[50.085648522567226,45.05175562393089],[50.069594869317484,45.04525612396458],[50.05355879000041,45.03876373900039],[50.03842207100041,45.014715887000364],[50.03516686300037,45.00088125200028],[50.02794061212592,44.98806919217225],[50.021006707000254,44.97577545800027],[50.017832879000366,44.96015045800027],[50.02116946700022,44.944037177000325],[50.02995853000027,44.93085358300033]]],[[[50.6595158210003,44.9389509140002],[50.67798912900042,44.935614325000245],[50.692637566000315,44.940619208000214],[50.70199629000035,44.94818756700016],[50.70801842500026,44.9544131530003],[50.71371504000024,44.953802802000325],[50.71656334700032,44.94672272300028],[50.72071373800043,44.941636460000154],[50.728037957000424,44.940619208000214],[50.73462975400042,44.92991771000027],[50.73628360079681,44.91432022354411],[50.73698978000027,44.907660223000335],[50.73682701900037,44.89590078300023],[50.743662957000424,44.88613515800023],[50.755089073350916,44.873559862975014],[50.75782311300037,44.87055084800022],[50.760752800000375,44.86493561400033],[50.739512566000315,44.868353583000214],[50.72632897200032,44.86591217700021],[50.71273847700036,44.85993073100019],[50.69776451900026,44.85785553600033],[50.69361412900042,44.864203192000275],[50.70191491000037,44.87449778900037],[50.70191491000037,44.880560614000274],[50.691905144000316,44.88312409100024],[50.68873131600043,44.88914622600032],[50.6932072270003,44.89907461100029],[50.68653405000032,44.9116885440003],[50.64079837300022,44.93329498900022],[50.626231316000315,44.95107656500028],[50.62794030000032,44.96702708500021],[50.63575280000032,44.96743398600023],[50.64332116000037,44.95294830900025],[50.6595158210003,44.9389509140002]]],[[[52.917144818602935,41.08479233322083],[52.91652598139001,41.08420767597056],[52.91651451900037,41.08515045800027],[52.917144818602935,41.08479233322083]]]]}},{"type":"Feature","properties":{},"geometry":{"type":"Polygon","coordinates":[[[47.373406400403155,43.435349515876396],[47.45259770184168,43.432469832187735],[47.48466819043978,43.43347203495688],[47.48218834700003,43.42177969000011],[47.482439097009944,43.4118075576763],[47.48324629000007,43.37970612200007],[47.48914431039486,43.365156487936815],[47.496755405000044,43.3463809270001],[47.488617384000236,43.329535223000164],[47.486827019000316,43.310858466000184],[47.493418816000144,43.296332098000164],[47.50961347700007,43.2916934270001],[47.523757830292595,43.30823394492489],[47.53435306100016,43.32062409100024],[47.554209832000254,43.325506903000075],[47.5703231130002,43.333726304000095],[47.5774031910002,43.32965729400024],[47.5854598320002,43.31220123900016],[47.58570397200015,43.29954661700009],[47.5807397800001,43.2926699890001],[47.574717644000145,43.28778717700004],[47.56495201900026,43.26805247600009],[47.53997656845007,43.25358379991832],[47.51710045700031,43.24331289300028],[47.50603274800022,43.23550039300011],[47.49925500793216,43.2278890999778],[47.4858504570002,43.212836005000156],[47.481211785000255,43.2023379580001],[47.4882918630002,43.18048737200013],[47.4780379570002,43.15989817900004],[47.47885175900018,43.1486677100001],[47.48226972700019,43.138006903000075],[47.482432488000256,43.12726471600024],[47.45948326900026,43.10443756700005],[47.4550887380002,43.099920966000184],[47.45281009200011,43.080796617000146],[47.457048182287394,43.05290846807378],[47.46192467500015,43.02081940300019],[47.49167305850284,42.99520668408394],[47.521718728134715,42.969338008198974],[47.53012129000024,42.962103583000214],[47.56067723773651,42.952174981307735],[47.58985436300014,42.942694403000075],[47.59913170700014,42.931708075000245],[47.60564212300005,42.91742584800005],[47.62159264400026,42.90509674700019],[47.629833948025805,42.90100678072304],[47.658045125134834,42.88700623388513],[47.686261989331285,42.873002864678654],[47.69809004000018,42.8671328800001],[47.704697973129555,42.84989514666654],[47.7077742850002,42.837836005000156],[47.71168053500014,42.832424221000224],[47.709971550000205,42.822170315000164],[47.712516255230014,42.803643619137915],[47.714155917197274,42.79170607987845],[47.71664472700019,42.773586330000285],[47.715098504000196,42.75726959800011],[47.72136478000016,42.75726959800011],[47.716970248000166,42.74721914300011],[47.715098504000196,42.73623281500005],[47.71514023855133,42.73285231456492],[47.71528116769326,42.72143704800891],[47.71543520525802,42.70895999864632],[47.7155867850002,42.69668203300023],[47.720462446150066,42.68257986062031],[47.725032081715995,42.66936282471778],[47.727305535000085,42.6627871770001],[47.73492728551315,42.65465899760761],[47.74409980082879,42.644877012506186],[47.751800977000244,42.63666413000004],[47.77567569643918,42.627838404143574],[47.80298847858427,42.61774173564834],[47.82520866875302,42.60952763673885],[47.83765709700015,42.604925848000164],[47.849552856441676,42.596898628594545],[47.86317498451734,42.587706461303696],[47.867686394000145,42.584662177000155],[47.87476978046169,42.574301706446136],[47.894921847602745,42.54482641248126],[47.91957066508354,42.50877397497976],[47.938487175000205,42.48110586100012],[47.962706035652104,42.45377366444518],[47.98822212875473,42.42497747613453],[47.9929305350002,42.41966380400021],[47.99781147809455,42.415428488386794],[48.009178142191104,42.40556535149045],[48.023692254000196,42.392971096000224],[48.04400295460994,42.38182571131341],[48.0692530623387,42.367969854273724],[48.082487951622625,42.35994921929938],[48.095957879000196,42.349798895000106],[48.1116463444402,42.328114869774936],[48.12785469398324,42.305712279687555],[48.14237503078391,42.28564279929941],[48.15968320244514,42.261720075158735],[48.17689763949073,42.23792690758796],[48.20092505106544,42.204717094895784],[48.22234134200022,42.17511627800019],[48.24359418191926,42.152914650682135],[48.24968509200028,42.14655182500013],[48.25761942655981,42.14095528535739],[48.27513945423357,42.12859740850132],[48.28614342500015,42.120835679000095],[48.295191835030664,42.111684446392644],[48.30404707100024,42.1027285830001],[48.31169681100005,42.081976630000156],[48.31560306100016,42.06028880400021],[48.32113264676241,42.04757075686513],[48.3249617850002,42.0387637390001],[48.329337584854215,42.031568747921256],[48.33757553599662,42.018023342063145],[48.347494445126756,42.00171398946827],[48.361173702601775,41.979221613495326],[48.370493058621776,41.963898087360064],[48.38216148962721,41.94471205056914],[48.386729363000086,41.93720123900016],[48.40130213722779,41.92629167582504],[48.416351759000236,41.91502513200004],[48.43718962874908,41.90858232796808],[48.45584232017251,41.902815153254096],[48.4624129570002,41.90078359600011],[48.47900186184182,41.89824563522825],[48.498101471057225,41.895323558128325],[48.51002037900014,41.893500067000105],[48.524961433341275,41.88724863900296],[48.539349240985246,41.8812286927884],[48.552907748000166,41.87555573100008],[48.563036346958256,41.86372834806696],[48.572227302813474,41.85299587115958],[48.5786238940002,41.84552643400008],[48.57894941500018,41.84528229400013],[48.58936608200008,41.83836497600015],[48.60756571418983,41.83010773510824],[48.620127800000205,41.82440827000016],[48.6333852105372,41.81547326417501],[48.646681721632206,41.80651190601532],[48.655446811000274,41.80060455900019],[48.662117398726025,41.79367243999428],[48.677329154190716,41.77786428282627],[48.69730866224921,41.75710144554159],[48.72091867826134,41.73256576031264],[48.73860010994065,41.71419109924261],[48.74366295700008,41.70892975500004],[48.75208786916994,41.702540863018726],[48.77784264400026,41.683010158000116],[48.79184004000024,41.66742584800011],[48.79532824581668,41.65276064531537],[48.7976180350002,41.643133856000134],[48.80495613896181,41.63692839144511],[48.794052044183275,41.58967731407165],[48.75836012909582,41.50639617886742],[48.67983791590325,41.45404803673898],[48.556105943599675,41.38742312857573],[48.401440978220535,41.35173121348811],[48.27532954491136,41.3588695965056],[48.22536086378875,41.320798220412314],[48.187289487695466,41.263691156272216],[48.039762905333646,41.318418759406484],[48.025395670793785,41.322451044985144],[47.94339473459735,41.34546529950609],[47.83869845034059,41.42351162049749],[47.722580753255784,41.48061868463759],[47.59884878095244,41.54343645519157],[47.473213239844426,41.60244708813633],[47.34727555497932,41.63024325247028],[47.268185915888864,41.69615128504569],[47.1440851325213,41.751519326855885],[46.83978370414815,41.8872845795147],[46.44433550869536,41.96637421860521],[46.16093096862073,42.065236267468435],[46.07525052627261,42.18387072610426],[45.91048044483398,42.31568679125519],[45.719067994653926,42.42146735582901],[45.82262079778042,42.49242499084403],[45.93564519555753,42.57570612604826],[46.03974661456283,42.60247506236385],[46.18251427491299,42.62924399867961],[46.31041030397654,42.67385889253893],[46.473998248127714,42.69170485008266],[46.64056051853618,42.682781871310794],[46.76845654759978,42.70657648136927],[46.851737682804014,42.76308868025774],[46.866609314090454,42.932625276923545],[46.90527555543537,43.01293208587049],[47.00045399566875,43.090264568560144],[47.13102691836389,43.10037727783492],[47.26308700418764,43.153915150466105],[47.29164053625777,43.21994519337807],[47.30056351502964,43.31452876835999],[47.35588598341519,43.39662017306131],[47.373406400403155,43.435349515876396]]]}},{"type":"Feature","properties":{},"geometry":{"type":"Polygon","coordinates":[[[65.95083196740745,41.03009873840762],[66.66463972228593,40.48239719063923],[66.94297985311903,40.333126072087566],[67.24376676869673,40.243338933109044],[67.18777879094159,40.18221649014498],[67.13781010981916,40.13403240477692],[67.15744066311726,40.07157155337387],[67.16279445038037,40.01624908498832],[67.12531793953855,39.994833935935844],[67.06821087539862,40.02695665951455],[67.02002679003056,40.05551019158452],[66.9450737683469,40.08227912790011],[66.89332049147009,40.09655589393509],[66.83442883157579,40.048371808567026],[66.73092227782217,39.98412636140961],[66.58873708969764,39.89995292832839],[66.54709652209561,39.82856909815348],[66.57089113215392,39.69769874283281],[66.5500708483529,39.623340586400616],[66.49355864946443,39.54600810371113],[66.43704645057596,39.498418883594525],[66.39243155671664,39.41811207464775],[66.46084106063427,39.33483093944369],[66.55601950086748,39.287241719327085],[66.71663311876102,39.26939576178336],[66.88616971542643,39.26939576178336],[67.0408346808054,39.28129306681251],[67.18657666741251,39.29616469809895],[67.35016461156334,39.29319037184166],[67.46616333559757,39.26939576178336],[67.47508631436943,39.21883221540946],[67.4096511367091,39.17719164780743],[67.37098489536436,39.12960242769083],[67.39477950542266,39.061192923773206],[67.52564986074333,39.034423987457615],[67.6803148261223,39.0373983137149],[67.79928787641381,39.0373983137149],[67.990636198966,39.033630833789005],[68.11198871026335,38.962247003614095],[68.2262028385432,38.90513993947417],[68.41536998850671,38.90870913098291],[68.6580750111014,38.93369347154413],[68.84724216106491,38.99080053568406],[69.02213254499344,39.02292325926277],[69.15776182232577,39.008646493227786],[69.39412161557158,39.049295618744054],[69.55473523346512,39.147448385234554],[69.6826312625285,39.19206327909387],[69.84919353293662,39.200986257865736],[69.94437197316984,39.245601151725054],[70.06334502346135,39.29616469809895],[70.16744644246643,39.36159987575928],[70.31616275533082,39.43893235844877],[70.36077764919014,39.46570129476436],[70.59444656725373,39.569763422506526],[70.7228959223624,39.532350988979715],[70.83139934422832,39.46382251201169],[70.91705994043821,39.359126227755155],[71.00462410545276,39.25442994349862],[71.1359703529746,39.126890833586174],[71.30538797658977,39.04313380618089],[71.46386007957801,38.94938304255129],[71.61376612294532,38.88513759539387],[71.81839976944673,38.88037867338221],[71.88502467760998,38.81851268723062],[71.88026575559832,38.73761101303239],[71.80650246441758,38.64243257279918],[71.7850873153651,38.51156221747851],[71.84695330151669,38.378312401152016],[71.93261389772658,38.226026896778876],[72.02422314645105,38.029721363797876],[72.13605781372507,37.879815320430566],[72.21220056591164,37.77511903617403],[72.31927631117401,37.65138706387086],[72.39541906336058,37.537172935591],[72.48821804258796,37.399164197252844],[72.55722241175704,37.29684737400214],[72.64526246897276,37.18739216773395],[72.7428203702118,37.096972649512395],[72.57693862683664,37.03151092752694],[72.36278713631191,36.97440386338701],[72.00586798543736,36.88874326717712],[71.89165385715751,36.76025237286228],[71.73460943077271,36.73169884079232],[71.39196704593314,36.9030200332121],[71.37769027989816,37.11717152373683],[71.39196704593314,37.28849271615661],[71.4205205780031,37.559751270821266],[71.49190440817802,37.71679569720607],[71.46335087610805,37.83100982548592],[71.36341351386318,37.98805425187072],[71.12070849126849,38.159375444290504],[70.96366406488369,38.28786633860534],[70.54963784986921,38.38780370085021],[70.34976312537947,38.30214310464032],[70.23554899709961,38.07371484808061],[70.07850457071481,37.945223953765776],[69.89290661226005,37.74534922927603],[69.5359874613855,37.616858334961194],[69.3789430350007,37.64541186703116],[69.33611273689576,37.48836744064636],[69.17906831051096,37.41698361047145],[69.10768448033605,37.317046248226575],[68.96491681998623,37.317046248226575],[68.73648856342652,37.317046248226575],[68.47950677479685,37.3741533123665],[68.2510785182373,37.35987654633152],[68.0940340918525,37.28849271615661],[67.85132906925782,37.13144828977181],[67.59434728062814,37.0600644595969],[67.52296345045323,37.231385652016684],[67.3944725561384,37.388430078401484],[67.12321400147374,37.35987654633152],[66.96616957508894,37.33132301426156],[66.7662948505992,37.35987654633152],[66.39509893368967,37.474090674611375],[66.02390301678014,37.388430078401484],[65.66698386590559,37.43126037650643],[65.41000207727592,37.57402803685625],[65.22369384765659,37.40509033203148],[65.02148437500034,37.640686035156534],[64.4829101562504,38.192871093750284],[64.1821289062504,38.4218750000004],[63.64788818359415,38.89770507812534],[63.43688964843784,39.09527587890659],[62.54960486778015,40.01933111476228],[62.73548790672248,40.16208845753101],[62.57130509732019,40.411931863143195],[62.30175632216566,40.86791133346122],[62.25835157963428,40.98680027304022],[62.42668676250423,40.97622645502065],[62.821750174009026,40.9358222424803],[63.23028165636089,40.9358222424803],[63.769004490231566,41.079481664845616],[65.0305137928786,41.155800732977355],[65.76676833250161,41.09294973569246],[65.95083196740745,41.03009873840762]]]}},{"type":"Feature","properties":{},"geometry":{"type":"Polygon","coordinates":[[[53.9080810546875,52.14208984375],[53.91552734375,52.13049316406256],[53.94732666015619,52.1373291015625],[54.095520019531705,52.168884277344205],[54.03509521484409,52.119506835937955],[54.0399169921879,51.99328613281284],[54.041320800781705,51.959472656250455],[54.041687011719205,51.94750976562534],[54.04351806640659,51.941711425781705],[54.0477294921879,51.92730712890659],[54.05133056640659,51.91528320312534],[54.059082031250455,51.90270996093784],[54.07647705078159,51.8754882812504],[54.09271240234409,51.84967041015659],[54.102722167969205,51.83367919921915],[54.12249755859415,51.802490234375455],[54.13769531250034,51.77832031250034],[54.16448974609415,51.735717773437955],[54.17950439453159,51.71191406250051],[54.19329833984415,51.68988037109415],[54.20751953125034,51.66772460937534],[54.22552490234415,51.63891601562534],[54.2382812500004,51.61871337890665],[54.26348876953165,51.57867431640665],[54.27087402343784,51.56707763671915],[54.31512451171909,51.56469726562534],[54.35913085937534,51.5625000000004],[54.3660888671879,51.52429199218784],[54.36828613281284,51.51208496093784],[54.371093750000455,51.49688720703165],[54.375122070312955,51.47430419921909],[54.37689208984409,51.464294433594205],[54.39947509765665,51.4584960937504],[54.41809082031284,51.45349121093784],[54.450073242187955,51.44512939453159],[54.46429443359415,51.4415283203129],[54.4973144531254,51.43292236328159],[54.52392578125034,51.4259033203129],[54.55889892578165,51.41668701171909],[54.57409667968784,51.4127197265629],[54.597290039062955,51.406677246094205],[54.62731933593784,51.39892578125034],[54.6464843750004,51.393920898437955],[54.650329589844205,51.39288330078165],[54.655883789062955,51.39227294921909],[54.6655273437504,51.39147949218801],[54.67651367187534,51.390502929687955],[54.68231201171915,51.37908935546909],[54.688476562500455,51.36669921875034],[54.69311523437534,51.357299804687955],[54.696289062500455,51.353881835937955],[54.703918457031705,51.34667968750034],[54.717895507812784,51.332519531250455],[54.69927978515665,51.324523925781705],[54.68768310546915,51.319519042969205],[54.680480957031705,51.31652832031284],[54.67010498046915,51.312072753906705],[54.66510009765659,51.30987548828159],[54.6586914062504,51.307128906250455],[54.646728515625455,51.30230712890665],[54.64447021484409,51.30108642578159],[54.6386718750004,51.29748535156284],[54.6292724609379,51.291687011719205],[54.61950683593784,51.2855224609379],[54.6085205078129,51.2786865234379],[54.59851074218784,51.27227783203159],[54.59112548828165,51.26770019531284],[54.58190917968784,51.2620849609379],[54.5756835937504,51.258117675781705],[54.5640869140629,51.25091552734409],[54.55407714843784,51.2445068359379],[54.54132080078159,51.23651123046915],[54.536499023437955,51.233520507812955],[54.51849365234415,51.222290039062955],[54.5054931640629,51.21411132812534],[54.50048828125034,51.21112060546915],[54.49707031250034,51.208923339844205],[54.491271972656705,51.20532226562551],[54.51251220703159,51.1840820312504],[54.51611328125034,51.180480957031705],[54.524475097656705,51.172119140625455],[54.52832031250034,51.168273925781705],[54.5562744140629,51.14050292968784],[54.560485839844205,51.13629150390659],[54.572326660156705,51.12451171875034],[54.57427978515659,51.122314453125455],[54.584716796875455,51.11212158203165],[54.589111328125455,51.10772705078159],[54.601684570312955,51.09509277343784],[54.606079101562955,51.09069824218784],[54.61688232421915,51.07989501953165],[54.62292480468784,51.07391357421909],[54.631103515625455,51.065673828125455],[54.635681152344205,51.060913085937955],[54.64929199218784,51.0474853515629],[54.64967702936315,51.04710031438776],[54.655700683594205,51.041076660156705],[54.667114257812955,51.03851318359415],[54.67370605468784,51.03710937500034],[54.68267822265665,51.03509521484415],[54.691711425781705,51.033081054687955],[54.701293945312955,51.0308837890629],[54.708679199219205,51.02929687500034],[54.72192382812534,51.02630615234415],[54.72369384765665,51.0264892578129],[54.73590087890665,51.028076171875455],[54.745727539062955,51.02947998046909],[54.75128173828159,51.03027343750034],[54.800292968750284,51.036682128906705],[54.815917968750455,51.03887939453165],[54.85589599609415,51.044128417969205],[54.87487792968784,51.04669189453159],[54.878295898437955,51.04827880859415],[54.9218750000004,51.07012939453159],[54.90570068359381,51.04327392578125],[54.93469238281256,51.04327392578125],[54.90411376953125,51.01269531249994],[54.882080078125114,50.990722656250114],[54.90570068359381,50.9854736328125],[54.90991210937506,50.9844970703125],[54.93408203125006,50.978881835937614],[54.967712402343864,50.97113037109375],[54.98931884765619,50.966125488281364],[54.98992919921875,50.966125488281364],[55.005310058593864,50.9635009765625],[55.03271484375006,50.958679199218864],[55.07391357421881,50.95172119140625],[55.10272216796881,50.94671630859375],[55.128723144531364,50.94232177734375],[55.15307617187506,50.93811035156244],[55.18951416015631,50.931884765625],[55.21051025390631,50.92828369140631],[55.23388671875,50.92431640625006],[55.248291015625114,50.921691894531364],[55.27008056640619,50.91809082031244],[55.27990722656256,50.916320800781364],[55.310485839843864,50.91107177734375],[55.328125,50.90808105468756],[55.33709716796875,50.906494140625],[55.35272216796875,50.908874511718864],[55.3607177734375,50.909912109375],[55.38287353515625,50.913085937500114],[55.37469482421881,50.90008544921881],[55.38287353515625,50.898681640625],[55.379516601562614,50.886474609375],[55.371520996093864,50.85870361328131],[55.363708496093864,50.83129882812494],[55.36151123046875,50.82373046875],[55.355895996093864,50.80450439453131],[55.35571289062494,50.80352783203131],[55.372070312500114,50.805725097656364],[55.39752197265625,50.80908203125006],[55.42633056640625,50.81311035156256],[55.43707275390631,50.81451416015619],[55.44769287109375,50.81591796875],[55.49407958984381,50.82208251953131],[55.527526855468864,50.826477050781364],[55.53387451171869,50.797912597656364],[55.54187011718744,50.761474609375114],[55.546875,50.73889160156256],[55.552917480468864,50.71209716796869],[55.55609130859381,50.69708251953125],[55.55627441406256,50.6962890625],[55.56591796874994,50.67712402343756],[55.57110595703125,50.666687011718864],[55.585327148437614,50.63848876953125],[55.57611083984381,50.62408447265631],[55.55609130859381,50.592529296875],[55.541076660156364,50.56927490234375],[55.53948974609381,50.55950927734369],[55.533081054687614,50.52471923828131],[55.5299072265625,50.50689697265625],[55.528320312500114,50.498291015625],[55.527526855468864,50.49389648437494],[55.55352783203125,50.48791503906256],[55.56610107421869,50.48492431640619],[55.59307861328131,50.47869873046875],[55.60607910156256,50.47570800781256],[55.640075683593864,50.467895507812614],[55.65032958984381,50.46551513671875],[55.67388916015625,50.460083007812614],[55.684509277343864,50.45751953125],[55.698486328125,50.45428466796875],[55.70391845703131,50.453125],[55.71551513671875,50.45050048828131],[55.72412109375006,50.43048095703131],[55.725891113281364,50.426696777343864],[55.73712158203131,50.40112304687506],[55.74151611328131,50.39111328125],[55.780273437500114,50.30212402343756],[55.79528808593756,50.26812744140625],[55.816711425781364,50.21911621093756],[55.852722167968864,50.21191406250006],[55.923522949218864,50.19787597656244],[55.980712890625114,50.186279296875],[56.00787353515625,50.183715820312614],[56.09130859375006,50.175720214843864],[56.10150146484369,50.18127441406244],[56.150878906250114,50.20788574218756],[56.22070312499994,50.24530029296881],[56.26507568359381,50.26928710937506],[56.279296875,50.27691650390631],[56.29132080078125,50.267272949218864],[56.30828857421875,50.27691650390631],[56.36712646484381,50.23052978515625],[56.42468261718756,50.18511962890625],[56.4525146484375,50.16308593750006],[56.51068115234375,50.11712646484381],[56.545471191406364,50.08972167968744],[56.56549072265631,50.07391357421875],[56.582885742187614,50.060119628906364],[56.5712890625,50.03088378906256],[56.57208251953125,50.026916503906364],[56.58489990234381,49.95629882812506],[56.587890625,49.94030761718756],[56.5928955078125,49.932922363281364],[56.6085205078125,49.91070556640631],[56.63232421875,49.8770751953125],[56.6533203125,49.84771728515625],[56.66117634714345,49.83662220206077],[56.68011474609381,49.809875488281364],[56.70330810546875,49.77691650390619],[56.735473632812614,49.731689453125114],[56.73651123046875,49.73028564453131],[56.73687744140625,49.72967529296875],[56.7689208984375,49.693908691406364],[56.804321289062614,49.6539306640625],[56.82373046875006,49.63208007812506],[56.845886230468864,49.623901367187614],[56.90472412109375,49.60211181640631],[56.96087646484381,49.58148193359375],[57.00329589843744,49.565917968750114],[57.07452392578131,49.5396728515625],[57.09228515625006,49.5186767578125],[57.11010742187494,49.49768066406244],[57.17767333984375,49.41748046875006],[57.205322265625,49.38488769531256],[57.25189208984381,49.32989501953125],[57.29248046875,49.281921386718864],[57.32147216796875,49.2476806640625],[57.35308837890619,49.21032714843756],[57.37432861328125,49.185302734375],[57.39270019531256,49.163696289062614],[57.40429687500006,49.158508300781364],[57.465087890625,49.132080078125],[57.54669189453119,49.09631347656256],[57.6007080078125,49.072692871093864],[57.623901367187614,49.06250000000006],[57.65771484375,49.076721191406364],[57.727478027343864,49.1063232421875],[57.8074951171875,49.14031982421881],[57.88647460937506,49.17370605468756],[57.95227050781256,49.20172119140625],[57.97149658203125,49.212707519531364],[58.07489013671875,49.27227783203125],[58.14648437500006,49.3134765625],[58.18768310546881,49.33728027343744],[58.28210449218756,49.35510253906256],[58.34027099609381,49.3660888671875],[58.340881347656364,49.36627197265619],[58.39532470703125,49.38928222656256],[58.43572998046875,49.406494140625114],[58.4769287109375,49.42388916015625],[58.51428222656244,49.41229248046875],[58.54089355468756,49.40393066406256],[58.59649658203119,49.414489746093864],[58.678283691406364,49.430114746093864],[58.722717285156364,49.43847656250006],[58.75451660156256,49.40850830078131],[58.771728515625114,49.39251708984381],[58.834899902343864,49.33288574218744],[58.864501953125,49.30511474609381],[58.86791992187494,49.30169677734381],[58.900512695312614,49.29168701171869],[58.92907714843756,49.282714843750114],[58.939697265625,49.27929687499994],[58.93389892578119,49.25592041015631],[58.93072509765625,49.24267578124994],[58.96850585937506,49.20709228515631],[58.96368408203125,49.178527832031364],[58.953125000000114,49.113891601562614],[58.94732666015625,49.07910156250006],[58.94049072265631,49.03851318359381],[58.936523437500114,49.014892578125114],[58.92449951171881,48.94287109375],[58.91607666015631,48.89190673828119],[58.900878906250114,48.80133056640625],[58.896301269531364,48.7733154296875],[58.88787841796881,48.75592041015619],[58.855102539062614,48.68927001953131],[58.83691406250006,48.652526855468864],[58.80889892578131,48.595275878906364],[58.800720214843864,48.578674316406364],[58.7786865234375,48.533874511718864],[58.76110839843744,48.498291015625],[58.74267578125006,48.460693359375],[58.723693847656364,48.422119140625114],[58.70007324218744,48.37408447265625],[58.68432617187506,48.34191894531256],[58.66009521484381,48.29248046875],[58.64068603515631,48.253479003906364],[58.61871337890631,48.20831298828119],[58.610107421875,48.191101074218864],[58.58227539062506,48.134277343750114],[58.54388427734375,48.056091308593864],[58.50512695312494,47.977294921875114],[58.45288085937494,47.87109374999994],[58.41168212890619,47.78747558593756],[58.36907958984381,47.70050048828131],[58.339721679687614,47.64093017578125],[58.2930908203125,47.54589843749994],[58.262084960937614,47.482910156250114],[58.23431396484375,47.426513671875],[58.20349121093756,47.363708496093864],[58.16851806640625,47.29248046875006],[58.13189697265625,47.21807861328125],[58.109313964843864,47.172119140625],[58.0828857421875,47.1182861328125],[58.06072998046869,47.07330322265625],[58.05767822265619,47.06707763671881],[58.05651855468744,47.046508789062614],[58.05511474609381,47.0233154296875],[58.052307128906364,46.97467041015625],[58.05029296875,46.93847656250006],[58.04931640625,46.923889160156364],[58.05029296875,46.92169189453131],[58.05950927734381,46.899291992187614],[58.06671142578131,46.881713867187614],[58.07189941406256,46.86907958984381],[58.07830810546875,46.853698730468864],[58.080505371093864,46.84790039062506],[58.097106933593864,46.80767822265631],[58.113891601562614,46.76647949218756],[58.13427734375006,46.717102050781364],[58.15252685546875,46.672485351562614],[58.17230224609369,46.62451171875],[58.19348144531244,46.57287597656256],[58.212890625000114,46.52532958984375],[58.217102050781364,46.515319824218864],[58.23248291015631,46.4879150390625],[58.249694824218864,46.457885742187614],[58.26690673828119,46.42730712890631],[58.2686767578125,46.42449951171881],[58.29351806640631,46.40148925781244],[58.332092285156364,46.36608886718756],[58.36590576171869,46.334899902343864],[58.4033203125,46.30047607421881],[58.4447021484375,46.26251220703131],[58.50372314453131,46.2081298828125],[58.549926757812614,46.165527343750114],[58.558715820312614,46.157714843750114],[58.60729980468756,46.127929687500114],[58.6295166015625,46.11431884765631],[59.05241247337818,46.14082313690477],[59.01973975635826,46.01194741977082],[58.980730345501,46.00761680000511],[58.75893509810436,45.929016946489185],[58.67165360396319,45.868219623897915],[58.62498978560376,45.79812054349395],[58.593518838338014,45.72138104154044],[58.57693070357226,45.63774273587603],[58.55667354211397,45.58402508450877],[58.53274735396275,45.560228087438304],[58.51114660526474,45.51439109199532],[58.49197464888442,45.446565774612395],[58.44701615279058,45.37334027005471],[58.37673620487345,45.29468874010644],[58.33095088586305,45.21779420885616],[58.309711872190974,45.142863382033],[58.287749388466864,45.096354592970215],[58.26501175825854,45.07829367988421],[58.17385453169561,44.90680543932376],[58.16101233774242,44.825442814546136],[58.125915527344205,44.85290527343784],[58.130493164062955,45.0145263671879],[58.19769287109409,45.050292968750455],[58.184082031250455,45.12127685546909],[58.171325683594205,45.18750000000034],[58.1702880859379,45.18750000000034],[58.1298828125004,45.15869140625034],[58.126281738281705,45.1593017578129],[57.9932861328129,45.1802978515629],[57.916687011719205,45.19232177734415],[57.77008056640659,45.215270996094205],[57.660888671875455,45.23248291015659],[57.511718750000455,45.25592041015676],[57.39630126953165,45.27410888671915],[57.30169677734415,45.288879394531705],[57.18432617187534,45.3074951171879],[56.84307861328159,45.3610839843754],[56.821289062500455,45.36370849609409],[56.56250000000034,45.3948974609379],[56.02008056640659,45.45989990234415],[55.685485839844205,45.50012207031284],[55.43951416015665,45.52947998046909],[55.27947998046909,45.54870605468784],[55.199096679687955,45.55847167968784],[55.161499023437955,45.56292724609415],[55.137878417969205,45.56567382812551],[55.08129882812534,45.572509765625455],[55.08087158203159,45.572692871094205],[55.06927490234409,45.573486328125455],[54.98370361328165,45.5800781250004],[54.965087890625284,45.581481933594205],[54.8770751953129,45.588500976562955],[54.876525878906705,45.588500976562955],[54.84808349609415,45.59069824218784],[54.82110595703159,45.592895507812955],[54.753906250000455,45.598083496094205],[54.750122070312955,45.59832763671909],[54.708496093750455,45.601684570312955],[54.6865234375004,45.60327148437534],[54.66168212890659,45.605285644531705],[54.66052246093784,45.605285644531705],[54.62432861328165,45.60809326171915],[54.61932373046909,45.60668945312534],[54.5963134765629,45.6000976562504],[54.57171630859415,45.593078613281705],[54.555908203125455,45.588500976562955],[54.5133056640629,45.576293945312955],[54.449890136719205,45.55792236328165],[54.3651123046879,45.53350830078165],[54.27130126953165,45.506530761719205],[54.16210937500034,45.47509765625034],[54.0944824218754,45.45550537109415],[53.92907714843784,45.47308349609415],[53.745117187500455,45.49249267578159],[53.338073730469205,45.535705566406705],[53.10412597656284,45.560485839844205],[52.753112792969205,45.597473144531705],[52.73857140995062,45.59901795658453],[52.73914634418878,45.60779326824837],[52.74000084700003,45.620835679000265],[52.745616082000254,45.63914622600015],[52.75709069100026,45.65106842700027],[52.775889519000145,45.65525950700015],[52.792246941000144,45.66290924700019],[52.80388431100005,45.680731512000136],[52.81486602241819,45.70519572089546],[52.820323113000256,45.71735260600008],[52.858734571000184,45.7648379580001],[52.8754988940002,45.77879466400026],[52.910899285000085,45.790513414000145],[52.919932488000086,45.796128648000035],[52.93474535074472,45.81083645481874],[52.954356316000144,45.83030833500004],[52.96340462224856,45.84239147660571],[52.96745853000027,45.84780508000006],[52.97826840981554,45.86947083900134],[52.986582879000196,45.88613515800017],[52.99459492771979,45.89635886598029],[53.00220787900014,45.90607330900008],[53.01786252375206,45.91756215230009],[53.031260613000256,45.927394924000055],[53.040049675000205,45.93646881700005],[53.04476972700013,45.945054429000095],[53.04743704428114,45.95148667617144],[53.0539656910002,45.967230536000216],[53.06039472700013,45.978013414000145],[53.06982236801923,45.989950312803956],[53.08179772200003,46.00511302300015],[53.086599155000215,46.020493882000096],[53.08171634200005,46.03880442900015],[53.08171634200005,46.032660223000164],[53.07699629000018,46.04783763200015],[53.08236738400012,46.060736395000106],[53.09624027703643,46.07478208285272],[53.1052352220002,46.083889065000164],[53.111386092983935,46.09393548693538],[53.11378014400003,46.09784577000022],[53.11650219070634,46.10751619871701],[53.118418816000144,46.11432526200019],[53.11905920306481,46.11912816477593],[53.1211581163563,46.13487001377786],[53.124636909276376,46.16096095954339],[53.127614780000044,46.18329498900016],[53.13508112254482,46.20610070339495],[53.14908187230651,46.24886556429777],[53.154703109574314,46.266035461192246],[53.15674889400009,46.27228424700013],[53.15674889400009,46.34170156500011],[53.128265821000184,46.393947658000116],[53.09826795729123,46.42104250278959],[53.082855665000125,46.434963283000116],[53.063475528521735,46.44880847752711],[53.05037637129328,46.45816653236699],[53.03256269600024,46.47089264500016],[53.053233269000145,46.468695380000156],[53.06653072410717,46.46045673920571],[53.083181186000104,46.450140692000105],[53.102061394000145,46.443548895000106],[53.102061394000145,46.45099518400025],[53.08415774800011,46.46015045800016],[53.075450066000144,46.47565338700025],[53.075043165000125,46.49420807500019],[53.08171634200005,46.51243724200009],[53.063243035000255,46.50584544500009],[53.04078209700003,46.4901797550001],[53.01783287900014,46.47866445500017],[52.998383009000236,46.484564520000106],[52.996592644000145,46.504787502000056],[53.009613477000244,46.5316836610001],[53.027855597475764,46.55699826119502],[53.040049675000205,46.57391998900016],[53.04175866000014,46.555365302000155],[53.0542098320002,46.5455996770001],[53.071787957000254,46.54474518400019],[53.0879012380002,46.5534121770001],[53.0957137380002,46.568345445000205],[53.09782865006969,46.58604804324938],[53.10010826900009,46.60512929900011],[53.108246290000125,46.62173086100006],[53.117686394000145,46.60150788000004],[53.1257430350002,46.60663483300016],[53.133636915000125,46.62270742400017],[53.14242597700013,46.63532135600002],[53.15202884200016,46.637681382000096],[53.16895508717914,46.63567064011494],[53.17497806100016,46.63495514500022],[53.184092644000145,46.63532135600002],[53.19581139400009,46.63983795800016],[53.200531446000184,46.64329661700009],[53.20460045700014,46.655829169000185],[53.2077742850002,46.6950137390001],[53.18816165500016,46.71800364800009],[53.15691165500016,46.72890859600017],[53.1257430350002,46.73159414300022],[53.10580488400012,46.73725006700016],[53.099457227000244,46.75112539300011],[53.102061394000145,46.78310781500011],[53.08350670700031,46.85325755400021],[53.064789259000065,46.87946198100002],[53.06039472700013,46.89232005400015],[53.05193118600016,46.89842357000015],[53.0299458223127,46.8965879799573],[53.00904381600026,46.89484284100024],[52.992198113000256,46.89545319200005],[52.974131707000254,46.9084333350001],[52.9499648289227,46.93379836004419],[52.935557488000086,46.94891998900016],[52.919932488000086,46.95746491100016],[52.89553427509924,46.95708921375672],[52.8750106130002,46.95677317900015],[52.833731074278205,46.950985307209066],[52.800742340430304,46.94635990275992],[52.78272545700014,46.94383372600021],[52.72738691500018,46.95001862200019],[52.669026194571586,46.95001862200019],[52.6147567070002,46.95001862200019],[52.5903426440002,46.954413153000246],[52.571543816000144,46.962225653000246],[52.536957227000244,46.988836981000134],[52.51937910200019,46.994208075000245],[52.49829158587352,46.996519591271635],[52.47692451316249,46.99886175124641],[52.455902540000125,47.001166083000044],[52.4367781910002,46.999090887000136],[52.4272567070002,46.99017975500021],[52.42335045700014,46.97907135600025],[52.42310631600026,46.9538028020001],[52.419281446000184,46.943996486000174],[52.39091241108764,46.91868885803518],[52.374034050000034,46.903631903000246],[52.35718834700003,46.893622137000136],[52.32583437557889,46.88585752888332],[52.28740894095489,46.87634171866671],[52.262217644000145,46.87010325700021],[52.23503665500027,46.86888255400015],[52.2018335300001,46.88544342700004],[52.18881269600013,46.88377513200015],[52.18067467500009,46.875555731000134],[52.1828719410002,46.86188385600019],[52.18946373800031,46.85871002800013],[52.19774802300532,46.85648554406066],[52.21583092500015,46.85162995000019],[52.22437584700015,46.84829336100006],[52.23731530000009,46.83234284100013],[52.24268639400003,46.82119375200023],[52.24488366000014,46.8100446640002],[52.238942905000215,46.80683014500005],[52.19946271843719,46.80867323158401],[52.14268868104887,46.81132366147665],[52.11255944100026,46.812730210000154],[52.08223146116927,46.82373725168662],[52.07178795700008,46.8300235050001],[52.0683699880002,46.83738841400009],[52.06739342500009,46.851385809000135],[52.061859571000184,46.85004303600016],[52.04957116000014,46.85687897300022],[52.02672121917942,46.873714256746666],[52.01726321700011,46.88068268400025],[52.000010613000086,46.890570380000156],[51.99789472700019,46.90289948100019],[52.00731521807592,46.9122117243752],[52.01449629000024,46.917222398000206],[52.022471550000205,46.926214911000216],[52.01889082100013,46.93699778900009],[51.999034050000205,46.940985419000185],[51.981211785000255,46.923325914000145],[51.96070397200026,46.885809637000136],[51.941416863000256,46.87995026200019],[51.90372110475488,46.88214869204586],[51.87671959700003,46.88694896000021],[51.85385175900012,46.89545319200005],[51.8854272800001,46.92446523600012],[51.89551842500009,46.930812893000166],[51.87403405000015,46.935614325000245],[51.8496199880002,46.92820872600004],[51.80600019600013,46.90908437700017],[51.78492272200015,46.90912506700016],[51.763682488000086,46.91571686400016],[51.74390709700015,46.926825262000136],[51.72771243600022,46.940415757000096],[51.702504893986486,46.95421861813492],[51.6892195970002,46.96149323100025],[51.67579186300014,46.978583075000074],[51.696055535000255,47.0211856140001],[51.694021030000215,47.04173411700009],[51.6801863940002,47.05703359600005],[51.65528405000015,47.059881903000246],[51.63575280000009,47.04877350500021],[51.626800977000244,47.02928294500015],[51.6211043630002,47.007391669000015],[51.61101321700011,46.988836981000134],[51.59229576900009,46.987250067000105],[51.57203209700015,47.004828192000105],[51.54607181100016,47.04002513200015],[51.52719160200019,47.0529645850001],[51.50261478000027,47.06134674700013],[51.45304628792741,47.067324856581536],[51.40011458092698,47.07894601597758],[51.38184655000009,47.083685614000046],[51.36674155612144,47.085957113675875],[51.312524389311136,47.0941103296135],[51.25359134200016,47.10297272300011],[51.21257571700011,47.120917059000135],[51.18702233200014,47.1168887390001],[51.1418563160002,47.094671942000105],[51.10271243600005,47.080471096000224],[51.08819021794602,47.0782059164581],[51.064697265625625,47.13970947265682],[51.06207275390693,47.14727783203176],[51.05871582031307,47.15747070312557],[51.04528808593818,47.198120117188125],[51.04327392578182,47.203674316406875],[51.039916992188125,47.21392822265682],[51.03710937500051,47.22229003906307],[51.036071777344375,47.22509765625051],[51.035705566406875,47.22631835937557],[51.03448486328182,47.23028564453182],[51.02972412109432,47.244506835938125],[51.02551269531301,47.25732421875051],[51.01171875000068,47.29852294921926],[51.010925292969375,47.30090332031307],[51.00988769531307,47.30450439453182],[51.00567626953176,47.31671142578182],[50.990295410156875,47.362915039063125],[50.982482910156875,47.38610839843807],[50.98089599609432,47.39129638671932],[50.97949218750068,47.39508056640682],[50.978881835938125,47.397094726563125],[50.97827148437557,47.39868164062551],[50.977905273438125,47.399719238281875],[50.97607421875051,47.405273437500625],[50.974487304688125,47.41009521484426],[50.96508789062557,47.438293457031875],[50.949523925781875,47.48529052734432],[50.932922363281875,47.53491210937557],[50.92767333984432,47.55072021484432],[50.90570068359426,47.61669921875051],[50.89147949218807,47.659118652344375],[50.879516601563125,47.69512939453182],[50.842529296875625,47.708923339844375],[50.801086425781875,47.72412109375057],[50.78649902343801,47.729492187500625],[50.743713378906875,47.74530029296932],[50.67529296875051,47.770507812500625],[50.628295898438125,47.787719726563125],[50.603698730469375,47.80212402343807],[50.58172607421932,47.81512451171932],[50.52349853515676,47.849487304688125],[50.50170898437551,47.86212158203193],[50.48529052734443,47.87188720703176],[50.48248291015676,47.87347412109432],[50.48052978515693,47.87451171875068],[50.47888183593807,47.87567138671926],[50.47467041015676,47.878112792969375],[50.40350341796926,47.91992187500051],[50.389526367188125,47.923889160156875],[50.349670410156875,47.935485839844375],[50.31372070312557,47.94567871093801],[50.28509521484432,47.95391845703176],[50.19128417968807,47.980529785156875],[50.159484863281875,47.989685058594375],[50.09887695312551,48.00708007812568],[50.093505859375625,48.00848388671932],[50.08007812500057,48.01232910156307],[50.04589843750051,48.022094726563125],[50.03668212890693,48.02471923828182],[50.03308105468801,48.02569580078182],[50.02429199218818,48.02893066406307],[50.02172851562557,48.029724121094375],[49.99768066406307,48.038330078125625],[49.94268798828176,48.05767822265676],[49.92572021484426,48.06372070312568],[49.916320800781875,48.06707763671932],[49.84808349609426,48.091125488281875],[49.81970214843807,48.101074218750625],[49.80828857421932,48.105102539063125],[49.79089355468807,48.11791992187551],[49.763122558594375,48.13812255859426],[49.73352050781307,48.15948486328176],[49.727478027344375,48.16387939453176],[49.72027587890676,48.16912841796932],[49.685119628906875,48.194885253906875],[49.68432617187557,48.195312500000625],[49.64569091796926,48.223510742188125],[49.615478515625625,48.245483398438125],[49.598693847656875,48.257690429688125],[49.58007812500051,48.27111816406307],[49.517272949219375,48.31671142578182],[49.51647949218807,48.31951904296926],[49.515930175781875,48.32092285156307],[49.51068115234426,48.335693359375625],[49.50872802734443,48.34149169921926],[49.49768066406301,48.37207031250057],[49.495910644531875,48.377075195313125],[49.48608398437551,48.40429687500057],[49.48431396484443,48.409301757813125],[49.480285644531875,48.43890380859443],[49.47888183593807,48.44909667968807],[49.47747802734426,48.458679199219375],[49.47430419921932,48.48248291015682],[49.47387695312551,48.48492431640676],[49.47387695312551,48.48547363281301],[49.468078613281875,48.52893066406318],[49.46667480468807,48.53771972656301],[49.46447753906318,48.553894042969375],[49.46392822265676,48.55969238281301],[49.462707519531875,48.568725585938125],[49.46173095703182,48.57531738281301],[49.45629882812551,48.615295410156875],[49.455505371094375,48.62091064453176],[49.44927978515676,48.66748046875057],[49.44567871093807,48.693115234375625],[49.44454378255267,48.70016373697979],[49.44451904296932,48.70031738281307],[49.44311523437568,48.70068359375057],[49.438110351563125,48.702087402344375],[49.42071533203182,48.70690917968801],[49.39093017578182,48.71508789062568],[49.381103515625625,48.717895507813125],[49.29370117187557,48.742126464844375],[49.27569580078176,48.747070312500625],[49.20648193359432,48.76629638671932],[49.19750976562551,48.78088378906318],[49.196289062500625,48.78308105468807],[49.18109130859426,48.807922363281875],[49.17712402343807,48.81408691406301],[49.15747070312557,48.845886230469375],[49.145324707031875,48.86547851562557],[49.142883300781875,48.86968994140682],[49.12890625000057,48.89190673828176],[49.101501464844375,48.936279296875625],[49.09112548828182,48.952880859375625],[49.06909179687568,48.98852539062557],[49.06872558593801,48.989318847656875],[49.05291748046926,49.014892578125625],[49.034729003906875,49.04412841796926],[49.011474609375625,49.05389404296932],[48.99908447265693,49.05908203125057],[48.981872558594375,49.06628417968801],[48.95568847656307,49.077270507813125],[48.94567871093818,49.08148193359443],[48.935729980469375,49.08569335937551],[48.91528320312557,49.09429931640676],[48.90527343750051,49.09851074218801],[48.895874023438125,49.10247802734426],[48.87731933593807,49.11029052734443],[48.865722656250625,49.11511230468801],[48.849487304688125,49.121887207031875],[48.83947753906301,49.126281738281875],[48.837890625000625,49.12689208984426],[48.82788085937557,49.13110351562551],[48.81628417968807,49.13610839843807],[48.81091308593807,49.138305664063125],[48.809082031250625,49.13909912109426],[48.783508300781875,49.149902343750625],[48.77447509765682,49.15588378906301],[48.75268554687551,49.17028808593807],[48.74987792968807,49.17230224609426],[48.72851562500057,49.186523437500625],[48.72607421875057,49.18811035156318],[48.713928222656875,49.196289062500625],[48.704528808594375,49.20269775390682],[48.676696777344375,49.22113037109426],[48.655517578125625,49.23529052734432],[48.64471435546926,49.24249267578176],[48.63909912109432,49.24609375000068],[48.63049316406307,49.25189208984432],[48.602905273438125,49.27032470703176],[48.59252929687557,49.27728271484432],[48.58392333984432,49.28289794921943],[48.58251953125068,49.28387451171926],[48.569519042969375,49.29248046875051],[48.55627441406307,49.30133056640682],[48.553100585938125,49.303283691406875],[48.545288085938125,49.30847167968801],[48.545031745452775,49.3082173418627],[48.542473420808335,49.305679004129615],[48.545104980468864,49.30847167968744],[48.570495605468864,49.311706542968864],[48.68267822265619,49.37207031250006],[48.72552490234381,49.40429687500006],[48.74871826171875,49.42150878906256],[48.777099609375,49.45611572265625],[48.80029296875006,49.484313964843864],[48.81610107421881,49.50531005859369],[48.83990478515625,49.537109375000114],[48.84527587890631,49.55548095703119],[48.854125976562614,49.5850830078125],[48.89691162109375,49.61212158203119],[48.940124511718864,49.636108398437614],[48.981689453125114,49.6593017578125],[49.03991699218744,49.6915283203125],[49.0615234375,49.713928222656364],[49.14947509765631,49.80572509765619],[49.154724121093864,49.81231689453131],[49.17108154296881,49.83331298828131],[49.226318359375,49.96472167968756],[49.24572753906244,50.011108398437614],[49.278320312500114,50.088928222656364],[49.27331542968756,50.102111816406364],[49.237487792968864,50.159301757812614],[49.20892333984375,50.205322265625],[49.15332031250006,50.29431152343756],[49.13690185546881,50.320312500000114],[49.14990234375006,50.40490722656256],[49.16571044921881,50.50830078125006],[49.21228027343756,50.52850341796881],[49.30511474609381,50.5687255859375],[49.45007324218756,50.63171386718756],[49.55950927734375,50.679077148437614],[49.788879394531364,50.7786865234375],[49.90472412109375,50.82891845703131],[49.95147705078125,50.856689453125],[50.014709472656364,50.894287109375],[50.089111328125114,50.941528320312614],[50.21911621093756,51.023925781250114],[50.29028320312506,51.069091796875114],[50.3958740234375,51.13031005859381],[50.45489501953131,51.164489746093864],[50.49169921875006,51.18572998046875],[50.56970214843756,51.210693359375],[50.57672119140625,51.2147216796875],[50.615905761718864,51.23748779296881],[50.65509033203125,51.26007080078119],[50.7125244140625,51.21990966796881],[50.74652099609381,51.21667480468756],[50.790283203125114,51.21270751953131],[50.826904296875114,51.209289550781364],[50.863525390625114,51.205871582031364],[50.87707519531244,51.21588134765625],[50.96148681640631,51.27832031250006],[51.0142822265625,51.317077636718864],[51.05407714843744,51.34649658203125],[51.06170654296869,51.35211181640631],[51.077880859375114,51.38671874999994],[51.0994873046875,51.432678222656364],[51.11730957031256,51.47027587890625],[51.13787841796875,51.514099121093864],[51.163330078125114,51.53710937500006],[51.18170166015625,51.55371093750006],[51.213684082031364,51.58251953125006],[51.24847412109375,51.61407470703119],[51.250122070312614,51.61590576171881],[51.277099609375,51.6558837890625],[51.30291748046881,51.69390869140631],[51.382873535156364,51.811096191406364],[51.407104492187614,51.84667968750006],[51.42132568359381,51.86749267578131],[51.494079589843864,51.87750244140625],[51.575683593750114,51.888488769531364],[51.6724853515625,51.901672363281364],[51.68267822265631,51.903076171875],[51.728881835937614,51.9149169921875],[51.75610351562506,51.921875000000114],[51.757873535156364,51.923095703125],[51.811096191406364,51.958496093750114],[51.88250732421875,52.006103515625],[51.92468261718756,52.0343017578125],[51.988098144531364,52.07647705078125],[52.01147460937506,52.09210205078125],[52.0587158203125,52.123474121093864],[52.11407470703131,52.160522460937614],[52.14532470703125,52.181274414062614],[52.173095703125114,52.19989013671875],[52.21691894531256,52.20812988281256],[52.2567138671875,52.2156982421875],[52.31970214843756,52.22747802734369],[52.349304199218864,52.23291015625006],[52.35852050781244,52.234680175781364],[52.38067626953125,52.24627685546881],[52.40948486328125,52.26129150390625],[52.432128906250114,52.2567138671875],[52.47967529296875,52.246704101562614],[52.53350830078131,52.235473632812614],[52.5487060546875,52.2322998046875],[52.58807373046881,52.22412109375006],[52.600708007812614,52.22290039062494],[52.64569091796881,52.218078613281364],[52.70989990234375,52.21148681640625],[52.78869628906256,52.20330810546875],[52.82989501953131,52.1990966796875],[52.87020051732446,52.19486460241933],[52.89093017578131,52.19268798828131],[52.91290283203131,52.1903076171875],[52.963684082031364,52.18750000000006],[53.03167724609375,52.18371582031256],[53.07751464843756,52.181091308593864],[53.139526367187614,52.177490234375114],[53.18768310546875,52.1746826171875],[53.24810791015619,52.17132568359381],[53.252075195312614,52.17108154296875],[53.298095703125,52.16387939453131],[53.321105957031364,52.16308593750006],[53.41168212890631,52.159912109375114],[53.469909667968864,52.15771484375],[53.56268310546875,52.15447998046875],[53.5906982421875,52.15350341796875],[53.67352294921881,52.15051269531256],[53.7301025390625,52.148498535156364],[53.79772949218756,52.14611816406256],[53.86791992187506,52.14367675781256],[53.9080810546875,52.14208984375]]]}},{"type":"Feature","properties":{},"geometry":{"type":"Polygon","coordinates":[[[59.23141245164368,43.79776179988352],[59.257200756565396,43.77197349496163],[59.257200756565396,43.700143783778685],[59.26617947046333,43.61035664480033],[59.20332847317843,43.56995243225998],[59.14496683284233,43.54301629056647],[59.05966905081294,43.5519950044644],[59.05517969386398,43.516080148873016],[59.03273290911926,43.484654650230596],[59.03722226606823,43.45322915158812],[59.05966905081294,43.44425043769024],[59.11354133419991,43.35895265566086],[59.12252004809778,43.31405908617154],[59.09109454945536,43.26916551668228],[59.0955839064041,43.23774001803986],[59.135988118944454,43.21529323329531],[59.14496683284233,43.14346352211254],[59.162924260638135,43.107548666521154],[59.153945546740204,43.03571895533844],[59.13149876199566,43.01327217059372],[59.14047747589342,42.98633602890021],[59.167413617587044,42.97735731500234],[59.23026461487194,42.88308081907502],[59.207817830127226,42.78431496619879],[59.23924332876982,42.766357538403156],[59.30658368300362,42.766357538403156],[59.333519824697134,42.71248525501602],[59.31556239690133,42.658612971629054],[59.28413689825891,42.60923004519083],[59.32903046774817,42.58678326044628],[59.36045596639059,42.55535776180386],[59.41881760672652,42.564336475701566],[59.43228567757336,42.519442906212475],[59.51309410265401,42.48352805062109],[59.61185995553029,42.3802728407959],[59.81388101823171,42.29946441571525],[59.90815751415903,42.326400557408704],[59.98447658229071,42.290485701817374],[60.05855097194785,42.2629883905052],[60.22914653600685,42.14626510983334],[60.26730607007278,42.117084289665286],[60.28077414091962,42.03403118611027],[60.345869816678885,41.98913761662095],[60.45585906192741,41.97118018882537],[60.46483777582529,41.8993504776426],[60.500752631416674,41.85221222967897],[60.52319941616122,41.80282930324074],[60.572582342599446,41.766914447649356],[60.653390767680094,41.76018041222602],[60.69155030174585,41.674882630196464],[60.93846493393653,41.501481218044376],[60.98784786037476,41.472300397876495],[61.034986108338444,41.46107700550408],[61.095592427148745,41.409449400591484],[61.18537956612727,41.39149197279585],[61.23925184951423,41.348843081781126],[61.263943312733375,41.319662261613075],[61.284145419003494,41.270279335174905],[61.313326239171545,41.26354529975157],[61.36046448713523,41.23660915805806],[61.38515595035432,41.23885383653243],[61.39862402120099,41.28262506678453],[61.43004951984341,41.30282717305471],[61.50412390950072,41.29384845915678],[61.59840040542804,41.26915699593769],[61.69043222288093,41.233242140346306],[61.79593211118055,41.172635821535835],[61.88347457168453,41.12100821662324],[61.97999574608639,41.004284935951375],[62.25835157963422,40.98680027303993],[62.301756322165545,40.86791133346111],[62.57130509732025,40.41193186314325],[62.73548790672254,40.16208845753107],[62.549604867780374,40.019331114762565],[62.408874511719375,40.16589355468807],[62.188720703125625,40.367919921875625],[61.92828369140676,40.49810791015682],[60.97210693359426,40.61047363281307],[60.72528076171926,40.64630126953182],[60.065307617188125,40.87072753906318],[59.68829345703176,41.014526367188125],[58.79492187500057,41.216491699219375],[57.91491699218807,41.37469482421926],[57.09790039062551,41.42407226562551],[57.12927246093807,41.85949707031318],[56.940673828125625,42.03692626953176],[57.20568847656301,42.09069824218801],[57.29528808593818,42.15368652343807],[57.277526855469375,42.373474121094375],[57.439086914063125,42.472290039063125],[57.771301269531875,42.52172851562568],[58.11688232421932,42.418518066406875],[58.15728759765682,43.464477539063125],[58.33232399123949,43.724758653579784],[58.37869990930062,43.682590758329184],[58.404331419717494,43.651429869657136],[58.40112748091542,43.63884665839413],[58.43445877974358,43.64228314114155],[58.547888548624144,43.6801619660115],[58.56494177128053,43.69742189439705],[58.59816971724433,43.71039267890217],[58.68043859745285,43.72052125963131],[58.69775020227058,43.71509523424072],[58.696406615031094,43.70687868150634],[58.67666621789567,43.69597495429281],[58.67604610070805,43.69070395819898],[58.69459793990086,43.6909623403605],[58.77257767622933,43.728221048043],[58.82937007531808,43.74266461086859],[58.89701452518818,43.74700543118104],[58.927400267375845,43.73576580715752],[58.92016556685485,43.70910076809503],[58.92357621138609,43.69445049954015],[58.93773555383416,43.69184083970947],[58.95535721724565,43.70145265611575],[58.976596230917664,43.723260110542924],[58.98021358117808,43.750648619657625],[58.95840612675096,43.77994915676709],[58.913912718547635,43.80552899075161],[58.83510615930243,43.81614849758762],[58.79944942102111,43.84002300930649],[58.81092158898997,43.87710084947582],[58.84766353234943,43.88428387356447],[58.82812984094312,43.90045859687183],[58.78518672570851,43.91802858385097],[58.721211302531174,43.934875100778186],[58.71242630904169,43.937924010283325],[58.74622269576042,43.94107627265322],[58.88719600305262,43.898753274606065],[58.95830277388637,43.84258099270494],[59.060570433392,43.71922934882417],[59.08646032597022,43.69866212877196],[59.111833454225575,43.70512168280834],[59.13720658248076,43.73101157538679],[59.14578487024124,43.75798667304298],[59.137723346803796,43.78620200507447],[59.16748897180378,43.799379495308926],[59.23141245164368,43.79776179988352]]]}},{"type":"Feature","properties":{},"geometry":{"type":"Polygon","coordinates":[[[62.543662803759446,46.87817226308124],[62.96540959637446,46.74953949133362],[63.49515371634726,46.576699248800026],[64.03836590716674,46.4779333959238],[64.09490668383017,46.46920796742637],[64.09573532074324,46.46908009135967],[64.76564173289199,46.36569947220073],[65.34925813625176,46.22204004983536],[65.61413019623808,46.10531676916332],[65.85655547148002,45.97288073917008],[65.94649176670009,45.91332027875984],[65.94718060923418,45.91286409165099],[66.53444837076711,45.52394504427792],[66.78984696245669,45.35957961398287],[66.79359687941587,45.357166301088455],[66.98787342260823,45.23213684259815],[67.1616799895562,45.10573206663605],[67.16206590843603,45.10545139835989],[67.28417098123697,45.01664770904989],[67.33741280432542,44.98576062578388],[67.33950658105164,44.98454596684991],[67.41504037789196,44.9407266808621],[67.60461616663997,44.830748418800056],[67.60471092949547,44.83069344419488],[67.63434082325284,44.81350430711109],[67.64331953715077,44.73718523897952],[67.68821310664003,44.701270383388135],[67.71514924833349,44.62495131525645],[67.80044703036293,44.62944067220542],[67.89023416934145,44.67882359864342],[68.006957450014,44.72820652508216],[68.06873026252208,44.728206525082385],[68.07114587857166,44.73692285039243],[68.31948056915661,44.74297979406526],[68.54358552631697,44.75743817839822],[68.59878007809988,44.73674022147969],[68.61302063811854,44.73718523898026],[68.71178649099477,44.69678102643991],[68.83299912861577,44.67882359864416],[68.931764981492,44.61597260135926],[69.05746697606173,44.575568388818965],[69.07340633645862,44.55962902842225],[69.11582861639783,44.517206748483034],[69.19835155896595,44.52448818459203],[69.26846675266108,44.530674819329874],[69.28109125603476,44.501217644791325],[69.28193482350787,44.499249320687454],[69.28644500367199,44.499711903268405],[69.45701974451583,44.517206748483034],[69.53782816959631,44.589036459665806],[69.60067916688138,44.61148324441035],[69.76678537399141,44.6294406722061],[69.82514701432734,44.66535552779749],[69.9675435666797,44.68284282370041],[70.08104036041595,44.69678102643991],[70.10531538777218,44.70798488521967],[70.13940200075189,44.72371716813342],[70.26061463837266,44.732695882031294],[70.32346563565773,44.72371716813342],[70.40862484314772,44.71279932101942],[70.49855055666563,44.701270383388874],[70.59282705259295,44.71024909728658],[70.67812483462257,44.74167459592917],[70.7858694013965,44.73718523898026],[70.83525232783472,44.70575974033784],[70.99840372381624,44.70852501823566],[71.10012438782104,44.71024909728658],[71.1258652190266,44.67936009984015],[71.1450179573103,44.65637681389961],[71.27287643152204,44.64572194104875],[71.36050709085856,44.638419386103976],[71.47723037153042,44.606993887461385],[71.67027272033414,44.580057745767874],[71.79597471490388,44.65188745695065],[72.02359347224376,44.64874788788387],[72.11656818755961,44.64746547801741],[72.44693147249768,44.64290874305277],[72.55916539622058,44.58454710271684],[72.61280996573777,44.5744887459324],[72.77465452976884,44.544142890176545],[72.94525009382784,44.454355751198136],[73.0362868855766,44.43749708605941],[73.06646273144884,44.43190896645342],[73.12861889947146,44.39540455031323],[73.3005703025479,44.294417218347746],[73.34929221923073,44.26580275934339],[73.35256980848601,44.19041820647135],[73.3537815761797,44.162547549518195],[73.36769797078597,44.16016188187149],[73.51090906939203,44.13561140782468],[73.56740495079146,44.09418109479856],[73.57891726076895,44.08573873414781],[73.60466068040478,44.06686022641526],[73.78027048632708,43.938079702072],[73.77858175828703,43.81311382711465],[73.77578112937817,43.60586728785171],[73.74884498768415,43.52505886277072],[73.68150463345086,43.41731429599713],[73.55131328193215,43.35221862023769],[73.32684543448602,43.39262283277799],[73.14727115652909,43.32528247854418],[73.16073922737542,43.163665628382375],[73.16971794127386,42.98409135042618],[73.44140426073312,42.964881206625876],[73.61416427921705,42.95266585178376],[73.92392990869263,42.69677250569515],[73.99956045995503,42.69117024263869],[74.28756782155517,42.66983636400164],[74.36837624663582,42.598006652818924],[74.48509952730785,42.49924079994264],[74.48061017035889,42.369049448423766],[74.39082303138036,42.3151771650368],[74.17982325478101,42.20294324131373],[73.9329086225905,42.140092244028835],[73.77129177242921,42.11315610233538],[73.66257240683245,42.06925020469032],[73.53784521108497,42.01887960640755],[73.30138128644961,41.956807826190754],[72.6922094818799,41.98944203000701],[72.5269238157781,41.911148819748405],[72.4244846877524,41.883076558702726],[72.2321187509375,41.77150431535006],[71.7356087561401,41.53631537044606],[71.63884722169121,41.501481218044376],[71.15848602815663,41.4296515068616],[70.75893325970247,41.25793360356545],[70.14389135770028,41.07386996865961],[70.00787948775115,41.0285326786767],[69.81861926158916,40.974458328344724],[69.81787851706406,40.965199021781075],[69.78025344483757,40.95265733103878],[69.79821087263332,40.804508551724325],[69.80349180815756,40.785365160449146],[69.79225604855895,40.64491816546729],[69.83199540818896,39.94947937194473],[69.83275092109398,39.93625789610684],[69.82514701432683,39.89316909109317],[69.81051789528743,39.721276942381564],[69.80718958653102,39.682169314493706],[69.521885020404,39.677911037387446],[68.9048288397978,39.668701243647035],[68.52772285608825,39.67767995754491],[68.17755301407249,39.74950966872751],[68.06082973340045,39.821339379910285],[67.82738317205661,40.05927529820326],[67.58495789681484,40.189466649721965],[67.24376676869662,40.24333893310893],[66.94297985311897,40.33312607208745],[66.66463972228581,40.48239719063912],[65.95083196740734,41.0300987384075],[65.7667683325015,41.0929497356924],[65.03051379287848,41.15580073297724],[63.76900449023145,41.07948166484556],[63.23028165636077,40.935822242480185],[62.82175017400897,40.935822242480185],[62.42668676250395,40.97622645502037],[62.25835157963422,40.98680027303993],[61.97999574608639,41.004284935951375],[61.88347457168453,41.12100821662324],[61.79593211118055,41.172635821535835],[61.69043222288093,41.233242140346306],[61.59840040542804,41.26915699593769],[61.50412390950072,41.29384845915678],[61.43004951984341,41.30282717305471],[61.39862402120099,41.28262506678453],[61.38515595035432,41.23885383653243],[61.36046448713523,41.23660915805806],[61.313326239171545,41.26354529975157],[61.284145419003494,41.270279335174905],[61.263943312733375,41.319662261613075],[61.23925184951423,41.348843081781126],[61.18537956612727,41.39149197279585],[61.095592427148745,41.409449400591484],[61.034986108338444,41.46107700550408],[60.98784786037476,41.472300397876495],[60.93846493393653,41.501481218044376],[60.69155030174585,41.674882630196464],[60.653390767680094,41.76018041222602],[60.572582342599446,41.766914447649356],[60.52319941616122,41.80282930324074],[60.500752631416674,41.85221222967897],[60.46483777582529,41.8993504776426],[60.45585906192741,41.97118018882537],[60.345869816678885,41.98913761662095],[60.28077414091962,42.03403118611027],[60.26730607007278,42.117084289665286],[60.22914653600685,42.14626510983334],[60.05855097194785,42.2629883905052],[59.98447658229071,42.290485701817374],[59.90815751415903,42.326400557408704],[59.81388101823171,42.29946441571525],[59.61185995553029,42.3802728407959],[59.51309410265401,42.48352805062109],[59.43228567757336,42.519442906212475],[59.41881760672652,42.564336475701566],[59.36045596639059,42.55535776180386],[59.32903046774817,42.58678326044628],[59.28413689825891,42.60923004519083],[59.31556239690133,42.658612971629054],[59.333519824697134,42.71248525501602],[59.30658368300362,42.766357538403156],[59.23924332876982,42.766357538403156],[59.207817830127226,42.78431496619879],[59.23026461487194,42.88308081907502],[59.167413617587044,42.97735731500234],[59.14047747589342,42.98633602890021],[59.13149876199566,43.01327217059372],[59.153945546740204,43.03571895533844],[59.162924260638135,43.107548666521154],[59.14496683284233,43.14346352211254],[59.135988118944454,43.21529323329531],[59.0955839064041,43.23774001803986],[59.09109454945536,43.26916551668228],[59.12252004809778,43.31405908617154],[59.11354133419991,43.35895265566086],[59.05966905081294,43.44425043769024],[59.03722226606823,43.45322915158812],[59.03273290911926,43.484654650230596],[59.05517969386398,43.516080148873016],[59.05966905081294,43.5519950044644],[59.14496683284233,43.54301629056647],[59.20332847317843,43.56995243225998],[59.26617947046333,43.61035664480033],[59.257200756565396,43.700143783778685],[59.257200756565396,43.77197349496163],[59.23141245164368,43.79776179988352],[59.23487503951242,43.79767417304316],[59.291512409304346,43.7829980662724],[59.33729772831498,43.75542868964453],[59.38297969446103,43.75602296861598],[59.42860998417467,43.78470338853782],[59.469641071414344,43.7731278677046],[59.50612463261257,43.72114137681899],[59.576662962690875,43.68594972642819],[59.74120072310825,43.652644265816036],[59.75551509485308,43.641172097847175],[59.7374283435509,43.63323976549054],[59.686940469201716,43.62889894517792],[59.658001667118356,43.61742677720906],[59.650405231571256,43.598745746935606],[59.65593460982666,43.55722373358907],[59.674331419722535,43.49291241360197],[59.696293903446644,43.45490439765126],[59.722183796024865,43.44304465644029],[59.732829141076934,43.425707213406326],[59.728281615035314,43.40276287746866],[59.738048460738355,43.39281516425251],[59.76207800175399,43.39599326483841],[59.780061400191585,43.40935162258597],[59.791740273889616,43.43283856106257],[59.80517614628559,43.44260540676578],[59.82021398808246,43.43865215969549],[59.83912756230126,43.44596437486467],[59.86207189823892,43.46459372870589],[59.88760005579104,43.47123415025544],[59.91545365279643,43.465756448432444],[59.93509069706727,43.470510680203404],[59.94656286503613,43.48539349270345],[59.979739134567524,43.497485777859765],[60.03456782922916,43.5066841828077],[60.06262813196366,43.50267925930501],[60.06376501347404,43.485496845568036],[60.078647825974144,43.47495485338038],[60.106966510869995,43.47123415025544],[60.128928994594105,43.474231383328345],[60.14407018925573,43.483998229031556],[60.15161494837025,43.51397055976088],[60.15161494837025,43.564251728380896],[60.16603267297967,43.58249350897984],[60.194816445766264,43.568721739774105],[60.23708776738101,43.57257163397986],[60.29274328495944,43.59417238267787],[60.323749144334556,43.59959840806846],[60.330105345506354,43.588978901232394],[60.34131913131381,43.59587770494346],[60.35780391321475,43.62029481920143],[60.37330684290231,43.632516295438336],[60.387982949673244,43.632516295438336],[60.393667357225354,43.62156089179257],[60.39051509485569,43.59975343736539],[60.39650956100138,43.59086509101115],[60.41165075566295,43.59484417629767],[60.42456986373588,43.590141620959116],[60.43485347376202,43.57660239569856],[60.441933144986024,43.58094321601118],[60.44570552454337,43.603086567248056],[60.45728104537665,43.60869346015181],[60.47681473678307,43.59771221828987],[60.488028522590355,43.60161378892781],[60.49097407923091,43.62029481920143],[60.50053421920501,43.62445477200089],[60.51686397180913,43.614119485542574],[60.52688919967392,43.59546429348518],[60.53029984420516,43.56848919582876],[60.55081538782497,43.566887226427696],[60.58838415410122,43.590761738146625],[60.61427404667944,43.598616555854846],[60.62843338912734,43.590555032417456],[60.6530830473306,43.5945341177038],[60.688739785611915,43.61065716457898],[60.711580768684996,43.609055195177916],[60.72170934941414,43.5898832387976],[60.736850544075764,43.601045348172704],[60.75736608769557,43.64269655259983],[60.772972370247714,43.65959474595928],[60.783824421029124,43.651894957547825],[60.784444538216576,43.63520346991754],[60.774677692513364,43.60967531236537],[60.783824421029124,43.59417238267787],[60.812039753060446,43.58869468085487],[60.83767126347715,43.58972820950066],[60.86097733444092,43.59716961575077],[60.86588659550864,43.61499798489143],[60.852347370248026,43.64310996405817],[60.85183060592516,43.663134581571285],[60.86402624394606,43.67483929348549],[60.89405025110756,43.66812135728742],[60.9414375395192,43.642799905464415],[60.973063516081936,43.63409242662334],[60.98877315149866,43.64176637681862],[60.988308063607974,43.64925945950097],[60.971719928842276,43.65649416002179],[60.963865111134,43.67902508450095],[60.964588581186035,43.716955585803305],[60.97683589563911,43.753413308785184],[61.00050370162887,43.788449929879164],[61.00200231816535,43.80237672838172],[60.98169348027466,43.7952195425093],[60.971926634571446,43.80328106594686],[60.97265010462365,43.82650962226211],[60.960247760873415,43.83384767564746],[60.934357868295365,43.8252177114548],[60.91797643925884,43.82793072415018],[60.91115515019618,43.84203839016584],[60.89725418990963,43.83886028957977],[60.87663529342524,43.81844809882449],[60.85901363001375,43.81891318671518],[60.84475093470115,43.84015220038708],[60.84593949264388,43.861132831897635],[60.863044391732444,43.88175172838203],[60.86009883509172,43.891156839059136],[60.83741288131574,43.88908978176755],[60.82351192102925,43.900303567574895],[60.818240924935424,43.92474652004887],[60.80656205123745,43.92045737616877],[60.78811356490934,43.88738445950196],[60.762740436653985,43.87431032213209],[60.73023596074245,43.88128664049151],[60.71561153040369,43.89903749498376],[60.718763792773586,43.92779542955418],[60.71240759160162,43.95549399726258],[60.69628454472661,43.98215903632524],[60.692253783007914,44.00562013658566],[60.70021195358072,44.02567059231495],[60.718763792773586,44.02541221015343],[60.74780594772153,44.004741637236805],[60.76956172571647,44.00272625637729],[60.783824421029124,44.019469420439975],[60.79736364628951,44.02448203437223],[60.81007604863328,44.01786745103891],[60.82010127649801,44.02727256171602],[60.82790441777411,44.05285239570054],[60.83901485071681,44.0646346222631],[60.85327754602923,44.06267091783593],[60.862579303841756,44.099309508330975],[60.86697180058661,44.17449871731543],[60.88562699264406,44.20452272447716],[60.918699909310874,44.18927817695112],[60.93973221725361,44.191138528513534],[60.94898229863395,44.21012961738069],[60.947173623503716,44.24749167792777],[60.93420283899843,44.303121357290024],[60.9370450427744,44.32890789700366],[60.95580358769644,44.32456707669121],[60.97342525110787,44.29929730130044],[60.990013385873624,44.253046894399176],[60.9958528227225,44.214392923044954],[60.990633503061076,44.18338706366967],[61.00096878951956,44.166075458851935],[61.02685868209778,44.16230307929459],[61.045927285613345,44.14726523749772],[61.04882116582172,44.16643719387804],[61.008306842904915,44.36223919583182],[61.025876829884226,44.37164430650893],[61.032853148243646,44.36637331041533],[61.0294425037124,44.34624534003757],[61.0858214913427,44.21648581855271],[61.104011595509405,44.21537477525851],[61.101841185353294,44.29325115872223],[61.107215534311536,44.33433392239425],[61.12039302454599,44.33867474270687],[61.13527583704604,44.32828777981621],[61.15165726608262,44.30332806301914],[61.155067910613866,44.31609214179531],[61.14566279993676,44.366631692576675],[61.155532998504555,44.390066954621034],[61.18483353561402,44.38626873684768],[61.200336465301575,44.39812847805865],[61.20204178756717,44.42533611966036],[61.177288776499324,44.4310722036447],[61.125767373504345,44.4153367300118],[61.10742224004065,44.42693808906142],[61.12209834681158,44.46600547187393],[61.10757726933764,44.503057473827255],[61.06385900761876,44.53814577135347],[61.054712279103,44.566929544140066],[61.079827025197005,44.58966717434839],[61.101841185353294,44.59250937812453],[61.12013464238464,44.57561118476514],[61.13114172246276,44.57780743313742],[61.134552366994,44.599046446809496],[61.149073444468,44.6133866567705],[61.17460160202029,44.62082806302044],[61.16188919967635,44.630284850129954],[61.11109126673347,44.64178285631482],[61.11734411504085,44.65488283190086],[61.18044103886922,44.6695589386718],[61.22095536178597,44.66325441393201],[61.2387837309268,44.635917581249714],[61.25392492558825,44.634031391471126],[61.26612056360909,44.65757000638007],[61.30007197962476,44.675217508007734],[61.355624144338606,44.6870772492187],[61.39774043665659,44.70989239407544],[61.42626582728167,44.7438179718751],[61.4462129301462,44.75482505195339],[61.45706498092761,44.74309450182301],[61.481973021292276,44.7604061066408],[61.52062699264644,44.806992410351995],[61.55742061243848,44.824743264844244],[61.592302204235295,44.81389121406289],[61.616228392386574,44.82836061510466],[61.62940588262103,44.86828065904996],[61.64465043014707,44.87859010729227],[61.661910358532566,44.85941815091212],[61.685784870251496,44.85564577135477],[61.716067259574515,44.86747967434957],[61.728262897595414,44.88076051744861],[61.721958372855624,44.89569500638089],[61.73575598027759,44.91667563789139],[61.76955236699661,44.943702411980155],[61.797612669730995,44.95734499010513],[61.81973018275187,44.9575516958343],[61.8276883533249,44.96623333645937],[61.8212804757207,44.98313152981876],[61.833527790173775,44.991503111850136],[61.86427526738754,44.99124472968856],[61.88856319056475,44.98344158841252],[61.90628820684077,44.968248717318716],[61.91310949590326,44.97411399238382],[61.909182087049146,45.00116660468859],[61.915538288221114,45.01651450507933],[61.932643187309736,45.02018353177198],[61.93920609421065,45.027624938022086],[61.93543371465347,45.03889040026178],[61.90039709355949,45.04020814928509],[61.833992878064464,45.0315523468762],[61.79931799199659,45.048502216668055],[61.79616572962692,45.09098024401197],[61.77074092493916,45.08012819323062],[61.723043577933765,45.01573935859494],[61.70263138717854,44.99566306464959],[61.70950435267338,45.019821796746044],[61.70500850306399,45.036564960808505],[61.688885456188984,45.04607342435037],[61.679945433402395,45.06147300117334],[61.678240111136745,45.08271201484524],[61.687128457490985,45.094597594272386],[61.70666214889741,45.097233092319186],[61.722165078584965,45.11431215319175],[61.733637246553656,45.14586061510596],[61.74929520553815,45.15635093086121],[61.7691906319705,45.145757262241375],[61.787380736137266,45.14487876289235],[61.80396887090296,45.153818785678766],[61.793478555147715,45.16498089505387],[61.755858112439114,45.17852012031432],[61.72681595749117,45.17779665026222],[61.70655879603265,45.162913837762176],[61.69338130579837,45.172060566277935],[61.68728348678775,45.20528851224151],[61.67896358118878,45.20859580390817],[61.668214883272185,45.18193076484556],[61.65017980840241,45.16058839830907],[61.624289915823965,45.144465351434064],[61.605583047334335,45.14733339342621],[61.5941108793657,45.16916668606956],[61.56522375371452,45.17247397773622],[61.51907669967778,45.15722943021001],[61.490499632620356,45.15821128242362],[61.48000931686511,45.17547121080918],[61.4764436430371,45.21319500638219],[61.48021602259428,45.27153769843977],[61.44755651738592,45.32181886705979],[61.37820674525017,45.36403851224219],[61.324101520640625,45.40917787584914],[61.2850858142603,45.45708192858365],[61.2522196033226,45.48382448229472],[61.225347858530824,45.48925050768548],[61.209483193817164,45.50547690742508],[61.20436722702027,45.532503681513674],[61.217803099416244,45.55069378568044],[61.249532428843395,45.560228087438304],[61.26172806686429,45.573173033727414],[61.25392492558825,45.58950278633159],[61.25614701217677,45.60355877591502],[61.26808426803626,45.615392678909814],[61.265655475718404,45.63358278307658],[61.24880895879136,45.65823244127989],[61.216459512176584,45.67621583971726],[61.16871048873884,45.68742962552477],[61.13868648157728,45.71001222643633],[61.12633581425945,45.743963642452],[61.11414017623878,45.75078493151466],[61.102047891082464,45.73070863756914],[61.08034378951987,45.724662494991094],[61.04907954798324,45.73269818021248],[61.03507523483216,45.73016603503004],[61.03822749720189,45.71683351549882],[61.02835729863426,45.70879783027743],[61.005412962696596,45.70598146471747],[60.97988480514442,45.68267539375381],[60.95203120813903,45.63908632311575],[60.923454141081606,45.63456463529013],[60.89420528040455,45.66934287422259],[60.885006875456554,45.69988364570702],[60.89575557337321,45.72636781725669],[60.912395384571084,45.73858929349376],[60.93446122115995,45.73652223620206],[60.96241817102975,45.750294005407795],[60.9958528227225,45.77995627754336],[61.00076208379039,45.81225404772579],[60.97709427780069,45.84726483060342],[60.98866979863408,45.8624835399134],[61.0357987048842,45.85796185208801],[61.07083532597818,45.86858135892385],[61.093779661915676,45.894445413285894],[61.07936193730632,45.90715781562983],[61.027633828582054,45.90689943346831],[61.0151281319674,45.91361736966621],[61.041999876759235,45.92741497708812],[61.04298172897279,45.943047097856436],[61.01822871790495,45.96064292305192],[61.01321610397264,45.982967141801964],[61.02784053431117,46.010303974484316],[61.02298294967585,46.02306805326043],[60.998539997201874,46.02136273099484],[60.97952307011832,46.033868427609434],[60.96562210983183,46.0605334666721],[60.93518469121199,46.0820825389377],[60.8881074613941,46.09841229154205],[60.89942460006597,46.113501809771094],[60.96923946009224,46.12729941719323],[61.03016597376444,46.12688600573472],[61.082204141082286,46.112235737180015],[61.13196854537938,46.11773927721919],[61.179717568817125,46.14324159655507],[61.21046504603072,46.16667685859966],[61.22462438847873,46.18791587227156],[61.22586462285369,46.20744956367781],[61.21997350957241,46.22357261055299],[61.22917191452052,46.241659361855],[61.25004919316632,46.24930747383428],[61.25650874720287,46.2609346710999],[61.249480752411046,46.270288105344775],[61.25475174850487,46.289408385292745],[61.27630082077064,46.31436810208976],[61.29102860397376,46.317804584837006],[61.30275915410414,46.30351605130841],[61.31666011439046,46.29912355456361],[61.332783161265695,46.30827028307931],[61.346942503713535,46.35656190905598],[61.35929317103137,46.44384340319698],[61.37598465866165,46.47854412748103],[61.39701696660438,46.460741596556375],[61.41846268600557,46.45451458646539],[61.4409419340526,46.45963055326223],[61.46781367884421,46.4764253937571],[61.49902624394849,46.504873269733764],[61.592302204235295,46.651401793497314],[61.6372090238969,46.699202493367295],[61.67555293665754,46.706643899617234],[61.676896523897256,46.728761412638335],[61.641653197074106,46.76555503243014],[61.598141641084396,46.782504902221774],[61.546413532360305,46.77961102201357],[61.53003210332378,46.78997214668806],[61.54910070683934,46.81351076159683],[61.550547646943585,46.837333596883525],[61.53478633509451,46.86151816719615],[61.51344396855802,46.86591066394095],[61.486830605927764,46.85071779284715],[61.473549762828725,46.83247601224804],[61.47391149785483,46.81121116035996],[61.424818887177366,46.7880859569093],[61.326685342255246,46.763126240112456],[61.27418208704671,46.73150026354972],[61.267360797984054,46.693363056518365],[61.22782832728086,46.67191733711718],[61.15568802780132,46.667266458210804],[61.12085811243668,46.65801637683069],[61.123545286915885,46.643908710815026],[61.141011921030554,46.63615724597116],[61.17346472050974,46.63471030586703],[61.18044103886922,46.62003419909615],[61.161630817515004,46.59223227852311],[61.15677323287946,46.56163983060634],[61.16581660853063,46.52830853177812],[61.152484088999245,46.5061393423249],[61.11718908574386,46.49528729154349],[60.94681188847761,46.500325743691974],[60.87529170618575,46.521745624876985],[60.82909297571666,46.56130393379641],[60.80826737350304,46.60683087064564],[60.813021605274,46.64690594388793],[60.83767126347715,46.67925539050253],[60.86671341842526,46.696153583862156],[60.8781855863939,46.71785768542475],[60.87219112024803,46.74431601875807],[60.789922240039516,46.77555442207853],[60.736800081244894,46.78656844900581],[60.743177906658275,46.79331072158567],[60.77909276224966,46.829225577176885],[61.00804996664459,46.91901271615541],[61.160688102907955,46.95941692869576],[61.26394331273315,47.04920406767411],[61.265423815217844,47.05184782211097],[61.26546456647304,47.05192059220957],[61.26827759203343,47.05694385213866],[61.26830651970897,47.0569955087023],[61.326794310018045,47.16143799139718],[61.33952619067355,47.34392828078978],[61.33952671509127,47.34393579744426],[61.340262380864885,47.35448034020072],[61.42556016289427,47.46671426392379],[61.44745102810356,47.46870434257926],[61.447529158113014,47.46871144530746],[61.524326015770725,47.47569297782172],[61.578239100376436,47.503466385042884],[61.57825114154275,47.50347258806795],[61.67247479508501,47.552012045953404],[61.892453285582235,47.56099075985111],[61.99570849540743,47.43079940833246],[62.103921629393426,47.305753120171005],[62.10429866735336,47.30531743186174],[62.19772955810885,47.197352846988565],[62.5164739014823,46.886464878275774],[62.53950067719609,46.87944171168317],[62.543662803759446,46.87817226308124]]]}},{"type":"Feature","properties":{},"geometry":{"type":"Polygon","coordinates":[[[114.82054387446124,57.01852793428128],[114.99038176927024,57.003088125662316],[115.00554293674122,57.006036130448535],[115.03623684624927,57.012004390630636],[115.21299081952486,57.046373218767656],[115.26870990290672,57.05720748498072],[115.33302415410981,57.069713033825735],[115.47086671080467,57.09091958100964],[115.52391246174818,57.0990804657701],[115.58048809871616,57.10778440991902],[115.62304396856996,57.1093042624139],[115.72134784958837,57.112815115307455],[115.84698773136915,57.11730225394234],[115.85325917898149,57.115826619210054],[115.97398067852407,57.08742156049408],[116.00879107976561,57.079230877848886],[116.04103819737202,57.06897043133779],[116.21818364827868,57.01260596968564],[116.26577286839529,56.93646321749907],[116.15119210172156,56.88821868416261],[116.08493383195218,56.86032046531267],[115.91381688651279,56.8603204653125],[115.9136126395324,56.86032046531267],[115.8660234194158,56.86032046531267],[115.65893501320488,56.889904523343034],[115.5995237867628,56.89839184140595],[115.59053412157823,56.90054936105048],[115.47512570228389,56.92824738168099],[115.4247682951634,56.94033315939009],[115.39842774600538,56.94665489118802],[115.36157768617977,56.95549890554571],[115.26061485389641,56.87235304366504],[115.19977433778331,56.82224908921921],[115.1045958975501,56.73658849300932],[115.2378457138766,56.679481428869394],[115.39013121824973,56.66996358484607],[115.4186847503197,56.51767808047293],[115.39013121824973,56.2797319798899],[115.50434534652959,56.25117844781994],[115.50434534652959,56.15600000758673],[115.5995237867628,56.12744647551676],[115.70422007101934,56.07985725540016],[115.80891635527587,55.94660743907366],[115.88505910746244,55.79432193470052],[115.89457695148576,55.55637583411749],[115.80891635527587,55.40409032974435],[115.78988066722923,55.25180482537121],[115.81843419929919,55.09000147697475],[116.05638029988222,55.04241225685814],[116.3133620885119,54.975787348694894],[116.38950484069846,54.890126752485],[116.51323681300164,54.7092877160419],[116.48496086840157,54.464229529505474],[116.48468328093168,54.46182377143555],[116.27529071241861,54.33809179913237],[116.34499886582933,54.35116207789724],[116.32287993253522,54.33809179913271],[116.35440779086264,54.25453306014441],[116.52959560741681,54.18870130564977],[116.77943901302899,54.14587100754483],[116.89365314130885,54.03165687926497],[117.05783595071114,53.903165984950135],[117.27198744123586,53.84605892081021],[117.45044701667314,53.79609023968777],[117.50041569779557,53.738983175547844],[117.50755408081307,53.64618419632046],[117.51469246383056,53.517693302005625],[117.66459850719787,53.50341653597064],[117.89302676375758,53.596215515198026],[118.08576310522983,53.660460962355444],[118.24994591463212,53.674737728390426],[118.44982063912187,53.660460962355444],[118.51406608627929,53.589077132180535],[118.64969536361161,53.589077132180535],[118.85670847111885,53.581938749163044],[119.00661451448616,53.6176306642505],[119.23504277104587,53.753259941582826],[119.47060941062307,53.903165984950135],[119.6847609011478,53.96741143210755],[119.95601945581245,53.94599628305508],[120.14875579728471,54.0102417302125],[120.34863052177445,54.0887639434049],[120.54136686324671,54.18156292263211],[120.62961876733891,53.97054679326334],[120.81978893659209,53.43807031935313],[120.88400924808627,53.289265045445234],[120.89049858943065,53.28104521307597],[120.8742545980001,53.2801598110002],[120.8457292070002,53.273441875],[120.825988811,53.261866354000176],[120.83043298400014,53.24483897000016],[120.82387007700004,53.23522715300021],[120.7512646890001,53.20690846800022],[120.71405765800012,53.18504933700018],[120.65220096800033,53.12283091300026],[120.61478723100004,53.09707021100007],[120.52760909100016,53.055806580000194],[120.45030114700012,53.00834177700017],[120.39190677900012,52.95676869700014],[120.36203780100004,52.93937957800017],[120.35407963100022,52.93323008200025],[120.34658654800012,52.923463237000135],[120.3424007570004,52.91542755200021],[120.33723311400013,52.907701925000026],[120.32669112200006,52.89904612300012],[120.30235152200021,52.89124298200005],[120.29072432500016,52.8853518680001],[120.28571171100009,52.8748873900002],[120.2801823320001,52.86592152999998],[120.26721154800009,52.858144227000196],[120.25248376500019,52.852692363000074],[120.21961755400014,52.84491506000006],[120.1773979090002,52.81791412400014],[120.15595218900035,52.809077454000146],[120.06582849200015,52.7832133990002],[120.0329622800001,52.76065663700007],[120.04608809400008,52.73399159800016],[120.04402103800021,52.723527120000256],[120.05156579600009,52.70458770800013],[120.05290938400026,52.693012187000136],[120.03657963100011,52.66812998500012],[120.03260054600003,52.65887990300007],[120.03012007700022,52.63937205000002],[120.03378910300023,52.62536773700015],[120.04267745000016,52.61350799600018],[120.05642338100017,52.600511374000234],[120.0793677170002,52.58996938100012],[120.11285404500029,52.58451751700022],[120.17595096800017,52.5837423710002],[120.19812015800017,52.58911672000016],[120.24209680200045,52.60722930899999],[120.26111372900016,52.6110533650002],[120.36761885600015,52.61725453700012],[120.38942631100008,52.622163798000145],[120.4299406340001,52.63609059700008],[120.45402185100033,52.639036154000166],[120.464150432,52.636038920000146],[120.49184899900001,52.61725453700012],[120.53959802300017,52.603663636000135],[120.6087410890002,52.57400136300015],[120.65447473200015,52.566999207000094],[120.70739139800014,52.55033355700016],[120.72397953300015,52.542168681000135],[120.70811486900016,52.51813914000007],[120.70480757700011,52.509173280000084],[120.70413578300008,52.49783030200018],[120.70196537300001,52.4887610880001],[120.69256026200026,52.474601746000246],[120.69038985300006,52.470157573000165],[120.69038985300006,52.439125875000116],[120.68139815300015,52.42297699000022],[120.6604175220001,52.398792420000234],[120.65623173100016,52.38142913900003],[120.65220096800033,52.37246327800011],[120.64315759300018,52.366339620000076],[120.63344242400001,52.36174041800018],[120.62837813300018,52.35789052400014],[120.626156047,52.34680592900003],[120.62910160400008,52.34088897700002],[120.63344242400001,52.33546295200023],[120.63576786300018,52.32618703200012],[120.65493982000021,52.2991085820002],[120.73896569900023,52.2566047160002],[120.75808597900004,52.23740692200005],[120.75705245000006,52.2278726200002],[120.7523498940003,52.21185292600023],[120.7512646890001,52.20296457900014],[120.75374515800013,52.194463807000034],[120.76666426600025,52.17955515500017],[120.77178023300007,52.17162282400017],[120.77741296400018,52.164956564000136],[120.78320072500037,52.16198516900022],[120.78407922400015,52.158006083000146],[120.77555261200018,52.14836842900013],[120.77126346900002,52.14097869900013],[120.77126346900002,52.13247792600009],[120.77431237800045,52.12426137400024],[120.77916996300007,52.117595114000096],[120.76666426600025,52.10844838500026],[120.7530733650002,52.08633087200019],[120.74506351800017,52.07666737900007],[120.73198938100006,52.07018198700024],[120.71803674400019,52.06653879800018],[120.70563440000001,52.06103525800012],[120.69731449400012,52.04871042900021],[120.696384319,52.03447357200025],[120.70108687400023,52.0228722130002],[120.70754642800011,52.01240773500018],[120.7115771890002,52.00158152300003],[120.71090539600004,51.98832651800012],[120.70578942900022,51.97995493600024],[120.683516886,51.95931020200004],[120.66207116700014,51.92504872700022],[120.64760176600021,51.91101857500007],[120.62496748900026,51.905334168000195],[120.57861372900038,51.907685446000016],[120.56631473800019,51.905334168000195],[120.55613448100007,51.89838368800008],[120.54936486800034,51.89047719400014],[120.54114831600032,51.88298411100021],[120.52662723800006,51.87742889400005],[120.51189945500028,51.87618866000025],[120.502080933,51.877248027000235],[120.49314091000008,51.87572357200014],[120.48089359600021,51.86686106400015],[120.47593265800026,51.859135437000134],[120.47148848500012,51.84900685700018],[120.46482222500015,51.84019602500018],[120.45402185100033,51.83644948400024],[120.42756351800006,51.833658956000136],[120.40833988500015,51.82608835900015],[120.3744401460001,51.802317200000175],[120.31930139200028,51.77603973400022],[120.18148034700016,51.68297047900023],[120.16561568200007,51.66855275500018],[120.15378178000014,51.66397939000018],[120.12236250900003,51.66715749100018],[120.10820316600007,51.66519378700008],[120.10045170100011,51.65994862900021],[120.08587894700031,51.64436818500019],[120.06489831600015,51.614886780000234],[120.05673343900025,51.59638661700012],[120.0535295000002,51.57703379400016],[120.05290938400026,51.55220326800003],[120.04216068600033,51.538534851000065],[119.99218957500011,51.503265686000134],[119.977203411,51.48701344900002],[119.97415450100004,51.46417246500022],[119.98056237800017,51.45272613500009],[119.98273278900012,51.44215830500008],[119.9672815350001,51.42182362900013],[119.95999515800008,51.41228932700011],[119.95684289600035,51.4045120250002],[119.95286381100016,51.39766489700014],[119.943045289,51.39081777000018],[119.89529626500018,51.38397064200012],[119.90015384900005,51.37025055000004],[119.91271122300031,51.34963165300013],[119.91565677900007,51.33074391700018],[119.89188562000015,51.322553203000155],[119.88330733200019,51.31800567700009],[119.86062137900001,51.28901519800013],[119.85064782700022,51.284338481000134],[119.82884037300028,51.279713441000126],[119.81964196800016,51.27472666500017],[119.81623132400034,51.268990581000196],[119.80594771400035,51.24400502600008],[119.80941003500038,51.23261037200018],[119.8147843830003,51.22274017400014],[119.81499109000026,51.21589304600025],[119.802433716,51.21328338600017],[119.7723063560004,51.21847686800015],[119.76217777600027,51.21504038500012],[119.75814701300033,51.19902069200009],[119.78543217000038,51.171658021000155],[119.77282312100044,51.16269215900013],[119.76708703600025,51.15972076400004],[119.75814701300033,51.158015442000135],[119.76522668500024,51.14243499800011],[119.76171268800033,51.12817230200022],[119.75463301700017,51.11429718000022],[119.75070560700021,51.099982809000096],[119.74827681500017,51.08339467400009],[119.74083540900006,51.07153493200008],[119.72843306500022,51.064532776000135],[119.71039799000039,51.0624657190001],[119.71019128500029,51.0385395310002],[119.68321618700031,51.01606028300023],[119.60425459800035,50.97818145800011],[119.59402266400036,50.96955149400014],[119.5731970630004,50.945832011000164],[119.51795495600015,50.90480092400014],[119.33992699931036,50.637965676374506],[119.25089115500043,50.50451527900009],[119.36550948100023,50.31083201100023],[119.33155806500054,50.21734934500023],[118.99044193600037,49.97932769800025],[118.45584924400032,49.82863922100023],[117.87376591000054,49.513206279000315],[117.6740898193583,49.56354998042946],[117.47286014900021,49.61428538100017],[117.25292525200007,49.62245025600009],[117.05758833800019,49.672886454000206],[116.7223116460001,49.80166412400018],[116.68427779200022,49.8232648730002],[116.65337528500015,49.86383087200011],[116.61720178200017,49.89731720000003],[116.57544722500018,49.92176015300015],[116.30052860600017,49.9929702770001],[116.21763960800024,50.013847555000154],[116.13537072800011,50.014415996000025],[116.05361861200004,49.99844797800006],[115.75089807200015,49.884966533000124],[115.7162748620002,49.87778350899998],[115.68340865100015,49.877680156000054],[115.57819543400012,49.89364817300009],[115.50853560400014,49.88677520800013],[115.47298221900019,49.88708526600021],[115.45014123500005,49.89142608700013],[115.38781945900041,49.891064352000114],[115.36869917900003,49.895405172000096],[115.2101558840003,49.97167958599999],[115.06339481700013,50.077512920000174],[115.04964888500012,50.09084543900008],[115.02804813700027,50.11988759400009],[115.01523238200014,50.13285837800004],[114.99735233600029,50.14433054700021],[114.75374963400009,50.236211243000184],[114.65969852800015,50.251404114000195],[114.473043254,50.234040832999995],[114.42498417200011,50.241843974000005],[114.33300012300003,50.27233306900018],[114.2862846280002,50.27688059500002],[114.2000883390001,50.25621002200012],[114.11823287000004,50.224377340000046],[114.05529097500005,50.183811340000034],[114.03513716700013,50.17693837500008],[113.99327925600005,50.168670146000125],[113.97312544800002,50.1605052700001],[113.84982548000005,50.08071685800002],[113.83680301900017,50.07694447900013],[113.81582238800002,50.07689280200003],[113.77313765500014,50.08164703400007],[113.75226037600032,50.07859812400022],[113.57966109200004,50.019945374000145],[113.52788130700014,49.99281524700007],[113.51041467300001,49.981033020000154],[113.45853153600001,49.95726186200011],[113.44230513500008,49.94604807600007],[113.41553674400006,49.92238027000019],[113.212448365,49.82202463800013],[113.18268274000002,49.801974182000095],[113.15674117000015,49.777376201000095],[113.08749475100001,49.68740753200018],[113.07715946500002,49.669010722000166],[113.07416223200016,49.65335276300004],[113.07157841000003,49.617747701000155],[113.06082971200044,49.59599192300004],[113.04367313700016,49.588602194000146],[112.99282352700016,49.58715525400015],[112.96977583800015,49.583021139000095],[112.94734826700017,49.57609649700021],[112.92616093000015,49.56653635700002],[112.86807662000012,49.53165476600003],[112.77712609900016,49.50137237500013],[112.73371789600037,49.492794088000096],[112.70147180200001,49.491295472000104],[112.67139611900018,49.49594635000017],[112.5842696540002,49.52633209300012],[112.47326867800007,49.53413523400013],[112.43223758900024,49.529174297000054],[112.1264051510002,49.43994041000019],[112.03019494700015,49.41186879500003],[111.66101851400015,49.39636586500018],[111.61647343000004,49.38644399000003],[111.50350874800017,49.34706654900003],[111.47911747300003,49.34334584600009],[111.45451949100016,49.34308746400001],[111.42961145099997,49.346394755000006],[111.38506636600016,49.362259420000214],[111.36274214800011,49.36763376900018],[111.33845422400009,49.36473988900019],[111.32098759000019,49.355334778000156],[111.29173872900014,49.33078847200005],[111.27354862500016,49.32283030200011],[111.1385697840002,49.29156606000004],[110.9655570880002,49.20738515200014],[110.84101688700025,49.162426657000196],[110.73135949700008,49.137673645999996],[110.68805464700011,49.13452138300022],[110.64495650200007,49.13674347000017],[110.60361535700014,49.14532175699998],[110.50822066300003,49.184337464000066],[110.45127323500014,49.194569398000226],[110.43328983599997,49.20263092100015],[110.38223352000011,49.240044658000045],[110.3711747640001,49.241749980000066],[110.36104618400014,49.23461863200015],[110.34543990100019,49.22061431900022],[110.30936975100019,49.19586130800019],[110.26833866400017,49.17705108600012],[110.2250338140002,49.16537221300001],[110.18141890500021,49.161961569000084],[109.91311486800004,49.21368967700016],[109.83218957500014,49.22686716800007],[109.8177201740001,49.22774566700019],[109.7849573160002,49.25136179600008],[109.72852665200008,49.2664513150001],[109.51623986800018,49.255909323000196],[109.49184859200017,49.26278228799998],[109.47438195800021,49.269138489000056],[109.46983443300007,49.276631572000156],[109.46570031699997,49.29445994100013],[109.46208296700019,49.30045440700013],[109.45071415199999,49.305932109000196],[109.41123335800006,49.30319325800019],[109.39097619600017,49.309291077000125],[109.336302531,49.323347066000224],[109.31191125499998,49.33254547200016],[109.28669315600024,49.33853993800017],[109.1606026610001,49.34665313700009],[109.05802494400012,49.329083151000134],[109.0329618730002,49.327894592999996],[108.93048750800023,49.348823548000155],[108.8589673260002,49.3405553180001],[108.75106693500021,49.34117543600007],[108.60843998300004,49.323657126000114],[108.56997265300015,49.325718884000196],[108.53805668100011,49.327429505000055],[108.47366784700023,49.35641998300014],[108.33486495000022,49.43636342400015],[108.27714237500021,49.48251047800011],[108.26727217600023,49.49584299700001],[108.25952071100022,49.509640605000186],[108.25052901200013,49.52240468300022],[108.23636967000004,49.53248158800005],[108.20991133600006,49.540233053000065],[108.12645389900007,49.54715769400025],[108.10619673700018,49.554340719000095],[108.03266117300001,49.58932566300001],[108.01571130400009,49.60224477200006],[108.00527266500018,49.61779937700015],[108.00754642800007,49.633612366000136],[108.01581465700002,49.65572987900009],[108.0027921960002,49.66317128500009],[107.96289799000016,49.661104228000056],[107.93948856700007,49.66322296200019],[107.92744795800013,49.67004425100015],[107.92682784100003,49.68286000600011],[107.94935876500017,49.72063547800019],[107.95483646700023,49.73277943900018],[107.95576664300012,49.74554351799998],[107.95003055800004,49.78249216800003],[107.93235721900015,49.830292868000186],[107.9300317790001,49.851428528000156],[107.935509481,49.86662139900017],[107.94439782700022,49.88041900600001],[107.95261438000017,49.89747222900013],[107.95649011200021,49.92336212200007],[107.94651656100018,49.93349070300013],[107.89819909700009,49.93550608400017],[107.85096683800015,49.94604807600007],[107.83918461100023,49.94656484000018],[107.80792036900016,49.94387766600005],[107.78693973800011,49.9482184860002],[107.75050785300016,49.96558176700023],[107.74460414500015,49.967352880000135],[107.72932051600009,49.97193796900018],[107.36407149300015,49.97612376000001],[107.30485030200015,50.01002349900011],[107.2804073490002,50.007594706000134],[107.25487919199998,49.998913066],[107.22490686100014,49.997052714999995],[107.19219567900024,50.006044414000144],[107.16449711100012,50.01886016900011],[107.11462935499998,50.050486146000026],[107.100728393,50.05679067000011],[107.07029097500015,50.0662474570002],[107.05711348500012,50.07410227500014],[107.0484318440001,50.08464426699999],[107.0392334390001,50.10826039700021],[107.03360070800005,50.11880238800018],[107.02621097900015,50.12572703100017],[107.00605717000019,50.14019643199998],[106.99799564600016,50.149808248],[106.9826994230001,50.187118632000136],[106.97365604700025,50.19636871300014],[106.93644901600004,50.209132792000105],[106.788292684,50.291505026000095],[106.74617639200017,50.30742136700013],[106.65651778200021,50.327006735000055],[106.54820398000015,50.33579172800012],[106.439786825,50.327936910000176],[106.24486332200013,50.290264791000254],[106.22228072100012,50.29238352500022],[106.20119673699998,50.29972157800012],[106.16094079600015,50.319617005000055],[106.13530928600017,50.327110088000154],[106.0559342860002,50.33356964200016],[106.04818282100001,50.338117167000064],[106.04446211800013,50.346023661000004],[106.04327356000016,50.355532125000195],[106.04327356000016,50.3647822060002],[106.03893273900007,50.371396790000006],[105.98487919200011,50.39976715100005],[105.95805912300011,50.40359120700009],[105.9042122800002,50.40379791300012],[105.85470625800014,50.41092926000016],[105.80654382300014,50.424365133000094],[105.77925866800024,50.42891265900016],[105.63937056500015,50.42193634100022],[105.328640178,50.47645497700023],[105.27846236199997,50.47257924400009],[105.24073856600012,50.45800649100022],[105.13133955900008,50.39806182900014],[105.10575972600003,50.3900519820001],[105.07821618700024,50.38514272100008],[105.0501042080001,50.38348907500017],[104.93424564700013,50.39325592100022],[104.90158614100005,50.38979360000019],[104.87900354000021,50.38390248600001],[104.8184904380002,50.35832265300013],[104.78955163600011,50.35263824500021],[104.697050822,50.35320668600025],[104.67188440000018,50.34829742400012],[104.63245528200025,50.32375111900018],[104.61044112100018,50.31419097900016],[104.57695479300008,50.309488424000165],[104.47411869300015,50.313260803000105],[104.40580245000024,50.30054840100024],[104.37722538200012,50.2891795860001],[104.34950155100012,50.27186821999999],[104.32136316000015,50.25429799400018],[104.26896325700017,50.228873190000115],[104.24746586100014,50.20660064800006],[104.19811486900011,50.17001373300019],[104.12168542500018,50.148257955000076],[104.03951989800015,50.14117828400009],[103.97399418100002,50.14872304300002],[103.84542321800001,50.18468984000009],[103.78527185100018,50.18613678000008],[103.66806970300013,50.13120473300023],[103.60140710400009,50.13353017200018],[103.53391768400019,50.15378733400007],[103.47397302299999,50.182002665000084],[103.43872969600011,50.1925963340002],[103.40710371900019,50.197298889000194],[103.3065930580002,50.19042592400007],[103.276775757,50.197557272000154],[103.25310795100017,50.214972230000114],[103.24018884300006,50.244376120000084],[103.20168990100018,50.29698272700011],[103.13001469000022,50.30912668899998],[102.97410689300017,50.29563914000005],[102.92739139800017,50.30297719300012],[102.88713545800022,50.31496612600006],[102.762595256,50.37480743500021],[102.61952941500004,50.3990091500001],[102.61779789300016,50.39930206300011],[102.58658532800018,50.41527008100002],[102.51310144100012,50.50368845700007],[102.47186364800018,50.52492747000014],[102.4205010206926,50.52945080763135],[102.60766669493017,50.94022148280686],[102.97494965169551,50.958026188114275],[103.06452320804942,50.968775014876655],[103.07411264591099,50.97180325841185],[103.1404033137863,50.992737153530584],[103.1896989173975,51.0083041862498],[103.22731037122998,51.02018148746009],[103.24536224449253,51.02588207901658],[103.29546462628377,51.027552158409776],[103.38274752771895,51.03046158845757],[103.53089756519216,51.035399923039904],[103.54778406265314,51.034376498951644],[103.84498641796176,51.01636423499326],[103.89257563807854,51.01636423499343],[104.1876288028015,51.01636423499343],[104.66352100396756,51.08298914315668],[104.72062806810749,51.14961405131993],[104.72062806810749,51.24479249155314],[104.74836971136722,51.474240056603094],[104.85471732106083,51.66486233921046],[105.67325190706646,51.85521921967688],[106.03492997995266,52.264486512679696],[106.28239392455902,52.45484339314612],[106.75828612572508,52.60712889751926],[107.70055268403388,52.949771282358824],[108.21451626129323,53.44469917157153],[109.14726497557871,54.77719733483633],[109.55924130694973,55.76651457078589],[109.96561636080321,56.132549431226096],[110.0279302696186,56.150640566043535],[110.05812615867563,56.15940711447951],[110.07917425323734,56.16551785161022],[110.15937622003224,56.1735380482898],[110.2579713227384,56.18339755856039],[110.32644680971151,56.19024510725774],[110.40296297434105,56.197896723720646],[110.45988801417019,56.2035892277035],[110.46317704811173,56.203270934096395],[110.48407269980316,56.20124877425519],[110.62131205014231,56.18796754680284],[110.75494117889298,56.17503569563337],[110.9156520401682,56.171017924101534],[111.10995676096269,56.16616030608168],[111.13565493982583,56.16551785161005],[111.13984031097624,56.16660294783446],[111.22958572158757,56.189870276511556],[111.28290899894347,56.20369482989997],[111.39263672845567,56.23214275977347],[111.4778641680096,56.26776019719904],[111.62458289587505,56.329075486456304],[111.81457092093109,56.4084734670767],[111.84761661369316,56.42228360733543],[111.90433594912741,56.4459872102035],[112.03033227801734,56.49864239242646],[112.0902520850309,56.52990490043351],[112.3219506346594,56.65079110023959],[112.52658244507859,56.75755552306708],[112.6870635156265,56.841284777266026],[112.86098481943941,56.90698838092868],[113.06910794260568,56.985612671902516],[113.11536649667596,57.00308812566249],[113.31991655744321,57.071271479251436],[113.45800888151552,57.11730225394234],[113.45853252573409,57.11734471158172],[113.67064902502409,57.1345433466592],[113.81016911037841,57.145855786012305],[113.82998544178372,57.14360393017097],[113.83247206108672,57.14332135979549],[113.9337051666048,57.131817597804854],[114.22895424740454,57.09826656589553],[114.39839163449358,57.07303121037171],[114.67629291650064,57.03164165773228],[114.82054387446124,57.01852793428128]]]}},{"type":"Feature","properties":{},"geometry":{"type":"MultiPolygon","coordinates":[[[[156.65967858200065,77.08454010600053],[156.65333092500043,77.0841738950005],[156.51579837300028,77.08771393400036],[156.49170983200054,77.09821198100047],[156.5074975920004,77.11163971600047],[156.52881920700008,77.12107982000043],[156.5503035820002,77.12579987200053],[156.58863366000014,77.12555573100053],[156.63851972700047,77.1156680360005],[156.660980665,77.10761139500067],[156.66537519600035,77.10390859600045],[156.6730249360004,77.09540436400056],[156.67090905000055,77.08779531500045],[156.65967858200065,77.08454010600053]]],[[[149.25580062500046,76.63376798500047],[149.20009036800013,76.62680582400037],[149.04525350300014,76.6279470650004],[148.78531959700035,76.62936893700044],[148.59424833700075,76.62249342900037],[148.45220345500047,76.62333563700042],[148.43178885200075,76.62932582800033],[148.43718162100015,76.64154283800048],[148.46875551200037,76.6569377730005],[148.55983407100064,76.67185546500042],[148.6189091000001,76.68124204800051],[148.72357058800037,76.69766863100068],[148.78830556100047,76.7169616950004],[148.86673546000043,76.73399787000051],[148.9826557410006,76.73968770000056],[149.40035065200016,76.77020751700042],[149.4534965640006,76.76877913300035],[149.44397621200028,76.75049546700069],[149.3747131160004,76.73820157300042],[149.31556724700033,76.72439387300034],[149.2632183020006,76.71058331400047],[149.24739974400006,76.6915375780004],[149.23821753200025,76.66795754600054],[149.26200151700039,76.64519143200056],[149.25580062500046,76.63376798500047]]],[[[139.10962975400037,76.0968692080005],[139.55396569100026,76.0113792990004],[139.62427819100037,75.98582591400054],[139.7949324880002,75.97842031500039],[139.82545006600014,75.97003815300053],[139.88257897200003,75.9455020200005],[139.91163170700065,75.93744538000038],[139.8971460300005,75.92523834800056],[139.8776147800006,75.92658112200047],[139.8559676440001,75.93162669500043],[139.83578535200047,75.93060944200039],[139.8287866550006,75.9232445330004],[139.82927493600062,75.91421133000057],[139.8287866550006,75.90656159100058],[139.81910241000003,75.9032656920005],[139.7976180350006,75.90082428600044],[139.79135175900046,75.89447663000033],[139.7985945970006,75.88617584800045],[139.81690514400066,75.87783437700045],[139.89063561300065,75.86424388200032],[139.90414472700013,75.85936107000043],[139.93881269600047,75.84186432500059],[139.9560653000002,75.8358421900005],[140.1504012380003,75.80052317900038],[140.2599389980005,75.83112213700048],[140.3005477220005,75.82689036700049],[140.34343509200016,75.8167992210004],[140.48072350400037,75.8009300800004],[140.5095320970005,75.7904727230005],[140.53760826900054,75.77431875200034],[140.5459090500002,75.75551992400068],[140.46851647200003,75.70905182500053],[140.45630944100014,75.70465729400047],[140.45337975400048,75.7006289730005],[140.44629967500066,75.68130117400045],[140.44263756600049,75.6742617860005],[140.434906446,75.66445547100045],[140.43295332100024,75.65656159100047],[140.43832441500047,75.65021393400048],[140.45248457100013,75.64500560100055],[140.47584069100049,75.64032623900044],[140.67676842500055,75.62327708500038],[140.76563561300043,75.63129303600044],[140.9018660820003,75.6159121770005],[140.98650149800005,75.62067291900041],[141.03003991000026,75.63080475500044],[141.0622664720005,75.6500918640005],[141.0415145190002,75.65818919500032],[140.99642988400024,75.66925690300053],[140.97429446700016,75.6779645850005],[140.98975670700054,75.68610260600053],[140.9982202480005,75.68927643400042],[141.0078231130002,75.69106679900051],[140.97494550900012,75.70538971600047],[140.86443118600027,75.73883698100042],[140.89112389400066,75.76951732000043],[140.90528405000032,75.80890534100058],[140.90495853000039,75.84837474200037],[140.87875410200036,75.89691803600039],[140.8859155610004,75.91254303600033],[140.89820397200026,75.92877838700048],[140.904633009,75.94798411700043],[140.90544681100062,75.96820709800045],[140.90894616000037,75.98411692900049],[140.91724694100026,75.99823639500039],[140.9286134144985,76.00924202824586],[140.9326278000002,76.01312897300039],[140.96615644600024,76.03497955900048],[141.00098717500055,76.04743073100042],[141.03858483200054,76.0528832050004],[141.23096764400043,76.0570742860005],[141.29181561225732,76.04856144135334],[141.58521569100049,76.00751373900044],[141.6246850920005,76.01312897300039],[141.6071069670004,76.03017812700062],[141.51482181100062,76.05414459800056],[141.48536217500055,76.07265859600051],[141.47921409915045,76.07830301612876],[141.45655358200042,76.09910716400037],[141.44898522200003,76.10439687700045],[141.39722741000037,76.12531159100041],[141.3913680350006,76.12921784100047],[141.38868248800054,76.13385651200053],[141.3884383470005,76.13886139500045],[141.38965905000032,76.1427269550004],[141.3913680350006,76.14350006700039],[141.37273196700016,76.15363190300047],[141.32553144600035,76.17218659100035],[141.31006920700042,76.18447500200057],[141.36695397200037,76.18121979400053],[141.57706563367765,76.13353220626698],[141.59392337300017,76.12970612200047],[141.70215905000055,76.1209984400005],[141.9130965500002,76.06073639500056],[142.1456811860005,76.01190827000056],[142.42725670700065,75.91388580900053],[142.4697371750001,75.88401927300043],[142.48804772200015,75.87596263200044],[142.5468856130003,75.8629824890005],[142.92872155000043,75.83222077000033],[143.0588485040006,75.8068301450005],[143.2775171230005,75.81598541900041],[143.38559004000058,75.80707428600039],[143.35889733200054,75.83441803600044],[143.3839624360004,75.84625885600047],[143.58480879000047,75.8698184270005],[143.68580162900025,75.86269765800046],[143.78288821700028,75.84186432500059],[143.7880965500001,75.83812083500067],[143.7937117850006,75.83274974200043],[143.80225670700065,75.82904694200045],[143.8160913420005,75.8302676450005],[143.84799238400058,75.84056224200043],[143.85873457100058,75.84186432500059],[143.94711347700036,75.83478424700064],[144.19141686300054,75.76699453300051],[144.42359459700003,75.73672109600045],[144.60962975400025,75.69847239800049],[144.7048445970005,75.69847239800049],[144.72413170700054,75.69501373900039],[144.7373153000002,75.6864281270004],[144.7629500660006,75.66372304900045],[144.8098250660006,75.6442324890005],[145.17416425900012,75.60822174700047],[145.27637780000043,75.58344147300056],[145.36622155000043,75.54022858300038],[145.3845320970005,75.52631256700045],[145.39039147200026,75.51683177300043],[145.3808699880001,75.51227448100047],[145.26547285200036,75.52033112200053],[145.07195071700062,75.5006371110004],[144.9679468110005,75.47239817900049],[144.78248131600049,75.44692617400051],[144.72934004000058,75.43158600500038],[144.7116805350006,75.42039622600043],[144.69792728000004,75.40477122600043],[144.69597415500027,75.39923737200053],[144.69947350400048,75.39398834800033],[144.70215905000066,75.37909577000039],[144.6965438160006,75.36774323100053],[144.67237389400054,75.34910716400037],[144.66724694100049,75.34153880400049],[144.6777449880002,75.32782623900039],[144.69971764400066,75.32147858300044],[144.89380944100037,75.29230377800047],[144.94109134200062,75.27334219000045],[144.88917076900054,75.25804271000044],[144.76840254000012,75.2611758480005],[144.7213647800006,75.24603913000038],[144.72706139400054,75.22597890800046],[144.7208764980004,75.20050690300042],[144.7065535820003,75.17633698100042],[144.68816165500027,75.15997955900059],[144.66309655000055,75.15151601800045],[144.57699629000012,75.13776276200042],[144.49634850400048,75.11196523600057],[144.41773522200026,75.06903717700044],[144.37631269600047,75.05304596600047],[144.33122806100027,75.0467796900005],[144.1528426440001,75.04645416900047],[143.9985457690001,75.02496979400036],[143.9704695970005,75.02789948100053],[143.94581139400054,75.0346133480005],[143.8448999360005,75.05011627800053],[143.77759850400048,75.07599518400053],[143.7507430350006,75.08177317900049],[143.5158797540006,75.08730703300063],[143.41480553500048,75.06708405200038],[143.36060631600003,75.07111237200047],[143.25521894600047,75.09516022300056],[143.08253014400054,75.11082591400049],[143.04981530000032,75.12872955900059],[143.03589928500026,75.12592194200039],[142.98853600400048,75.13613515800063],[142.94516035200047,75.13373444200039],[142.8981225920005,75.14154694200056],[142.88445071700062,75.14679596600035],[142.87224368600005,75.15664297100057],[142.8713485040006,75.16185130400049],[142.872406446,75.16868724200049],[142.8727319670004,75.17454661700043],[142.85938561300065,75.18402741100044],[142.84392337300028,75.21588776200036],[142.83757571700016,75.22553131700045],[142.808929884,75.23281484600045],[142.74000084700015,75.23016998900039],[142.70777428500037,75.23859284100041],[142.70980879000058,75.2547875020004],[142.6755477220005,75.26727936400067],[142.66627037900003,75.28327057500047],[142.65951582100047,75.30878327000045],[142.6421004570002,75.31997304900057],[142.5905054050005,75.32786692900038],[142.53500410200036,75.34552643400036],[142.50700931100016,75.35980866100039],[142.49431399800028,75.37567780200038],[142.50033613400046,75.38617584800039],[142.52914472700047,75.41144440300042],[142.53589928500048,75.42723216400043],[142.5300399100006,75.43988678600033],[142.51880944100049,75.44586823100042],[142.51075280000055,75.45189036700043],[142.51539147200003,75.4650739600005],[142.534515821,75.47654857000043],[142.61988366000014,75.49046458500032],[142.62452233200054,75.49437083500044],[142.62745201900054,75.50682200700032],[142.63209069100003,75.5128848330005],[142.63738040500027,75.51605866100056],[142.7243758470005,75.5506859400005],[142.84693444100037,75.56134674700053],[143.01351972700058,75.60244375200051],[143.0349227220005,75.6176211610005],[143.04297936300054,75.64667389500056],[143.0011499360005,75.7079531920005],[142.90406334700026,75.72455475500038],[142.71485436300043,75.71149323100053],[142.70297285200047,75.71393463700059],[142.68482506600003,75.72589752800053],[142.67318769600047,75.73086172100051],[142.66016686300054,75.73297760600047],[142.61841881600049,75.7326113950005],[142.5149031910006,75.71893952000056],[142.33790123800065,75.72565338700048],[142.29004967500043,75.71149323100053],[142.32398522200003,75.71190013200038],[142.36646569100049,75.70648834800045],[142.40691165500004,75.69525788000044],[142.43409264400032,75.6779645850005],[142.41065514400043,75.66559479400047],[142.38135826900032,75.66181061400056],[142.06039472700058,75.6681989600005],[142.00831139400054,75.66372304900045],[142.02914472700024,75.65591054900045],[142.13257897200003,75.64769114800043],[142.18197675900046,75.63776276200053],[142.20687910200058,75.63580963700048],[142.1833602220006,75.62824127800053],[142.00831139400054,75.62274811400039],[142.0358179050006,75.61359284100058],[142.0690210300005,75.60700104400047],[142.1318465500001,75.60162995000047],[142.13965905000055,75.5951602230005],[142.12859134200005,75.58063385600036],[142.08725019600047,75.5446231140005],[142.08057701900066,75.53473541900047],[142.0831811860005,75.52594635600042],[142.09766686300054,75.51630280200044],[142.18702233200054,75.47134023600046],[142.16277103000004,75.42316315300047],[142.1560164720005,75.3993594420005],[142.16285241000003,75.37909577000039],[142.1998804050005,75.3488223330005],[142.4101668630001,75.2667503930005],[142.42660566500058,75.25218333500067],[142.4288843110005,75.23834870000053],[142.42546634200005,75.22500234600045],[142.42579186300043,75.21295807500053],[142.43946373800054,75.20311107000049],[142.53744550900012,75.17890045800033],[142.58033287900037,75.15973541900047],[142.61158287900025,75.12250397300045],[142.6041772800006,75.1156273460004],[142.62818444100003,75.09699127800047],[142.66871178500014,75.08795807500047],[142.8330184250002,75.07062409100047],[143.01295006600026,75.06513092700038],[143.24537194100049,75.02708567900055],[143.44800866000037,75.0058047550005],[143.55982506600003,75.01561107000032],[143.6145125660006,75.01113515800051],[143.66675866000026,74.98529694200033],[143.70777428500048,74.94745514500039],[143.69581139400054,74.93744538000061],[143.6682235040006,74.92999909100058],[143.46452884200016,74.90005117400045],[143.00342858200008,74.88214752800059],[142.92416425900012,74.89411041900053],[142.8971460300006,74.89093659100047],[142.84457441500047,74.8773867860005],[142.82129967500066,74.87641022300045],[142.78093509200016,74.89175039300068],[142.75863691500058,74.8959414730005],[142.71509850400003,74.89516836100069],[142.67969811300065,74.88987864800043],[142.6504012380001,74.8756778020005],[142.62525475400037,74.84813060100038],[142.6943465500002,74.85333893400048],[142.7140405610005,74.84813060100038],[142.67798912900037,74.83397044500043],[142.51400800900024,74.81736888200055],[142.35564212300028,74.82453034100064],[141.97413170700054,74.93378327000045],[141.97413170700054,74.94537995000053],[142.00928795700054,74.95530833500038],[142.08057701900066,74.96482982000049],[142.11703535200047,74.96360911700043],[142.19166100400014,74.95282623900056],[142.29542076900054,74.92279694200039],[142.33187910200047,74.92121002800036],[142.36451256600014,74.93065013200038],[142.34717858200065,74.9430606140005],[142.3261824880002,74.95172760600047],[142.24105879000047,74.97540924700053],[142.23731530000055,74.99103424700047],[142.1987410820002,75.00421784100047],[141.84376061300065,74.99896881700045],[141.67310631600014,74.96482982000049],[141.3711043630003,74.91950104400036],[141.1140242850006,74.91665273600057],[140.63754316500047,74.87543366100044],[140.54916425900046,74.87763092700038],[140.3513289720006,74.84007396000055],[140.06869550900024,74.82794830900065],[140.0078231130003,74.86237213700048],[139.99642988400035,74.87335846600064],[139.98406009200005,74.89374420800033],[139.97364342500032,74.90338776200048],[139.94906660200013,74.91095612200053],[139.89356530000055,74.91217682500036],[139.86996504000058,74.92381419500043],[139.8632918630001,74.93427155200055],[139.8561304050005,74.9569359400005],[139.84961998800065,74.96482982000049],[139.8234969410006,74.97089264500039],[139.7194116550005,74.96482982000049],[139.69646243600027,74.96845123900033],[139.65202884200062,74.98078034100047],[139.62427819100037,74.97846100500044],[139.4951278000001,74.94692617400057],[139.45850670700042,74.93065013200038],[139.48316491000048,74.92283763200038],[139.48178144600058,74.90648021000038],[139.4743758470006,74.88666413000038],[139.4802352220005,74.86859772300045],[139.5166121750002,74.85594310100038],[139.56430097700058,74.85814036700066],[139.61109459700015,74.87075429900034],[139.64478600400048,74.88910553600039],[139.63168379000035,74.87689850500033],[139.61939537900048,74.87091705900048],[139.59009850400003,74.86237213700048],[139.5620223320002,74.84552643400048],[139.5441186860005,74.82444896000038],[139.52857506600014,74.80166250200045],[139.50318444100003,74.7755394550004],[139.50049889400032,74.77179596600052],[139.4962671230004,74.76756419500043],[139.49200155259985,74.76532692831205],[139.43093057491797,74.7332955582595],[139.34343509200028,74.68740469000045],[139.23585045700054,74.66242096600047],[139.1272078790006,74.65228913000055],[139.01596113400035,74.65753815300047],[138.8156030610005,74.7140567080005],[138.49065188900045,74.74512360250827],[138.1657007170005,74.77619049700041],[138.11378014400043,74.79035065300053],[138.0632430350006,74.79612864800032],[137.89527428500048,74.84617747600049],[137.87029056100062,74.8605003930005],[137.8473413420004,74.88206614800043],[137.82837975400003,74.90680573100042],[137.81478925900046,74.93065013200038],[137.81169681100062,74.94424062700034],[137.8115340500002,74.9557152360004],[137.8076278000002,74.96580638200044],[137.79379316500058,74.97540924700053],[137.65137780000043,75.02277252800047],[137.43279056100016,75.05044179900057],[137.14909915500039,75.13422272300039],[137.13412519600035,75.14154694200056],[137.10173587300017,75.17023346600052],[137.08545983200054,75.18085358300038],[137.03402754000047,75.20502350500038],[136.94166100400048,75.26349518400053],[136.9099227220006,75.27334219000045],[136.9220483730005,75.2975121110004],[136.92579186300054,75.30971914300056],[136.92432701900054,75.32050202000039],[136.91244550900035,75.33038971600047],[136.87476647200037,75.3495140650005],[136.86215254000012,75.36204661700043],[136.98161868600062,75.38865794500049],[137.03931725400048,75.38800690300059],[137.1176863940001,75.3432070980005],[137.15170332100047,75.33608633000051],[137.25375410200047,75.33637116100039],[137.37623131600014,75.35040924700053],[137.40154056100027,75.35724518400048],[137.42237389400043,75.36981842700044],[137.43067467500055,75.38934967700033],[137.42025800900058,75.40713125200051],[137.39730879000058,75.41718170800038],[137.34880618600027,75.42413971600035],[137.27613366000003,75.42548248900039],[137.2048445970005,75.41669342700055],[137.16065514400032,75.40574778900032],[137.1433211600006,75.41022370000042],[137.12907962300005,75.4303653020005],[137.14454186300043,75.43650950700044],[137.14551842500032,75.4506289730005],[137.14869225400003,75.46482982000055],[137.17074629000047,75.47134023600046],[137.30103600400048,75.47134023600046],[137.28711998800054,75.48460521000038],[137.26171028166414,75.50423638521966],[137.26099694100003,75.50478750200051],[137.24577884200005,75.5128848330005],[137.20492597700047,75.5280215520005],[137.18384850400025,75.53949616100039],[137.18067467500066,75.5507266300005],[137.18628991000048,75.55707428600061],[137.18848717500055,75.56093984600051],[137.18930097700047,75.56403229400058],[137.19117272200026,75.56818268400059],[137.19166100400025,75.5738792990004],[137.1892195970005,75.5766055360005],[137.19109134200028,75.5802676450005],[137.2048445970005,75.58860911700043],[137.22803795700065,75.59300364800049],[137.27955162900048,75.59137604400047],[137.29363040500016,75.60162995000047],[137.26563561300054,75.60797760600042],[137.22388756600037,75.63666413000038],[137.20142662900048,75.64325592700055],[137.1853133470005,75.64484284100058],[137.15512129000012,75.65167877800053],[137.14014733200054,75.65281810100038],[137.15202884200005,75.66010163000055],[137.159515821,75.66876862200036],[137.16163170700065,75.67902252800042],[137.15699303500048,75.69106679900051],[137.13949629000047,75.69928620000047],[137.08033287900048,75.71458567900044],[137.06763756600049,75.72577545800056],[137.15056399800017,75.76300690300047],[137.1589461600006,75.76874420800044],[137.17432701900054,75.78241608300038],[137.1837671230005,75.78725820500046],[137.19849694100049,75.78961823100047],[137.33301842500055,75.79116445500034],[137.41651451900066,75.77415599200037],[137.58838951900066,75.77358633000051],[137.69068444100026,75.74567291900047],[137.71794681100016,75.74384186400039],[137.73292076900066,75.74510325700055],[137.74268639400032,75.74909088700048],[137.74431399800017,75.75433991100044],[137.74048912900048,75.75897858300038],[137.73511803500037,75.76390208500044],[137.73243248800065,75.76984284100047],[137.70972741000026,75.78839752800047],[137.60141035200058,75.80931224200043],[137.56446373800054,75.82510000200057],[137.53402754000058,75.84568919500032],[137.4619246750002,75.86855703300063],[137.43197675900024,75.88727448100047],[137.42318769600035,75.9101016300005],[137.41651451900066,75.9391136740004],[137.41431725400014,75.94086334800039],[137.43295332100013,75.95319245000053],[137.71192467500066,76.01312897300039],[137.92408287900025,76.01703522300045],[138.0275171230004,76.03192780200033],[138.11597741000048,76.07526276200048],[138.11060631600037,76.08128489800049],[138.10279381600037,76.08490631700039],[138.09278405000066,76.0865746110004],[138.08130944100026,76.08649323100042],[138.0781356130002,76.0848656270004],[138.01189212300005,76.06932200700055],[137.97266686300054,76.05414459800056],[137.97982832100047,76.06281159100047],[137.99488366000048,76.06777578300051],[138.04566491000048,76.08515045800056],[138.06674238400024,76.08763255400044],[138.08920332100024,76.09096914300056],[138.13803144600024,76.11884186400056],[138.2136530910601,76.13098981580202],[138.3766382170005,76.15717194200033],[138.35027103000004,76.15021393400053],[138.3383895190001,76.1452090520005],[138.32829837300062,76.13605377800042],[138.3452254570002,76.1240095070005],[138.36353600400025,76.11570872600049],[138.37818444100026,76.10659414300034],[138.39161217500043,76.07387929900051],[138.4099227220005,76.06484609600051],[138.4321395190001,76.06338125200045],[138.45167076900043,76.06777578300051],[138.44613691500024,76.07835521000038],[138.45297285200047,76.08974844000033],[138.46631920700008,76.10032786700054],[138.47966556100027,76.10871002800053],[138.4742944670005,76.11172109600045],[138.4643660820003,76.11985911700049],[138.45923912900003,76.12299225500033],[138.4924422540006,76.15973541900041],[138.5102645190002,76.17523834800033],[138.5327254570002,76.18610260600059],[138.79078209750833,76.2125918640005],[139.04883873800043,76.23908112200036],[139.00814863400046,76.22809479400053],[138.9282332690001,76.2216657570005],[138.89730879000047,76.21873607000049],[138.91944420700065,76.21662018400053],[138.96078535200058,76.20693594000062],[138.96631920700042,76.20164622600043],[138.9635522800005,76.19464752800047],[138.9591577480004,76.18646881700045],[138.95948326900054,76.1776797550005],[138.97535241000026,76.15778229400041],[138.99512780000055,76.14451732000043],[139.10962975400037,76.0968692080005]]],[[[152.82504316500012,76.08881256700045],[152.77344811300043,76.08340078300051],[152.7041121750002,76.09398021000038],[152.58415774800017,76.12592194200039],[152.5548608730005,76.13934967700038],[152.56983483200054,76.15241120000059],[152.62045332100035,76.16941966400049],[152.70980879,76.1866722680005],[152.8292749360005,76.19619375200051],[152.84945722700036,76.19578685100049],[152.87769616000014,76.19122955900053],[152.8740340500001,76.18089427300038],[152.86353600400003,76.16632721600041],[152.87525475400048,76.15135325700038],[152.88591556100005,76.14492422100045],[152.8907983730005,76.13446686400039],[152.88428795700065,76.11611562700034],[152.8571883470005,76.10126373900056],[152.82504316500012,76.08881256700045]]],[[[135.84449303500048,75.38263580900048],[135.45004316500058,75.37567780200038],[135.44971764400054,75.39443594000045],[135.45508873800065,75.4076602230005],[135.45883222700036,75.42129140800046],[135.4537866550005,75.43402741100039],[135.45118248800054,75.44745514500067],[135.4615991550005,75.4620628930005],[135.47836347700024,75.47386302300038],[135.51579837300028,75.48403554900057],[135.52833092500055,75.49677155200055],[135.54623457100024,75.52716705900042],[135.59408613400035,75.56818268400059],[135.58838951900054,75.59739817900038],[135.55225670700042,75.64809804900045],[135.53939863400058,75.6779645850005],[135.55274498800065,75.68162669500049],[135.56511478000027,75.68797435100043],[135.5879012380002,75.70465729400047],[135.58366946700028,75.7101097680004],[135.5782983730005,75.72052643400036],[135.57349694100014,75.72577545800056],[135.58562259200005,75.73029205900042],[135.59400475400037,75.73607005400038],[135.60775800900012,75.75250885600059],[135.6041772800005,75.7588565120007],[135.6027124360005,75.76434967700055],[135.60474694100003,75.76984284100047],[135.61101321700016,75.77521393400053],[135.61687259200062,75.77680084800039],[135.6228133470005,75.77732982000043],[135.6567488940001,75.79287344000045],[135.67107181100016,75.8016625020004],[135.6772567070003,75.81085846600047],[135.6772567070003,75.81997304900045],[135.67798912900025,75.82575104400058],[135.67994225400003,75.83002350500033],[135.68409264400066,75.83441803600044],[135.6782332690002,75.85976797100045],[135.6931258470005,75.86933014500045],[135.7085067070002,75.86481354400041],[135.70394941500024,75.84808991100039],[135.73601321700005,75.82583242400057],[135.78052819100049,75.80524323100047],[135.81641686300054,75.78058502800047],[135.82129967500055,75.74567291900047],[135.83838951900032,75.74022044500049],[135.8471785820002,75.72606028900043],[135.85401451900066,75.71141185100055],[135.86475670700054,75.70465729400047],[135.88672936300065,75.69936758000046],[135.93279056100027,75.67593008000051],[135.95753014400043,75.67055898600034],[135.9860132170005,75.66864655200038],[136.05567467500055,75.65570709800039],[136.10645592500066,75.63898346600047],[136.1601668630001,75.62962474200043],[136.1843367850006,75.6159121770005],[136.168304884,75.60089752800047],[135.99138431100005,75.52716705900042],[135.95932050900046,75.50202057500047],[135.96713300900024,75.47947825700044],[135.9975692070002,75.46002838700036],[136.0329695970005,75.44403717700067],[136.0133569670005,75.42890045800067],[135.9834090500001,75.41718170800038],[135.84449303500048,75.38263580900048]]],[[[136.98121178500026,75.61652252800047],[136.9702254570002,75.60968659100052],[136.98462975400048,75.62164948100036],[137.01270592500055,75.62978750200057],[137.05990644600024,75.64077383000046],[137.07113691500024,75.64325592700055],[137.08350670700054,75.64325592700055],[137.13135826900066,75.65241120000053],[137.13990319100014,75.65281810100038],[137.11158287900037,75.64280833500067],[136.98121178500026,75.61652252800047]]],[[[137.08130944100037,75.56818268400059],[137.05453535200002,75.56801992400045],[137.0251570970006,75.57160065300053],[136.9973250660006,75.57933177300055],[136.9751082690001,75.5917422550005],[136.96998131600049,75.5971133480005],[136.96762129000047,75.60179271000044],[136.96794681100005,75.6059431010006],[136.96981855600052,75.60903554900068],[136.9698999360005,75.60781484600045],[136.9698999360005,75.60578034100064],[136.9702254570002,75.6037458350005],[136.97144616000048,75.60162995000047],[136.99203535200024,75.58832428600039],[137.05681399800017,75.5783145200005],[137.08130944100037,75.56818268400059]]],[[[146.72950280000055,75.48822663000033],[146.70346113400046,75.48480866100044],[146.68197675900035,75.48493073100059],[146.68637129000047,75.47504303600039],[146.688812696,75.47134023600046],[146.6421004570002,75.44769928600033],[146.63428795700065,75.43773021000044],[146.64283287900014,75.42316315300047],[146.6647241550006,75.41596100500055],[146.7094832690002,75.40985748900039],[146.7282007170005,75.40241120000059],[146.77076256600049,75.37567780200038],[146.79672285200058,75.3663597680005],[147.15503991000037,75.33637116100039],[147.2165633470005,75.34613678600044],[147.32545006600026,75.34983958500067],[147.34742272200026,75.35521067900044],[147.3116968110005,75.37482330900048],[147.2627059250001,75.37506745000053],[147.16814212300017,75.36204661700043],[147.19263756600037,75.38117096600052],[147.23064212300028,75.39630768400042],[147.27165774800062,75.40631745000047],[147.35027103000039,75.40985748900039],[147.36133873800065,75.40835195500051],[147.36133873800065,75.40460846600047],[147.3581649100006,75.40029531500039],[147.3605249360005,75.39679596600047],[147.37818444100049,75.39264557500036],[147.43620853000004,75.38934967700033],[147.4215600920004,75.40643952000045],[147.3921004570003,75.41738515800034],[147.33318118600062,75.4303653020005],[147.37387129000024,75.4403750670005],[147.6862085300005,75.44208405200044],[147.83855228000039,75.41909414300045],[148.12313886850802,75.42009105050829],[148.40772545700065,75.4210879580005],[148.54712975400014,75.38556549700058],[148.5800887380002,75.3825137390005],[148.5527449880003,75.34674713700059],[148.54281660200013,75.34153880400049],[148.52507571700005,75.33783600500044],[148.45728600400014,75.31085846600041],[148.4445093110005,75.2872988950005],[148.47982832100047,75.26581452000039],[148.5603133470005,75.23859284100041],[148.55420983200065,75.22736237200053],[148.55762780000066,75.22235748900056],[148.6103621750002,75.21552155200044],[148.67286217500032,75.22451406500045],[148.70362389400066,75.22553131700045],[148.78492272200037,75.21873607000032],[148.8999129570002,75.22272370000042],[148.94662519600035,75.23822663000055],[149.12680097700036,75.26862213700048],[149.46100236600012,75.25425853032857],[149.79520375500044,75.2398949236723],[150.12940514400066,75.22553131700045],[150.17481530000055,75.21287669500038],[150.19629967500055,75.20221588700042],[150.21469160200058,75.18699778900054],[150.2138778000002,75.17719147300045],[150.1980086600006,75.16966380400066],[150.17758222700047,75.16323476800056],[150.163422071,75.15664297100057],[150.21306399800028,75.16840241100044],[150.26644941500047,75.16571686400039],[150.41749108200054,75.13458893400036],[150.56080162900048,75.12872955900059],[150.53891035200002,75.11896393400042],[150.49187259200062,75.10960521000055],[150.47136478000004,75.10138580900036],[150.50025475400014,75.09446849200049],[150.53541100400003,75.09568919500049],[150.63282311300065,75.11652252800036],[150.64828535200058,75.12335846600041],[150.66041100400025,75.13239166900041],[150.66521243600016,75.14158763200055],[150.66488691500047,75.14899323100053],[150.6657820970005,75.15501536700054],[150.67367597700002,75.15997955900059],[150.70964603000027,75.1668968770004],[150.82764733200054,75.16339752800053],[150.86036217500055,75.16229889500045],[150.92676842500032,75.15208567900044],[150.95801842500055,75.14232005400055],[150.91016686300054,75.13955312700034],[150.8586531910006,75.12567780200044],[150.8122664720005,75.10301341400049],[150.77979576900032,75.07404205900048],[150.78736412900037,75.06728750200034],[150.77003014400066,75.05296458500038],[150.70476321700062,75.03245677300032],[150.70476321700062,75.02252838700042],[150.7024031910006,75.01813385600053],[150.69654381600049,75.01805247600038],[150.68962649800062,75.01927317900038],[150.6836043630002,75.01886627800036],[150.6540633470006,75.0078799500007],[150.64649498800054,75.00238678600039],[150.65137780000066,74.99070872600049],[150.67359459700003,74.9776065120007],[150.69068444100049,74.95978424700053],[150.68051191500012,74.93378327000045],[150.64527428500026,74.90664297100045],[150.60922285200013,74.89350006700045],[150.20256595100045,74.84931061400056],[149.79590905000032,74.80512116100033],[149.77247155000066,74.79661692900049],[149.72901451900066,74.76959870000047],[149.71753991000026,74.76557038000038],[149.29371178500026,74.77204010600047],[149.20899498800043,74.75800202000033],[148.8633732433285,74.77317942900049],[148.51775149867228,74.78835683800048],[148.17212975400048,74.80353424700047],[147.85320071700005,74.88800690300053],[147.80160566500035,74.90859609600045],[147.7487899100006,74.91608307500047],[147.7236434250002,74.92381419500043],[147.73047936300054,74.93065013200038],[147.66382897200015,74.95343659100041],[147.51832116000048,74.9711774760006],[147.3151147800006,74.97345612200047],[147.0879012380003,75.00519440300042],[146.95582116000003,75.05418528900049],[146.6484481130003,75.12840403900032],[146.21802819100014,75.17633698100042],[146.1196395190002,75.20502350500038],[146.10230553500048,75.21352773600051],[146.08073978000039,75.22736237200053],[146.07178795700054,75.24030182500042],[146.11060631600037,75.25120677300049],[146.14307701900054,75.27423737200047],[146.15796959700015,75.27952708500055],[146.17286217500055,75.29071686400044],[146.18091881600049,75.31614817900066],[146.18376712300017,75.34398021000032],[146.18238366000037,75.36204661700043],[146.16781660200047,75.38605377800042],[146.1686304050006,75.39618561400044],[146.1892195970005,75.39492422100045],[146.21273847700058,75.38971588700059],[146.2389429050005,75.38776276200042],[146.26392662900048,75.39134349200037],[146.2849227220006,75.40302155200044],[146.25635826900054,75.41474030200038],[146.25074303500026,75.4252383480005],[146.26384524800005,75.43667226800045],[146.2916772800006,75.45148346600047],[146.31959069100014,75.4594587260006],[146.37907962300017,75.46295807500047],[146.407074415,75.47134023600046],[146.3742781910006,75.48460521000038],[146.35043379000047,75.50067780200044],[146.34148196700062,75.52265045800038],[146.3530379570002,75.55390045800056],[146.38917076900032,75.5851504580005],[146.4362085300006,75.59674713700053],[146.48633873800054,75.59438711100046],[146.66309655000032,75.55560944200033],[146.6721297540006,75.54954661700043],[146.68392988400012,75.53196849200043],[146.69418379000024,75.52521393400036],[146.77076256600049,75.50674062700034],[146.75391686300054,75.49542877800047],[146.72950280000055,75.48822663000033]]],[[[116.05298912900048,74.28522370000053],[116.00562584700003,74.28485748900033],[115.95826256600049,74.2902285830005],[115.92009524800051,74.30003489800032],[115.89820397200026,74.30206940300053],[115.88998457100035,74.30369700700038],[115.8922632170005,74.30630117400045],[115.88575280000066,74.32363515800046],[115.89877363400024,74.34259674700053],[115.9206649100006,74.3590355490004],[115.94125410200047,74.36896393400036],[115.98072350400048,74.37750885600042],[116.02279707100047,74.37836334800039],[116.06332441500047,74.3709984400005],[116.09831790500061,74.35468170800067],[116.11654707100024,74.33934153900049],[116.12484785200013,74.32322825700044],[116.11817467500043,74.30744049700047],[116.09148196700039,74.29262929900034],[116.05298912900048,74.28522370000053]]],[[[140.54509524800028,73.91583893400042],[140.43775475400014,73.90843333500044],[140.32667076900054,73.93862539300045],[140.19836211700033,74.02558188400042],[140.16471625500049,74.07063819000052],[140.16757677725525,74.08227464988136],[140.17277571900036,74.10342368200054],[140.17797489900022,74.15436468500036],[140.1931361750003,74.19069773600052],[140.2218888280005,74.22008231800038],[140.34990002600046,74.25421572500045],[140.62067472049273,74.26536587150821],[140.89144941500047,74.2765160180004],[140.97925866000048,74.26333242400057],[141.05836022200003,74.23444245000047],[141.10401451900066,74.18402741100044],[141.11011803500014,74.17035553600033],[141.11264082100024,74.16608307500042],[141.0978296230005,74.14923737200041],[141.08627363400046,74.13983795800038],[141.07536868600062,74.13312409100047],[141.07113691500047,74.12506745000042],[141.08008873800054,74.11172109600051],[141.0820418630003,74.10610586100051],[141.07781009200062,74.10244375200045],[141.07195071700016,74.09894440300036],[141.06983483200042,74.09398021000038],[141.07252037900014,74.08974844000039],[141.0817163420005,74.08250560100055],[141.08350670700065,74.07721588700059],[141.08106530000066,74.06460195500051],[141.07471764400054,74.06000397300039],[141.06617272200037,74.05646393400048],[141.05681399800017,74.04682038000033],[141.05396569100049,74.03839752800047],[141.05298912900048,74.02114492400045],[141.04867597700024,74.01211172100045],[141.0377710300005,74.00385163000044],[141.03371562675136,74.00229772140631],[140.98796634200062,73.98476797100057],[140.94076582100013,73.97675202000033],[140.8435164720005,73.97650788000038],[140.79615319100037,73.97044505400055],[140.74341881600037,73.95233795800038],[140.723968946,73.95001862200053],[140.67400149800017,73.94928620000047],[140.6247664720005,73.94318268400048],[140.56332441500035,73.9193789730005],[140.54509524800028,73.91583893400042]]],[[[135.74512780000055,74.17039622600032],[135.8684188160006,74.13873932500053],[135.91342207100035,74.13328685100043],[135.95728600400048,74.11513906500056],[136.01075280000066,74.1034610050005],[136.02613366000037,74.09772370000053],[136.11475670700054,74.04682038000033],[136.21631920700008,74.01422760600047],[136.26270592500032,73.98899974200049],[136.25896243600062,73.9574649110005],[136.26978600400003,73.93162669500049],[136.2483016290006,73.9120954450006],[136.21338951900066,73.89972565300047],[136.17400149800017,73.8935407570005],[136.16773522200003,73.88914622600043],[136.16285241000048,73.88373444200045],[136.15609785200047,73.87889232000038],[136.14616946700062,73.87710195500051],[136.13526451900032,73.87921784100041],[136.08073978000016,73.89817942900044],[136.0661727220005,73.90729401200059],[136.0603133470005,73.9195824240004],[136.0416772800005,73.93805573100042],[135.73267662900003,74.0412051450005],[135.70655358200065,74.0556501320005],[135.6858016290006,74.07453034100041],[135.6772567070003,74.09772370000053],[135.66016686300054,74.11017487200047],[135.55298912900037,74.1510277360004],[135.51417076900066,74.15517812700034],[135.4753524100006,74.15497467700038],[135.43930097700002,74.16111888200044],[135.40919030000043,74.18402741100044],[135.39128665500039,74.23456452000045],[135.38062584700026,74.24420807500053],[135.35401451900032,74.25910065300047],[135.3855086600006,74.25910065300047],[135.40088951900054,74.25702545800067],[135.45167076900032,74.2426211610005],[135.58952884200005,74.23505280200038],[135.74512780000055,74.17039622600032]]],[[[124.58594811300054,73.91583893400042],[124.63331139400043,73.91014232000038],[124.65699303500048,73.90277741100039],[124.66065514400032,73.89199453300046],[124.62956790500004,73.87225983300044],[124.51417076900032,73.84137604400047],[124.50668379000058,73.84137604400047],[124.48658287900048,73.8524844420005],[124.46273847700047,73.85663483300044],[124.43824303500003,73.85516998900056],[124.41578209700037,73.84955475500044],[124.39047285200047,73.84662506700033],[124.36915123800065,73.8537051450005],[124.34937584700026,73.86322663000061],[124.32829837300051,73.86806875200045],[124.31202233200065,73.86896393400048],[124.2961531910006,73.87262604400058],[124.28785241000003,73.88092682500042],[124.29444420700054,73.89541250200034],[124.3125106130002,73.90424225500044],[124.35694420700054,73.90501536700043],[124.3764754570002,73.91583893400042],[124.36255944100049,73.91535065300064],[124.3488061860005,73.9164492860005],[124.3349715500002,73.91913483300056],[124.32178795700042,73.92328522300056],[124.38103274800051,73.9393985050005],[124.5756942070002,73.95001862200053],[124.4860132170005,73.9352481140005],[124.45883222700058,73.92328522300056],[124.58594811300054,73.91583893400042]]],[[[142.27377363400046,73.86570872600043],[142.48113040500073,73.84760163000044],[142.58277428500048,73.82534414300045],[142.88355553500048,73.71059804900045],[142.9269311860005,73.70416901200042],[142.9450789720005,73.6994489600005],[143.00912519600047,73.6657168640005],[143.03028405000043,73.65888092700055],[143.1533309250001,73.64240143400048],[143.40723717500066,73.54279205900048],[143.43751061300065,73.52204010600036],[143.48373457100013,73.4801292990004],[143.53695722700047,73.44354889500045],[143.4669702480005,73.41290924700053],[143.4409285820003,73.40875885600059],[143.4492293630002,73.39630768400048],[143.4519149100006,73.38397858300044],[143.45240319100026,73.37213776200048],[143.45460045700065,73.36098867400045],[143.45883222700036,73.35809967700038],[143.46583092500043,73.35724518400048],[143.4721785820002,73.35394928600044],[143.47494550900058,73.3438988300004],[143.47413170700054,73.33746979400047],[143.4728296230005,73.33274974200037],[143.47266686300054,73.32782623900039],[143.47494550900058,73.32062409100047],[143.5171004570002,73.27838776200053],[143.53834069100049,73.25177643400048],[143.5651133280005,73.23115028900054],[143.52628679200018,73.20780655700048],[143.50680943067778,73.20464861233916],[143.40655699000058,73.18839427200055],[143.1749450690005,73.17658021600045],[142.75718066500008,73.22086551000052],[142.53828165300047,73.21383151300057],[142.3439267570003,73.23523862200051],[142.2185031470001,73.24045947500053],[141.84103014000027,73.27010924100045],[141.51243479500056,73.2993517090004],[141.308647103,73.33072879000048],[141.26656507221116,73.33714407782219],[141.04863392700054,73.37036707100043],[140.78862075100028,73.4100053520005],[140.5026540510005,73.40544238800044],[140.28870286600034,73.38317323300055],[140.22387455711282,73.36509963335664],[140.15960833900033,73.3471827400005],[139.96510000300043,73.32656662500045],[139.8166959390004,73.33906922000045],[139.78649522400053,73.36952378100045],[139.78517854797235,73.37283599290998],[139.76708783100025,73.41834474900048],[139.90651849700066,73.47102948500043],[140.0805057300006,73.45866971300046],[140.23487389400054,73.4522972680005],[140.49330243900056,73.4850439160005],[140.62671959700037,73.56195709800033],[140.65992272200003,73.57998281500045],[140.6897078790007,73.60394928600061],[140.7119246750001,73.63206614800049],[140.73194420700042,73.65277741100061],[140.7921655610004,73.70026276200053],[140.80941816500012,73.71727122600038],[140.84009850400048,73.7550723330005],[140.8663843110005,73.77977122600032],[140.89918053500048,73.8014590520005],[140.9347436860004,73.81928131700045],[141.12720787900048,73.88165924700064],[141.16602623800077,73.88231028900049],[141.16391035200036,73.87848541900058],[141.17025800900012,73.87689850500033],[141.1809188160006,73.87579987200047],[141.20777428500014,73.8693301450005],[141.36801191500024,73.86383698100036],[141.54012289274,73.89589929160582],[141.5947371750001,73.90607330900042],[141.60129040407708,73.90622604008615],[142.04517662900014,73.91657135600047],[142.27377363400046,73.86570872600043]]],[[[124.38672936300031,73.79096100500044],[124.37029056100005,73.78611888200044],[124.42847741000026,73.78652578300046],[124.48633873800009,73.77871328300046],[124.49537194100049,73.7748070330004],[124.51148522200049,73.76349518400048],[124.52035566500047,73.75885651200036],[124.53199303500003,73.75576406500056],[124.56869550900012,73.7513695330004],[124.61158287900037,73.7374535180005],[124.63135826900066,73.73631419500049],[124.6584578790006,73.74323151200053],[124.67741946700062,73.74591705900048],[124.69548587300062,73.74213288000044],[124.70329837300017,73.73240794500038],[124.69174238400024,73.71723053600039],[124.72592207100058,73.70840078300034],[124.8562117850006,73.7240664730005],[124.84888756600026,73.71271393400059],[124.84424889400066,73.70844147300033],[124.83570397200049,73.70416901200042],[124.85108483200054,73.6976992860005],[124.87037194100037,73.69350820500057],[124.90772545700042,73.6905785180004],[124.91146894600001,73.68732330900042],[124.92269941500001,73.67206452000045],[124.92994225400048,73.66718170800038],[124.95150800900058,73.66474030200055],[124.9697371750002,73.67035553600044],[124.9797469410006,73.67625560100038],[124.97543379000001,73.66640859600034],[124.98975670700008,73.64411041900041],[124.98658287900003,73.62787506700056],[125.0146590500002,73.6295840520005],[125.04330488400046,73.64101797100034],[125.05909264400054,73.65965403900043],[125.04802493600027,73.6830915390006],[125.07309004000001,73.68789297100045],[125.10271243600005,73.68610260600042],[125.12720787900025,73.68817780200033],[125.13746178500037,73.70416901200042],[125.1386824880002,73.69212474200043],[125.14503014400032,73.68280670800038],[125.15447024800051,73.67527903900043],[125.1652938160006,73.6688500020004],[125.16138756600049,73.66592031500039],[125.1510522800005,73.65574778900049],[125.16586347700058,73.65086497600038],[125.18116295700008,73.64891185100049],[125.21241295700054,73.64891185100049],[125.1960555350006,73.63401927300038],[125.17774498800054,73.62164948100042],[125.18921959700003,73.6161563170005],[125.20167076900032,73.61432526200059],[125.2138778000002,73.6161563170005],[125.21094811300054,73.61546458500044],[125.19312584700049,73.60309479400041],[125.17798912900003,73.58885325700061],[125.1715600920005,73.57729726800056],[125.17937259200028,73.55853913000033],[125.19752037900037,73.55093008000046],[125.21810957100013,73.55390045800038],[125.23292076900066,73.56704336100046],[125.24626712300051,73.54401276200048],[125.28679446700005,73.53912995000042],[125.33350670700054,73.55198802300055],[125.3649194670005,73.58270905200033],[125.36361738400046,73.57444896000044],[125.36557050900046,73.56879303600033],[125.37191816500047,73.56427643400042],[125.38379967500009,73.5595563820005],[125.39893639400009,73.55560944200039],[125.4099227220006,73.5560570330004],[125.41993248800065,73.56004466400037],[125.43213951900054,73.56704336100046],[125.43604576900054,73.57001373900039],[125.43962649800017,73.57387929900045],[125.46290123800009,73.57103099200043],[125.4758406910006,73.55947500200051],[125.47396894600058,73.54804108300044],[125.45264733200065,73.54588450700038],[125.47559655000032,73.54083893400042],[125.55502363400058,73.54588450700038],[125.63021894600024,73.53461334800045],[125.65186608200054,73.52545807500047],[125.64356530000043,73.52106354400041],[125.62330162900048,73.50495026200053],[125.64437910200036,73.50495026200053],[125.64437910200036,73.49811432500059],[125.53825931100005,73.47451406500045],[125.52100670700031,73.4571800800004],[125.5319930350006,73.43968333500032],[125.57496178500014,73.4230003930004],[125.56251061300054,73.40875885600059],[125.59571373800054,73.41038646000038],[125.62322024800062,73.41998932500047],[125.63038170700065,73.43423086100057],[125.60352623800031,73.44969310100043],[125.63868248800065,73.45819733300044],[125.76107832100058,73.4704043640005],[125.78785241000048,73.46059804900068],[125.80176842500055,73.4522972680005],[125.83228600400037,73.45335521000044],[125.8766382170005,73.46059804900068],[125.86939537900003,73.47394440300042],[125.85254967500066,73.47919342700038],[125.83228600400037,73.48281484600045],[125.81576582100058,73.49135976800045],[125.88502037900037,73.5106875670005],[125.90455162900025,73.51862213700048],[125.90699303500048,73.5235863300004],[125.90650475400048,73.5306664080004],[125.9087020190002,73.53693268400053],[125.91846764400066,73.5396996110004],[125.94776451900043,73.54100169500049],[125.9616805350006,73.53912995000042],[125.97282962300017,73.53229401200042],[125.97315514400054,73.52484772300062],[125.9659936860005,73.48444245000047],[125.95679772200026,73.46893952000045],[125.9436141290006,73.45673248900039],[125.91187584700026,73.43610260600047],[125.9411727220006,73.42829010600047],[125.97486412900037,73.43593984600051],[126.00440514400043,73.4540469420005],[126.0124488968155,73.46584850905299],[126.01744881387367,73.47318424621096],[126.02051842500055,73.47768789300034],[126.01685631600049,73.48297760600059],[126.00904381600049,73.49030182500042],[126.00554446700028,73.49896881700056],[126.01400800900046,73.50869375200045],[126.03353925900012,73.51471588700036],[126.10377037900025,73.51862213700048],[126.22657311300065,73.55459219000045],[126.26832116000048,73.5595563820005],[126.2880965500002,73.5572777360004],[126.30567467500032,73.55145905200038],[126.35328209700003,73.52850983300056],[126.40479576900066,73.51239655200055],[126.39136803500003,73.50250885600047],[126.38119550900046,73.49030182500042],[126.37940514400009,73.47703685100049],[126.38791790523237,73.46757822765159],[126.39112389400043,73.4640160180004],[126.37810306100039,73.45172760600042],[126.36255944100026,73.44310130400044],[126.3291121750002,73.4298770200005],[126.31641686300043,73.44285716400049],[126.29574629000058,73.4518089860004],[126.2732039720006,73.45465729400036],[126.25456790500061,73.44969310100043],[126.23910566500024,73.44261302300043],[126.20337975400003,73.45477936400033],[126.17074629000047,73.45929596600047],[126.15162194100037,73.43610260600047],[126.1783960300005,73.43475983300044],[126.20777428500037,73.42926666900053],[126.23487389400066,73.41876862200047],[126.25456790500061,73.40253327000045],[126.23275800900012,73.38987864800038],[126.18140709700037,73.3889020850005],[126.15845787900003,73.38149648600046],[126.28199303500048,73.38593170800044],[126.38884524800028,73.41181061400044],[126.4196883470006,73.40949127800042],[126.45313561300043,73.39508698100042],[126.44434655000055,73.39077383000034],[126.43946373800009,73.38641998900044],[126.43213951900054,73.3746605490004],[126.49415123800043,73.37173086100046],[126.52312259200039,73.3637149110005],[126.54883873800043,73.34731679900051],[126.58969160200047,73.2958031270004],[126.58448326900066,73.2836367860005],[126.56104576900032,73.26943594000045],[126.55567467500009,73.25482819200039],[126.55811608200065,73.24201080900048],[126.56519616000037,73.23346588700042],[126.6120711600006,73.27533600500038],[126.65007571700005,73.29169342700038],[126.65870201900032,73.30263906500045],[126.64535566500058,73.31635163000055],[126.56299889400054,73.38149648600046],[126.61304772200037,73.37933991100033],[126.63990319100037,73.38117096600052],[126.65870201900032,73.3889020850005],[126.66138756600003,73.3976097680004],[126.65943444100026,73.40810781500045],[126.65870201900032,73.41836172100045],[126.66553795700042,73.4264590520005],[126.69353274800051,73.4372012390005],[126.72713142575765,73.4435849879028],[126.73015384200062,73.44415924700047],[126.76172936300065,73.43870677300038],[126.7676402672181,73.42652863360371],[126.78467858200054,73.39142487200041],[126.80591881600026,73.38324616100039],[126.8287866550005,73.38861725500033],[126.83541515001525,73.397991840847],[126.8430281910006,73.40875885600059],[126.83969160200024,73.42039622600049],[126.8325301440002,73.43162669500055],[126.83318118600016,73.44013092700044],[126.85328209700049,73.44354889500045],[126.93238366000048,73.4298770200005],[126.90894616000048,73.45254140800046],[126.9050399100006,73.4571800800004],[126.90658613400035,73.46588776200036],[126.9166772800005,73.47968170800056],[126.91871178500026,73.48444245000047],[126.9194442070002,73.49371979400053],[126.92107181100039,73.49945709800039],[126.9177352220006,73.5042992210004],[126.90357506600026,73.51044342700038],[126.88721764400066,73.51471588700036],[126.86719811300054,73.51764557500047],[126.83008873800009,73.51862213700048],[126.8581649100006,73.53339264500045],[126.89665774800017,73.53929271000038],[127.0504663420005,73.54901764500045],[127.18116295700031,73.53904857000043],[127.45085696700039,73.49070872600043],[127.51107832100035,73.49599844000039],[127.98755944100003,73.47085195500051],[127.97169030000009,73.45502350500038],[127.9482528000002,73.44757721600058],[127.92237389400054,73.44306061400044],[127.8994246750002,73.43610260600047],[128.05176842500066,73.41632721600058],[128.0769149100006,73.40566640800051],[128.05990644600047,73.39052969000039],[127.98226972700058,73.36334870000047],[127.96021569100014,73.34731679900051],[128.18336022200037,73.36098867400045],[128.20630944100049,73.3576113950005],[128.24537194100014,73.34650299700047],[128.2673445970006,73.3490664730005],[128.31592858200065,73.36102936400044],[128.34034264400043,73.36102936400044],[128.36491946700062,73.35415273600057],[128.31885826900032,73.3299828150005],[128.30274498800054,73.31590403900037],[128.3097436860005,73.2988955750007],[128.23462975400014,73.26536692900066],[128.325531446,73.26756419500055],[128.37159264400032,73.26097239800038],[128.4093530610005,73.24115631700045],[128.43930097700058,73.23627350500055],[128.57032311300065,73.26536692900066],[128.61475670700042,73.2660586610005],[128.65943444100049,73.26129791900041],[128.7744246750002,73.22793203300051],[128.81275475400014,73.22138092700044],[128.89258873800043,73.21698639500045],[128.88412519600013,73.20734284100047],[128.8720809250002,73.20062897300045],[128.84473717500032,73.18964264500039],[128.8696395190001,73.18650950700032],[128.93531334700026,73.19586823100053],[128.96078535200036,73.18964264500039],[128.9660394814955,73.18203931389507],[128.96924889400066,73.17739492400051],[128.9672957690001,73.1645368510006],[128.95679772200037,73.15387604400053],[128.92896569100014,73.16063060100049],[128.92776536931126,73.160551747753],[128.85092207100047,73.15550364800055],[128.86207116000048,73.1364199890005],[128.86272402760528,73.13600985422869],[128.86524498800054,73.13442617400045],[128.86353600400037,73.12734609600051],[128.8647567070002,73.1214867210004],[128.86426842500066,73.11615631700039],[128.8581649100007,73.11082591400032],[128.84839928500037,73.10732656500045],[128.82082144579238,73.10172592365382],[128.81674238400012,73.10089752800042],[128.8005477220005,73.09308502800059],[128.7832137380001,73.08136627800053],[128.7773543630003,73.07078685100049],[128.79664147200026,73.06610748900039],[128.80212940496858,73.06713829120503],[128.84278405000055,73.07477448100053],[128.93311608200054,73.1127383480005],[128.9785262380001,73.12140534100041],[129.0661727220006,73.12767161700054],[129.11353600400014,73.12164948100053],[129.22600754700045,73.09774682400052],[129.3499796340002,73.06264771000053],[129.44350849100056,73.02894424900035],[129.47677300900023,72.99652811400045],[129.47893114000055,72.97923984400052],[129.44131494900057,72.94944174500051],[129.3596184180003,72.94001176500063],[129.23854407600015,72.96122364100046],[129.11263087800012,72.97194911100058],[128.92751877400042,72.98015820800049],[128.79484997912914,72.97301735271066],[128.77125084700015,72.97174713700042],[128.67408287900014,72.94521719000045],[128.2907820970006,72.90863678600033],[128.2402449880003,72.88963450700044],[128.23738041036643,72.88652539223017],[128.21355228000039,72.86066315300036],[128.24293053500003,72.83661530200038],[128.22803795700042,72.81948476800056],[128.15273861700382,72.7940231704008],[128.12924238400012,72.7860781920005],[128.1606488926194,72.78716759820094],[128.3556421230004,72.79393138200044],[128.8317570320005,72.75570302950837],[129.3078719410006,72.71747467700044],[129.3580835300005,72.7030296900005],[129.27173912900048,72.69672272300045],[129.2277938160006,72.68789297100051],[129.19361412900048,72.66889069200056],[129.2013452480005,72.66815827000039],[129.22144616000048,72.6620547550005],[129.19841556100027,72.65517812700045],[128.86882571700016,72.67820872600043],[128.79957116000037,72.69196198100036],[128.72803795700054,72.69684479400053],[128.67750084700015,72.70823802300038],[128.66260826900054,72.70990631700062],[128.51978600400014,72.70441315300047],[128.50513756600049,72.70840078300034],[128.50904381600049,72.71670156500045],[128.4791772800005,72.72455475500044],[128.46045983200008,72.71621328300034],[128.44548587300005,72.69965241100039],[128.42701256600003,72.68317291900041],[128.39600670700054,72.67316315300053],[128.21666450307998,72.66858741284216],[127.9606225920005,72.6620547550005],[127.90544681100039,72.6671410180004],[127.99382571700016,72.62457916900036],[128.10368899800005,72.60065338700048],[128.18832441500024,72.5678164730005],[128.2146102220005,72.56146881700039],[128.2685653000001,72.55609772300056],[128.61133873800065,72.48273346600047],[128.64500559765315,72.48012614663418],[128.83936608200054,72.46507396000038],[128.89968470577185,72.46864081069396],[129.0074710916365,72.47501459578956],[129.1173608730005,72.48151276200036],[129.25831139400054,72.46393463700053],[129.2741805350006,72.44696686400039],[129.24195397200003,72.4156761740004],[129.30453535200013,72.41063060100049],[129.36850019600013,72.39736562700034],[129.48902428500014,72.3541934270005],[129.48210696700005,72.35301341400032],[129.4679468110004,72.34674713700048],[129.47901451900054,72.34454987200047],[129.49203535200047,72.33974844000039],[129.50074303500048,72.33246491100039],[129.49887129000047,72.32257721600035],[129.48519941500012,72.31720612200041],[129.36670983200065,72.31492747600032],[129.3400985040006,72.30508047100051],[129.33375084700026,72.28554922100062],[129.34164472700058,72.28424713700053],[129.3580835300005,72.27789948100042],[129.3575952480005,72.26288483300044],[129.38575280000032,72.25690338700042],[129.46713300900046,72.25047435100032],[129.50391686300054,72.25214264500056],[129.52165774800062,72.24941640800046],[129.5641382170005,72.23065827000045],[129.54509524800073,72.21710846600035],[129.51978600400048,72.2152774110005],[129.4924422540006,72.2177188170005],[129.4679468110004,72.2170270850005],[129.3580835300005,72.17544179900051],[129.3278914720005,72.15867747600049],[129.306000196,72.1537539730005],[129.2824813160007,72.15143463700048],[129.26010175900012,72.14667389500039],[129.24195397200003,72.1344668640005],[129.25896243600062,72.13361237200047],[129.29184004000058,72.12734609600034],[129.3087671230005,72.12946198100053],[129.35425866000048,72.14028554900045],[129.45875084700015,72.14158763200044],[129.48902428500014,72.1344668640005],[129.48902428500014,72.12763092700038],[129.4585067070002,72.12641022300045],[129.3332625660006,72.09105052300043],[129.3166310491514,72.09032430783384],[129.219574415,72.08608633000046],[129.2013452480005,72.0880801450005],[129.14576256600026,72.10032786700049],[129.1276961600006,72.10053131700045],[129.11491946700062,72.09788646000038],[129.084320509,72.08608633000046],[129.04802493600027,72.07684967700033],[128.93409264400043,72.07298411700043],[128.892914259,72.0846214860004],[128.81625410200013,72.13589101800056],[128.7749129570002,72.14813873900044],[128.74048912900025,72.15155670800033],[128.49431399800005,72.2027855490004],[128.4941512380001,72.22016022300033],[128.51710045700042,72.23053620000047],[128.56950931100005,72.24371979400041],[128.52881920700065,72.25934479400041],[128.14975019600035,72.31663646000032],[127.85889733200054,72.4291445980005],[127.79070071700016,72.43842194200033],[127.66578209700026,72.4300804710004],[127.71509850400025,72.41054922100051],[127.73617597700036,72.39716217700038],[127.76905358200008,72.38646067900066],[127.83887780000066,72.34247467700044],[127.8644311860005,72.33246491100039],[127.84506269600047,72.32225169500032],[127.81169681100062,72.32099030200033],[127.74708092500043,72.32562897300033],[127.78012129000012,72.30630117400051],[127.91211998800054,72.29148997600038],[128.03158613400012,72.26414622600049],[128.0639754570003,72.25275299700041],[128.10271243600016,72.23379140800051],[128.13266035200013,72.22858307500042],[128.19214928500026,72.22833893400036],[128.24935957100013,72.20482005400038],[128.2863061860005,72.17617422100034],[128.30982506600049,72.15143463700048],[128.31959069100026,72.14813873900044],[128.33570397200015,72.14496491100039],[128.38445071700016,72.12079498900056],[128.44166100400048,72.1002871770005],[128.45337975400003,72.0929222680005],[128.45582116000014,72.07550690300042],[128.44825280000055,72.05866120000042],[128.44320722700047,72.04173411700043],[128.45337975400003,72.02399323100053],[128.46225019600024,72.0224470070005],[128.47608483200042,72.0229352890006],[128.48878014400066,72.02147044500032],[128.49431399800005,72.01434967700038],[128.50114993600062,71.99730052300049],[128.5099389980004,71.98965078300051],[128.5183211600006,71.9840355490004],[128.52808678500048,71.97980377800047],[128.5415145190002,71.97626373900039],[128.60425866000037,71.9693871110004],[128.62354576900054,71.96259186400044],[128.6308699880003,71.95636627800047],[128.6421004570003,71.9415957700005],[128.6513778000001,71.93585846600047],[128.65308678500037,71.92064036700049],[128.66325931100005,71.9072126320005],[128.66976972700013,71.89350006700033],[128.66163170700054,71.87750885600053],[128.66391035200036,71.86298248900039],[128.6920679050005,71.85114166900036],[128.7475692070003,71.83966705900042],[128.78370201900043,71.82705312700051],[128.85621178500048,71.77480703300057],[128.926605665,71.73875560100038],[128.94027754000058,71.7372500670005],[128.95337975400037,71.73981354400041],[128.9887801440002,71.75775788000044],[129.13949629000012,71.78392161700032],[129.18392988400024,71.80927155200055],[129.18930097700002,71.83274974200032],[129.16846764400054,71.85626862200047],[129.11841881600037,71.8880882830004],[129.09693444100026,71.9079043640005],[129.08692467500055,71.92658112200041],[129.07992597700047,71.94554271000038],[129.06723066500024,71.96662018400053],[129.03012129000058,71.9948184270005],[129.02279707100058,72.00409577000045],[129.02572675900046,72.01797109600045],[129.04118899800062,72.01878489800043],[129.06128991000048,72.01235586100046],[129.07813561300054,72.00409577000045],[129.18051191500047,71.93244049700053],[129.28687584700003,71.88349030200038],[129.30347741000048,71.86420319200045],[129.3014429050005,71.85276927300038],[129.29737389400054,71.84235260600047],[129.29476972700047,71.83185455900042],[129.2966414720005,71.8197695980005],[129.30990644600047,71.80418528900043],[129.33008873800054,71.79706452000039],[129.3707788420005,71.78994375200057],[129.5437117850006,71.72296784100041],[129.5182397800006,71.7174746770005],[129.48633873800043,71.7194278020005],[129.30543053500048,71.76089101800034],[129.2882593110005,71.75869375200045],[129.24822024800017,71.74347565300047],[129.17481530000066,71.73346588700059],[129.09498131600049,71.71214427300032],[128.9672957690001,71.7164574240004],[128.90772545700042,71.70815664300045],[128.86459394600047,71.6944847680005],[128.83033287900048,71.67914459800045],[128.8204858730005,71.65810781500045],[128.84205162900025,71.62197500200045],[128.8752547540006,71.59674713700042],[128.92790774800028,71.59100983300038],[129.11695397200015,71.61505768400048],[129.14576256600026,71.61310455900059],[129.16358483200065,71.60602448100047],[129.1870223320003,71.58539459800033],[129.20069420700042,71.57587311400039],[129.2330835300006,71.56024811400039],[129.2487085300006,71.54987213700048],[129.25562584700015,71.53864166900047],[129.25212649800062,71.52582428600033],[129.23666425900046,71.50861237200053],[129.23568769600058,71.49701569200056],[129.24789472700047,71.48627350500038],[129.29566491000048,71.47459544500049],[129.31430097700047,71.4660098330005],[129.32211347700047,71.45628489800043],[129.33399498800065,71.43455638200044],[129.35613040500027,71.40599192900038],[129.3784285820003,71.36481354400041],[129.39210045700054,71.3468285180004],[129.4233504570003,71.32453034100041],[129.46314537900048,71.3070335960004],[129.50538170700065,71.29385000200062],[129.62680097700024,71.27008698100042],[129.65259850400048,71.26089101800045],[129.66521243600016,71.25299713700053],[129.68799889400054,71.23407623900039],[129.70069420700065,71.22638580900053],[129.711761915,71.21723053600039],[129.7133895190002,71.20685455900048],[129.7130639980005,71.19603099200066],[129.71802819100014,71.18545156500056],[129.71957441500035,71.18048737200047],[129.71810957100013,71.17568594000039],[129.71859785200047,71.17096588700036],[129.72632897200003,71.16616445500046],[129.74512780000043,71.1579043640005],[129.76270592500055,71.14760976800045],[129.73682701900054,71.12645091400037],[129.70777428500003,71.10968659100052],[129.6872664720005,71.10309479400053],[129.64527428500048,71.09662506700039],[129.6262313160006,71.0861270200005],[129.86573326900066,71.11041901200048],[129.940765821,71.0929629580005],[129.93197675900058,71.0905215520005],[129.92579186300043,71.08478424700047],[129.92212975400003,71.07632070500046],[129.92042076900066,71.06565989800043],[129.9547632170005,71.06867096600052],[130.01693769600058,71.08246491100044],[130.05062910200058,71.0861270200005],[130.06771894600047,71.08576080900048],[130.08041425900035,71.08344147300062],[130.10531660200047,71.07245514500039],[130.13111412900014,71.05752187700057],[130.1442977220005,71.05263906500033],[130.16049238400024,71.05198802300049],[130.15235436300054,71.03188711100034],[130.16236412900003,71.02216217700038],[130.20150800900024,71.01105377800047],[130.2216903000001,70.99363841400049],[130.21583092500032,70.9794375670005],[130.19410241000026,70.97052643400065],[130.16732832100047,70.96881745000042],[130.30062910200047,70.94013092700038],[130.46778405000066,70.92670319200039],[130.47771243600005,70.92267487200053],[130.48894290500004,70.91425202000045],[130.49293053500003,70.90745677300038],[130.49439537900025,70.89166901200048],[130.49634850400048,70.88690827000039],[130.5192163420004,70.87897370000042],[130.61988366000048,70.86640045800056],[130.64698326900066,70.86835358300038],[130.6750594410006,70.87506745000053],[130.69947350400003,70.88788483300067],[130.7155054050006,70.90802643400048],[130.71607506600026,70.91864655200044],[130.7150171230005,70.93427155200044],[130.71566816500058,70.95042552300038],[130.7223413420004,70.9625918640005],[130.74415123800054,70.97402578300034],[130.76889082100047,70.97752513200044],[130.7890731130001,70.9711367860005],[130.79737389400054,70.95270416900047],[130.8027449880002,70.94358958500038],[130.81446373800065,70.93463776200053],[130.82618248800054,70.92267487200053],[130.83155358200065,70.90460846600047],[130.84262129000035,70.88031647300045],[130.8907983730005,70.84528229400041],[130.89991295700054,70.81801992400034],[130.89584394600058,70.80556875200062],[130.88233483200054,70.78607819200033],[130.87940514400043,70.77391185100043],[130.88843834700026,70.76276276200053],[130.90919030000055,70.75604889500039],[131.04200280000032,70.73875560100038],[131.1345320970005,70.73810455900053],[131.2263289720005,70.75023021000044],[131.3942977220005,70.80731842700033],[131.54615319100026,70.88711172100045],[131.6096297540006,70.93870677300032],[131.72437584700003,71.06525299700041],[131.77076256600049,71.09979889500045],[131.75538170700054,71.1212425800004],[131.7614038420005,71.13519928600033],[131.78223717500055,71.14345937700051],[131.8122664720005,71.14760976800045],[131.84888756600049,71.14581940300036],[131.8658960300005,71.14887116100044],[131.87305748800065,71.16058991100039],[131.86784915500039,71.1725528020005],[131.8554793630001,71.17951080900036],[131.84017988400012,71.18235911700049],[131.826508009,71.1823184270005],[131.85092207100047,71.20819733300056],[131.89828535200058,71.22235748900044],[131.98951256600049,71.22947825700044],[132.18832441500024,71.21588776200048],[132.17237389400054,71.22557200700032],[132.1559350920005,71.23102448100047],[131.96607506600049,71.2545840520005],[131.9419051440001,71.26740143400053],[131.94922936300054,71.29295482000043],[131.9669702480005,71.31439850500038],[132.03077233200054,71.37592194200045],[132.03988691500047,71.38890208500032],[132.04102623800054,71.39769114800038],[132.04004967500043,71.40546295800038],[132.0436304050005,71.41779205900059],[132.04916425900058,71.43024323100036],[132.0695093110005,71.45848216400032],[132.09164472700013,71.49811432500047],[132.10645592500055,71.51752350500038],[132.19890384200062,71.60346100500044],[132.2451278000002,71.66278717700055],[132.26417076900066,71.6820335960004],[132.53931725400048,71.88361237200053],[132.63119550900046,71.9261742210004],[132.69088225193423,71.94000202361957],[132.71778405000055,71.94623444200045],[132.81047479300048,71.95226453400039],[132.91386449900062,71.94757041200052],[132.9939332180005,71.96603905300049],[133.06627440400052,71.97129071500052],[133.17918312200015,71.95812321200037],[133.2575946670006,71.92124568300045],[133.341360795,71.88626482800044],[133.35400272700053,71.83395965500051],[133.30271856600018,71.88039217600038],[133.22835235600053,71.90887499400037],[133.1564147480002,71.9401708690005],[133.1038905580001,71.95567240800045],[133.03134491300023,71.95509862600056],[132.93924771400054,71.93468056400053],[132.93232213000022,71.91121248200051],[132.86814249200052,71.91907314100047],[132.7963949370003,71.91092230600043],[132.77428358200052,71.89010778000045],[132.77530487900003,71.87981472900066],[132.78168365439535,71.86649612638911],[132.7828961030001,71.86396458700051],[132.8057659360005,71.84544933900048],[132.81312841100066,71.83146995300041],[132.74610436300054,71.82648346600035],[132.72901451900066,71.81952545800038],[132.7150985040006,71.81069570500051],[132.7091577480004,71.7953148460004],[132.7148543630002,71.77680084800045],[132.7296655610005,71.7692324890005],[132.90406334700003,71.73346588700059],[132.9852160440006,71.71971724200051],[133.01472450500012,71.68620759900051],[133.06910241000048,71.6478945980005],[133.07992597700047,71.64256419500043],[133.0876570970005,71.63035716400037],[133.09392337300062,71.6166445980005],[133.10010826900054,71.60687897300045],[133.11353600400014,71.59784577000045],[133.15162194100049,71.57916901200042],[133.42611738400046,71.48997630400044],[133.65007571700016,71.4365095070005],[133.805511915,71.42332591400043],[133.90870201900066,71.39940013200055],[134.16765384200028,71.3707949890005],[134.489105665,71.3768578150005],[134.55982506600049,71.40192291900053],[134.58529707100047,71.40582916900041],[134.60938561300043,71.40306224200037],[134.73902428500048,71.36798737200047],[134.74488366000048,71.36123281500033],[134.73755944100037,71.3468285180004],[134.70679772200003,71.32737864800066],[134.6706649100006,71.3146426450005],[134.65064537900003,71.29730866100033],[134.6686304050006,71.26430898600046],[134.67505944100049,71.28595612200047],[134.69556725400048,71.30866120000042],[134.72152754000047,71.32884349200049],[134.74439537900048,71.34308502800042],[134.7700301440001,71.36692942900044],[134.75245201900054,71.38226959800039],[134.71876061300054,71.39752838700053],[134.6965438160006,71.4213320980005],[134.7587996750001,71.42332591400043],[134.7784936860005,71.42877838700048],[134.77979576900066,71.46076080900048],[134.81023196700062,71.48183828300057],[134.85320071700005,71.49347565300053],[134.8921004570003,71.49701569200056],[134.9353133470005,71.50629303600044],[135.0329695970005,71.53912995000047],[135.07357832100047,71.53489817900055],[135.10434004000012,71.51626211100046],[135.1186629570002,71.51577383000046],[135.14234459700003,71.52496979400053],[135.17115319100049,71.54319896000032],[135.1860457690002,71.5497500670005],[135.20736738400035,71.55223216400043],[135.23658287900003,71.54987213700048],[135.31967207100035,71.5311953800005],[135.42335045700054,71.5311953800005],[135.4113875660006,71.5480003930005],[135.38843834700026,71.5558535830005],[135.3408309250001,71.56590403900037],[135.37728925900024,71.58258698100047],[135.4218856130003,71.59296295800038],[135.54615319100026,71.60431549700047],[135.6215926440002,71.62311432500053],[135.98511803500048,71.63483307500042],[136.30347741000003,71.5829938820005],[136.44385826900054,71.57587311400039],[136.51636803500014,71.55849844000039],[136.5195418630002,71.51752350500038],[136.5127059250001,71.51752350500038],[136.54118899800028,71.5148379580005],[136.55567467500032,71.50922272300045],[136.5573022800006,71.49762604400047],[136.5468856130001,71.47654857000038],[136.57146243600027,71.47736237200036],[136.58725019600047,71.48777903900043],[136.59986412900048,71.50193919500038],[136.61508222700002,71.51410553600044],[136.63705488400058,71.52289459800062],[136.6621199880002,71.52875397300039],[136.6892195970006,71.53164297100051],[136.71827233200054,71.5311953800005],[136.7745874360005,71.52342357000049],[136.8012801440002,71.51561107000049],[136.82813561300054,71.50385163000044],[136.88941491000003,71.46222565300036],[136.91920006600003,71.45416901200053],[136.98178144600058,71.44843170800044],[137.01270592500055,71.43903229400041],[137.0402938160006,71.42731354400053],[137.0660913420004,71.41998932500053],[137.21094811300065,71.40737539300045],[137.26791425900012,71.3925235050005],[137.2746688160006,71.38523997600049],[137.26343834700015,71.37750885600047],[137.23894290500039,71.3673363300004],[137.28419030000055,71.35956452000039],[137.3556421230005,71.37417226800045],[137.38892662900003,71.35809967700044],[137.40349368600005,71.35366445500046],[137.4470320970006,71.34760163000038],[137.4921981130002,71.3468285180004],[137.4851180350006,71.33722565300047],[137.47510826900043,71.3314883480005],[137.4514266290006,71.32233307500053],[137.44499759200005,71.3129336610005],[137.45508873800065,71.30483633000046],[137.4718530610004,71.29938385600053],[137.48536217500055,71.29840729400053],[137.46558678500026,71.28803131700045],[137.42457116000048,71.29144928600039],[137.40349368600005,71.28473541900041],[137.4333602220005,71.27464427300038],[137.52686608200054,71.25747304900034],[137.53248131600049,71.24567291900047],[137.5598250660006,71.2411970070005],[137.59294681100027,71.24233633000034],[137.61573326900054,71.2472598330005],[137.70492597700036,71.28473541900041],[137.69996178500048,71.27387116100033],[137.69206790500016,71.2645938170005],[137.68213951900054,71.2568220070005],[137.67090905000066,71.25063711100051],[137.68677819100049,71.2442894550004],[137.70346113400012,71.24555084800039],[137.7212020190002,71.24941640800051],[137.73926842500055,71.25063711100051],[137.72022545700054,71.23143138200044],[137.6923934250001,71.22093333500038],[137.66146894600047,71.21674225500038],[137.63282311300043,71.21588776200048],[137.6149194670005,71.21820709800033],[137.5787866550005,71.22797272300039],[137.5610457690001,71.22947825700044],[137.53516686300043,71.22532786700037],[137.5261336600006,71.22028229400047],[137.5337020190002,71.21279531500045],[137.5639754570002,71.20400625200057],[137.6256616550005,71.19961172100034],[137.74105879000012,71.17064036700043],[137.76644941500047,71.16803620000053],[137.76433353000004,71.14223867400051],[137.78345787900003,71.12661367400051],[137.81299889400043,71.11961497600038],[137.84229576900054,71.11969635600053],[137.8593856130003,71.12303294500043],[137.86719811300054,71.12775299700036],[137.87435957100047,71.13458893400048],[137.88998457100024,71.14419179900057],[137.90951582100058,71.14911530200033],[137.93091881600049,71.14801666900047],[137.97266686300054,71.14077383000046],[137.9655054050006,71.13812897300039],[137.944672071,71.12710195500051],[137.97738691500012,71.11896393400048],[138.00733483200065,71.12323639500039],[138.03825931100005,71.13104889500039],[138.07439212300062,71.13397858300033],[138.06470787900048,71.1504580750007],[138.04672285200036,71.16278717700044],[138.02564537900048,71.17096588700036],[138.00668379000024,71.17487213700048],[138.01978600400003,71.1823184270005],[137.99415123800065,71.1906192080005],[137.96631920700054,71.19432200700038],[137.91041100400048,71.19537995000042],[137.9179793630001,71.20282623900039],[137.89958743600005,71.20066966400054],[137.84229576900054,71.1823184270005],[137.8552352220006,71.19635651200059],[137.84750410200036,71.20473867400045],[137.8296004570003,71.20868561400033],[137.79175866000048,71.21088288000044],[137.7739363940002,71.21458567900066],[137.75668379000047,71.2208519550004],[137.73926842500055,71.22947825700044],[137.7729598320003,71.2357445330004],[137.80176842500043,71.24664948100042],[137.83139082100047,71.25389232000049],[137.96949303500048,71.22528717700038],[138.06723066500047,71.22492096600035],[138.0880639980005,71.22947825700044],[138.09180748800065,71.2345645200005],[138.09571373800054,71.24282461100051],[138.1037703790006,71.24876536700037],[138.15105228000004,71.24188873900056],[138.18409264400054,71.24542877800042],[138.2150171230005,71.25763580900048],[138.23951256600049,71.27789948100042],[138.2121688160006,71.28644440300059],[138.0677940302313,71.29021418928733],[137.99244225400014,71.29218170800038],[137.99610436300054,71.30219147300039],[138.08720794194517,71.32024847253581],[138.15007571700016,71.33270905200044],[138.16944420700008,71.33124420800038],[138.21045983200054,71.32078685100049],[138.2668563160006,71.31297435100049],[138.32292728000016,71.3112246770005],[138.36296634200028,71.31891510600042],[138.36296634200028,71.32575104400041],[138.34717858200054,71.32672760600042],[138.31959069100049,71.33685944200045],[138.3046981130001,71.3393415390006],[138.09423004582231,71.3393415390006],[138.0095320970006,71.3393415390006],[137.9882918630002,71.3436953800005],[137.9516707690001,71.36025625200045],[137.93091881600049,71.3605003930005],[137.93702233200054,71.36692942900044],[137.94532311300065,71.3722191430004],[137.96583092500055,71.3803164730005],[137.94483483200042,71.38523997600049],[137.92562910200002,71.37995026200048],[137.90691165500004,71.37164948100053],[137.88656660200058,71.3673363300004],[137.87183678500048,71.37055084800045],[137.84498131600026,71.38458893400042],[137.82862389400054,71.38715241100033],[137.82862389400054,71.39398834800045],[137.86996504000047,71.39720286700043],[137.90512129000024,71.41176992400034],[137.96583092500055,71.4486351580004],[137.96745602286444,71.44946115972766],[138.01498457100013,71.47361888200044],[138.0265405610005,71.48403554900051],[138.0295516290006,71.49335358300038],[138.02963300900058,71.51459381700045],[138.03394616000014,71.52496979400053],[138.03858483200042,71.55874258000051],[138.09864342500043,71.58144765800046],[138.21900475400003,71.60004303600039],[138.50025475400048,71.61310455900059],[138.44792728000004,71.6029320330004],[138.42139733200008,71.59422435100043],[138.4039819670005,71.57953522300056],[138.40186608200054,71.56708405200038],[138.41089928500037,71.55906810100038],[138.43816165500027,71.53864166900047],[138.57715905000055,71.55194733300038],[138.5888778000002,71.56590403900037],[138.59498131600037,71.58319733300038],[138.58814537900048,71.59406159100047],[138.57309004000047,71.60106028900043],[138.55486087300062,71.60687897300045],[138.67701256600003,71.64386627800042],[138.71517988400046,71.6478945980005],[138.7560327480004,71.64301178600044],[138.87696373800054,71.60004303600039],[138.9181421230005,71.59227122600038],[139.00896243600027,71.58527252800036],[139.0450952480005,71.56903717700044],[139.05787194100026,71.55182526200053],[139.07740319100049,71.51170482000043],[139.09669030000055,71.49701569200056],[139.08920332100013,71.4901797550005],[139.10531660200002,71.47736237200036],[139.14136803500048,71.45945872600049],[139.15805097700047,71.4486351580004],[139.11646569100003,71.42877838700048],[139.13575280000066,71.42804596600035],[139.19223066500035,71.41510651200036],[139.30290774800017,71.41567617400045],[139.34636478000039,71.42182038000061],[139.36296634200016,71.42877838700048],[139.36882571700062,71.43553294500032],[139.37378991000026,71.45156484600051],[139.37989342500066,71.45917389500045],[139.4218856130003,71.48875560100043],[139.44336998800043,71.49510325700038],[139.58765709700026,71.49510325700038],[139.62224368600016,71.48859284100047],[139.68433678500037,71.46430084800039],[139.71778405000055,71.45734284100047],[139.7633569670005,71.47431061400044],[139.83627363400058,71.4922549500007],[139.85670006600049,71.4935977230005],[139.88770592500055,71.48558177300038],[139.95443769600047,71.48525625200051],[139.98845462300062,71.47846100500055],[140.0001733730005,71.47467682500047],[140.01832116000048,71.47085195500057],[140.03321373800043,71.47211334800039],[140.0351668630002,71.48403554900051],[140.0255639980004,71.4918887390005],[139.97982832100047,71.50385163000044],[139.98560631600026,71.50861237200053],[139.99537194100003,71.52016836100034],[140.0009871750002,71.52496979400053],[139.8361922540006,71.5895449890005],[139.81568444100037,71.60350169500043],[139.76172936300054,71.65204498900044],[139.74057050900046,71.66494375200034],[139.73454837300062,71.67218659100035],[139.73438561300065,71.69131094000045],[139.71810957100035,71.71873607000049],[139.71265709700015,71.75604889500039],[139.6993921230005,71.76459381700039],[139.7080184250002,71.76992422100034],[139.7080184250002,71.77700429900051],[139.7018335300005,71.78461334800045],[139.69190514400054,71.79181549700047],[139.70337975400037,71.80166250200051],[139.72901451900066,71.81793854400053],[139.73414147200026,71.82941315300036],[139.74341881600049,71.8448753930004],[139.7653914720006,71.85492584800039],[139.79053795700065,71.86005280200038],[139.80925540500027,71.8607852230005],[139.78028405000055,71.8700218770004],[139.71029707100047,71.87091705900036],[139.68165123800054,71.88467031500039],[139.66472415500004,71.89984772300045],[139.64893639400054,71.90973541900041],[139.60678144600047,71.92560455900053],[139.5739038420005,71.93292877800053],[139.33619225400025,71.94269440300036],[139.33619225400025,71.94953034100041],[139.42847741000003,71.96320221600052],[139.5831811860005,71.94896067900032],[139.63453209700003,71.95453522300045],[139.6821395190002,71.96967194200045],[139.71225019600047,71.99795156500039],[139.71290123800054,72.01748281500045],[139.70484459700015,72.03766510600047],[139.70150800900012,72.05931224200049],[139.71566816500024,72.08295319200056],[139.8315535820003,72.13764069200033],[139.84961998800065,72.15867747600049],[139.87419681100016,72.17816803600039],[139.93018639400066,72.17381419500049],[140.02759850400048,72.14874909100047],[140.06739342500055,72.1478539080004],[140.13209069100026,72.15387604400041],[140.1928817070002,72.16673411700032],[140.2194930350006,72.18634674700036],[140.19711347700013,72.21381256700045],[140.14551842500043,72.22492096600035],[139.85311933650837,72.22846100500044],[139.5607202480005,72.23200104400053],[139.51807701900054,72.21922435100038],[139.43238366000048,72.18284739800049],[139.4596460300005,72.17243073100042],[139.55591881600003,72.17544179900051],[139.5329695970005,72.16429271000038],[139.38697350400003,72.16217682500053],[139.3287866550005,72.16864655200038],[139.27719160200058,72.18016185100043],[139.25668379000047,72.17902252800036],[139.2605086600006,72.16242096600041],[139.28044681100016,72.1525332700005],[139.3337508470005,72.14789459800039],[139.34986412900048,72.1344668640005],[139.29517662900048,72.1369082700005],[139.24219811300054,72.14569733300038],[139.1915796230005,72.16266510600036],[139.1306258470006,72.1991641300005],[139.0963647800006,72.22654857000038],[139.08920332100013,72.23688385600059],[139.09400475400003,72.24823639500045],[139.11736087300062,72.26561107000032],[139.12273196700016,72.27472565300053],[139.13575280000066,72.30410390800063],[139.16675866000048,72.32778554900045],[139.23259524800005,72.36041901200042],[139.28679446700028,72.39704010600053],[139.30518639400032,72.40200429900045],[139.3121850920004,72.40477122600032],[139.32276451900054,72.41803620000047],[139.3287866550005,72.42251211100051],[139.34205162900003,72.42495351800045],[139.3701278000002,72.42609284100047],[139.3840438160006,72.4286970070005],[139.49838300900046,72.48725006700033],[139.54175866000037,72.49762604400041],[139.84473717500055,72.50299713700048],[140.0727645190002,72.47923411700037],[140.34473717500043,72.48969147300039],[140.57650800900058,72.49632396000055],[140.7946883470005,72.53164297100045],[140.87777754000047,72.53774648600051],[140.904633009,72.55560944200045],[140.93409264400054,72.56777578300051],[141.07007897200037,72.57807038000044],[141.11085045700054,72.58698151200036],[140.9965926440002,72.58738841400049],[140.9524031910006,72.59357330900053],[140.9326278000002,72.60065338700048],[140.94988040500039,72.60700104400053],[140.9646102220005,72.61566803600033],[140.98796634200062,72.63471100500044],[140.9804793630003,72.6422386740004],[141.01099694100026,72.66840241100044],[141.01295006600049,72.69082265800051],[140.99154707100035,72.70941803600044],[140.9524031910006,72.72410716400043],[140.9072371750001,72.72931549700053],[140.8859155610004,72.73444245000042],[140.84937584700026,72.76048411700032],[140.6642358730004,72.80902741100044],[140.6589461600006,72.81232330900048],[140.65796959700026,72.81639232000049],[140.65992272200003,72.82965729400058],[140.6589461600006,72.83397044500049],[140.6423445970005,72.8424746770005],[140.59595787900048,72.8585879580005],[140.5831811860005,72.86749909100052],[140.58130944100003,72.88467031500039],[140.59424889400054,72.89288971600052],[140.72584069100026,72.89862702000045],[140.78052819100003,72.88939036700049],[140.83594811300054,72.89118073100047],[140.89047285200058,72.88056061400044],[141.00928795700008,72.8790550800004],[141.06568444100003,72.86969635600053],[141.27271569100049,72.8663597680005],[141.38990319100049,72.84332916900053],[141.4117944670004,72.83397044500049],[141.46192467500066,72.8058128930004],[141.55062910200047,72.7743187520004],[141.6559350920004,72.76609935100043],[141.73170006600049,72.74762604400041],[141.98170006600049,72.72459544500043],[142.23170006600026,72.70156484600045],[142.54281660200058,72.71784088700053],[142.576930197215,72.71660573965278],[142.70801842500032,72.71185944200045],[143.0363875660006,72.69985586100034],[143.06463121029378,72.69441461958894],[143.090668165,72.68939850500038],[143.4868270190002,72.7001000020004],[143.60279381600026,72.68870677300032],[143.70720462300062,72.66665273600051],[144.04293908659088,72.65007556636192],[144.07227623800065,72.6486270200005],[144.27398610992282,72.64285071831142],[144.3038843110004,72.64199453300051],[144.56861412900048,72.6088727890006],[144.69427373841984,72.60275361406156],[144.84017988400058,72.59564850500044],[144.90598463770652,72.5910536475962],[145.12484785249274,72.57577138900035],[145.40951582100024,72.55589427300043],[145.7141219410006,72.49632396000055],[145.95923912900014,72.47190989800038],[146.1246850920005,72.4698753930004],[146.27035566500047,72.44086334800039],[146.41049238400046,72.4269473330005],[146.48373457100024,72.40167877800064],[146.80201256600037,72.35447825700044],[146.85401451900043,72.3541934270005],[146.84408613400058,72.3466250670005],[146.83285566500047,72.34052155200038],[146.84034264400066,72.34674713700048],[146.7920028000002,72.33071523600046],[146.45032799550813,72.34166087400052],[146.10865319100049,72.35260651200042],[146.06023196700016,72.34381745000042],[145.6876733730005,72.36395905200038],[145.4702254570002,72.3600528020005],[145.37175540500027,72.34593333500044],[145.35287519600047,72.34674713700048],[145.3320418630001,72.3541934270005],[145.31763756600003,72.36367422100034],[145.29118899800005,72.38641998900067],[145.27686608200065,72.39516836100046],[145.2531030610005,72.4010684270005],[145.20443769600047,72.40208567900044],[145.18132571700016,72.40818919500043],[145.18873131600014,72.4156761740004],[145.17025800900012,72.42059967700038],[145.14779707100013,72.41986725500033],[145.12598717500043,72.41437409100041],[145.10954837300017,72.40509674700036],[145.09229576900043,72.40021393400036],[145.07243899800062,72.40717194200039],[145.03565514400054,72.42706940300047],[144.99089603000004,72.43622467700038],[144.94320722700058,72.43817780200038],[144.89551842500066,72.43402741100044],[144.89426230095034,72.43374890905181],[144.85092207100013,72.42413971600047],[144.70826256600014,72.37409088700053],[144.6804305350006,72.35748932500053],[144.66684004000012,72.3466657570005],[144.66114342500032,72.33685944200045],[144.64560499326967,72.32784063182231],[144.62623131600049,72.31659577000033],[144.54786217500066,72.25739166900053],[144.53760826900032,72.24062734600051],[144.52076256600049,72.22500234600034],[144.48275800900058,72.23663971600064],[144.43325416327764,72.26468103828432],[144.42090905000032,72.27167389500045],[144.3855086600006,72.28534577000039],[144.3424585300005,72.29376862200041],[144.29916425900012,72.29629140800046],[144.26319420700054,72.2921410180004],[144.24317467500043,72.28388092700038],[144.22527103000039,72.27399323100047],[144.2067977220005,72.26748281500039],[144.1855574880002,72.26972077000039],[144.16724694100014,72.27387116100033],[144.1054793630003,72.27789948100042],[144.17212975400003,72.24787018400059],[144.19434655000043,72.24433014500039],[144.1938582690001,72.22801341400043],[144.2107039720006,72.22174713700059],[144.23471113400046,72.21906159100041],[144.25652103000027,72.21332428600044],[144.27885449240432,72.20449033058617],[144.2802840500001,72.20392487200041],[144.41553795700054,72.17503489800049],[144.47754967500055,72.17035553600039],[144.59913170700065,72.17544179900051],[144.62256920700008,72.18056875200057],[144.67457116000014,72.21332428600044],[144.6984155610004,72.22272370000047],[144.7516382170005,72.23309967700038],[144.95053144600058,72.24225495000053],[145.06869550900058,72.26434967700033],[145.39600670700008,72.27285390800046],[145.7039901055084,72.28196849150828],[146.0119735040006,72.29108307500053],[146.26384524800005,72.29535553600044],[146.59652754000024,72.30400218300042],[146.92920983200042,72.31264883000046],[146.8928328790006,72.27147044500049],[146.77572675900035,72.22846100500044],[146.72681725400037,72.1996524110005],[146.67758222700047,72.16274648600034],[146.4953719410006,72.06598541900041],[146.24382571700062,71.98655833500044],[145.97250410200047,71.85626862200047],[145.93978925900058,71.85724518400059],[145.94166100400048,71.8880882830004],[145.95240319100003,71.90094635600053],[145.98072350400025,71.91665273600069],[145.99341881600049,71.92560455900053],[145.99903405000055,71.93870677300049],[145.99415123800065,71.9502627620007],[145.98707116000037,71.95966217700044],[145.98658287900003,71.96662018400053],[145.99642988400058,71.97679271000038],[146.00114993600005,71.98371002800036],[146.00294030000066,71.99152252800036],[146.00367272200015,72.00409577000045],[145.99984785200058,72.01764557500042],[145.99301191500012,72.02435944200039],[145.99301191500012,72.02973053600033],[146.0097762380003,72.03888580900048],[146.0327254570003,72.04352448100042],[146.08179772200026,72.03782786700037],[146.10670006600049,72.03888580900048],[146.12989342500032,72.04559967700038],[146.19548587300062,72.07298411700043],[146.23951256600026,72.08038971600041],[146.2617293630003,72.08844635600053],[146.2712508470005,72.10407135600053],[146.2812606130002,72.11371491100039],[146.34693444100003,72.12763092700038],[146.3243921230004,72.1413028020005],[146.23707116000014,72.15497467700044],[146.23471113400046,72.17243073100042],[146.2065535820002,72.17576732000032],[146.14771569100003,72.16864655200038],[146.07894941500058,72.17039622600038],[146.0583602220006,72.16551341400049],[146.04688561300054,72.1569278020005],[146.04957116000048,72.14988841400032],[146.0568139980005,72.14297109600051],[146.05990644600047,72.12946198100053],[146.0642195970006,72.1261253930005],[146.0656030610004,72.1227074240004],[146.0583602220006,72.11737702000045],[146.0070906910006,72.09788646000038],[145.99512780000066,72.09088776200036],[145.99000084700003,72.08295319200056],[145.98340905000032,72.06850820500046],[145.96802819100037,72.0705020200005],[145.94971764400032,72.08307526200053],[145.9348250660006,72.10032786700049],[145.95476321700016,72.1124535180004],[145.96225019600047,72.12677643400048],[145.95753014400054,72.14154694200045],[145.94166100400048,72.15497467700044],[145.91138756600049,72.16083405200038],[145.8769637380001,72.15908437700045],[145.8493758470005,72.16217682500053],[145.83912194100049,72.18284739800049],[145.85385175900012,72.19106679900068],[145.8908797540006,72.19599030200044],[145.90748131600003,72.20335521000055],[145.88005618600016,72.21906159100041],[145.84253991000014,72.23004791900047],[145.69206790500016,72.25726959800045],[145.6520288420005,72.25560130400044],[145.61329186300054,72.24433014500039],[145.70199629000047,72.2170270850005],[145.7159936860005,72.21832916900058],[145.72966556100016,72.22190989800043],[145.74146569100049,72.22125885600042],[145.75033613400035,72.20962148600069],[145.74854576900054,72.20547109600045],[145.73853600400003,72.19122955900065],[145.72339928500003,72.16217682500053],[145.63379967500055,72.09349192900066],[145.62924238400046,72.09113190300042],[145.62525475400048,72.0924339860004],[145.621918165,72.09235260600042],[145.6201278000002,72.08608633000046],[145.62110436300054,72.08026764500033],[145.6250106130001,72.07811107000032],[145.62989342500066,72.07664622600043],[145.63379967500055,72.07298411700043],[145.640961134,72.06073639500045],[145.65072675900046,72.04881419500043],[145.67400149800005,72.0328636740004],[145.69703209700003,72.03148021000032],[145.75033613400035,72.03888580900048],[145.79127037900003,72.02830638200044],[145.8004663420005,72.00731028900043],[145.8015242850006,71.98322174700041],[145.8181258470005,71.96320221600052],[145.8129988940001,71.95331452000039],[145.80958092500043,71.93577708500038],[145.80567467500043,71.92902252800042],[145.79029381600049,71.9200707050004],[145.7692977220005,71.91380442900044],[145.74756920700065,71.90989817900038],[145.56674238400058,71.90607330900059],[145.32935631600037,71.87099844000045],[145.3046981130002,71.8778343770004],[145.2561141290006,71.90745677300032],[145.1618758470006,71.93402741100039],[145.07846113400058,71.94061920800056],[145.0221460300006,71.95408763200044],[144.99073326900043,71.97455475500038],[144.9709578790006,71.98029205900048],[144.96216881600049,71.96662018400053],[144.96021569100049,71.95490143400059],[144.95679772200003,71.94476959800039],[144.95622806100062,71.93451569200039],[144.96216881600049,71.92226797100051],[144.9743758470006,71.91372304900045],[145.01205488400058,71.89988841400037],[145.02711022200015,71.89118073100047],[145.06332441500058,71.88003164300045],[145.18873131600014,71.85602448100042],[145.21599368600005,71.84332916900036],[145.19646243600016,71.81305573100036],[145.15137780000055,71.80390045800038],[145.10181725400025,71.80072663000033],[145.02906334700037,71.7706566430004],[144.92676842500043,71.78253815300042],[144.88640384200062,71.77138906500056],[144.92066491000048,71.74347565300047],[144.90113366000048,71.7325707050004],[144.90626061300054,71.6988792990004],[144.89323978000004,71.6751976580004],[144.92066491000048,71.69171784100047],[144.953461134,71.70172760600042],[144.98560631600049,71.70018138200038],[145.01059004000035,71.6820335960004],[145.0031030610005,71.6751976580004],[145.02279707100024,71.67601146000038],[145.05738366000014,71.69212474200043],[145.07813561300054,71.6962751320005],[145.10450280000032,71.69285716400049],[145.15650475400003,71.67804596600052],[145.18132571700016,71.6751976580004],[145.20590254000035,71.67853424700047],[145.22803795700065,71.68402741100044],[145.25074303500037,71.6867129580005],[145.27686608200065,71.6820335960004],[145.28288821700062,71.6781680360005],[145.29053795700054,71.66779205900036],[145.29883873800043,71.66327545800033],[145.30933678500014,71.66103750200045],[145.32129967500043,71.6603050800004],[145.33326256600037,71.66107819200045],[145.34376061300054,71.66327545800033],[145.56999759200062,71.74095286700043],[145.72999108200054,71.72980377800053],[145.82715905000055,71.74762604400041],[145.922699415,71.77643463700042],[145.95045006600026,71.78119538000044],[146.00904381600049,71.78123607000043],[146.0363061860005,71.78636302300038],[146.10010826900032,71.80906810100049],[146.15650475400048,71.8207054710004],[146.25855553500026,71.87946198100042],[146.33130944100049,71.89931875200051],[146.3530379570002,71.90167877800036],[146.36540774800005,71.90595123900044],[146.37208092500055,71.91616445500051],[146.37720787900003,71.92845286700066],[146.3837996750001,71.93927643400048],[146.40064537900048,71.94912344000039],[146.4692488940002,71.97003815300059],[146.58961022200015,72.04197825700038],[146.61947675900046,72.0748558610004],[146.6306258470005,72.07990143400048],[146.67042076900066,72.08714427300055],[147.10466556100062,72.30556875200045],[147.14869225400025,72.32054271000044],[147.19556725400048,72.32990143400048],[147.2438257170005,72.33307526200053],[147.33008873800054,72.32355377800053],[147.43392988400046,72.33991120000053],[147.54990386863665,72.33272407963784],[147.66504967500043,72.32558828300034],[147.74675540500016,72.3388125670005],[148.12403405000055,72.32420482000038],[148.1929776702184,72.32091506294034],[148.40202884200062,72.31093984600045],[148.6834416025083,72.2811546895083],[148.70939235686865,72.27840802201985],[148.96485436300043,72.25136953300051],[149.36866295700065,72.18520742400034],[149.61133873800043,72.14838288000044],[149.67261803500026,72.12653229400053],[149.70850670700008,72.12466054900045],[149.72478274800028,72.12079498900056],[149.73015384200016,72.11676666900047],[149.73959394600035,72.1049258480005],[149.74463951900066,72.10032786700049],[149.95134524800017,71.99994538000044],[150.04330488400046,71.94139232000038],[150.06690514400054,71.92194245000047],[150.07422936300054,71.89423248900039],[150.05640709700015,71.86664459800045],[150.0200301440001,71.84857819200045],[149.70948326900032,71.77289459800039],[149.66960696700016,71.77118561400039],[149.63135826900066,71.78143952000039],[149.5548608730004,71.82225169500043],[149.47787519600047,71.85150788000038],[149.40796959700003,71.89671458500038],[149.36898847700058,71.90379466400049],[149.32911217500043,71.89704010600042],[149.28646894600058,71.88125234600045],[149.2961531910006,71.87750885600053],[149.30616295700008,71.87506745000053],[149.3164168630002,71.87400950700044],[149.32683353000027,71.87445709800045],[149.30372155000032,71.85521067900044],[149.239105665,71.83734772300033],[149.2107039720005,71.82599518400048],[149.1950789720005,71.81268952000056],[149.1655379570003,71.78131745000042],[149.14869225400048,71.77138906500056],[149.1301365555928,71.76938064161726],[149.1062117850006,71.76679108300067],[148.97803795700065,71.79181549700047],[148.91700280000032,71.7951113950005],[148.86605879000012,71.8102481140005],[148.85043379000047,71.81256745000059],[148.83399498800065,71.81232330900053],[148.83399498800065,71.80613841400049],[148.89136803500026,71.7753360050005],[148.91285241000037,71.77138906500056],[149.03939863400058,71.76459381700039],[149.03939863400058,71.75775788000044],[149.0241805350006,71.74909088700036],[149.01002037900003,71.73419830900042],[149.00212649800005,71.7174746770005],[149.00521894600013,71.70311107000032],[148.90992272200026,71.70148346600047],[148.86605879000012,71.69537995000047],[148.82715905000032,71.6751976580004],[149.00310306100062,71.66766998900039],[149.0260522800006,71.67011139500045],[149.04525800900046,71.67743561400044],[149.0835067070002,71.69721100500038],[149.1015731130003,71.70311107000032],[149.12061608200054,71.7027041690007],[149.18287194100049,71.68878815300053],[149.31299889400054,71.6867129580005],[149.35873457100047,71.67731354400047],[149.38265631022534,71.67561257843494],[149.77247155000066,71.6478945980005],[149.84424889400066,71.66559479400041],[149.86801191500024,71.66836172100045],[149.88648522200026,71.66510651200048],[149.90560957100024,71.65936920800044],[149.92408287900048,71.65721263200032],[149.9532983730004,71.6698672550005],[149.96509850400037,71.66278717700055],[149.98536217500055,71.64105866100039],[150.00416100400014,71.63165924700053],[150.0688582690001,71.61505768400048],[150.1020613940001,71.59471263200055],[150.08578535200024,71.58148834800045],[150.04525800900046,71.57428620000053],[150.00586998800065,71.5721703150005],[150.00798587300017,71.57953522300056],[150.0100203790006,71.59296295800038],[150.01205488400012,71.60004303600039],[149.98015384200028,71.60057200700032],[149.95167076900054,71.59162018400048],[149.93881269600058,71.57412344000039],[149.95476321700062,71.54889557500047],[149.96802819100003,71.53473541900058],[149.9646102220006,71.52936432500042],[149.9316512380003,71.52301666900047],[149.86801191500024,71.49701569200056],[149.8728133470006,71.48859284100047],[149.87435957100035,71.47980377800042],[149.8728133470006,71.47093333500055],[149.86801191500024,71.46222565300036],[149.8937280610005,71.47113678600039],[150.1171981130001,71.51569245000047],[150.27711022200026,71.52122630400038],[150.30193118600005,71.51894765800051],[150.3274031910006,71.51068756700033],[150.32195071700028,71.50942617400034],[150.30689537900037,71.50385163000044],[150.32715905000055,71.49852122600043],[150.35059655000043,71.50023021000044],[150.4177352220005,71.51764557500053],[150.43628991000014,71.5172793640005],[150.47820071700005,71.51068756700033],[150.57992597700002,71.51854075700032],[150.6350203790006,71.51496002800047],[150.67066491000037,71.4901797550005],[150.67017662900003,71.46637604400047],[150.65162194100003,71.44521719000039],[150.62574303500037,71.42890045800038],[150.6037703790006,71.41966380400049],[150.57032311300054,71.41087474200037],[150.554047071,71.40265534100052],[150.5471297540006,71.39057038000044],[150.54249108200042,71.3791364600005],[150.52800540500039,71.36566803600056],[150.53345787900048,71.3605003930005],[150.51514733200054,71.34642161700037],[150.49537194100049,71.34210846600047],[150.4746199880001,71.34125397300033],[150.45240319100049,71.33779531500033],[150.3912866550006,71.32086823100047],[150.35482832100047,71.31647370000042],[150.33822675900046,71.31053294500043],[150.30689537900037,71.29535553600044],[150.28516201617379,71.28890919992182],[150.28288821700005,71.2882347680005],[150.2345483730004,71.28461334800039],[150.20980879000024,71.2797305360005],[150.09441165500016,71.23541901200053],[150.0366317070003,71.22760651200053],[150.02686608200054,71.22264232000049],[150.02963300900024,71.21625397300045],[150.04672285200047,71.20966217700038],[150.06861412900014,71.20807526200048],[150.09620201900032,71.21051666900041],[150.14454186300065,71.2213809270005],[150.24333743600027,71.26829661700043],[150.28012129000035,71.27789948100042],[150.40870201900054,71.28497955900036],[150.4129994640084,71.28654183977659],[150.5577905610004,71.33917877800053],[150.618011915,71.37938060100032],[150.65699303500048,71.3902855490004],[150.7389429050005,71.39398834800045],[150.6814070970005,71.37201569200033],[150.66041100400025,71.35675690300036],[150.64332116000048,71.33319733300044],[150.62598717500032,71.29840729400053],[150.6132918630001,71.28436920800044],[150.59489993600005,71.27789948100042],[150.63013756600026,71.28485748900039],[150.69288170700042,71.31806061400044],[150.7594507170005,71.33331940300042],[150.82520592500055,71.3666039080004],[150.85873457100058,71.37417226800045],[151.03305097700013,71.39398834800045],[151.0712996750001,71.38825104400058],[151.14470462300028,71.36554596600058],[151.49244225400048,71.33315664300045],[151.55339603000039,71.31614817900038],[151.59115644600058,71.31024811400044],[151.6091414720005,71.30524323100047],[151.6225692070002,71.29804108300038],[151.6406356130003,71.28119538000038],[151.65040123800043,71.27423737200036],[151.6671655610005,71.26732005400038],[151.70142662900025,71.25775788000038],[151.71827233200042,71.25063711100051],[151.75440514400054,71.2279320330004],[151.76734459700037,71.22333405200055],[151.75318444100026,71.20966217700038],[151.79916425900024,71.18138255400044],[151.90577233200008,71.14203522300045],[151.94627067725855,71.11143048525315],[151.94857832100024,71.10968659100052],[151.98853600400003,71.08730703300051],[152.10352623800065,71.05011627800042],[152.13672936300065,71.01727936400044],[152.13396243600062,70.99811432500036],[152.11402428500026,70.98920319200033],[152.06088300900058,70.98309967700044],[151.65748131600049,70.99054596600041],[151.68148847700058,70.97589752800042],[151.96908613400058,70.94481028900049],[152.2109481130003,70.88056061400044],[152.5048934250002,70.84784577000045],[152.5490828790006,70.82709381700033],[152.54078209700003,70.79132721600052],[152.57683353000016,70.82029857000043],[152.6130477220005,70.83462148600051],[152.7983504570002,70.83462148600051],[152.99024498800054,70.83462148600051],[153.310883009,70.85761139500067],[153.32748457100047,70.86115143400036],[153.31544030000055,70.87323639500045],[153.34815514400043,70.8825137390005],[153.45932050900024,70.88068268400059],[153.4531356130001,70.87323639500045],[153.61784915500016,70.88324616100033],[153.66374759200005,70.86102936400039],[153.93043053500003,70.89411041900041],[154.17872155000055,70.94212474200043],[154.23878014400066,70.96499258000051],[154.48841393300017,70.98442210500042],[154.73804772200003,71.00385163000033],[155.02947024800017,71.03314850500044],[155.47982832100024,71.06159088700048],[155.50757897200003,71.05735911700043],[155.5219832690001,71.0451520850005],[155.51905358200008,71.03432851800068],[155.49903405000055,71.01447174700036],[155.4946395190002,71.00421784100035],[155.5014754570003,70.99258047100045],[155.51563561300065,70.9806582700005],[155.5297957690001,70.97622304900045],[155.5361434250002,70.98680247600049],[155.53744550900012,70.99559153900037],[155.5410262380001,71.00804271000038],[155.5463973320003,71.01923248900067],[155.55298912900003,71.02411530200044],[155.56568444100026,71.02944570500051],[155.5909936860004,71.05565013200038],[155.6045028000001,71.06565989800043],[155.62956790500027,71.0724144550004],[155.93637129000047,71.09935130400044],[156.28736412900048,71.0861270200005],[156.5773346989015,71.09093907012527],[156.68458092500055,71.09271881700045],[156.98572838600023,71.08362457900046],[157.28687584700015,71.07453034100047],[157.58578535200036,71.0748558610004],[157.64112389400043,71.06488678600061],[157.69434655000055,71.06745026200042],[157.77344811300054,71.05426666900053],[157.98910566500047,71.04751211100051],[158.1806746750002,71.0104027360004],[158.27955162900048,71.00543854400053],[158.36939537900014,70.98053620000053],[158.46910823000803,70.97295907566331],[158.52361087300005,70.96881745000042],[158.68594530602434,70.93710341345206],[158.88070722750842,70.89905426650819],[159.23780358200042,70.82929108300044],[159.6894637380003,70.67096588700048],[159.7063308148861,70.66114760451177],[159.84310957100058,70.58152903900037],[159.8854119706839,70.54380908380836],[160.0249129570002,70.41941966400054],[160.05258222700002,70.37177155200044],[160.0807397800005,70.33331940300042],[160.09424889400043,70.30988190300059],[160.10434004000012,70.28473541900047],[160.10629316500035,70.26373932500053],[160.08814537900048,70.23834870000047],[160.02100670700065,70.21067942900038],[159.99366295700054,70.19208405200038],[159.9586694670005,70.1410586610005],[159.93824303500026,70.12848541900041],[159.90088951900066,70.12661367400051],[159.73755944100049,70.14594147300039],[159.6886499360005,70.13397858300056],[159.71827233200008,70.13296133000046],[159.74439537900048,70.12620677300038],[159.7966414720005,70.10602448100042],[159.8259383470006,70.10309479400041],[159.88998457100058,70.10765208500044],[159.91456139400054,70.09857819200045],[159.86963951900032,70.07217031500045],[159.85132897200026,70.05491771000055],[159.84636478000004,70.03034088700053],[159.85230553500014,70.02252838700053],[159.86280358200054,70.0145531270004],[159.86931399800062,70.0050316430004],[159.8630477220005,69.9928246110004],[159.84864342500055,69.98578522300045],[159.78695722700058,69.97260163000038],[159.76099694100026,69.96185944200045],[159.7360945970006,69.94725169500038],[159.69206790500004,69.91087474200049],[159.68897545700065,69.89077383000051],[159.70997155000055,69.87148672100051],[159.76303144600047,69.8385684270005],[159.7296655610005,69.8385684270005],[159.74463951900043,69.83112213700042],[159.77540123800054,69.82176341400049],[159.79037519600035,69.81492747600049],[159.80111738400046,69.80703359600051],[159.80209394600058,69.8019066430004],[159.79883873800054,69.79637278900049],[159.7966414720005,69.78733958500038],[159.78842207100013,69.77480703300046],[159.76905358200065,69.76203034100041],[159.83269290500027,69.78388092700038],[159.86182701900032,69.78986237200047],[159.8869735040006,69.78754303600044],[160.13721764400066,69.71808502800047],[160.16944420700065,69.70327383000051],[160.18897545700054,69.70197174700053],[160.1518660820003,69.72044505400038],[160.1411238940002,69.72866445500034],[160.25586998800043,69.71869538000038],[160.2920028000001,69.70880768400059],[160.311859571,69.70001862200047],[160.3205672540006,69.6900902360004],[160.3215438160006,69.67593008000046],[160.3186141290006,69.65420156500039],[160.3839624360004,69.67487213700042],[160.44906660200047,69.68545156500033],[160.51596113400058,69.6872012390005],[160.67622499562344,69.66986762289469],[160.71949303500026,69.66518789300045],[160.8483992850006,69.63507721600047],[160.86548912900025,69.63397858300044],[160.8972274100006,69.64622630400032],[160.9150496750002,69.6467145850005],[160.92554772200026,69.64207591400049],[160.93360436300065,69.63491445500046],[160.94076582100024,69.62677643400042],[160.94922936300065,69.61945221600052],[160.99463951900054,69.5931664080004],[161.0063582690001,69.57733795800044],[160.99024498800065,69.56110260600042],[160.9589949880003,69.54022858300038],[160.94507897200015,69.5170352230005],[160.93653405000032,69.49103424700053],[160.92123457100035,69.4618187520004],[160.9377547540006,69.44013092700033],[160.94125410200058,69.43178945500046],[160.9423934250001,69.41742584800045],[160.94629967500055,69.40302155200061],[160.9560653000002,69.39484284100041],[160.96941165500004,69.38686758000034],[160.9834090500001,69.37299225500044],[160.9884546230004,69.36176178600039],[160.99317467500066,69.33881256700039],[161.00049889400032,69.3283145200005],[161.0092879570002,69.31899648600046],[161.01710045700054,69.30768463700036],[161.0227156910006,69.29559967700038],[161.02491295700054,69.28367747600043],[161.02173912900048,69.27081940300047],[161.01441491000048,69.26007721600047],[161.00709069100049,69.25177643400042],[161.00391686300054,69.24607982000032],[161.00855553500048,69.23395416900041],[161.0307723320003,69.2091332050004],[161.03858483200065,69.19489166900047],[161.03598066500058,69.16266510600042],[161.01246178500026,69.14618561400044],[160.98324629000012,69.13178131700045],[160.96290123800054,69.10553620000047],[161.05909264400054,69.06956614800038],[161.28728274800017,69.0438906920005],[161.3403426440001,69.0275332700005],[161.39014733200065,69.0055199240004],[161.41537519600013,68.98200104400064],[161.4108992850006,68.96356842700061],[161.39405358200042,68.94342682500047],[161.34343509200016,68.89948151200053],[161.31234785200047,68.88239166900041],[161.2993270190001,68.87274811400033],[161.29135175900012,68.86212799700047],[161.2837020190001,68.84048086100069],[161.27881920700054,68.83120351800034],[161.26791425900046,68.82168203300046],[161.2412215500002,68.80548737200047],[161.2253524100006,68.79287344000056],[161.2218530610005,68.79328034100041],[161.21941165500016,68.79218170800038],[161.2168074880001,68.78400299700036],[161.21615644600058,68.77887604400047],[161.21713300900046,68.76813385600053],[161.21412194100037,68.71743398600046],[161.2096460300005,68.6920840520005],[161.19906660200036,68.68097565300042],[161.1709090500001,68.67279694200039],[161.14665774800028,68.65273672100034],[161.1069442070002,68.60521067900055],[161.03174889400066,68.5604922550005],[160.9423934250001,68.5539004580005],[160.7580672540006,68.56427643400048],[160.77947024800062,68.53945547100057],[160.82105553500048,68.52741120000064],[160.9082137380001,68.52334219000056],[161.04688561300065,68.53440989800043],[161.09644616000048,68.5531680360005],[161.12045332100058,68.55744049700041],[161.134125196,68.56142812700045],[161.14991295700042,68.57086823100047],[161.25660241000026,68.66608307500047],[161.2712508470005,68.67413971600047],[161.3308211600006,68.69196198100047],[161.34701582100058,68.7014020850005],[161.30616295700065,68.7333438170005],[161.29029381600026,68.75372955900036],[161.30648847700058,68.76642487200053],[161.31478925900046,68.78363678600056],[161.31910241000037,68.79022858300033],[161.32764733200054,68.79706452000045],[161.4323022800005,68.84601471600052],[161.47779381600026,68.87905508000046],[161.5333764980005,68.8949649110005],[161.55876712300005,68.90692780200044],[161.57406660200002,68.92112864800049],[161.57585696700062,68.93260325700055],[161.57081139400032,68.94651927300038],[161.56617272200003,68.9683291690007],[161.5670679050006,69.00169505400049],[161.5656844410006,69.01487864800043],[161.55876712300005,69.02977122600038],[161.5407007170004,69.04755280200067],[161.4991968110004,69.07192617400045],[161.48365319100003,69.09186432500053],[161.48178144600047,69.10040924700053],[161.48324629000058,69.11595286700037],[161.48047936300065,69.1229515650005],[161.44890384200016,69.15395742400045],[161.46607506600049,69.16852448100053],[161.46558678500037,69.18195221600035],[161.45346113400046,69.19415924700064],[161.43555748800054,69.20482005400049],[161.39926191500047,69.22125885600047],[161.46314537900048,69.28705475500055],[161.4572046230005,69.30158112200047],[161.42725670700008,69.31924062700051],[161.41537519600013,69.3314476580004],[161.45557701900066,69.33079661700043],[161.47559655000055,69.33454010600047],[161.48365319100003,69.34511953300051],[161.47738691500058,69.3556175800004],[161.44800866000048,69.37030670800056],[161.4358016290006,69.37986888200038],[161.4738061860005,69.39704010600042],[161.60035241000048,69.42829010600036],[161.62794030000066,69.44367096600041],[161.6764429050005,69.48232656500033],[161.70264733200054,69.49591705900042],[161.72632897200015,69.5002302100005],[161.7475692070003,69.50120677300038],[161.76807701900054,69.50560130400066],[161.80445397200026,69.5297305360005],[161.8237410820002,69.53465403900043],[161.84408613400046,69.53534577000039],[161.90503991000037,69.52521393400053],[161.945648634,69.5279808610004],[162.02556399800028,69.55117422100062],[162.01465905000055,69.57343170800038],[162.0302840500002,69.58397044500043],[162.0864363940002,69.59210846600047],[162.12647545700042,69.6100528020005],[162.1381942070003,69.61261627800047],[162.1530867850006,69.61371491100033],[162.16871178500026,69.61676666900041],[162.1962996750001,69.62628815300059],[162.17847741000048,69.6281192080005],[162.17221113400035,69.63336823100042],[162.17644290500027,69.64105866100044],[162.17922619038768,69.64303086627098],[162.18970787900003,69.65045807500042],[162.2097274100006,69.6559105490004],[162.23047936300054,69.65363190300047],[162.25163821700028,69.64883047100062],[162.27182050900058,69.6467145850005],[162.29851321700005,69.65167877800047],[162.31788170700065,69.66290924700036],[162.32813561300054,69.67987702000033],[162.32715905000066,69.70197174700053],[162.3434350920005,69.70156484600051],[162.38851972700002,69.68154531500045],[162.4079695970005,69.67658112200047],[162.6213485040006,69.68154531500045],[162.65756269600024,69.67723216400037],[162.73023522200003,69.65851471600047],[162.75434524289494,69.65581886982574],[162.76880944100037,69.65420156500039],[162.79756625898767,69.65773980387434],[163.02312259200005,69.68549225500033],[163.08912194100026,69.70880768400059],[163.16504967500066,69.7208926450005],[163.30404707100013,69.72028229400041],[163.3537703790006,69.70742422100045],[163.39625084700037,69.71043528900037],[163.41635175900046,69.70880768400059],[163.46119225400025,69.6913516300005],[163.477875196,69.68773021000032],[163.58480879000024,69.68406810100043],[163.7730303990005,69.69440219400047],[163.89276446400038,69.73888248900045],[163.98226972700036,69.76459381700045],[164.02702884200062,69.77383047100051],[164.07276451900054,69.76850006700033],[164.10824629000012,69.75934479400053],[164.1193953790006,69.75287506700033],[164.12525475400037,69.74555084800033],[164.13038170700065,69.73069896000038],[164.13607832100035,69.72557200700044],[164.23707116000048,69.68260325700061],[164.3139754570002,69.6678734400005],[164.43913821700005,69.62075429900051],[164.53793379000047,69.60390859600051],[164.83425805000059,69.56740402800045],[165.26947092200066,69.59795357200039],[165.44497628285194,69.59709781698399],[165.67472913900042,69.59597755400046],[165.73316491000026,69.5829125020004],[165.7892358730005,69.58466217700067],[165.94605553500048,69.55780670800038],[166.03199303500003,69.52968984600051],[166.0752059250002,69.52326080900048],[166.1172776946837,69.52405123710764],[166.35242760500057,69.52846914250824],[166.62964928500048,69.53367747600038],[166.69255618600062,69.51479726800034],[166.6984155610005,69.50674062700051],[166.68314993821866,69.49855382114896],[166.67823326900043,69.49591705900042],[166.75467088618325,69.49591705900042],[166.89380944100049,69.49591705900042],[166.93873131600026,69.5021019550004],[167.22413170650827,69.5986799175082],[167.50953209700026,69.69525788000038],[167.53500410200047,69.71385325700038],[167.58692467500055,69.74079010600042],[167.67408287900003,69.77187734600045],[167.7164819670005,69.77708567900055],[167.8020125660006,69.77521393400048],[167.8296004570002,69.77024974200043],[167.8481551440002,69.76373932500042],[167.89161217500043,69.73956940300042],[167.93824303500026,69.72223541900041],[167.96257571700005,69.71698639500045],[167.98715254000024,69.71503327000039],[168.00479198508742,69.7170111147513],[168.0361434250002,69.72052643400053],[168.0590926440002,69.71954987200036],[168.083343946,69.70880768400059],[168.0290052279163,69.69388367035901],[168.01400800900046,69.68976471600047],[167.99097741000048,69.68773021000032],[167.977875196,69.68325429900045],[167.9264429050005,69.65420156500039],[167.96550540500016,69.63434479400047],[168.10328209700026,69.60578034100041],[168.21973717500066,69.56785716400043],[168.24097741000048,69.55829498900039],[168.25407962300017,69.5443382830004],[168.2566024100006,69.53168366100033],[168.2531030610005,69.52342357000038],[168.24642988400024,69.51520416900053],[168.24040774800005,69.50275299700041],[168.23943118600062,69.49286530200044],[168.24138431100062,69.47174713700042],[168.24040774800005,69.4618187520004],[168.2321883470006,69.4414737000007],[168.1920679050005,69.37986888200038],[168.22087649800017,69.35187409100052],[168.23267662900014,69.33637116100033],[168.24040774800005,69.31842682500047],[168.23113040500027,69.29877350500044],[168.24366295700054,69.27594635600059],[168.2666121750001,69.25543854400036],[168.28825931100062,69.24266185100043],[168.32862389400054,69.22947825700044],[168.37183678500048,69.2211367860005],[168.65805097700047,69.21356842700038],[168.85059655000055,69.18805573100047],[168.9646102220006,69.15192291900041],[169.03956139400066,69.14134349200054],[169.11443118600016,69.11424388200044],[169.15235436300065,69.10553620000047],[169.30420983200042,69.09772370000047],[169.37126712300005,69.07656484600057],[169.41976972700047,69.02362702000039],[169.43311608200054,68.97431061400044],[169.43458092500055,68.88670482000049],[169.45386803500048,68.84544505400044],[169.48414147200003,68.82168203300046],[169.5239363940002,68.80532461100063],[169.62549889400066,68.77724844000045],[169.98829186300054,68.80265941000044],[170.35108483200054,68.82807038000044],[170.37810306100005,68.82123444200045],[170.39966881600014,68.81232330900042],[170.42286217500043,68.80707428600033],[170.4939070970005,68.80019765800051],[170.5515242850006,68.77195872600043],[170.58472741000048,68.76227448100042],[170.60954837300062,68.75234609600057],[170.6251733730005,68.74860260600047],[170.5493270190002,68.79303620000053],[170.5363875660006,68.81126536700043],[170.54574629000012,68.81232330900042],[170.55176842500055,68.8148867860005],[170.56373131600049,68.82493724200037],[170.4586694670005,68.8317324890005],[170.44019616000048,68.84544505400044],[170.44922936300054,68.86347077000045],[170.47608483200042,68.87494538000044],[170.52898196700062,68.88580963700042],[170.59457441500012,68.90900299700058],[170.63306725400048,68.91815827000062],[170.6598413420005,68.91376373900033],[170.66195722700013,68.90717194200039],[170.65308678500037,68.89207591400043],[170.65251712300062,68.88580963700042],[170.66041100400037,68.87767161700049],[170.69402103000039,68.85846588700053],[170.69361412900003,68.84804922100034],[170.69898522200026,68.83698151200042],[170.7087508470005,68.82835521000038],[170.72201582100058,68.82493724200037],[170.72803795700054,68.82196686400067],[170.72575931100016,68.83974844000039],[170.71452884200062,68.85944245000042],[170.70769290500016,68.8758812520004],[170.7087508470005,68.88548411700049],[170.71338951900054,68.90135325700061],[170.71452884200062,68.91034577000045],[170.70972741000048,68.91742584800056],[170.68734785200047,68.9310977230005],[170.68043053500026,68.94037506700039],[170.7592879570002,68.95380280200038],[170.87962471968467,68.98892518784004],[170.935302734375,68.92730712890676],[170.8591308593751,68.92248535156318],[170.8494873046875,68.81292724609432],[170.91607666015682,68.75109863281307],[170.97808837890648,68.66552734375063],[170.89227294921955,68.62268066406301],[170.7639160156258,68.55133056640676],[170.7639160156258,68.47027587890676],[170.7542767625655,68.35137142185977],[170.75434724715114,68.35133054483566],[170.7115169490462,68.24663426057913],[170.616338508813,68.18476827442754],[170.5487411350448,68.11717090065918],[170.54495467863808,68.11338444425263],[170.602061742778,67.98489354993762],[170.56399036668472,67.93730432982102],[170.3974280962766,67.84688481159947],[170.39067160719992,67.76918518721567],[170.38791025225328,67.73742960533127],[170.38493099823984,67.70167855716],[170.37839240822996,67.62321547705142],[170.44977623840487,67.55183164687651],[170.41329135988542,67.42869518187354],[170.41170486231158,67.42334075256167],[170.41169951060863,67.4233373121807],[170.27845504598508,67.33768015635178],[170.27214078722602,67.3335758881584],[170.18327660575187,67.27581417020019],[170.17681673989057,67.2619716004964],[170.14997613522326,67.20445601906584],[170.14996415167025,67.20443034002528],[170.0214732573554,67.11876974381539],[169.8787055970056,67.04738591364048],[169.82633356516544,66.98398819088573],[169.78828660348984,66.93793134254156],[169.78828607878404,66.93793070737229],[169.6360005744109,66.95220747340727],[169.31715279962964,66.95696639541893],[169.04113532295332,66.94268962938395],[169.00234549809568,66.93987877251027],[168.71276970414874,66.91889501932565],[168.47523198065073,66.86773304811072],[168.4034397733908,66.8522701111624],[168.299466892709,66.82107824695765],[168.07031523257456,66.75233274891752],[167.7752620678516,66.64287754264933],[167.51352135721027,66.61432401057954],[167.50330077976332,66.61356693076863],[167.12804867426576,66.58577047850957],[166.87886667004022,66.59451370672815],[166.8567901196011,66.5952883225329],[166.6236111180251,66.59052956739879],[166.62360294102973,66.59052940052123],[166.30475516624847,66.63335969862618],[165.9763895474439,66.63335969862618],[165.50246737192958,66.59458424790233],[165.45290812616122,66.59052940052123],[165.4326373804122,66.58730450915203],[165.24351555764815,66.55721694643961],[165.01508730108844,66.4858331162647],[164.73431090240047,66.32878868987973],[164.58689785131185,66.28123609275417],[164.586784320039,66.28119946976312],[164.57563403693575,66.22916481528102],[164.57253230032597,66.21469004443526],[164.572507554004,66.21457456159987],[164.61156549862835,66.1598934391269],[164.6200967741206,66.14794965343663],[164.62010263754075,66.1479086094995],[164.63913246216725,66.01469983711013],[164.58543357647238,65.96368589569977],[164.54395402193404,65.92428031888858],[164.42161153356676,65.84679674292255],[164.40126594458889,65.83391120323643],[164.40118636158422,65.83386080066703],[164.19655271508282,65.77199481451544],[163.87411426613005,65.64461172357107],[163.8110800321383,65.6197093101423],[163.36850028505387,65.45790596174584],[163.12103634044752,65.29134369133772],[162.94980046656895,65.17951618186606],[162.88784916187615,65.13905818696458],[162.7593582675613,65.02484405868472],[162.71159603233082,64.9675293764077],[162.6879744373864,64.93918346247483],[162.76411718957297,64.87255855431158],[162.7854479040335,64.83226720477586],[162.80694748767792,64.79165688011335],[162.7950990983178,64.7422885911127],[162.77839395560795,64.67268382982184],[162.5927959971532,64.58226431160028],[162.52054039905056,64.56101266509955],[162.3500909745585,64.51088048142537],[162.09310918592882,64.43949665125047],[162.0508991020672,64.42481488295084],[161.87419877339244,64.3633538990639],[161.7552322525636,64.27769800406656],[161.75522572310092,64.277693302854],[161.50776177849457,64.23962192676072],[161.29361028796984,64.21106839469076],[161.10809105917042,64.16349936166523],[161.10801232951508,64.16347917457432],[161.0998293198844,64.11165344690954],[161.09373927746674,64.07308317826306],[161.0937355634801,64.07305965635277],[161.12444651219107,64.0505382939653],[161.165119393655,64.0207115142245],[161.16374400047698,64.01108376197465],[161.15560154963168,63.95408660606125],[161.11192545256574,63.903691109445845],[161.0937355634801,63.88270277588617],[161.05273233535752,63.807530190993475],[161.03665590663047,63.77805673832745],[161.03662849934017,63.77800649162964],[160.8891019169787,63.668551285361445],[160.78466730131686,63.63641755746545],[160.7653699446755,63.63047990926816],[160.73900878756,63.61807465886096],[160.68450266264995,63.592424717726715],[160.68446827047728,63.592408533174876],[160.6816897875501,63.547952806330045],[160.67971046286516,63.51628361137381],[160.67970934846562,63.516265780988306],[160.70299003703735,63.503332065115615],[160.72253964657057,63.49247117093],[160.75542471874223,63.477523410852314],[160.8272359308271,63.4448819508134],[160.85578766632648,63.40681297014851],[160.85578946289706,63.40681057472011],[160.850556050715,63.401577162537365],[160.7796467107105,63.33066782253354],[160.5988076742674,63.202176928218705],[160.47612682714578,63.12550139876754],[160.40845079380097,63.08320387792719],[160.18478145925292,62.968989749647335],[159.98730026030023,62.87683185680248],[159.97067184119226,62.86907192788544],[159.9706299687282,62.86905238740246],[159.71840710211018,62.807186401250874],[159.63688210529904,62.7754822358242],[159.5470859096904,62.740561493087625],[159.31292734433202,62.73023096814529],[159.22347921289747,62.726284727052644],[159.03312233243105,62.707249039006],[158.80469407587134,62.6834544289477],[158.58578366333495,62.669177662912716],[158.3145251086703,62.56924030066784],[158.0718200860756,62.47406186043463],[157.74345446727102,62.45978509439965],[157.6241627391163,62.462843856660015],[157.55785650881626,62.46454401641131],[157.38177639438481,62.46454401641131],[157.20632706374283,62.389351446136004],[157.14858921581344,62.36460665416644],[156.8535360510905,62.202803305769976],[156.65366132660074,62.126660553583406],[156.39667953797107,62.01720534731521],[156.1396977493414,61.92678582909366],[155.81775489156666,61.772813157983876],[155.8113321305368,61.76974140270886],[155.81131419683322,61.76973105634136],[155.56386818593046,61.62697374235904],[155.1974311910326,61.48896500402088],[154.87382449423967,61.36999195372937],[154.62636054963332,61.33192057763608],[154.62634165928011,61.33191842557051],[154.59166930703464,61.327968410757705],[154.25040571071213,61.28909027953114],[154.1090742713618,61.2866107805952],[153.97914715604747,61.28433135751948],[153.91942669884452,61.274810704922004],[153.6507815372429,61.23198321539121],[153.43663004671816,61.21294752734457],[153.21296071217012,61.23674213740287],[153.08723632414217,61.285634954969396],[153.04163951975033,61.30336704556612],[152.88145214930114,61.31278983206312],[152.79893449715564,61.3176438116011],[152.52291702047933,61.25577782544951],[152.1993103236864,61.198670761309586],[151.96612314511503,61.1605993852163],[151.78052518666027,61.15584046320464],[151.65203429234543,61.198670761309586],[151.4378828018207,61.336679499647744],[151.27607945342425,61.37950979775269],[151.07144580692284,61.39854548579933],[150.95247275663132,61.37475087574103],[150.65741959190836,61.350956265682726],[150.30050044103382,61.36523303171771],[150.12917924861404,61.417581173845974],[150.01496512033418,61.417581173845974],[149.86267961596104,61.36999195372937],[149.62949243738967,61.341438421659404],[149.42961771289993,61.29860812355446],[149.15835915823527,61.25577782544951],[148.9489665897222,61.24625998142619],[148.8329016108563,61.26785346586638],[148.7443329432208,61.28433135751948],[148.6434093479047,61.30163254528793],[148.41120840240455,61.341438421659404],[148.22126988113882,61.35952780463725],[148.2113336779148,61.36047410970605],[148.2113218577664,61.360471910608794],[148.0067000314134,61.32240273361276],[147.84489668301694,61.279572435507816],[147.6227256509468,61.22402967749019],[147.6165078222391,61.222475220313186],[147.61646842645723,61.22246537136789],[147.40707585794416,61.274813513496156],[147.1596119133378,61.3176438116011],[146.93594257878976,61.24150105941453],[146.74082677631202,61.24625998142619],[146.6599251021138,61.32240273361276],[146.58854127193888,61.45565254993926],[146.44578586534396,61.517513226130575],[146.44577361158906,61.51751853609085],[146.4303338806816,61.51707740092212],[146.11264907077282,61.508000692067526],[145.96633855998118,61.46477258660627],[145.90325650225975,61.44613470591594],[145.63675686960676,61.355715187694386],[145.56710439782637,61.32943123607902],[145.38453400298874,61.260536747461174],[145.1227932923474,61.21294752734457],[144.8858412466301,61.197950562425774],[144.74683845342622,61.189152917286265],[144.68709320982043,61.196621072737116],[144.5564815729598,61.21294752734457],[144.45654421071492,61.25101890343785],[144.4565336069836,61.25107899125027],[144.44969160072242,61.289850360064065],[144.44226744467994,61.33192057763608],[144.45178528870326,61.4508936279276],[144.40226917788402,61.48517401234102],[144.38991930255168,61.493723926032544],[144.16149104599197,61.51751853609085],[144.1586990641141,61.51745360627979],[143.95685739949056,61.51275961407919],[143.83312542718738,61.584143444254096],[143.6618042347676,61.70787541655727],[143.4571705882662,61.74594679265056],[143.15259957951992,61.83160738886045],[142.89561779089024,61.883955530988715],[142.6719484563422,61.974375049210266],[142.67190655723357,61.97447455959332],[142.661557540162,61.99905347514027],[142.6338770802489,62.06479456743182],[142.54345756202736,62.0790713334668],[142.29123469540934,62.06955348944348],[142.1389491910362,62.08383025547846],[142.029493984768,62.126660553583406],[141.87720848039487,62.17900869571167],[141.54408393957863,62.21708007180496],[141.29661999497227,62.22183899381662],[141.04915605036592,62.202803305769976],[140.85404024788784,62.13617839760673],[140.64940660138643,62.06479456743182],[140.55755211313226,62.011978236685195],[140.45904972092,61.955339361163624],[140.24013930838362,61.77450032472052],[140.24013183311513,61.77449122439293],[140.13068410211542,61.64125050839402],[140.1069041607243,61.48905888349003],[140.10688949205712,61.48896500402088],[140.192550088267,61.44613470591594],[140.1926751867545,61.44611236690048],[140.19587872423006,61.445540306636985],[140.3257999045935,61.422340095857635],[140.54946923914156,61.36047410970605],[140.7493439636313,61.2938492015428],[140.91590623403943,61.23198321539121],[140.97301329817935,61.108251243088034],[141.06819173841257,60.92265328463327],[141.15861125663412,60.76560885824847],[141.18204468200418,60.62500830603159],[141.19192371071574,60.565734133758724],[141.19188983181846,60.5657021370219],[141.1505740525705,60.52668167884332],[141.10626311450585,60.484832459560494],[140.95873653214437,60.413448629385584],[140.75886180765463,60.30399342311739],[140.52567462908326,60.15646684075591],[140.506933126283,60.140068025805135],[140.4114605008034,60.05652947851104],[140.4114605008034,59.93764458283522],[140.4114605008034,59.93755642821952],[140.31152313855853,59.83761906597465],[140.26986562049183,59.74128605544411],[140.23538038637196,59.66153895154321],[140.23911483908978,59.523364200992546],[140.24013930838362,59.485458837111764],[140.24939484630113,59.44050336722887],[140.27345176246524,59.3236554887153],[140.25109051782965,59.19268248441978],[140.24013930838362,59.12853968623722],[140.2401180719345,59.12851273228205],[140.11640733608044,58.97149525985242],[139.99743428578893,58.83348652151426],[139.84038985940413,58.78113837938599],[139.62147944686774,58.73354915926939],[139.56667324259524,58.707668451696236],[139.45015825444796,58.65264748507116],[139.3835333462847,58.52415659075632],[139.3821194021059,58.48173826538391],[139.37877442427305,58.3813889304065],[139.32166736013312,58.23386234804502],[139.30628289023946,58.223093219119335],[139.1313104796667,58.100612531718525],[138.90764114511865,57.92453241728708],[138.72614587573503,57.88264889358322],[138.72204318666388,57.88170211918214],[138.47457924205753,57.77224691291394],[138.13193685721797,57.51050620227261],[138.0086121661136,57.334861945244995],[137.97489243083317,57.28683686772456],[137.7417052522618,57.1488281293864],[137.44665208753884,56.97274801495496],[137.19918814293248,56.944194482884996],[137.09922219865518,56.87921661910423],[137.00883126246606,56.82046251058182],[136.8470279140696,56.634864552127056],[136.75332941419936,56.55636040358684],[136.67094779963816,56.487337969765576],[136.5928200334672,56.42850363215365],[136.4387857179339,56.31250765059713],[136.43875884448858,56.31248741347247],[136.38046329718077,56.31617700507411],[136.28801458304554,56.284247289587256],[136.25927328525188,56.27432068898668],[136.0094298796397,56.13155302863686],[135.8063241395356,56.05256746304076],[135.79528355576963,56.0482739026873],[135.79527838911497,56.0482718934328],[135.78612840117466,56.038359406497534],[135.65251072876515,55.89360692805383],[135.35507810303636,55.727044657645706],[134.96246703707436,55.786531182791464],[134.5341640560249,55.786531182791464],[134.33190987052933,55.77463387776231],[133.89170958445072,55.75083926770401],[133.6432506159963,55.83365892385581],[133.64186617883854,55.83412040290807],[133.60090601265438,55.823880361362],[133.3563308581389,55.76273657273316],[132.80905482679793,55.727044657645706],[132.46403298095254,55.77463387776231],[132.35695723569017,55.82222309787892],[132.21418957534036,55.73894196267486],[132.02383269487393,55.73894196267486],[131.7716891436221,55.73584668048272],[131.77165510627583,55.73585802626479],[131.6860285474122,55.764400212552346],[131.44332352481752,55.82150727669227],[131.26486394938024,55.94285978798962],[131.12209628903042,56.035658767217],[130.9008064154882,56.035658767217],[130.22979841184406,56.04993553325198],[129.90857117605697,56.04993553325198],[129.54451364216493,56.09990421437442],[129.1661793422379,56.12845774644438],[128.71646121213598,56.149872895496856],[128.309573380139,56.18556481058431],[128.00976129340438,56.19984157661929],[127.74564112175722,56.18556481058431],[127.42441388597013,56.17128804454933],[127.2102623954454,56.18556481058431],[126.90331192569329,56.299778938864165],[126.63205337102863,56.306917321881656],[126.44645541257387,56.25694864075922],[126.23944230506663,56.292640555846674],[126.03956758057689,56.23553349170675],[125.83255447306965,56.228395108689256],[125.65409489763238,56.24981025774173],[125.44708179012514,56.23553349170675],[125.29003736374034,56.1927031936018],[125.09730102226808,56.12845774644438],[124.94739497890077,56.02138200118202],[124.62616774311368,55.914306255919655],[124.26211020922165,55.77867697858733],[123.89805267532961,55.65732446728998],[123.53399514143757,55.51455680694016],[123.29129011884288,55.41461944469529],[123.09141539435313,55.300405316415436],[122.91295581891586,55.16477603908311],[122.75591139253106,55.0148699957158],[122.51320636993637,54.914932633470926],[122.27763973035917,54.87924071838347],[122.11345692095688,54.89351748441845],[121.98496602664204,54.822133654243544],[121.83505998327473,54.743611441051144],[121.55666304559259,54.686504376911216],[121.34964993808535,54.607982163718816],[121.20688227773553,54.55801348259638],[120.97845402117582,54.515183184491434],[120.7571641476336,54.436660971299034],[120.6072581042663,54.27247816189674],[120.54136686324671,54.18156292263211],[120.34863052177445,54.0887639434049],[120.14875579728471,54.0102417302125],[119.95601945581245,53.94599628305508],[119.6847609011478,53.96741143210755],[119.47060941062307,53.903165984950135],[119.23504277104587,53.753259941582826],[119.00661451448616,53.6176306642505],[118.85670847111885,53.581938749163044],[118.64969536361161,53.589077132180535],[118.51406608627929,53.589077132180535],[118.44982063912187,53.660460962355444],[118.24994591463212,53.674737728390426],[118.08576310522983,53.660460962355444],[117.89302676375758,53.596215515198026],[117.66459850719787,53.50341653597064],[117.51469246383056,53.517693302005625],[117.50755408081307,53.64618419632046],[117.50041569779557,53.738983175547844],[117.45044701667314,53.79609023968777],[117.27198744123586,53.84605892081021],[117.05783595071114,53.903165984950135],[116.89365314130885,54.03165687926497],[116.77943901302899,54.14587100754483],[116.52959560741681,54.18870130564977],[116.35440779086264,54.25453306014441],[116.32287993253522,54.33809179913271],[116.34499886582933,54.35116207789724],[116.73214722553803,54.423752395342774],[117.05575392233095,54.518930835575986],[117.53164612349701,54.60459143178588],[117.96946694856979,54.77591262420566],[118.17885951708286,54.98530519271873],[118.29307364536271,55.118555009045224],[118.25500226926943,55.48023308193143],[118.09319892087296,55.908536062980886],[117.90284204040654,56.22262491575049],[117.80766360017333,56.55574945656673],[117.90284204040654,56.93646321749958],[118.0170561686864,57.27910560233914],[118.08368107684964,57.754997803505205],[118.25500226926943,58.09764018834477],[118.42632346168921,58.48787179330094],[118.53101974594574,58.80196064607054],[118.67378740629556,59.08749596677018],[118.62619818617895,59.35399559942317],[118.35018070950264,59.56338816793624],[118.0170561686864,59.73470936035602],[117.50309259142705,59.839405644612555],[117.20803942670409,59.89651270875248],[116.96057548209774,60.04879821312562],[116.77973644565463,60.077351745195585],[116.68455800542142,60.229637249568725],[116.46564759288503,60.458065506128435],[116.17059442816208,60.619868854524896],[115.84698773136915,60.64842238659486],[115.52338103457623,60.63890454257154],[115.37109553020309,60.75311867085139],[115.4662739704363,60.88636848717789],[115.63759516285609,61.06720752362099],[115.58048809871616,61.20997518397081],[115.32350631008649,61.27660009213406],[114.93327470513032,61.314671468227345],[114.53352525615082,61.37177853236727],[114.20040071533458,61.4288855965072],[113.75306204623848,61.381296376390594],[113.2676520010491,61.238528716040776],[112.72513489171979,61.32418931225067],[112.38249250688023,61.381296376390594],[111.93515383778532,61.34322500029731],[111.30697613224612,61.238528716040776],[110.91674452728995,61.18142165190085],[110.1743526934709,61.18142165190085],[109.85074599667797,61.18142165190085],[109.61279989609494,61.10527889971428],[109.18449691504549,60.90540417522453],[108.6990868698561,60.74360082682807],[108.42306939317979,60.686493762688144],[108.09946269638687,60.686493762688144],[107.87103443982716,60.72456513878143],[107.78537384361726,60.86733279913125],[107.66164187131409,61.10527889971428],[107.45224930280102,61.314671468227345],[107.0810533858915,61.381296376390594],[106.52901843253886,61.390814220413915],[105.59626971825338,61.466956972600485],[105.01568123283079,61.51454619271709],[104.95836240184025,61.49250048848995],[104.90723729749021,61.58259877748378],[104.90148587049651,61.60848019895519],[104.89296053145523,61.6468442246412],[104.92865244654269,61.66112099067618],[104.98575951068261,61.73250482085109],[104.98575951068261,61.82530380007847],[105.03572819180505,61.89668763025338],[105.11425040499745,61.96807146042829],[105.1499423200849,62.0394552906032],[105.25701806534727,62.068008822673164],[105.25701806534727,62.12511588681309],[105.2356029162948,62.18936133397051],[105.26415644836476,62.317852228285346],[105.33554027853967,62.4320663565652],[105.37837057664461,62.467758271652656],[105.36409381060963,62.55341886786255],[105.44975440681952,62.58197239993251],[105.471169555872,62.6676329961424],[105.42833925776705,62.703324911229856],[105.5425533860469,62.78184712442226],[105.49258470492447,62.86750772063215],[105.42120087474956,62.93889155080706],[105.42120087474956,62.995998614946984],[105.3141251294872,63.05310567908691],[105.32126351250469,63.17445819038426],[105.17849585215487,63.2958107016816],[105.11425040499745,63.36005614883902],[104.97148274464763,63.4528551280664],[104.69335897229706,63.545614816631655],[105.06346546843793,64.0443558876508],[105.47305666311206,64.59630499754701],[105.64748656405266,64.95762407806689],[105.90691894511656,65.49501972455624],[106.27177137077598,66.25078546342235],[106.67112872460797,66.76424491834916],[106.7662138088537,67.06851718793547],[107.07349039124654,67.39800653532046],[107.55542000809322,67.91477443772243],[107.55542000809322,68.5043019600459],[107.97379437877436,68.94169334757612],[107.99281139562345,69.53122086989958],[108.2187664094804,69.8011727110457],[108.6057203116639,69.92348257616561],[108.94366223808066,70.1397654090722],[109.18978304655599,70.25503718013039],[110.07804428227269,70.67105826521276],[110.44600656916305,70.84339503249049],[110.78473270050813,70.99506344951072],[111.54407438571076,71.33506718915373],[112.53463839487313,71.7786033126601],[112.99428682694679,71.98441604343901],[113.03479548527957,72.19015156089932],[113.31734062901114,72.34829532598388],[113.56451479162229,72.62670578387053],[113.57143213408392,72.63967135694048],[113.79379316500047,72.6229515645083],[114.09034264400043,72.60065338700048],[114.04216556100062,72.62067291900047],[113.71656334749275,72.65064118050822],[113.58380380968208,72.66286030058592],[113.39096113400012,72.6806094420005],[113.23804772200037,72.73541901200042],[113.22510826900054,72.7445742860005],[113.21583092500032,72.77558014500039],[113.2057397800005,72.78359609600045],[113.19336998800054,72.78912995000059],[113.18262780000066,72.7954776060007],[113.15821373800009,72.82269928600061],[113.15967858200054,72.83795807500059],[113.18043053500014,72.84906647300056],[113.25766035200047,72.87881094000045],[113.35352623800009,72.89126211100046],[113.51685631600049,72.95294830900036],[113.54224694100037,72.97736237200041],[113.51921634200005,73.01703522300033],[113.53093509200039,73.04840729400058],[113.60059655000055,73.10398997600032],[113.59913170700054,73.1278750670005],[113.52930748800077,73.18268463700042],[113.53174889400032,73.21385325700038],[113.53630618600062,73.22060781500045],[113.54249108200054,73.23627350500055],[113.54908287900037,73.24428945500034],[113.56234785200024,73.25340403900043],[113.67261803500071,73.29266998900056],[113.69483483200054,73.30951569200033],[113.70818118600062,73.3173281920005],[113.72413170700065,73.32062409100047],[113.85254967500055,73.31411367400068],[113.9267684250002,73.33124420800033],[114.00025475400003,73.33445872600038],[114.0358179050005,73.34731679900051],[113.99024498800054,73.36054108300044],[113.84359785200047,73.34731679900051],[113.79737389400043,73.35089752800053],[113.77507571700039,73.35614655200038],[113.69516035200047,73.3866234400005],[113.64226321700073,73.39435455900042],[113.60352623800065,73.40753815300036],[113.5354110040006,73.4398460960004],[113.51596113400001,73.45624420800038],[113.48585045700042,73.49477773600046],[113.46656334700003,73.50495026200053],[113.49366295700054,73.51064687700051],[113.6826278000002,73.52204010600036],[113.91504967500066,73.53583405200038],[114.1091414720006,73.59955475500033],[114.39189700600059,73.59607575100046],[114.67465254000058,73.59259674700053],[114.69470212888359,73.59638263126601],[114.73218834700003,73.60346100500044],[114.85352623800054,73.60887278900037],[115.11158287900037,73.67511627800053],[115.41309655000032,73.71039459800056],[115.87476647200037,73.6893578150005],[116.1728621750002,73.67572663000055],[116.60287519600001,73.67479075700032],[117.0598250660006,73.61522044500049],[117.44385826900009,73.58877187700062],[117.73511803500026,73.58209870000047],[117.91358483200008,73.59601471600047],[118.18189537850822,73.59239329650836],[118.45020592500009,73.58877187700062],[118.79053795700054,73.55597565300042],[118.89771569100003,73.53046295800044],[118.99756920700065,73.49135976800045],[118.94776451900032,73.46588776200036],[118.88257897200003,73.45189036700049],[118.81519616000003,73.44953034100047],[118.75896243600005,73.45892975500044],[118.73796634200028,73.45994700700044],[118.70655358200042,73.44391510600042],[118.68311608200054,73.44513580900048],[118.63917076900054,73.45319245000047],[118.62631269600013,73.4571800800004],[118.6193953790006,73.4621035830005],[118.60670006600026,73.47577545800067],[118.5993758470006,73.48102448100036],[118.57618248800031,73.48627350500033],[118.48951256600049,73.48444245000047],[118.46713300900058,73.47809479400053],[118.43311608200054,73.44993724200043],[118.41163170700065,73.44354889500045],[118.39429772200003,73.44041575700038],[118.37183678500048,73.43170807500053],[118.35287519600035,73.41876862200047],[118.34644616000037,73.40253327000045],[118.35857181100027,73.38857656500033],[118.38298587300005,73.37978750200045],[118.40967858200042,73.3753929710004],[118.42839603000004,73.3746605490004],[118.41602623800054,73.36139557500042],[118.37305748800031,73.34023672100034],[118.3706160820002,73.3299828150005],[118.37940514400043,73.31415436400067],[118.37208092500043,73.30438873900044],[118.35971113400058,73.29547760600042],[118.35328209700003,73.28241608300033],[118.35914147200049,73.27826569200039],[118.39421634200005,73.23802317900055],[118.40552819100049,73.23358795800033],[118.4332788420005,73.22866445500057],[118.44564863400046,73.22040436400056],[118.45346113400046,73.21385325700038],[118.46241295700042,73.2094180360005],[118.91765384200062,73.11953359600051],[119.08822675900046,73.10639069200039],[119.25245201900066,73.0731875670005],[119.36670983200054,73.0790876320005],[119.45997155000055,73.06415436400033],[119.49854576900054,73.0622012390005],[119.53451582100024,73.05524323100047],[119.56666100400003,73.0326602230005],[119.58326256600026,73.00901927300055],[119.5929468110005,73.00287506700062],[119.61312910200024,72.99848053600033],[119.66016686300054,72.99892812700051],[119.68539472700013,72.99469635600059],[119.69646243600062,72.98110586100046],[119.72250410200058,72.95892975500038],[120.12810306050812,72.91657135650831],[120.5337020190002,72.8742129580005],[120.57349694100037,72.88861725500044],[120.54037519600047,72.9013125670005],[120.19096927149269,72.92908356300057],[119.84156334700049,72.95685455900048],[119.80713951900066,72.96751536700037],[119.77833092500055,72.98480866100039],[119.76384524800062,73.00828685100055],[119.78337649800051,73.01801178600061],[120.23121178500003,72.98627350500044],[120.4235945970006,72.9882266300005],[120.65601647200037,72.97736237200041],[120.82496178500003,72.94745514500045],[121.05469811300054,72.93178945500046],[121.13591556100039,72.94773997600049],[121.25269616000048,72.95111725500038],[121.38819420700042,72.97606028900043],[121.66960696700005,72.97052643400042],[121.73487389400032,72.95831940300053],[121.74870853000004,72.96027252800053],[121.79135175900046,72.97687409100058],[121.96371504000035,72.96369049700047],[121.95460045700054,72.95197174700041],[121.92888431100005,72.93878815300064],[121.9235132170005,72.92584870000053],[121.9338485040006,72.92413971600052],[122.04330488400046,72.89154694200045],[122.4231063160006,72.87498607000032],[122.53419030000066,72.83901601800045],[122.62338300900058,72.82770416900036],[122.73218834700049,72.82656484600051],[122.31324303500048,72.93439362200036],[122.30827884200005,72.94135163000038],[122.32129967500066,72.95010000200051],[122.35987389400054,72.9501813820005],[122.84310957100047,72.87250397300039],[122.87256920700065,72.87250397300039],[122.95337975400014,72.89154694200045],[122.69503828250834,72.93445465700034],[122.43669681100039,72.97736237200041],[122.43588300900046,72.98078034100052],[122.43604576900043,72.98358795800038],[122.43490644600013,72.98517487200041],[122.43043053500026,72.98480866100039],[122.44857832100058,72.98989492400051],[122.46713300900035,72.99160390800051],[122.50505618600027,72.99103424700036],[122.47144616000026,73.0092227230005],[122.46469160200058,73.01898834800039],[122.61378014400032,73.0309512390005],[122.75928795700042,73.00446198100042],[122.85914147200015,72.99848053600033],[122.86752363400058,72.99323151200053],[122.87061608200065,72.98118724200054],[122.87566165500004,72.96784088700053],[122.88998457100047,72.9586856140005],[123.13795006600049,72.91803620000053],[123.19092858200054,72.92210521000038],[123.21452884200062,72.92755768400053],[123.23454837300017,72.9347191430004],[123.25228925900058,72.94513580900053],[123.27003014400043,72.96027252800053],[123.28785241000014,72.96869538000044],[123.33814537900037,72.98110586100046],[123.34864342500043,72.98798248900044],[123.34262129000058,72.99909088700048],[123.31812584700049,73.01312897300045],[123.31430097700047,73.02578359600057],[123.32260175900001,73.0345726580004],[123.3696395190002,73.06610748900039],[123.38306725400048,73.07949453300046],[123.40040123800054,73.09320709800056],[123.42009524800051,73.09955475500044],[123.44125410200058,73.09031810100038],[123.44516035200013,73.08454010600042],[123.44703209700037,73.07892487200053],[123.45045006600049,73.07465241100056],[123.4587508470006,73.07294342700055],[123.4633895190002,73.07489655200044],[123.46794681100016,73.07957591400037],[123.47046959700026,73.08539459800062],[123.46656334700026,73.09699127800053],[123.46957441500035,73.10171133000046],[123.46941165500039,73.10626862200041],[123.45687910200058,73.11261627800053],[123.4440210300005,73.11424388200032],[123.41578209700049,73.11200592700038],[123.4038192070002,73.11456940300036],[123.39730879000047,73.12164948100053],[123.37582441500035,73.15550364800055],[123.40088951900009,73.17430247600043],[123.45191491000026,73.18634674700036],[123.54712975400014,73.19708893400036],[123.51295006600014,73.17597077000045],[123.54509524800051,73.16083405200038],[123.58529707100001,73.16034577000045],[123.66382897200049,73.16982656500056],[123.60922285200047,73.18280670800067],[123.62029056100062,73.19379303600033],[123.6364852220006,73.19708893400036],[123.65455162900048,73.19847239800043],[123.67066491000014,73.20331452000033],[123.6506453790006,73.21523672100045],[123.6252547540006,73.21881745000053],[123.55347741000026,73.21759674700053],[123.53858483200065,73.22040436400056],[123.52442467500009,73.22687409100035],[123.50611412900048,73.23802317900055],[123.51295006600014,73.23802317900055],[123.5022078790006,73.24042389500045],[123.49268639400032,73.24445221600041],[123.48487389400032,73.25018952000067],[123.47950280000009,73.25787995000047],[123.5009871750002,73.25787995000047],[123.5094507170005,73.26557038000033],[123.50261478000004,73.27464427300032],[123.41382897200049,73.28632233300044],[123.39625084700015,73.29266998900056],[123.37891686300043,73.30475495000047],[123.33765709700049,73.34100983300038],[123.33179772200049,73.35073476800056],[123.39828535200036,73.38011302300032],[123.41334069100037,73.39093659100041],[123.37582441500035,73.39508698100042],[123.29346764400032,73.38971588700048],[123.25033613400012,73.39297109600045],[123.21810957100035,73.40875885600059],[123.23926842500009,73.41681549700041],[123.29590905000043,73.42108795800033],[123.30746504000001,73.4264590520005],[123.30250084700015,73.43732330900048],[123.28980553500048,73.44619375200051],[123.27418053500037,73.45278554900051],[123.25977623800031,73.4571800800004],[123.28191165500039,73.46417877800036],[123.30746504000001,73.46629466400049],[123.33334394600047,73.4638532570005],[123.35596764400054,73.4571800800004],[123.37159264400066,73.44647858300038],[123.3835555350006,73.43577708500044],[123.39722741000048,73.43235911700043],[123.41732832100058,73.44354889500045],[123.39503014400032,73.46613190300059],[123.3610945970006,73.48358795800044],[123.28638756600026,73.50495026200053],[123.2882593110005,73.5084903020005],[123.28907311300065,73.51162344000056],[123.29053795700054,73.51479726800045],[123.29395592500055,73.51862213700048],[123.2707625660006,73.53461334800045],[123.24610436300065,73.54588450700038],[123.26644941500001,73.56391022300056],[123.3010360040006,73.56688060100049],[123.3696395190002,73.5595563820005],[123.3586531910006,73.57257721600047],[123.32553144600058,73.58266836100046],[123.31430097700047,73.59438711100051],[123.39665774800051,73.58124420800044],[123.42416425900001,73.58071523600057],[123.41602623800009,73.59682851800045],[123.40365644600047,73.60394928600061],[123.38933353000061,73.60968659100041],[123.37582441500035,73.62164948100042],[123.38648522200049,73.63182200700044],[123.38770592500066,73.64272695500034],[123.38135826900054,73.65326569200039],[123.3696395190002,73.66266510600042],[123.51254316500058,73.68720123900044],[123.54712975400014,73.71039459800056],[123.5688582690002,73.71605052300038],[123.5913192070002,73.71698639500056],[123.61207116000048,73.71124909100047],[123.62907962300017,73.69672272300045],[123.58790123800065,73.68366120000036],[123.57447350400003,73.67625560100038],[123.57935631600026,73.6743838560007],[123.58814537900014,73.66986725500044],[123.5949813160006,73.6688500020004],[123.58790123800065,73.65688711100046],[123.57601972700047,73.64850495000047],[123.56169681100016,73.64337799700041],[123.63013756600049,73.64085521000067],[123.65699303500003,73.63532135600053],[123.64323978000027,73.62856679900057],[123.61475670700054,73.6205101580004],[123.6018172540006,73.61481354400047],[123.64551842500043,73.60297272300033],[123.69125410200036,73.60419342700044],[123.78052819100003,73.62164948100042],[123.88575280000043,73.62360260600047],[123.88965905000043,73.63532135600053],[123.9470320970006,73.62636953300051],[123.97380618600027,73.62702057500053],[123.99952233200054,73.64150625200051],[123.97575931100005,73.65403880400044],[123.94629967500055,73.66046784100058],[123.92139733200065,73.66876862200041],[123.9108992850006,73.68683502800042],[123.90902754000035,73.69358958500055],[123.90528405000055,73.70042552300038],[123.90259850400025,73.70819733300038],[123.90349368600016,73.71723053600039],[123.90870201900066,73.72516510600036],[123.93140709700037,73.74518463700042],[123.91675866000037,73.7491722680004],[123.90235436300054,73.75527578300046],[123.88884524800051,73.76312897300045],[123.87671959700049,73.77252838700048],[123.90528405000055,73.77505117400057],[123.93287194100049,73.77456289300045],[123.9597274100006,73.76951732000049],[123.98601321700016,73.75885651200036],[124.01612389400054,73.73639557500047],[124.03353925900058,73.72699616100044],[124.05494225400003,73.7240664730005],[124.04395592500055,73.70929596600058],[124.00586998800054,73.7020531270004],[123.99284915500027,73.6905785180004],[124.05958092500032,73.68480052300038],[124.09449303500048,73.68817780200033],[124.10938561300065,73.70734284100041],[124.12964928500048,73.71898021000038],[124.2190047540006,73.7242699240004],[124.23926842500055,73.73460521000038],[124.23682701900054,73.7491722680004],[124.23414147200015,73.75576406500056],[124.23951256600037,73.75958893400042],[124.30640709700003,73.77472565300042],[124.31836998800054,73.78241608300038],[124.32886803500048,73.79975006700039],[124.33619225400048,73.80483633000051],[124.35254967500032,73.80658600500044],[124.3830672540006,73.80638255400055],[124.39625084700049,73.80239492400068],[124.40430748800043,73.7923851580004],[124.38672936300031,73.79096100500044]]],[[[127.69092858200042,73.5428734400005],[127.98129316500058,73.4940860050005],[128.06332441500035,73.49135976800045],[128.03248131600003,73.48358795800044],[127.7750757170005,73.49258047100045],[127.69743899800051,73.50543854400041],[127.6176863940002,73.50031159100047],[127.5390731130002,73.51561107000043],[127.40479576900009,73.51862213700048],[127.39234459700049,73.52545807500047],[127.42807050900001,73.53733958500032],[127.52027428500048,73.54564036700043],[127.69092858200042,73.5428734400005]]],[[[119.80225670700042,73.0394961610005],[119.74740644600035,73.03278229400041],[119.72071373800043,73.03384023600034],[119.70264733200054,73.04629140800046],[119.76465905000009,73.07294342700055],[119.73878014400009,73.0936953800005],[119.65853925900024,73.10858795800044],[119.63445071700039,73.12815989800032],[119.67172285200002,73.13080475500061],[119.79200280000066,73.1623395850005],[120.02198326900032,73.16811758000046],[120.24805748800054,73.11859772300045],[120.27857506600049,73.10089752800042],[120.26246178500048,73.08698151200042],[120.2258406910006,73.06622955900053],[120.2097274100006,73.05247630400044],[120.22437584700037,73.04193756700056],[120.23023522200015,73.0394961610005],[119.80225670700042,73.0394961610005]]],[[[129.3340608790005,72.77370331900039],[129.20704275200035,72.76189459800042],[128.98885477900058,72.77140547300053],[128.65300203200002,72.79186439100062],[128.4422401616639,72.80470323141878],[128.34448735362128,72.81065797409053],[128.31714928500014,72.81232330900048],[128.32116927647166,72.82717494540475],[128.32154381600003,72.82855866100039],[128.4190067020005,72.86926187200044],[128.51803866600017,72.87765319600038],[128.6678853793702,72.8821254427786],[128.73566124900003,72.88414824600045],[128.8437936420006,72.9098206750005],[128.99408262200052,72.93247107700057],[129.21965983500024,72.92640602700038],[129.3986125460002,72.8660226270004],[129.4171389990006,72.81259570200041],[129.3340608790005,72.77370331900039]]],[[[128.91016686300065,72.64008209800045],[128.94597415500039,72.62091705900042],[128.97445722700058,72.59381745000059],[128.89606735778466,72.59231955440066],[128.8722436860005,72.59186432500053],[128.84449303500037,72.5831973330005],[128.81674238400012,72.55902741100033],[128.80518639400054,72.5565860050005],[128.7812606130003,72.55621979400047],[128.76905358200042,72.5521914730005],[128.7732039720006,72.55084870000053],[128.78272545700054,72.54535553600039],[128.65333092500032,72.52749258000051],[128.61060631600049,72.5323753930005],[128.56478925900058,72.54360586100051],[128.47608483200042,72.55394114800043],[128.40520752400118,72.5532584421045],[128.38314863400046,72.55304596600041],[128.33936608200065,72.56102122600038],[128.2142739839727,72.60140300674846],[128.11109459700003,72.63471100500044],[128.10368899800005,72.63471100500044],[128.13453209700037,72.64350006700039],[128.21427398398282,72.6484674917599],[128.39352461000067,72.65963369350823],[128.6525171230004,72.67576732000043],[128.83106530000066,72.65521881700045],[128.87045332100047,72.65151601800045],[128.91016686300065,72.64008209800045]]],[[[137.87012780000055,71.57953522300056],[137.88399665995075,71.57227751001284],[137.90503991000026,71.56126536700043],[137.91423587300005,71.55849844000039],[137.92310631600049,71.55215078300034],[137.96583092500055,71.51068756700033],[137.94239342500055,71.49445221600041],[137.91206143330828,71.48340572771684],[137.76742597700047,71.43073151200053],[137.7187606130001,71.4213320980005],[137.7001594740649,71.41990124115932],[137.69336998800065,71.41937897300045],[137.58619225400048,71.43740469000039],[137.56183276757963,71.4518227888097],[137.52198326900066,71.47540924700047],[137.4821883470005,71.48403554900051],[137.47370095455483,71.48375422090442],[137.39503014400054,71.4811465520005],[137.3457137380002,71.49518463700053],[137.3181258470006,71.4991722680005],[137.29078209700003,71.49787018400042],[137.2668563160006,71.4901797550005],[137.30144290500016,71.48029205900036],[137.37680097700047,71.46718984600051],[137.41089928500048,71.45604075700038],[137.3945418630002,71.45001862200047],[137.38656660200024,71.4486351580004],[137.3767195970005,71.4486351580004],[137.38982181100062,71.43561432500053],[137.344086134,71.42755768400048],[137.0431421230005,71.51105377800036],[136.99187259200028,71.51752350500038],[137.02320397200015,71.5341250670005],[137.12826582100058,71.54726797100045],[137.2182723320002,71.57623932500053],[137.35426333146575,71.58185483050562],[137.47250410200058,71.58673737200064],[137.58008873800054,71.57684967700044],[137.6095483730005,71.57965729400047],[137.67090905000066,71.59324778900043],[137.7060653000002,71.59642161700049],[137.85377037900014,71.58364492400057],[137.87012780000055,71.57953522300056]]],[[[160.69377230400028,70.8962975340005],[160.69747752400042,70.88686405100037],[160.70610545500028,70.87670869500033],[160.72348066500047,70.83844635600042],[160.74382571700005,70.82542552300049],[160.76397367800007,70.80404488700037],[160.68252988500035,70.80210578000043],[160.5972496450005,70.79296921000048],[160.5040656910004,70.80501215600037],[160.50956163500052,70.83354572000047],[160.5455521190005,70.85147368700052],[160.55281050300016,70.88478811400046],[160.5036727220005,70.89061107000038],[160.4813891940006,70.87739600700036],[160.4507459790001,70.87218586000051],[160.40796959700015,70.91425202000045],[160.42481530000043,70.92792389500039],[160.4565535820002,70.93475983300044],[160.51783287900014,70.93528880400038],[160.54184004000035,70.93048737200053],[160.67438511800003,70.91421070000041],[160.69377230400028,70.8962975340005]]],[[[161.58668053500048,70.81801992400034],[161.61052493600016,70.81586334800045],[161.63412519600047,70.81663646000044],[161.6562606130001,70.81338125200057],[161.67603600400037,70.7987735050005],[161.66228274800017,70.79132721600052],[161.6701766290006,70.77997467700044],[161.6887313160006,70.7606875670005],[161.69459069100037,70.7504336610005],[161.66521243600027,70.75238678600033],[161.63868248800054,70.75779857000049],[161.57056725400003,70.78766510600036],[161.55518639400043,70.79071686400044],[161.52149498800043,70.79132721600052],[161.50668379,70.79364655200038],[161.47868899800062,70.80341217700044],[161.46314537900048,70.80499909100047],[161.47706139400054,70.8097191430004],[161.4869897800005,70.8173688820005],[161.49000084700015,70.82758209800033],[161.48365319100003,70.8397484400005],[161.53052819100049,70.84162018400048],[161.54517662900048,70.8397484400005],[161.55567467500032,70.83535390800051],[161.57618248800065,70.82245514500039],[161.58668053500048,70.81801992400034]]],[[[162.43458092500032,70.67283763200032],[162.4841414720005,70.65412018400048],[162.4509383470005,70.65363190300047],[162.3507593110005,70.64052969000039],[162.23780358200054,70.65412018400048],[162.23780358200054,70.66095612200047],[162.2636824880002,70.6618106140005],[162.27182050900058,70.66095612200047],[162.27930748800054,70.66095612200047],[162.2924910820003,70.66575755400038],[162.29851321700005,70.66559479400041],[162.30616295700008,70.66095612200047],[162.34555097700047,70.66205475500033],[162.36280358200042,70.66600169500043],[162.36963951900054,70.66998932500047],[162.37614993600016,70.67894114800049],[162.38168379000047,70.68146393400053],[162.40552819100026,70.68024323100053],[162.43458092500032,70.67283763200032]]],[[[169.41228274800005,69.77024974200043],[169.41228274800005,69.76341380400038],[169.32194342788318,69.76921985102842],[169.3059188160006,69.77024974200043],[169.28565514400032,69.76707591400037],[169.27759850400003,69.75950755400049],[169.28256269600024,69.7504336610005],[169.30250084700015,69.74298737200053],[169.2784936860005,69.71995677300038],[169.28386478000016,69.70392487200036],[169.28731401398295,69.70056017785271],[169.3004663420004,69.68773021000032],[169.30990644600013,69.6644554710004],[169.30054772200037,69.64533112200053],[169.2789819670005,69.62400950700038],[169.23471113400046,69.59210846600047],[169.1894637380002,69.57518138200038],[169.14014733200054,69.5719668640005],[169.03931725400048,69.57786692900044],[168.87452233200065,69.56785716400043],[168.86796250195118,69.56904730242223],[168.52352949350825,69.63153717700044],[168.1725366550006,69.69521719000039],[168.13363691500024,69.71320221600041],[168.09986412900025,69.73956940300042],[168.05990644600058,69.76365794500043],[167.96908613400058,69.7755801450005],[167.88233483200065,69.79824453300046],[167.84870271046225,69.80195483825105],[167.79086347700036,69.80833567900049],[167.75375410200024,69.83234284100035],[167.7856551440001,69.85830312700034],[167.8225203790006,69.88100820500068],[167.8296951596294,69.88424742273344],[167.9165880456128,69.92347719040015],[167.99105879000047,69.95709870000059],[168.19410241000048,70.00897858300067],[168.22339928500026,70.01048411700049],[168.23414147200037,70.01264069200033],[168.25318444100049,70.02204010600053],[168.26465905000055,70.02411530200067],[168.63786868600062,69.9860293640005],[168.68360436300054,69.97085195500051],[168.76807701900054,69.96271393400048],[168.8298445970005,69.93988678600039],[169.22771243600016,69.90729401200048],[169.27670332100013,69.89557526200042],[169.37232506600037,69.88475169500043],[169.42383873800054,69.87299225500033],[169.4464624360005,69.84910716400037],[169.44898522200015,69.83405182500036],[169.45264733200065,69.82623932500036],[169.45142662900037,69.81867096600041],[169.4396264980004,69.80438873900044],[169.42774498800043,69.79710521000038],[169.41537519600013,69.79218170800056],[169.4084578790006,69.78481679900051],[169.41228274800005,69.77024974200043]]],[[[161.82553257200038,69.5503462360004],[161.77943945700065,69.54852676300038],[161.75156390000018,69.55323541400054],[161.73496690900015,69.56444713800039],[161.7109694410002,69.5869110310004],[161.67564795300052,69.60205220300048],[161.66561653400015,69.62054810900048],[161.6672436350002,69.63668263100038],[161.70424884200054,69.63848392400047],[161.75515426500033,69.64034235700046],[161.80011670298927,69.65283124068822],[161.8171170670006,69.65755330600052],[161.8937669330005,69.65383772300049],[161.9078791860003,69.64744246400039],[161.90742699008206,69.64577135337953],[161.90372992800053,69.63210869200037],[161.88562390900051,69.61914024200047],[161.89103010100018,69.59497130700043],[161.89863658700017,69.57404028700034],[161.8669360480004,69.55455380300043],[161.82553257200038,69.5503462360004]]],[[[161.41016686300054,69.41551341400032],[161.37501061300043,69.4077822940007],[161.37501061300043,69.41400788000044],[161.36068769600035,69.41400788000044],[161.37305748800065,69.42715078300051],[161.40886478000004,69.4414737000007],[161.42221113400046,69.45433177300043],[161.42562910200047,69.46499258000046],[161.42847741000037,69.51276276200042],[161.42758222700002,69.52130768400042],[161.41537519600013,69.5443382830004],[161.40235436300054,69.58079661700037],[161.39478600400037,69.59210846600047],[161.4542749360004,69.60236237200047],[161.46314537900048,69.60919830900042],[161.46412194100014,69.62116120000053],[161.46762129000058,69.63117096600041],[161.47510826900054,69.63800690300053],[161.48731530000043,69.64057038000044],[161.52466881600003,69.63873932500036],[161.55909264400043,69.63202545800038],[161.59009850400037,69.61839427300066],[161.61736087300062,69.59589264500045],[161.63209069100026,69.57973867400051],[161.63550866000048,69.57029857000049],[161.63111412900037,69.56110260600042],[161.62403405000055,69.5534121770005],[161.61573326900054,69.5399844420005],[161.61052493600016,69.53375885600053],[161.60767662900048,69.5170352230005],[161.61988366000037,69.49949778900037],[161.6267195970005,69.48285553600033],[161.60718834700003,69.46865469000062],[161.61573326900054,69.45038483300056],[161.58855228000004,69.43618398600051],[161.54835045700054,69.42621491100033],[161.41016686300054,69.41551341400032]]],[[[161.37452233200054,69.54588450700044],[161.38795006600026,69.50747304900034],[161.38990319100049,69.49648672100045],[161.38168379000012,69.47874583500038],[161.38510175900058,69.47304922100051],[161.3893335300005,69.46775950700032],[161.38868248800065,69.4618187520004],[161.3818465500001,69.45612213700042],[161.31430097700002,69.43724192900038],[161.29712975400037,69.42829010600036],[161.29249108200042,69.41400788000044],[161.30534915500027,69.40070221600052],[161.35084069100014,69.38043854400041],[161.36068769600035,69.36277903900043],[161.35792076900066,69.35008372600043],[161.35303795700054,69.34076569200062],[161.3510848320002,69.33209870000042],[161.37435957100047,69.2960472680004],[161.3673608730005,69.2789981140005],[161.31910241000037,69.24266185100043],[161.33472741000048,69.2245954450006],[161.37435957100047,69.2037621110004],[161.38868248800065,69.18805573100047],[161.38111412900014,69.18060944200045],[161.38746178500026,69.16250234600045],[161.3855086600006,69.11904531500045],[161.3917749360005,69.10211823100053],[161.41391035200024,69.08136627800064],[161.48707116000048,69.02667877800047],[161.51758873800043,68.97988515800051],[161.51498457100047,68.93463776200042],[161.48210696700016,68.90216705900059],[161.42221113400046,68.8932559270005],[161.40919030000032,68.8932559270005],[161.42310631600049,68.91474030200061],[161.46192467500055,68.95302969000033],[161.47738691500035,68.97516510600042],[161.45557701900066,69.00096263200044],[161.42188561300065,69.02155182500042],[161.38355553500048,69.03778717700044],[161.30551191500024,69.06024811400033],[161.14144941500058,69.08734772300039],[161.13477623800043,69.09186432500053],[161.13445071700005,69.09788646000044],[161.13689212300062,69.10431549700058],[161.13990319100049,69.1097679710004],[161.14161217500055,69.1144066430005],[161.14096113400058,69.13279857000038],[161.13868248800043,69.13768138200044],[161.12728925900046,69.15395742400045],[161.12191816500012,69.16766998900039],[161.12159264400066,69.17479075700032],[161.13160241000037,69.21698639500039],[161.131195509,69.22626373900061],[161.12728925900046,69.23525625200045],[161.12956790500016,69.23822663000055],[161.13184655000032,69.24022044500038],[161.13404381600003,69.24241771000055],[161.14039147200015,69.26919179900045],[161.164398634,69.3054059920006],[161.16895592500055,69.32526276200042],[161.1513778000002,69.3546410180004],[161.08155358200054,69.39297109600034],[161.06592858200054,69.41742584800045],[161.0732528000001,69.44501373900039],[161.0924585300006,69.4647891300005],[161.11890709700003,69.47846100500044],[161.25391686300054,69.5236270200005],[161.26099694100014,69.52753327000039],[161.26823978000016,69.53375885600053],[161.2784936860005,69.53815338700042],[161.3064070970006,69.53729889500045],[161.31861412900003,69.53888580900048],[161.33741295700042,69.54564036700049],[161.35792076900066,69.55011627800036],[161.37452233200054,69.54588450700044]]]]}},{"type":"Feature","properties":{},"geometry":{"type":"MultiPolygon","coordinates":[[[[130.92383873800054,42.460923570000546],[130.91456139400032,42.455877997000584],[130.9137475920004,42.45644765800057],[130.9098413420004,42.45608144700054],[130.90642337300073,42.4599063170005],[130.90919030000055,42.46308014500056],[130.91000410200036,42.47178782800046],[130.91806074300064,42.47349681200046],[130.93116295700054,42.475694078000515],[130.93506920700054,42.4702009140006],[130.93311608200065,42.467515367000544],[130.92383873800054,42.460923570000546]]],[[[131.461761915,42.637193101000435],[131.46086673300056,42.63715241100044],[131.43913821700005,42.639634507000494],[131.42033938900045,42.643377997000584],[131.435883009,42.64366282800063],[131.45508873800065,42.651638088000595],[131.45915774800028,42.67015208500044],[131.46395918100063,42.67263418200071],[131.47201582100013,42.67076243700046],[131.46306399800028,42.65550364800049],[131.46395918100063,42.647609768000564],[131.46273847700058,42.6424014340007],[131.461761915,42.637193101000435]]],[[[132.36215254000012,42.75840892100075],[132.36239668100052,42.74213288000067],[132.3661401700001,42.73200104400058],[132.36402428500037,42.73078034100058],[132.34506269600035,42.72740306200046],[132.3377384770007,42.75063711100057],[132.32797285200058,42.74738190300053],[132.31560306100062,42.749701239000444],[132.31137129000035,42.7595482440006],[132.32781009200062,42.7729352890006],[132.3420516290007,42.7781436220007],[132.3556421230005,42.77220286700043],[132.36215254000012,42.75840892100075]]],[[[131.67530358200008,42.891587632000494],[131.67847741000014,42.87417226800068],[131.66114342500066,42.875555731000475],[131.65699303500003,42.872748114000615],[131.65927168100063,42.86465078300063],[131.65015709700037,42.85952383000051],[131.63949629000058,42.86542389500045],[131.64389082100024,42.86827220300057],[131.64763431100062,42.870754299000566],[131.65121504000024,42.873195705000455],[131.65902754000024,42.88568756700056],[131.67530358200008,42.891587632000494]]],[[[132.4489852220005,42.84540436400056],[132.4498804050005,42.828111070000546],[132.46745853000016,42.810939846000565],[132.47771243600062,42.803900458000726],[132.47559655000043,42.80023834800045],[132.46713300900058,42.79682038000044],[132.4582625660007,42.79828522300056],[132.45337975400003,42.80097077000062],[132.44727623800065,42.807318427000496],[132.4394637380003,42.81753164300051],[132.4298608730005,42.826483466000525],[132.41749108200065,42.83002350500044],[132.40642337300062,42.828762111000685],[132.40154056100073,42.8319766300005],[132.4000757170005,42.841701565000506],[132.39966881600014,42.85211823100053],[132.404633009,42.85911692900066],[132.41325931100062,42.86444733300044],[132.41846764400054,42.87986888200061],[132.42750084700037,42.89590078300057],[132.4392195970006,42.892035223000676],[132.44727623800065,42.8767764340007],[132.45362389400077,42.86090729400058],[132.4489852220005,42.84540436400056]]],[[[131.72982832100058,42.92369212400047],[131.74008222700036,42.92153554900062],[131.74431399800073,42.92210521000044],[131.7448836600006,42.91982656500062],[131.74227949300064,42.9168154970007],[131.7453719410006,42.90623607000066],[131.7332462900007,42.90281810100055],[131.72307376400022,42.89752838700059],[131.7208764980005,42.8993594420005],[131.71477298300067,42.90159739800072],[131.71200605600018,42.910183010000594],[131.71208743600016,42.91885000200057],[131.71843509200028,42.92434316600048],[131.72982832100058,42.92369212400047]]],[[[131.73666425900035,42.95071035400059],[131.72673587300062,42.932196356000645],[131.72356204500056,42.934393622000584],[131.72209720100057,42.9414737000007],[131.7204695970005,42.94436269700054],[131.71729576900043,42.94733307500064],[131.71273847700047,42.949042059000476],[131.71086673300033,42.95176829600052],[131.71355228000004,42.954779364000444],[131.71631920700054,42.95966217700044],[131.71420332100035,42.965562242000715],[131.71054121200075,42.96950918200065],[131.70972741000003,42.977769273000604],[131.7155054050006,42.98403554900074],[131.72421308700007,42.984238999000695],[131.72722415500016,42.99534739800049],[131.73039798300022,42.99351634300058],[131.7343856130002,42.98708730700065],[131.73926842500055,42.981878973000505],[131.74577884200016,42.97134023600063],[131.7561955090007,42.96214427300043],[131.75643964900064,42.95929596600058],[131.74919681100062,42.95311107000043],[131.73666425900035,42.95071035400059]]],[[[131.87574303500037,43.05101146000055],[131.89226321700016,43.035834052000666],[131.92090905000032,43.02415599200043],[131.9200952480004,43.01951732000049],[131.92253665500016,43.00893789300045],[131.9240014980004,43.005845445000546],[131.92090905000032,42.99628327000062],[131.91504967500055,42.98427969000045],[131.88331139400032,42.96076080900059],[131.837250196,42.96112702000056],[131.79053795700065,42.974554755000554],[131.75700931100062,42.990057684000476],[131.79118899800062,42.99628327000062],[131.77458743600073,43.00531647300045],[131.76937910200047,43.01536692900055],[131.77344811300043,43.0211856140005],[131.7843530610005,43.01740143400053],[131.79118899800062,43.01740143400053],[131.7873641290006,43.03436920800061],[131.78386478000016,43.040106512000705],[131.7775171230004,43.044623114000444],[131.79883873800054,43.052639065000676],[131.81967207100058,43.04926178600056],[131.84009850400014,43.04169342700061],[131.8593856130001,43.037258205000455],[131.8593856130001,43.044623114000444],[131.826508009,43.06517161700043],[131.85499108200065,43.06134674700047],[131.87574303500037,43.05101146000055]]],[[[137.83570397200003,54.39911530200072],[137.81967207100013,54.38495514500056],[137.79859459700037,54.375637111000515],[137.73218834700026,54.36440664300051],[137.71509850400048,54.367173570000546],[137.7187606130001,54.38589101800045],[137.71648196700073,54.39215729400058],[137.72038821700062,54.39370351800062],[137.73926842500066,54.3920759140006],[137.74830162900014,54.394598700000586],[137.80347741000026,54.43244049700053],[137.8164168630001,54.44432200700061],[137.8217879570003,54.457831122000584],[137.83228600400003,54.491034247000584],[137.85808353000004,54.5018985050005],[137.88965905000066,54.50364817900049],[137.9179793630001,54.50942617400045],[137.9250594410006,54.4887149110005],[137.92750084700026,54.47451406500062],[137.92172285200047,54.46409739800055],[137.9043074880003,54.4547793640005],[137.8635360040006,54.44651927300066],[137.8483179050006,54.43773021000044],[137.83570397200003,54.39911530200072]]],[[[137.63445071700028,54.41132233300061],[137.64112389400066,54.40045807500053],[137.6134546230005,54.407782294000526],[137.5896102220006,54.400580145000504],[137.5681258470006,54.396633205000455],[137.54672285200047,54.41380442900066],[137.56885826900043,54.42633698100053],[137.5720320970005,54.44863515800051],[137.56793176576434,54.46622102342019],[137.5610457690001,54.49575429900051],[137.55811608200042,54.50079987200064],[137.55274498800065,54.50470612200053],[137.54786217500066,54.50922272300056],[137.54672285200047,54.51626211100057],[137.55103600400037,54.52204010600053],[137.5747176440002,54.536688544000526],[137.5964461600006,54.557684637000534],[137.60808353000027,54.56574127800059],[137.62256920700065,54.57078685100055],[137.62680097700024,54.55434804900051],[137.62940514400077,54.536688544000526],[137.63559004000012,54.52081940300047],[137.65040123800065,54.50942617400045],[137.64503014400032,54.501450914000486],[137.64332116000014,54.49555084800062],[137.64503014400032,54.48981354400058],[137.64967022924498,54.483169785621385],[137.65040123800065,54.48212311400056],[137.63721764400077,54.475653387000534],[137.62322024800062,54.46678294500043],[137.61247806100062,54.455389716000525],[137.6088973320002,54.44110748900056],[137.61402428500003,54.42829010600059],[137.63445071700028,54.41132233300061]]],[[[139.26213822300053,54.59199353000059],[139.2435932800007,54.581031644000575],[139.2194540000005,54.58071764100066],[139.21372548300053,54.58557927100054],[139.22545607800043,54.589357775000565],[139.23960610500058,54.589260164000564],[139.2614616260006,54.59923354500057],[139.27002580600026,54.610264701000574],[139.276750074,54.61310968300063],[139.27579200600064,54.60732904800062],[139.26213822300053,54.59199353000059]]],[[[138.2101443910002,54.70112979900051],[138.1959438050003,54.70111044100054],[138.18253610200054,54.707846534000566],[138.18082279100008,54.715082893000556],[138.19001337200052,54.715578920000496],[138.22678255500034,54.71562631700061],[138.24099507800008,54.71371165900064],[138.23099907000017,54.706945409000525],[138.2101443910002,54.70112979900051]]],[[[168.11036217500066,54.503485419000526],[168.09929446700062,54.50104401200059],[168.08375084700037,54.504461981000475],[168.04249108200065,54.52155182500053],[167.98585045700042,54.5554059920006],[167.93734785200036,54.5941836610005],[167.8200789720005,54.647365627000624],[167.80518639400077,54.651353257000494],[167.7705184250001,54.65403880400055],[167.75220787900048,54.65786367400068],[167.73487389400066,54.66339752800059],[167.72315514400032,54.67047760600053],[167.69898522200015,54.68968333500044],[167.5011499360005,54.78510163000061],[167.4489038420004,54.820461330000626],[167.43913821700016,54.866278387000534],[167.47299238400024,54.86684804900062],[167.51978600400003,54.856105861000515],[167.55779056100073,54.83917877800053],[167.5651147800005,54.821275132000665],[167.56267337300062,54.80731842700061],[167.5774031910006,54.79755280200055],[167.59913170700077,54.791815497000584],[167.64039147200072,54.78851959800062],[167.65772545700054,54.78432851800062],[167.69239342500077,54.76947663000044],[167.7340600920004,54.762640692000446],[167.74073326900054,54.75551992400068],[167.75375410200024,54.72850169500043],[167.76856530000066,54.71255117400045],[167.78402754000024,54.70172760600053],[167.80193118600073,54.69570547100045],[167.8230086600006,54.69379303600056],[167.8452254570002,54.68732330900053],[167.87501061300065,54.659165757000494],[167.89161217500043,54.65277741100056],[167.9098413420005,54.650702216000525],[167.9243270190001,54.644476630000554],[167.93734785200036,54.63401927300049],[167.95240319100037,54.61928945500051],[167.9787703790007,54.59886302300043],[168.0361434250002,54.566555080000626],[168.0592554050006,54.54661692900055],[168.07032311300065,54.53921133000051],[168.10189863400046,54.52496979400064],[168.11068769600024,54.51626211100057],[168.11036217500066,54.503485419000526]]],[[[137.18067467500066,55.093207098000505],[137.11361738400012,55.025376695000546],[137.0949813160006,55.01398346600064],[137.07105553500026,55.009711005000554],[137.0651147800005,55.00023021000044],[137.0717879570002,54.97992584800056],[137.07652362080512,54.97122544267904],[137.0822860040006,54.9606387390005],[137.08814537900048,54.95441315300053],[137.07496178500026,54.93317291900064],[137.04859459700026,54.92328522300056],[137.01791425900035,54.92035553600056],[136.94304446700028,54.92283763200055],[136.9298608730005,54.927720445000546],[136.92741946700073,54.93366120000047],[136.92855879000024,54.94212474200049],[136.9287215500002,54.95099518400065],[136.92335045700042,54.95783112200047],[136.89584394600013,54.9601504580005],[136.84131920700065,54.93781159100058],[136.8247176440001,54.937689520000504],[136.8127547540006,54.94301992400051],[136.80298912900003,54.93886953300057],[136.79495165914443,54.93255941485165],[136.7937117850006,54.93158600500061],[136.7833764980005,54.927720445000546],[136.7590438160006,54.93260325700061],[136.74887129000058,54.93109772300056],[136.73861738400046,54.920314846000565],[136.74537194100014,54.91364166900058],[136.7554948806146,54.89914356056448],[136.7597762380002,54.89301178600044],[136.73812910200058,54.885077216000695],[136.71534264400054,54.89179108300044],[136.70325296535782,54.89755725944258],[136.69239342500066,54.90273672100068],[136.68467123463438,54.90433836026796],[136.67042076900054,54.907294012000534],[136.67042076900054,54.913519598000505],[136.67678972133922,54.91672101303794],[136.6857202480005,54.9212100280007],[136.68832441500024,54.93113841400043],[136.6872664720006,54.9425723330005],[136.69076582100035,54.95441315300053],[136.7009383470005,54.96478913000044],[136.7111922540006,54.969387111000685],[136.73861738400046,54.975531317000446],[136.75473066500035,54.982326565000506],[136.79379316500058,55.009711005000554],[136.80925540500016,55.01805247600055],[136.82341556100062,55.023138739000444],[136.85596764400077,55.030218817000616],[136.97901451900054,55.086859442000616],[137.04607181100062,55.106431382000494],[137.08814537900048,55.08539459800056],[137.1015731130002,55.107001044000526],[137.12208092500043,55.12128327000062],[137.14633222700024,55.12616608300061],[137.17123457100047,55.11953359600045],[137.1853133470005,55.10626862200053],[137.18067467500066,55.093207098000505]]],[[[137.8554098729212,55.13324069864575],[137.85596764400066,55.133205471000565],[137.87940514400066,55.13816966400054],[137.9043074880003,55.14752838700048],[137.92904707100047,55.15314362200047],[137.95215905000043,55.14687734600068],[137.96143639400066,55.13450755400055],[137.96599368600016,55.11969635600076],[137.97201582100058,55.106431382000494],[137.98617597700047,55.099066473000676],[137.96615644600013,55.071966864000444],[137.9231022138605,55.04253445527422],[137.89812259200016,55.02545807500053],[137.88314863400058,55.00287506700056],[138.0181609590785,55.05321404780898],[138.0249129570003,55.05573151200076],[138.04672285200036,55.05805084800045],[138.13721764400032,55.063177802000496],[138.1836043630002,55.057603257000494],[138.2121688160007,55.036363023000604],[138.18824303500048,55.02106354400064],[138.13501412251833,55.015787550544644],[138.13282311300077,55.01557038000067],[138.11280358200054,55.00629303600044],[138.11069176570857,55.004169340739736],[138.04769941500024,54.94082265800057],[138.03443444100049,54.93720123900056],[138.0210067070003,54.93724192900055],[138.01091556100016,54.93325429900062],[138.0034285820002,54.905096747000584],[137.99642988400012,54.895656643000564],[137.98951256600003,54.88825104400058],[137.98617597700047,54.88275788000061],[137.99236087300062,54.85879140800057],[138.00269616000026,54.83881256700067],[138.004730665,54.81952545800067],[137.98617597700047,54.797430731000475],[137.90239712927337,54.76792351564865],[137.87907962300062,54.75971100500044],[137.86550146809282,54.74219518424377],[137.86280358200077,54.73871491100067],[137.8569442070002,54.725775458000726],[137.843109571,54.71507396000044],[137.78858483200065,54.68585846600058],[137.76644941500058,54.66705963700048],[137.76026451900054,54.664536851000435],[137.74268639400032,54.6602237000007],[137.73926842500066,54.65619538000067],[137.73943118600027,54.645575262000534],[137.73853600400048,54.6405703800005],[137.73585045700065,54.636379299000566],[137.71892337300005,54.624335028000644],[137.7060653000002,54.62498607000066],[137.67774498800054,54.64321523600046],[137.6530867850006,54.655096747000584],[137.6462508470006,54.661322333000555],[137.5852156910007,54.751044012000534],[137.57439212300062,54.7595889340007],[137.56381269600058,54.76593659100058],[137.55274498800065,54.774847723000676],[137.54411868600027,54.78473541900058],[137.5344344410006,54.8136660830005],[137.5195418630001,54.839056708000555],[137.50147545700042,54.86318594000056],[137.48536217500055,54.8793399110005],[137.43067467500066,54.86570872600055],[137.39470462300017,54.85138580900059],[137.29273522200026,54.795843817000446],[137.26091556100005,54.78367747600055],[137.22592207100058,54.777818101000435],[137.24268639400066,54.798651434000476],[137.2491968110005,54.80914948100059],[137.25375410200047,54.82469310100055],[137.2561141290006,54.86078522300045],[137.2595320970006,54.872503973000676],[137.27491295700065,54.89826080900053],[137.2966414720006,54.92308177300043],[137.30877192751473,54.933706236435285],[137.3205672540006,54.94403717700055],[137.3562117850007,54.96889883000051],[137.37647545700054,54.99579498900056],[137.38127725714196,54.99948208558135],[137.3901473320003,55.00629303600044],[137.40845787900037,55.011379299000566],[137.44459069100049,55.016180731000475],[137.44883482039347,55.018856377764166],[137.46143639400066,55.026800848000676],[137.47657311300065,55.04535553600061],[137.49089603000039,55.07050202000056],[137.49805748800077,55.09690989800049],[137.4921981130002,55.11953359600045],[137.51710045700065,55.13515859600045],[137.54395592500066,55.178615627000454],[137.56788170700065,55.19464752800047],[137.6061304050005,55.20010000200057],[137.63884524800017,55.19253164300062],[137.70492597700036,55.16791413000044],[137.70215905000066,55.15127187700057],[137.72071373800065,55.146389065000506],[137.7469181650007,55.14614492400068],[137.76710045700054,55.14345937700057],[137.78638756600049,55.137600002000454],[137.8554098729212,55.13324069864575]]],[[[165.95557701900066,55.36424388200044],[166.1799422540007,55.31940338700048],[166.24000084700026,55.33185455900059],[166.25367272200003,55.33185455900059],[166.25831139400032,55.32127513200055],[166.26612389400032,55.31342194200056],[166.27621504,55.30780670800067],[166.2877710300005,55.303900458000555],[166.24122155000066,55.2699649110005],[166.22632897200015,55.25006745000064],[166.2409774100006,55.21499258000057],[166.24000084700026,55.17413971600058],[166.24431399800062,55.16233958500061],[166.25025475400003,55.15228913000044],[166.26734459700015,55.133205471000565],[166.2799585300005,55.12270742400051],[166.3064070970005,55.10553620000047],[166.31853274800062,55.09564850500067],[166.35328209700026,55.054388739000444],[166.3647567070002,55.045721747000584],[166.3769637380001,55.03925202000045],[166.3867293630003,55.03172435100066],[166.39535566500012,55.00625234600045],[166.4060164720006,54.998928127000624],[166.4184676440001,54.992743231000475],[166.44809004000058,54.961127020000504],[166.47901451900054,54.94354889500045],[166.54102623800065,54.920314846000565],[166.57325280000043,54.91242096600058],[166.58497155000032,54.90477122600055],[166.58952884200028,54.88959381700056],[166.64975019600058,54.84454987200047],[166.6482039720005,54.83392975500061],[166.64087975400003,54.82294342700055],[166.63721764400043,54.81110260600059],[166.64136803500037,54.7960879580005],[166.65796959700015,54.77069733300067],[166.66439863400035,54.756415106000645],[166.66521243600062,54.73379140800051],[166.6584578790006,54.717962958000555],[166.6547957690001,54.702337958000555],[166.66439863400035,54.68008047100045],[166.65211022200003,54.68732330900053],[166.6245223320002,54.710028387000705],[166.6130477220006,54.71482982000049],[166.59229576900077,54.7177188170005],[166.57927493600062,54.725246486000685],[166.55453535200002,54.749009507000494],[166.50196373800077,54.7804629580005],[166.48585045700054,54.80133698100059],[166.50001061300065,54.82469310100055],[166.47478274800005,54.83234284100058],[166.4450789720005,54.83392975500061],[166.39763431100062,54.8315290390006],[166.374359571,54.83331940300059],[166.35645592500032,54.83954498900056],[166.29835045700054,54.88385651200059],[166.2907820970005,54.89203522300056],[166.2877710300005,54.90355052300055],[166.2819116550006,54.90827057500064],[166.25326582100058,54.91844310100049],[166.23170006600049,54.93154531500062],[166.20639082100024,54.93659088700065],[166.19532311300065,54.944525458000555],[166.18930097700058,54.95368073100053],[166.18246504000047,54.97247955900059],[166.1779077480005,54.98175690300059],[166.16260826900054,54.99970123900067],[166.08285566500024,55.060614325000586],[166.08008873800054,55.06932200700055],[166.08480879000047,55.07990143400059],[166.08855228000004,55.10219961100057],[166.08057701900054,55.120428778000644],[166.02361087300017,55.17755768400059],[165.9812117850006,55.19342682500064],[165.9695744150007,55.20551178600056],[165.99293053500026,55.22190989800055],[165.9617619150007,55.23061758000051],[165.8984481130003,55.25726959800056],[165.80054772200026,55.27191803600056],[165.76482181100062,55.28270091400066],[165.74642988400058,55.29706452000056],[165.8203231130002,55.30125560100066],[165.8584090500001,55.30878327000062],[165.89031009200073,55.32127513200055],[165.90170332100035,55.33051178600044],[165.91667728000039,55.35101959800045],[165.92408287900037,55.35854726800051],[165.94044030000066,55.364976304000436],[165.95557701900066,55.36424388200044]]],[[[150.61069988700058,59.00571978800053],[150.5556255490004,58.999557063000566],[150.48138836700036,58.99968964700048],[150.47207555900013,59.00415294700048],[150.48683983700005,59.02574819800054],[150.50758471900008,59.039105264000625],[150.5482814240006,59.06189591400073],[150.59833480900056,59.08019804100047],[150.62789453200048,59.086452847000544],[150.66309301900003,59.09501802300065],[150.68391665600063,59.10833700200067],[150.69009118200063,59.12511428600044],[150.69853044100046,59.14044604400067],[150.7099715500002,59.13963450700061],[150.72527103000016,59.12799713700048],[150.77915858200026,59.10951608400052],[150.78280026300058,59.090863816000706],[150.7498949810007,59.08089599900046],[150.722590761,59.07322615700053],[150.70847972300066,59.055567577000545],[150.6539393920001,59.02833590100067],[150.61069988700058,59.00571978800053]]],[[[149.13629865800078,59.19758499400058],[149.11913582800048,59.189962893000654],[149.09837030600033,59.17538719700059],[149.10348110900009,59.161529008000514],[149.07883838700047,59.16144174200059],[149.0343626740007,59.169473982000454],[149.0329228220005,59.18334660500051],[149.03278925800055,59.192177739000556],[149.04002865500001,59.20292969500076],[149.05113164100067,59.20297174400059],[149.0709462430002,59.197366989000614],[149.09182670900054,59.203747625000574],[149.117654002,59.20950951100053],[149.14110770700051,59.20769035300049],[149.13629865800078,59.19758499400058]]],[[[164.5808211600006,59.183172919000526],[164.58765709700026,59.18170807500047],[164.60954837300062,59.18480052300055],[164.61622155000077,59.183172919000526],[164.6174422540007,59.178534247000584],[164.61557050900058,59.16648997600049],[164.61622155000077,59.16144440300053],[164.62924238400058,59.11123281500056],[164.63721764400066,59.099351304000436],[164.67465254000024,59.08417389500045],[164.6876733730005,59.077093817000446],[164.70541425900058,59.04877350500044],[164.73407172300062,59.02325303300057],[164.7095407310004,59.00617528400056],[164.70690048800054,58.97682818700059],[164.69087841700048,58.95514530400055],[164.68964827000002,58.9404717820006],[164.6814070970006,58.925848700000586],[164.68555748800065,58.915025132000494],[164.6808374360004,58.905178127000624],[164.63187354300078,58.86536592800053],[164.5658594740006,58.862456170000655],[164.46047697600056,58.86775447300056],[164.40772545700065,58.86489492400045],[164.34929446700005,58.84528229400058],[164.30357932300058,58.82700427600065],[164.29083039500063,58.80817281700047],[164.25600978500063,58.79860358700046],[164.23145592500066,58.81264883000057],[164.22152754000047,58.813544012000534],[164.21078535200002,58.81598541900047],[164.19068444100014,58.823187567000446],[164.1796981130001,58.82566966400054],[164.1701766290007,58.82428620000064],[164.1608179050006,58.82160065300059],[164.13407154400056,58.80249295500073],[164.12124654100046,58.78071756800051],[164.08617008600015,58.76523625100043],[164.03973011100004,58.74848578000052],[163.98742924400074,58.72891618900053],[163.9548488750005,58.7075269890006],[163.91470619600022,58.70096272900065],[163.8823348320002,58.70278554900051],[163.84603488200037,58.690514681000536],[163.7899395820001,58.64287059400067],[163.66912539300063,58.59625996600056],[163.58546241400052,58.55789026900061],[163.55268108900066,58.52164746500051],[163.51499972900012,58.49714675500053],[163.49001893200045,58.44450321800048],[163.47115797300057,58.46097754300047],[163.4456486340007,58.475572007000494],[163.44518303900054,58.50549532600053],[163.41285435400005,58.53536894400048],[163.4163444810007,58.55002608000052],[163.44499633700002,58.56139059600059],[163.55528729100058,58.573028929000486],[163.6105426860006,58.6074631420006],[163.63818438900046,58.6511086390006],[163.6543780580006,58.69050542200057],[163.67547332600031,58.71512989500047],[163.72528792400067,58.74962809100043],[163.74666489700041,58.77714402700053],[163.7538282929737,58.784388347372214],[163.77955161300065,58.81040226200065],[163.77259460900018,58.83540616600055],[163.76632706600003,58.87212445700044],[163.78175768000028,58.8938734750007],[163.82053260600026,58.92549675100065],[163.85984948900023,58.96147207400071],[163.9131913600005,58.994291270000474],[163.8935653000002,59.01007721600047],[163.8786727220006,59.009507554000436],[163.84815514400066,59.005072333000555],[163.8342391290006,59.007025458000555],[163.80420983200008,59.01605866100056],[163.78980553500048,59.01813385600059],[163.757138823,59.00711314300065],[163.73084180900003,58.99580205600046],[163.69638634100022,58.991944791000435],[163.71720185700076,59.006271325000455],[163.7492825620002,59.01895985800053],[163.80418487100007,59.03127791600065],[163.9666983740001,59.02856146600044],[164.16769199882685,59.08266343770771],[164.28305097700058,59.11371491100056],[164.3173934250002,59.13141510600059],[164.34066816500058,59.1513125670005],[164.39519290500039,59.183905341000525],[164.4533797540006,59.20864492400051],[164.5581160820002,59.23969147300045],[164.5808211600006,59.23407623900056],[164.5787866550005,59.19245026200065],[164.5808211600006,59.183172919000526]]],[[[155.60014964500067,59.33514669600066],[155.60004935200004,59.31942877700055],[155.56967223700008,59.320868839000525],[155.53419030000077,59.31818268400059],[155.50903580900058,59.32014779600064],[155.50811840611493,59.32567162307299],[155.50771059200054,59.328127136000546],[155.52399708478072,59.33421404934603],[155.53368599400062,59.33783518200056],[155.5669324970005,59.340423609000595],[155.60014964500067,59.33514669600066]]],[[[187.3211776050008,64.64594147300068],[187.3440454440008,64.64118073100076],[187.52470950600036,64.64183177300043],[187.53459720100057,64.63719310100055],[187.54664147200072,64.6235212260006],[187.5415145190002,64.6110293640005],[187.4806014330003,64.59300364800043],[187.45679772200072,64.59218984600045],[187.43449954500034,64.59552643400048],[187.32960045700065,64.60114166900064],[187.32215416800068,64.6035830750007],[187.3175154960005,64.60895416900064],[187.31446373800065,64.61591217700044],[187.30579674600062,64.61969635600065],[187.2923690110007,64.62002187700051],[187.27495364700053,64.62645091400049],[187.27971438900056,64.64435455900048],[187.3039656910006,64.65253327000067],[187.3211776050008,64.64594147300068]]],[[[187.72127305700064,64.71351763000058],[187.6152752860005,64.69848106200044],[187.49910266700022,64.7042879890007],[187.4531960710001,64.68538553700057],[187.3668070700004,64.68443931500047],[187.3912498900005,64.73083326200049],[187.42255116000035,64.75949953800057],[187.47651570100027,64.78797481300057],[187.51543391000064,64.81494769000074],[187.5386559210001,64.8275945980007],[187.59947951500044,64.83669621900049],[187.67092421600034,64.83122512500046],[187.75690399300072,64.81594233400045],[187.8874374230005,64.79049780000048],[187.95664398900078,64.75118299700051],[187.82039037600066,64.73821910700065],[187.72127305700064,64.71351763000058]]],[[[190.94861901100012,65.75787995000064],[190.9234725270005,65.75507233300044],[190.90630130300065,65.76194896000055],[190.90190677200064,65.77887604400058],[190.90662682400057,65.79905833500044],[190.9166365890003,65.81586334800045],[190.93677819100049,65.82819245000076],[190.95866946700062,65.82733795800061],[191.00538170700054,65.81586334800045],[190.99223880300065,65.79572174700058],[190.9724634120007,65.77391185100066],[190.94861901100012,65.75787995000064]]],[[[170.27527685700056,69.77337143300059],[170.27127868300033,69.76379826100043],[170.24753941600034,69.76380804800044],[170.22375441700012,69.73919563200059],[170.16056431700065,69.70911008500059],[170.1014846650006,69.68721106100054],[170.065968547,69.69403181500053],[170.06982560700067,69.70907357300058],[170.03033721300062,69.71451529400065],[169.97896014000082,69.71993461100055],[169.95521037500066,69.7267417180006],[169.97479033300044,69.74180631500047],[170.05370073400024,69.76376360100056],[170.1248707040006,69.77337787400052],[170.27527685700056,69.77337143300059]]],[[[172.3208113945086,69.9822858745083],[172.64714603000039,69.97150299700064],[172.70134524800062,69.98314036700054],[172.72535241000048,69.98086172100045],[172.76807701900032,69.96629466400054],[172.79078209700026,69.96271393400059],[172.79851321700028,69.92853424700058],[172.860687696,69.90346914300056],[173.17937259200085,69.8451602230005],[173.23633873800043,69.81867096600052],[173.22144616000037,69.81635163000044],[173.19947350400037,69.81004466400049],[173.18140709700026,69.80198802300049],[173.17774498800065,69.79417552300049],[173.19800866000014,69.78343333500072],[173.22087649800085,69.78339264500073],[173.26710045700077,69.79075755400055],[173.3684188160007,69.78998444200056],[173.4186304050006,69.79775625200057],[173.46225019600035,69.81867096600052],[173.47575931100016,69.82916901200065],[173.47925866000048,69.83576080900048],[173.4728296230004,69.84227122600043],[173.44125410200058,69.8605003930005],[173.40267988400035,69.87653229400053],[173.3435164720006,69.88865794500043],[173.29908287900048,69.90656159100047],[173.2536727220005,69.91868724200054],[173.2085067070002,69.91087474200054],[173.19597415500073,69.90094635600065],[173.18360436300054,69.88849518400053],[173.17269941500047,69.88117096600047],[173.16407311300088,69.88666413000055],[173.16089928500082,69.89996979400047],[173.16553795700077,69.90843333500061],[173.1755477220005,69.91449616100044],[173.18864993600027,69.92047760600053],[173.23015384200028,69.93427155200055],[173.2785750660007,69.94183991100067],[173.46078535200013,69.94855377800047],[173.70191491000037,69.8869489600005],[173.69467207100035,69.88458893400048],[173.68881269600058,69.88182200700061],[173.68262780000043,69.87982819200056],[173.67457116000048,69.87954336100051],[173.7297469410006,69.85968659100052],[173.7378035820002,69.85199616100067],[173.77759850400037,69.85285065300047],[173.76124108200054,69.86408112200058],[173.74341881600037,69.87327708500055],[173.78785241000082,69.8844668640005],[173.83570397200015,69.87107982000055],[173.88379967500066,69.85175202000045],[173.9284774100007,69.8454043640005],[173.9476017590007,69.8514671900005],[173.98454837300073,69.87173086100051],[174.00407962300028,69.87954336100051],[174.0261336600007,69.8839785830005],[174.07081139400032,69.8869082700005],[174.2551375660007,69.87824127800053],[174.32911217500043,69.88715241100056],[174.37403405000077,69.87641022300045],[174.78549238400058,69.85468170800056],[175.08838415700086,69.8457489280006],[175.1823836600007,69.84845612200058],[175.41691993100062,69.8667399900005],[175.5001146830008,69.87350048100058],[175.71554179300074,69.88145348200055],[175.72478883500048,69.87078951200056],[175.6230348800002,69.8630509040006],[175.52973658600035,69.85630401700058],[175.6017431070004,69.84331497800065],[175.6959654100002,69.8353761080005],[175.7706575660004,69.82037818800052],[175.82616808900025,69.7934801290005],[175.8632290540006,69.78889006900067],[175.9262011590007,69.77569230700044],[175.99717651800086,69.76936290100059],[176.07349045500052,69.76892671000064],[176.14348226200013,69.78209028600054],[176.15945327900067,69.80268728400051],[176.1576696370007,69.82148191200054],[176.14579227900083,69.83955204800054],[176.0997444980004,69.85844950600057],[176.00671251300037,69.8588408940006],[175.9201410740004,69.85550001900049],[175.8438015640005,69.86127351800047],[175.79022892000035,69.87308539300068],[175.78156622800043,69.8852828970006],[175.8669317450009,69.8849479540005],[175.94323239000016,69.8807660760005],[176.03757543600057,69.88575418600061],[176.08361367400073,69.89409223500047],[176.12761478000016,69.89378489800055],[176.14047285200036,69.88760000200057],[176.16374759200062,69.8701032570005],[176.1759546230005,69.86273834800068],[176.25407962300062,69.8303083350005],[176.27214603000073,69.81867096600052],[176.28223717500043,69.80149974200049],[176.26628665500016,69.7993024760006],[176.24301191500058,69.79901764500056],[176.23121178500026,69.78733958500044],[176.2420353520007,69.77435944200056],[176.2672632170004,69.77195872600049],[176.31316165500073,69.7770856790006],[176.50391686300077,69.75409577000045],[176.54859459700083,69.73753489800049],[176.62159264400066,69.72247955900048],[176.63917076900043,69.71588776200048],[176.68995201900054,69.68773021000044],[176.73454837300062,69.6747500670005],[176.82764733200077,69.66828034100058],[176.9768986340008,69.63442617400057],[177.16228274800028,69.6163597680005],[177.35792076900032,69.61717357000055],[177.64283287900037,69.57001373900056],[177.68295332100047,69.55117422100068],[177.64112389400088,69.5589053410007],[177.62094160200058,69.55703359600045],[177.60857181100073,69.54433828300051],[177.67855879000047,69.53148021000055],[177.74935957100058,69.53327057500047],[177.77125084700026,69.53139883000057],[177.8981225920004,69.49917226800062],[178.1560164720005,69.46181875200051],[178.21216881600014,69.44342682500047],[178.23170006600083,69.44135163000044],[178.2469181650008,69.44391510600065],[178.29997806100073,69.46181875200051],[178.29102623800088,69.47357819200056],[178.27735436300077,69.47992584800068],[178.29981530000077,69.48737213700065],[178.36491946700028,69.48680247600049],[178.7726343110004,69.41522858300056],[178.8107202480004,69.39370351800045],[178.87208092500055,69.38800690300064],[178.89633222700036,69.38296133000051],[178.92017662900037,69.37449778900043],[178.99268639400054,69.35936107000043],[179.04883873800054,69.33637116100044],[179.06771894600058,69.33144765800046],[179.06771894600058,69.32526276200048],[178.92383873800065,69.31842682500059],[178.89747155000032,69.32103099200049],[178.88705488400058,69.32998281500068],[178.8795679050006,69.34247467700044],[178.86231530000043,69.35594310100066],[178.8379012380003,69.36489492400051],[178.81055748800043,69.37006256700045],[178.75586998800054,69.37299225500055],[178.70045006600014,69.36579010600053],[178.68767337300062,69.3696149760006],[178.68018639400066,69.37685781500045],[178.67335045700054,69.38190338700048],[178.6661889980005,69.38328685100055],[178.65748131600026,69.37986888200044],[178.6643172540007,69.3736026060007],[178.6694442070002,69.36566803600056],[178.67107181100084,69.3571231140005],[178.65398196700062,69.31745026200048],[178.6735132170005,69.29779694200045],[178.70948326900032,69.28742096600047],[178.74561608200088,69.28367747600049],[178.86166425900012,69.29791901200059],[178.9578556650007,69.28367747600049],[178.98633873800043,69.28314850500055],[179.06771894600058,69.29791901200059],[179.26148522200072,69.2721621770005],[179.30591881600083,69.25787995000047],[179.3606063160006,69.2231306010006],[179.6595565115083,69.10940176000065],[179.95850670700088,68.99567291900064],[179.8995874360004,68.99941640800051],[179.84799238400035,69.01015859600062],[179.67628014400054,69.08128489800072],[179.62818444100014,69.09015534100058],[179.5769149100007,69.1109072940007],[179.5481063160006,69.1129824890005],[179.5720320970005,69.09271881700062],[179.62427819100049,69.07705312700045],[179.65056399800085,69.06460195500068],[179.6632593110004,69.05044179900057],[179.67579186300065,69.03204987200053],[179.69214928500014,69.01609935100055],[179.72999108200088,69.00653717700055],[179.75977623800043,68.99323151200053],[179.77354289663856,68.9890076511661],[179.77409915500016,68.98883698100047],[179.7749132492553,68.98880891968383],[180.0000000000008,68.98105032100045],[180.00000000000057,68.98236981000048],[180.0000118290002,68.9823669820006],[180.11574841321044,68.95640002036367],[180.28728274800028,68.91791413000055],[180.42009524800017,68.9086367860005],[180.45838463600012,68.91022370000053],[180.4859725270004,68.9211286480006],[180.46538333400053,68.93227773600046],[180.4565535820003,68.93927643400059],[180.45245919122192,68.947870599699],[180.45244388100036,68.94790273600063],[180.45903567800053,68.96328359600045],[180.4772241550006,68.96454498900067],[180.49846438900056,68.95831940300053],[180.51421145900053,68.95132070500051],[180.5205418247565,68.94643777837996],[180.5289819670005,68.93992747600049],[180.55034427200064,68.91290924700058],[180.5620223320003,68.90322500200057],[180.58183841200014,68.89638906500062],[180.61739216200021,68.87904137500055],[180.64549992300078,68.87084559700065],[180.6662213770005,68.85844102800058],[180.65122880500007,68.85751626800044],[180.63657059500076,68.85510089500053],[180.64586397900052,68.84437604200053],[180.64466628100013,68.83735043600063],[180.64263298700052,68.8278112820006],[180.67220418700026,68.82468178100055],[180.68046960700008,68.8119517140006],[180.73886032200028,68.80311975200044],[180.7967251370003,68.80970738500059],[180.82730572500031,68.80854632100062],[180.83338667900057,68.79923840500055],[180.87169683500053,68.78730892900063],[180.9263884540003,68.78926880500057],[181.06426028700037,68.77171458500067],[181.15518742300048,68.75236095300056],[181.3226356730006,68.67933608500056],[181.4014998710005,68.64337799700058],[181.4828731890001,68.60296151500052],[181.51506595100068,68.59153880400066],[181.48576907600057,68.58637116100056],[181.45354251400056,68.59210846600058],[181.36309766000056,68.63798233700055],[181.34820573300055,68.64459621400056],[181.3124015420001,68.66065921800055],[181.27538187900075,68.67568568900049],[181.2638418240008,68.67039605700052],[181.2741121630005,68.6596721260006],[181.28083118700079,68.64587364900046],[181.27917423100064,68.63287036700052],[181.2880395170007,68.62212023300049],[181.28111892900017,68.60799459500055],[181.28617144400016,68.59565937800056],[181.28033624100067,68.58305756300052],[181.28855115000067,68.5683129640006],[181.2984868330003,68.5516192500005],[181.3000720080007,68.54318931600056],[181.32947838600012,68.53701406500062],[181.3813582690002,68.52509186400067],[181.54175866000037,68.50967031500056],[181.5732934910002,68.50189850500055],[181.63135826900077,68.4795596370007],[181.66187584700072,68.47492096600047],[181.7237654960005,68.47842031500056],[181.75159752700074,68.47601959800045],[181.80913333400053,68.45416901200048],[181.9581811860004,68.4276797550005],[181.97864830800052,68.41596100500044],[181.99329674600028,68.37083567900049],[182.00928795700054,68.35285065300064],[182.02971438900033,68.3400332700005],[182.04948978000027,68.33771393400065],[182.03386478000073,68.33022695500046],[182.00102786600064,68.30418528900049],[181.93962649800073,68.27692291900058],[181.9257918630002,68.26557038000055],[181.9263208340002,68.2592634140006],[181.9390975270005,68.25641510600047],[182.00294030000043,68.2565371770005],[182.0197860040006,68.26044342700044],[182.03520755300053,68.26947663000044],[182.03239993600005,68.27033112200064],[182.0310571620006,68.27631256700056],[182.0319116550005,68.28416575700055],[182.03520755300053,68.29059479400053],[182.0442000660007,68.29547760600059],[182.0929061210005,68.30426666900047],[182.10926354300034,68.30329010600076],[182.12562096400052,68.30483633000063],[182.14136803500048,68.3141543640005],[182.17762291800022,68.32770416900047],[182.2676294280002,68.32611725500044],[182.2952986990001,68.34454987200047],[182.04358971449267,68.42210521050856],[181.79188073000012,68.49966054900045],[181.75416100400048,68.50519440300059],[181.7043563160006,68.51874420800056],[181.68034915500039,68.53107330900059],[181.6548364590003,68.53440989800049],[181.6441756520005,68.53701406500062],[181.63799075600048,68.54629140800057],[181.63249759200062,68.55288320500051],[181.62492923300067,68.55744049700047],[181.9570215180006,68.46019114800066],[182.2891138030003,68.36294179900051],[182.33415774800062,68.33539459800056],[182.5036727220006,68.2929548200006],[182.50774173300056,68.29173411700054],[182.3982039720006,68.30805084800068],[182.36353600400082,68.30418528900049],[182.3663436210005,68.29889557500053],[182.36915123800054,68.2877871770005],[182.3709822930008,68.28314850500055],[182.2344263030002,68.26264069200062],[182.25159752700063,68.25336334800056],[182.28923587300028,68.24835846600052],[182.32292728000039,68.22980377800059],[182.3608504570003,68.22549062700068],[182.37781823000012,68.21426015800057],[182.36390221400075,68.20506419500043],[182.3601587250007,68.19879791900047],[182.3652856780002,68.1952985700006],[182.37781823000012,68.1943220070005],[182.39153079500022,68.19676341400066],[182.53846276100057,68.24628327000056],[182.60596764400054,68.2495791690007],[182.66191653700025,68.24457428600056],[182.7966821620006,68.20490143400059],[182.82646731900036,68.19867584800062],[182.80909264400054,68.19745514500056],[182.76189212300073,68.20742422100051],[182.74089603000027,68.2111270200005],[182.7354842460005,68.20184967700055],[182.7464705740008,68.19110748900044],[182.7750757170005,68.17328522300056],[182.76148522200072,68.16795482000055],[182.7551782560006,68.16705963700059],[182.78126061300065,68.13955312700057],[182.83375084700072,68.13739655200061],[182.93274987100017,68.15277741100056],[182.90125573000034,68.16185130400055],[182.89177493600016,68.16705963700059],[182.9245711600006,68.16425202000056],[183.06334767600083,68.12072486600067],[183.17994225400025,68.08657461100063],[183.38178175100063,68.02670410400054],[183.43546189300048,68.01031561500054],[183.40676790100042,68.00605911300062],[183.27495545200043,68.03785176100058],[183.28201423500013,68.02626621500048],[183.24694402700027,68.0153087810005],[183.2208581940007,68.00190168300071],[183.22562237300065,67.99279895900054],[183.21066418400005,67.97861818800044],[183.21769947400048,67.96786894900055],[183.2978922260006,67.94917598500058],[183.33809753400055,67.93442091700058],[183.42679680400056,67.92234190300059],[183.44461585300007,67.91660325900057],[183.46062863400027,67.89509672100047],[183.50047979300064,67.8886047380006],[183.59291559100052,67.89469917700046],[183.6171927590001,67.89310780900075],[183.76038993100053,67.89757409600054],[183.79120500800047,67.90177004200046],[183.7115271030002,67.92236018300048],[183.6427466700003,67.94293721600064],[183.5737880040001,67.96597603500044],[183.5115583970005,67.97905560100048],[183.46921510700008,67.99052682800061],[183.46668110500082,68.0029620250005],[183.60028891100035,67.96771017500055],[183.7257186210005,67.92853424700064],[183.9144105160002,67.88398576000048],[184.01689700600036,67.86082591400043],[184.0792749360005,67.85101959800045],[184.07225149300052,67.8467145420006],[183.99490819400035,67.85399773000051],[183.95141765800054,67.85215067000064],[183.91529306400048,67.83207718900053],[183.88409002700075,67.80653715300048],[183.86261980000074,67.77735890800045],[183.89887201500062,67.76008637600057],[183.93504158700023,67.7482725530005],[183.95193986000015,67.73552887700055],[183.93034065500012,67.7273141330005],[183.9062842680006,67.73002736600057],[183.82212594900057,67.72992993100058],[183.76686806100065,67.72528679600055],[183.6995367890005,67.72424411400061],[183.67331681800033,67.7096052440005],[183.65912678300015,67.69590243100066],[183.71684300100048,67.69238845900048],[183.73157671400054,67.66872766000046],[183.79420783100056,67.64515193000057],[183.87820818400053,67.62704630900043],[183.97873126600052,67.63076963300045],[184.02660189900053,67.63898505300057],[184.07449846600036,67.6389867010007],[184.11757739700056,67.62895416200064],[184.11514206500055,67.61255623700055],[184.08881587000053,67.60345307400058],[184.08640389800007,67.58796550100055],[184.13179470200032,67.5843067770005],[184.2297180650005,67.5796779320006],[184.26079451800058,67.58237574100059],[184.27500919000022,67.56960240200056],[184.28704573100083,67.57960688900067],[184.31821078300027,67.58957938200058],[184.3303397160007,67.60504763200055],[184.32810589700046,67.61871810000048],[184.2898784270003,67.62424492700046],[184.2732701680004,67.63975511600063],[184.23264883000024,67.65164718300053],[184.16795471700038,67.65170309100057],[184.1271995930008,67.64443799800046],[184.10325771300063,67.64991331300064],[184.11287895700048,67.66539815600066],[184.12731661300052,67.68270264200049],[184.15139825600033,67.70455590600051],[184.1130106680007,67.71915139600054],[184.05053274900047,67.72553924100055],[183.99285385600035,67.72279431900046],[183.98803408900028,67.72734776500045],[184.07939816800058,67.74740350000047],[184.14684412500083,67.76833473000056],[184.16615585200032,67.77834492400046],[184.17830185300056,67.79746950500055],[184.17597084900035,67.81296012700062],[184.48479608100013,67.72280957700048],[184.61854088600057,67.6872012390005],[184.7134996040005,67.66710570000055],[184.7344712690002,67.65855507900068],[184.73901133400068,67.64595824700075],[184.70387922600048,67.64419627300043],[184.6876377680004,67.63465150900049],[184.70048036600065,67.62054628800058],[184.70922634200053,67.60561657100067],[184.74501563500053,67.5860597530006],[184.75984197800062,67.57429932900061],[184.75204162000057,67.55928950800063],[184.77515430000062,67.5452054370005],[184.87322996500063,67.49988984300046],[184.85674679300053,67.50061706200069],[184.78166862800072,67.53419921100044],[184.77347008500067,67.53258846500057],[184.78620168000054,67.5200351630005],[184.79487076900068,67.50510128200045],[184.80958275800072,67.49413191600053],[184.80377726900053,67.48071615400056],[184.8122363800003,67.47208405800063],[184.81060736700067,67.45632073300044],[184.81092690900005,67.44450396400055],[184.8276023700006,67.4351139310005],[184.81539296000017,67.4311272250007],[184.78876017700065,67.42944552800054],[184.76625894700044,67.42698907400052],[184.7583515630006,67.41671337300056],[184.75867273900053,67.40568423300067],[184.75077557100053,67.39540795900058],[184.64954674600017,67.38251373900056],[184.6331168330007,67.35778862900048],[184.6888299830008,67.34467997900049],[184.7093170590001,67.34399385600068],[184.74003101900053,67.34335384000047],[184.77284137600054,67.34034441900059],[184.81172023900012,67.3397230720006],[184.8404110250001,67.33747679100048],[184.86891902500065,67.34231379200054],[184.89535474200056,67.34871328200052],[184.9258601390003,67.35669642000045],[184.95022795000023,67.36543809500046],[184.97666235400038,67.37418178000053],[184.98461805100067,67.38601977300061],[184.98856102900015,67.39390876400063],[185.00884831700068,67.40499440900061],[185.00658923700064,67.41601663100062],[185.0310519270007,67.42474840500046],[185.01435558500054,67.43967225900053],[184.9791761020008,67.45296636900059],[184.94389895900076,67.4601504580005],[184.92017662900048,67.48114655200067],[185.03606204500022,67.44525788000055],[185.0709741550005,67.42649974200049],[185.0866384240005,67.4133764230005],[185.0786490600002,67.39913907000044],[185.08508040100048,67.38099552700055],[185.11986055700027,67.38582297700049],[185.15288333400053,67.38556549700047],[185.19389097900057,67.36467088600051],[185.22290127200017,67.32843719800064],[185.2435644200001,67.30323678100058],[185.2022811210005,67.29804108300056],[185.1823671410002,67.29524986300049],[185.15793128700022,67.2896837030006],[185.16210994600021,67.28181022000058],[185.1397454010007,67.27545843700057],[185.13989965600058,67.26363598100045],[185.1440497100008,67.25812865000051],[185.14615975300023,67.25261696000047],[185.12385065400008,67.24468886500057],[185.13620103100072,67.2352597820007],[185.11998584600042,67.22970816700064],[185.11807198700023,67.22103626000046],[185.11006798600056,67.21156313600056],[185.12250434000043,67.19504446300044],[185.11457460000076,67.18084519000058],[185.11493545700068,67.15563452900051],[185.11317888700057,67.13672166400056],[185.10935340000015,67.12095512200074],[185.09541772100067,67.10437807300059],[185.08757294200052,67.08781287600056],[185.0959668120007,67.06813023300043],[185.10224537400018,67.05395728900055],[185.09239190600067,67.03738496100067],[185.11276024400013,67.02560772700053],[185.13919010700033,67.01225544100049],[185.12927406500057,66.99962328700053],[185.14771054100072,66.97836398900046],[185.19017594300044,66.96660326700066],[185.20960533900006,66.9396833350005],[185.29997884900058,66.91652040700046],[185.2739090580003,66.91308603900052],[185.2413628400002,66.9087778390006],[185.23714422700073,66.8994042920005],[185.24597156800075,66.88835083200058],[185.26564621100044,66.87646374300067],[185.27013483700023,66.86285053700055],[185.27686531800055,66.84243184700074],[185.29220478800073,66.82202716300054],[185.29241654800023,66.79904479500055],[185.30123136100053,66.77947883600052],[185.31396504800023,66.76227928100059],[185.31217986200056,66.73241687900065],[185.2928974090005,66.71791400800055],[185.28824839500066,66.74604338000074],[185.2363022690007,66.75365557200053],[185.22560702000067,66.7459683420006],[185.20195873900013,66.73995695800056],[185.1869970090005,66.73140004600043],[185.1784936850006,66.72371103800054],[185.16578420400072,66.70835089400043],[185.1443870670007,66.69893119800054],[185.10991999500084,66.69630317200068],[185.09285839600057,66.68518974400058],[185.05799401100057,66.6867129580005],[185.02588951900054,66.68211497600055],[185.0286653890006,66.6654132480005],[185.0741510340008,66.65275323100059],[185.09801442100058,66.64343817400055],[185.12633580400018,66.62815513700053],[185.1394105030007,66.62220766600058],[185.13971982800058,66.60941956400046],[185.19355619300052,66.59251683700057],[185.30069750800044,66.60035328800046],[185.39306313200063,66.57491019400067],[185.4723969410004,66.54600843700052],[185.5322855520002,66.54005900700054],[185.56433683700072,66.53154498900074],[185.57069704000048,66.50261413500044],[185.60475847900045,66.47452336100059],[185.58343345100047,66.47538324200059],[185.53868577400021,66.45923143400051],[185.53865234700038,66.44646623800054],[185.5407264000005,66.41923046100044],[185.53432111400048,66.40135683800048],[185.5439559250001,66.37140534100058],[185.56548099100064,66.35635000200057],[185.60856678600078,66.35538382700048],[185.61062354200078,66.33751094000058],[185.5852355360007,66.34775098200049],[185.56192127200018,66.34351564100064],[185.54287725100062,66.3239807140007],[185.56189510200034,66.31119989200067],[185.53650002400082,66.27974813800051],[185.5871328670005,66.27114853600045],[185.64632429600033,66.27701985200059],[185.69517271700067,66.3025252880006],[185.70382221700038,66.32635429700053],[185.70394249400056,66.34252755600068],[185.6318092010007,66.3374857170005],[185.70403562400054,66.35444836800059],[185.7275222880005,66.37144852800049],[185.76378164000016,66.38842011100064],[185.8340259840005,66.39937549400071],[185.83635555100068,66.41554283300053],[185.8471830050005,66.43082973700058],[185.8367486900006,66.44701260900058],[185.77711045500052,66.44456538000065],[185.77505945000019,66.45222557200066],[185.79444357500006,66.47260996400047],[185.83476577200008,66.45892259300064],[185.86670400100024,66.45800820400058],[185.92009174700047,66.46724209900066],[185.98409288200037,66.47217131500065],[186.02868652100074,66.46352324100047],[186.04748986700054,66.44559444700047],[186.0278982330001,66.42524929400065],[186.0211292900002,66.40570543300066],[186.0357844390005,66.39373512200046],[186.04833791500062,66.38347126000053],[186.06710855800054,66.36637275300058],[186.06683965500054,66.35360342200067],[186.0708125690005,66.34081798100055],[186.04743221400054,66.3383455440005],[186.0239234920001,66.32905886400061],[185.99617373600063,66.31893552800051],[185.98109326000076,66.30536535400057],[185.9701534850003,66.28494979300058],[185.9783351770003,66.26873526300068],[185.9674800740006,66.25258222100052],[185.96931302400014,66.23638934400071],[185.9838117140008,66.2201558640005],[186.00068733500018,66.21924953300055],[186.0283174390005,66.2285303570007],[186.04347797600076,66.24722273400056],[186.07129637200023,66.26330938800055],[186.1161358150007,66.28274816200059],[186.18407079300073,66.29444716000046],[186.20346114400058,66.30799286200056],[186.15295334300026,66.31838359700043],[186.11271226400083,66.31766776600045],[186.10464009800023,66.33644210100067],[186.14089657800082,66.3448108610005],[186.17901921700047,66.34381905200058],[186.2277785620007,66.3453337050006],[186.2611471060004,66.35346203800054],[186.2947440630005,66.37052394700049],[186.28105014700066,66.39851951100064],[186.28606599800082,66.41121268300054],[186.3069734370008,66.42449088300049],[186.30887018400063,66.43909886800043],[186.28671829900009,66.4436187450006],[186.27108519900014,66.45701271000047],[186.1885966230003,66.47059658400048],[186.19207190900067,66.48838502600057],[186.16685865600016,66.50625119600056],[186.12392743700048,66.51525136400062],[186.0856725950008,66.5178757320005],[186.05057944900057,66.51857576300057],[186.02196137800013,66.52942968800045],[185.9724667270002,66.52822865300061],[185.93895123500056,66.52953817800051],[185.8990701740007,66.53720471000054],[185.87354752300052,66.54612499700062],[185.84155933900058,66.53279017900059],[185.7856407120007,66.56142552200049],[185.73605002200054,66.5658756550007],[185.80323799600058,66.58940798600065],[185.91861364600072,66.61415007300047],[185.9731957200005,66.62679684500057],[186.03035582400048,66.64816866800061],[186.06944860200053,66.6676269460005],[186.07630437900025,66.68678088600046],[186.0659567450001,66.7055434660005],[186.0642208880007,66.72512776400055],[186.06454394100047,66.74044836800056],[186.07124182000052,66.7514903930005],[186.06509337600062,66.76597505200073],[186.0654080060001,66.78043832000054],[186.0526966600005,66.79154174700057],[186.05525235500056,66.81025048600071],[186.0426745610008,66.82815741400049],[186.0344067740001,66.8460508230005],[186.01966204500047,66.86566701200059],[185.99403608300054,66.88446278400056],[185.97700055100017,66.90067897400064],[185.98157918800064,66.91343035300059],[185.9840566430007,66.92959230800051],[185.98222416200053,66.94746965100063],[185.97378563800055,66.96111089800053],[185.9392460320006,66.9756721170005],[185.8913974730002,66.97663974200054],[185.83923879200051,66.98100239200056],[185.80875634300037,66.97935594300048],[185.7608084070007,66.97178522600052],[185.7499692610005,66.97606007200051],[185.79584375500053,66.99214217300062],[185.81564167900058,67.00911759500059],[185.80930944000022,67.02702024200045],[185.7657828130001,67.03474622200059],[185.7178734110006,67.04676114200066],[185.59120415100062,67.02731910900059],[185.5257652550007,67.01882714700048],[185.50394705000008,67.02138688200046],[185.6436913880001,67.06135792100054],[185.60217851900052,67.06224936700062],[185.4427885560001,67.03501562800068],[185.38379017900024,67.0409553830005],[185.38799961100062,67.06141402900056],[185.42506901600018,67.07677291800047],[185.80336428500027,67.0807168570006],[186.09412629900055,67.0808533610005],[186.24916134500018,67.07343162900071],[186.34595425500015,67.08835062300051],[186.35353111500035,67.11561485300058],[186.39262330200063,67.10603986700062],[186.4529218300006,67.0906768400007],[186.5206452430001,67.07912609500056],[186.55340616500064,67.07460627600062],[186.5444434890005,67.06954738700045],[186.51808735900056,67.06887992200075],[186.50471494000078,67.06299543500052],[186.5062597840007,67.04420250300058],[186.53641841200056,67.02948733000068],[186.56941431400037,67.03352311000043],[186.57211800300058,67.04715640000046],[186.5683156310006,67.0625498610006],[186.58853847500063,67.07520815300057],[186.61060441000052,67.0784592940006],[186.71319420200052,67.06742419300065],[186.85698130300045,67.05256301900044],[186.9287404020007,67.04423252400068],[186.91969022700027,67.03833588300068],[186.89990309000063,67.03595383700059],[186.84951626400016,67.03384663300068],[186.7928941760008,67.03946612200065],[186.7627676150006,67.04995160500056],[186.75413590000016,67.05258342600047],[186.72784091900053,67.05195053300059],[186.72538102900057,67.04599053900057],[186.7359729190007,67.03822706100055],[186.7378029060004,67.03052576900052],[186.74211673300056,67.02187734600057],[186.77213316100006,67.01660869700044],[186.80485865300068,67.01461666400058],[186.8547313470001,67.0056347490007],[186.85662958400064,66.99964548900056],[186.8537936730005,66.98602411100063],[186.82962544300062,66.98282946700044],[186.79929532800054,66.98821399000053],[186.76216512400015,66.98853318300075],[186.73157749000052,66.98878958200055],[186.70504494700072,66.98132764100052],[186.69567426600065,66.96691053000075],[186.69052923900063,66.95076876700057],[186.70072745700008,66.93621084800066],[186.7091476020006,66.93018410800045],[186.70212900000058,66.92001679700059],[186.6909284320003,66.91328756000058],[186.6926584900001,66.90390520400058],[186.7095174050005,66.89270512100052],[186.73270744800016,66.87804859200065],[186.70415148500024,66.8714529840006],[186.67982932700068,66.86226538100044],[186.6811608500002,66.84436933500047],[186.68056246300034,66.8315980290007],[186.69745837500056,66.82210510500056],[186.75845782900046,66.82845430400073],[186.81681555800048,66.82543376100068],[186.8579531600003,66.82424096400064],[186.89771725500032,66.83752123800059],[186.9134240890005,66.84674686800048],[186.9007597680005,66.85281669700043],[186.87502713600009,66.85814781700043],[186.83846329900018,66.86441903900044],[186.82362913300062,66.87135477800064],[186.8243224440006,66.88411905900062],[186.82705229100054,66.89431147400046],[186.82529431500063,66.90198788100048],[186.7861774430006,66.9031679050006],[186.77352139700054,66.91093506300058],[186.7935204420005,66.9184312600006],[186.83909349600037,66.9154889240005],[186.84665666500064,66.93414812800052],[186.83883544300068,66.95038770700046],[186.8372645850003,66.96146547700062],[186.84645599600026,66.9698942140007],[186.87927204500022,66.97302236300044],[186.9167768830007,66.98292904900052],[186.92603735300054,66.99307322900052],[186.9367728790005,66.99042516500043],[186.93166824600064,66.97683839900054],[186.9224539330005,66.96754857800045],[186.9346298720003,66.95211504800068],[186.94881491300043,66.93410909900058],[187.0042781530001,66.91743223300062],[187.11415042000056,66.90359368800057],[187.21767102900037,66.89400418600059],[187.33416991000058,66.8850425940006],[187.3845051990004,66.89126831500045],[187.39440162800042,66.90732777400058],[187.38465685400024,66.92191705300058],[187.43014840300066,66.92052630400053],[187.4487347980006,66.90838146300047],[187.49615563400062,66.9043909690007],[187.58831446500017,66.9168181980005],[187.63751342900082,66.93321336000065],[187.50215196200054,66.9784161940006],[187.34253991000014,66.9914411480006],[187.15148835100035,67.00967974500054],[187.07152351800016,67.02157012000055],[187.0429614910007,67.01844539300055],[187.00541093000072,67.01027007100055],[186.97512081100024,67.01394916100065],[186.96476491700048,67.02341461900045],[186.9741506680008,67.03527228700051],[187.01365582300025,67.0391752430005],[187.21189554100033,67.03204967300047],[187.26369931600016,67.0238131320005],[187.35890697000025,67.01336202800047],[187.5921168520007,66.9866480190006],[187.80529703500054,66.96073422800043],[187.94362535800053,66.95021111000068],[188.01861763300008,66.95930203500052],[188.0715903190005,66.9661338490007],[188.0571220460006,66.97319273300053],[188.06645784800048,66.97901301200045],[188.10480574900032,66.97072856100056],[188.11031467800058,66.96126004600058],[188.17893727900048,66.95077416600054],[188.21405758500032,66.95275628500053],[188.28148319000047,66.95077749600046],[188.35978469300028,66.92981461300053],[188.3703313240003,66.90830623100067],[188.3318588850002,66.89702942500071],[188.30583105600022,66.87957169800052],[188.32881188400006,66.85047324700048],[188.36996668900065,66.83005821200055],[188.43746607000037,66.80889981400054],[188.5737304700002,66.77485204900063],[188.60870916200076,66.77937648200043],[188.64659932700056,66.77185259800052],[188.6690990640003,66.74498193500057],[188.6250481370006,66.73544908700052],[188.61192124900026,66.7151831610006],[188.6366406710007,66.67482907200065],[188.7268697380007,66.64064262800053],[188.9217635430008,66.56720612200058],[189.0157833100003,66.54162656500057],[189.0912749600003,66.51607098800054],[189.12407474100053,66.51536692900049],[189.14026940200029,66.51105377800059],[189.17131595100022,66.49184804900068],[189.20610599100053,66.48314036700054],[189.24012291800057,66.46442291900064],[189.2578638030002,66.46015045800056],[189.2716170580003,66.45477936400056],[189.29456627700029,66.43138255400044],[189.33423912900048,66.41803620000047],[189.3675643240001,66.39931875200045],[189.4192000660006,66.36082591400054],[189.43474368600016,66.35358307500053],[189.50517825600025,66.34406159100052],[189.61480711600063,66.31653175600059],[189.5967752760008,66.30706744900061],[189.5672680020008,66.3028668710005],[189.5164880480005,66.2942427270005],[189.4859679530008,66.28343582600047],[189.47977772300055,66.27035273500059],[189.47742350200053,66.25551780800049],[189.46176814600028,66.23440452200043],[189.4088576220007,66.23735904500074],[189.3469344410006,66.24848053600056],[189.3743188810006,66.23480866100061],[189.40471943500052,66.2244411200005],[189.48906352600068,66.22543399500046],[189.5123895860005,66.24303782500061],[189.53957791700032,66.25888752300051],[189.57063153100057,66.27298048100056],[189.60964707900064,66.28520683700054],[189.64788396500023,66.29247933700043],[189.6850401080003,66.2931488010006],[189.7257429120001,66.29040386700052],[189.7849493750001,66.2755549490006],[189.81600435500047,66.26476951100045],[189.8461422540006,66.24902390700043],[189.85813528200038,66.22383824000053],[189.89379562000022,66.19304745300064],[189.87102274700044,66.18043096000059],[189.83776920400078,66.17803508600059],[189.7961674740004,66.17423011100044],[189.7652694020005,66.18577708500055],[189.73969138700056,66.17909999400064],[189.71116403600058,66.17987956700057],[189.66163170700077,66.18577708500055],[189.7764184910002,66.14813873900044],[189.86373264200006,66.13924380800051],[189.8858638860005,66.14855759400058],[189.9141681300007,66.1692896340005],[189.9552932660008,66.1697872900005],[190.02507571700062,66.14569733300044],[190.05262291800034,66.14484284100058],[190.07732181100016,66.15029531500056],[190.0835473970003,66.16404857000049],[190.06743411600075,66.17153554900062],[190.0289412770005,66.18016185100043],[189.98548424600028,66.18891022300045],[189.95643151100057,66.19330475500061],[190.0090845060006,66.19013092700055],[190.04790286600007,66.18378327000067],[190.09327233200054,66.16962311400056],[190.18840579500068,66.15717194200045],[190.28150475400037,66.13279857000049],[190.29253177200042,66.13117096600047],[190.29908287900048,66.12864817900055],[190.30018151100035,66.12262604400064],[190.30010013100036,66.1149763040006],[190.31983323000054,66.10101249000058],[190.34549891600057,66.08530484300059],[190.35861581000052,66.06832743700062],[190.34388393100062,66.05553525400063],[190.32010509700058,66.03805624600056],[190.3047914280005,66.02197050100057],[190.28138971600026,66.00613326900043],[190.22428024400074,66.00623925800073],[190.17499266700065,66.00443151000059],[190.13337866000052,66.02224428000056],[190.10855286300034,66.0428529050007],[190.01848392000068,66.03900788000044],[189.9455287800006,66.02115182400058],[189.85696851300065,66.00382917400066],[189.76343542500013,65.95517185800048],[189.74120977087716,65.95121121871193],[189.65887601100042,65.93653924000051],[189.62470218000055,65.92589097200056],[189.5730947820008,65.90743018900065],[189.5571222910403,65.90020250649343],[189.49025208600017,65.8699431930005],[189.39368737100017,65.86131419500043],[189.3741968110005,65.85065338700048],[189.39832604300045,65.84731679900045],[189.43421471400052,65.85321686400061],[189.4675806000006,65.85272858300044],[189.4840600920005,65.83014557500047],[189.4772241550006,65.8168399110005],[189.4288436210004,65.76121653900043],[189.46302330800063,65.73175690300059],[189.46977786600007,65.72028229400058],[189.45911705800074,65.70473867400057],[189.4567977220006,65.69985586100057],[189.45903567800076,65.6953799500007],[189.4645288420005,65.69106679900045],[189.46949303500082,65.6859805360005],[189.46977786600007,65.67934804900057],[189.51122674700048,65.67075769100069],[189.47976779700036,65.64217302200052],[189.46472326300045,65.6181469350006],[189.4118342760006,65.6045658450006],[189.33264387200063,65.59954598500059],[189.12456302200076,65.62335846600058],[189.10743248800054,65.62946198100047],[189.1005151700001,65.6482608090007],[188.9482934910004,65.68573639500045],[188.85268973900065,65.69499983000054],[188.83101905900025,65.71367721500053],[188.79162281600054,65.75094263400058],[188.73391633600056,65.77201435200061],[188.61487976100045,65.81757016700055],[188.53673453000056,65.83258962800045],[188.5391762660006,65.81933757300061],[188.56432922300075,65.79565252900056],[188.58188790200052,65.77543001800075],[188.5997030930007,65.75687802500045],[188.6108504570003,65.74607982000043],[188.68213951900066,65.73395416900053],[188.66985110800078,65.72894928600056],[188.65642337300062,65.72724030200072],[188.62818444100049,65.72772858300056],[188.6396997410004,65.70966217700055],[188.65666751400022,65.70001862200047],[188.6964624360004,65.68618398600046],[188.73613528700014,65.65558502800053],[188.7544458340002,65.65135325700044],[188.83318118600062,65.64744700700055],[188.85405520900042,65.64179108300061],[188.9171615000006,65.63412664400056],[188.9550318520005,65.62220487700046],[188.96733645900065,65.59853750200057],[188.97636966200048,65.58315664300062],[189.01818767300063,65.59205382800053],[189.0292399220001,65.55146178700056],[189.02467437800055,65.51114361400056],[188.9910322010005,65.48909622000048],[188.96134608400052,65.46698723200046],[188.84001712300028,65.47939687700062],[188.8088528250007,65.49686882300045],[188.7491072080005,65.52199102500055],[188.5970480030005,65.52092742100069],[188.4443368900005,65.51008013100056],[188.09625764300063,65.4607710250005],[187.9657966980003,65.47443813600057],[188.19160282600058,65.4893271160006],[188.25638083400054,65.49966127400052],[188.22229776500035,65.51216961800054],[188.13886048000052,65.5184500950005],[188.04237948600053,65.51654791200059],[188.0093932580005,65.53772388100043],[187.97451412700048,65.54820613600043],[187.93535403700025,65.5575625670005],[187.92802981900059,65.56264883000063],[187.90666751400056,65.56801992400062],[187.88659236900014,65.54632115900051],[187.85382923000066,65.53693198100046],[187.82906628100034,65.52741088500068],[187.80207573100063,65.5377311860006],[187.73991946700028,65.54523346600047],[187.73597383200058,65.55687991500054],[187.7648880050001,65.56800365600049],[187.7939711960007,65.58076598200057],[187.77136550800083,65.59595892600055],[187.7326199450007,65.60973780500046],[187.6776482320006,65.62211315500048],[187.7027885620006,65.63493641200057],[187.72794857200063,65.64775043800051],[187.70951802100035,65.66617407000058],[187.66032448900057,65.65371640900054],[187.64808190200006,65.67251211100051],[187.63489830800063,65.67584870000047],[187.59843821800052,65.68101703100064],[187.57026530100052,65.67976195500052],[187.5681855435031,65.68014195674772],[187.53333580800063,65.68650950700066],[187.3161727220005,65.70425039300056],[187.24443606900059,65.68984609600062],[187.2092798190007,65.6876895200005],[187.1744897800006,65.69110748900044],[187.1403914720005,65.69985586100057],[187.17361551424835,65.67299879620379],[187.1754256520004,65.67153554900057],[187.23076419400047,65.66486237200058],[187.3389998710005,65.67251211100051],[187.33037356900024,65.6630720070005],[187.31621341200048,65.65322500200051],[187.3255823230005,65.62351809300054],[187.35720946200013,65.6181779770007],[187.4207979340007,65.6124245070007],[187.5162964180006,65.60622178300048],[187.6102778960003,65.58181650700055],[187.62076432400056,65.56350791300059],[187.61118052600057,65.5438283790005],[187.6018826460005,65.52745335800051],[187.65239505300076,65.50161367400074],[187.67481530000066,65.48749420800044],[187.68031261800058,65.46525450600063],[187.6152302740005,65.47927506500048],[187.58377592000068,65.47618219700053],[187.57197304800013,65.47045908600052],[187.57424028200057,65.46336434100067],[187.60208013300075,65.45709013200047],[187.60952001300063,65.44403541500043],[187.61139145500033,65.43223648800074],[187.64465339700052,65.42352074400065],[187.73589553400075,65.41821282600057],[187.83075432800013,65.44476786900049],[187.8786235100007,65.48397874300048],[187.90659688200083,65.48357052100044],[187.83751349400018,65.42069229300063],[187.8102384170004,65.35178478100062],[187.79705032100048,65.32453682600055],[187.81478863900054,65.29867673100057],[187.82044606800048,65.26484725600062],[187.81146122000064,65.24244984100045],[187.78442827100082,65.23948609600063],[187.75049889400032,65.2336286480006],[187.72307376400045,65.25470612200053],[187.69206790500016,65.2673200540006],[187.65849856900013,65.27358633000057],[187.62322024800062,65.27521393400059],[187.5997420580004,65.27301666900058],[187.55396569100049,65.26325104400053],[187.4885360040006,65.26056549700047],[187.46876061300065,65.2576358090007],[187.44914798300078,65.25071849200043],[187.4225366550005,65.24770742400051],[187.36369876400067,65.26911041900047],[187.33183841200048,65.27521393400059],[187.3184920580003,65.27350495000059],[187.30779056100027,65.26837799700047],[187.30058841200025,65.25975169500043],[187.2980249360005,65.24762604400053],[187.30347741000037,65.23602936400061],[187.31670169400013,65.23041413000055],[187.3326522140004,65.22821686400044],[187.4493570020005,65.20602686700056],[187.54297936300043,65.21938711100057],[187.6345292650002,65.20841635900058],[187.68909752700006,65.21995677300066],[187.71928958400053,65.21063873900044],[187.79846871000052,65.2168742990005],[187.83448214600037,65.17797398700066],[187.82913627000062,65.15232895700063],[187.79627526100023,65.13222890800046],[187.7729598320003,65.13222890800046],[187.74370364700064,65.13743724200066],[187.7462671230004,65.13515859600057],[187.75684655000043,65.12319570500063],[187.77324466200025,65.09975820500046],[187.78467858200065,65.09027741100067],[187.80482018300052,65.08372630400049],[187.8175154960004,65.08930084800056],[187.82915286600075,65.0987816430005],[187.8460799490001,65.10394928600061],[187.9133855940005,65.09363786300054],[187.9199070380006,65.07590477000048],[187.90690855400067,65.05035869200043],[187.82503955900006,65.01750784000052],[187.78136891300062,64.98424716700055],[187.6769958930007,64.94834493600052],[187.52788369500036,64.92078427600046],[187.5036727220006,64.91738515800057],[187.46367435000047,64.92633698100059],[187.44202721400075,64.92519765800057],[187.39323978000039,64.90322500200045],[187.3737085300005,64.89850495000053],[187.34117477800055,64.89014449300043],[187.29909576300054,64.87759791400049],[187.27958714700014,64.86167537200043],[187.2371543930002,64.83786813500046],[187.1922194440001,64.84779051600054],[187.09839019700053,64.85803853800059],[186.99986670800058,64.8552678270006],[186.94278935800048,64.83788292700063],[186.9383394560001,64.81062191000058],[186.91883333000033,64.78183365100045],[186.8358836100008,64.76460266000055],[186.83952940100073,64.75977203400055],[186.94107732600014,64.76888659000065],[186.99438622900016,64.79588307800054],[187.0252346040004,64.81345359300047],[187.07834056000058,64.82123425000043],[187.13355553500082,64.81590403900054],[187.19426517000068,64.80337148600057],[187.2198999360005,64.79254791900058],[187.24953280300076,64.76236555200057],[187.2446909060002,64.73346798300065],[187.18808520700043,64.72585181400046],[187.16871400500008,64.70987818300046],[187.14203135600053,64.69877816500059],[187.10808843500058,64.69415829400054],[187.05159122700047,64.68805122400045],[186.99126146500043,64.67555218100057],[186.95712839200064,64.65968467800047],[186.96051771800035,64.64680873300051],[187.02434835900033,64.65445562000053],[187.1071517510003,64.66522957000063],[187.13709418900044,64.66343986600049],[187.15536679600018,64.64886999800058],[187.12843424800064,64.62812338600071],[187.08991732500056,64.5945832030007],[187.03314161100047,64.57239732500051],[187.03280715700078,64.56113681800059],[187.1001757390004,64.56396847200062],[187.13430413500032,64.5782574230006],[187.15354449700067,64.5942279380007],[187.1840943710007,64.6117348480006],[187.2175679910008,64.60509965200049],[187.25232994900057,64.60244375200045],[187.27751712300028,64.59686920800056],[187.3291528660004,64.59389883000063],[187.34644616000048,64.59003327000056],[187.3778589200008,64.57754140800046],[187.53492272200083,64.55841705900053],[187.54432213600023,64.5483259140006],[187.5488794280002,64.53335195500057],[187.55872643300063,64.51496002800053],[187.58936608200065,64.48916250200068],[187.77975594000065,64.40733818600052],[187.67572741900074,64.40996155500045],[187.61234210500072,64.40736443800057],[187.5599054450006,64.3998039920005],[187.5147179220006,64.38728201500066],[187.45477352000057,64.37650450900048],[187.40992741800062,64.37042419200054],[187.35979251400033,64.39077383000063],[187.34595787900025,64.39301178600056],[187.31853274800028,64.40277741100056],[187.28846055600025,64.40034959100058],[187.28543489300046,64.4181617280006],[187.2864007050007,64.44390385500043],[187.2642902790003,64.4504586480005],[187.23145592500077,64.4584821640006],[187.2365828790006,64.46930573100059],[187.23027591200014,64.48094310100066],[187.21534264400054,64.4890811220007],[187.19813073000034,64.49603913000067],[187.1847436860005,64.50405508000046],[187.1577973640002,64.49769803300052],[187.11665439400042,64.49471075100047],[187.0678123620005,64.48370596000058],[186.98694908900052,64.46157461100057],[187.0217702220001,64.43888648500058],[187.08540611100057,64.44980733700072],[187.16379478800013,64.45420716300043],[187.21167640200042,64.43786076300046],[187.21093625600054,64.41692831100045],[187.18420279400027,64.39770916300046],[187.18298322500016,64.3622624090005],[187.18220525900028,64.33969219000045],[187.17782862100034,64.32036164200065],[187.1513234510004,64.3043861830007],[187.12526455000057,64.30130812600066],[187.11419549200036,64.30298502200048],[187.08194691100027,64.3386637660006],[187.04854466700021,64.33884318500043],[187.0477044080004,64.31141060300047],[187.06929877900063,64.29030859400058],[187.07589613600055,64.26442928800054],[186.99056212800065,64.25999012400058],[186.89373542400028,64.24098028000049],[186.77776126400067,64.26959870000047],[186.72942142000022,64.28839752800053],[186.63174715800017,64.28547821500047],[186.62096277100056,64.3144251190007],[186.63618996800005,64.3417473880005],[186.63662387300053,64.36595284700047],[186.69292224300034,64.3900603570005],[186.72551517000056,64.43109772300045],[186.73633873800065,64.4459903020005],[186.7242537770005,64.45123932500053],[186.69971764400054,64.45083242400057],[186.68787682400068,64.45221588700053],[186.69568932400023,64.46849192900055],[186.69658450600048,64.48493073100053],[186.70012454500056,64.50218333500055],[186.7158309250001,64.52114492400068],[186.7000024750006,64.5382754580005],[186.6908065110007,64.54547760600047],[186.68108157600022,64.54840729400058],[186.6650903660003,64.55109284100047],[186.6598413420005,64.55776601800062],[186.6584578790006,64.56659577000056],[186.64783776100057,64.58494700700044],[186.64588463600035,64.59149811400061],[186.64014733200054,64.59552643400048],[186.61146080800052,64.59882233300061],[186.60193932400057,64.6039492860005],[186.58545983200077,64.61664459800056],[186.5830184250002,64.59634023600046],[186.60364830800052,64.56476471600058],[186.6305444670004,64.53367747600055],[186.64690188900022,64.50747304900057],[186.6432397800006,64.48021067900044],[186.62305748800043,64.46035390800057],[186.63400643000023,64.42247487300051],[186.61482218500055,64.39504074400071],[186.54360405700027,64.36448377700043],[186.4949207670005,64.34353097200045],[186.40175489700061,64.3306277750005],[186.36456625000028,64.33223063900044],[186.3159285820003,64.34886302300043],[186.1665145190002,64.38080475500044],[186.1300561860005,64.39447663000061],[186.01067044700062,64.4123477650005],[185.9767793180007,64.44284607300045],[185.97299777500052,64.47027819100055],[185.9616317940006,64.4960373500005],[185.95770701900005,64.5282582340007],[185.92755038700057,64.54910946800055],[185.8541772800006,64.5698916690007],[185.8226831390008,64.5846621770005],[185.75831139400054,64.59503815300047],[185.71522057400057,64.60797760600059],[185.6754256520005,64.62543366100044],[185.65320885500057,64.64398834800045],[185.6990259120007,64.65180084800062],[185.71526126400056,64.65143463700059],[185.69410241000048,64.66616445500063],[185.65149987100062,64.6696231140005],[185.57158450600036,64.66571686400044],[185.53337649800005,64.67047760600053],[185.34770755300053,64.72532786700054],[185.3413294000004,64.74070651000045],[185.34812774500006,64.75476036900056],[185.36168679600064,64.7844277440006],[185.40802568400045,64.81740485700055],[185.39206695900054,64.85775375800046],[185.34677691900038,64.89790099300058],[185.31737449200068,64.90081730700064],[185.29648757200027,64.8711326670005],[185.30876062700054,64.83543548900047],[185.27691784700073,64.80720989700046],[185.20402612100065,64.80358698800046],[185.15298570500056,64.80164988600075],[185.10201724900048,64.79813808000046],[185.08599481000056,64.83068821500063],[185.08125175100054,64.85554260600048],[185.04806543800055,64.86149669800056],[185.0304149710006,64.84734734100056],[185.0313985400005,64.8255658610006],[185.03238711400036,64.80378754900045],[185.02235886400035,64.78346752800059],[185.0122010200007,64.7662559150005],[184.94322374000058,64.75941447000065],[184.83711271500022,64.76620055600063],[184.69799808400035,64.77409276800046],[184.63512120700022,64.7873936590006],[184.58854797100037,64.77126366200048],[184.5431590150007,64.79721539300056],[184.58638016800057,64.80704966600058],[184.64747438400047,64.82645911800057],[184.6316446690006,64.84650781800065],[184.59895074600036,64.84144762600062],[184.56280810300075,64.8332298840005],[184.51820615700012,64.84358610600066],[184.51705572700052,64.86226047600053],[184.50520170600078,64.87613030000057],[184.4597681000007,64.87612539300045],[184.45403079500056,64.88422272300056],[184.4382837250006,64.89223867400057],[184.41896323000083,64.90462704900057],[184.3772078790007,64.9147809920006],[184.36870364700007,64.92059967700055],[184.29954710000072,64.93107211600045],[184.22520720700072,64.93936498300047],[184.22747845700053,64.95807276600056],[184.2116690040002,64.9718566810007],[184.14930260500023,64.99038320500057],[184.1352645190001,64.99921295800044],[184.1530361180005,65.01460272100059],[184.2325388600002,65.03750375900063],[184.22679646600068,65.0638750240006],[184.18775475400048,65.07599518400065],[184.18950442800065,65.08722565300059],[184.21995375200038,65.1042361710006],[184.25932271900058,65.12343527900055],[184.26495873000033,65.14684510600046],[184.25188992400047,65.17156649200047],[184.2032983730005,65.1829287780007],[184.11844646100053,65.25845450000048],[184.12744262500064,65.28504277200057],[184.13749015600013,65.29918862700066],[184.11197458200058,65.33620857800065],[184.10860380800057,65.37512336200047],[184.09116068800063,65.40295276000074],[184.0426131520004,65.42291901200059],[184.02295983200054,65.43496328300051],[183.95594323000046,65.45209381700056],[183.9124091860008,65.45601814100053],[183.81722682700013,65.4634368030006],[183.65076744900057,65.50018952000067],[183.37372512000036,65.54241380800062],[183.02344811300054,65.60805898600051],[182.92923581200012,65.59035527000049],[182.83560793800018,65.56803002000055],[182.75400558500064,65.53886308500051],[182.6913715140007,65.4890365670006],[182.5840745270001,65.44074849100065],[182.24830794400043,65.44161924900055],[181.9797286440005,65.44084127800056],[181.7160133510008,65.44434628200048],[181.5388994390005,65.47274127600048],[181.49505661000057,65.49464660800055],[181.4883503459414,65.49929348910337],[181.4712020190002,65.51117584800056],[181.46772049600054,65.52298646600059],[181.48039559900008,65.53659040700063],[181.48810884800048,65.5440295630006],[181.50611840000022,65.5613846760005],[181.50046217470344,65.57300006499867],[181.4979781090002,65.57810123900066],[181.50601240600054,65.60367767400061],[181.54175325800009,65.6202401080007],[181.53871316000027,65.64191901400045],[181.5563134310006,65.6628775100005],[181.58891139600064,65.68176542500055],[181.5757651080005,65.71287875000047],[181.5280867850006,65.74823639500062],[181.48646080800017,65.76264069200056],[181.41130230200065,65.7304718370005],[181.37178305800012,65.72949982600045],[181.34953860800044,65.7697207700005],[181.36426842500077,65.77488841400054],[181.3533227870007,65.78066640800057],[181.34184817800042,65.78270091400054],[181.31617272200037,65.7823753930005],[181.30762780000055,65.78449127800053],[181.30115807400068,65.78961823100059],[181.29529869900057,65.7961286480006],[181.24809817800076,65.83698151200053],[181.23328698000034,65.8468692080005],[181.12749270900053,65.89394765800057],[181.09673099100053,65.91958242400062],[181.13115481900047,65.93817780200055],[181.1048690110008,65.9772403020005],[181.02161705800052,66.04926178600061],[181.04326419400059,66.04828522300056],[181.0641382170004,66.04116445500063],[181.1035669280002,66.02191803600056],[181.16618899800028,66.00556061400056],[181.18519127700063,65.99774811400056],[181.20110110800022,65.9940860050005],[181.2746658250004,65.99192556700046],[181.31574388600006,66.01257187500062],[181.3305810190003,66.04728953400053],[181.30128014400066,66.07640208500044],[181.3175561860005,66.10187409100058],[181.3837562900003,66.10675337400062],[181.4407118190004,66.10307311300045],[181.47286577700038,66.11907701000047],[181.50432454500083,66.14012730100052],[181.48633207200055,66.15619158000055],[181.47162210300053,66.17106140400057],[181.49394997900015,66.1906241600006],[181.50671340300016,66.21121980300069],[181.49598557200045,66.21983192000067],[181.47063235800067,66.22467682500053],[181.47783450600036,66.24607982000066],[181.45984948000057,66.26837799700064],[181.46998131600037,66.27387116100056],[181.47938073000057,66.28148021000067],[181.49708092500066,66.29938385600053],[181.50171959700015,66.30890534100047],[181.49756920700065,66.31683991100044],[181.49073326900054,66.32461172100062],[181.48711185000047,66.33380768400059],[181.5376980530002,66.36789054000047],[181.52287595600012,66.38276195900056],[181.4977781600005,66.3809153700006],[181.47993189000078,66.37289154400071],[181.45952880400068,66.3609987600006],[181.46083240300038,66.3521530430005],[181.43524393900043,66.3540810210007],[181.3962808600005,66.3607560450007],[181.39521228800072,66.3467796650005],[181.39395539900056,66.33406669600049],[181.38917152100043,66.32380490000054],[181.38798228700045,66.31109262100063],[181.37760197100044,66.29577707300064],[181.33446641700027,66.2586803650006],[181.27709750500014,66.2097470430005],[181.2475938200006,66.1909928410006],[181.21486543900016,66.16724307800064],[181.1042185570002,66.14971082000062],[181.01756067700035,66.15894745300056],[180.95276940200029,66.1994489600005],[180.93620853000073,66.21246979400064],[180.88868098482033,66.23910532128787],[180.8823348320002,66.24266185100055],[180.8707788420005,66.25161367400062],[180.87818444100049,66.27045319200045],[180.91057376400067,66.29214101800045],[180.91797936300065,66.30621979400058],[180.90503991000014,66.34560781500056],[180.88270202794672,66.37671193210167],[180.8738306000006,66.38906484600057],[180.8357039720006,66.41437409100047],[180.80189049600062,66.39931875200045],[180.8055467632895,66.39383006952391],[180.81926517000056,66.37323639500056],[180.8227645190001,66.34438711100046],[180.8224389980005,66.31557851800062],[180.82854251400067,66.28945547100057],[180.7532251310006,66.29205963700053],[180.71070397200072,66.29970937700057],[180.67640221400006,66.32465241100061],[180.57597903700037,66.34406159100052],[180.6095076830004,66.29564036700054],[180.62501061300065,66.28937409100058],[180.66395104300022,66.2830264340007],[180.67469323000023,66.27545807500059],[180.68982994900023,66.2510440120007],[180.71037845100045,66.23016998900067],[180.73306679524967,66.21498377115529],[180.7820522330004,66.18219585500054],[180.74804530300048,66.14517039100053],[180.73490212126706,66.14066947305128],[180.69069809700056,66.12553168600056],[180.5782089550005,66.11906091000054],[180.4254171920005,66.11129726600052],[180.33887780000077,66.12750885600053],[180.31922448000012,66.13458893400048],[180.30864505300008,66.14166901200048],[180.31865481900059,66.14484284100058],[180.40882408900052,66.14443594000062],[180.41960696700062,66.14858633000063],[180.41834557400034,66.15851471600052],[180.36988366000037,66.16937897300056],[180.31767825600025,66.18773021000061],[180.30701744900023,66.18390534100058],[180.29106692800065,66.16225820500057],[180.2317407560006,66.10293203300068],[180.21973717500066,66.07591380400049],[180.2122095060007,66.03253815300059],[180.20789635500034,66.0213076840007],[180.1982934910002,66.01129791900053],[180.1887313160007,66.00324127800047],[180.18433678500048,65.99774811400056],[180.18250573000057,65.98411692900044],[180.17127526100023,65.94684479400053],[180.17310631600049,65.93431224200043],[180.23332767000056,65.81981028900043],[180.25013268300063,65.7991397160007],[180.27674401100023,65.78148021000044],[180.5427352220006,65.67450592700067],[180.6095076830004,65.65884023600057],[180.72295560700059,65.63025620200074],[180.6927936020004,65.60723690000054],[180.69687948400008,65.5832232000007],[180.67873445100065,65.57452462000055],[180.73948958900064,65.53217898500048],[180.70111436400055,65.50083704700052],[180.63852433900058,65.46857951300052],[180.59788074000062,65.45118924200057],[180.5854957840005,65.43870864900043],[180.53599799500068,65.41699067300044],[180.50099696800078,65.39571123800056],[180.5110492240002,65.36577431200055],[180.5138406240004,65.34972299400062],[180.47858243200062,65.33042975700062],[180.4872356460006,65.30850700400049],[180.47807093800066,65.2778972020007],[180.47579010300024,65.23536073200057],[180.41218441900048,65.20197056800043],[180.37504891100025,65.1686284020007],[180.33691016100033,65.14126325700056],[180.30798271600042,65.14232486800057],[180.25999667700012,65.14276027200054],[180.2244978270005,65.12749156600051],[180.19453328400039,65.10838618700046],[180.1689874270005,65.09143235200054],[180.12331740500065,65.07981268900062],[180.1006843200007,65.07299781500052],[180.06380015600007,65.0656820880007],[180.00001342800067,65.06622953500062],[180.00000000000057,65.06622947500045],[180.00000000000057,65.06618951300032],[179.8963322270007,65.05548737200058],[179.82862389400077,65.03119538000044],[179.80502363400012,65.0275739600005],[179.77955162900037,65.01821523600063],[179.71265709700072,64.95311107000049],[179.4786889980004,64.82273997600066],[179.45639082100035,64.81806061400073],[179.38990319100026,64.82273997600066],[179.29428144600047,64.80914948100053],[179.25001061300043,64.81122467700044],[179.20240319100026,64.79596588700059],[179.1711531910007,64.79266998900056],[179.0382593110005,64.74884674700047],[178.91179446700073,64.71539948100059],[178.79695134240978,64.65980082600157],[178.75798587300073,64.64093659100047],[178.5615340500009,64.5915388040006],[178.51417076900032,64.59031810100055],[178.49354226445382,64.60489322702455],[178.4856063160006,64.6105003930005],[178.53972415500084,64.62372467700044],[178.70191491000037,64.64398834800045],[178.7187606130002,64.64813873900056],[178.7331649100006,64.6581485050005],[178.75586998800054,64.68219635600059],[178.75017337300073,64.69171784100052],[178.72120201900066,64.69684479400058],[178.66773522200072,64.69928620000047],[178.6425887380003,64.6965192730006],[178.56804446700062,64.67877838700048],[178.21794681100027,64.65827057500047],[178.2378035820002,64.66327545800056],[178.2600203790006,64.66449616100061],[178.27344811300043,64.66933828300068],[178.25961347700024,64.68561432500053],[178.2405705090007,64.68878815300059],[178.08432050900046,64.68891022300056],[177.97836347700058,64.67194245000059],[177.96794681100016,64.67523834800045],[177.96257571700062,64.68305084800062],[177.95801842500077,64.69212474200049],[177.9511824880003,64.69928620000047],[177.93718509200016,64.70555247600043],[177.9267684250009,64.70734284100047],[177.74415123800077,64.70636627800059],[177.71957441500058,64.70897044500049],[177.67448978000016,64.72174713700053],[177.62501061300065,64.7201602230005],[177.60173587300028,64.72589752800047],[177.61117597700013,64.73314036700054],[177.64258873800077,64.74770742400062],[177.62468509200028,64.75259023600069],[177.55388431100062,64.78156159100052],[177.53516686300054,64.7858747420006],[177.4918725920004,64.78864166900047],[177.50342858200077,64.80296458500072],[177.50114993600027,64.81370677300049],[177.48845462300073,64.82046133000063],[177.4679468110005,64.82273997600066],[177.42709394600047,64.82103099200049],[177.4104923840007,64.8244489600005],[177.38941491000014,64.83584219000045],[177.41260826900043,64.84463125200062],[177.43824303500014,64.84882233300056],[177.4918725920004,64.85008372600055],[177.48275800900024,64.86163971600047],[177.4602156910006,64.87958405200055],[177.4508569670004,64.89105866100056],[177.44955488400046,64.89679596600052],[177.45337975400014,64.90501536700054],[177.4508569670004,64.91217682500047],[177.4454858730005,64.9198672550005],[177.43978925900035,64.92511627800059],[177.4329533210007,64.92902252800047],[177.4235132170005,64.93260325700055],[177.3999129570002,64.93646881700045],[177.31983483200077,64.93260325700055],[177.29810631600026,64.93463776200059],[177.2575789720005,64.9436709660007],[177.2382918630002,64.94562409100052],[177.2194116550006,64.95636627800053],[177.18864993600073,65.00844961100057],[177.16968834700072,65.0275739600005],[177.1511336600007,65.03367747600049],[176.99268639400077,65.05980052300055],[176.95630944100026,65.07855866100056],[176.93685957100035,65.08283112200047],[176.85499108200065,65.08283112200047],[176.81299889400032,65.0764020850005],[176.7304793630003,65.04828522300056],[176.6084090500009,65.03180573100076],[176.57081139400043,65.03351471600052],[176.5210067070002,65.05914948100065],[176.49822024800062,65.06452057500064],[176.4575301440002,65.06915924700053],[176.4497176440002,65.07119375200057],[176.44304446700085,65.07587311400067],[176.43653405000043,65.08161041900047],[176.42986087300028,65.08657461100051],[176.41863040500073,65.09023672100068],[176.40626061300077,65.09113190300064],[176.38135826900032,65.09027741100067],[176.39478600400048,65.06435781500045],[176.37110436300054,65.05467357000043],[176.30632571700028,65.05548737200058],[176.33570397200037,65.03815338700053],[176.37183678500014,65.03514232000055],[176.44385826900043,65.04189687700045],[176.45492597700036,65.03872304900057],[176.48438561300088,65.01459381700056],[176.4985457690002,65.00800202000062],[176.5134383470006,65.00381094000056],[176.54615319100037,65.00092194200045],[176.91472415500027,65.04930247600043],[176.95850670700077,65.04657623900056],[176.97779381600037,65.03131745000059],[176.9918725920004,65.01056549700053],[177.02263431100073,65.0016543640005],[177.05323326900066,64.99746328300057],[177.0672306650008,64.99038320500057],[177.08090254000058,64.97308991100056],[177.16968834700072,64.94562409100052],[177.17790774800028,64.9377302100005],[177.1844181650007,64.92877838700065],[177.19385826900088,64.92137278900054],[177.21062259200073,64.91836172100045],[177.2215275400008,64.91461823100053],[177.23080488400024,64.90546295800056],[177.2453719410006,64.88422272300056],[177.23780358200065,64.87978750200068],[177.23340905000066,64.87531159100058],[177.22429446700085,64.86371491100067],[177.27588951900054,64.85000234600057],[177.2976994150007,64.83844635600047],[177.30005944100037,64.82273997600066],[177.28467858200042,64.81488678600067],[177.21041952035387,64.79650878906324],[177.20378665500073,64.79486725500061],[177.0803328790006,64.78119538000067],[177.05372155000066,64.77464427300049],[177.03980553500014,64.77277252800047],[177.02564537900082,64.7743594420005],[177.02294232401505,64.77577024715299],[177.0163680350006,64.77920156500045],[177.00082441500035,64.79222239800055],[176.95004316500012,64.80365631700062],[176.88559004000058,64.84210846600058],[176.8481551440002,64.85008372600055],[176.62614993600062,64.86790599200043],[176.6113387380002,64.86497630400049],[176.59734134200085,64.85382721600047],[176.56739342500043,64.83649323100076],[176.53565514400066,64.82273997600066],[176.5159611340007,64.82062409100047],[176.47584069100026,64.81122467700044],[176.4575301440002,64.80914948100053],[176.43580162900014,64.81093984600062],[176.4318139980005,64.8164737000007],[176.4327905610004,64.8259951840007],[176.42644290500027,64.8395449890005],[176.3971460300006,64.85993073100059],[176.24170983200077,64.90106842700044],[176.22413170700065,64.90912506700056],[176.2068791020008,64.92177969000056],[176.18873131600037,64.92796458500061],[176.11109459700026,64.92519765800057],[176.0906681650008,64.9316266950006],[176.06519616000037,64.95864492400045],[176.04566491000037,64.96279531500056],[176.02865644600024,64.95880768400059],[175.98357181100062,64.93549225500067],[175.95484459700083,64.92495351800045],[175.9462996750002,64.91868724200049],[175.94336998800054,64.91364166900053],[175.94255618600062,64.90289948100065],[175.93946373800088,64.8978945980005],[175.89861087300085,64.86375560100066],[175.86768639400054,64.84503815300059],[175.78809655000066,64.82648346600058],[175.75473066500058,64.8088239600005],[175.7146102220005,64.79364655200044],[175.56275475400025,64.81195709800056],[175.51246178500082,64.80670807500047],[175.41391035200013,64.78363678600056],[175.2892358730005,64.77537669500055],[175.24073326900088,64.78681061400061],[175.2238875660007,64.78245677300049],[175.20801842500043,64.77496979400053],[175.18620853000039,64.77098216400049],[175.0407820970006,64.7780622420006],[174.99040774800073,64.77098216400049],[174.86394290500027,64.71478913000067],[174.79574629000035,64.7033552100005],[174.75033613400035,64.68891022300056],[174.72689863400012,64.68561432500053],[174.44174238400046,64.69245026200065],[174.47706139400032,64.67597077000045],[174.5190535820002,64.67039622600055],[174.77173912900048,64.68065013200055],[175.02247155000055,64.75458405200044],[175.10718834700037,64.7647972680005],[175.2784936860005,64.75055573100047],[175.59050540500016,64.78937409100052],[175.62452233200042,64.77472565300047],[175.65748131600014,64.7676455750007],[175.71168053500037,64.77472565300047],[175.84099368600027,64.81045156500045],[175.85767662900048,64.81899648600057],[175.87142988400024,64.82965729400047],[175.88705488400046,64.83877187700045],[175.92465254000012,64.84829336100046],[175.93946373800088,64.85663483300056],[175.98096764400088,64.90094635600059],[176.00464928500037,64.91535065300053],[176.03874759200073,64.92182038000055],[176.08236738400046,64.91893138200044],[176.1267195970006,64.90827057500059],[176.21013431100016,64.8739688170005],[176.27328535200058,64.82489655200055],[176.28044681100027,64.81679922100057],[176.29265384200016,64.79486725500061],[176.3032332690002,64.78070709800062],[176.31674238400035,64.76748281500056],[176.33301842500055,64.75763580900048],[176.36459394600047,64.74994538000055],[176.37566165500084,64.74087148600046],[176.38550866000026,64.73045482000043],[176.39568118600073,64.72284577000062],[176.41504967500032,64.71474844000068],[176.42367597700013,64.70962148600046],[176.4200952480005,64.70351797100057],[176.4025171230004,64.69245026200065],[176.3839624360004,64.68325429900045],[176.32667076900043,64.66571686400044],[176.18238366000026,64.64716217700044],[176.1452742850006,64.62759023600063],[176.13200109413162,64.61230722442934],[176.11947675900058,64.5978864600005],[176.1145125660007,64.59003327000056],[176.10499108200054,64.55634186400056],[176.10084069100049,64.54840729400058],[176.11426842500032,64.54193756700056],[176.1179305350007,64.54800039300056],[176.11833743600027,64.55955638200061],[176.12134850400037,64.5695254580005],[176.13396243600027,64.5792910830005],[176.2009400804002,64.61521806350703],[176.2099715500009,64.6200625670005],[176.22960609135964,64.62204363092405],[176.24626712300062,64.62372467700044],[176.2844344410006,64.62140534100058],[176.32667076900043,64.62417226800062],[176.36841881600083,64.63426341400049],[176.38917076900066,64.64288971600052],[176.4059350920004,64.6548526060007],[176.4204069463275,64.67004292122562],[176.4288843110004,64.67894114800055],[176.44223066500024,64.6885440120007],[176.4575301440002,64.69245026200065],[176.54175866000037,64.68431224200054],[176.58228600400014,64.67373281500045],[176.68995201900054,64.62759023600063],[176.69783269649736,64.6212145491802],[176.7016707690002,64.61810944200062],[176.72738691500024,64.57916901200048],[176.7429305350006,64.5712344420005],[176.75953209700037,64.57387929900074],[176.79297936300043,64.59003327000056],[176.81934655000043,64.59747955900053],[176.8283797540007,64.60301341400054],[176.83220462300062,64.6093203800005],[176.82992597700013,64.61444733300056],[176.82691491000037,64.61912669500049],[176.8283797540007,64.62417226800062],[176.83169435467232,64.62650172418927],[176.85466556100062,64.64264557500064],[176.91968834700015,64.67011139500067],[176.98585045700065,64.7111270200005],[177.00218130903897,64.7136769738429],[177.0335392590008,64.71857330900048],[177.1281844410007,64.71971263200055],[177.16944420700077,64.72654857000055],[177.21257571700016,64.73867422100045],[177.29281660200036,64.77094147300056],[177.33838951900077,64.78148021000061],[177.4918725920004,64.76752350500055],[177.4801538420004,64.73639557500059],[177.45240319100026,64.68549225500055],[177.44947350400048,64.67348867400045],[177.4542749360004,64.66201406500056],[177.45525149800028,64.65216705900048],[177.44483483200065,64.6430117860005],[177.42017662900048,64.62759023600063],[177.41228274800085,64.61762116100044],[177.39861087300073,64.59406159100052],[177.38941491000014,64.58258698100053],[177.37142988400046,64.57143789300056],[177.36426842500043,64.56321849200054],[177.36150149800062,64.54840729400058],[177.36939537900025,64.52167389500045],[177.38738040500073,64.49188873900056],[177.42660566500058,64.4423281920005],[177.45362389400088,64.42064036700043],[177.55388431100062,64.37775299700058],[177.59473717500066,64.34194570500063],[177.6222436860005,64.33295319200045],[177.66993248800065,64.30512116100056],[177.68970787900014,64.29734935100055],[177.7321069670004,64.28827545800056],[177.81332441500058,64.25421784100052],[178.0000106130003,64.21035390800057],[178.1838485040007,64.20579661700054],[178.1838485040007,64.21320221600052],[178.10084069100037,64.23786041900053],[178.07455488400035,64.25421784100052],[178.1025496750002,64.27065664300056],[178.19752037900082,64.29523346600058],[178.2166447270008,64.30353424700053],[178.23438561300088,64.31391022300056],[178.25066165500039,64.32684967700055],[178.26587975400037,64.3429629580005],[178.28256269600024,64.35398997600055],[178.27865644600058,64.36530182500047],[178.26628665500073,64.37396881700062],[178.24390709700072,64.4000918640005],[178.22779381600037,64.4186872420006],[178.21794681100027,64.4268252620007],[178.20215905000077,64.42255280200067],[178.1838485040007,64.41128164300062],[178.19361412900014,64.42084381700056],[178.2002059250002,64.43113841400049],[178.20004316500024,64.44017161700054],[178.22201582100058,64.42942942900044],[178.39991295700054,64.24335358300067],[178.40919030000032,64.22992584800068],[178.4303491550005,64.17853424700064],[178.44076582100013,64.16518789300056],[178.5647078790006,64.06061432500053],[178.58863366000082,64.03510163000055],[178.5550236340008,64.04515208500055],[178.51880944100026,64.06171295800061],[178.4840600920004,64.07086823100059],[178.45484459700026,64.05874258000051],[178.4443465500002,64.0509707700005],[178.42896569100026,64.04336172100057],[178.41277103000073,64.03742096600064],[178.39991295700054,64.03510163000055],[178.38257897200072,64.00096263200066],[178.46827233200042,63.99262116100067],[178.49244225400025,63.986721096000565],[178.46631920700065,63.98016998900056],[178.38257897200072,63.9792341170006],[178.38257897200072,63.97304922100045],[178.4072371750009,63.96723053600067],[178.4889429050006,63.97304922100045],[178.53321373800065,63.970363674000566],[178.6160587900007,63.94887929900062],[178.63941491000026,63.94635651200048],[178.65691165500073,63.94916413000044],[178.6598413420004,63.963120835000495],[178.65235436300077,63.975531317000446],[178.64771569100049,63.986517645000674],[178.63640384200016,63.99347565300047],[178.6432397800006,64.00096263200066],[178.69385826900077,63.910467841000525],[178.69841556100073,63.89736562700051],[178.6980900400007,63.886867580000455],[178.69174238400058,63.86782461100057],[178.69109134200028,63.8563906920005],[178.69467207100035,63.84634023600063],[178.70834394600047,63.82318756700067],[178.71680748800077,63.787258205000626],[178.7402449880003,63.737127997000584],[178.76286868600027,63.64276764500045],[178.75928795700065,63.62299225500061],[178.7419539720005,63.640326239000444],[178.72282962300085,63.65086497600066],[178.7015080090008,63.65623607000043],[178.6913584747365,63.65684912922393],[178.6772567070002,63.657700914000486],[178.65512129000047,63.66229889500056],[178.63135826900066,63.67104726800062],[178.60857181100027,63.676499742000715],[178.58863366000082,63.67137278900043],[178.60271243600016,63.657904364000444],[178.62525475400014,63.64199453300046],[178.64909915500073,63.62860748900056],[178.66700280000043,63.62299225500061],[178.6864321258688,63.62204448284922],[178.69703209700083,63.62152741100056],[178.7246199880003,63.61676666900047],[178.7330835300006,63.608343817000446],[178.70533287900037,63.595648505000554],[178.66456139400066,63.588283596000565],[178.65923141487986,63.58815222315002],[178.64144941500035,63.587713934000476],[178.6261499360004,63.59251536700066],[178.62086022200015,63.59967682500064],[178.61622155000066,63.61416250200057],[178.61215254000035,63.619859117000544],[178.59009850400025,63.632717190000506],[178.56104576900088,63.64142487200064],[178.53109785200013,63.64362213700048],[178.50603274800073,63.636664130000554],[178.5323999360004,63.63165924700064],[178.52686608200054,63.61371491100056],[178.50228925900035,63.59690989800055],[178.47193444100037,63.595648505000554],[178.46794681100084,63.59967682500064],[178.46558678500037,63.60639069200056],[178.46461022200037,63.61383698100053],[178.4645288420004,63.619859117000544],[178.45997155000043,63.62299225500061],[178.4303491550005,63.62299225500061],[178.3719181650007,63.63068268400053],[178.35523522200083,63.63043854400058],[178.3411564460007,63.625881252000454],[178.33155358200054,63.61823151200065],[178.32341556100027,63.609686591000525],[178.31421959700083,63.6024844420005],[178.26840254000012,63.58844635600053],[178.25961347700024,63.58197663000044],[178.26880944100049,63.56541575700055],[178.2937117850006,63.54873281500045],[178.34148196700073,63.52741120000047],[178.37232506600026,63.52236562700051],[178.40023847700047,63.52692291900064],[178.42628014400043,63.538519598000505],[178.48218834700015,63.57184479400058],[178.50953209700083,63.57851797100051],[178.67546634200073,63.56370677300072],[178.67550144915197,63.56371451722481],[178.68100019600058,63.56492747600055],[178.6884871750002,63.57273997600055],[178.6930444670005,63.57534414300045],[178.69841556100073,63.57518138200061],[178.71127363400058,63.5700137390005],[178.7130639980004,63.56582265800057],[178.7107039720006,63.55971914300068],[178.71143639400054,63.54852936400073],[178.7182723320002,63.54059479400058],[178.7267358730005,63.53620026200059],[178.72901451900066,63.531195380000554],[178.7176212900007,63.5211856140005],[178.73511803500082,63.51300690300047],[178.73562924398777,63.507383604843085],[178.73585045700077,63.50495026200048],[178.72925866000026,63.497219143000564],[178.72510826900032,63.48948802300055],[178.72022545700042,63.47646719000062],[178.7080184250009,63.47109609600051],[178.6779077480005,63.46653880400055],[178.66309655000043,63.45966217700061],[178.6560978520008,63.45307038000044],[178.65154056100016,63.446234442000616],[178.6432397800006,63.4386660830005],[178.6032007170004,63.41909414300045],[178.5954695970005,63.41132233300044],[178.66358483200042,63.39036692900049],[178.69898522200026,63.38568756700056],[178.7574417612235,63.40269495733645],[178.81576582100058,63.419663804000606],[178.83838951900054,63.43488190300059],[178.82447350400048,63.45551178600067],[178.7861434250002,63.492987372000584],[178.75424238400035,63.538275458000555],[178.75928795700065,63.58197663000044],[178.77084394600024,63.59393952000045],[178.7770288420004,63.595160223000676],[178.77947024800085,63.587103583000555],[178.77963300900012,63.571478583000555],[178.7819116550006,63.56146881700067],[178.7911889980004,63.54417552300049],[178.79997806100073,63.512274481000475],[178.81560306100062,63.49115631700056],[179.0055444670004,63.321356512000705],[178.96045983200077,63.33734772300056],[178.90365644600047,63.375718492000544],[178.84815514400077,63.40420156500045],[178.80713951900032,63.390204169000526],[178.80821450283497,63.37077483470813],[178.80933678500048,63.35049062700051],[178.81811116083315,63.34845266515924],[178.91830488400012,63.32518138200044],[178.93116295700077,63.29401276200065],[179.02930748800065,63.28717682500053],[179.05469811300043,63.28099192900055],[179.13200931100016,63.23834870000053],[179.16089928500026,63.23261139500056],[179.1790470710007,63.234930731000645],[179.1948348320003,63.23944733300061],[179.21168053500048,63.24225495000047],[179.23275800900024,63.23940664300062],[179.2995711600007,63.21458567900055],[179.33480879000012,63.196478583000555],[179.3420516290006,63.18817780200072],[179.3479110040007,63.175848700000586],[179.36117597700013,63.16974518400059],[179.3759871750009,63.166083075000586],[179.3864852220006,63.16120026200076],[179.4073999360004,63.14134349200043],[179.4133406910006,63.13239166900058],[179.41781660200013,63.11652252800053],[179.41960696700073,63.077215887000705],[179.41781660200013,63.06806061400056],[179.4036564460008,63.05540599200066],[179.38770592500043,63.05683014500045],[179.37061608200077,63.06391022300045],[179.3523055350007,63.06806061400056],[179.33193908979058,63.066158689197664],[179.33139082100047,63.0661074890005],[179.3112085300006,63.06077708500055],[179.27361087300062,63.04413483300061],[179.2487085300005,63.02582428600056],[179.24195397200083,63.00649648600057],[179.24952233200042,62.984686591000525],[179.2917586600007,62.92747630400066],[179.3161727220005,62.90615469000045],[179.3457137380002,62.893866278000644],[179.47087649800085,62.88471100500067],[179.51172936300088,62.872503973000505],[179.54070071700062,62.84894440300059],[179.54493248800054,62.83665599200049],[179.5467228520007,62.80841705900053],[179.55128014400066,62.79779694200067],[179.5632430350006,62.78587474200049],[179.5703231130003,62.78168366100056],[179.57846113400058,62.7800967470007],[179.58448326900077,62.77716705900059],[179.58716881600049,62.77033112200047],[179.58904056100062,62.762396552000666],[179.59685306100062,62.747870184000476],[179.60743248800065,62.71552155200055],[179.6090600920005,62.705633856000645],[179.60206139400088,62.693304755000554],[179.59017988400058,62.68545156500062],[179.5776473320003,62.67902252800059],[179.56804446700085,62.67084381700056],[179.55860436300065,62.6581485050005],[179.5595809250002,62.65375397300056],[179.5646264980004,62.6438662780007],[179.56723066500024,62.63597239800072],[179.5669051440002,62.62933991100056],[179.56299889400066,62.624741929000436],[179.5546981130003,62.62303294500043],[179.4651798840007,62.62303294500043],[179.43344160200036,62.616115627000624],[179.42261803500037,62.59821198100059],[179.41928144600035,62.57379791900047],[179.41041100400048,62.54730866100056],[179.40970051135685,62.54660572679654],[179.38363691500012,62.5208194030007],[179.34913170700065,62.506496486000685],[179.31104576900032,62.500677802000666],[179.19019616000037,62.503241278000644],[179.14877363400035,62.496039130000554],[179.11605879000058,62.472235419000526],[179.11264082100024,62.44830963700048],[179.14958743600062,62.41779205900053],[179.13493899800062,62.38027578300046],[179.13982181100016,62.36591217700055],[179.14714603000016,62.35244375200057],[179.1504012380002,62.34186432500053],[179.14568118600027,62.33307526200048],[179.13672936300043,62.32367584800045],[179.1085306462728,62.301960778010084],[179.10328209700037,62.29791901200059],[179.08952884200028,62.289740302000496],[179.0735783210007,62.287176825000586],[179.05469811300043,62.294094143000734],[179.04517662900025,62.315130927000496],[179.04102623800065,62.32143789300062],[179.03451582100013,62.326157945000546],[178.9772241550006,62.35297272300056],[178.93816165500039,62.3660342470007],[178.81609134200016,62.38133372600066],[178.73796634200085,62.40355052300043],[178.48943118600016,62.436835028000644],[178.3757430350007,62.472235419000526],[178.30209394600013,62.47455475500044],[178.26392662900025,62.48871491100056],[178.18881269600058,62.50299713700059],[178.1286727220006,62.527492580000455],[178.0610457690002,62.541083075000586],[177.92351350474144,62.556944459925035],[177.89380944100037,62.560370184000476],[177.74108576511048,62.571025324112554],[177.68034915500073,62.57526276200076],[177.30681399800085,62.582098700000586],[177.3166610040007,62.5851504580005],[177.3265080090008,62.58641185100055],[177.34107506600049,62.58832428600056],[177.30543053500026,62.60569896000072],[177.26587975400014,62.61562734600045],[177.30762780000043,62.655178127000624],[177.31690514400066,62.67519765800046],[177.32390384200028,62.680365302000496],[177.33106530000066,62.68427155200055],[177.33415774800073,62.688177802000496],[177.33326256600014,62.69692617400062],[177.3244735040006,62.72772858300044],[177.32032311300065,62.73139069200067],[177.3178817070002,62.73566315300059],[177.31983483200077,62.74591705900059],[177.3237410820003,62.75145091400043],[177.3387150400007,62.76447174700053],[177.3444116550005,62.767035223000505],[177.41797936300065,62.7731387390005],[177.42969811300065,62.770453192000446],[177.4279077480004,62.77887604400047],[177.42481530000032,62.786037502000454],[177.42432701900077,62.792222398000604],[177.43034915500016,62.79779694200067],[177.44613691500012,62.80369700700044],[177.45443769600035,62.80853913000044],[177.45777428500082,62.814846096000565],[177.44434655000066,62.822211005000554],[177.3652449880003,62.814846096000565],[177.33253014400054,62.80678945500051],[177.30054772200072,62.78652578300063],[177.2724715500002,62.75991445500057],[177.25163821700073,62.73289622600055],[177.25668379000024,62.72785065300059],[177.26587975400014,62.71246979400047],[177.18897545700065,62.70966217700061],[177.15544681100062,62.71963125200057],[177.1281844410007,62.74591705900059],[177.15333092500043,62.77757396000055],[177.15601647200015,62.78693268400059],[177.14795983200065,62.795843817000446],[177.10132897200037,62.822251695000546],[177.0485132170004,62.83441803600044],[177.0319116550006,62.84153880400055],[177.0283309250002,62.84609609600051],[177.0278426440002,62.85154857000049],[177.02613366000082,62.857489325000586],[177.01954186300065,62.863226630000554],[177.00953209700015,62.86725495000064],[176.99927819100049,62.86961497600066],[176.99219811300077,62.869452216000695],[176.9752710300006,62.86200592700055],[176.97925866000026,62.84100983300061],[176.99301191500035,62.81708405200044],[177.00586998800054,62.80121491100044],[176.9983016290006,62.79437897300056],[177.01295006600026,62.78595612200047],[177.03101647200026,62.77798086100057],[177.0422469410007,62.76870351800062],[177.0358992850006,62.75653717700055],[177.02442467500055,62.748236395000674],[176.95427493600084,62.71092357000043],[176.93100019600047,62.694403387000534],[176.9279077480004,62.67291901200076],[176.95801842500043,62.643540757000494],[177.01148522200037,62.62348053600044],[177.01954186300065,62.61619700700061],[177.02361087300028,62.59983958500044],[177.03467858200065,62.58966705900059],[177.0500594410006,62.58421458500061],[177.0672306650008,62.582098700000586],[177.09424889400077,62.583319403000644],[177.17595462300085,62.59577057500053],[177.26587975400014,62.58832428600056],[177.23926842500043,62.569769598000676],[177.01490319100037,62.550482489000615],[176.8605249360004,62.51935455900065],[176.7089949880002,62.49921295800061],[176.68832441500035,62.500474351000435],[176.6831160820002,62.51316966400054],[176.69092858200054,62.5204531920005],[176.70411217500066,62.52366771000055],[176.71697024800017,62.52863190300047],[176.72396894600058,62.541083075000586],[176.6965438160007,62.53998444200056],[176.66187584700037,62.53461334800062],[176.6359155610004,62.52216217700061],[176.63526451900077,62.49957916900058],[176.61068769600058,62.496039130000554],[176.59961998800065,62.49237702000056],[176.59424889400077,62.485825914000486],[176.59766686300043,62.473700262000705],[176.61052493600062,62.47215403900054],[176.64210045700054,62.478420315000506],[176.64210045700054,62.472235419000526],[176.59587649800062,62.454046942000446],[176.5595809250009,62.448879299000566],[176.43165123800054,62.406561591000525],[176.41618899800017,62.40395742400062],[176.39340254000024,62.39508698100076],[176.3205672540007,62.33502838700048],[176.27930748800077,62.31708405200055],[175.9563908215082,62.254197496000586],[175.63347415500039,62.19131094000045],[175.55543053500026,62.15949127800059],[175.47486412900037,62.14118073100053],[175.33790123800054,62.082831122000584],[175.30640709700072,62.0749372420006],[175.3266707690002,62.08490631700056],[175.35523522200072,62.09487539300068],[175.38086998800077,62.10626862200053],[175.39519290500016,62.1227481140005],[175.34359785200036,62.11082591400066],[175.31836998800065,62.11001211100057],[175.29883873800077,62.11660390800057],[175.27361087300028,62.15257396000061],[175.25806725400037,62.16876862200047],[175.25114993600062,62.16063060100066],[175.25619550900012,62.09398021000055],[175.25098717500066,62.06574127800053],[175.2303166020008,62.04393138200055],[175.17448978000039,62.02191803600044],[174.81511478000027,61.947007554000606],[174.76514733200042,61.916693427000496],[174.77149498800054,61.92666250200068],[174.78101647200072,61.93268463700059],[174.80486087300017,61.94403717700055],[174.7854110040006,61.957586981000475],[174.75635826900054,61.96124909100058],[174.69939212300017,61.95831940300047],[174.67432701900043,61.96308014500056],[174.62549889400043,61.98285553600067],[174.5999455090008,61.985012111000515],[174.61793053500082,61.96002838700048],[174.64356530000055,61.94647858300044],[174.6705835300005,61.93610260600053],[174.7042749360005,61.912339585000495],[174.71924889400088,61.90448639500056],[174.72966556100016,61.89606354400058],[174.72689863400012,61.886297919000526],[174.70281009200028,61.867865302000496],[174.69011478000039,61.861273505000554],[174.48975670700088,61.814642645000504],[174.45362389400077,61.81480540600057],[174.4284774100006,61.81492747600055],[174.41146894600047,61.818264065000506],[174.39486738400058,61.82440827000073],[174.38331139400066,61.82550690300059],[174.35987389400077,61.8211123720007],[174.37745201900088,61.82973867400051],[174.3803817070002,61.839911200000586],[174.37134850400037,61.8474795590007],[174.3530379570003,61.848456122000584],[174.33952884200016,61.844061591000695],[174.30518639400054,61.8211123720007],[174.28500410200036,61.81354401200048],[174.26498457100047,61.811428127000454],[174.2042749360005,61.81500885600053],[174.1887313160006,61.81183502800047],[174.1550399100006,61.80060455900059],[174.16724694100049,61.80683014500056],[174.19336998800043,61.81679922100045],[174.1699324880002,61.832505601000605],[174.13803144600035,61.84463125200051],[174.10450280000032,61.84853750200057],[174.07300866000048,61.84162018400059],[174.08619225400037,61.827948309000476],[174.03272545700042,61.826320705000455],[174.01351972700036,61.817328192000616],[174.0206811860005,61.796861070000546],[174.03874759200016,61.783270575000586],[174.06055748800065,61.77606842700044],[174.08033287900048,61.778265692000446],[174.1066186860005,61.78017812700068],[174.06088300900058,61.76996491100067],[174.03891035200013,61.76129791900047],[174.0206811860005,61.74909088700048],[174.00953209700083,61.73529694200056],[174.00196373800088,61.72313060100049],[173.99097741000082,61.7145449890005],[173.94263756600037,61.70945872600055],[173.92400149800073,61.70416901200059],[173.88746178500026,61.6832949890005],[173.82471764400088,61.660549221000565],[173.80494225400025,61.64984772300045],[173.81283613400024,61.67645905200044],[173.80193118600016,61.691799221000565],[173.77865644600058,61.699937242000544],[173.67253665500039,61.72093333500044],[173.59994550900046,61.75389232000066],[173.57309004000012,61.75665924700053],[173.5446069670004,61.74909088700048],[173.53321373800077,61.73867422100068],[173.52214603000073,61.72113678600067],[173.51392662900048,61.70213450700055],[173.51075280000077,61.686997789000486],[173.50318444100037,61.67112864800043],[173.4738875660007,61.642808335000666],[173.47291100400037,61.632391669000526],[173.48414147200037,61.619086005000554],[173.49170983200077,61.60492584800056],[173.49586022200037,61.58917877800059],[173.4970809250002,61.57127513200055],[173.48113040500073,61.55524323100053],[173.4445906910006,61.55329010600053],[173.38005618600073,61.56102122600055],[173.35580488400046,61.55719635600059],[173.33122806100073,61.54730866100061],[173.30876712300062,61.533880927000496],[173.2910262380002,61.519476630000554],[173.30909264400066,61.49164459800056],[173.2858992850007,61.46507396000055],[173.12842858200065,61.39695872600066],[173.08399498800065,61.39252350500044],[173.00212649800062,61.415228583000726],[172.99341881600026,61.42015208500061],[172.9755965500002,61.43976471600058],[172.9694116550005,61.44432200700061],[172.95557701900032,61.448675848000505],[172.92823326900043,61.44863515800051],[172.9148055350006,61.45115794500043],[172.9088647800006,61.4547793640005],[172.90455162900014,61.45921458500055],[172.89942467500032,61.46674225500044],[172.9006453790006,61.4691836610005],[172.90072675900058,61.47138092700055],[172.89714603000016,61.472316799000566],[172.8264266290006,61.46881745000064],[172.71558678500026,61.43073151200065],[172.74830162900048,61.41510651200048],[172.8263452480005,61.387640692000446],[172.87964928500048,61.37986888200044],[172.89918053500037,61.3722598330005],[172.9176538420004,61.362005927000496],[172.9313257170005,61.35154857000043],[172.9377547540006,61.338446356000645],[172.93734785200024,61.326402085000495],[172.93995201900077,61.317572333000726],[172.95508873800077,61.31403229400047],[172.89454186300043,61.27789948100053],[172.81836998800054,61.29238515800051],[172.7389429050006,61.32273997600049],[172.66781660200058,61.33445872600055],[172.73698978000004,61.30532461100057],[172.7688094410006,61.28558991100056],[172.7667749360005,61.262518622000584],[172.75294030000032,61.25478750200057],[172.73853600400025,61.253485419000754],[172.7236434250002,61.25421784100064],[172.70818118600027,61.252590236000515],[172.69971764400066,61.24799225500067],[172.68384850400048,61.2348086610005],[172.67465254000024,61.23208242400062],[172.6697697270007,61.226792710000495],[172.6565047540006,61.20091380400066],[172.64673912900003,61.191107489000615],[172.5737410820002,61.18720123900056],[172.38607832100013,61.22744375200051],[172.33822675900058,61.21100495000053],[172.3632918630002,61.19269440300047],[172.38217207100058,61.17462799700047],[172.40300540500039,61.1593692080005],[172.43441816500058,61.14956289300062],[172.43441816500058,61.142726955000455],[172.33676191500058,61.12230052300072],[172.28638756600049,61.123683986000515],[172.2426863940002,61.142726955000455],[172.26303144600047,61.11473216400043],[172.29786217500032,61.10374583500044],[172.40349368600062,61.097886460000495],[172.41407311300043,61.094305731000645],[172.41846764400032,61.0896670590007],[172.41960696700016,61.08315664300062],[172.41968834700015,61.077093817000446],[172.42074629000058,61.07379791900058],[172.43734785200058,61.07078685100049],[172.4895939460007,61.081244208000555],[172.4760848320002,61.05573151200048],[172.44825280000066,61.04433828300057],[172.41635175900012,61.03693268400059],[172.37256920700042,61.0128848330005],[172.35482832100058,61.0128848330005],[172.31836998800065,61.01984284100064],[172.26303144600047,61.01496002800047],[172.2426863940002,61.01984284100064],[172.1328231130003,61.06757233300044],[172.0092879570003,61.10114166900047],[172.03126061300065,61.08714427300066],[172.1608992850006,61.02749258000057],[172.18067467500043,61.01235586100057],[172.1943465500002,60.99453359600045],[172.20085696700062,60.975775458000726],[172.1972762380003,60.958441473000676],[172.18067467500043,60.94472890800057],[172.1652124360005,60.943019924000566],[172.12842858200042,60.94660065300059],[172.11540774800062,60.940985419000526],[172.10580488400046,60.92731354400058],[172.10059655000066,60.92177969000045],[172.0918074880003,60.91681549700053],[172.08415774800028,60.88719310100055],[172.04712975400025,60.8606631530007],[172.00684655000055,60.85521067900055],[171.98943118600005,60.88947174700064],[171.9956160820002,60.90460846600064],[172.004730665,60.9206403670006],[172.00440514400077,60.93646881700056],[171.9826766290007,60.9508731140005],[171.9577742850006,60.95311107000043],[171.95630944100037,60.93768952000056],[171.9575301440002,60.918605861000515],[171.94092858200042,60.909979559000476],[171.94336998800088,60.902533270000504],[171.94483483200077,60.89964427300049],[171.9484155610004,60.89569733300061],[171.9410913420004,60.881537177000496],[171.94800866000003,60.87250397300056],[171.95834394600058,60.86481354400047],[171.96159915500016,60.854681708000555],[171.94939212300062,60.84829336100057],[171.8986108730005,60.8368594420005],[171.82504316500035,60.83222077000056],[171.8044539720006,60.834865627000454],[171.74594160200036,60.85358307500053],[171.72291100400048,60.84613678600056],[171.66334069100037,60.81671784100047],[171.62826582100047,60.816880601000435],[171.59888756600003,60.80361562700068],[171.5847274100007,60.80011627800059],[171.5712996750009,60.80239492400051],[171.55974368600062,60.80678945500057],[171.54859459700015,60.809515692000616],[171.5368758470006,60.80695221600064],[171.56544030000032,60.79315827000045],[171.5955509770007,60.78620026200065],[171.62045332100013,60.77411530200061],[171.63257897200003,60.744818427000496],[171.5998641290007,60.73761627800047],[171.50277754000024,60.73114655200055],[171.4786889980004,60.723374742000544],[171.4362085300006,60.699408270000504],[171.41342207100058,60.690171617000544],[171.43873131600026,60.70453522300045],[171.45736738400058,60.71816640800057],[171.4679468110004,60.73114655200055],[171.46176191500024,60.747707424000566],[171.44516035200036,60.75775788000044],[171.42807050900024,60.765692450000586],[171.42025800900024,60.77619049700047],[171.41521243600073,60.785060940000676],[171.40503991000026,60.78660716400054],[171.39633222700036,60.782945054000606],[171.3967391290007,60.77619049700047],[171.4011336600006,60.76911041900047],[171.40447024800062,60.76015859600045],[171.40650475400014,60.750474351000435],[171.40723717500043,60.71474844000056],[171.40357506600003,60.705226955000455],[171.39486738400058,60.701646226000435],[171.38559004000035,60.70038483300061],[171.37907962300017,60.6976992860005],[171.3730574880001,60.6829287780007],[171.37484785200024,60.654974677000496],[171.37240644600058,60.64305247600055],[171.35613040500027,60.62738678600056],[171.31324303500003,60.61542389500045],[171.27100670700054,60.59284088700048],[171.2200626960007,60.58380768400065],[171.17945397200026,60.558905341000525],[171.16032962300062,60.5565860050005],[171.11850019600035,60.55988190300053],[171.07927493600062,60.55951569200067],[171.0556746750002,60.55585358300044],[170.9836531910007,60.52765534100058],[170.95980879000047,60.5213076840007],[170.81072024800062,60.512111721000565],[170.7911889980005,60.51703522300045],[170.77035566500024,60.52582428600067],[170.75074303500037,60.52948639500056],[170.73503665500004,60.518947658000684],[170.75049889400032,60.50116608300067],[170.76677493600062,60.494452216000525],[170.78614342500055,60.494859117000544],[170.81072024800062,60.49843984600045],[170.7877710300005,60.47638580900065],[170.7833764980005,60.463934637000534],[170.79021243600016,60.45062897300056],[170.75554446700062,60.436509507000665],[170.71729576900032,60.42816803600067],[170.6394149100006,60.42332591400043],[170.62208092500077,60.427639065000506],[170.6057235040006,60.44635651200048],[170.5875757170005,60.45062897300056],[170.5158797540006,60.45062897300056],[170.52621504000024,60.43475983300067],[170.5436304050005,60.43480052300066],[170.56348717500066,60.438666083000726],[170.58073978000004,60.43390534100064],[170.61158287900037,60.4003766950006],[170.61841881600049,60.38857656500056],[170.61182701900032,60.38808828300046],[170.60499108200065,60.385443427000496],[170.5988875660006,60.376695054000436],[170.61540774800062,60.370021877000624],[170.65251712300073,60.3612735050005],[170.66293379000058,60.350246486000515],[170.66586347700058,60.3411319030007],[170.6621199880002,60.332017320000546],[170.65251712300073,60.32094961100057],[170.61890709700072,60.30243561400056],[170.53728274800028,60.29047272300045],[170.50228925900046,60.27252838700059],[170.47396894600058,60.23224518400065],[170.45728600400003,60.18244049700047],[170.4401961600006,60.08075592700061],[170.41635175900035,60.0151227890006],[170.4128524100007,59.99445221600064],[170.40064537900003,59.9656436220007],[170.37126712300062,59.94847239800049],[170.26514733200008,59.92035553600044],[170.23422285200058,59.92129140800057],[170.2063094410006,59.93252187700051],[170.1767684250002,59.953802802000496],[170.1609806650007,59.95994700700055],[170.11890709700003,59.968003648000604],[170.1049910820003,59.97768789300062],[170.10124759200062,59.9894473330005],[170.10466556100073,59.998439846000565],[170.11166425900046,60.00739166900058],[170.11866295700008,60.019273179000606],[170.10254967500055,60.02374909100058],[170.05665123800065,60.04657623900067],[170.03980553500048,60.05036041900064],[169.98804772200037,60.05280182500064],[169.9558211600006,60.05923086100057],[169.9441891064605,60.068948173449655],[169.93604576900032,60.07575104400047],[169.9255691273945,60.091634984589575],[169.90577233200065,60.12164948100053],[169.86247806100016,60.16242096600058],[169.8488061860004,60.18162669500043],[169.84376061300088,60.2107608090007],[169.86247806100016,60.21918366100056],[169.97461998800065,60.232163804000436],[169.94516035200013,60.24384186400056],[169.91993248800077,60.249986070000546],[169.8945418630003,60.25047435100049],[169.86475670700065,60.245184637000705],[169.83692467500043,60.243353583000726],[169.81080162900048,60.25014883000051],[169.7552189460007,60.275580145000674],[169.7467554050005,60.283026434000476],[169.74488366000026,60.29287344000062],[169.74488366000026,60.30345286700066],[169.74195397200015,60.31346263200044],[169.7338973320002,60.32192617400068],[169.72474413540772,60.329479421179315],[169.71387780000066,60.338446356000475],[169.7077742850006,60.347601630000554],[169.70606530000066,60.36619700700055],[169.70899498800054,60.38312409100058],[169.70804965520608,60.39579155106463],[169.7077742850006,60.399481512000534],[169.69336998800054,60.416489976000605],[169.67847782387628,60.42336665190288],[169.66570071700028,60.429266669000526],[169.60547936300065,60.44330475500067],[169.5686141290006,60.4686953800005],[169.55250084700072,60.47138092700061],[169.521820509,60.47113678600056],[169.4207217792806,60.50770594238929],[169.3502710300006,60.53318919500066],[169.29224694100049,60.54205963700065],[169.2641707690002,60.5504824890005],[169.24781334700037,60.5673281920005],[169.34107506600049,60.560736395000504],[169.37134850400048,60.5673281920005],[169.30616295700065,60.61172109600062],[169.285492384,60.620591539000486],[169.2353621750001,60.62116120000064],[169.21436608200065,60.62872955900059],[169.20866946700062,60.62091705900059],[169.20655358200042,60.61505768400065],[169.2082625660006,60.609198309000476],[169.21436608200065,60.60146719000056],[169.19825280000055,60.588812567000446],[169.18881269600058,60.5831973330005],[169.18018639400077,60.58038971600064],[169.1706649100006,60.58222077000062],[169.15162194100026,60.5922305360005],[169.1455184250001,60.59406159100058],[169.1325789720006,60.58722565300059],[169.1378686860005,60.57843659100058],[169.1521102220006,60.570786851000605],[169.1665145190002,60.5673281920005],[168.97575931100016,60.5741641300005],[168.88874871167457,60.57246750089149],[168.74830162900003,60.56972890800051],[168.73324629,60.5673281920005],[168.7038680350007,60.55487702000073],[168.69597415500073,60.55304596600058],[168.65040123800077,60.552679755000554],[168.62476647200072,60.555609442000616],[168.57789488582546,60.58134975508159],[168.57593834700072,60.58242422100051],[168.53150475400025,60.5930850280007],[168.48471113400046,60.598578192000446],[168.28012129000024,60.59642161700066],[168.23780358200065,60.5849063170005],[168.0963647800006,60.57147858300061],[167.83765709700015,60.5105654970007],[167.8165796230004,60.512111721000565],[167.80111738400046,60.52191803600061],[167.7819116550006,60.54816315300059],[167.76807701900066,60.55304596600058],[167.74968509200062,60.54706452000056],[167.75017337300062,60.53461334800045],[167.76026451900043,60.520331122000584],[167.7712508470005,60.5089785830005],[167.77198326900032,60.496730861000515],[167.7517195970006,60.49127838700059],[167.7131453790006,60.48883698100053],[167.65197642562055,60.462580796754025],[167.63493899800017,60.455267645000504],[167.59229576900032,60.44546133000051],[167.54900149800005,60.4437930360005],[167.5320744150007,60.44855377800059],[167.49138431100027,60.465643622000584],[167.48015384200062,60.46800364800049],[167.47152754000035,60.459906317000446],[167.4690047540006,60.44891998900056],[167.46778405000066,60.43720123900067],[167.46314537900003,60.42706940300047],[167.43360436300043,60.42039622600066],[167.36597741000003,60.46580638200055],[167.3361108730004,60.47113678600056],[167.3639429050006,60.43960195500057],[167.37484785200058,60.42059967700055],[167.37403405000032,60.40595123900056],[167.35523522200072,60.39874909100058],[167.33008873800065,60.4043643250007],[167.30388431100062,60.41339752800053],[167.2815047540006,60.416489976000605],[167.30640709700072,60.39301178600044],[167.27833092500055,60.373236395000674],[167.22966556100062,60.35968659100047],[167.19214928500014,60.355047919000526],[167.1608179050006,60.36176178600044],[167.11638431100062,60.37799713700076],[167.08057701900077,60.39984772300056],[167.07946543543653,60.40493807027542],[167.0754500660006,60.42332591400043],[167.0417586600006,60.4286563170005],[167.02491295700065,60.4276797550005],[167.02393639400077,60.41990794500049],[167.0329695970006,60.40997955900059],[167.03980553500037,60.39996979400058],[167.04135175900058,60.39057038000061],[167.0344344410006,60.38239166900058],[167.03486043890268,60.38141755380906],[167.05274498800065,60.34052155200055],[167.0481063160006,60.32843659100047],[167.0208439460007,60.32094961100057],[166.98609459700003,60.3161074890005],[166.94517693420175,60.30346872227881],[166.92562910200047,60.297430731000475],[166.9124455090007,60.29645416900047],[166.89779707100024,60.299790757000494],[166.90707441500047,60.29205963700048],[166.91595375901989,60.287923296690565],[166.9332788420005,60.27985260600059],[166.93881269600024,60.26911041900058],[166.93181399800062,60.25901927300055],[166.9152124360005,60.24990469000056],[166.85775800900012,60.22992584800056],[166.8376570970006,60.2202009140006],[166.7263289720006,60.13226959800056],[166.53288821700028,60.00311920800044],[166.36117597700058,59.88385651200048],[166.2877710300005,59.84454987200053],[166.24512780000055,59.83063385600059],[166.19906660200024,59.826076565000506],[166.10954837300062,59.82746002800053],[166.10377037900003,59.83832428600061],[166.10124759200028,59.863348700000586],[166.10279381600014,59.90940989800055],[166.11312910200058,59.93097565300047],[166.14405358200054,59.966457424000566],[166.1506453790006,59.98794179900045],[166.14918053500048,60.000637111000515],[166.14389082100013,60.02073802300049],[166.14380944100014,60.032294012000705],[166.14576256600037,60.04214101800045],[166.16615594771667,60.096102017625526],[166.17530358200077,60.120306708000555],[166.1887313160006,60.13760000200051],[166.212250196,60.15273672100051],[166.26677493600062,60.17829010600053],[166.28541100400025,60.19725169500043],[166.2877710300005,60.22467682500047],[166.26392662900014,60.26410553600044],[166.25806725400003,60.285956122000584],[166.27076256600026,60.31004466400043],[166.27605228000004,60.33128489800049],[166.26644941500058,60.35883209800056],[166.2496850920005,60.3835309920006],[166.23259524800028,60.39598216400054],[166.27458743600062,60.38373444200056],[166.31267337300062,60.39272695500057],[166.34343509200005,60.41689687700057],[166.3629663420005,60.45062897300056],[166.35889733200008,60.452053127000454],[166.34986412900025,60.45746491100044],[166.38119550900058,60.47101471600058],[166.39283287900048,60.48041413000061],[166.39087975400025,60.49225495000064],[166.3733016290006,60.49945709800056],[166.3546655610005,60.49127838700059],[166.33668053500048,60.478338934000476],[166.32195071700073,60.47113678600056],[166.30502363400058,60.47296784100064],[166.27149498800065,60.483710028000644],[166.25367272200003,60.48541901200065],[166.0522567070003,60.453843492000715],[166.0134383470005,60.44037506700056],[165.94605553500048,60.38934967700055],[165.92408287900037,60.38239166900058],[165.94060306100016,60.365627346000565],[165.97974694100049,60.37571849200043],[166.0407820970006,60.42332591400043],[166.08057701900054,60.43740469000056],[166.16895592500066,60.452460028000644],[166.21208743600005,60.45746491100044],[166.15902754000012,60.44257233300044],[166.10694420700008,60.43756745000053],[166.05274498800065,60.42397695500057],[165.96729576900054,60.365057684000476],[165.8561304050005,60.342189846000565],[165.80860436300065,60.32094961100057],[165.76889082100047,60.29409414300045],[165.72144616000037,60.26972077000056],[165.6709090500001,60.25202057500053],[165.51612389400066,60.218939520000504],[165.461273634,60.2194684920006],[165.44499759200016,60.25885651200065],[165.4347436860005,60.244208075000586],[165.43165123800043,60.22785065300053],[165.43506920700054,60.2114932310007],[165.44499759200016,60.19676341400043],[165.40170332100047,60.170152085000495],[165.29859459700015,60.14052969000045],[165.24577884200062,60.103338934000476],[165.2292586600007,60.09723541900058],[165.2119246750002,60.09381745000064],[165.1977645190001,60.09438711100046],[165.18506920700065,60.09902578300057],[165.18165123800065,60.103705145000504],[165.1804305350007,60.109686591000695],[165.17416425900058,60.11823151200059],[165.16000410200013,60.129095770000674],[165.1596785820002,60.13320547100045],[165.16374759200062,60.14215729400047],[165.17017662900025,60.14956289300045],[165.18637129000058,60.16030508000068],[165.19166100400037,60.170111395000504],[165.16228274800062,60.1687686220007],[165.14372806100062,60.15639883000057],[165.12826582100058,60.138739325000586],[165.10914147200072,60.12164948100053],[165.08228600400048,60.1131045590007],[165.05372155000066,60.11554596600047],[164.99927819100003,60.135321356000645],[165.00066165500027,60.124253648000604],[165.00342858200077,60.11416250200057],[165.01351972700013,60.09438711100046],[165.0090438160006,60.08340078300057],[165.0240991550006,60.072211005000554],[165.0439559250001,60.06785716400066],[165.05388431100062,60.0773379580005],[165.06397545700065,60.09100983300044],[165.08708743600062,60.093491929000436],[165.1124780610004,60.08958567900055],[165.1296492850006,60.08417389500062],[165.13550866000037,60.07562897300056],[165.14372806100062,60.04498932500064],[165.15007571700073,60.032294012000705],[165.16374759200062,60.02195872600049],[165.19857832100047,60.00519440300047],[165.21208743600062,59.991359768000564],[165.18181399800062,59.98651764500062],[165.16179446700062,59.97394440300053],[165.1296492850006,59.93732330900059],[165.07248173926234,59.89333594788576],[165.01351972700013,59.84796784100064],[164.99317467500066,59.83978913000044],[164.93034915500016,59.83368561400067],[164.9010522800006,59.819973049000566],[164.87029056100062,59.80097077000062],[164.8386336600007,59.78742096600058],[164.8216946769876,59.78860275516291],[164.8071395190001,59.78961823100059],[164.796234571,59.79832591400066],[164.78598066500035,59.812689520000504],[164.77759850400003,59.828314520000504],[164.7727156910006,59.84113190300047],[164.77458743600073,59.84454987200053],[164.7797957690002,59.849107164000486],[164.7848413420005,59.85468170800044],[164.7863875660006,59.86102936400056],[164.78296959700026,59.866766669000526],[164.77084394600035,59.8766543640005],[164.76644941500047,59.88206614800049],[164.7534285820002,59.908921617000544],[164.72331790500027,59.95677317900049],[164.7016707690001,59.98110586100063],[164.68637129000012,59.99335358300044],[164.62354576900054,60.02753327000062],[164.5505477220006,60.08291250200057],[164.52068118600062,60.100083726000435],[164.48853600400048,60.1110293640005],[164.45118248800077,60.11481354400058],[164.4116317070002,60.110296942000446],[164.39112389400043,60.10301341400054],[164.38217207100058,60.09096914300045],[164.37671959700072,60.07538483300061],[164.36378014400054,60.07640208500061],[164.34131920700008,60.09096914300045],[164.32056725400037,60.088609117000544],[164.31934655000043,60.06370677300055],[164.33611087300028,60.036037502000454],[164.36866295700077,60.025458075000586],[164.33912194100037,59.99152252800053],[164.27686608200065,59.978420315000676],[164.20769290500039,59.973374742000544],[164.16431725400014,59.963446356000645],[164.1406356130003,59.95099518400053],[164.1179305350006,59.941392320000546],[164.10670006600026,59.9246279970007],[164.1091414720005,59.90253327000056],[164.1257430350006,59.88450755400049],[164.17204837300062,59.8676211610005],[164.19044030000066,59.85419342700061],[164.1650496750001,59.85480377800059],[164.08806399800062,59.87466054900051],[164.06397545700008,59.87498607000049],[164.05201256600014,59.87958405200044],[164.0416772800005,59.90753815300047],[164.04281660200024,59.91327545800044],[164.0539656910006,59.915594794000526],[164.07886803500003,59.914740302000496],[164.08920332100058,59.91669342700072],[164.09717858200008,59.922430731000645],[164.10580488400046,59.93480052300055],[164.11329186300043,59.94354889500056],[164.13941491000048,59.955959377000454],[164.15691165500016,59.969631252000624],[164.20484459700026,59.99750397300045],[164.18116295700077,59.99713776200065],[164.1328231130003,59.98875560100066],[164.1091414720005,59.991359768000564],[164.09083092500066,60.00043366100056],[164.05860436300065,60.024481512000534],[164.04021243600062,60.032294012000705],[164.0173445970006,60.03579336100057],[163.9196883470006,60.039007880000554],[163.85523522200026,60.025458075000586],[163.8628035820003,60.0285098330005],[163.86890709700003,60.03253815300053],[163.87305748800077,60.0382754580005],[163.8752547540006,60.04657623900067],[163.83383222700013,60.05914948100059],[163.82455488400035,60.05646393400053],[163.81299889400066,60.048244533000684],[163.7968856130001,60.044826565000676],[163.77995853000027,60.045477606000475],[163.76563561300065,60.04970937700057],[163.73910566500024,60.05337148600046],[163.65154056100073,60.051662502000454],[163.6286727220005,60.04657623900067],[163.62338300900058,60.025458075000586],[163.63843834700015,60.004217841000525],[163.66211998800054,59.986029364000444],[163.68311608200065,59.97426992400051],[163.7028100920005,59.96930573100059],[163.72185306100005,59.97174713700059],[163.75912519600013,59.98452383000057],[163.76075280000032,59.98737213700076],[163.75896243600016,59.99176666900058],[163.7587996750001,59.995794989000444],[163.76563561300065,59.99750397300045],[163.77198326900066,59.9968936220007],[163.793793165,59.991359768000564],[163.77279707100024,59.97894928600044],[163.7516382170005,59.96255117400062],[163.71436608200008,59.92645905200061],[163.69800866000026,59.904038804000606],[163.68848717500077,59.898342190000676],[163.6696883470005,59.89630768400059],[163.56771894600058,59.90631745000064],[163.534515821,59.90542226800045],[163.50407962300005,59.89789459800062],[163.4513452480005,59.862372137000534],[163.42367597700024,59.84821198100059],[163.36182701900077,59.82746002800053],[163.3781844410006,59.81435781500062],[163.37631269600047,59.79165273600057],[163.36736087300062,59.76532623900056],[163.36182701900077,59.74152252800059],[163.36353600400025,59.730861721000565],[163.37549889400066,59.69717031500056],[163.37680097700047,59.67597077000073],[163.38054446700005,59.665228583000555],[163.39226321700073,59.652411200000586],[163.39100603299664,59.64000859408873],[163.39014733200065,59.63153717700055],[163.3600366550006,59.60639069200067],[163.35847519304082,59.60561324143487],[163.32129967500032,59.58710358300061],[163.29297936300065,59.58388906500056],[163.27149498800054,59.5890567080005],[163.24740644600058,59.587388414000486],[163.2021590500002,59.57489655200072],[163.18344160200058,59.56549713700065],[163.18018639400066,59.55825429900068],[163.1901147800006,59.555568752000454],[163.21045983200065,59.559963283000684],[163.2037866550005,59.548732815000506],[163.1836043630002,59.533351955000455],[163.1762801440002,59.5258242860005],[163.1687117850006,59.51056549700053],[163.17090905000066,59.50568268400059],[163.18018639400066,59.50299713700048],[163.18077055042147,59.50260219647788],[163.21762129000058,59.477687893000564],[163.27808678500014,59.45050690300047],[163.30307050900058,59.43305084800056],[163.32146243600062,59.41103750200068],[163.32837975400003,59.39223867400045],[163.32691491000014,59.372503973000676],[163.31714928500048,59.329901434000476],[163.31251061300054,59.28754303600044],[163.30665123800065,59.27130768400059],[163.29509524800028,59.25901927300055],[163.27857506600049,59.24787018400065],[163.26050866000048,59.240057684000476],[163.24447675900012,59.23786041900064],[163.22754967500066,59.24225495000053],[163.2301538420005,59.249579169000526],[163.25513756600014,59.268215236000515],[163.27735436300065,59.278021552000666],[163.2878524100006,59.28693268400059],[163.2861434250001,59.29926178600056],[163.27230879000035,59.302883205000626],[163.2172957690002,59.28558991100044],[163.20777428500003,59.287787177000496],[163.19190514400054,59.29710521000044],[163.18311608200065,59.29926178600056],[163.1735945970005,59.298285223000676],[163.15723717500066,59.294012762000534],[163.13347415500039,59.29108307500053],[163.0944116550006,59.278998114000615],[163.08057701900066,59.27130768400059],[163.0729272800005,59.26251862200047],[163.06885826900077,59.25283437700057],[163.06723066500058,59.24310944200056],[163.06690514400066,59.23407623900056],[163.0710555350006,59.22313060100049],[163.07699629000035,59.21255117400062],[163.0763452480005,59.20506419500043],[163.07471764400066,59.19310130400049],[163.12842858200008,59.183172919000526],[163.14177493600062,59.17755768400053],[163.17188561300065,59.158921617000544],[163.21861594300037,59.150678329000584],[163.233296215,59.132679313000665],[163.2514243330005,59.106712977000484],[163.2618688510005,59.08083037600045],[163.24566522900022,59.06318947400047],[163.22605176200057,59.05549454600043],[163.17823326900066,59.04047272300056],[163.1643172540006,59.033677476000435],[163.14893639400032,59.0385602890006],[163.14600670700065,59.047064520000504],[163.1554468110005,59.054510809000476],[163.1687117850006,59.06256745000053],[163.1762801440002,59.073309637000705],[163.16504967500066,59.09666575700055],[163.13298587300073,59.109116929000436],[163.06690514400066,59.120550848000676],[163.06910241000003,59.12518952000062],[163.0722762380001,59.137518622000584],[163.0744735040006,59.14223867400051],[163.01246178500003,59.16144440300053],[163.00489342500077,59.16120026200048],[162.9782820970005,59.15521881700056],[162.9718530610004,59.15623607000043],[162.9580184250002,59.1619326840007],[162.95036868600027,59.16144440300053],[162.94711347700013,59.158758856000645],[162.9450789720005,59.15428294500043],[162.9431258470006,59.14618561400056],[162.9438582690001,59.137111721000565],[162.94353274800062,59.134751695000546],[162.9371850920005,59.13377513200044],[162.922699415,59.135484117000715],[162.90357506600049,59.13397858300067],[162.89112389400054,59.135321356000475],[162.88266035200058,59.13279857000049],[162.88152103000039,59.120550848000676],[162.88656660200024,59.11351146000055],[162.96851647200026,59.0523135440007],[162.98682701900032,59.041489976000435],[163.02605228000016,59.02558014500056],[163.03589928500037,59.025864976000435],[163.0427352220005,59.02977122600049],[163.04615319100003,59.0297305360005],[163.07775777800066,59.007594079000626],[163.08066135100012,58.98379678700053],[163.06854930200063,58.96805316900054],[163.03321090900033,58.948608404000595],[162.99039715400022,58.933194705000574],[162.92098804400007,58.92392397900056],[162.878189701,58.90647732700046],[162.91412110900023,58.94777156100071],[162.91960696700028,58.97162506700067],[162.90259850400014,58.98395416900058],[162.8899031910006,58.97874583500061],[162.86996504000047,58.96531810100055],[162.84366570600048,58.906795576000604],[162.8161954900006,58.887224155000524],[162.73422285200047,58.89126211100046],[162.7002059250001,58.87543366100056],[162.67660566500058,58.87409088700065],[162.6823022800005,58.85602448100059],[162.69629967500055,58.84731679900062],[162.7141219410006,58.84699127800059],[162.73121178500048,58.853583075000586],[162.72437584700026,58.86102936400073],[162.74293053500037,58.865139065000506],[162.75733483200077,58.85980866100056],[162.7707625660006,58.8583438170005],[162.7858992850006,58.87409088700065],[162.79053795700054,58.86424388200044],[162.78842207100024,58.85578034100047],[162.7815047540006,58.84784577000045],[162.7876874580005,58.83192124400051],[162.7375811230006,58.8204542050006],[162.5133996410001,58.721199793000494],[162.40529447300048,58.654444867000564],[162.33924405300058,58.5775163210007],[162.2390281130006,58.47893430000056],[162.1698680030006,58.40591698100059],[162.04692665000061,58.20620273800046],[162.02387313300028,58.15472950700064],[161.99322816500046,58.087392175000446],[161.99672774900046,58.06159890800069],[162.01480364343388,58.00616479686374],[162.0148625440006,58.00598416400061],[162.02556399800028,57.92877838700059],[162.0820418630003,57.88247304900051],[162.1458439460007,57.847154039000486],[162.21461022200015,57.82172272300056],[162.28549238400058,57.80524323100076],[162.3700596700004,57.78482853200069],[162.45553948500037,57.784350824000626],[162.4662975760001,57.76441757300057],[162.43982354400066,57.74080784400064],[162.39503533700054,57.72717802100044],[162.3454695970006,57.69159577000062],[162.35450280000055,57.688544012000705],[162.36833743600062,57.68964264500056],[162.3823348320003,57.69293854400047],[162.3950301440002,57.69843170800044],[162.51741447729114,57.7522325557469],[162.52178931900062,57.75415576100045],[162.51534461900064,57.79984975800045],[162.4940408830007,57.84760625800055],[162.49115497500065,57.887320336000585],[162.5102219810001,57.90705181400051],[162.52979576900066,57.93650950700044],[162.55933678500026,57.949286200000586],[162.5827742850006,57.95433177300049],[162.65552819100003,57.95673248900056],[162.66480553500026,57.95872630400055],[162.6779077480005,57.967718817000616],[162.68995201900066,57.96971263200044],[162.7019149100006,57.96906159100047],[162.71159915500004,57.96674225500044],[162.72071373800065,57.96279531500056],[162.73121178500048,57.95673248900056],[162.75513756600026,57.935248114000444],[162.76539147200072,57.92877838700059],[162.77466881600014,57.927435614000444],[162.79517662900048,57.92934804900068],[162.81324303500048,57.92035553600044],[162.83985436300077,57.9218203800005],[162.850922071,57.91819896000072],[162.85824629,57.914007880000554],[163.00387038100007,57.837527903000534],[163.09263308400068,57.82078546000059],[163.21894184700034,57.81345838100049],[163.22198258400067,57.7975424990006],[163.26677493600062,57.777533270000504],[163.27857506600049,57.75804271000061],[163.32951011200066,57.70894470100046],[163.2539374420005,57.67814375800043],[163.24246902600055,57.67034507300065],[163.23748584000077,57.64066421700045],[163.24395400300057,57.61878250300043],[163.24288454700002,57.594992094000474],[163.21645205000073,57.58143717900043],[163.19008297700032,57.56984895700066],[163.16390967100028,57.56222854100059],[163.13634911300005,57.53473389200053],[163.12490371900003,57.51113111300066],[163.1079705040006,57.49495750500057],[163.0748338460005,57.461000052000486],[162.96231445100057,57.43643544800051],[162.90851749300066,57.41693428300056],[162.83311923700057,57.383312181000576],[162.80019579400016,57.346434455000576],[162.78901683900062,57.326520041000435],[162.776384614,57.25514670000052],[162.7954395160001,57.183505000000594],[162.7858992850006,57.14545319200056],[162.81739342500077,57.092922268000564],[162.85985084500055,57.05144254100048],[162.84315581100066,57.017224586000566],[162.82056725400048,56.9691836610005],[162.79895526600058,56.94328297700065],[162.78956139400066,56.921861070000546],[162.7858992850006,56.85993073100059],[162.7900496750001,56.821234442000446],[162.78534771002592,56.77944726786632],[162.7835002660006,56.76302871400054],[162.83462984400057,56.72235241800064],[162.8908797540006,56.7160098330005],[162.91456139400054,56.70945872600066],[162.9366968110005,56.7085635440007],[162.96718691200022,56.70355994600055],[163.01569101800033,56.72581112400064],[163.0565165870006,56.73250272500053],[163.06244671939817,56.73685446721066],[163.06851721100054,56.741309210000566],[163.09370038446878,56.73518772093098],[163.12573437600065,56.727400945000454],[163.16442430758093,56.73143464750791],[163.18613638400018,56.73369828700049],[163.22761580400072,56.74246362600053],[163.238968537,56.73302051100052],[163.2258406910006,56.72093333500055],[163.24333743600027,56.713690497000584],[163.2519637380001,56.69887929900062],[163.2805724020002,56.68801177300065],[163.26388463600063,56.66881167300045],[163.24672384000053,56.64751939700051],[163.24014490987645,56.627724689104014],[163.23871269600068,56.62341543900061],[163.23933618230183,56.61508774002721],[163.2409774100006,56.59316640800057],[163.27847118400007,56.563520683000604],[163.2610772280001,56.54872121400058],[163.24698676100058,56.531536896000546],[163.25220787900014,56.515855210000666],[163.26514733200065,56.488592841000525],[163.272507443,56.47971036600052],[163.28143646400065,56.47236408700047],[163.27888941000003,56.46217663600055],[163.26042363400018,56.45837939200061],[163.2502547540007,56.451117255000554],[163.2556927120006,56.43946227300046],[163.2680394850006,56.4296302890005],[163.28032547600037,56.42498928000049],[163.29956211000058,56.39979394000051],[163.3385522800006,56.35529205900053],[163.3408309250002,56.34540436400056],[163.3466607930003,56.33329476500052],[163.35328432300014,56.32197948800052],[163.34871801700058,56.29730709900059],[163.3368950520006,56.27752432200043],[163.34205162900014,56.23354726800045],[163.3496199880001,56.22113678600067],[163.35309291700048,56.19952861400054],[163.36606862300027,56.18065866300054],[163.3079623510007,56.16807601700043],[163.29363685700014,56.14951423700046],[163.2304238660007,56.141775835000544],[163.1762801440002,56.13312409100058],[163.13103274800062,56.1099307310007],[163.11793053500003,56.10643138200044],[163.11117597700058,56.101507880000554],[163.10368899800062,56.09003327000062],[163.09734134200062,56.077337958000555],[163.09498131600003,56.06826406500056],[163.08936608200065,56.062974351000435],[163.06808409100006,56.044215834000624],[163.05317336700057,56.02753392300065],[163.05120846300076,56.0054039930007],[162.99319513600062,56.01062576000044],[162.9307840280004,56.01790373300071],[162.88599694100026,56.04165273600046],[162.85678144600058,56.049750067000446],[162.82161808400065,56.05619883800068],[162.81917148674495,56.05812073684092],[162.77393639400066,56.09365469000062],[162.75425315800044,56.10830804500057],[162.73826897000004,56.14952244700061],[162.69044030000066,56.1714541690007],[162.63802459300064,56.22079404600055],[162.58350670700008,56.22483958500055],[162.56415887694823,56.22749401329071],[162.55681399800017,56.22850169500049],[162.56668380978783,56.23053085032143],[162.58155358200065,56.23358795800044],[162.60938561300065,56.239447333000726],[162.64461114100038,56.24336805700062],[162.67858567400071,56.25706600000058],[162.70687729600024,56.271154512000635],[162.72482071300067,56.29022285500065],[162.74165334600048,56.31256178100068],[162.74660633500002,56.333620433000476],[162.75363211100012,56.34703601400071],[162.79440746000057,56.35587036500044],[162.87251276200004,56.35875619000058],[162.9399209030007,56.381689898000616],[162.94391812900062,56.40604395400055],[162.99208144707927,56.433700038672896],[163.00018717900014,56.438354469000615],[163.05820178500005,56.44585045700052],[163.08512919900056,56.46100179400048],[163.11605243200052,56.50050429500055],[163.10988897684615,56.507472958702294],[163.100824902,56.5177211860007],[163.0433487530006,56.52092724000056],[163.02013320500043,56.53764086800061],[162.98994853000022,56.533434126000486],[162.95846822600004,56.49931626800054],[162.94260989900056,56.449028274000455],[162.90990177200047,56.42569068600062],[162.83871504000012,56.4489199890005],[162.74018687500063,56.47977875700059],[162.68294384600063,56.48386681100044],[162.65066867400003,56.470098982000536],[162.6281151830001,56.43956204900053],[162.57300866000003,56.42682526200048],[162.55681399800017,56.42914459800056],[162.54127037900025,56.43716054900062],[162.52507571700062,56.44220612200053],[162.51172936300065,56.4406192080005],[162.49968509200062,56.43545156500062],[162.47803795700065,56.421128648000604],[162.4704695970006,56.41449616100044],[162.46314537900014,56.4061953800005],[162.45940625128708,56.402893066406875],[162.45443769600024,56.39850495000047],[162.4426375660006,56.39378489800055],[162.4294539720006,56.3940290390006],[162.41404181200062,56.38387026500061],[162.40118943500045,56.36976469500058],[162.4822687090002,56.33519828600055],[162.52646742200034,56.325674154000694],[162.5366317070003,56.305731512000534],[162.5588485040007,56.28888580900053],[162.59254035400056,56.2684900280006],[162.57683820000034,56.25886721400059],[162.5599626670006,56.25255465300057],[162.52906334700026,56.24787018400053],[162.51889082100058,56.24298737200047],[162.4958614260006,56.2420581720005],[162.4899113630006,56.23282583800045],[162.48821847300064,56.21686065200055],[162.44271894600058,56.21234772300045],[162.42269941500047,56.20473867400051],[162.3658772130001,56.186766113000544],[162.27444813400064,56.16515394400051],[162.1761173840007,56.13666413000044],[162.16578209700015,56.13312409100058],[162.14210045700065,56.129055080000626],[162.12172843900066,56.10838539600047],[162.09831659300005,56.08860890400052],[162.0567523670004,56.06913521800061],[162.04490241400003,56.05837590600055],[162.04021243600073,56.04547760600053],[162.04851321700028,56.03758372600055],[162.07692906800014,56.02247155600054],[162.0555693580003,56.004353366000544],[162.01807701900032,55.9761416690007],[162.01933367100003,55.93124987600061],[161.96889410400047,55.89518079300058],[161.94884528200055,55.852937564000456],[161.92096476400047,55.82549089300045],[161.92533821800032,55.79401693900064],[161.89092741900004,55.751428878000524],[161.84063448800077,55.70263972800046],[161.8084997480006,55.65380079000056],[161.79505736700003,55.62752214000051],[161.77708111500056,55.60832655500059],[161.7641311770002,55.55484554200058],[161.76337882100074,55.5118831260005],[161.7498728010005,55.46522881700059],[161.74768552400008,55.37595448600052],[161.75667640700033,55.35159391300067],[161.771335755,55.32573232200059],[161.77606339000044,55.290327079000576],[161.7928085680004,55.23600297100069],[161.81298058300047,55.17918357400049],[161.84264852400054,55.13070359500068],[161.87476647200037,55.078599351000435],[161.90137780000066,55.06110260600053],[161.9601343110005,55.034613348000505],[161.98707116000003,55.01312897300056],[162.046898436,54.956487902000504],[162.0494874490006,54.924283424000464],[162.07439212300028,54.9043643250007],[162.12671959700037,54.88117096600058],[162.15170332100058,54.86261627800047],[162.1531681650007,54.84992096600064],[162.1381942070003,54.84056224200043],[162.11866295700042,54.83270905200044],[162.10743248800077,54.82469310100055],[162.10743248800077,54.812811591000525],[162.12029056100027,54.790676174000566],[162.13014722500066,54.772414588000515],[162.12760922600035,54.76040526500066],[162.10932285700017,54.74293565000056],[162.08301895000068,54.733520472000464],[162.06586836700023,54.7290863850007],[162.04509524800062,54.725775458000726],[162.03638756600037,54.71832916900058],[162.00912519600047,54.702297268000564],[162.00310306100062,54.69525788000044],[161.99919681100073,54.68695709800056],[161.99008222700058,54.67389557500064],[161.9765731130003,54.66250234600062],[161.96192467500032,54.65643952000062],[161.9485969930006,54.647255080000434],[161.92195350700013,54.6359891150006],[161.87867272200072,54.61969635600053],[161.8645125660006,54.60871002800047],[161.85059655000055,54.60089752800047],[161.81690514400054,54.590521552000666],[161.80258222700002,54.58144765800057],[161.77100670700065,54.537095445000546],[161.7531844410006,54.51976146000044],[161.7238061860005,54.50942617400045],[161.7063908210007,54.50800202000056],[161.68531334700015,54.50877513200055],[161.66521243600027,54.51251862200053],[161.65162194100014,54.5199649110005],[161.6369735040006,54.52570221600064],[161.57984459700015,54.51626211100057],[161.4702254570003,54.51557038000044],[161.35792076900066,54.49323151200059],[161.31285084539206,54.49020561697182],[161.31185957100035,54.49013906500056],[161.28191165500073,54.498846747000584],[161.26742597700024,54.50820547100062],[161.2375594410006,54.51788971600047],[161.22364342500055,54.529933986000685],[161.2190047540006,54.539699611000515],[161.21501712300062,54.561102606000645],[161.20997155000066,54.57078685100055],[161.15088951900066,54.597316799000566],[161.06641686300054,54.59682851800062],[160.89185631600026,54.57078685100055],[160.74122155000032,54.53522370000047],[160.73973093697248,54.53446982676661],[160.7341414720006,54.531642971000565],[160.7233179050006,54.52366771000055],[160.5273543630003,54.437404690000506],[160.48698978000016,54.40704987200053],[160.4204207690001,54.37836334800056],[160.33773847700002,54.31679922100068],[160.2724715500002,54.27838776200048],[160.25147545700054,54.25800202000045],[160.23731530000032,54.248724677000666],[160.21892337300028,54.24201080900059],[160.16089928500014,54.23505280200055],[160.11670983200042,54.21572500200057],[160.05298912900048,54.17572663000044],[160.00074303500037,54.131089585000495],[159.9908960300006,54.097886460000495],[159.95777428500014,54.04848867400051],[159.91797936300077,54.00535716400066],[159.90154056100016,53.98187897300045],[159.84408613400058,53.79694245000053],[159.84253991000048,53.739813544000526],[159.86670983200065,53.69448476800045],[159.8525496750001,53.68744538000044],[159.84050540500027,53.67926666900047],[159.81820722700058,53.6596540390006],[159.84408613400058,53.6513125670005],[159.87305748800065,53.634222723000676],[159.89893639400043,53.61261627800059],[159.91456139400066,53.590765692000446],[159.9187117850006,53.61074453300051],[159.9049585300006,53.630113023000604],[159.8855086600006,53.64883047100051],[159.87289472700036,53.66648997600049],[159.90308678500037,53.6730410830005],[159.9306746750002,53.64508698100053],[159.96924889400054,53.570298570000546],[159.95777428500014,53.55451080900053],[159.96045983200065,53.49677155200055],[159.9487410820003,53.47475820500074],[159.9201766290006,53.47557200700061],[159.88005618600005,53.49359772300045],[159.8431095710007,53.517482815000506],[159.82504316500024,53.53620026200048],[159.81609134200005,53.532700914000486],[159.8073836600006,53.52838776200048],[159.79916425900024,53.52301666900058],[159.79102623800065,53.516302802000666],[159.80762780000055,53.510321356000475],[159.81544030000055,53.50116608300067],[159.81234785200047,53.49091217700061],[159.7966414720005,53.481512762000534],[159.81462649800017,53.4822451840007],[159.831390821,53.48476797100045],[159.84652754,53.48383209800056],[159.85938561300065,53.47475820500074],[159.86019941500012,53.46816640800057],[159.85857181100027,53.444240627000454],[159.85938561300065,53.43374258000057],[159.86280358200065,53.42226797100051],[159.86793053500014,53.41054922100045],[159.87582441500047,53.40013255400055],[159.88721764400054,53.39276764500056],[159.90113366000014,53.390611070000546],[159.9206649100006,53.39695872600049],[159.93555748800054,53.39276764500056],[159.92302493600027,53.365423895000504],[159.92107181100005,53.35049062700051],[159.92807050900058,53.337591864000444],[159.94467207100035,53.33413320500051],[159.9636336600007,53.33588288000044],[159.9753524100006,53.331610419000526],[159.96924889400054,53.30963776200048],[159.95777428500014,53.301174221000565],[159.9521292113842,53.29881583457734],[159.9394637380001,53.29352448100053],[159.92237389400066,53.28363678600067],[159.91456139400066,53.26862213700065],[159.92107181100005,53.253566799000566],[159.96924889400054,53.21466705900059],[159.96216881600003,53.244370835000666],[159.9804793630001,53.26561107000049],[159.99053174117228,53.26906139096701],[160.00513756600026,53.27407461100063],[160.0175887380002,53.26520416900064],[160.01929772200037,53.24192942900066],[160.01982025216546,53.239785396430875],[160.02442467500066,53.220892645000504],[160.0299585300005,53.21010976800051],[160.0363875660006,53.20156484600051],[160.0383406910007,53.19236888200061],[160.0312606130003,53.179877020000504],[160.05030358200065,53.15843333500055],[160.05388431100027,53.139308986000515],[160.05274498800043,53.119818427000496],[160.0586043630002,53.0973574890005],[160.01563561300077,53.11542389500056],[160.00367272200003,53.11473216400043],[159.9953719410006,53.1117617860005],[159.98698978000027,53.11078522300062],[159.9694930350006,53.111029364000444],[159.9630639980004,53.113226630000554],[159.96143639400054,53.11863841400066],[159.96045983200065,53.125474351000435],[159.95557701900066,53.132066148000604],[159.93116295700065,53.145941473000676],[159.7995711600006,53.19037506700056],[159.77149498800077,53.20359935100055],[159.75684655000032,53.220892645000504],[159.76319420700054,53.24241771000044],[159.7856551440001,53.257717190000676],[159.81072024800062,53.27008698100053],[159.82504316500024,53.28294505400049],[159.7828882170004,53.274115302000496],[159.764008009,53.26561107000049],[159.73015384200073,53.23899974200043],[159.7131453790006,53.23647695500051],[159.69499759200062,53.24066803600044],[159.67497806100062,53.248195705000626],[159.63249759200073,53.257147528000644],[159.59229576900066,53.25421784100058],[159.4777124360005,53.22943756700056],[159.46127363400058,53.22296784100047],[159.4453231130003,53.210882880000554],[159.41089928500048,53.17682526200059],[159.3815210300006,53.16176992400068],[159.3535262380001,53.16461823100053],[159.32422936300077,53.17279694200056],[159.29078209700072,53.17373281500062],[159.27466881600049,53.16762929900062],[159.25967918536935,53.15959006616248],[159.24105879000047,53.14960358300044],[159.2365460596293,53.14866753629718],[159.22242272200003,53.14573802300055],[159.2060653000002,53.14427317900066],[159.1638289720006,53.134914455000455],[159.00326582100058,53.076849677000666],[158.87094160200058,52.996771552000666],[158.8009590237341,52.94703455189307],[158.73943118600062,52.90330638200055],[158.7086694670004,52.8917910830005],[158.69483483200065,52.90924713700048],[158.68555748800043,52.9340274110005],[158.66830488400024,52.95400625200057],[158.6622449072927,52.96639199383418],[158.65902754,52.972967841000525],[158.67367597700047,52.994940497000584],[158.65943444100003,53.002427476000605],[158.61980228000027,53.04266998900056],[158.5915633470005,53.06216054900045],[158.57642662900003,53.06785716400043],[158.55795332100047,53.070013739000615],[158.53972415500073,53.06875234600045],[158.5305281910006,53.0650088560007],[158.5232039720005,53.05878327000056],[158.51050866000026,53.05019765800051],[158.4933374360005,53.04413483300061],[158.45337975400037,53.03461334800056],[158.437836134,53.025336005000554],[158.4294539720005,53.0175641950006],[158.41822350400014,53.004787502000454],[158.41504967500077,52.99274323100053],[158.43100019600035,52.98749420800061],[158.4538680350006,52.98346588700065],[158.45085696700062,52.973334052000496],[158.43685957100013,52.959947007000494],[158.42741946700028,52.946519273000604],[158.43555748800065,52.91974518400053],[158.4645288420004,52.90721263200044],[158.49633465457987,52.90447819554504],[158.5004988940001,52.9041201840007],[158.53044681100062,52.90558502800059],[158.5231225920005,52.91689687700068],[158.51050866000026,52.92552317900049],[158.48267662900003,52.940334377000454],[158.5061955090007,52.94745514500062],[158.53199303500037,52.944159247000584],[158.5577905610005,52.93732330900053],[158.58187910200024,52.93349844000056],[158.6081649100006,52.93227773600063],[158.6225692070003,52.92731354400058],[158.6329858730005,52.916978257000665],[158.64714603000016,52.899359442000616],[158.6374617850007,52.89142487200047],[158.6276961600006,52.88544342700072],[158.6174422540006,52.88117096600047],[158.60621178500048,52.87824127800053],[158.6225692070003,52.86542389500056],[158.62842858200008,52.85687897300056],[158.6247664720005,52.84882233300061],[158.6130477220006,52.83730703300051],[158.592133009,52.823309637000705],[158.5778914720006,52.82465241100044],[158.5642195970006,52.83234284100047],[158.5446883470006,52.83730703300051],[158.54788453212848,52.83161425712933],[158.56364993600062,52.80353424700053],[158.56519616000048,52.79572174700053],[158.55323326900054,52.7879092470007],[158.51319420700042,52.784125067000616],[158.4997664720006,52.77895742400051],[158.49512780000032,52.75873444200056],[158.5156356130001,52.74632396000044],[158.54615319100003,52.7407901060007],[158.5712996750002,52.741034247000584],[158.5708113940002,52.73379140800057],[158.5909936860005,52.723293361000685],[158.5993758470005,52.71377187700051],[158.6002796033058,52.708717537231394],[158.6015731130002,52.70148346600064],[158.59782962300062,52.692450262000534],[158.58773847700002,52.68732330900059],[158.5712996750002,52.68707916900064],[158.5758569670005,52.66754791900058],[158.56470787900014,52.647365627000454],[158.5449324880002,52.631537177000496],[158.52361087300005,52.624986070000546],[158.5004394710005,52.62131502900047],[158.46593528400058,52.63591756900058],[158.42741946700028,52.65228913000044],[158.42436295453342,52.655623507015434],[158.42115319100014,52.65912506700056],[158.42238052495088,52.655197597957056],[158.4248153000002,52.647406317000446],[158.4308374360004,52.63662344000062],[158.4387313160006,52.626613674000566],[158.44849694100003,52.617580471000565],[158.42809166600057,52.601383912000585],[158.4273338430005,52.5937677980005],[158.4608048240001,52.57469865600069],[158.49305280600004,52.572264311000595],[158.52361087300005,52.570379950000586],[158.52556399800028,52.56220123900073],[158.5231225920005,52.55263906500056],[158.5167749360004,52.53620026200065],[158.51734459700072,52.524725653000644],[158.5190535820002,52.516506252000454],[158.5161238940001,52.50946686400067],[158.5031844410006,52.501532294000526],[158.5232039720005,52.490301825000586],[158.53044681100062,52.48786041900058],[158.5190535820002,52.476874091000525],[158.47803795700054,52.46792226800051],[158.46374602057483,52.46128672612082],[158.46208743600062,52.4605166690007],[158.46070397200072,52.454901434000476],[158.46322675900058,52.438462632000665],[158.46208743600062,52.43256256700056],[158.45362389400032,52.42649974200049],[158.43091881600037,52.418890692000446],[158.42115319100014,52.41209544500049],[158.4399520190002,52.407294012000534],[158.4607853520007,52.41461823100053],[158.47867903472877,52.423834150430764],[158.4824324880001,52.42576732000043],[158.5031844410006,52.43256256700056],[158.52654056100016,52.43036530200055],[158.54346764400032,52.42072174700053],[158.5712996750002,52.391669012000534],[158.55103600400037,52.38572825700044],[158.52076256600037,52.362209377000624],[158.5031844410006,52.35809967700061],[158.51042728000027,52.34715403900054],[158.52271569100014,52.33828359600051],[158.53736412900025,52.33234284100058],[158.5515242850006,52.330226955000626],[158.5586043630003,52.324855861000515],[158.55787194100049,52.31305573100059],[158.5529891290006,52.301418361000685],[158.5476994150007,52.29604726800045],[158.535492384,52.29205963700065],[158.50464928500048,52.273586330000626],[158.48951256600049,52.26813385600053],[158.47400843187745,52.26813385600053],[158.42741946700028,52.26813385600053],[158.43848717500032,52.243312893000564],[158.41675866000026,52.23383209800045],[158.39014733200065,52.22622304900051],[158.38648522200026,52.20669179900045],[158.3990991550006,52.19843170800044],[158.41667728000027,52.1925723330005],[158.4270125660007,52.18427155200055],[158.4177352220006,52.16876862200053],[158.3955184250001,52.15497467700044],[158.38445071700005,52.14590078300051],[158.3796492850006,52.134670315000676],[158.37208092500066,52.12958405200055],[158.33659915500039,52.137884833000726],[158.32496178500003,52.13837311400056],[158.31902103000027,52.130316473000676],[158.31674238400058,52.119696356000645],[158.31755618600005,52.09739817900055],[158.31983483200065,52.09027741100056],[158.32911217500066,52.079901434000476],[158.33122806100016,52.07318756700056],[158.32732181100016,52.06712474200043],[158.3007918630002,52.05272044500049],[158.29167728000039,52.04287344000045],[158.2863875660006,52.034247137000534],[158.28394616000003,52.024603583000555],[158.28345787900003,52.011419989000444],[158.28687584700003,51.9675153670006],[158.2678518920003,51.950231538000594],[158.24918901200067,51.942208984000445],[158.21713100400063,51.924871473000564],[158.20671634200062,51.90204498900056],[158.1909285820003,51.898138739000615],[158.13110742800052,51.85145985700058],[158.12192709500005,51.832039705000454],[158.11890709700072,51.81622955900059],[158.10694420700008,51.80898672100068],[158.0271102220006,51.77610911700066],[158.01482181100062,51.76601797100045],[158.00668379000035,51.740301825000586],[157.9992781910006,51.72801341400071],[157.98943118600016,51.71796295800061],[157.96705162900014,51.709051825000586],[157.95769290500039,51.69757721600058],[157.94141686300054,51.67226797100068],[157.9184676440001,51.660834052000666],[157.91211998800043,51.65232982000043],[157.9202580090007,51.63743724200049],[157.91334069100026,51.63129303600067],[157.88542728000004,51.63613515800057],[157.85368899800017,51.62238190300047],[157.8252675680003,51.59695568000069],[157.80103593500007,51.5891072010005],[157.75919243400074,51.54398302900046],[157.71285241800047,51.550034660000506],[157.67890732900025,51.53812527700052],[157.6064559250001,51.52606842700055],[157.53687584700037,51.48607005400049],[157.49268639400066,51.44009023600057],[157.4731135360006,51.41111234400046],[157.48804772200037,51.39052969000045],[157.4757382090006,51.361473738000655],[157.44653783200067,51.34789779000056],[157.38850420400036,51.351317954000535],[157.35173587300005,51.329657294000526],[157.306976759,51.29523346600047],[157.28565514400066,51.27252838700059],[157.27662194100003,51.251125393000564],[157.2630314460007,51.23773834800056],[157.20020592500066,51.20661041900047],[157.14230174800002,51.16732356700044],[157.09589118600013,51.15321583100058],[157.0459090500002,51.12360260600059],[156.96813944000064,51.06919202900053],[156.9201048030003,51.03303217600069],[156.8892504001583,51.02285376647711],[156.87673144200016,51.01872394800057],[156.85181268700012,50.99744832100066],[156.83724561500026,50.97770981300067],[156.82073036900033,50.97085972800045],[156.80343917600067,50.95392506500059],[156.78024952700025,50.936220170000524],[156.7477129500005,50.91048957000055],[156.71969750900064,50.886453751000545],[156.66998844200032,50.863916909000466],[156.65823524600023,50.88260556800054],[156.6936858330006,50.90920311400066],[156.76193729800025,50.98443058500061],[156.77026961400009,51.018133576000594],[156.75694235100013,51.03591728500055],[156.7633079370005,51.0623384280006],[156.76154536100023,51.07797390100046],[156.74198021100028,51.090436746000705],[156.70809358000065,51.087703605000456],[156.7053328790006,51.10301341400054],[156.7002059250002,51.11839427300049],[156.7190035600006,51.15707211500063],[156.72187403500016,51.19548208600048],[156.69361412900014,51.2099063170005],[156.65626061300054,51.251125393000564],[156.64210045700008,51.2583682310007],[156.59083092500032,51.26137929900062],[156.57699629000058,51.26508209800045],[156.5615340500002,51.271185614000615],[156.54688561300065,51.279445705000455],[156.53549238400024,51.28925202000045],[156.52361087300028,51.31150950700044],[156.52019290500027,51.335638739000444],[156.5214949880001,51.41128164300051],[156.51954186300065,51.422919012000534],[156.5156356130003,51.432684637000534],[156.51099694100003,51.438137111000515],[156.49952233200042,51.447333075000586],[156.49512780000055,51.453111070000546],[156.49170983200054,51.45628489800043],[156.48707116000014,51.45734284100047],[156.48316491000014,51.45897044500049],[156.48161868600073,51.463690497000584],[156.48243248800065,51.46629466400066],[156.48780358200008,51.47361888200061],[156.4817814460007,51.49628327000056],[156.48023522200003,51.516546942000446],[156.48161868600073,51.55927155200055],[156.4834090500001,51.57225169500049],[156.49244225400003,51.59369538000061],[156.49268326438767,51.59461560175737],[156.49512780000055,51.60394928600044],[156.49463951900054,51.6156680360005],[156.4890242850007,51.63532135600059],[156.48780358200008,51.64496491100061],[156.5012313160006,51.77505117400045],[156.48601321700062,51.95766836100046],[156.43919187900065,52.21603094800071],[156.37277515600022,52.40462384300048],[156.35090152900023,52.427954312000566],[156.33366946700005,52.44916413000044],[156.30339603000016,52.48094310100055],[156.29672285200047,52.492336330000455],[156.28223717500032,52.52944570500057],[156.29428144600024,52.52948639500056],[156.30201256600026,52.52545807500064],[156.30860436300065,52.51996491100056],[156.3176375660006,52.515122789000486],[156.33741295700008,52.501532294000526],[156.34245853000073,52.50096263200044],[156.34693444100026,52.50275299700053],[156.35157311300065,52.503851630000554],[156.35808353000027,52.501532294000526],[156.37086022200015,52.49005768400053],[156.37574303500048,52.478461005000554],[156.37533613400046,52.4646670590007],[156.37232506600037,52.44684479400058],[156.39527428500037,52.45636627800053],[156.41968834700015,52.47174713700048],[156.43881269600047,52.49087148600057],[156.446625196,52.5114199890005],[156.43189537900003,52.52460358300067],[156.3584090500002,52.53074778900043],[156.33130944100037,52.53620026200065],[156.30355879000012,52.55512116100061],[156.2924058660003,52.57332338500049],[156.26572583000063,52.59817127300062],[156.2535206790002,52.62838851700076],[156.23221744200032,52.66451716800054],[156.16479472000003,52.79866493500049],[156.11119584000028,52.93542032800059],[156.09791100400048,53.04266998900056],[156.05640709700003,53.21466705900059],[156.05152428500014,53.284979559000476],[156.0392242280002,53.37062855600061],[155.9866903060007,53.57687904800059],[155.97437584700037,53.64264557500053],[155.97136478000027,53.660101630000554],[155.9672074570002,53.73180509400066],[155.96127861000036,53.75187553600057],[155.95468269400067,53.786104750000675],[155.93864993600016,53.844712632000665],[155.93580162900048,53.86517975500044],[155.91236412900014,53.90615469000062],[155.88445071700062,53.98183828300046],[155.88835696700028,53.99876536700049],[155.88461347700058,54.02407461100063],[155.87134850400014,54.071234442000616],[155.80730228000016,54.203436591000525],[155.7280379570002,54.426825262000534],[155.63851972700013,54.76947663000044],[155.6403914720006,54.79193756700056],[155.64535566500058,54.81150950700044],[155.6445418630003,54.8315290390006],[155.61622155000055,54.873683986000515],[155.61003665500073,54.89492422100051],[155.55117716700056,55.284204852000585],[155.55393214300034,55.36460287100056],[155.56642224600057,55.433014761000436],[155.5862867420003,55.52093276100061],[155.60445589400013,55.58157487900047],[155.62281334700015,55.63922760600059],[155.65308678500014,55.921332098000505],[155.66651451900032,55.96185944200067],[155.68433678500003,55.994330145000504],[155.68637129000058,56.006537177000666],[155.68531334700072,56.0280622420006],[155.6862085300006,56.039129950000586],[155.68978925900024,56.04751211100074],[155.7101343110005,56.08148834800045],[155.72055097700013,56.092189846000565],[155.7329207690001,56.097967841000525],[155.74545332100035,56.10114166900058],[155.7560327480004,56.10667552300066],[155.76205488400058,56.11945221600064],[155.7421981130003,56.12669505400072],[155.7428491550006,56.14590078300063],[155.7536727220006,56.16567617400051],[155.76547285200058,56.17470937700057],[155.78003991000026,56.247503973000676],[155.8105574880002,56.290757554000606],[155.92432701900054,56.58454010600076],[155.93653405000066,56.60236237200047],[155.94654381600014,56.62189362200053],[155.98086486300065,56.67049308300045],[156.0083573520003,56.708832084000505],[156.04761599900007,56.76509066400058],[156.1252547540006,56.832017320000546],[156.15919030000066,56.84446849200043],[156.17400149800028,56.845851955000455],[156.1699324880003,56.83576080900053],[156.08253014400043,56.76707591400054],[156.06714928500048,56.74738190300059],[156.06373131600003,56.71596914300051],[156.08236738400046,56.737941799000566],[156.12191816500024,56.7749697940007],[156.14576256600049,56.7910830750007],[156.19564863400046,56.814764716000695],[156.2077742850006,56.825832424000566],[156.21176191500024,56.83808014500045],[156.20801842500066,56.84613678600044],[156.20582116000014,56.85431549700064],[156.23502242000006,56.86660429300048],[156.27977596000017,56.875680626000474],[156.31370214100014,56.88572450300046],[156.3855824870003,56.91175411200061],[156.4277422250002,56.93016268800051],[156.46127480400048,56.94840631500051],[156.47131837200016,56.962733954000555],[156.50848915700055,56.995188680000524],[156.53036108300012,57.02116264600062],[156.5307735420006,57.05425134200067],[156.53581790500016,57.08844635600059],[156.552093946,57.108954169000526],[156.57325280000055,57.11371491100061],[156.59424889400032,57.09300364800055],[156.60515384200073,57.08584219000056],[156.6408797540006,57.082586981000645],[156.65626061300054,57.07591380400049],[156.66814212300005,57.054754950000586],[156.67546634200005,57.04621002800053],[156.68384850400048,57.048325914000486],[156.7180281910007,57.08274974200049],[156.71900475400025,57.09088776200059],[156.72580391400015,57.105749122000475],[156.7296862310003,57.11524718200047],[156.7484909530002,57.13086745900051],[156.76936884200006,57.1488713950007],[156.83161576600003,57.21345099100057],[156.87917404500058,57.2695184530005],[156.92879261100006,57.33147288100059],[156.97649064200027,57.39101634000059],[157.00128759100028,57.42550531100062],[156.99105879000047,57.456366278000644],[156.97771243600027,57.5460879580005],[156.94703209700072,57.60732656500062],[156.93783613400012,57.64716217700055],[156.9306746750001,57.65843333500055],[156.85499108200065,57.721340236000685],[156.82007897200026,57.73598867400051],[156.78305097700024,57.73989492400045],[156.7490340500002,57.729559637000534],[156.79845695799986,57.77120945860173],[156.80103600400037,57.7733828800005],[156.9243174350545,57.83060281351487],[156.98145592500032,57.8571231140005],[156.9975692070002,57.856146552000496],[157.01197350400025,57.84284088700048],[157.03638756600003,57.81268952000056],[157.05103600400014,57.80508047100045],[157.24187259200016,57.77049388200055],[157.31006920700008,57.77122630400055],[157.3918563160006,57.78119538000067],[157.46989993600027,57.80394114800043],[157.52670332100058,57.84316640800051],[157.55738366000014,57.876410223000505],[157.56462649800017,57.88784414300051],[157.56690514400032,57.89769114800049],[157.56788170700065,57.91925690300059],[157.57007897200003,57.92877838700059],[157.58668053500026,57.95111725500044],[157.63266035200013,57.98383209800056],[157.65333092500032,58.003892320000546],[157.64918053500003,58.00926341400066],[157.64698576317494,58.01361919119046],[157.64389082100013,58.01976146000044],[157.63965905000066,58.02496979400047],[157.66257406543355,58.025928792467425],[157.69507897200026,58.0272891300005],[157.7231551440001,58.02460358300061],[157.76563561300043,58.00307851800051],[157.78931725400025,57.99652741100056],[157.94703209700026,57.98309967700044],[158.0568953790006,57.9902204450006],[158.1679793630003,58.02073802300055],[158.2246199880003,58.02545807500064],[158.27662194100037,58.003892320000546],[158.30372155000066,57.97011953300046],[158.32097415500004,57.95441315300047],[158.33822675900058,57.953029690000676],[158.34555097700024,57.96735260600059],[158.32984459700026,57.983221747000584],[158.29078209700003,58.003892320000546],[158.29525800900046,58.02484772300056],[158.2778426440002,58.035060940000506],[158.25123131600026,58.03839752800053],[158.22877037900025,58.03864166900058],[158.24675540500073,58.05198802300049],[158.31755618600005,58.07957591400043],[158.3344832690002,58.08917877800059],[158.41781660200058,58.149115302000496],[158.54411868600027,58.19969310100049],[158.6547957690001,58.269435940000676],[158.78353925900046,58.31297435100049],[158.8523055350006,58.34882233300061],[158.89283287900037,58.35765208500072],[158.94809004000047,58.388128973000676],[159.023773634,58.41478099200043],[159.1093856130001,58.47459544500049],[159.13705488400035,58.48362864800049],[159.14470462300028,58.488348700000586],[159.14722741000003,58.49848053600067],[159.15251712300028,58.50787995000047],[159.16781660200024,58.51097239800055],[159.18376712300062,58.50608958500044],[159.19214928500048,58.49713776200059],[159.19874108200065,58.48663971600058],[159.2082625660007,58.4774844420005],[159.22331790500073,58.47040436400073],[159.2369897800006,58.46784088700048],[159.2421981130003,58.47260163000044],[159.23267662900014,58.487372137000705],[159.2199813160006,58.49445221600058],[159.2026473320002,58.500189520000674],[159.1875106130002,58.50804271000044],[159.18091881600003,58.52155182500064],[159.19369550900035,58.541978257000494],[159.36085045700008,58.64402903900066],[159.3835555350006,58.66551341400043],[159.4016219410006,58.678045966000525],[159.4238387380002,58.684068101000435],[159.49545332100013,58.69183991100044],[159.5036727220005,58.69660065300053],[159.50489342500032,58.701646226000435],[159.5026147800006,58.708685614000444],[159.49919681100062,58.7146670590007],[159.49683678500003,58.71645742400045],[159.51026451900066,58.72858307500053],[159.5402938160006,58.744086005000554],[159.55486087300062,58.754299221000565],[159.5825301440001,58.78204987200047],[159.6091414720005,58.79865143400059],[159.6119897800006,58.80467357000043],[159.6118270190002,58.81216054900074],[159.6198022800006,58.82632070500051],[159.63461347700013,58.837958075000586],[159.65235436300065,58.843695380000554],[159.67115319100026,58.8476016300005],[159.6886499360005,58.853583075000586],[159.707367384,58.86562734600068],[159.72779381600026,58.883042710000495],[159.7439070970006,58.90387604400047],[159.7507430350006,58.92560455900053],[159.75294030000066,58.958197333000555],[159.7507430350006,58.97089264500062],[159.7456160820003,58.98094310100049],[159.73210696700016,59.00055573100059],[159.7296655610005,59.01129791900047],[159.7426863940002,59.03139883000051],[159.7920028000002,59.06753164300068],[159.79379316500047,59.083889065000506],[159.80347741000014,59.09638092700061],[159.86443118600005,59.1405703800005],[160.16211998800077,59.293768622000584],[160.18751061300054,59.31150950700044],[160.19947350400048,59.32314687700051],[160.21461022200037,59.33246491100056],[160.23568769600013,59.3375918640005],[160.27800540500004,59.340236721000565],[160.31031334700015,59.34613678600067],[160.33627363400024,59.361070054000436],[160.4464624360005,59.45526764500056],[160.4558211600006,59.47402578300057],[160.458343946,59.49843984600045],[160.46607506600003,59.52106354400058],[160.47901451900066,59.53986237200064],[160.4973250660006,59.55247630400055],[160.52003014400066,59.559963283000684],[160.5439559250001,59.56427643400059],[160.5929468110005,59.56679922100051],[160.61231530000077,59.570379950000586],[160.66797936300054,59.59467194200056],[160.80494225400037,59.605373440000676],[160.84685306100062,59.617987372000584],[160.8737899100006,59.63214752800053],[160.92611738400058,59.66718170800061],[160.96517988400046,59.70746491100056],[160.97527103000016,59.715073960000495],[160.99089603000016,59.72382233300061],[161.01742597700047,59.731268622000584],[161.02320397200026,59.73541901200059],[161.0329695970005,59.747259833000555],[161.03858483200065,59.75177643400059],[161.05836022200015,59.757513739000615],[161.07846113400046,59.75901927300043],[161.0983179050006,59.762884833000555],[161.1917423840007,59.83038971600064],[161.28389595800024,59.87053394300045],[161.33790123800065,59.94529857000043],[161.41772426100067,59.98220434500058],[161.46665528400058,60.03223890700065],[161.53284867300067,60.067615377000436],[161.56137129000012,60.072455145000504],[161.57984459700015,60.07391998900056],[161.59310957100047,60.081122137000705],[161.65418614600048,60.08946438200053],[161.7102156910006,60.123846747000584],[161.7459143080007,60.13011133000049],[161.78031726300026,60.14512658200067],[161.89721450200057,60.20296066200058],[161.93632638800034,60.236470929000575],[161.9480504440005,60.27009750400066],[161.9446253930006,60.294524306000596],[161.93739822700047,60.30355569900064],[161.92237389400054,60.31346263200044],[161.89492886900018,60.29753049200065],[161.89314403800063,60.303106406000495],[161.9069680780002,60.3272710180006],[161.91072207400032,60.34892126400047],[161.92769594500044,60.37289814800067],[161.9258069230001,60.397236737000526],[161.938555114,60.4167877720007],[161.99423172200045,60.430607520000535],[162.1245223320002,60.48501211100046],[162.16521243600062,60.50185781500056],[162.18311608200065,60.52236562700057],[162.20622806100062,60.53803131700056],[162.34701582100058,60.54995351800068],[162.3658960300005,60.555161851000435],[162.40251712300017,60.56061432500053],[162.4332788420005,60.58071523600057],[162.46094811300065,60.59446849200043],[162.47461998800054,60.60488515800057],[162.50180097700002,60.620794989000444],[162.53687584700026,60.62645091400043],[162.57406660200058,60.62303294500049],[162.6076766290007,60.61172109600062],[162.62549889400043,60.61058177300055],[162.65186608200054,60.615545966000695],[162.6779077480005,60.62372467700055],[162.71241295700042,60.64215729400058],[162.75367272200037,60.64594147300056],[162.76880944100037,60.65302155200044],[162.81450773300014,60.686311673000546],[162.86913250500004,60.71009159400057],[162.89122549300077,60.73202659500066],[162.88262402000078,60.74119801000052],[162.88898254300057,60.75248384300062],[162.9166883310004,60.76000646100056],[162.96681137800067,60.76757704500062],[163.02139804700028,60.77951130400049],[163.05266504800056,60.76019976600048],[163.09905031200026,60.75468831300054],[163.12296475000062,60.76554949900054],[163.1023061260006,60.77712334800066],[163.12179428400066,60.778130904000534],[163.17085031200054,60.781785216000515],[163.18381966400034,60.79339004600058],[163.1936584770002,60.80521051600056],[163.21338654000067,60.80696932000063],[163.24388612800055,60.79625586200075],[163.26988938200054,60.80303922000053],[163.32482050700014,60.804664759000616],[163.34565880100035,60.79929207800046],[163.33351250800058,60.77982730700046],[163.31531905600048,60.75062436900055],[163.29542076900032,60.72846100500067],[163.31478925900024,60.72174713700048],[163.33399498800065,60.725002346000565],[163.34083713700056,60.75039357300068],[163.3579065300006,60.77029374700055],[163.38441846800004,60.79500205900047],[163.39480637600013,60.81513444200067],[163.4148651560006,60.82113835100046],[163.43623420600022,60.83151180700065],[163.46183075400052,60.835646591000454],[163.49176468600012,60.84389559200059],[163.5388629880007,60.85832921700046],[163.58675323000057,60.865282953000644],[163.61540916800072,60.86915711600068],[163.65767900800006,60.86757784500048],[163.69981025400045,60.855588403000525],[163.72817300600047,60.86838172500052],[163.7510396050002,60.88305833300058],[163.7598788740005,60.901735990000645],[163.7742630470002,60.918520022000564],[163.7516382170005,60.93040599200049],[163.73414147200072,60.93854401200059],[163.68588300900035,60.954779364000444],[163.6078530890003,60.9648156610005],[163.53603957800067,60.99077529500062],[163.51598451700045,60.99516767400047],[163.4873033480003,61.00166409300056],[163.53044462300056,61.03275652700046],[163.55920732400045,61.047044220000544],[163.61820501100067,61.05915804300054],[163.63133774400035,61.08197941400044],[163.6157332690002,61.104885158000684],[163.62504155700015,61.121072866000475],[163.64971057000014,61.13118877900058],[163.66625650700064,61.144859608000615],[163.76257341100006,61.18694511600057],[163.90202884200005,61.226874091000525],[163.9187117850007,61.229152736000515],[163.93279056100005,61.23529694200067],[163.94410241000048,61.252590236000515],[163.94678795700054,61.26581452000062],[163.94646243600016,61.28978099200049],[163.95085696700005,61.300970770000674],[164.004242384,61.326564846000565],[164.0288192070002,61.346625067000616],[164.02295983200042,61.37238190300047],[163.97657311300065,61.41974518400059],[163.95232181100073,61.434515692000616],[163.87183678500014,61.452093817000446],[163.84782962300028,61.452866929000436],[163.8278100920004,61.44773997600055],[163.8117781910006,61.43935781500056],[163.79606612800023,61.42174523600056],[163.7756929780005,61.413206691000596],[163.759780846,61.42897665000061],[163.75147545700054,61.44330475500067],[163.75949419700055,61.4790005490006],[163.80140265,61.519800088000466],[163.83008873800065,61.55585358300044],[163.84620201900043,61.57977936400056],[163.84441165500027,61.598334052000496],[163.8545720970002,61.62583538100051],[163.86605657100063,61.646523696000486],[163.9030089110006,61.66075548900062],[163.9312342760005,61.66792684900065],[163.98672916200064,61.65926112800048],[164.0152140630006,61.66716576200065],[164.04481533500052,61.68343317700061],[164.05606347200012,61.722608732000595],[164.06345031900014,61.745132881000586],[164.06788170700054,61.78587474200066],[164.0675561860005,61.807440497000584],[164.06039472700047,61.818670966000695],[164.0494897800005,61.831203518000564],[164.0424910820003,61.8429629580005],[164.05236383400006,61.84985781300065],[164.06255899600058,61.85604307600056],[164.07887877700057,61.87095609100055],[164.08995686000048,61.89470406800052],[164.0948833200007,61.92433556400056],[164.0829517560005,61.942563949000544],[164.0877178250006,61.966878648000545],[164.07277428400005,61.98107794300057],[164.0727052550003,61.995702646000495],[164.08329025400064,61.99805565300062],[164.10324866900066,62.00898892700053],[164.1064041350004,62.0232938230007],[164.10341055400022,62.038835916000494],[164.0993951660006,62.05147420400061],[164.09514208000053,62.06328083800071],[164.09273549400018,62.07573239300058],[164.07959892700012,62.09050549300059],[164.08359695100057,62.10252055500047],[164.10028420300046,62.10824758700056],[164.12677625200013,62.12865660200055],[164.11711940500004,62.14394210800049],[164.10754443600058,62.15461934800055],[164.10538335700073,62.167846028000554],[164.12566857100023,62.19404599500052],[164.11820447800062,62.20612439400065],[164.1204180960002,62.22748998500049],[164.11987560000046,62.24060541100067],[164.1229007730002,62.24961329400054],[164.1271944140001,62.262379351000675],[164.1485501140005,62.26695540600048],[164.16007473500065,62.281502895000585],[164.1939368670005,62.29568868800044],[164.2106705440001,62.31242897900057],[164.24357761700014,62.32797695100044],[164.28652764400033,62.33249528700054],[164.33709501900034,62.34289025100048],[164.41806134800026,62.3534834830005],[164.44250879000015,62.38377397600044],[164.45545397300054,62.40469257000052],[164.50254444400048,62.41268197400058],[164.51234856000065,62.43252454700058],[164.53831287000037,62.45110951400062],[164.59337150300064,62.44956867400049],[164.63977080700067,62.46277170900055],[164.7390296050005,62.460367393000524],[164.86280358200065,62.43378327000056],[164.90279139500058,62.41739491000044],[164.94770394400018,62.409280216000525],[164.98842025900012,62.40304168800054],[165.0544702900006,62.402469705000556],[165.10435295200057,62.403116968000575],[165.1796424220006,62.3787384590006],[165.22543379000035,62.38287995000053],[165.23731530000066,62.376532294000754],[165.2667749360004,62.33502838700048],[165.28126061300077,62.326564846000565],[165.2968856130003,62.32257721600047],[165.3161727220006,62.32420482000049],[165.30730228000004,62.3366559920006],[165.300140821,62.35268789300062],[165.28728274800062,62.36611562700068],[165.23055828000054,62.3953412350005],[165.18135830300048,62.40541190500062],[165.11087532400063,62.42941558600046],[165.12378205600078,62.45061397300071],[165.17012675200067,62.45919653100066],[165.26671063500066,62.461972564000575],[165.38729848000025,62.46591973300059],[165.44851184900006,62.4518171060007],[165.59506269600058,62.44350820500057],[165.62761478000073,62.44452545800044],[165.6508895190002,62.45917389500073],[165.64340254000024,62.45917389500073],[165.46875615200042,62.470758551000586],[165.35371724400056,62.486967889000596],[165.11002850300065,62.485325793000584],[164.98115143500036,62.51772518700045],[164.92826166300028,62.53638233400062],[164.83062466100046,62.5513399580006],[164.7656575250005,62.55832329100065],[164.70704186300065,62.589544989000615],[164.6677352220006,62.63182200700044],[164.65162194100026,62.64069245000064],[164.6340438160006,62.64752838700059],[164.61622155000077,62.657171942000446],[164.5979370660002,62.67306541600044],[164.52602127100067,62.67575213500061],[164.44691868800032,62.68941884900056],[164.37463146700054,62.69086649000053],[164.30826836800043,62.66100804800044],[164.2297254270003,62.6602224130005],[164.1065041770005,62.65114425300044],[164.05512614700046,62.65609581300049],[164.00578752200056,62.63397963800071],[163.96218619400076,62.62034953100067],[163.94837210300034,62.59565319600051],[163.9084056750006,62.58437361200055],[163.8593623550006,62.6044990700006],[163.76386912900057,62.60220069200045],[163.7189076050006,62.59251502900065],[163.66974323000056,62.58694998600072],[163.62573935100056,62.588707216000444],[163.58239469000034,62.57498440500058],[163.5238630670002,62.55717364700058],[163.47553581900036,62.545069537000586],[163.42969362800056,62.56741073200055],[163.39893368000003,62.57590166900059],[163.38758384000027,62.54844947000055],[163.34214266300057,62.540721307000524],[163.2670504700003,62.521994642000664],[163.24982313300018,62.50773541000052],[163.2643405420007,62.48428384600044],[163.26880800500032,62.46564178100067],[163.24409892400058,62.4477455410007],[163.21278842800064,62.441522712000506],[163.18505270500032,62.44275125700068],[163.16773073000059,62.43205473900059],[163.17653153000003,62.41905873900055],[163.21424943900058,62.42131668500048],[163.23481428300056,62.41759862200064],[163.22946369400006,62.40434943900067],[163.228589488,62.38489401700048],[163.2775105670006,62.373973918000445],[163.30214607700066,62.375295522000556],[163.32283079300055,62.363866289000725],[163.3516978170005,62.35011161500063],[163.3702122510001,62.34000160900075],[163.36891835100016,62.32766953000049],[163.33985479500063,62.32429414100051],[163.28674854800033,62.32546949500045],[163.25948519700069,62.31959614900046],[163.23152305800045,62.311398966000525],[163.222992384,62.30426666900058],[163.2247766050001,62.29352059200062],[163.24133645900054,62.28533103800055],[163.22124337300033,62.27365704800059],[163.20344782400025,62.27778850900074],[163.17926428900046,62.27347211400058],[163.13560047000055,62.25092726200057],[163.09148659700077,62.22663806200046],[163.08692467500055,62.21499258000074],[163.09009850400014,62.202948309000476],[163.1047469410006,62.169501044000526],[163.1080835300006,62.15379466400054],[163.11361738400046,62.14541250200068],[163.13795006600026,62.13214752800053],[163.1421004570002,62.1227481140005],[163.15040672600048,62.113302478000605],[163.1476049480001,62.104013279000526],[163.12033563200077,62.097369844000525],[163.10107854300065,62.092076377000694],[163.10502322000048,62.079971173000615],[163.12274401400066,62.06757853100055],[163.1762801440002,62.06818268400053],[163.19312365400071,62.06662319100059],[163.18628320800008,62.05231449100063],[163.16508146400054,62.04480338900049],[163.1477889730005,62.03763795900056],[163.14240443700066,62.01970202300055],[163.13769169800003,62.00819810100063],[163.12590700300063,61.99831037200045],[163.11926050700072,61.98871407300055],[163.0945065040006,61.97321866400057],[163.0686583220006,61.966621235000446],[163.08017639800005,61.954659390000586],[163.06709701900047,61.93601880300059],[163.04286975400066,61.93051299000058],[163.0262427620005,61.92097114500058],[163.0442000660006,61.92169830900053],[163.06405455100025,61.91732188800057],[163.05838236100067,61.89819857200047],[163.03099075900013,61.87341118700044],[163.02602847400033,61.856603323000456],[163.01578889400025,61.843097369000475],[163.00030482700072,61.82875201700051],[162.97839758400062,61.809508806000736],[162.97673416600003,61.799570369000435],[162.99084206100054,61.78800605900051],[163.0271102220005,61.77570221600047],[163.1064995830003,61.756878748000474],[163.12887523600045,61.7565482300007],[163.14517149100072,61.74424491700046],[163.23878751200004,61.73547689500066],[163.29948184100067,61.72127979500067],[163.32479740800045,61.71044507100055],[163.3433870250003,61.70568605300059],[163.32197291200077,61.693386722000525],[163.32180070500021,61.675789777000546],[163.32654908500058,61.65785575400059],[163.2912766880006,61.64891185800059],[163.24258047400053,61.64448882200071],[163.2205828600005,61.64180827300055],[163.2078990610006,61.63676951900055],[163.2079869740005,61.628534466000474],[163.2241071260006,61.62394970200057],[163.23021156500056,61.61111495800054],[163.205124523,61.61458037500063],[163.19579600100076,61.625214766000454],[163.16553795700054,61.62995026200059],[163.13612435200037,61.62558898300057],[163.11209676800024,61.61592585600067],[163.0871743400005,61.59871724400057],[163.0759383470005,61.585150458000555],[163.08326256600049,61.57977936400056],[163.1076166480001,61.57085549500056],[163.1021243070005,61.55644477400057],[163.11206914100035,61.54809668600052],[163.04469992800057,61.517128559000696],[163.01728361200048,61.51658456400054],[162.9817000660006,61.53685130400049],[162.96763619400008,61.57182606200047],[162.95680781800013,61.57727248300057],[162.92741113000056,61.57862330500075],[162.90791725700012,61.57991025200056],[162.9031189690005,61.589074532000666],[162.91261139800065,61.59611412900057],[162.9088220780003,61.60873700300067],[162.8945262600006,61.61085785200055],[162.87572660800004,61.6103341970005],[162.85979835700027,61.6025355710006],[162.86014456200041,61.61667589200056],[162.8748519340005,61.62456246800048],[162.89755670800025,61.63427156600051],[162.9399957880006,61.63908095900064],[162.94318783600056,61.6500974880006],[162.9309188160006,61.66828034100058],[162.93067467500032,61.67548248900056],[162.87737219200073,61.694390470000656],[162.8388172370005,61.70757119800055],[162.80353128800027,61.71099023800065],[162.76557874400032,61.705107117000466],[162.69895441500046,61.68622267800055],[162.62266672100031,61.65906880900047],[162.63149355700057,61.6372455780006],[162.67961303400057,61.6224011860005],[162.7461092590005,61.6241024490007],[162.76425872000016,61.61348256300056],[162.77483995600028,61.59388539500054],[162.67207616400026,61.60455149700056],[162.601583646,61.6237586470005],[162.538663401,61.65249688800054],[162.50886878636356,61.65869043333953],[162.50218913300057,61.66007896400049],[162.44883649900078,61.66983869700056],[162.4172469410006,61.67584870000053],[162.4072371750001,61.67194245000047],[162.3861360900006,61.65891850300068],[162.37548693400038,61.62887906500066],[162.3506101020006,61.615041919000475],[162.3140945850006,61.617826935000664],[162.29200280000066,61.6176211610005],[162.30616295700008,61.601385809000476],[162.32782279600076,61.59045485500059],[162.2944520990003,61.57712226600063],[162.27335036100067,61.56307273400046],[162.25195771800077,61.55256437700058],[162.22666757400054,61.559956502000546],[162.2164819670004,61.55784739800066],[162.21371504000058,61.54547760600053],[162.22842195200064,61.52451221500053],[162.21544900200047,61.512910869000564],[162.17997459400056,61.50501671500058],[162.16824823500065,61.49334057400057],[162.15016126400008,61.49501408800046],[162.139373341,61.496248718000686],[162.13616770200042,61.48406098700059],[162.11565903700057,61.4717304750007],[162.10063038400028,61.456711610000525],[162.10563297000067,61.44756053200064],[162.0953170190004,61.436382561000585],[162.06028536800068,61.43907403200046],[162.04078209700026,61.436102606000645],[162.06073927200032,61.4172043970006],[162.02692989500042,61.40090608100053],[161.9863902310001,61.372619497000585],[161.93939026300063,61.37655630000063],[161.9241642590007,61.391017971000565],[161.90007571700005,61.427476304000606],[161.88835696700016,61.43073151200065],[161.88054446700016,61.41819896000055],[161.8837996750002,61.40192291900047],[161.88933353000004,61.38458893400053],[161.91301846500016,61.357294327000545],[161.89023062800038,61.33551868500058],[161.8616264980003,61.33896614600047],[161.84707394100076,61.35924375600064],[161.8260551850001,61.37343738300058],[161.80729264200056,61.37220707200066],[161.80345998900054,61.361820492000675],[161.80922602700014,61.34558142000054],[161.7942034730006,61.33462794300044],[161.80210031100012,61.31711176900063],[161.7716156170004,61.29822303900062],[161.69260825300012,61.28623169200063],[161.6564628310001,61.268844589000594],[161.64658059500073,61.263512791000494],[161.6365084740005,61.262307642000565],[161.6132485990006,61.25712919200055],[161.59562749700024,61.25517756900064],[161.59614238400047,61.23749529700058],[161.6030560760006,61.2259192060007],[161.59385149800028,61.208170387000564],[161.58101547200056,61.20064262500051],[161.5799715820001,61.19127367400063],[161.56714538300014,61.18374418500048],[161.54604004300063,61.19258526900052],[161.52474058800067,61.19554240800068],[161.50581306300035,61.19778225200071],[161.48747561600055,61.202342054000496],[161.47119519200078,61.195590917000516],[161.46829842200066,61.18396309500065],[161.4603371020006,61.171433317000435],[161.44106083200074,61.161910898000656],[161.4166193040004,61.15621035300052],[161.41190641800017,61.15175986400044],[161.4358016290007,61.142726955000455],[161.45441086600079,61.13640610200048],[161.44583613500026,61.12096440600055],[161.41711331000022,61.117857112000536],[161.3966626470002,61.10894975700046],[161.2975660960003,61.055961278000666],[161.26115487000015,61.050888711000596],[161.23376836700038,61.05299907100044],[161.2122422550001,61.05418989600065],[161.208186726,61.04732388000059],[161.21507002400062,61.035696036000616],[161.2045475500006,61.02207962000051],[161.18209242000012,61.01443061400056],[161.18357358600065,60.992607042000714],[161.13464635500043,60.970955472000526],[161.0414552300001,60.942121781000594],[161.01173700100014,60.93002428500057],[160.9782533030001,60.90944089800058],[160.95087413600004,60.90084015700069],[160.91514924400053,60.89964503200048],[160.91122269100072,60.88105411800058],[160.90196668400074,60.86036449800059],[160.87187045800067,60.848209275000556],[160.84719452400066,60.813603412000646],[160.83265232100064,60.77976055100061],[160.82848893600067,60.75466130500047],[160.7964753610005,60.746890478000466],[160.7914487020006,60.73419663300058],[160.79162375200008,60.71770026900066],[160.7656600850006,60.72789966700043],[160.737456426,60.7310972800006],[160.7200171890007,60.75137898800074],[160.68675704300063,60.76011231400054],[160.66093410600058,60.75261576600059],[160.6417025650003,60.73357611000051],[160.63587898700018,60.715577026000574],[160.61528874800058,60.714836032000505],[160.59961785500002,60.72093495100057],[160.58078763400067,60.72305341800046],[160.58003039000062,60.737828864000505],[160.55906428500032,60.740606992000494],[160.5431945650006,60.73901662800051],[160.5278573460007,60.7227113350005],[160.5007190190006,60.71933925600047],[160.49336827900026,60.706747154000595],[160.4701845890005,60.699046756000655],[160.43852662800043,60.70294155200065],[160.41031937600053,60.706086075000485],[160.42583695700023,60.72946227800048],[160.44293916700065,60.742744527000525],[160.43101627600004,60.74920412200055],[160.4153245810005,60.74291256800046],[160.3979796760002,60.73434717300046],[160.37161748600056,60.72269247400044],[160.3817938590007,60.70160571200046],[160.35758578700074,60.65862019500071],[160.31864683800018,60.6498717140006],[160.28899248900052,60.639493198000594],[160.2876482090005,60.62661086000048],[160.28182299400078,60.60923125300059],[160.24934387700057,60.60252125900047],[160.23840466100057,60.589497103000554],[160.1859329150002,60.57840623400051],[160.1543926830002,60.57633613300055],[160.1360783210007,60.6021182310007],[160.15969337400065,60.64083152200067],[160.14961201700066,60.650712677000456],[160.146998671,60.66201063900053],[160.16422036200004,60.66415556400045],[160.19599980200064,60.660914966000746],[160.21962683900006,60.6651079450005],[160.21454235000044,60.67593435700047],[160.20780593600057,60.68448278000051],[160.20186252700034,60.697110102000636],[160.20321230522632,60.69809295844237],[160.2200781650007,60.71037402700057],[160.2448139010006,60.713920226000596],[160.2337691890001,60.725022466000496],[160.2514102400006,60.73481168300049],[160.250165971,60.746633861000646],[160.24268012900063,60.75755634000046],[160.25168509100047,60.77241763700056],[160.23143101800054,60.792157645000486],[160.17009524800028,60.824896552000496],[160.1974237220005,60.827819868000574],[160.2054044090005,60.838034165000465],[160.2177634790006,60.84568566900043],[160.2324841840001,60.833795811000584],[160.25371237300033,60.8245502860006],[160.24608631100057,60.854326161000586],[160.24148908300026,60.874577070000555],[160.26813237300064,60.89265822100049],[160.2721228830004,60.90070998700054],[160.2815429150006,60.90555549100054],[160.30429483,60.90447862800056],[160.3265744360001,60.90690143300071],[160.3423598650005,60.90733435700065],[160.35752555600004,60.91075495300055],[160.35279381600003,60.92300039300068],[160.3534849,60.94515616400054],[160.3734294310001,60.96592930300045],[160.42487601800065,60.98367803200057],[160.40767537400006,61.00505097700051],[160.42128802800016,61.01909924400047],[160.44421453600057,61.036219521000646],[160.41274786600036,61.0359666810005],[160.38639234900063,61.037225549000595],[160.3718240350005,61.04320985100048],[160.34915780200072,61.03311112300048],[160.31792592500074,61.035169631000485],[160.28063719700037,61.01869649400055],[160.2019731450007,61.038219966000554],[160.17251028200064,61.03017485700059],[160.1305443130003,61.02034369400059],[160.07185874300058,61.005393554000705],[160.06383625500018,60.99518378000056],[160.0472967640003,60.984785833000444],[160.0253561610001,60.98405102200047],[160.00938822100034,60.97007366700052],[159.99845925400052,60.963495530000614],[159.98180058000025,60.96487377400058],[159.9663527630007,60.96618706000055],[159.95051526800057,60.95922818500054],[159.95733354800018,60.95065971300056],[159.95062849000033,60.94091249900055],[159.91491769300058,60.944203540000615],[159.88534872700052,60.9413888100006],[159.8883005530006,60.93126638900071],[159.9040085220006,60.924697890000516],[159.89866686600033,60.915526522000505],[159.88264119600024,60.91387893200044],[159.86376801800043,60.9229351850006],[159.8443447440004,60.929073468000695],[159.82797508100055,60.93213649800049],[159.79753908300006,60.931102543000634],[159.80701547300066,60.93657166200046],[159.82849943300005,60.9415189730006],[159.83458135500064,60.954773436000494],[159.8384813600004,60.96929738900059],[159.83048809900072,60.97846043500056],[159.8530930310003,60.98276623900051],[159.87941187300066,60.999872987000515],[159.91506965600001,61.021806324000465],[159.94509683100057,61.04630382900052],[159.9681111020002,61.05877935900048],[159.95218378700076,61.0712552010005],[159.9695227200001,61.07928464700052],[159.97632408900063,61.096036025000444],[160.00014050000016,61.10611751200048],[159.99141087800058,61.124142366000456],[159.97486626600028,61.1395913390005],[159.98214032800013,61.15218694100048],[159.9729382110006,61.167890639000575],[159.9633881130003,61.18185998200045],[159.95206310700064,61.19210676900053],[159.92737267500002,61.20380410400071],[159.9181981520004,61.21363801600063],[159.93544803700047,61.221137292000606],[159.95623273300032,61.22724702600061],[159.94329263100008,61.24377388900069],[159.9077254570003,61.25942617400051],[159.88473145900025,61.25688368000067],[159.85549742700027,61.25757233200045],[159.82273114500026,61.23251980700047],[159.80351229800056,61.24100308700059],[159.77561830500053,61.24220566100058],[159.78867781200006,61.25340873900063],[159.78971736400047,61.26571929000056],[159.82761646000063,61.278785557000504],[159.81852211400007,61.28917825000053],[159.84357314500062,61.29220986200056],[159.87290751600062,61.292124612000634],[159.9086319010006,61.293519678000564],[159.91215991100057,61.28631311300052],[159.9231866510006,61.279954140000655],[159.96365685300032,61.272809356000664],[159.99638284900038,61.284324292000576],[160.0039926220004,61.292227843000546],[159.94374790900008,61.2978544140006],[159.91016686300077,61.31391022300062],[159.9323073230005,61.327744731000564],[159.97247211500053,61.33890865600051],[159.9735077510004,61.357089149000444],[159.96522502700066,61.378036254000506],[159.999244405,61.38241432600057],[160.03564987700065,61.38021356100063],[160.05254318300058,61.37887610500047],[160.04941710700052,61.387833406000595],[160.0509201930006,61.39541031600044],[160.06857879300037,61.40403267900058],[160.0844459040004,61.40979284900055],[160.10685275700064,61.42996252300054],[160.10610629900077,61.44470298700054],[160.08805743800008,61.45315794800064],[160.0715057490006,61.45036568100062],[160.05149985100059,61.44890419200061],[160.0335148620004,61.45146611400048],[160.03498934900028,61.45904615200061],[160.05434704200047,61.46348231500053],[160.06683385700023,61.47057954500053],[160.08629762900023,61.47558854600044],[160.1012227060005,61.48256813300054],[160.11493626600065,61.48960161400066],[160.11323013000072,61.49967912000045],[160.12937760300042,61.501553174000435],[160.17109860800053,61.50580101300045],[160.2174764040002,61.511883895000494],[160.2291545620003,61.526698619000626],[160.24633505300028,61.53718741400064],[160.28513998700043,61.554107235000515],[160.26697132900074,61.56535777500062],[160.25122771800056,61.57519510200069],[160.249231022,61.585730371000636],[160.26307306700016,61.593597420000435],[160.28482073400005,61.60631138500071],[160.26842984700056,61.62011015200051],[160.2598315460001,61.62507038600057],[160.2885105640006,61.63092900100065],[160.31295129900047,61.64486084000043],[160.31879412900003,61.666769938000584],[160.30707502200062,61.68295728800058],[160.27203434300054,61.686522985000465],[160.2590551680006,61.690378211000564],[160.32753939300028,61.71462279500071],[160.37832056600064,61.746205564000434],[160.41395835100025,61.76478121500054],[160.3972844060006,61.777309851000496],[160.39928761100077,61.79353666600048],[160.38547790800055,61.80005552700061],[160.36817467500077,61.80076732000043],[160.36197776800054,61.81354353200044],[160.38882148200025,61.82274936200059],[160.40025470000057,61.831353521000494],[160.39552964300026,61.842013253000516],[160.3935325190006,61.85254480100059],[160.37631544800058,61.855962904000535],[160.37408838200054,61.8652042330005],[160.37133588100062,61.87186160200059],[160.38173366,61.87529458000057],[160.39128806100052,61.88137730900053],[160.38429972300014,61.887580816000536],[160.37424381900053,61.8991445070007],[160.36638431100062,61.90643952000056],[160.36329186300065,61.91168854400058],[160.35621178500014,61.91449616100044],[160.34595787900048,61.916693427000496],[160.34180748800054,61.937079169000754],[160.34571373800043,61.94472890800051],[160.32883813900025,61.941044695000585],[160.2951585800007,61.939930169000604],[160.26840671400032,61.9248174180006],[160.24080421300062,61.91887829000052],[160.2250817080003,61.90979820900054],[160.22350892100064,61.9020419590006],[160.2184598830005,61.897700387000555],[160.181624133,61.88041563300055],[160.13241351300007,61.87735834500057],[160.11093561100006,61.866583895000645],[160.0743727970006,61.85709383200049],[160.03901210200058,61.846246223000435],[160.00761016100012,61.813084377000564],[159.98477746600054,61.78801428900067],[159.98103926600015,61.7757985770005],[159.9667244040004,61.758827707000535],[159.94994338400056,61.75760146800059],[159.94796588900022,61.747262705000594],[159.92712442100026,61.73187564200049],[159.9058962950005,61.728882988000464],[159.8983305960004,61.718134105000445],[159.8807438300007,61.7052080250005],[159.84852502657793,61.7082540598588],[159.8429043150005,61.70878545400046],[159.81112800100016,61.715350954000655],[159.8055154980002,61.722102616000655],[159.79254461400046,61.711579888000585],[159.78764430700062,61.700062805000584],[159.7390672950006,61.70470559900048],[159.72620449900012,61.70198508800053],[159.72514954800056,61.71114818900048],[159.70772883000006,61.72099172500066],[159.70302431600055,61.70295626000063],[159.70798735800076,61.68515910300056],[159.68369464100056,61.68747438300045],[159.65265268300038,61.68289632000051],[159.62486677800007,61.6736403110005],[159.59440581,61.66444975500053],[159.57721252500062,61.65277107000048],[159.54094945800057,61.66466263400048],[159.51941521600043,61.674647961000574],[159.52103608200025,61.6837090490007],[159.51165642500052,61.70035418700053],[159.5126028160006,61.71333563800056],[159.53024559200037,61.719793399000594],[159.53985240100064,61.73503032900044],[159.5352628660006,61.75539244300052],[159.52927386200008,61.76800040600057],[159.53651098300077,61.78528391900056],[159.5469559400001,61.80503790700055],[159.56558576900045,61.816648017000546],[159.55013343693145,61.81959579389195],[159.54826959100058,61.819951352000544],[159.53025063900077,61.819376814000634],[159.52451895000047,61.81049709800044],[159.52532004746013,61.80305353424467],[159.526066593,61.796116851000534],[159.513213074595,61.79498221900133],[159.48548479800002,61.79253453200067],[159.4863739580004,61.782084863000705],[159.48289843455484,61.77477245897478],[159.47756870300066,61.76355885300052],[159.4713224784996,61.76705515493734],[159.45253480200006,61.77757149000058],[159.42759249000028,61.78441499500059],[159.39921499500065,61.79529353800069],[159.38060527800064,61.81489673400051],[159.35606834300063,61.81650585700049],[159.35090995600058,61.82646938300047],[159.3635731050001,61.82792962000059],[159.3922266180001,61.833965324000474],[159.40248974800056,61.85308508200063],[159.3940180960002,61.87554579600044],[159.3598738940002,61.89301178600067],[159.28789948100052,61.901159296000515],[159.21228868400033,61.911854848000644],[159.11779567700057,61.916660088000526],[159.06519616000003,61.91600169500049],[159.01791425900024,61.91535065300059],[159.0002547540006,61.90643952000056],[158.98585045700008,61.90151601800051],[158.92074629000058,61.90302155200055],[158.89486738400058,61.894354559000476],[158.86491946700062,61.87840403900054],[158.8449813160006,61.858710028000644],[158.8530379570002,61.826320705000455],[158.8371688160006,61.8211123720007],[158.79786217500055,61.8211123720007],[158.75402892300053,61.82101889400059],[158.73608489700052,61.83257124300053],[158.67427862000034,61.83401042800068],[158.60521643200047,61.83181586300054],[158.5484916210006,61.83041851800067],[158.54456979300073,61.82212281200049],[158.52059921300008,61.79827537200049],[158.48498832100051,61.78969764700054],[158.4636383790006,61.804029625000624],[158.43615020000004,61.81400440200059],[158.402914602,61.822219441000584],[158.3237410820002,61.82746002800047],[158.26022674100034,61.82593385800067],[158.2307772230006,61.81185621600048],[158.22902435700075,61.79899907200053],[158.16911868600062,61.76732005400055],[158.14005056800045,61.77118606200054],[158.12009497600025,61.755548587000476],[158.08016358100042,61.73399954400054],[158.06343686600076,61.74228584600064],[158.04874649800058,61.74531533800047],[158.04061210700058,61.73581479300054],[158.01880944100026,61.73419830900053],[157.9890088110003,61.73991696800056],[157.94995631500046,61.74558793400047],[157.94086666500039,61.760134066000546],[157.87975181500065,61.765772795000544],[157.79365729200026,61.781176558000595],[157.6876595240002,61.780160855000474],[157.53734149300078,61.79194583600048],[157.4645088710007,61.78210542400052],[157.3932951600001,61.74583040800064],[157.35654043000056,61.71475294300046],[157.36711148400036,61.69699337200052],[157.36464373800038,61.685393521000606],[157.34343355800013,61.68067676400051],[157.304012736,61.69598937400076],[157.25660501200002,61.6931349150006],[157.18377312800078,61.67379606000054],[157.1018267540005,61.6635365410005],[157.06284870900026,61.65662248700056],[157.0275985040006,61.650580145000504],[157.0087822430006,61.637365476000525],[156.99931177700057,61.61286347900068],[156.96359974600045,61.584364967000454],[156.92383327500033,61.55181318400054],[156.84786194500043,61.52668181700045],[156.7978546090003,61.515998515000604],[156.74754986700043,61.526651870000535],[156.7223182430006,61.52709980100059],[156.67946294500007,61.52401706800049],[156.67042344900017,61.51602696100065],[156.69329293700048,61.51205830800046],[156.67115058100046,61.49822382700074],[156.66167499000062,61.48283559600054],[156.65967858200065,61.4648298200006],[156.6489363940001,61.442857164000486],[156.64210045700008,61.432684637000534],[156.63168379000035,61.42389557500053],[156.62379370600024,61.370591382000555],[156.64619443600077,61.34814202000064],[156.64854300300067,61.32798487600064],[156.63627454000004,61.31003800200057],[156.63168379000035,61.29352448100053],[156.61987699100018,61.27532768300057],[156.62873796700023,61.26867077000054],[156.63185067400013,61.25758205800054],[156.65145060700002,61.2507065610007],[156.65059558700068,61.22412596200047],[156.66291811400026,61.21089165900048],[156.65497125800061,61.19676019900044],[156.63568410000005,61.19131018700068],[156.6253133930004,61.19605730000046],[156.62360208800055,61.20714427300055],[156.5997609710006,61.21214053100044],[156.5782049310003,61.2125421500005],[156.54688838400068,61.20922558600057],[156.51906937000012,61.19870515900044],[156.4553879770002,61.1777835120007],[156.3738967550005,61.148768450000546],[156.26433559900045,61.081146229000694],[156.09117289000028,61.00156668200043],[156.0452019890006,60.97303276400066],[156.02992242300058,60.94472706500068],[156.00763103900033,60.949571733000596],[155.98182049200057,60.92402293000043],[155.96367176100023,60.93338411700057],[155.94305971300025,60.92262906500048],[155.9726209810002,60.90467730400047],[155.9405995590007,60.88045797200061],[155.92964927700018,60.87476995500066],[155.9167790700003,60.859377976000474],[155.91989745500075,60.84700793200051],[155.92294603100004,60.83268521100052],[155.91397701800065,60.81593794000054],[155.90537919000076,60.80632225500062],[155.90338983800063,60.79596152100049],[155.91074440700015,60.78611522200049],[155.90991787200016,60.773136487000556],[155.92073903200048,60.75479449600056],[155.9158770570001,60.74057498500076],[155.91362065400028,60.70358311700056],[155.87584572900062,60.71644882800058],[155.86852964400032,60.72759168800059],[155.8298445970006,60.72898997600049],[155.81812584700015,60.72321198100053],[155.79623457100058,60.70392487200047],[155.77881920700042,60.69448476800045],[155.7248240370002,60.65510037600052],[155.6801246480004,60.657983253000566],[155.66512324900066,60.64973049300056],[155.6318052600003,60.64239665600064],[155.60842379600058,60.630914471000494],[155.57096201100012,60.62554866300047],[155.55527674400048,60.6137625230005],[155.5406524160005,60.592148897000584],[155.5281162920004,60.592953171000545],[155.5079858730004,60.59056224200049],[155.4920731900005,60.58198156000054],[155.48690667000005,60.576258778000465],[155.47891414700064,60.56328229900066],[155.47472385500066,60.55537701300062],[155.4812370810007,60.54940964800062],[155.48009487400054,60.54093289300067],[155.47977303300047,60.53392386000064],[155.4730159740003,60.533999489000735],[155.454091555,60.531970088000435],[155.44898522200026,60.52236562700057],[155.4414168630003,60.51996491100056],[155.43151060700063,60.515222067000536],[155.41025696000042,60.527966920000665],[155.398348349,60.52957165900051],[155.3750964870003,60.52944471400053],[155.3402805640004,60.52458236100051],[155.3000362250001,60.51061899000058],[155.27531261600063,60.49096586600058],[155.2405988530005,60.484277926000516],[155.18435382500047,60.43737055600059],[155.13759274000017,60.411409895000475],[155.03130691300078,60.38215560900056],[154.95240319100037,60.36741771000055],[154.88093811900046,60.32052184800045],[154.85948428300003,60.30693891100043],[154.832506942,60.29029351200046],[154.81369086800066,60.27165801100051],[154.81751182200026,60.28453449800054],[154.8244533050006,60.293554719000554],[154.83325790100014,60.30317278000064],[154.82099498600053,60.30023217100063],[154.80423451900072,60.2888534060005],[154.79957544700017,60.27407237100044],[154.79360697100026,60.25537018000051],[154.7828882170005,60.24909088700065],[154.77523847700002,60.238348700000586],[154.76107832100035,60.22817617400074],[154.6921199620001,60.20131416100065],[154.6208602220005,60.13519928600067],[154.53565514400066,60.05280182500064],[154.50972934800052,60.024955546000456],[154.49040774800073,59.97239817900049],[154.4894586040001,59.96040268300061],[154.48758987500003,59.94630657200071],[154.480532617,59.95517579600056],[154.47915692000004,59.97330741800067],[154.49897538500034,60.028848483000615],[154.52672318400016,60.05923348900063],[154.56369836200008,60.09370475900067],[154.5480050130003,60.09745817100054],[154.5115714710006,60.094304205000526],[154.47338205100016,60.08454470900057],[154.43359680100025,60.076429162000636],[154.40783527300061,60.062927667000565],[154.40668978900044,60.03617303800064],[154.43681519500035,60.0072396540005],[154.45871587900047,59.983681509000576],[154.46671460200014,59.96758726600058],[154.46178379700018,59.945065692000526],[154.47843502100045,59.92345565500068],[154.478851759,59.906805731000475],[154.4878035820003,59.89630768400059],[154.47348066500058,59.87933991100061],[154.45196878600007,59.87811802300058],[154.39779707100024,59.84796784100064],[154.40308678500048,59.861721096000565],[154.41138756600003,59.873602606000645],[154.4326278000001,59.89630768400059],[154.395843946,59.90204498900056],[154.28071987600015,59.89168275500043],[154.24715702300057,59.885234671000546],[154.22077029800062,59.86962018700052],[154.22845237600006,59.84977354600056],[154.22326622100047,59.82956457100045],[154.2217493210003,59.81189975500047],[154.2154648670006,59.78395505600048],[154.22445722700058,59.75812409100047],[154.22877037900025,59.73037344000056],[154.25132002900023,59.699134739000556],[154.28871324800036,59.66256362000058],[154.36117597700013,59.5847028670006],[154.36825131600006,59.57468627000054],[154.34589660000006,59.583691744000475],[154.32352266400005,59.60124382400062],[154.28580926900042,59.62362655700059],[154.27615924800045,59.650074275000634],[154.24180380900032,59.665740554000536],[154.2200736100001,59.66397628000061],[154.19857832100024,59.63568756700056],[154.19581139400054,59.62693919500043],[154.19499759200028,59.603989976000605],[154.1923934250001,59.59467194200056],[154.19660103200033,59.58316679600057],[154.17683240800034,59.56981993000045],[154.15862162700046,59.56134515100047],[154.16146029200058,59.552537239000515],[154.14928694800028,59.53641953900046],[154.1094631530002,59.539747258000546],[154.09106139600067,59.530569449000666],[154.07504316500058,59.50918203300046],[154.1027951130004,59.48748530200055],[154.12373591700066,59.473608460000605],[154.13843834700026,59.45697663000044],[154.26378237000029,59.436877676000506],[154.2978772040001,59.442553293000515],[154.32077623400028,59.4570220450006],[154.34187477200044,59.4744906250005],[154.3538811880005,59.489884454000446],[154.347015821,59.49998607000049],[154.34693444100003,59.50844961100046],[154.3484806650007,59.51683177300049],[154.3569442070002,59.5258242860005],[154.3742781910007,59.5324160830005],[154.4023105250003,59.53501503500058],[154.41032905500072,59.5207561630005],[154.40990677700051,59.50650832900061],[154.3982039720006,59.48944733300061],[154.3859969410006,59.47943756700056],[154.37989342500055,59.4700381530007],[154.39096113400058,59.46002838700065],[154.40545704800013,59.44980393800046],[154.4196883470006,59.43976471600064],[154.41920006600037,59.43317291900064],[154.42685037300055,59.420881577000614],[154.4638653630002,59.41414853800052],[154.5158564050006,59.4103863790005],[154.5367793000006,59.42284058800044],[154.5327092900003,59.436044031000506],[154.49545332100024,59.44822825700055],[154.452484571,59.46759674700047],[154.4360457690002,59.484198309000476],[154.43725070400023,59.5084513780007],[154.42652428500003,59.5348574890005],[154.41830488400046,59.54629140800057],[154.42876225700036,59.54703399300047],[154.45730487600076,59.53957231400062],[154.49605826300046,59.52481663900056],[154.55412392800076,59.51339871600055],[154.57023686012053,59.51741231735781],[154.59243236700058,59.52294103900044],[154.62989187800065,59.53825736600055],[154.64428707000047,59.54343440000059],[154.73745352500077,59.490263567000454],[154.7829535120003,59.471286242000474],[154.81203625,59.4701741250006],[154.8418074880002,59.475490627000454],[154.86202674900017,59.46860325800054],[154.87759583700006,59.460809652000535],[154.90496440300058,59.46694893600062],[154.91872536700077,59.47430067800053],[154.92302910200056,59.48678282500043],[154.93680323500007,59.49413169100063],[154.95299708500022,59.49626409300049],[154.96290123800054,59.49607982000043],[154.97868899800073,59.49066803600044],[155.00084405600057,59.48040838600048],[155.01494452200018,59.47641341500059],[155.01180924044536,59.45208740234449],[155.01171765700053,59.451376825000466],[155.02335309900002,59.43665715900062],[155.04753665500027,59.42560455900059],[155.07211347700002,59.40843333500055],[155.09734134200062,59.3954531920005],[155.16675866000037,59.3793399110005],[155.18873131600049,59.364691473000676],[155.20971321400032,59.34387954200059],[155.195574158,59.335835943000575],[155.19337181200046,59.329609906000485],[155.21868598200047,59.313791266000464],[155.2157580990006,59.305493069000704],[155.19774992700025,59.30998808900068],[155.17732195600024,59.30818746200043],[155.1576251260003,59.29635834100054],[155.16048529400018,59.280443918000515],[155.1713973320003,59.26227448100059],[155.19717565900044,59.237229321000484],[155.18452434803146,59.2289403139622],[155.17902170100047,59.225335037000605],[155.14960807600028,59.22156873900059],[155.15544644800036,59.213932921000435],[155.16557406600032,59.202342722000594],[155.19410241000026,59.175767320000546],[155.15845787900003,59.17902252800059],[155.09147563600004,59.19053548400069],[155.05567272800067,59.19165253700044],[155.03426724600024,59.18219201800065],[155.02860471700023,59.17344969000044],[154.98181521000015,59.18693401800056],[154.95170350887258,59.19058349753482],[154.93639312700066,59.192439086000604],[154.9050399100006,59.1893985050005],[154.8573541450006,59.188830277000704],[154.81330107800056,59.19417212600047],[154.7992386000002,59.18545233700047],[154.79303201200003,59.17531899000056],[154.78514094800028,59.15606246200065],[154.79529074256243,59.14380506770925],[154.80487908400005,59.13222571200049],[154.79069792200016,59.131347484000514],[154.75269998990336,59.13943582784833],[154.75053668900057,59.13989631400068],[154.67751600400004,59.145639144000484],[154.663016331,59.156177355000466],[154.6414575460003,59.16233189100063],[154.61952200000007,59.17137600900071],[154.60084384400068,59.182241958000475],[154.58290776400008,59.18665563900072],[154.57345538000004,59.20027846100061],[154.50156535700023,59.21788744600053],[154.438020693,59.215520509000555],[154.3965258100003,59.19557161700055],[154.3658504440001,59.19534001000045],[154.33272309500057,59.19175311500044],[154.34262746700063,59.17951861200061],[154.34506269600024,59.15570709800056],[154.3501082690001,59.14223867400051],[154.35771027400017,59.11058745000071],[154.3408218750002,59.11843307100054],[154.3280023620007,59.113115870000684],[154.30797482600076,59.09415875100058],[154.27894267500028,59.08592838800058],[154.2487568090006,59.091321076000554],[154.1923934250001,59.10126373900067],[154.16429655200068,59.09067886900044],[154.08529707100035,59.06134674700053],[154.04867597700024,59.05280182500047],[154.02637780000066,59.0543887390005],[154.00928795700042,59.05853913000044],[153.97331790500027,59.073309637000705],[153.95655358200008,59.07758209800045],[153.92156009200016,59.082098700000586],[153.90503991000037,59.08698151200065],[153.87842858200077,59.10472239800055],[153.82984459700072,59.15277741100056],[153.80201256600049,59.17230866100044],[153.76832116000048,59.17963288000061],[153.69197477200055,59.18506106000052],[153.69413988400072,59.197290118000524],[153.70387696,59.20429446400044],[153.7216417850002,59.217656548000605],[153.75090457200076,59.218531769000435],[153.7669761770004,59.2312476150006],[153.7685565530005,59.24658337900064],[153.71865152000032,59.2279442090005],[153.6966335740002,59.22574015800046],[153.66939208200006,59.19607115100047],[153.64802394900016,59.19077105700052],[153.60360874300034,59.199723005000465],[153.58122393700023,59.21624862600066],[153.54672792400027,59.22287388600063],[153.49524235900003,59.233716390000495],[153.44420544400043,59.23095198200059],[153.40479576900043,59.23663971600047],[153.3691512380002,59.24127838700065],[153.36446305500078,59.22839760800059],[153.37094042800027,59.20933775600048],[153.3574171580001,59.173886454000524],[153.3483899750006,59.15362505100052],[153.31544030000066,59.15302155200061],[153.29997806100073,59.15249258000068],[153.28353925900012,59.14899323100059],[153.28423285700057,59.1313240500005],[153.3003212440001,59.12930868800055],[153.3263504380002,59.140531002000614],[153.35022026700005,59.13401983700055],[153.35568007100017,59.11647530100055],[153.34766074000038,59.104645569000525],[153.33727527500048,59.08988693900062],[153.26796991600065,59.085894412000584],[153.22078779800006,59.09029486100064],[153.1961199927904,59.08728922972557],[153.16585324300002,59.083601399000486],[153.09009992400013,59.08309410500061],[153.03436937100048,59.06784064400057],[153.00670778000074,59.06056500600056],[152.99511310700063,59.04668832500056],[152.98860733500067,59.02931048900069],[152.97086836100038,59.019746386000634],[152.94331567100062,59.0070205950006],[152.93924065100077,58.98246810800049],[152.93463613500012,58.96648866900057],[152.91602282900033,58.95388062800055],[152.9077247290004,58.945943596000575],[152.91060500800006,58.934841917000654],[152.90919403930297,58.924724335752785],[152.90910256300026,58.924068390000684],[152.91604967000023,58.91655474600054],[152.89991295700065,58.90363190300059],[152.88704796906097,58.91451859423512],[152.88565274800033,58.91569926700055],[152.85329786600062,58.92354752400058],[152.81678943000065,58.926275114000475],[152.77959093200047,58.92202631000066],[152.74055270900067,58.91786590800052],[152.7315024280001,58.90913226600048],[152.71299629200075,58.91675224400058],[152.70247403300039,58.92142516000047],[152.66481284400027,58.94042191700049],[152.6173086790003,58.94427434900052],[152.55673952600068,58.94998146100062],[152.52263091600037,58.982565824000744],[152.4706984060001,59.00336677500047],[152.43148847700002,59.008856512000534],[152.4047957690001,59.0234235700006],[152.4047957690001,59.046047268000564],[152.39193769600024,59.047512111000515],[152.3667098320002,59.05727773600057],[152.3632918630001,59.05971914300051],[152.3393660820003,59.055487372000584],[152.34034264400054,59.04897695500057],[152.35124759200016,59.04096100500044],[152.35645592500043,59.03237539300062],[152.34229576900032,59.019680080000626],[152.3166610040006,59.01585521000055],[152.2492327610006,58.998205339000606],[152.16612897400057,58.98406315300059],[152.1543825470004,58.958425315000625],[152.15665191700066,58.926502775000586],[152.11026224900047,58.89528632600047],[152.02029830500055,58.875036533000525],[151.91762562600036,58.8740382000006],[151.81188889700013,58.870507420000536],[151.7627129620006,58.85794082100057],[151.71728006000012,58.84895640500059],[151.63558816800003,58.84898001900058],[151.54960695600005,58.86387011600061],[151.50314478200005,58.86153760100058],[151.4528406530004,58.864754049000624],[151.40131813400023,58.84014301600047],[151.35366454200016,58.83256228600044],[151.3372769790003,58.838867429000686],[151.3516513110003,58.8458943490005],[151.3590931920006,58.85599278400059],[151.34671884600073,58.86864701400043],[151.30995513200037,58.897347194000645],[151.29723808600056,58.90872425800052],[151.2814233730005,58.92251211100046],[151.25846948700075,58.940210081000544],[151.23806751600023,58.96250597100072],[151.2296457400007,58.981449907000695],[151.23602798900015,58.9982674900005],[151.22129980315935,59.003460179843614],[151.18360436300054,59.01675039300045],[151.17156009200062,59.02558014500056],[151.15125459200078,59.04163249800047],[151.14409969800067,59.055208321000464],[151.13246774300057,59.071691570000496],[151.10340522600006,59.09055475900044],[151.08804985500046,59.10202038500057],[151.10206139400043,59.114325262000534],[151.11947675900058,59.11082591400054],[151.1528426440002,59.0964216170006],[151.18111336200013,59.09381098100056],[151.21652762200006,59.091682053000454],[151.25017952500025,59.104130764000445],[151.30149205800046,59.115516249000564],[151.34337433600058,59.11954816900061],[151.36205655300023,59.13285066700064],[151.40020730100025,59.15288397200055],[151.4377313440001,59.17031669300047],[151.49241174300062,59.16294124400048],[151.57049625100012,59.156700389000434],[151.61804889400048,59.161586284000634],[151.65748131600049,59.16144440300053],[151.7067977220005,59.14321523600046],[151.76604112100017,59.13362772700043],[151.7932040964148,59.14360434659011],[151.808786049,59.14932740200044],[151.83799763200034,59.152702611000564],[151.87671959700072,59.14842357000066],[151.92434201200035,59.137779294000666],[151.9524012730002,59.14649050600059],[151.99314906000006,59.15435212800071],[152.0506291400004,59.14786088500051],[152.10935712500054,59.155797824000445],[152.18017673000043,59.18805331600066],[152.22522859700052,59.20216855800061],[152.28278483300062,59.204836872000556],[152.3222381400003,59.20740928400062],[152.31182746900038,59.22664875800052],[152.2827186100002,59.23394361200047],[152.25123131600003,59.246771552000666],[152.20935283200004,59.27067209400059],[152.14747155000032,59.293036200000586],[152.13672936300065,59.29621002800047],[152.1213485040006,59.292181708000555],[152.1086537280006,59.282713770000555],[152.07132750800076,59.278602464000585],[152.0276226210002,59.26962789400051],[151.9790145190002,59.26508209800045],[151.96216881600003,59.26707591400043],[151.94089711100037,59.28461962200055],[151.91796880800007,59.296670779000465],[151.90135301200053,59.30301559400044],[151.82525257500015,59.2987363390007],[151.7793074880003,59.30141836100057],[151.76026451900032,59.29926178600056],[151.73429783500023,59.30726402300053],[151.72759262600073,59.32219621100057],[151.73422503900008,59.32834573800051],[151.74117093500013,59.33578986000043],[151.77027772300005,59.34966422600053],[151.74374169300063,59.36727099000052],[151.72693836200017,59.38288905700057],[151.70524045500076,59.38954176000061],[151.70526572500046,59.40010101600046],[151.70339443600017,59.4134285840006],[151.69477478800036,59.431120081000586],[151.66550899100025,59.45943976500058],[151.63757604400064,59.482479958000454],[151.58025280100003,59.5032548760006],[151.5337020190001,59.50617096600064],[151.51587975400037,59.50910065300047],[151.50932524400037,59.51307290700055],[151.49850983100043,59.52037312200048],[151.48979267500056,59.532068046000575],[151.49100859300052,59.54193596900052],[151.47461979600064,59.550955937000595],[151.44206374100054,59.5595479480005],[151.42940816800058,59.56456032400064],[151.43079663900062,59.570347516000595],[151.46057857100027,59.56939232500048],[151.45091113,59.57714479500049],[151.4246273740007,59.59771645100068],[151.39605662200063,59.60416294200053],[151.37097967700026,59.60099250700051],[151.3559946370002,59.58667014100047],[151.34690703400065,59.56786552900064],[151.32370556851743,59.55666365921047],[151.32209981000062,59.555888385000685],[151.27663258400025,59.559231703000535],[151.2255965500001,59.57298411700049],[151.18873131600003,59.57660553600056],[151.13211257300043,59.578099445000646],[151.0630685650001,59.579334474000575],[151.0450793236222,59.576119668761294],[151.00947097150106,59.5697562032571],[151.00642335200052,59.56921157200054],[150.93710600600025,59.55586842700063],[150.90674250100017,59.559351568000636],[150.894866976,59.546484131000454],[150.90438019900012,59.531866351000474],[150.9383565860005,59.51879510100059],[150.91570071700028,59.493963934000476],[150.91016686300054,59.49103424700064],[150.92009524800017,59.491156317000616],[150.929047071,59.48883698100059],[150.9371850920004,59.484198309000476],[150.94434655000077,59.47744375200068],[150.94183317000022,59.461225048000586],[150.9258397020003,59.44764209300058],[150.8769599630001,59.449101256000574],[150.84314295400065,59.44837707700043],[150.77991193500043,59.43226300200058],[150.7401203930001,59.43977251800072],[150.752980502,59.450866250000445],[150.77439646000062,59.46541307000058],[150.76562180500014,59.48432138100071],[150.73947032000058,59.48314003100046],[150.7050487710003,59.49163846900058],[150.69770047634495,59.492374532006636],[150.67451994900057,59.49469647600051],[150.6185659880001,59.48868041800051],[150.5355619880006,59.478969066000616],[150.5059710709553,59.48798620314443],[150.50374051400024,59.48866591300043],[150.50745672066478,59.489587110359025],[150.58117170200023,59.50786005700053],[150.64802654600078,59.517376062000494],[150.70844783400025,59.52057217100071],[150.75703025917255,59.53318555846249],[150.7715596770007,59.536957811000605],[150.7723127067352,59.54369785670633],[150.77434801000015,59.561914982000644],[150.7157718600006,59.55600724500056],[150.65981408200025,59.5483977850007],[150.60130305700022,59.54096048300045],[150.57119705400032,59.54664182100055],[150.55936299937537,59.548884736070704],[150.51636803500048,59.55703359600051],[150.51875980100067,59.57224007300056],[150.48878014400054,59.572577216000695],[150.4682723320003,59.58087799700047],[150.46502861300007,59.58972809600061],[150.45680641,59.61258969100044],[150.41114342500043,59.62230052300066],[150.34107506600026,59.631984768000564],[150.30600019600047,59.646185614000444],[150.27442467500055,59.65033600500061],[150.16773522200072,59.65277741100061],[150.09457441500012,59.67153554900051],[150.00449000900028,59.700363329000595],[149.75821479300032,59.74066206400062],[149.59772495600066,59.75820492800051],[149.43800639700078,59.736450464000484],[149.3938094410007,59.75580475500061],[149.3801375660006,59.75381094000056],[149.3725692070002,59.758286851000435],[149.3752547540007,59.77220286700043],[149.3503524100006,59.76691315300059],[149.32683353000027,59.75861237200047],[149.37859303700054,59.72465426200057],[149.34428925900056,59.715855260000524],[149.1923773210002,59.66488155500059],[149.13290698200046,59.64073613500068],[149.08122806100005,59.653225002000454],[149.05876712300005,59.65167877800059],[149.0407007170004,59.64288971600064],[149.03321373800065,59.6248233090007],[149.0422469410006,59.61448802300049],[149.0894817340004,59.60969559800071],[149.10401877500033,59.59234117000045],[149.0922957690001,59.569159247000584],[149.0881453790006,59.56439850500067],[149.08106530000043,59.559963283000684],[149.1188257170005,59.544012762000705],[149.16374759200005,59.53799062700057],[149.2013452480005,59.52488841400054],[149.21697024800073,59.48798248900056],[149.2120874360005,59.46914297100051],[149.1992293630003,59.46775950700044],[149.16293379000012,59.4848086610005],[149.13721764400054,59.49184804900068],[149.11459394600047,59.493353583000555],[149.08024884600047,59.48346763700056],[149.0545946060006,59.47714065100058],[149.0181389940003,59.46115063200051],[148.97803795700065,59.453517971000565],[148.96843509200005,59.45221588700048],[148.96461022200003,59.458482164000486],[148.96143639400043,59.466538804000436],[148.95386803500048,59.47060781500056],[148.91830488400024,59.46381256700056],[148.90902754,59.46312083500055],[148.89226321700016,59.46678294500066],[148.8691512380002,59.474920966000695],[148.84888756600037,59.48663971600058],[148.84017988400012,59.50128815300047],[148.844574415,59.520168361000515],[148.85580488400046,59.5311953800005],[148.88795006600026,59.54629140800057],[148.8714494944728,59.54881765853554],[148.8459578790007,59.5527204450006],[148.81519616000037,59.53449127800053],[148.7858179050006,59.51007721600058],[148.77277327700062,59.49441591200059],[148.7669177089307,59.48985869031969],[148.74342886400007,59.471577992000675],[148.72704204800027,59.45033230100057],[148.72362382500035,59.433959368000444],[148.72024541700023,59.42086373900054],[148.7230685150006,59.38809410900046],[148.7357052070006,59.36839086800046],[148.78725389300052,59.35876524900061],[148.81400858700079,59.36353530000048],[148.8379189970002,59.38472520700043],[148.86540774800062,59.40485260600053],[148.87501061300077,59.39887116100061],[148.87322024800017,59.38719310100049],[148.86133873800065,59.35390859600068],[148.88168379000012,59.356431382000494],[148.8942163420004,59.36920807500064],[148.9040633470005,59.38483307500047],[148.91586347700002,59.3954531920005],[148.9331160820002,59.396673895000674],[148.95264733200054,59.39130280200044],[148.98990567800035,59.37537672100052],[148.9924916290006,59.356102299000554],[148.9337442260005,59.317273315000534],[148.93033277400014,59.29677990500062],[148.964190142,59.273270079000554],[148.95451397400018,59.25009427800046],[148.94360446422252,59.24091474160417],[148.93452246900074,59.233272922000594],[148.8880104651828,59.252075195312784],[148.88570502100004,59.25300716100048],[148.84156334700072,59.27655670800061],[148.79903493600034,59.27131065000049],[148.79290537305042,59.252075195313466],[148.78793720700048,59.236484372000575],[148.739021579,59.23703164300048],[148.73789223165102,59.23934656241465],[148.72803794000026,59.259545743000615],[148.685716071,59.26568369700061],[148.5897801700005,59.24158433300056],[148.47087636600054,59.25650954500054],[148.4374658970005,59.26231739700057],[148.4402933370004,59.28270815400066],[148.4149314440001,59.30439780400059],[148.41140981000012,59.31926959500055],[148.41914549100034,59.33358578100058],[148.40202884200073,59.35390859600068],[148.39372806100005,59.37929922100051],[148.3688113890006,59.38268851300046],[148.33611262600004,59.39702338400053],[148.27696093208192,59.403029246200276],[148.21943647300054,59.408869890000574],[148.00943681300043,59.38570057800058],[147.91384837700002,59.39047060500059],[147.84546254100053,59.37661532700048],[147.78874759200005,59.34393952000062],[147.83434362300034,59.31649198500054],[147.84656919700024,59.296919360000516],[147.82550079300017,59.26960461100049],[147.77515709700072,59.264634507000665],[147.73853600400025,59.262396552000496],[147.7028914720005,59.26911041900064],[147.67514082100058,59.28558991100044],[147.6826278000002,59.293036200000586],[147.65609785200058,59.30194733300061],[147.6233016290006,59.30638255400049],[147.59107506600037,59.30414459800045],[147.56527754000058,59.293036200000586],[147.55250084700003,59.27407461100046],[147.55209394600047,59.25861237200053],[147.54599906600004,59.237546822000525],[147.5175887380002,59.244614976000605],[147.49203535200047,59.246771552000666],[147.43767337300062,59.26089101800045],[147.4157820970006,59.27130768400059],[147.38697350400048,59.29511139500062],[147.3745223320002,59.30296458500061],[147.36068769600047,59.3075625670005],[147.3330184250002,59.31000397300056],[147.31959069100003,59.3129336610005],[147.28744550900058,59.327093817000616],[147.27149498800077,59.33209870000053],[147.2506616550006,59.334051825000756],[147.23064212300028,59.33177317900055],[147.1989388720002,59.312919087000694],[147.16911868600005,59.31976959800062],[147.13184655000043,59.32721588700059],[147.05583743600062,59.36298248900067],[147.03063674800057,59.36320828900051],[146.97920186200054,59.37046302300058],[146.88656660200013,59.36473216400043],[146.86052493600062,59.36131419500066],[146.71957441500035,59.381903387000534],[146.70264733200054,59.388617255000554],[146.6972762380003,59.39435455900065],[146.6948348320002,59.40680573100053],[146.68921959700037,59.41225820500051],[146.6934770140001,59.423615849000555],[146.63721764400032,59.44041575700055],[146.61890709700026,59.44574616100056],[146.56373131600014,59.45237864800049],[146.52507571700062,59.46198151200048],[146.5039168630001,59.46312083500055],[146.4396415740007,59.46040865500049],[146.3589613510003,59.429939880000575],[146.31914097900005,59.40169361100055],[146.3190210300006,59.36473216400043],[146.32496178500037,59.31940338700059],[146.32374108200008,59.298773505000554],[146.3121850920005,59.27875397300056],[146.32667076900066,59.270982164000486],[146.33326256600026,59.25934479400058],[146.3310653000001,59.24721914300051],[146.3190210300006,59.23786041900064],[146.3422957690001,59.23143138200044],[146.3631079060001,59.21281146400048],[146.3395588330003,59.20600923300066],[146.32295718200066,59.17995188600054],[146.2811679960007,59.19411187100053],[146.24121168000033,59.19648207400064],[146.20461938400058,59.204620279000665],[146.15772881600003,59.19241602000068],[146.14658911913375,59.180725097657046],[146.1357876790005,59.16938917000056],[146.09913170700042,59.174383856000475],[146.0502919990006,59.13887271900063],[145.97619866300067,59.1433164350006],[145.9747999940006,59.162437233000446],[145.98990599200044,59.172418183000445],[145.9769339130147,59.18072509765648],[145.96338951900054,59.1893985050005],[145.9321395190002,59.21320221600064],[145.91529381600037,59.22113678600044],[145.85767662900014,59.22785065300059],[145.84229576900054,59.23309967700072],[145.82496178500003,59.24127838700065],[145.82419910000067,59.259341515000585],[145.8339978640007,59.27530689200057],[145.84390913400046,59.292736028000604],[145.86520786700066,59.30847787900058],[145.88662951300012,59.32568132200055],[145.91095243000052,59.342822934000594],[145.94649591800066,59.35532138400049],[145.95401871900003,59.378673522000554],[145.97579700600056,59.3987487760005],[145.95700552900007,59.41672280700044],[145.88942810100048,59.4019668520005],[145.8474227220005,59.40835195500057],[145.8181258470006,59.41596100500044],[145.81401125000036,59.397565273000566],[145.8088975700001,59.36682825900073],[145.76910219600018,59.37491328900052],[145.73609459700026,59.3954531920005],[145.69263756600049,59.4116885440007],[145.67530358200077,59.423488674000566],[145.67465254,59.43642812700068],[145.65162194100049,59.42194245000053],[145.62256920700065,59.42080312700051],[145.59229576900066,59.423081773000604],[145.54135175900024,59.413234768000734],[145.44874108200008,59.40851471600064],[145.35368899800017,59.392726955000626],[145.32455488400012,59.3954531920005],[145.3141382170004,59.40078359600045],[145.30388431100062,59.40875885600059],[145.2287180870003,59.40797620600051],[145.1349316760003,59.39004517400048],[145.00075857700028,59.36958296600051],[144.7629500660007,59.38117096600058],[144.77637780000055,59.383693752000624],[144.7876082690001,59.384914455000455],[144.79786217500066,59.38637929900051],[144.80445397200026,59.3954531920005],[144.61329186300065,59.3954531920005],[144.62973066500058,59.38393789300045],[144.65154056100016,59.37929922100051],[144.69459069100037,59.37494538000061],[144.45484459700072,59.37494538000061],[144.3657332690002,59.38117096600058],[144.40162194100037,59.38239166900058],[144.42383873800043,59.38239166900058],[144.4482528000002,59.38117096600058],[144.44117272200015,59.39134349200043],[144.41968834700003,59.39785390800051],[144.3796492850007,59.4022891300005],[144.3572697270007,59.40082428600044],[144.29737389400066,59.388617255000554],[144.28109785200002,59.38764069200067],[144.13003873900004,59.39985883200052],[143.93800957300027,59.405078496000556],[143.90391134100037,59.42270954200063],[143.84050514000057,59.402476239000464],[143.58228366100002,59.33886449000045],[143.49361686600014,59.31851801800059],[143.40798013800065,59.32432181600046],[143.3594498660001,59.3403680960007],[143.3108710940004,59.360741166000594],[143.22795115600047,59.362273440000536],[143.2043563160006,59.383734442000616],[143.1648055350006,59.38100820500051],[143.13917076900043,59.36131419500066],[143.14576256600014,59.360052802000496],[143.15967858200065,59.35390859600068],[142.89226321700073,59.30206940300059],[142.58179804100018,59.226101948000576],[142.2623804050006,59.12457916900047],[142.14429772200037,59.05687083500055],[142.08399498800043,59.03237539300062],[142.05583743600062,59.021714585000495],[142.0153100920005,58.997259833000555],[141.94678795700065,58.943019924000566],[141.7819116550006,58.764715887000534],[141.67310631600014,58.68292877800059],[141.58373388900077,58.61774897800058],[141.39242597700002,58.54328034100058],[141.2485092070001,58.476891899000634],[141.18563293900047,58.45635649400049],[141.13635102400065,58.46443766400051],[141.10542480200013,58.459215052000616],[140.98731530000066,58.418524481000645],[140.95492597700024,58.39907461100057],[140.9375106130001,58.391302802000496],[140.91895592500055,58.388128973000676],[140.90430748800043,58.38275788000044],[140.7400008470006,58.27130768400065],[140.6998804050006,58.233832098000505],[140.66675866000014,58.19110748900067],[140.6228133470005,58.111273505000554],[140.51872806100062,57.93252187700057],[140.51050866000037,57.90912506700056],[140.49949417400012,57.86757902400052],[140.49572797400026,57.84477360200043],[140.45857274700063,57.83178691700056],[140.4283930010006,57.82064639200058],[140.40003916800015,57.80033187000055],[140.3457764920006,57.78683602500064],[140.31147076200057,57.75103780000046],[140.30244593200064,57.74778842100045],[140.2802840500001,57.76260000200057],[140.26099694100014,57.76430898600057],[140.22331790500016,57.76023997600049],[140.2075754560003,57.747662343000684],[140.16715249700076,57.74816389500046],[140.1160820300006,57.739978467000526],[140.0715438160006,57.72557200700044],[140.0527449880003,57.72044505400055],[140.03484134200062,57.713080145000504],[140.00464928500026,57.6962344420005],[139.98154032400055,57.68773787200058],[139.93486959000018,57.65329794500059],[139.87743500900012,57.59411356100071],[139.86373408420934,57.57528761903677],[139.81430011600014,57.50736220300058],[139.7896778010006,57.482731369000646],[139.73630138739134,57.488946984945756],[139.71208743600062,57.491766669000526],[139.67367597700058,57.481390692000446],[139.62057154000001,57.467344273000435],[139.5630678970001,57.43005573600044],[139.54161832900058,57.38106330500068],[139.5222023620006,57.3596369490005],[139.49789472700058,57.33954498900056],[139.4728478860004,57.334421489000476],[139.44678795700008,57.3207461610005],[139.41845893200048,57.297193759000436],[139.40497151900058,57.3060259960007],[139.38002279700038,57.3081619780005],[139.34245853000039,57.29132721600064],[139.31706801800055,57.27760841600059],[139.30085612500068,57.27900548100047],[139.26848768600019,57.27716250700058],[139.1965438160007,57.272650458000555],[139.16228274800062,57.256252346000565],[139.11381114700066,57.23438501800047],[139.068733392,57.20702058500052],[139.03716857500046,57.16684586200046],[139.02942751400008,57.14603970400043],[139.0256240700005,57.14000319000047],[139.00469054900032,57.14882383800057],[138.989896831,57.15425542300051],[138.96003530100063,57.144948581000506],[138.93295722600033,57.135024933000636],[138.93024088200002,57.117568479000454],[138.92158283500032,57.107564792000574],[138.93154608100065,57.09564866600056],[138.92247585200005,57.05811634000054],[138.90247253800044,57.031213439000624],[138.88511040300034,57.019112791000566],[138.85913586900006,57.013162208000495],[138.82332901900008,57.02142492500053],[138.80605694700068,57.03161416100056],[138.78885252200064,57.0234413440005],[138.7960021680001,57.01352880900055],[138.7873054360001,57.00615653400047],[138.76016697900025,57.00483352800046],[138.71807182400028,56.98002866700074],[138.69715510900005,56.98407086900056],[138.66161502700004,56.977942647000475],[138.6230574880002,56.95929596600047],[138.6056284190006,56.94522447300068],[138.58595577300002,56.921675734000644],[138.57757150800023,56.88114052100059],[138.56152027100006,56.82654751800055],[138.57110428400017,56.8110749880006],[138.58173635200058,56.784509175000665],[138.56361006700058,56.77750924700058],[138.54336315500018,56.79385892000056],[138.54603687000053,56.81896261300051],[138.5498349360006,56.85951753600057],[138.51775728300038,56.84932154000052],[138.4849074450002,56.849539583000535],[138.45444848200066,56.8393366960006],[138.46660924700063,56.81660738800059],[138.44320722700013,56.7924665390006],[138.4387313160006,56.78253815300047],[138.4332788420004,56.77448151200065],[138.41822350400003,56.76788971600058],[138.4113875660006,56.759711005000554],[138.40609785200047,56.74945709800045],[138.40398196700062,56.7401797550005],[138.39600670700065,56.73126862200047],[138.37561792100064,56.72048213800076],[138.3524488520003,56.7157589170007],[138.32809668900074,56.711709050000536],[138.29020500300066,56.692130547000545],[138.2878524100006,56.67499420800067],[138.27963300900035,56.66657135600059],[138.26187451900023,56.654305214000544],[138.25918447800052,56.642777872000465],[138.2678328650003,56.626625907000516],[138.26051050500052,56.61582066900053],[138.25310652400015,56.623885284000664],[138.23098952300018,56.62448711100063],[138.21632512300062,56.609607118000554],[138.18561315000022,56.608820170000456],[138.1484481130003,56.60358307500047],[138.1296492850007,56.585638739000444],[138.12086022200003,56.56956614800049],[138.11784915500039,56.55532461100046],[138.12077884200005,56.54083893400053],[138.1148383030005,56.528104329000485],[138.12512578300027,56.50693344700045],[138.1453454350002,56.49287938900045],[138.16006399000014,56.47876826300046],[138.17469793400062,56.47175750600064],[138.2084959950006,56.46892913700066],[138.2340286540001,56.47052315600047],[138.24588150300053,56.46953963800047],[138.25218327247842,56.467690402015705],[138.2577732170006,56.4660500490005],[138.25375452559422,56.460886115017104],[138.2494433500001,56.45534634500052],[138.2284990440006,56.443673245000525],[138.22347709900032,56.42416025300054],[138.1915574650002,56.42910989100045],[138.1630813010005,56.45113569000057],[138.14862326900015,56.4410572860005],[138.1048995040005,56.440915376000476],[138.06942815400032,56.437754732000485],[138.0602319670005,56.426174221000565],[138.0588485040006,56.41449616100044],[138.0550236340007,56.40448639500073],[138.0536825920003,56.387850831000435],[138.0230178070001,56.38171024400049],[137.97744057400064,56.37240914300071],[137.93675402600059,56.366196226000454],[137.9140670120005,56.35952565000065],[137.9015354280001,56.34282471700055],[137.88934918000007,56.324693735000665],[137.87065701700033,56.29281231700048],[137.85377037900014,56.26878489800049],[137.83442839400027,56.22547623100047],[137.79167042300026,56.221026452000444],[137.7762869830001,56.21127334900052],[137.76164019600049,56.194275508000544],[137.7541438250006,56.17677598000057],[137.73585045700065,56.16791413000044],[137.72309635800036,56.15894868100054],[137.72037751400046,56.147343011000544],[137.72359734000042,56.13632394700045],[137.69802908600036,56.12620236500072],[137.6179709770007,56.118413782000516],[137.5719507170005,56.11652252800053],[137.5002547540006,56.06281159100047],[137.48878014400066,56.05805084800062],[137.47201582100035,56.054348049000566],[137.45940828400046,56.050303581000605],[137.44366089300047,56.04851152400056],[137.42599296600065,56.03114633100057],[137.41683783900032,56.00450801100061],[137.41482159070915,55.994226507775295],[137.41347648500073,55.987367378000556],[137.41682345700065,55.973007024000594],[137.40705256000035,55.96904365900048],[137.40021314200067,55.96565224700055],[137.39751410600002,55.95509740400058],[137.39083077000055,55.94560743800071],[137.3679078310006,55.952025909000554],[137.35725391988558,55.958795004097624],[137.35495452700025,55.96025595200069],[137.33107513200048,55.96890483000061],[137.29563402600047,55.96132245700056],[137.25431036900056,55.93276622100058],[137.23753284000043,55.91560875400069],[137.20332981100046,55.899635551000586],[137.1829334940004,55.89363446900052],[137.15568258300073,55.88755038600067],[137.1353041421438,55.875423054003704],[137.1148912990002,55.86327524900054],[137.04669996900054,55.81909016100059],[137.05690681400074,55.799707129000694],[137.0497965560005,55.793115742000566],[137.03002558400067,55.7875501810006],[137.00557552300074,55.79494446800055],[136.97942587000045,55.79225539900051],[136.9562280610005,55.787787177000496],[136.90992017900066,55.7712667140006],[136.88782904800053,55.744936618000565],[136.85132897200003,55.73090241100044],[136.83545983200065,55.72284577000045],[136.8248804050005,55.71369049700064],[136.80062910200024,55.68187083500061],[136.77328535200036,55.66054922100051],[136.74781334700026,55.657700914000486],[136.72242580576744,55.65849729187329],[136.7149207440001,55.65873271700053],[136.6709641530001,55.64639806900044],[136.6230716400006,55.616036797000675],[136.60233979800023,55.61750504800057],[136.5798065690002,55.62342948100053],[136.5655146930003,55.62319869800058],[136.55478932000017,55.61494450000043],[136.55218975400055,55.6032286800006],[136.54633280200062,55.59325485800048],[136.52947690800022,55.58040343400046],[136.48805396200044,55.58330774600063],[136.462847184,55.579290921000506],[136.4301606000007,55.56524642800065],[136.417906162,55.556044807000546],[136.3794871100007,55.532911969000565],[136.35061025900018,55.509935945000564],[136.31902103000039,55.48655833500061],[136.3120223320003,55.45954010600053],[136.30767085500042,55.424624315000585],[136.2687078010007,55.414940160000526],[136.23618404200067,55.37384044100048],[136.2332577665095,55.370406441092086],[136.2197791000001,55.354589154000564],[136.19046180200053,55.34325925300061],[136.18354075183493,55.34318087878148],[136.1780598630005,55.34311881300056],[136.17717188401525,55.338632576646944],[136.1753482380003,55.32941917500051],[136.1616265840006,55.31828399000051],[136.1435728192596,55.31463793548318],[136.14258873800065,55.31443919500043],[136.12663821700005,55.30825429900045],[136.1183318150005,55.2997070880005],[136.08787623300043,55.28548120100055],[136.0543637860004,55.268840960000546],[136.01881853600014,55.25653355800057],[135.98107865100064,55.24481068500063],[135.9540789110007,55.22998530900054],[135.93041271700054,55.213335061000464],[135.91742637400012,55.20590970400059],[135.91410568600043,55.19675083800075],[135.86894250500018,55.17388561600052],[135.84207362500058,55.172638753000456],[135.81084978100012,55.171362063000515],[135.75544075700066,55.13948486900057],[135.70634835100032,55.11541310500047],[135.67046871400055,55.12130586900065],[135.59235871500016,55.1014101420007],[135.53425505000052,55.08656485500063],[135.46906384600004,55.056664459000444],[135.45542427600037,55.028826883000704],[135.44853456092778,55.02620396059291],[135.40486960361238,55.009580661404016],[135.39144055700024,55.004468208000446],[135.33921838600054,54.980713363000575],[135.3333957850365,54.976605752991645],[135.2849547420136,54.94243255197961],[135.26513985100064,54.92845394600056],[135.21957145100043,54.89412084100047],[135.20394818500006,54.86928897600052],[135.18372424600057,54.85915536300058],[135.17335045700065,54.821275132000665],[135.2651473320002,54.72166575700044],[135.25538170700042,54.72068919500043],[135.2497664720006,54.7177188170005],[135.2378035820003,54.707993882000494],[135.24415123800043,54.70123932500053],[135.2685653000002,54.71108633000057],[135.29249108200008,54.71564362200053],[135.3408309250001,54.71482982000049],[135.65414472700036,54.6659610050005],[135.6696883470006,54.6608747420006],[135.68018639400066,54.6496035830005],[135.6882430350007,54.61416250200057],[135.698578321,54.59902578300057],[135.7119246750002,54.586249091000525],[135.72510826900077,54.5777041690007],[135.7501733730005,54.570949611000515],[135.88070722700058,54.5851504580005],[135.97999108200008,54.58079661700043],[136.12924238400058,54.61225006700056],[136.20671634200062,54.62067291900058],[136.2492781910006,54.62042877800053],[136.26254316500035,54.61554596600047],[136.2765405610005,54.60748932500064],[136.2911889980005,54.607123114000444],[136.3205672540006,54.61180247600055],[136.53492272200015,54.5955264340007],[136.5672306650007,54.602728583000555],[136.5983992850006,54.62270742400062],[136.6384383470006,54.66811758000051],[136.66244550900058,54.68524811400056],[136.67709394600058,54.67389557500064],[136.6744897800005,54.658351955000455],[136.6648055350007,54.64777252800059],[136.65894616000014,54.63743724200043],[136.6670028000001,54.62270742400062],[136.68140709700015,54.61469147300056],[136.7008569670005,54.61188385600053],[136.72022545700042,54.61444733300044],[136.735199415,54.62270742400062],[136.74830162900025,54.63544342700055],[136.76124108200008,54.644924221000565],[136.7755639980005,54.6508242860005],[136.79379316500058,54.65277741100056],[136.8107202480004,54.65159739800055],[136.8234969410006,54.64752838700059],[136.82667076900066,54.639349677000666],[136.81446373800077,54.62612539300051],[136.82846113400012,54.614325262000534],[136.8444116550005,54.60407135600053],[136.86255944100049,54.59613678600056],[136.88331139400066,54.59137604400064],[136.87224368600062,54.578070380000554],[136.8386336600006,54.55158112200047],[136.8381453790006,54.53400299700047],[136.81470787900037,54.524481512000534],[136.80746504000035,54.51626211100057],[136.81088300900046,54.50800202000056],[136.84164472700058,54.488267320000546],[136.82056725400014,54.485256252000454],[136.8180444670004,54.47345612200053],[136.82273625024663,54.464974821944],[136.8265080090007,54.458156643000564],[136.8386336600006,54.444240627000624],[136.84083092500077,54.43231842700055],[136.82691491000026,54.42511627800053],[136.80665123800043,54.424017645000504],[136.77540123800054,54.43748607000049],[136.75863691500035,54.43695709800062],[136.7448836600006,54.42894114800066],[136.73861738400046,54.41380442900066],[136.74366295700065,54.401190497000584],[136.7540796230004,54.39166901200048],[136.7600203790006,54.38108958500061],[136.75228925900024,54.36542389500045],[136.77230879000047,54.348537502000454],[136.803070509,54.33266836100046],[136.82064863400012,54.31610748900067],[136.80062910200024,54.29718659100047],[136.78760826900043,54.29718659100047],[136.76986738400035,54.299709377000454],[136.7552189460007,54.29743073100059],[136.75228925900024,54.283514716000525],[136.76205488400046,54.27265045800044],[136.80014082100058,54.256781317000616],[136.81446373800077,54.248724677000666],[136.8000594410006,54.23883698100053],[136.77955162900014,54.22817617400051],[136.7634383470006,54.216498114000444],[136.76286868600027,54.20404694200067],[136.77686608200042,54.19245026200059],[136.79281660200058,54.18357982000043],[136.80648847700002,54.17377350500044],[136.81446373800077,54.15932851800045],[136.80534915500016,54.134833075000586],[136.78353925900058,54.10614655200072],[136.76880944100003,54.080226955000455],[136.78028405000043,54.06378815300047],[136.720062696,54.032782294000526],[136.68913821700062,54.01227448100059],[136.68734785200058,53.992377020000504],[136.6920679050006,53.980169989000444],[136.6845809250002,53.968207098000505],[136.66358483200008,53.94708893400059],[136.6591903000001,53.93504466400054],[136.6591903000001,53.92617422100068],[136.66232900244142,53.91032455446202],[136.67554772200037,53.84357330900059],[136.67709394600058,53.8207461610005],[136.68474368600062,53.80849844000062],[136.70248457100058,53.80036041900064],[136.73861738400046,53.790025132000494],[136.76433353000016,53.77529531500045],[136.77515709700015,53.77309804900051],[136.79379316500058,53.77635325700055],[136.8083602220006,53.781073309000476],[136.82178795700042,53.78839752800047],[136.83171634200016,53.79905833500055],[136.83545983200065,53.813910223000505],[136.84205162900025,53.82876211100063],[136.85726972700058,53.83437734600045],[136.874359571,53.83657461100046],[136.89869225400025,53.8469912780007],[136.9577742850007,53.85765208500055],[136.96631920700065,53.85683828300057],[136.99187259200028,53.8515078800005],[137.01254316500058,53.852118231000475],[137.01978600400014,53.8515078800005],[137.04957116000014,53.838527736000515],[137.0778914720006,53.82005442900049],[137.10792076900032,53.80792877800059],[137.14275149800062,53.813910223000505],[137.1666772800005,53.83022695500068],[137.18572024800005,53.851060289000486],[137.22486931130857,53.92580243041215],[137.23365319100014,53.9425723330005],[137.2377492534539,53.94828015974173],[137.24740644600058,53.961737372000584],[137.2631942070002,53.97842031500045],[137.27995853000004,54.02277252800047],[137.28345787900048,54.02985260600059],[137.2883406910006,54.03261953300046],[137.29086347700002,54.03571198100053],[137.28736412900003,54.04389069200056],[137.28093509200062,54.0485293640005],[137.2716577480005,54.050238348000505],[137.25375410200047,54.05011627800053],[137.1881616550006,54.038804429000436],[137.1569930350006,54.044012762000705],[137.14389082100058,54.0742862000007],[137.1381942070003,54.083441473000505],[137.10377486738355,54.11133426426852],[137.06137129000058,54.1456973330005],[137.0905867850006,54.154282945000546],[137.12282828270122,54.17411690020708],[137.1775008470006,54.20774974200043],[137.2067977220006,54.21702708500061],[137.2341414720005,54.220282294000526],[137.26050866000048,54.22744375200051],[137.28736412900003,54.248724677000666],[137.27995853000004,54.25556061400056],[137.30014082100024,54.27191803600061],[137.32520592500066,54.27903880400055],[137.35181725400037,54.28318919500066],[137.3767195970005,54.29026927300043],[137.3859969410006,54.29718659100047],[137.3899031910007,54.303534247000584],[137.3947860040006,54.3082949890005],[137.4191186860004,54.311346747000584],[137.43921959700026,54.31639232000049],[137.4514266290006,54.31761302300055],[137.47754967500055,54.31488678600044],[137.54672285200047,54.29718659100047],[137.61160287843677,54.29718659100047],[137.64332116000014,54.29718659100047],[137.66342207100035,54.30524323100059],[137.6867781910006,54.32074616100061],[137.71168053500003,54.33047109600062],[137.73585045700065,54.32099030200044],[137.7400008470006,54.3065860050005],[137.7262475920005,54.29547760600053],[137.6845809250001,54.27659739800049],[137.58871504000035,54.206122137000534],[137.58082116000037,54.18732330900065],[137.55079186300065,54.172919012000705],[137.52564537900025,54.15639883000051],[137.50424238400012,54.13654205900059],[137.50009283996485,54.131176269598484],[137.48536217500055,54.11212799700047],[137.48438561300065,54.102036851000435],[137.48731530000032,54.09162018400053],[137.4838973320003,54.08466217700061],[137.4648543630003,54.08486562700057],[137.45020592500066,54.0890567080005],[137.4470320970006,54.095038153000644],[137.44947350400037,54.10431549700047],[137.4511824880002,54.11835358300061],[137.45337975400037,54.12034739800049],[137.4577742850006,54.12116120000047],[137.46070397200037,54.124172268000564],[137.45801842500066,54.13263580900053],[137.45362389400032,54.13837311400067],[137.44857832100047,54.14175039300045],[137.43685957100058,54.1456973330005],[137.42237389400043,54.14801666900058],[137.4051212900007,54.146673895000504],[137.33692467500032,54.13251373900056],[137.32007897200015,54.126654364000444],[137.30787194100026,54.11835358300061],[137.30396569100026,54.109035549000566],[137.30420983200065,54.0985781920005],[137.30274498800077,54.08787669500066],[137.29363040500016,54.07746002800059],[137.30518639400054,54.06732819200056],[137.31088300900035,54.05768463700065],[137.32007897200015,54.04946523600046],[137.34197024800062,54.04389069200056],[137.39909915500016,54.045396226000435],[137.41773522200015,54.04389069200056],[137.43816165500039,54.03701406500045],[137.54623457100047,53.97207265800057],[137.57113691500058,53.96548086100063],[137.58119471178054,53.96062100129501],[137.59050540500016,53.95612213700059],[137.6020613940001,53.95384349200043],[137.60922285200013,53.956000067000616],[137.6274520190002,53.965399481000645],[137.63624108200008,53.96759674700053],[137.65691165500027,53.965399481000645],[137.69654381600003,53.956000067000616],[137.73666425900058,53.9508731140005],[137.75391686300065,53.94562409100058],[137.77133222700047,53.943548895000504],[137.8105574880003,53.95661041900064],[137.86280358200077,53.96759674700053],[137.83871504000012,53.950140692000446],[137.79916425900035,53.91327545800061],[137.7739363940002,53.899318752000454],[137.6789656910006,53.87783437700051],[137.65040123800065,53.86513906500045],[137.64503014400032,53.85944245000047],[137.6435653000001,53.853338934000476],[137.6428328790006,53.84715403900043],[137.6396590500001,53.84125397300056],[137.633148634,53.83795807500053],[137.6169539720006,53.83641185100049],[137.60914147200015,53.83441803600044],[137.59693444100026,53.82416413000044],[137.59498131600049,53.81313711100046],[137.59571373800077,53.80239492400062],[137.59180748800043,53.79315827000056],[137.57064863400058,53.777492580000626],[137.56592858200065,53.77094147300045],[137.5610457690001,53.75527578300046],[137.56128991000048,53.745021877000454],[137.56229942627124,53.74212974865367],[137.56430097700013,53.73639557500064],[137.5639754570002,53.72687409100064],[137.55420983200042,53.71430084800062],[137.53980553500037,53.70913320500051],[137.51905358200065,53.70526764500045],[137.5002547540006,53.69818756700067],[137.4921981130002,53.683579820000546],[137.48796634200028,53.67055898600057],[137.4772241550006,53.665838934000476],[137.38070722700047,53.66840241100056],[137.34538821700062,53.664740302000496],[137.3147078790007,53.65281810100055],[137.30298912900037,53.64207591400054],[137.29086347700002,53.62824127800053],[137.27767988400058,53.61640045800067],[137.2631942070002,53.611273505000554],[137.2490340500001,53.61066315300053],[137.23194420700065,53.60765208500044],[137.21762129000024,53.600572007000665],[137.21168053500048,53.5877139340007],[137.22820071700073,53.56679922100068],[137.2659611340007,53.54901764500056],[137.33513431100016,53.52936432500053],[137.37045332100035,53.52753327000045],[137.43799889400066,53.54002513200055],[137.678070509,53.550116278000644],[137.91822350400048,53.58661530200061],[138.0472111340007,53.65045807500053],[138.15007571700016,53.672756252000454],[138.16822350400025,53.680365302000666],[138.21900475400003,53.71116771000055],[138.2705184250001,53.7304141300005],[138.28419030000066,53.73851146000061],[138.29818769600035,53.756170966000525],[138.33887780000043,53.86961497600049],[138.34929446700062,53.88898346600058],[138.35207251606516,53.89231712474839],[138.36638431100073,53.909491278000644],[138.3956811860004,53.92841217700061],[138.46810957100058,53.949896552000496],[138.55892988400024,53.989569403000644],[138.57211347700047,53.998928127000454],[138.5786238940001,53.99933502800047],[138.58375084700037,53.990545966000525],[138.58472741000026,53.97724030200061],[138.56495201900077,53.94208405200055],[138.56812584700003,53.92202383000057],[138.5888778000002,53.87938060100055],[138.58590682671672,53.86243254892628],[138.57992597700036,53.82831452000045],[138.5366317070002,53.786078192000446],[138.37875410200058,53.68414948100053],[138.3532820970005,53.660101630000554],[138.34253991000048,53.6354841170006],[138.3459578790006,53.618312893000564],[138.34986412900048,53.611273505000554],[138.34506269600058,53.607123114000615],[138.27393639400054,53.583889065000506],[138.25993899800005,53.577134507000494],[138.2461043630003,53.5663516300005],[138.24293053500026,53.558294989000615],[138.24683678500026,53.53278229400047],[138.2407332690001,53.52289459800056],[138.21656334700026,53.50043366100061],[138.21558678500037,53.49176666900047],[138.22608483200008,53.49225495000064],[138.26734459700003,53.522528387000534],[138.28443444100026,53.52484772300056],[138.40577233200054,53.51056549700047],[138.43921959700015,53.513657945000546],[138.47315514400054,53.525946356000645],[138.50212649800062,53.543524481000475],[138.52784264400032,53.56415436400056],[138.55030358200065,53.58690013200055],[138.6557723320003,53.7317569030007],[138.69678795700065,53.81867096600047],[138.69857832100013,53.83673737200053],[138.68824303500003,53.85455963700048],[138.68246504000024,53.87543366100044],[138.69564863400046,53.89777252800059],[138.7329207690001,53.9340274110005],[138.76059004000035,53.97524648600063],[138.77182050900035,54.0155703800005],[138.77214603000073,54.057806708000555],[138.76710045700054,54.10468170800067],[138.72967738961393,54.091089996800804],[138.67579186300065,54.07151927300049],[138.66472415500016,54.07746002800059],[138.67546634200062,54.09780508000051],[138.7131453790006,54.13735586100046],[138.72107261691133,54.15153039337656],[138.72543379000047,54.15932851800045],[138.7280379570002,54.166815497000584],[138.73210696700016,54.17438385600059],[138.7329207690001,54.18048737200053],[138.7317000660006,54.18622467700055],[138.72608483200042,54.19464752800047],[138.72543379000047,54.20034414300045],[138.72950280000043,54.20962148600063],[138.74350019600013,54.231268622000584],[138.7465926440002,54.242499091000525],[138.7343856130003,54.26634349200066],[138.70900578730175,54.27938590195981],[138.70508873800065,54.28139883000057],[138.64356530000066,54.29718659100047],[138.70036868600073,54.314601955000626],[138.70624125845836,54.315538529163746],[138.71924889400032,54.31761302300055],[138.7385360040007,54.3159854190007],[138.93441816500024,54.253078518000564],[139.09009850400048,54.22357819200056],[139.16187584700037,54.204738674000566],[139.30225670700065,54.19061920800044],[139.37183678500003,54.195868231000475],[139.62327311020817,54.26052649911577],[139.6447860040006,54.26605866100044],[139.70337975400037,54.295965887000534],[139.7317000660006,54.30414459800056],[139.7675887380003,54.303941148000604],[139.79704837300062,54.29743073100059],[139.80355879000047,54.28681061400056],[139.79908287900014,54.2685000670005],[139.7949324880002,54.23883698100053],[139.80103600400037,54.226304429000436],[139.81592858200077,54.21515534100064],[139.8751733730005,54.188869533000684],[139.88363691500035,54.18732330900065],[139.89112389400032,54.189520575000586],[139.90821373800054,54.19891998900056],[139.9184676440002,54.20034414300045],[139.9084578790006,54.188869533000684],[139.92042076900043,54.17568594000045],[140.00171959700015,54.122992255000554],[140.01775149800005,54.11835358300061],[140.05307050900058,54.1142031920005],[140.24057050900035,54.056952216000525],[140.24480228000027,54.04437897300056],[140.23926842500043,54.03424713700048],[140.2307235040006,54.02431875200051],[140.2263289720006,54.01227448100059],[140.235687696,54.00128815300053],[140.25733483200054,53.98908112200047],[140.28150475400037,53.97907135600059],[140.2983504570002,53.97500234600068],[140.32081139400066,53.97406647300045],[140.3308211600006,53.97028229400058],[140.3307397800006,53.961737372000584],[140.32252037900003,53.94708893400059],[140.30241946700062,53.930487372000584],[140.27279707100047,53.91144440300053],[140.2519637380003,53.89057038000044],[140.25733483200054,53.86855703300046],[140.35670006600037,53.790025132000494],[140.37354576900054,53.782782294000754],[140.416351759,53.77187734600068],[140.51091556100062,53.73379140800051],[140.52173912900048,53.727036851000605],[140.52857506600003,53.72113678600044],[140.5344344410006,53.71198151200059],[140.53492272200015,53.7084821640006],[140.5338647800006,53.70620351800051],[140.53663170700042,53.69131094000056],[140.53695722700036,53.681952216000695],[140.53980553500048,53.67169830900059],[140.5490828790006,53.6596540390006],[140.55340046937135,53.656921386719034],[140.58122806100005,53.63930898600057],[140.6511336600006,53.61981842700044],[140.71314537900003,53.58161041900047],[140.75095539727658,53.57080404646945],[141.02621504000024,53.49213288000044],[141.0832625660006,53.48216380400055],[141.09782962300062,53.47475820500074],[141.04737389400077,53.4784610050005],[140.99439537900048,53.49518463700048],[140.97429446700016,53.49412669500066],[140.94971764400077,53.48895905200061],[140.9337671230005,53.4765078800005],[140.9394637380003,53.45359935100049],[140.9274194670004,53.4445254580005],[140.93091881600049,53.43634674700064],[140.9431258470006,53.43260325700055],[140.9562280610005,53.43683502800047],[140.97250410200036,53.448431708000555],[140.98454837300028,53.451849677000496],[140.9953719410007,53.448431708000555],[141.0078231130002,53.43992747600055],[141.0183211600007,53.42885976800051],[141.0257267590007,53.418036200000586],[141.03541100400048,53.40973541900064],[141.08952884200062,53.403265692000446],[141.12435957100058,53.39276764500056],[141.1176863940001,53.375230210000495],[141.1384383470006,53.36204661700049],[141.1687117850006,53.35126373900056],[141.18995201900043,53.341009833000555],[141.20899498800077,53.325628973000505],[141.22925866000026,53.315985419000526],[141.2512313160006,53.31098053600056],[141.37769616000003,53.30963776200048],[141.40748131600003,53.303778387000534],[141.41187584700037,53.29364655200061],[141.40430748800077,53.277980861000685],[141.39812259200062,53.255601304000606],[141.37378991000003,53.24030182500064],[141.3610945970006,53.23004791900058],[141.35775800900058,53.220892645000504],[141.3684188160006,53.213527736000515],[141.38461347700047,53.21556224200049],[141.4011336600007,53.22215403900043],[141.4117944670004,53.2283389340007],[141.42400149800028,53.21784088700065],[141.41968834700072,53.20652903900066],[141.41244550900035,53.19497304900051],[141.41553795700042,53.183294989000444],[141.42400149800028,53.17487213700059],[141.4293725920005,53.167303778000644],[141.4321395190002,53.15916575700044],[141.43295332100013,53.14887116100061],[141.42644290500004,53.14451732000049],[141.38502037900048,53.132066148000604],[141.37549889400066,53.123439846000565],[141.34978274800017,53.09113190300053],[141.36353600400037,53.086859442000446],[141.3686629570002,53.07998281500056],[141.36443118600062,53.073391018000564],[141.34978274800017,53.070013739000615],[141.3331811860004,53.07273997600049],[141.29883873800043,53.0871035830005],[141.2819930350006,53.09113190300053],[141.25367272200003,53.0878360050005],[141.23113040500004,53.07648346600047],[141.21013431100027,53.06232330900059],[141.18637129,53.05019765800051],[141.18637129,53.04266998900056],[141.20362389400054,53.03742096600047],[141.22250410200013,53.03554922100045],[141.26156660200036,53.03587474200043],[141.25180097700058,53.023993231000475],[141.21949303500048,53.00210195500057],[141.18881269600013,52.98749420800061],[141.1704207690001,52.98346588700065],[141.1513778000001,52.983384507000665],[141.1318465500002,52.98749420800061],[140.99830162900003,53.04364655200044],[140.9841414720006,53.05329010600059],[140.9665633470006,53.06195709800062],[140.94068444100014,53.06948476800045],[140.92081301321707,53.07267335713101],[140.89478600400025,53.076849677000666],[140.8869735040007,53.08340078300057],[140.87126712300062,53.11196523600046],[140.86068769600058,53.118475653000644],[140.7770288420004,53.127834377000454],[140.7299910820002,53.12693919500049],[140.70671634200028,53.111029364000444],[140.77344811300065,53.08991120000053],[140.819429084199,53.068586691440714],[140.82960045700042,53.06386953300046],[140.86036217500032,53.04515208500061],[140.8762313160006,53.03847890800046],[140.93344160200013,53.031561591000525],[140.94581139400043,53.02334219000056],[140.94695071700028,53.001166083000555],[140.9394637380003,52.994940497000584],[140.94556725400048,52.98468659100058],[140.95492597700024,52.96360911700049],[140.96607506600026,52.94464752800053],[140.96989993600027,52.94090403900054],[140.97461998800054,52.93781159100047],[140.9841414720006,52.93008047100045],[140.9938257170005,52.92584870000053],[141.00668379000035,52.92511627800047],[141.03199303500003,52.92666250200068],[141.04493248800065,52.9242617860005],[141.05241946700028,52.918605861000685],[141.05730228000016,52.911566473000676],[141.0709741550006,52.89667389500056],[141.0756942070002,52.88979726800062],[141.08253014400066,52.88397858300067],[141.09782962300062,52.87824127800053],[141.14869225400003,52.87201569200056],[141.1579695970006,52.86920807500053],[141.1772567070002,52.85561758000057],[141.18637129,52.85089752800047],[141.19776451900066,52.84882233300061],[141.26059004000058,52.85224030200055],[141.25928795700065,52.84662506700056],[141.21208743600005,52.7975934920006],[141.20101972700002,52.77741120000047],[141.21013431100027,52.76837799700047],[141.2287703790007,52.763251044000526],[141.25074303500037,52.750799872000584],[141.27027428500026,52.735256252000624],[141.2819930350006,52.721258856000475],[141.28907311300065,52.70111725500044],[141.29200280000032,52.68475983300061],[141.29851321700005,52.67112864800066],[141.31625410200013,52.65912506700056],[141.30616295700054,52.64948151200048],[141.3000594410006,52.6414248720007],[141.2895613940002,52.617580471000565],[141.28598066500058,52.60394928600061],[141.28419030000077,52.591131903000644],[141.28060957100035,52.578762111000515],[141.2721460300005,52.56663646000061],[141.23511803500003,52.52631256700067],[141.21338951900032,52.50787995000064],[141.13526451900066,52.470526434000476],[141.1176863940001,52.44896067900055],[141.1281844410006,52.42291901200048],[141.16716556100005,52.36489492400051],[141.18637129,52.350653387000534],[141.23471113400046,52.335638739000615],[141.25831139400032,52.32371653900054],[141.26840254000047,52.3065860050005],[141.27898196700062,52.29344310100055],[141.34978274800017,52.26813385600053],[141.36085045700065,52.25165436400056],[141.36622155000043,52.24681224200066],[141.39087975400025,52.23110586100057],[141.4021102220006,52.2255313170005],[141.41431725400014,52.221747137000534],[141.46599368600062,52.21360911700043],[141.48072350400025,52.21283600500044],[141.52076256600037,52.219875393000564],[141.52914472700058,52.22036367400074],[141.53239993600073,52.22093333500055],[141.54004967500032,52.220770575000586],[141.5446883470006,52.2177188170005],[141.53565514400077,52.20465729400058],[141.53614342500032,52.19944896000044],[141.53980553500037,52.195257880000554],[141.5459090500001,52.193589585000495],[141.54297936300043,52.188299872000584],[141.54688561300043,52.17690664300051],[141.5527449880002,52.165920315000676],[141.55583743600027,52.162298895000504],[141.55062910200047,52.14984772300056],[141.53882897200003,52.154242255000554],[141.51482181100062,52.171942450000586],[141.50082441500012,52.17381419500043],[141.49366295700008,52.17230866100061],[141.4738875660006,52.158880927000496],[141.4025985040006,52.14020416900064],[141.3913680350006,52.12783437700051],[141.37859134200073,52.11798737200064],[141.35499108200054,52.10590241100056],[141.34278405000055,52.09381745000047],[141.3640242850006,52.083726304000606],[141.3261824880003,52.054022528000644],[141.30892988400058,52.03709544500066],[141.30258222700002,52.02167389500045],[141.31364993600005,52.00409577000045],[141.3359481130001,51.99396393400059],[141.36117597700058,51.98655833500055],[141.38135826900043,51.97699616100061],[141.41781660200013,51.95473867400062],[141.42953535200047,51.9419619810007],[141.4255477220006,51.9254824890005],[141.40772545700042,51.91730377800053],[141.35474694100049,51.90908437700068],[141.34351647200003,51.90192291900058],[141.3317977220005,51.89044830900059],[141.28012129,51.88031647300056],[141.25879967500066,51.85748932500047],[141.2002059250001,51.82367584800056],[141.19044030000066,51.80560944200056],[141.17896569100037,51.76821523600063],[141.16911868600062,51.75104401200059],[141.1339624360004,51.72113678600067],[141.12232506600003,51.705023505000554],[141.1318465500002,51.69269440300059],[141.10922285200058,51.67877838700059],[140.98796634200073,51.659247137000534],[140.9464720041068,51.635998103984264],[140.9326278000002,51.62824127800059],[140.91529381600049,51.62384674700053],[140.9056095710007,51.615423895000674],[140.9055281910007,51.596380927000496],[140.91211998800043,51.562974351000435],[140.90550669829292,51.52056412790756],[140.90137780000032,51.494086005000554],[140.89551842500055,51.491929429000436],[140.89307701900043,51.48729075700055],[140.8913680350006,51.48261139500062],[140.8879500660006,51.48041413000044],[140.88069589417762,51.480517760974976],[140.85377037900025,51.48090241100061],[140.84449303500003,51.482896226000435],[140.83472741000026,51.48371002800047],[140.82276451900032,51.48041413000044],[140.803070509,51.467108466000695],[140.8000594410007,51.45416901200048],[140.80494225400025,51.43976471600064],[140.80844160200024,51.422105210000495],[140.81885826900032,51.41673411700066],[140.84249134641607,51.41803352983857],[140.8425399100006,51.41803620000047],[140.87810306100005,51.432684637000534],[140.89600670700054,51.42877838700048],[140.89389082100035,51.416489976000435],[140.8840438160006,51.401068427000496],[140.87810306100005,51.3876406920005],[140.87378991000048,51.37177155200072],[140.86280358200008,51.35927969000045],[140.84717858200054,51.34983958500055],[140.82960045700042,51.343247789000486],[140.80843322065493,51.34284861070563],[140.7497664720005,51.34174225500044],[140.70573978000039,51.334784247000584],[140.68628991000048,51.312811591000525],[140.69304446700062,51.281805731000645],[140.7026473320003,51.26727936400056],[140.70972741000037,51.25934479400058],[140.71355228000039,51.26137929900062],[140.7038680350006,51.24530670800044],[140.6671655610005,51.23607005400055],[140.6589461600006,51.22382233300067],[140.66179446700028,51.21849192900055],[140.67497806100005,51.20770905200055],[140.67945397200037,51.19928620000064],[140.68002363400035,51.18976471600047],[140.66635175900058,51.14142487200064],[140.66732832100047,51.13141510600059],[140.69304446700062,51.109930731000475],[140.70435631600014,51.09235260600059],[140.70818118600062,51.07355377800059],[140.70671634200028,51.03168366100056],[140.7011824880001,51.02187734600051],[140.6740828790006,51.01471588700048],[140.66521243600062,51.00812409100058],[140.66456139400077,50.997503973000676],[140.67595462300062,50.97650788000061],[140.67945397200037,50.96653880400055],[140.6735945970006,50.94830963700048],[140.65674889400077,50.93781159100047],[140.63314863400012,50.93292877800053],[140.60743248800054,50.93178945500068],[140.59986412900048,50.92845286700066],[140.5422469410006,50.877142645000504],[140.52979576900032,50.862372137000534],[140.53028405000066,50.85569896000061],[140.54761803500003,50.83563873900056],[140.54786217500066,50.826157945000546],[140.54460696700062,50.81663646000061],[140.5422469410006,50.80512116100061],[140.5344344410006,50.789129950000756],[140.4958602220006,50.761297919000526],[140.48072350400037,50.74738190300053],[140.47592207100047,50.73700592700072],[140.47689863400035,50.731512762000534],[140.4773055350006,50.726263739000615],[140.4699813160006,50.71670156500045],[140.46583092500032,50.70954010600059],[140.4633895190002,50.69896067900055],[140.4660750660007,50.68952057500053],[140.47706139400032,50.685288804000606],[140.48536217500066,50.67617422100045],[140.5149031910007,50.61709219000062],[140.49577884200062,50.61676666900058],[140.48389733200042,50.60716380400049],[140.46656334700026,50.5755069030007],[140.44288170700077,50.54437897300056],[140.44214928500048,50.53009674700047],[140.45630944100014,50.51064687700057],[140.50635826900043,50.46067942900049],[140.5149031910007,50.44574616100056],[140.51563561300065,50.43455638200044],[140.5123804050006,50.42698802300049],[140.51107832100058,50.41937897300045],[140.52263431100027,50.39911530200044],[140.5271102220006,50.37641022300062],[140.54542076900066,50.344061591000695],[140.53891035200013,50.33014557500053],[140.52466881600049,50.31663646000055],[140.5149031910007,50.29490794500049],[140.5195418630002,50.279445705000626],[140.52995853000073,50.25849030200061],[140.53695722700036,50.236070054000606],[140.5317488940001,50.2161319030007],[140.52027428500014,50.19554271000055],[140.51783287900003,50.17328522300045],[140.52295983200065,50.15106842700072],[140.53484134200016,50.13043854400064],[140.54916425900058,50.114081122000584],[140.57664596080247,50.09007924596193],[140.58676191500024,50.08124420800044],[140.60059655000077,50.07518138200044],[140.61085045700008,50.07802969000056],[140.62875410200058,50.091701565000506],[140.63843834700072,50.096340236000515],[140.6745711600006,50.09821198100059],[140.68628991000048,50.103176174000566],[140.69092858200065,50.08026764500056],[140.66065514400066,50.05801015800057],[140.59058678500026,50.02741120000064],[140.5459090500002,50.00071849200066],[140.52857506600003,49.99331289300045],[140.49463951900054,49.98354726800045],[140.48226972700058,49.97528717700061],[140.47331790500073,49.95913320500074],[140.48072350400037,49.95233795800044],[140.45887225884724,49.93071033690785],[140.4528914720005,49.92479075700055],[140.4425561860005,49.90745677300055],[140.44605553500003,49.890855210000495],[140.4255477220006,49.883449611000515],[140.41521243600062,49.874579169000526],[140.41578209700003,49.86269765800057],[140.4585067070003,49.805609442000616],[140.47331790500073,49.79462311400056],[140.48712158203148,49.790856079831144],[140.49463951900054,49.788804429000606],[140.51726321700005,49.785549221000565],[140.53500410200013,49.7774112000007],[140.5422469410006,49.756781317000616],[140.5380965500002,49.74420807500053],[140.50749759200028,49.69163646000055],[140.51140384200028,49.68756745000053],[140.51905358200065,49.67674388200061],[140.52116946700005,49.67177969000056],[140.53142337300062,49.63410065300059],[140.5397241550005,49.617254950000756],[140.55209394600035,49.59979889500056],[140.56080162900025,49.575384833000555],[140.55062910200047,49.555243231000475],[140.52116946700005,49.5271670590007],[140.51970462300017,49.51715729400058],[140.51986738400058,49.50340403900066],[140.51832116000037,49.4914004580005],[140.51107832100058,49.4861514340007],[140.50123131600014,49.48216380400066],[140.49146569100049,49.47296784100047],[140.46257571700028,49.43862539300045],[140.4542749360004,49.42084381700056],[140.44402479983728,49.36499684361894],[140.44402103000027,49.36497630400055],[140.43287194100026,49.3061384140006],[140.43555748800077,49.29437897300045],[140.35108483200065,49.295070705000626],[140.33594811300065,49.28754303600067],[140.33887780000066,49.27773672100045],[140.35035241000026,49.273098049000566],[140.36402428500037,49.273098049000566],[140.3845320970006,49.28156159100058],[140.3902287120004,49.275051174000566],[140.38941491000048,49.265285549000566],[140.3806258470006,49.260239976000435],[140.37753339900053,49.257025458000555],[140.35018964900064,49.23916250200051],[140.3457137380003,49.229193427000496],[140.34376061300054,49.218410549000566],[140.34498131600049,49.20770905200055],[140.35018964900064,49.1981875670005],[140.35531660200047,49.20258209800056],[140.36532636800064,49.20807526200048],[140.37061608200008,49.21246979400064],[140.37256920700065,49.20872630400055],[140.3730574880002,49.20791250200051],[140.3740340500001,49.207668361000685],[140.37680097700058,49.205633856000475],[140.37590902437523,49.20440899146604],[140.36524498800065,49.189764716000695],[140.35922285200047,49.173651434000476],[140.3620711600006,49.15802643400065],[140.37680097700058,49.14354075700055],[140.36532636800064,49.132391669000526],[140.35987389400043,49.117010809000476],[140.35645592500077,49.095770575000586],[140.34498131600049,49.09007396000061],[140.32968183700052,49.08808014500056],[140.29493248800054,49.08832428600061],[140.29493248800054,49.08209870000047],[140.33602949300064,49.06769440300047],[140.3427840500002,49.061672268000564],[140.34359785200013,49.04706452000056],[140.33716881600003,49.03978099200043],[140.29175866000048,49.02802155200055],[140.24219811300054,49.021470445000546],[140.2192488940002,49.01386139500056],[140.23519941500058,49.007513739000615],[140.250824415,49.01089101800051],[140.26449629000058,49.0122744810007],[140.27442467500032,49.00018952000062],[140.26514733200054,48.99494049700053],[140.2539168630001,48.98541901200059],[140.24838300900058,48.976304429000606],[140.25709069100014,48.97223541900058],[140.26840254000058,48.97443268400053],[140.2780867850007,48.97752513200044],[140.2834578790006,48.976263739000615],[140.28126061300077,48.96539948100053],[140.29108635255636,48.964800351114604],[140.29127037900014,48.96478913000061],[140.3011173840007,48.96539948100053],[140.29882770518896,48.97308031200839],[140.29664147200072,48.980414130000554],[140.30526777400064,48.996283270000674],[140.32138105600052,49.008734442000446],[140.3361143677721,49.0129612117272],[140.34620201900066,49.01585521000055],[140.35254967500066,49.01959870000053],[140.3591414720005,49.02130768400053],[140.36695397200003,49.017279364000615],[140.3687443370003,49.01337311400056],[140.36988366000014,49.00283437700051],[140.37061608200008,49.00018952000062],[140.3806258470006,48.9937197940007],[140.3879500660006,48.99176666900047],[140.39795983200065,48.99274323100059],[140.3786727220005,48.958726304000606],[140.35645592500077,48.931301174000566],[140.35230553500003,48.910223700000586],[140.32471764400054,48.89150625200057],[140.26693769600058,48.86237213700059],[140.2539168630001,48.84804922100068],[140.24960371200018,48.83698151200059],[140.24887129000024,48.82672760600053],[140.2465926440001,48.814601955000626],[140.23975670700042,48.80170319200056],[140.22144616000037,48.78058502800059],[140.21298261800007,48.76740143400065],[140.20191491000003,48.739488023000604],[140.19442793100006,48.70978424700053],[140.1858016290006,48.650091864000444],[140.19532311300065,48.60394928600067],[140.19345136800052,48.58112213700065],[140.1719669930004,48.56818268400059],[140.1758732430004,48.556870835000666],[140.18954511800064,48.538031317000446],[140.1926375660006,48.53034088700065],[140.19044030000043,48.507269598000676],[140.1858016290006,48.48627350500061],[140.1770125660006,48.46181875200057],[140.16504967500066,48.44940827000045],[140.12362714900064,48.4315860050005],[140.0886336600006,48.40745677300049],[140.0793563160006,48.40371328300051],[140.07211347700024,48.39862702000045],[140.06299889400043,48.374335028000644],[140.05868574300007,48.36587148600057],[140.05250084700072,48.35700104400047],[140.0434676440001,48.336249091000525],[140.0349227220006,48.32794830900065],[140.02637780000032,48.32542552300066],[139.9932560560003,48.321722723000676],[139.95126386800064,48.304877020000504],[139.77759850400003,48.191351630000554],[139.76734459700072,48.18768952000045],[139.7338973320003,48.16347890800046],[139.72665449300064,48.15534088700059],[139.71200605600063,48.12995026200059],[139.68409264400066,48.09552643400053],[139.65186608200065,48.068752346000565],[139.56112714900064,48.00926341400054],[139.51669355600063,47.97199127800053],[139.50733483200042,47.961493231000645],[139.49569746200007,47.95441315300053],[139.47072093926488,47.9436597707778],[139.42481530000066,47.923895575000586],[139.39047285200002,47.904242255000554],[139.26172936300065,47.78790924700047],[139.2463485040006,47.767157294000526],[139.2360945970005,47.73871491100061],[139.21802819100003,47.714748440000506],[139.21192467500066,47.704169012000534],[139.20997155000055,47.693548895000504],[139.20956464900053,47.67401764500062],[139.20565839900053,47.66380442900055],[139.1889754570003,47.64809804900062],[139.16830488400012,47.63613515800046],[139.15088951900077,47.62177155200061],[139.14356530000032,47.598700262000705],[139.13974043100075,47.593491929000436],[139.11622155000043,47.567613023000604],[139.0964461600006,47.53351471600064],[139.08065839900064,47.51276276200059],[139.0651961600007,47.49632396000061],[139.05331464900075,47.47870514500062],[139.04859459700003,47.45433177300043],[139.0483993870988,47.44480552874518],[139.04818769600058,47.43447500200057],[139.04542076900077,47.417425848000505],[139.03736412900048,47.40106842700055],[139.02637780000043,47.38943105700048],[139.02059980600063,47.38324616100067],[138.99984785200002,47.37128327000056],[138.99048912900025,47.36322663000061],[138.9865828790006,47.35162995000053],[138.98471113400046,47.3422305360005],[138.98047936300054,47.33246491100044],[138.9748641290007,47.32367584800056],[138.96949303500048,47.31753164300068],[138.95899498800043,47.31342194200056],[138.9175724620004,47.31439850500061],[138.90560957100047,47.31207916900058],[138.89730879000058,47.30906810100049],[138.89071699300007,47.30516185100055],[138.70265443347807,47.14114838235446],[138.66098066500012,47.104803778000644],[138.61670983200008,47.083807684000476],[138.5948185560004,47.06732819200067],[138.5627547540006,47.02993398600057],[138.5347599620004,46.98663971600058],[138.5132755870003,46.94082265800057],[138.5000106130001,46.8954531920005],[138.50350996200052,46.87620677300043],[138.50155683700063,46.86615631700056],[138.49000084700072,46.861883856000475],[138.48438561300054,46.85797760600053],[138.40975996200052,46.7809512390005],[138.39698326900066,46.75885651200048],[138.36630293100075,46.68781159100047],[138.35962975400025,46.676336981000475],[138.34913170700065,46.66425202000056],[138.34913170700065,46.63715241100056],[138.35645592500055,46.59438711100063],[138.34457441500024,46.54873281500045],[138.312836134,46.52313873900056],[138.2324324880002,46.48456452000056],[138.2024031910006,46.45433177300049],[138.1130477220005,46.28949616100044],[138.10718834700072,46.244859117000544],[138.10035241000026,46.22797272300045],[138.03402754000012,46.1559512390005],[138.0096134770007,46.136460679000606],[137.9890242850006,46.128241278000644],[137.978851759,46.12616608300044],[137.9655867850006,46.12103913000067],[137.95289147200072,46.114406643000564],[137.94442793100006,46.107814846000565],[137.94117272200037,46.10028717700044],[137.94117272200037,46.08250560100055],[137.9382430350006,46.07363515800046],[137.92416425900024,46.06098053600061],[137.88436933700007,46.03424713700048],[137.86825605600018,46.00849030200055],[137.78207441500012,45.94599030200044],[137.76661217500066,45.92951080900053],[137.75294030000043,45.89655182500053],[137.7046818370004,45.854478257000665],[137.68580162900003,45.81533437700057],[137.67147871200063,45.794623114000615],[137.6386824880002,45.779038804000436],[137.52442467500077,45.689357815000676],[137.4949650400007,45.67890045800044],[137.39673912900048,45.623928127000624],[137.33594811300054,45.57062409100058],[137.32205286798637,45.5537455029189],[137.26620527400064,45.48590729400047],[137.25635826900054,45.47711823100059],[137.23666425900024,45.472601630000554],[137.21949303500048,45.46100495000047],[137.14454186300043,45.37466054900051],[137.12574303500003,45.36733633000051],[137.10328209700003,45.36375560100066],[137.0827742850006,45.355210679000606],[136.92636152400007,45.25438060100055],[136.825531446,45.204087632000494],[136.81080162900048,45.19318268400065],[136.8003035820003,45.175279039000486],[136.78858483200077,45.1281192080005],[136.78003991000048,45.10785553600056],[136.7607528000001,45.08787669500049],[136.7185164720006,45.06736888200055],[136.7009383470005,45.05634186400067],[136.69800866000048,45.05255768400059],[136.6914168630003,45.04116445500068],[136.6905216810004,45.038967190000506],[136.68433678500026,45.03790924700064],[136.66944420700065,45.040228583000555],[136.66334069100049,45.038967190000506],[136.65650475400003,45.033392645000504],[136.57764733200042,44.95294830900053],[136.57162519600024,44.95026276200048],[136.56478925900058,44.9496524110005],[136.55819746200007,44.94830963700059],[136.5534774100006,44.943345445000546],[136.55307050900024,44.93789297100062],[136.55518639400077,44.93195221600047],[136.55811608200008,44.928127346000565],[136.56031334700026,44.92910390800057],[136.55811608200008,44.91844310100049],[136.55665123800065,44.9020449890005],[136.5534774100006,44.89496491100056],[136.5158797540006,44.87506745000047],[136.51026451900066,44.869696356000475],[136.49830162900048,44.8457705750007],[136.4882918630003,44.84027741100061],[136.47803795700065,44.839300848000505],[136.46762129000012,44.83661530200055],[136.45801842500032,44.83226146000055],[136.4502873060004,44.82664622600066],[136.4472762380003,44.818060614000615],[136.4436141290007,44.7851016300005],[136.42611738400058,44.772650458000555],[136.40845787900003,44.77667877800059],[136.38868248800054,44.7868106140005],[136.3647567070003,44.79254791900047],[136.35458418100018,44.78880442900049],[136.34994550900058,44.779852606000475],[136.3469344410006,44.768500067000446],[136.34107506600049,44.75775788000061],[136.33497155000066,44.75275299700047],[136.32699629000058,44.748846747000584],[136.31763756600049,44.745998440000506],[136.30697675900046,44.74408600500067],[136.3120223320003,44.733221747000584],[136.32113691500012,44.725002346000565],[136.32984459700037,44.71865469000045],[136.33375084700037,44.7136904970007],[136.3288680350006,44.70734284100058],[136.31771894600047,44.70180898600057],[136.3054305350006,44.697821356000645],[136.2745060560003,44.692938544000754],[136.26075280000055,44.683579820000546],[136.23536217500043,44.65167877800053],[136.22730553500014,44.63104889500045],[136.2331649100007,44.58608633000051],[136.22811933700052,44.569728908000684],[136.2190047540006,44.565375067000446],[136.20883222700047,44.564195054000606],[136.20053144600058,44.560532945000546],[136.1951603520007,44.53896719000045],[136.1860457690001,44.521144924000566],[136.18409264400032,44.51508209800056],[136.1652938160006,44.49652741100056],[136.1328432143173,44.48058025784826],[136.12256920700008,44.475531317000446],[136.0463973320002,44.44989655200044],[136.03402754000058,44.45083242400045],[136.00904381600014,44.45693594000045],[135.9985457690001,44.456122137000705],[135.99317467500066,44.45197174700064],[135.9893498060003,44.44057851800062],[135.98487389400032,44.43561432500047],[135.95093834700072,44.42011139500062],[135.9082137380001,44.40961334800056],[135.8886824880002,44.40151601800062],[135.8808699880002,44.39374420800061],[135.87208092500032,44.382269598000505],[135.86215254000058,44.3718936220007],[135.83790123800077,44.36269765800046],[135.8357039720006,44.35171133000057],[135.84083092500055,44.32949453300063],[135.83456464900064,44.31122467700061],[135.81942793100075,44.290594794000526],[135.7862248060003,44.258124091000695],[135.76693769600035,44.25043366100067],[135.74227949300018,44.244940497000584],[135.72095787900048,44.236558335000495],[135.71176191500024,44.22028229400058],[135.70484459700015,44.19839101800062],[135.68848717500066,44.187160549000566],[135.66993248800065,44.17959219000062],[135.65585371200018,44.168687242000544],[135.65088951900032,44.15761953300057],[135.64942467500043,44.145697333000555],[135.65211022200015,44.134100653000644],[135.65927168100063,44.12400950700055],[135.6596785820002,44.11644114800043],[135.65308678500048,44.10602448100053],[135.63851972700002,44.089300848000505],[135.6285099620003,44.06854889500062],[135.6284285820003,44.05219147300056],[135.62403405000066,44.03847890800046],[135.60132897200037,44.0253766950006],[135.56088300900058,44.014390367000544],[135.54127037900048,44.00397370000047],[135.53296959700003,43.987209377000454],[135.53419030000032,43.967840887000705],[135.53296959700003,43.962632554000436],[135.52987714900075,43.959784247000584],[135.5251570970005,43.95783112200053],[135.51880944100037,43.95648834800045],[135.5119735040006,43.92169830900059],[135.5053817070002,43.93170807500064],[135.49317467500066,43.94391510600053],[135.47828209700026,43.951971747000584],[135.46363366000026,43.9496524110005],[135.45875084700037,43.938177802000496],[135.46640058700063,43.9254824890005],[135.4726668630001,43.91111888200055],[135.46363366000026,43.89443594000056],[135.47934004000058,43.893988348000505],[135.48462975400003,43.89443594000056],[135.48462975400003,43.887518622000584],[135.480804884,43.87799713700048],[135.4900008470006,43.87864817900055],[135.51880944100037,43.887518622000584],[135.51880944100037,43.88076406500045],[135.48788496200007,43.832709052000496],[135.4743758470006,43.82550690300047],[135.47250410200047,43.81810130400066],[135.4292912120003,43.778306382000494],[135.42953535200024,43.771307684000476],[135.42579186300065,43.76316966400054],[135.4177352220006,43.75897858300061],[135.39014733200008,43.75482819200067],[135.3813582690002,43.74746328300051],[135.37509199300007,43.73834870000053],[135.36793053500003,43.72992584800045],[135.35922285200013,43.72231679900051],[135.35499108200065,43.71946849200066],[135.33961022200026,43.71539948100053],[135.33114668100075,43.71645742400074],[135.32325280000066,43.71653880400072],[135.3164168630003,43.7128360050005],[135.3091740240003,43.70677317900055],[135.28541100400003,43.69188060100055],[135.2754012380003,43.68895091400071],[135.25977623800077,43.69375234600045],[135.25635826900032,43.70453522300062],[135.25806725400014,43.716253973000505],[135.25806725400014,43.723700262000705],[135.24935957100024,43.7294375670005],[135.23570767233787,43.734042053725545],[135.23560631600014,43.734076239000615],[135.22323652400064,43.73261139500056],[135.21942903262254,43.72403074383726],[135.21762129000047,43.71995677300049],[135.21021569100003,43.71369049700053],[135.20097812206234,43.71268349452288],[135.18222089900019,43.710638739000444],[135.1836043630001,43.70319245000047],[135.18463862687258,43.70263475871798],[135.19605553500037,43.6964785830005],[135.20883222700058,43.695461330000455],[135.2209578790006,43.69301992400062],[135.23072350400025,43.68211497600055],[135.2268172540006,43.68219635600053],[135.22486412900048,43.66836172100062],[135.2238875660006,43.644598700000586],[135.21957441500024,43.63495514500056],[135.21021569100003,43.63043854400047],[135.20077558700063,43.62783437700057],[135.1965438160006,43.62409088700048],[135.17611738400046,43.59332916900058],[135.1721297540006,43.583563544000526],[135.1672469410006,43.566555080000455],[135.16244550900035,43.558579820000546],[135.15390058700052,43.55125560100049],[135.14486738400058,43.54612864800043],[135.13795006600014,43.53949616100061],[135.13526451900043,43.52789948100053],[135.1362410820003,43.5249697940007],[135.13868248800054,43.52309804900045],[135.14087975400025,43.520168361000515],[135.14210045700008,43.51422760600059],[135.1399031910006,43.508368231000645],[135.13526451900043,43.50560130400055],[135.1306258470005,43.50372955900053],[135.12842858200077,43.500555731000475],[135.11532636800052,43.500677802000496],[135.05616295700054,43.48810455900053],[134.9747013680003,43.459540106000645],[134.96387780000066,43.45246002800047],[134.95639082100024,43.43634674700053],[134.93832441500058,43.42698802300049],[134.89551842500032,43.41522858300061],[134.87354576900066,43.40497467700072],[134.83570397200072,43.37970612200053],[134.77027428500048,43.3152529970007],[134.75098717500055,43.305365302000496],[134.7280379570002,43.31256745000047],[134.70289147200003,43.30418528900066],[134.6801863940001,43.288763739000444],[134.66529381600049,43.27431875200051],[134.65601647200026,43.267238674000566],[134.63363691500024,43.26154205900053],[134.62118574300064,43.25698476800051],[134.61312910200002,43.251125393000564],[134.59725996200052,43.23602936400056],[134.58716881600037,43.228989976000605],[134.56006920700008,43.23480866100056],[134.5503916382437,43.23010244604376],[134.53036543100006,43.220363674000566],[134.47730553500048,43.18183014500062],[134.4304305350006,43.157904364000615],[134.4094344410006,43.15216705900065],[134.37582441500058,43.1384951840007],[134.35743248800054,43.125555731000645],[134.3479110040006,43.12156810100055],[134.33790123800054,43.12042877800053],[134.3213810560003,43.12738678600067],[134.31454511800064,43.12348053600044],[134.3059188160007,43.11359284100058],[134.25521894600013,43.095526434000476],[134.2407332690001,43.092474677000496],[134.22388756600026,43.09080638200055],[134.20785566500047,43.08633047100068],[134.19369550900058,43.0797793640005],[134.1823836600007,43.07196686400056],[134.1783146490003,43.06659577000073],[134.1760360040006,43.054877020000504],[134.1718856130002,43.048041083000726],[134.16537519600058,43.04433828300046],[134.14795983200065,43.040187893000564],[134.1408797540007,43.037258205000455],[134.1296492850006,43.02460358300061],[134.12037194100049,43.00897858300044],[134.10849043100018,42.99567291900047],[134.0698348320003,42.98505280200044],[134.04957116000003,42.97329336100046],[133.92676842500032,42.882717190000506],[133.91065514400043,42.879828192000616],[133.89625084700037,42.88491445500051],[133.87134850400025,42.89931875200051],[133.86451256600014,42.90119049700053],[133.85035241000048,42.90070221600058],[133.83961022200037,42.89760976800051],[133.81845136800064,42.883937893000564],[133.794281446,42.87669505400055],[133.72999108200008,42.84544505400055],[133.72396894600058,42.82518138200044],[133.7172957690002,42.81663646000044],[133.7063094410006,42.82245514500073],[133.67774498800043,42.8488223330005],[133.67164147200026,42.8528506530007],[133.64291425900058,42.85382721600058],[133.63363691500035,42.8528506530007],[133.614105665,42.84638092700061],[133.6049910820002,42.84625885600059],[133.59335371200063,42.8528506530007],[133.58944746200063,42.84247467700055],[133.58497155000032,42.8356387390005],[133.57919355600063,42.83075592700044],[133.5722762380001,42.8262393250007],[133.55176842500066,42.81875234600051],[133.54550214900053,42.81972890800051],[133.52442467500066,42.8262393250007],[133.51880814903257,42.82420195739718],[133.5119735040006,42.82172272300056],[133.50766035200013,42.816961981000475],[133.50513756600003,42.81142812700051],[133.49781334700037,42.80442942900055],[133.4880477220006,42.79995351800051],[133.46802819100037,42.79319896000044],[133.4443465500001,42.7791201840007],[133.4201766290006,42.771429755000554],[133.37745201900043,42.76349518400053],[133.3183699880003,42.76581452000056],[133.2985945970005,42.76349518400053],[133.23739668100063,42.74396393400065],[133.22291100400048,42.736232815000506],[133.193695509,42.70677317900055],[133.1777449880001,42.69379303600044],[133.15772545700065,42.6884219420005],[133.06202233200042,42.6884219420005],[133.03768964900019,42.69139232000043],[133.02442467500077,42.69936758000057],[133.01343834700037,42.71035390800063],[132.9963485040006,42.72256094000056],[133.00863691500058,42.727850653000644],[133.02686608200065,42.73965078300051],[133.03842207100013,42.74298737200064],[133.0518498060003,42.74119700700055],[133.06617272200037,42.73737213700048],[133.07667076900043,42.738104559000476],[133.0788680350006,42.74982330900059],[133.0673934250002,42.762844143000564],[133.04322350400003,42.77960846600058],[132.9963485040006,42.80442942900055],[133.0066024100006,42.81549713700059],[133.0105086600007,42.81875234600051],[132.98975670700054,42.8269717470007],[132.96322675900012,42.82607656500056],[132.91163170700042,42.81875234600051],[132.9004826180004,42.81557851800045],[132.89039147200026,42.808498440000676],[132.8874617850006,42.80145905200055],[132.8979598320003,42.79828522300056],[132.90015709700003,42.793931382000494],[132.88770592500055,42.76349518400053],[132.87533613400058,42.755926825000586],[132.8650008470006,42.748114325000586],[132.85230553500037,42.746486721000565],[132.83301842500066,42.74982330900059],[132.81592858200065,42.75641510600053],[132.80518639400054,42.76581452000056],[132.79151451900043,42.79083893400059],[132.79843183700007,42.80841705900059],[132.79110761800007,42.820502020000504],[132.77540123800054,42.828111070000546],[132.75733483200008,42.83242422100045],[132.7663680350007,42.851792710000495],[132.7736922540007,42.8750674500007],[132.7744246750002,42.89590078300057],[132.7634383470006,42.908148505000554],[132.73975670700065,42.90717194200067],[132.70370527400064,42.87872955900053],[132.68165123800054,42.873358466000695],[132.68628991000003,42.86884186400056],[132.6911727220006,42.86273834800056],[132.69532311300065,42.85968659100058],[132.68319746200063,42.85569896000055],[132.63721764400043,42.85968659100058],[132.61890709700037,42.85919830900065],[132.60816491000037,42.85683828300063],[132.60010826900077,42.85162995000053],[132.58912194100037,42.842352606000645],[132.57789147200037,42.84039948100059],[132.5647078790006,42.84625885600059],[132.54444420700065,42.85968659100058],[132.51783287900037,42.86595286700049],[132.51050866000037,42.87140534100047],[132.5034285820003,42.88703034100064],[132.5034285820003,42.9000918640005],[132.50586998800043,42.91364166900064],[132.50269616000037,42.92430247600049],[132.48609459700015,42.928615627000624],[132.4283146490003,42.93598053600061],[132.4133406910006,42.9411074890005],[132.40438886800052,42.94228750200057],[132.3970646490004,42.939357815000506],[132.3952742850006,42.932766018000564],[132.39559980600018,42.925767320000546],[132.39413496200075,42.921779690000506],[132.36630293100052,42.91567617400051],[132.3542586600006,42.91083405200044],[132.3457951180003,42.90070221600058],[132.35018964900019,42.896633205000626],[132.35531660200047,42.887518622000584],[132.36011803500037,42.8808047550005],[132.3552352220005,42.8750674500007],[132.35352623800065,42.87026601800062],[132.3552352220005,42.86546458500044],[132.36011803500037,42.85968659100058],[132.34839928500003,42.85492584800056],[132.32569420700042,42.85146719000056],[132.31836998800043,42.84544505400055],[132.31153405000032,42.84544505400055],[132.2893172540006,42.882717190000506],[132.28768964900007,42.89044830900065],[132.29452558700063,42.90277741100056],[132.29566491000003,42.91754791900058],[132.29110761800052,42.94912344000056],[132.29957116000003,42.99713776200048],[132.3012801440002,43.02391185100055],[132.29110761800052,43.044623114000444],[132.30323326900043,43.0531680360005],[132.30494225400025,43.06403229400058],[132.29981530000077,43.07550690300059],[132.29110761800052,43.08563873900067],[132.30746504000035,43.08661530200055],[132.3205672540006,43.0941836610005],[132.32569420700042,43.106268622000584],[132.31836998800043,43.12042877800053],[132.32479902400053,43.12295156500045],[132.33375084700037,43.13019440300053],[132.33961022200015,43.13401927300049],[132.33277428500048,43.138332424000566],[132.32593834700037,43.14085521000061],[132.32748457100024,43.14899323100076],[132.32764733200065,43.17059967700044],[132.32911217500043,43.1749942080005],[132.3393660820002,43.17365143400059],[132.34815514400043,43.17145416900058],[132.35653730600063,43.170965887000534],[132.36695397200003,43.1749942080005],[132.38168379000047,43.19122955900065],[132.3760685560003,43.20473867400062],[132.35897871200007,43.215521552000496],[132.31714928500014,43.231350002000624],[132.30770918100063,43.23818594000045],[132.30844160200024,43.247015692000446],[132.31674238400058,43.25189850500061],[132.340668165,43.26154205900053],[132.3457951180003,43.26715729400058],[132.34921308700063,43.279201565000676],[132.35482832100013,43.2825381530007],[132.35621178500037,43.285956122000584],[132.3457951180003,43.29791901200065],[132.31495201900077,43.31565989800055],[132.3054305350006,43.31903717700044],[132.28956139400066,43.31256745000047],[132.2819930350006,43.27850983300061],[132.2605086600006,43.27057526200059],[132.25399824300007,43.26650625200068],[132.24252363400058,43.24551015800057],[132.2359318370004,43.23651764500056],[132.22665449300018,43.22980377800059],[132.13681074300052,43.19163646000061],[132.1164656910007,43.18866608300044],[132.0959578790006,43.18097565300059],[132.07545006600026,43.16303131700056],[132.04420006600049,43.127264716000695],[132.02963300900035,43.11652252800059],[131.99130293100006,43.09585195500051],[131.97201582100047,43.082505601000605],[131.95224043100063,43.07196686400056],[131.9299422540006,43.06956614800066],[131.90723717500066,43.07440827000056],[131.88648522200037,43.08563873900067],[131.89625084700015,43.09536367400051],[131.9079695970005,43.101060289000486],[131.9172469410006,43.10785553600044],[131.92066491000037,43.12042877800053],[131.87094160200002,43.090318101000605],[131.8591414720005,43.08563873900067],[131.8471785820002,43.089911200000586],[131.8498641290006,43.100490627000454],[131.87940514400066,43.13739655200061],[131.90015709700015,43.18183014500062],[131.91171308700052,43.19757721600064],[131.92367597700002,43.20783112200047],[131.95858808700063,43.22992584800056],[131.97803795700065,43.235541083000555],[131.99683678500026,43.23871491100044],[132.00049889400066,43.244533596000565],[132.0019637380001,43.25218333500055],[132.00660241000003,43.26032135600053],[132.0449324880003,43.28644440300059],[132.05152428500003,43.29791901200065],[132.05201256600037,43.314764716000525],[132.04444420700077,43.32436758000051],[132.0310164720006,43.32514069200056],[132.014008009,43.315619208000555],[132.00350996200075,43.29950592700055],[131.99984785200058,43.28408437700057],[131.99203535200036,43.27309804900051],[131.96835371200007,43.27057526200059],[131.97811933700063,43.29205963700048],[131.9567977220005,43.3058535830005],[131.89527428500026,43.318630276000476],[131.8847762380002,43.31777578300057],[131.85694420700077,43.30731842700072],[131.8460392590007,43.305365302000496],[131.8320418630002,43.30988190300059],[131.82601972700002,43.31793854400058],[131.8281356130002,43.32640208500055],[131.8386336600007,43.33270905200061],[131.82667076900077,43.33795807500064],[131.8156844410007,43.33673737200047],[131.80762780000066,43.33095937700051],[131.80453535200058,43.322088934000476],[131.7993270190001,43.315863348000505],[131.77418053500037,43.30206940300059],[131.76425214900019,43.29169342700055],[131.75635826900066,43.26373932500047],[131.7568465500002,43.24249909100058],[131.7504988940001,43.22528717700055],[131.72266686300065,43.2097842470007],[131.72266686300065,43.202337958000555],[131.74170983200065,43.20148346600058],[131.75831139400043,43.195379950000586],[131.76392662900025,43.18585846600058],[131.74984785200013,43.1749942080005],[131.7307235040006,43.17413971600047],[131.71753991000048,43.18447500200051],[131.70663496200063,43.19684479400064],[131.694672071,43.202337958000555],[131.68384850400048,43.19928620000064],[131.67953535200002,43.19367096600058],[131.67782636800064,43.1873233090007],[131.67416425900024,43.18183014500062],[131.65113366000026,43.16962311400056],[131.64698326900032,43.16885000200068],[131.65145918100063,43.155991929000606],[131.6667586600006,43.15688711100057],[131.68409264400066,43.16522858300044],[131.694672071,43.1749942080005],[131.68336022200003,43.148504950000586],[131.664886915,43.12518952000045],[131.5867619150007,43.04995351800045],[131.56299889400043,43.03831614800055],[131.56373131600037,43.023830471000565],[131.56763756600037,43.00755442900055],[131.56495201900066,42.99628327000062],[131.54786217500043,42.99310944200056],[131.53296959700003,43.00226471600064],[131.51767011800007,43.00934479400064],[131.49952233200042,42.9999860700006],[131.4919539720005,42.98432038000044],[131.4948836600006,42.970607815000506],[131.499359571,42.95709870000053],[131.49610436300065,42.94228750200057],[131.4919539720005,42.94489166900047],[131.47730553500037,42.94196198100053],[131.45508873800065,42.934759833000555],[131.43824303500014,42.93414948100053],[131.42994225400025,42.93504466400077],[131.40552819100003,42.950628973000676],[131.39389082100047,42.945013739000444],[131.3879500660006,42.93012116100044],[131.38624108200008,42.91429271000044],[131.40634199300064,42.91006094000062],[131.41073652400064,42.90094635600053],[131.40040123800065,42.873358466000695],[131.4589949880003,42.88442617400051],[131.47193444100014,42.883937893000564],[131.47169030000055,42.87323639500045],[131.45614668100063,42.86383698100059],[131.43637129000035,42.85578034100064],[131.40902754000047,42.839341539000486],[131.37891686300054,42.83112213700059],[131.36573326900066,42.81875234600051],[131.36036217500043,42.80662669500043],[131.35962975400014,42.7942569030007],[131.36361738400058,42.782171942000616],[131.35201726200034,42.77432756700051],[131.300134285,42.79327650900058],[131.27312717100062,42.777331349000576],[131.25706912900057,42.7515605650006],[131.2468962980006,42.73253378000061],[131.23644697300006,42.70664411200045],[131.24960371200063,42.69456614800049],[131.25180097700036,42.69082265800051],[131.26107832100058,42.688055731000645],[131.26327558700075,42.68500397300056],[131.26229902400007,42.681097723000505],[131.25806725400014,42.67523834800056],[131.2570906910006,42.67133209800045],[131.25416100400014,42.66819896000055],[131.2470809250001,42.66730377800059],[131.23267662900003,42.66791413000044],[131.22421308700052,42.66058991100061],[131.21656334700015,42.64419179900045],[131.2090167920004,42.63629456400065],[131.20978388800063,42.62261286900059],[131.20348331800005,42.61906297100052],[131.2011816080003,42.61402459700054],[131.20801004600014,42.608521994000455],[131.22430140500046,42.60492597300055],[131.22873617900075,42.59712517600053],[131.22797025600062,42.591676135000625],[131.23408995100044,42.588854379000566],[131.23404707500026,42.587262152000676],[131.21804995300022,42.58613208000065],[131.21275056900015,42.583938635000436],[131.2243758470005,42.57062409100047],[131.2215599100001,42.56630424200051],[131.21954721100064,42.554711688000566],[131.21327528600023,42.55139285500053],[131.2037506660006,42.55724372300057],[131.1945602400001,42.558966531000465],[131.1853455980007,42.55955018400056],[131.17963704800036,42.56400309500049],[131.17099043100063,42.572943427000496],[131.1670028000002,42.575628973000505],[131.1670028000002,42.58539459800056],[131.1711531910006,42.58527252800059],[131.17919651000068,42.594381593000435],[131.18064974500066,42.60520533400063],[131.158494367,42.60130537100065],[131.14356530000032,42.61269765800063],[131.12690303800048,42.617256069000575],[131.12741468000036,42.64680977600062],[131.1203465810006,42.667190491000554],[131.10570083600055,42.66834848200051],[131.0928864700004,42.654887733000464],[131.08702706300062,42.64037532800057],[131.07357832100058,42.63886139500045],[131.0344344410007,42.645209052000666],[130.99488366000014,42.64069245000053],[130.95248044500067,42.62779781400053],[130.93116295700054,42.60691966400054],[130.91431725400037,42.60150788000044],[130.88965905000055,42.599595445000546],[130.87256920700077,42.60394928600044],[130.8325057010005,42.62577466200065],[130.81547842700013,42.634171579000565],[130.83858708400078,42.6429947790005],[130.86287555900003,42.640816164000455],[130.88948072300036,42.63861172800051],[130.91151298100033,42.61682641200065],[130.93213951900043,42.61835358300044],[130.9445906910007,42.631170966000525],[130.9497139860007,42.653122614000495],[130.93178110200017,42.65750928300048],[130.89944468500062,42.65463145600063],[130.88152458100058,42.6589879520007],[130.84783268200067,42.66131692700054],[130.80344073500066,42.65115140600045],[130.7869814790006,42.653763563000496],[130.79594714100006,42.66284954500054],[130.8320418630003,42.674058335000495],[130.83700960800047,42.691591889000506],[130.82545691700045,42.69932245800055],[130.80178597900078,42.69684516300049],[130.7818663860004,42.690282167000476],[130.76929772200015,42.681586005000554],[130.7453489430004,42.68109583000063],[130.73466741000027,42.6916893340005],[130.72075780200055,42.70002462500048],[130.6935258130004,42.68545034500056],[130.65667038900062,42.664079512000626],[130.66078899700062,42.64318454300059],[130.68344160200058,42.64354075700055],[130.73292076900043,42.61554596600058],[130.7369083990004,42.607245184000476],[130.72950280000077,42.57916901200059],[130.75464928500014,42.5972354190007],[130.763031446,42.599595445000546],[130.77418053500048,42.59682851800051],[130.77808678500003,42.59113190300053],[130.7795516290007,42.58466217700044],[130.78353925900058,42.57916901200059],[130.8350722315795,42.561025111952745],[130.85729980468773,42.53387451171943],[130.87178240020603,42.523644221773225],[130.87020918100063,42.517971096000565],[130.864593946,42.51727936400067],[130.85971113400058,42.52106354400064],[130.8584904310003,42.52456289300051],[130.85059655000032,42.52000560100055],[130.84644616000037,42.52069733300044],[130.8430281910006,42.51976146000055],[130.83814537900048,42.51023997600055],[130.83838951900043,42.50629303600044],[130.84376061300065,42.493963934000476],[130.8449813160006,42.486314195000546],[130.83871504000047,42.472357489000615],[130.82325280000043,42.46503327000056],[130.80420983200008,42.462347723000676],[130.78663170700065,42.4618594420005],[130.78077233200065,42.45343659100058],[130.763031446,42.40037669500066],[130.75275026700058,42.38077658900056],[130.743193851,42.35368707000049],[130.73480510900038,42.33759791400047],[130.73229341908905,42.33418829911278],[130.70360316000063,42.29524132000063],[130.69996178500037,42.29511139500045],[130.67288130800068,42.311139425000704],[130.66275272600046,42.320570374000624],[130.6602722580003,42.33392873200063],[130.66058231600073,42.3591985070006],[130.65665490700076,42.3832538860006],[130.64580285700072,42.400875549000546],[130.6285429290001,42.41480234800059],[130.6059086510005,42.42061594700067],[130.58740848900004,42.43201060000047],[130.57562626200013,42.44573069300054],[130.55877974500015,42.48270518100071],[130.55474898300042,42.48761444100052],[130.54989139900067,42.49037913100062],[130.54606734300046,42.4952883910006],[130.54451704900043,42.50629547200066],[130.54265669800043,42.51053293900054],[130.5307711190004,42.53048004200065],[130.56756473800067,42.55275258400047],[130.5845146080004,42.56890146900059],[130.5843079020001,42.598899639000706],[130.57190555900047,42.62181813600063],[130.55113163300052,42.645615133000604],[130.52674035600023,42.66576894100052],[130.50389937400075,42.677809551000564],[130.47434045400064,42.67904978500053],[130.43806359900077,42.67530324400059],[130.40375044800066,42.677551168000605],[130.3796692310001,42.696671448000586],[130.4071610920006,42.73537709600049],[130.49098026600075,42.78082651800065],[130.5864783130006,42.817258403000494],[130.64911014900065,42.82893727700065],[130.7309656170005,42.82588836700057],[130.73489302600046,42.824493103000634],[130.74801884000078,42.837489726000626],[130.7568038330005,42.853276876000564],[130.76951623600064,42.865808411000614],[130.79432092300033,42.869064026000615],[130.81654178900055,42.86405141200066],[130.85622928900034,42.849762878000604],[130.9924483650001,42.84872935000067],[130.99957971300012,42.85875457800063],[131.00195682900016,42.87330149300067],[131.00877811700047,42.88689239500059],[131.0238676360002,42.89627166800062],[131.03947391800068,42.898002829000575],[131.07399377400031,42.896581726000534],[131.10303592900004,42.91043101000065],[131.09931522600039,42.93544240300059],[131.08277876900013,42.96523386700045],[131.07430383400003,42.993397522000635],[131.0752340090006,43.0195974730006],[131.07833459500011,43.03181895000063],[131.0854659430006,43.042102560000615],[131.094044231,43.04683095300061],[131.1124410400007,43.05186940600066],[131.11988244600002,43.0590007530007],[131.12298303300076,43.0677340700006],[131.1240165610003,43.07535634400051],[131.12660038300066,43.08238433900067],[131.1343518470004,43.089334819000555],[131.16938846800042,43.10780914400067],[131.1839612230002,43.120805766000615],[131.18985233600074,43.1391508990007],[131.1848913980008,43.15633331300057],[131.17496952300053,43.1683997610005],[131.1672180590008,43.181551412000545],[131.16907841000045,43.20170522100068],[131.17858687400042,43.21738901800046],[131.193056275,43.230799053000624],[131.22550907400057,43.25193471300054],[131.2377047120002,43.26583567400064],[131.242045533,43.28376739500061],[131.24245894400065,43.3214136760007],[131.24793664600065,43.344202982000695],[131.2577551680007,43.35572682800063],[131.26964074800037,43.364744365000604],[131.28090621000024,43.3802214560007],[131.28183638600046,43.39314056500069],[131.2778056230003,43.43848663300065],[131.2742916260006,43.45119903600062],[131.26168257700067,43.46383392300055],[131.25284846300008,43.46916859100048],[131.16690800000026,43.52106557300067],[131.16070682800046,43.53277028400055],[131.16566776500076,43.549022523000644],[131.18571822100046,43.5744473270006],[131.19202274600002,43.588632507000625],[131.19078251200017,43.5958930460007],[131.18241093000063,43.614031474000626],[131.1802405190001,43.623023173000604],[131.1814807540004,43.62984446300061],[131.18726851400038,43.64798289000066],[131.18799198500074,43.656664530000626],[131.18540816300037,43.66632802400062],[131.17744999200067,43.684466451000674],[131.17507287600029,43.69376820900061],[131.17496952300053,43.70146799800062],[131.17786340300052,43.725497538000695],[131.17031864400064,43.78110138000062],[131.172799113,43.79911061600069],[131.1928495690005,43.86024383500063],[131.2173441980001,43.90848378600049],[131.21837772700007,43.92587290500046],[131.20793908700057,43.95948842400054],[131.20669885300072,43.97478464800065],[131.21290002500064,43.99323313400066],[131.2131067310005,44.00687571200058],[131.21775761000072,44.016074117000585],[131.23532759600062,44.0311119590005],[131.2515539970001,44.041550599000686],[131.2614758710007,44.04609812400065],[131.26447310400056,44.05421132500055],[131.1651510015006,44.368119813000646],[131.12570902948016,44.49277655595108],[130.93343387900086,44.841708476000804],[131.61980025300022,45.10365631100052],[131.62238407400014,45.1236550910005],[131.60491744,45.14742625000065],[131.60522749900008,45.16463450100065],[131.61514937400045,45.18494334000064],[131.62775842400072,45.19848256500063],[131.64450158700015,45.20644073600067],[131.66692915900023,45.20959299800057],[131.71126753800036,45.20866282200069],[131.72315311800003,45.21532908200055],[131.76694966852767,45.2783640507439],[131.86389160156307,45.30352783203193],[131.88219059166715,45.30580868906071],[131.88841434800065,45.29113840700063],[131.90040328000055,45.27289662700065],[131.91456262200074,45.260132549000616],[131.9315124920006,45.24871205700066],[131.94990930200004,45.239720357000635],[131.9688228760008,45.23398427400059],[131.96964969900046,45.23382924400056],[131.99321270021892,45.229099291272064],[132.00009053883275,45.202963504539014],[132.88701241810668,45.0312407061146],[132.89761855728568,45.03695867726947],[132.92121952300067,45.02789866200061],[132.9533622640007,45.02438466400065],[132.9661780200006,45.02888051400066],[132.99263635200032,45.048465882000585],[133.02384891800057,45.05833608000046],[133.04968713400024,45.08174550400065],[133.07335494000017,45.09063385000064],[133.0924447990394,45.10351562500074],[133.17730712890648,45.10351562500074],[133.19152832031318,45.253479003906875],[133.1232570429204,45.36983853324227],[133.12720178300037,45.38508616100057],[133.12724992565086,45.385634987589356],[133.1987304687501,45.496276855469375],[133.31935838840343,45.5467629823051],[133.3302901620001,45.54926218700058],[133.3432656128831,45.5567688181917],[133.38237072947197,45.573135393042094],[133.41348921800045,45.573343405000685],[133.42516809100016,45.580423075000624],[133.4207675568407,45.58920146034495],[133.54132080078148,45.63891601562574],[133.5698852539067,45.85308837890699],[133.58387783276692,45.87582133644224],[133.58588179500066,45.876322327000594],[133.58606096175197,45.87936814357539],[133.5947831842135,45.89353864887045],[133.60303837100037,45.89864654600058],[133.60613895700067,45.90510610000052],[133.60657587641856,45.91269757402665],[133.6214312127645,45.936832205227404],[133.62773970600028,45.93776560500055],[133.6498572190003,45.92784373000069],[133.65812544800053,45.93450999000055],[133.69481571500057,46.02277333600068],[133.7200338140001,46.063752747000706],[133.71931034400018,46.07930735300056],[133.71410951334906,46.08740143858438],[133.74127197265716,46.13153076171949],[133.75980960885772,46.1732569592408],[133.76602583900035,46.177957662000665],[133.77512089000015,46.18669097900056],[133.78173547400058,46.19671620700046],[133.78648970600022,46.2066897590006],[133.7935177010006,46.21428619400058],[133.80623010300064,46.217386780000595],[133.8129480390005,46.21418284100059],[133.82121626900062,46.200126852000665],[133.8301046150001,46.19687123700055],[133.83661584500078,46.200436910000576],[133.8528422450006,46.21754180900069],[133.86090376900052,46.223587952000514],[133.8553227140004,46.23655873700068],[133.86958540900048,46.2445169070005],[133.89004927600035,46.250821432000464],[133.90245162000076,46.25898630800066],[133.90193485600003,46.27805491200064],[133.89408003800008,46.29133575400067],[133.89376997900047,46.30187774700062],[133.91599084500012,46.31298818000056],[133.9069991460001,46.32247080500065],[133.8963538010007,46.32719919900069],[133.8851916920006,46.32657908200065],[133.87444299400067,46.31978363100069],[133.86338423700022,46.33929148400068],[133.88085087100035,46.353657532000625],[133.9260160730006,46.37130503400061],[133.93387089100054,46.39076121100061],[133.92146854700047,46.41013987200057],[133.90180282518156,46.425392798369785],[133.96972656250068,46.517089843750625],[134.0697021484375,46.68127441406324],[134.12670898437534,46.809692382813125],[134.21228027343795,46.966674804688125],[134.29089355468807,47.09527587890693],[134.34088134765648,47.21649169921932],[134.34088134765648,47.345092773438125],[134.47306140562534,47.42876915201532],[134.4846383060003,47.43018097000055],[134.50045129400075,47.438914287000614],[134.53528121000045,47.46557932600069],[134.68647596424853,47.621778784844935],[134.77257938700052,47.71073232100082],[134.76736107368617,47.71784412309046],[134.6013236910004,47.944128927000634],[134.68741662600075,48.21984853100059],[134.83975283306643,48.44344278035845],[134.88786648307712,48.51406246864764],[134.92401996922115,48.56712740804562],[134.9196779109967,48.640316847099996],[134.91967773437568,48.64031982421949],[134.77709960937568,48.72607421875068],[134.5698852539066,48.79748535156324],[134.37011718750045,48.875915527344375],[134.20255389267334,48.94517370521817],[134.1630859375001,48.96148681640699],[134.07674705776185,48.99658073305096],[133.93469238281307,49.05432128906318],[133.6848754882816,49.140075683594375],[133.35650634765693,49.21148681640693],[133.14227294921886,49.275695800781875],[132.89947509765636,49.36853027343824],[132.7996826171883,49.48272705078193],[132.7639255675699,49.66822437303421],[132.76391601562534,49.66827392578193],[132.8026534464983,49.774726040089035],[132.84963752882197,49.90384030475053],[132.8496704101567,49.90393066406324],[132.95048678304522,50.00468955897418],[132.95666534788143,50.01086460125384],[132.95672607421943,50.01092529296949],[133.10668945312545,50.04669189453193],[133.19278813317726,50.119511955398366],[133.29229736328182,50.20367431640693],[133.48492431640716,50.353515625000625],[133.52539390192953,50.40590837649398],[133.60626178301652,50.51060158604628],[133.60632324218795,50.510681152344375],[133.63488769531318,50.68908691406318],[133.64910142665497,50.86038372783378],[133.6491088867191,50.86047363281324],[133.69189453125057,50.988891601563125],[133.77446733828572,51.04965062024132],[133.82751464843773,51.08868408203193],[133.8580832463258,51.13574363404308],[133.9202880859376,51.231506347656875],[134.1130981445317,51.38153076171949],[134.30492910758016,51.460819385007824],[134.32012939453125,51.46710205078193],[134.59149169921932,51.56707763671943],[134.86925062310172,51.677033155847596],[134.93399535239655,51.70266344063174],[134.93408203125068,51.70269775390693],[135.04489805718845,51.84129182162246],[135.04821581491922,51.845441235352894],[135.0482788085942,51.84552001953193],[135.05398544290153,51.85409567732614],[135.14807128906273,51.99548339843824],[135.14204031473878,52.01974996394529],[135.11968994140625,52.10968017578193],[135.0269165039067,52.166687011719375],[134.91271972656318,52.166687011719375],[134.8626708984383,52.223876953125625],[134.86987304687557,52.39508056640699],[134.8970051391292,52.558630023789874],[134.89831542968818,52.56652832031318],[134.99202413638545,52.66012785181823],[135.05548095703193,52.72351074218818],[135.2410888671883,52.93768310546943],[135.28387451171898,53.15167236328193],[135.24810791015648,53.28747558593818],[135.05548095703193,53.42309570312568],[134.78411865234386,53.49450683593824],[134.53430175781318,53.55151367187574],[134.30590820312534,53.61572265625068],[134.30586473609048,53.61573296830869],[134.30030692373907,53.61705149586214],[134.03448486328193,53.68011474609432],[133.75628662109443,53.694274902344375],[133.75618642522363,53.694267762980644],[133.73733837280918,53.692924762503196],[133.45648193359375,53.672912597656875],[133.13507080078193,53.587280273438125],[132.9064895036048,53.47553649167054],[132.8283081054692,53.437316894531875],[132.61407470703193,53.36590576171943],[132.46127827287648,53.28621304903561],[132.4498901367192,53.28027343750074],[132.40872423394603,53.27056967626845],[132.20727539062545,53.22308349609449],[132.0001220703133,53.22308349609449],[131.93940466509696,53.2292071318343],[131.78588867187523,53.244689941406875],[131.61468505859386,53.30169677734432],[131.46472167968784,53.380310058594375],[131.42907714843795,53.50152587890699],[131.41491699218773,53.63708496093818],[131.2863159179692,53.75152587890693],[131.16491699218795,53.92272949218807],[130.9223022460942,54.079711914063125],[130.7366943359383,54.16552734375057],[130.74389284047857,54.23684134212522],[130.74389648437557,54.236877441406875],[130.7925386699303,54.2573237966314],[130.87951660156273,54.29388427734449],[130.9872727042981,54.32512214822509],[131.15069580078125,54.372497558594375],[131.39349365234375,54.472473144531875],[131.57189941406318,54.57952880859443],[131.7216796875001,54.70092773437557],[131.85772563735088,54.78641403081548],[131.91448974609375,54.822082519531875],[131.9859008789066,54.986328125000625],[131.95892333984455,55.16870117187568],[131.9573959736814,55.17831792178799],[131.95727706499645,55.17906660610464],[131.95727539062568,55.17907714843824],[131.84307861328216,55.336120605469375],[131.70751953125068,55.414672851563125],[131.70751953125068,55.47888183593824],[131.72710329082247,55.55095007116347],[131.72885534141597,55.557397617348784],[131.72888183593818,55.55749511718824],[131.6860961914067,55.685913085938125],[131.69661248238572,55.692051961427694],[131.77165510627583,55.73585802626491],[131.7716891436221,55.73584668048284],[132.02383269487393,55.73894196267497],[132.21418957534036,55.73894196267497],[132.35695723569017,55.82222309787903],[132.46403298095254,55.774633877762426],[132.80905482679793,55.72704465764582],[133.3563308581389,55.762736572733274],[133.60090601265438,55.823880361362114],[133.64190673828136,55.834106445313125],[133.64325061599652,55.833658923855864],[133.89170958445072,55.75083926770412],[134.33190987052933,55.774633877762426],[134.5341640560249,55.78653118279158],[134.96246703707436,55.78653118279158],[135.35507810303636,55.72704465764582],[135.65251072876515,55.89360692805394],[135.78612840117466,56.03835940649765],[135.79528355576963,56.048273902687356],[135.8063241395356,56.05256746304087],[136.00952148437523,56.13153076171943],[136.25927734375057,56.27429199218807],[136.28801458304554,56.28424728958731],[136.38046329718077,56.31617700507422],[136.43875884448858,56.31248741347258],[136.4387857179339,56.31250765059724],[136.43890380859455,56.312500000000625],[136.5928200334672,56.42850363215376],[136.67094779963816,56.48733796976569],[136.75332941419936,56.55636040358695],[136.84710693359386,56.63488769531318],[137.00891113281284,56.82049560546943],[137.0992221986554,56.87921661910434],[137.19918814293248,56.94419448288511],[137.44665208753884,56.97274801495507],[137.7417052522618,57.148828129386516],[137.97489243083317,57.28683686772467],[138.0086121661136,57.33486194524511],[138.13208007812545,57.510498046875625],[138.47467041015727,57.77227783203199],[138.72210693359375,57.88171386718818],[138.72614587573503,57.88264889358334],[138.90764114511865,57.924532417287196],[139.1313104796667,58.10061253171864],[139.30628289023946,58.22309321911945],[139.32171630859432,58.23388671875074],[139.37890625000045,58.38153076171932],[139.3821194021059,58.481738265384024],[139.3835333462847,58.524156590756434],[139.45015825444796,58.65264748507127],[139.56667324259524,58.70766845169635],[139.6215209960942,58.73352050781318],[139.84051513671932,58.78112792968807],[139.99749755859477,58.83349609375068],[140.11651611328227,58.971496582031875],[140.24011230468852,59.128479003906875],[140.2401180719345,59.12851273228216],[140.24013930838362,59.12853968623733],[140.25109051782965,59.19268248441989],[140.27349853515648,59.32373046875074],[140.24939484630113,59.440503367228985],[140.24013930838362,59.48545883711188],[140.23911483908978,59.52336420099266],[140.23547363281284,59.66168212890693],[140.26986562049183,59.74128605544422],[140.31152313855853,59.83761906597476],[140.4114605008034,59.93755642821964],[140.4114605008034,59.93764458283533],[140.41149902343773,59.93768310546949],[140.41149902343773,60.05651855468824],[140.506933126283,60.14006802580525],[140.52567462908326,60.156466840756025],[140.75886180765463,60.303993423117504],[140.95873653214437,60.4134486293857],[141.10626311450585,60.48483245956061],[141.1505740525705,60.52668167884343],[141.19189453125068,60.565673828125625],[141.19188983181846,60.565702137022015],[141.19192371071574,60.56573413375884],[141.1820446820044,60.6250083060317],[141.15869140625102,60.76568603515699],[141.06829833984443,60.922729492188125],[140.97308349609386,61.10827636718807],[140.91589355468773,61.232116699219375],[140.74932861328125,61.293884277344375],[140.54949951171943,61.360473632813125],[140.3259277343751,61.422485351563125],[140.19587872423006,61.4455403066371],[140.1926751867545,61.44611236690059],[140.1069041607243,61.489058883490145],[140.13068410211542,61.64125050839414],[140.24013183311513,61.77449122439299],[140.45910644531284,61.95532226562574],[140.5575521131325,62.01197823668531],[140.64940660138643,62.06479456743193],[140.85404024788784,62.13617839760684],[141.04915605036592,62.20280330577009],[141.29661999497227,62.22183899381673],[141.54408393957863,62.21708007180507],[141.87720848039487,62.17900869571179],[142.029493984768,62.12666055358352],[142.1389491910362,62.083830255478574],[142.29123469540934,62.06955348944359],[142.54345756202736,62.07907133346691],[142.6338770802489,62.06479456743193],[142.661557540162,61.99905347514033],[142.67187500000057,61.97448730468818],[142.67190655723357,61.97447455959343],[142.6719484563422,61.97437504921038],[142.89561779089024,61.88395553098883],[143.15259957951992,61.83160738886056],[143.4571705882662,61.74594679265067],[143.6618042347676,61.707875416557386],[143.83312542718738,61.58414344425421],[143.95685739949056,61.5127596140793],[144.1586990641141,61.5174536062799],[144.1614990234384,61.51751708984443],[144.38989257812545,61.49371337890699],[144.40226917788402,61.48517401234113],[144.45178528870326,61.45089362792771],[144.44226744467994,61.3319205776362],[144.44969160072242,61.28985036006412],[144.45648193359386,61.25109863281324],[144.4565336069836,61.25107899125038],[144.45654421071492,61.251018903437966],[144.5564815729598,61.21294752734468],[144.68709320982066,61.19662107273723],[144.74688720703182,61.18908691406318],[144.8858412466301,61.19795056242589],[145.1227932923474,61.21294752734468],[145.38453400298874,61.26053674746129],[145.56710439782637,61.32943123607913],[145.63690185546955,61.355712890625625],[145.90332031250023,61.446105957031875],[145.96633855998118,61.46477258660639],[146.11264907077282,61.50800069206764],[146.4303338806816,61.517077400922176],[146.44578586534396,61.51751322613063],[146.58854127193888,61.45565254993937],[146.6599251021138,61.322402733612876],[146.74082677631202,61.246259981426306],[146.93594257878976,61.241501059414645],[147.1596119133378,61.317643811601215],[147.40707585794416,61.27481351349627],[147.61646842645723,61.222465371368],[147.61650782223933,61.2224752203133],[147.61651611328193,61.22247314453199],[147.6227256509468,61.22402967749031],[147.84489668301694,61.27957243550793],[148.0067000314134,61.322402733612876],[148.2113218577664,61.36047191060891],[148.22126988113882,61.359527804637366],[148.41120840240455,61.34143842165952],[148.6434093479047,61.301632545288044],[148.74432373046898,61.28430175781324],[148.8329016108563,61.26785346586644],[148.9489665897222,61.246259981426306],[149.15835915823527,61.25577782544963],[149.42961771289993,61.29860812355457],[149.62949243738967,61.34143842165952],[149.86267961596104,61.36999195372948],[150.01496512033418,61.41758117384609],[150.12917924861404,61.41758117384609],[150.30050044103382,61.36523303171782],[150.65741959190836,61.35095626568284],[150.95247275663132,61.37475087574114],[151.07144580692284,61.398545485799445],[151.27607945342425,61.3795097977528],[151.4378828018207,61.33667949964786],[151.65203429234543,61.1986707613097],[151.78052518666027,61.155840463204754],[151.96612314511503,61.160599385216415],[152.1993103236864,61.1986707613097],[152.52291702047933,61.25577782544963],[152.79893449715564,61.317643811601215],[152.88145214930114,61.31278983206323],[153.0416870117191,61.30328369140693],[153.08723632414217,61.28563495496945],[153.21296071217012,61.236742137402985],[153.43663004671816,61.21294752734468],[153.6507815372429,61.231983215391324],[153.91942669884452,61.27481070492206],[153.97912597656352,61.28430175781324],[154.10907427136203,61.28661078059531],[154.25040571071213,61.28909027953125],[154.59166930703464,61.32796841075782],[154.62628173828182,61.33190917968818],[154.62634165928011,61.33191842557062],[154.62636054963332,61.3319205776362],[154.87382449423967,61.36999195372948],[155.1974311910326,61.488965004021],[155.56386818593046,61.626973742359155],[155.81131419683322,61.76973105634147],[155.81775489156666,61.77281315798399],[156.1396977493414,61.926785829093774],[156.39667953797107,62.017205347315326],[156.65366132660074,62.12666055358352],[156.8535360510905,62.20280330577009],[157.14858921581344,62.36460665416655],[157.20632706374283,62.38935144613612],[157.3818969726567,62.46447753906318],[157.55792236328125,62.46447753906318],[157.6241627391163,62.46284385666013],[157.74345446727102,62.45978509439976],[158.0718200860756,62.474061860434745],[158.3145251086703,62.56924030066796],[158.58578366333495,62.66917766291283],[158.80469407587134,62.68345442894781],[159.03312233243105,62.707249039006115],[159.22347921289747,62.72628472705276],[159.31292734433202,62.730230968145406],[159.5471191406259,62.74047851562568],[159.63688210529904,62.77548223582431],[159.71840710211018,62.80718640125099],[159.9706299687282,62.869052387402576],[159.97067184119226,62.86907192788556],[159.97070312500034,62.86907958984443],[159.98730026030023,62.876831856802596],[160.18478145925292,62.96898974964745],[160.40845079380097,63.0832038779273],[160.47612682714578,63.1255013987676],[160.59887695312523,63.20208740234443],[160.77972412109455,63.33068847656324],[160.85055605071523,63.40157716253748],[160.85578946289706,63.406810574720225],[160.8557876663267,63.40681297014862],[160.85589599609443,63.40692138671943],[160.82727050781352,63.44488525390693],[160.75542471874223,63.47752341085237],[160.72253964657057,63.492471170930116],[160.70299003703758,63.50333206511573],[160.6797104628654,63.51628361137392],[160.68168978755034,63.54795280633016],[160.68450266264995,63.59242471772683],[160.73900878756,63.618074658861076],[160.76550292968784,63.63049316406318],[160.78466730131686,63.63641755746556],[160.8891019169787,63.66855128536156],[161.03662849934017,63.77800649162975],[161.03665590663047,63.778056738327564],[161.03668212890636,63.77807617187568],[161.05273233535775,63.80753019099359],[161.0937355634801,63.88270277588629],[161.11192545256574,63.9036911094459],[161.15570068359386,63.954101562500625],[161.16374400047698,64.01108376197476],[161.165119393655,64.02071151422462],[161.1244465121913,64.05053829396542],[161.09373927746674,64.07308317826318],[161.09982931988463,64.11165344690966],[161.10809105917042,64.16349936166534],[161.29361028796984,64.21106839469087],[161.50776177849457,64.23962192676083],[161.75522572310092,64.27769330285412],[161.7552322525636,64.27769800406668],[161.75531005859443,64.27770996093824],[161.87432861328193,64.36328125000068],[162.0508991020672,64.42481488295095],[162.09310918592882,64.43949665125058],[162.3500909745585,64.51088048142549],[162.52054039905056,64.56101266509967],[162.59289550781352,64.58227539062574],[162.77850341796943,64.67272949218807],[162.7950990983178,64.74228859111281],[162.80694748767792,64.79165688011346],[162.7854479040335,64.83226720477597],[162.76409912109398,64.87268066406313],[162.68811035156284,64.93927001953193],[162.71159603233082,64.96752937640781],[162.7593582675613,65.02484405868483],[162.88784916187615,65.13905818696469],[162.94980046656895,65.17951618186612],[163.12109375,65.29132080078188],[163.36853027343773,65.45788574218818],[163.81109619140636,65.61968994140699],[163.87411426613005,65.64461172357113],[164.19655271508282,65.77199481451555],[164.40118636158422,65.83386080066714],[164.4012659445891,65.83391120323654],[164.40130615234375,65.83392333984432],[164.42161153356676,65.8467967429226],[164.54395402193404,65.92428031888869],[164.58543357647238,65.96368589569988],[164.6392822265626,66.01470947265699],[164.62011718750057,66.14788818359438],[164.62010263754075,66.14790860949961],[164.6200967741206,66.14794965343674],[164.61156549862835,66.15989343912696],[164.57253230032597,66.21469004443537],[164.57563403693575,66.22916481528108],[164.58689785131207,66.28123609275428],[164.73431090240047,66.32878868987984],[165.01508730108844,66.48583311626481],[165.24351555764815,66.55721694643972],[165.43263738041242,66.58730450915209],[165.45288085937523,66.59051513671949],[165.50246737192958,66.59458424790239],[165.9763895474439,66.6333596986263],[166.30475516624847,66.6333596986263],[166.62360294102973,66.59052940052135],[166.62361111802534,66.59052956739885],[166.62371826171943,66.59051513671949],[166.85687255859398,66.59527587890693],[166.87886667004022,66.59451370672826],[167.12804867426576,66.58577047850969],[167.50330077976332,66.61356693076868],[167.51348876953193,66.61431884765693],[167.77532958984386,66.64288330078188],[168.07031250000057,66.75231933593807],[168.299466892709,66.82107824695771],[168.4034397733908,66.85227011116251],[168.47523198065073,66.86773304811078],[168.7128906250009,66.91888427734438],[169.0023454980959,66.93987877251038],[169.04113532295332,66.94268962938406],[169.31715279962964,66.95696639541904],[169.6360005744109,66.95220747340738],[169.78828607878404,66.9379307073724],[169.78828660348984,66.93793134254162],[169.78833007812545,66.93792724609438],[169.82633356516544,66.98398819088584],[169.8787055970056,67.0473859136406],[170.0214732573554,67.1187697438155],[170.14996415167025,67.2044303400254],[170.14997613522326,67.20445601906596],[170.15008544921932,67.20452880859449],[170.1768167398908,67.26197160049645],[170.18327660575187,67.2758141702003],[170.27214078722602,67.33357588815846],[170.27850341796955,67.33770751953188],[170.41168212890636,67.42327880859449],[170.41169951060886,67.42333731218082],[170.41170486231158,67.42334075256178],[170.41329135988542,67.4286951818736],[170.44989013671875,67.55187988281307],[170.37847900390636,67.62329101562568],[170.38493099823984,67.70167855716005],[170.38791025225328,67.73742960533139],[170.39067160719992,67.76918518721578],[170.39752197265705,67.84692382812574],[170.56408691406352,67.93731689453199],[170.60211181640716,67.98492431640693],[170.54510498046932,68.11352539062568],[170.5487411350448,68.11717090065929],[170.616338508813,68.18476827442765],[170.7115169490462,68.24663426057924],[170.75434724715114,68.35133054483578],[170.7542767625655,68.35137142185982],[170.7639160156258,68.47027587890688],[170.7639160156258,68.55133056640682],[170.89227294921955,68.62268066406313],[170.97808837890648,68.66552734375074],[170.91607666015682,68.75109863281318],[170.8494873046875,68.81292724609443],[170.8591308593751,68.92248535156324],[170.935302734375,68.92730712890688],[170.8796247196849,68.98892518784015],[170.89437910200024,68.99323151200053],[170.91928144600047,69.00608958500044],[170.94044030000055,69.0236270200005],[170.9553328790006,69.04515208500044],[170.9609481130003,69.05027903900043],[170.97925866000003,69.05585358300056],[170.99203535200024,69.05280182500047],[171.01547285200058,69.03725820500063],[171.05030358200054,69.02773672100062],[171.15943444100003,69.03725820500063],[171.15943444100003,69.04409414300045],[171.07056725400025,69.04511139500045],[171.02759850400082,69.05475495000047],[171.00928795700077,69.08161041900058],[171.00570722700036,69.10504791900053],[171.00427683887187,69.10809326171938],[170.99561608200065,69.12653229400047],[170.9802352220006,69.14435455900048],[170.9609481130003,69.15704987200058],[170.91944420700077,69.16498444200056],[170.90581891029024,69.16936400160711],[170.90007571700005,69.17121002800053],[170.89210045700008,69.18439362200047],[170.89665774800073,69.19403717700072],[170.9184676440001,69.21283600500044],[170.92611738400046,69.22215403900066],[170.9298608730005,69.23403554900051],[170.9294539720005,69.24164459800062],[170.92741946700028,69.24896881700045],[170.92611738400046,69.25975169500055],[170.91309655000066,69.30414459800056],[170.88941491000037,69.32758209800056],[170.85865319100003,69.3468285180005],[170.79704837300062,69.37641022300056],[170.76303144600024,69.38483307500059],[170.74854576900066,69.3911807310007],[170.74244225400003,69.40412018400065],[170.74398847700058,69.43292877800059],[170.74244225400003,69.44135163000044],[170.7317814460007,69.45652903900043],[170.71794681100062,69.46222565300047],[170.7024031910006,69.46613190300059],[170.68718509200062,69.47606028900049],[170.67774498800054,69.48875560100055],[170.6764429050006,69.49811432500059],[170.67872155000077,69.50731028900049],[170.68043053500026,69.52016836100051],[170.66765384200073,69.54043203300057],[170.6401002359961,69.56526854767412],[170.63835696700062,69.5668399110005],[170.6061304050006,69.5897891300005],[170.58415774800005,69.5995547550005],[170.51026855400073,69.60208845600044],[170.4669867790002,69.59532485500046],[170.28634677500042,69.57911656100055],[170.1804143980006,69.58463579500051],[170.16073290200063,69.61336663100059],[170.188218506,69.64072536300046],[170.23155301700058,69.68858894400057],[170.30265129100076,69.7118054140006],[170.35406850200013,69.72407360200049],[170.43315808500063,69.73765997300046],[170.4735760521395,69.73923958708724],[170.5004300390001,69.74028909400045],[170.55997576200048,69.75385352500058],[170.59177555900055,69.76472476100054],[170.57056725400037,69.78388092700044],[170.5688582690001,69.79124583500055],[170.56251061300077,69.79507070500046],[170.55494225400003,69.79840729400075],[170.5500594410006,69.8043887390005],[170.54542076900066,69.82070547100051],[170.54623457100013,69.82562897300056],[170.55103600400048,69.83014557500053],[170.55681399800017,69.8454043640005],[170.55616295700065,69.88104889500073],[170.5603133470006,69.89036692900044],[170.55648847700058,69.89785390800057],[170.5293074880003,69.92511627800047],[170.5227156910006,69.93846263200055],[170.52735436300088,69.96320221600047],[170.53549238400046,69.98541901200053],[170.5387475920005,70.00706614800049],[170.52898196700073,70.03034088700059],[170.5294628514863,70.03073578550794],[170.54127037900025,70.04043203300051],[170.55290774800062,70.05780670800073],[170.5593367850007,70.07697174700064],[170.55681399800017,70.09243398600057],[170.5299585300006,70.10553620000053],[170.40674889400066,70.11286041900053],[170.43246504000058,70.13410065300059],[170.48161868600016,70.14203522300056],[170.5341903000002,70.13963450700055],[170.61085045700054,70.11627838700053],[171.03809655000055,70.08075592700055],[171.31625410200058,70.07318756700067],[171.5475366550006,70.03856028900054],[171.94646243600016,70.00556061400044],[171.99447675900058,69.99306875200057],[172.3208113945086,69.9822858745083]]],[[[184.2018335300006,71.41205475500044],[184.38270104300022,71.38104889500062],[184.40105228000027,71.38108958500061],[184.41431725400082,71.37986888200044],[184.42070560000013,71.37832265800057],[184.42566979300045,71.37352122600049],[184.4252222010008,71.36416250200045],[184.40992272200083,71.35809967700055],[184.39124596400052,71.35394928600061],[184.3713485040006,71.3517520200005],[184.34974205800052,71.35700104400053],[184.33362877700017,71.36664459800045],[184.32142174600028,71.37563711100051],[184.3045760430001,71.38080475500067],[184.26189212300062,71.38369375200051],[184.24012291800057,71.38971588700059],[184.18921959700037,71.41168854400047],[184.2018335300006,71.41205475500044]]],[[[181.2950279023695,71.56778442586852],[181.60515384200073,71.54071686400056],[181.67680911600075,71.51837799700047],[181.7403670580004,71.51068756700045],[181.6951196620007,71.51312897300045],[181.6765242850007,71.51512278900043],[181.6584578790007,71.51752350500044],[181.67754153700025,71.50543854400053],[181.78467858200054,71.47801341400049],[181.8065291680001,71.47662995000059],[181.85222415500084,71.48517487200064],[181.87553958400076,71.48187897300068],[181.99427330800052,71.44863515800051],[181.98279869900057,71.44139232000055],[181.9458113940001,71.42877838700059],[181.95293216200048,71.42572663000061],[181.9665633470006,71.4177920590007],[181.97376549600062,71.41510651200048],[181.96989993600073,71.41347890800046],[181.9600936210005,71.4076602230005],[182.0291040370007,71.3964297550005],[182.22014407600057,71.3331973330005],[182.28162682400034,71.30524323100059],[182.29358971400063,71.30390045800056],[182.31788170700008,71.30487702000056],[182.3297225270005,71.30182526200065],[182.34461510500046,71.2931582700005],[182.4124048190008,71.28595612200053],[182.4514266290006,71.29486725500055],[182.46888268300074,71.29633209800056],[182.4858911470002,71.2934024110005],[182.50135338600012,71.28473541900053],[182.49378502700017,71.26862213700048],[182.51299075600048,71.25873444200045],[182.5402938160007,71.2499046900005],[182.55656985800056,71.23700592700055],[182.55408776100057,71.2226423200006],[182.54224694100014,71.20937734600045],[182.4921981130003,71.17377350500061],[182.41883385500012,71.14760976800056],[182.3623559910002,71.1170108090007],[182.31584720100057,71.11098867400045],[182.2480981780003,71.09296295800061],[182.1807153660003,71.08466217700061],[182.12232506600049,71.05255768400053],[182.06950931100016,71.0414492860005],[181.79338626400033,71.03839752800064],[181.68987063900056,71.0136172550005],[181.4069726900001,70.99732086800043],[181.12407474100053,70.98102448100059],[181.01970462300028,70.95066966400054],[180.65788821700062,70.90802643400059],[180.66374759200062,70.91107819200067],[180.6777449880003,70.9216983090007],[180.63550866000048,70.93024323100053],[180.54249108200065,70.91551341400049],[180.4987899100006,70.91966380400049],[180.33399498800054,70.96548086100057],[180.14661705800063,70.97943756700056],[180.11121666800068,70.99359772300068],[180.0924585300006,70.9967715520005],[180.0000113920005,70.99201084900045],[180.00000000000057,70.99201035500028],[180.0000000000008,70.99242290800055],[179.87486895400048,70.96034587100047],[179.86624067800074,70.94238589200046],[179.80698045100064,70.9130965990006],[179.66699336100044,70.87477850900058],[179.4525471610002,70.87349104400056],[179.3062627630004,70.87922004400048],[179.2171330090007,70.88060130400055],[179.13103274800028,70.87872955900048],[178.83204186300043,70.80853913000044],[178.79330488400024,70.80499909100052],[178.78956139400054,70.8129336610005],[178.78809655000077,70.83441803600044],[178.78345787900082,70.84284088700059],[178.74586022200083,70.88198476800045],[178.73878014400043,70.89435455900048],[178.7137150400007,70.9286563170005],[178.70191491000037,70.94245026200065],[178.69320722700047,70.95579661700043],[178.68165123800088,70.96832916900053],[178.66895592500066,70.97894928600056],[178.65691165500073,70.98680247600055],[178.6227319670004,71.03774648600074],[178.62224368600084,71.0510114600005],[178.62647545700077,71.06093984600062],[178.6340438160007,71.06948476800062],[178.66765384200073,71.09902578300051],[178.69695071700085,71.1154238950005],[178.82129967500043,71.16852448100059],[178.84766686300077,71.18378327000056],[178.86915123800088,71.2096621770005],[178.86394290500073,71.21393463700053],[178.8595483730004,71.21450429900074],[178.85580488400035,71.2130801450005],[178.8546655610005,71.21255117400051],[178.84864342500032,71.2096621770005],[178.8489689460007,71.20994700700044],[178.8546655610005,71.21263255400049],[178.90544681100062,71.23700592700055],[178.9159680180246,71.23952823982017],[179.18295332100035,71.30353424700058],[179.39128665500016,71.38328685100049],[179.44027754000012,71.39227936400056],[179.49976647200015,71.43219635600047],[179.56348717500055,71.45148346600064],[179.70004316500047,71.45856354400075],[179.7666121750009,71.46971263200044],[179.7584741550006,71.48029205900048],[179.75294030000077,71.48403554900057],[179.77182050900035,71.49013906500056],[179.79273522200015,71.49164459800056],[179.8346460300005,71.49017975500055],[179.85287519600058,71.49262116100044],[179.8654077480004,71.49884674700058],[179.86605879000035,71.50755442900072],[179.84864342500055,71.51752350500044],[180.0000000000008,71.53641963400048],[180.00000000000057,71.5366879880005],[180.0000134340005,71.5366885840005],[180.13713626400067,71.53864166900058],[180.08777916800068,71.55585358300056],[180.09925377700074,71.55849844000045],[180.20118248800065,71.56907786700054],[180.24256432400068,71.58319733300044],[180.2640486990008,71.58641185100049],[180.28455651100023,71.58323802300043],[180.30250084700026,71.5773379580005],[180.32129967500032,71.57367584800056],[180.38917076900066,71.58519114800049],[180.62794030000043,71.56907786700054],[180.6732283860008,71.55548737200058],[180.69316653700025,71.55756256700056],[180.71281985800022,71.56293366100056],[180.75713138100025,71.56907786700054],[180.79533938900022,71.58319733300044],[180.9254256520004,71.60004303600044],[181.26528974700034,71.57037995000053],[181.2950279023695,71.56778442586852]]]]}}]}