{"type":"FeatureCollection","features":[{"type":"Feature","properties":{"kind":"province","id":"gubernia-1897-60","name":"Таврическая губерния"},"geometry":{"type":"MultiPolygon","coordinates":[[[[34.07436735903512,47.430712425679246],[34.05414194048485,47.40691781562051],[34.039865174449865,47.38431293606477],[34.017260294894925,47.353379942988795],[34.00774245087107,47.32244694991371],[34.012501372882994,47.298652339854875],[33.99822460684801,47.265339885773784],[33.987517032321776,47.24630419772616],[33.970860805281234,47.21418147414808],[33.92922023767867,47.17729982855779],[33.879251556556945,47.14279764397361],[33.8625953295156,47.136848991458415],[33.85664667700129,47.117813303412746],[33.83642125845191,47.0856905798328],[33.822144492416925,47.07617273580948],[33.80310880437002,47.05951650876973],[33.78050392481436,47.040480820722195],[33.741242818218076,47.02501432418377],[33.703171442125054,47.00478890563412],[33.694843328604385,46.99051213959959],[33.69722278961075,46.960768877026524],[33.678187101563836,46.964338068535625],[33.67223844904944,46.957199685518404],[33.67937683206702,46.94054345847688],[33.68889467609007,46.94054345847688],[33.69008440659326,46.93221534495656],[33.68175629307258,46.89533369936726],[33.66628979653442,46.898902890875384],[33.635356803458805,46.87986720282874],[33.635356803458805,46.8644007062912],[33.6413054559732,46.85250340126098],[33.61275192390395,46.821570408185806],[33.572301086804565,46.808483372654365],[33.524711866687696,46.80134498963616],[33.497348065120825,46.80253472014006],[33.45451776701579,46.808483372654365],[33.433102617963314,46.814432025168585],[33.41644639092277,46.807293642150384],[33.392651780863936,46.78706822360162],[33.36766744030272,46.75851469153166],[33.34030363873585,46.74542765599924],[33.28795549660784,46.741858464490136],[33.234417623976576,46.75494550002345],[33.210623013918536,46.76208388303988],[33.16779271581359,46.7799298405844],[33.138049453240356,46.7811195710874],[33.103547268655994,46.7704119965601],[33.07023481457411,46.76446334404588],[33.02026613345167,46.743048194993236],[32.97148718283233,46.739479003484135],[32.92389796271545,46.732340620467795],[32.91913904070432,46.719253584934485],[32.90248281366298,46.72044331543749],[32.85489359354682,46.69664870538052],[32.79540706840053,46.67761301733299],[32.75733569230742,46.66928490381356],[32.71212593319691,46.663336251297565],[32.67286482660062,46.646680024257904],[32.640742103021914,46.62764433621028],[32.63598318100998,46.59790107363732],[32.64431129453066,46.588383229614884],[32.61337830145513,46.56458861955613],[32.59315288290495,46.56220915855101],[32.5574609678175,46.557450236538024],[32.53009716625071,46.55150158402371],[32.51701013071882,46.54079400949739],[32.492025790157605,46.54079400949739],[32.42302142098826,46.499153441896866],[32.37186300936335,46.46465125731082],[32.34449920779577,46.46584098781382],[32.32429499484323,46.47750322365664],[32.28979281025927,46.48345187617177],[32.25767008668119,46.484641606672994],[32.22316790209576,46.484641606672994],[32.18628625650601,46.4965389117033],[32.16844029896139,46.50129783371354],[32.13869703638914,46.50129783371354],[32.09705646878702,46.494159450696316],[32.07445158923154,46.48821079818298],[32.03875967414391,46.485831337175995],[32.00425748955999,46.489400528684214],[31.95547853894029,46.50843621673086],[31.90194066630893,46.513195138744734],[31.847213063175282,46.5310410962866],[31.778208694005933,46.54531786232202],[31.749655161935884,46.53817947930382],[31.698496750311065,46.5334205572926],[31.65090753019428,46.53223082679138],[31.618784806614592,46.5369897488026],[31.594990196557,46.55840489785533],[31.565246933984035,46.565543280871665],[31.593800466054084,46.5417486708147],[31.634251303153377,46.51081567773686],[31.665184296228553,46.494159450696316],[31.696117289305235,46.47274430164357],[31.719911899362913,46.45013942208783],[31.742516778918393,46.43467292555127],[31.73537839590081,46.46441618812423],[31.742516778918393,46.47869295415966],[31.760362736461317,46.485831337175995],[31.805572495573074,46.487021067679976],[31.86148982920964,46.47988268466089],[31.929304467876072,46.46322645762025],[31.972134765980393,46.447759961083605],[32.00187802855416,46.44300103907061],[32.02686236911467,46.44894969158669],[32.04351859615557,46.45489834410091],[32.06374401470602,46.45370861359693],[32.08515916375778,46.42872427303696],[32.089918085769526,46.40849885448731],[32.10538458230742,46.397791279960984],[32.10419485180451,46.38827343593766],[32.08634889426078,46.37756586141134],[32.07207212822562,46.37756586141134],[32.07564131973446,46.394222088451],[32.06731320621396,46.394222088451],[32.0458980571622,46.36566855638104],[32.02210344710301,46.351391790347385],[31.992360184530753,46.346632868334396],[31.935253120390648,46.33830475481496],[31.913837971338793,46.329976641294735],[31.872197403735875,46.33354583280375],[31.841264410660706,46.32283825827742],[31.807951956578904,46.31094095324809],[31.80914168708182,46.30261283972777],[31.823418453116176,46.3061820312359],[31.82698764462492,46.29904364821867],[31.819849261607345,46.29190526520145],[31.828177375127837,46.276438768664796],[31.82698764462492,46.26692092463961],[31.83531575814613,46.268110655142614],[31.847213063175282,46.277628499165935],[31.853161715689943,46.27405930765781],[31.857920637701604,46.260972272125386],[31.87100767323296,46.268110655142614],[31.87576659524462,46.27881822966903],[31.89123309178261,46.271679846651715],[31.907889318824218,46.27405930765781],[31.920976354355574,46.27049011614871],[31.929304467876072,46.281197690675036],[31.930494198378987,46.29309499570445],[31.91740716284683,46.29309499570445],[31.91978662385266,46.31569987525922],[31.930494198378987,46.31569987525922],[31.936442850893563,46.30380257023078],[31.954288808437376,46.29785391771567],[31.973324496483308,46.29428472620746],[31.989980723524923,46.28357715168113],[31.99473964553667,46.26930038564571],[32.04351859615557,46.250264697599064],[32.04470832665849,46.257403080616285],[32.06731320621396,46.250264697599064],[32.08872835526661,46.25621335011506],[32.11014350431908,46.251454428102065],[32.1196613483425,46.25264415860507],[32.1279894618629,46.22647008754032],[32.154163532927214,46.21219332150578],[32.1767684124818,46.20386520798546],[32.19580410052942,46.20386520798546],[32.221978171592845,46.183639789435816],[32.23863439863374,46.184829519938816],[32.24934197315998,46.19434736396214],[32.267187930704594,46.191967902956044],[32.28265442724178,46.190778172454905],[32.286223618750526,46.17531167591639],[32.27789550523012,46.174121945412494],[32.264808469698764,46.17650140641939],[32.2588598171841,46.170552753903394],[32.27313658321846,46.16341437088608],[32.269567391710424,46.143188952337326],[32.24458305114832,46.1396197608292],[32.16487110745345,46.15865544887584],[32.0958667382841,46.17174248440826],[32.049467248671036,46.181260328431584],[32.005447220062905,46.190778172454905],[31.956668269443206,46.19672682496726],[31.91740716284683,46.20029601647636],[31.86148982920964,46.20981386049968],[31.799623843058498,46.2229008960321],[31.763931927970063,46.2276598180451],[31.73537839590081,46.23836739256964],[31.710394055339506,46.24074685357574],[31.68897890628694,46.250264697599064],[31.683030253772365,46.25621335011506],[31.722291360368743,46.26216200262839],[31.716342707854167,46.26930038564571],[31.69492755880232,46.26930038564571],[31.637820494662215,46.26216200262839],[31.605697771083328,46.275249038161704],[31.577144239013187,46.29785391771567],[31.565246933984035,46.346632868334396],[31.57357504750444,46.362099364873714],[31.57357504750444,46.37637613090825],[31.55929828146946,46.37280693940012],[31.54859070694313,46.3549609818556],[31.55453935945851,46.3133204142541],[31.56405720348112,46.29547445671144],[31.586662083036593,46.276438768664796],[31.621164267620422,46.257403080616285],[31.665184296228553,46.24193658407874],[31.719911899362913,46.2300392790512],[31.798434112555583,46.2157625130139],[31.85911036820452,46.205054938489354],[31.892422822285525,46.19553709446603],[31.936442850893563,46.190778172454905],[31.973324496483308,46.18601925044271],[32.02091371660009,46.18245005893272],[32.05541590118561,46.1729322149094],[32.07564131973446,46.17174248440826],[32.09824619928993,46.16341437088608],[32.137507305886224,46.15746571837097],[32.17438895147597,46.15032733535375],[32.24458305114832,46.13605056931823],[32.267187930704594,46.13010191680588],[32.32191553383727,46.111066228759235],[32.36117664043445,46.10392784574103],[32.46230373318197,46.08132296618618],[32.533687563356345,46.067046200150756],[32.5455848683863,46.06466673914474],[32.565810286936035,46.06347700864076],[32.54796432939213,46.07061539165808],[32.54082594637464,46.07537431367107],[32.544395137883384,46.0837024271905],[32.570569208947695,46.0860818881974],[32.58841516649071,46.096789462723805],[32.616968698561564,46.09559973222072],[32.631245464595835,46.10392784574103],[32.659798996665884,46.10630730674713],[32.67883468471262,46.096789462723805],[32.69668064225643,46.10154838473591],[32.74783905388196,46.11820461177646],[32.78115150796297,46.11939434227769],[32.807325579027186,46.10630730674713],[32.85848399065281,46.111066228759235],[32.88941698372869,46.113445689764355],[32.91797051579874,46.107497037250134],[32.99768245949361,46.109876498254366],[33.0143386865346,46.11939434227769],[33.03218464407833,46.137240299823105],[33.02385653055792,46.14675814384643],[33.02742572206747,46.15746571837097],[33.05597925413672,46.15746571837097],[33.08810197771481,46.13605056931823],[33.115465779282744,46.132481377811885],[33.12617335380907,46.122963533787676],[33.13569119783159,46.12415326428979],[33.142829580849174,46.137240299823105],[33.15948580789007,46.14199922183343],[33.15710634688424,46.15151706585675],[33.173762573925856,46.15270679636162],[33.18684960945721,46.174121945412494],[33.18803933996013,46.187208980943936],[33.197557183983534,46.190778172454905],[33.197557183983534,46.19910628597336],[33.209454489012685,46.22409062653511],[33.224920985550675,46.22884954854632],[33.224920985550675,46.21219332150578],[33.207075028006855,46.183639789435816],[33.21778260253309,46.170552753903394],[33.21302368052143,46.15508625736585],[33.197557183983534,46.12891218630101],[33.197557183983534,46.11463542026647],[33.20826475850977,46.10392784574103],[33.20826475850977,46.12415326428979],[33.22849017705942,46.137240299823105],[33.25228478711781,46.14199922183343],[33.287976702204645,46.13367110831311],[33.29868427673088,46.13010191680588],[33.30225346823971,46.107497037250134],[33.31415077326967,46.113445689764355],[33.33199673081348,46.13010191680588],[33.339135113830174,46.096789462723805],[33.349842688356496,46.0908408102095],[33.37720648992443,46.102738115237145],[33.36530918489439,46.0825126966874],[33.370068106906146,46.07299485266408],[33.38672433394704,46.06823593065384],[33.38077568143318,46.05395916461744],[33.391483255958704,46.04801051210411],[33.405760021993686,46.034923476570796],[33.4152778660171,46.02302617154325],[33.43669301506966,46.015887788525134],[33.45096978110473,46.01826724953114],[33.46643627764263,46.02302617154325],[33.487851426694476,46.00874940550782],[33.508076845244034,46.00280075299173],[33.51878441977116,46.00042129198751],[33.51878441977116,46.00993913601083],[33.50688711474112,46.025405632548456],[33.49617954021488,46.034923476570796],[33.49261034870614,46.04801051210411],[33.49974873172363,46.057528356127435],[33.527112533291564,46.057528356127435],[33.5628044483784,46.046820781601106],[33.56637363988723,46.05038997310834],[33.554476334857995,46.06109754763476],[33.5306817248004,46.07061539165808],[33.52354334178282,46.0837024271905],[33.51759468926824,46.102738115237145],[33.541389299325836,46.092030540710724],[33.561614717875486,46.10392784574103],[33.55566606536091,46.108686767751365],[33.556855795863825,46.113445689764355],[33.58065040592221,46.11582515077045],[33.58421959743096,46.122963533787676],[33.58421959743096,46.13367110831311],[33.59492717195729,46.143188952337326],[33.612773129501015,46.137240299823105],[33.61348140013378,46.13605984876852],[33.634188278553665,46.10154838473591],[33.64965477509076,46.07656404417408],[33.65679315810825,46.06466673914474],[33.653223966599505,46.05395916461744],[33.646085583582014,46.06347700864076],[33.638947200565326,46.05990781713353],[33.63537800905658,46.046820781601106],[33.62704989553608,46.02897482405747],[33.63299854805075,45.9992315614845],[33.643706122576184,45.957590993882114],[33.63775747006241,45.945693688852785],[33.63775747006241,45.93260665332125],[33.650844505593675,45.93260665332125],[33.66869046313829,45.94331422784758],[33.699623456213466,45.94450395835156],[33.725797527277685,45.93855530583547],[33.74721267633025,45.93855530583547],[33.76267917286823,45.93498611432824],[33.76981755588572,45.92546827030492],[33.78171486091497,45.92784773130914],[33.79837108795578,45.92070934829192],[33.801940279464525,45.91000177376551],[33.78290459141788,45.91357096527461],[33.78052513041205,45.90286339074828],[33.79004297443537,45.896914738233086],[33.7840943219208,45.886207163708626],[33.79004297443537,45.874309858677435],[33.78290459141788,45.861222823145894],[33.776955938903214,45.875499589180436],[33.77338674739447,45.89810446873618],[33.76386890337115,45.90524285175527],[33.746022945827335,45.9088120432625],[33.725797527277685,45.896914738233086],[33.69605426470463,45.88382770270253],[33.690105612190855,45.86836120616312],[33.69724399520754,45.84099740459625],[33.687726151185025,45.82315144705261],[33.669880193641205,45.83980767409316],[33.65203423609659,45.85170497912257],[33.638947200565326,45.85170497912257],[33.61396286000393,45.86360228415288],[33.60206555497478,45.8624125536489],[33.59849636346603,45.85170497912257],[33.59016824994634,45.84694605711225],[33.58065040592221,45.85170497912257],[33.56994283139598,45.84337686560226],[33.56875310089306,45.83623848258415],[33.57708121441347,45.82315144705261],[33.563994178881316,45.82315144705261],[33.57113256189889,45.80649522001109],[33.554476334857995,45.81244387252629],[33.54733795184041,45.80530548950986],[33.54019956882292,45.811254142025064],[33.53544064681206,45.818392525042285],[33.5140254977587,45.80887468101896],[33.51521522826162,45.82434117755473],[33.49498980971197,45.827910369065606],[33.48666169619227,45.81244387252629],[33.472384930157205,45.81244387252629],[33.45691843361931,45.80649522001109],[33.43669301506966,45.80649522001109],[33.428364901549166,45.811254142025064],[33.423605979537506,45.8255309080596],[33.4069497524966,45.814823333533184],[33.38077568143318,45.792218453977526],[33.36245794542942,45.78286569293323],[33.33152495235354,45.762640274383585],[33.2875049237455,45.753122430360264],[33.26608977469294,45.753122430360264],[33.22920812910319,45.755501891366265],[33.20779298005063,45.76739919639569],[33.18042917848349,45.763830004886586],[33.167342142951334,45.7305175508054],[33.15901402943093,45.7209997067812],[33.145926993898776,45.7209997067812],[33.13283995836662,45.71148186275788],[33.090009660261494,45.709102401752666],[33.070973972214766,45.69601536622034],[33.054317745174664,45.69601536622034],[33.03052313511627,45.679359139179695],[32.99959014204039,45.674600217167594],[32.96031434741313,45.65575547352364],[32.89963809176419,45.62363274994369],[32.88536132572921,45.611735444916135],[32.86275644617364,45.605786792400934],[32.84491048863072,45.59388948737161],[32.86513590717947,45.58675110435429],[32.86275644617364,45.57009487731375],[32.84966941064238,45.56414622479855],[32.810408304046,45.56533595530165],[32.77709584996428,45.56295649429555],[32.76638827543796,45.55343865027223],[32.75568070091163,45.55224891977011],[32.74140393487665,45.540351614740786],[32.729506629847414,45.540351614740786],[32.721178516326916,45.522505657197144],[32.69262498425687,45.536782423231685],[32.65693306917003,45.512987813172934],[32.60815411855033,45.4987110471384],[32.5724622034627,45.47372670657656],[32.540339479883905,45.44517317450659],[32.520114061334255,45.43565533048327],[32.50821675630502,45.41424018143062],[32.491560529264916,45.4047223374073],[32.4986989122817,45.39520449338398],[32.51654486982551,45.390445571372766],[32.52130379183717,45.380927727349444],[32.5070270258021,45.3618920393028],[32.52844217485466,45.35118446477647],[32.53914974938099,45.35118446477647],[32.58198004748611,45.34047689025006],[32.602205466035755,45.34047689025006],[32.646225494643794,45.32263093270651],[32.66526118269053,45.320251471700416],[32.68191740973054,45.32857958522073],[32.68191740973054,45.33928715974706],[32.70809148079485,45.34404608176005],[32.75449097040872,45.37140988332612],[32.83896183611605,45.372599613829124],[32.91629431880509,45.360702308799794],[32.9745911134482,45.32857958522073],[33.040026291108,45.301215783653774],[33.07809766720146,45.27861090409989],[33.1221176958095,45.239349797503515],[33.15186095838256,45.223883300965085],[33.16732745492045,45.20008869090722],[33.218485866546075,45.19414003839212],[33.24347020710658,45.16677623682516],[33.27440320018246,45.148930279281515],[33.305336193258434,45.1834324638657],[33.34935622186647,45.17986327235758],[33.37434056242778,45.18105300286058],[33.3755302929307,45.20960653493054],[33.421929782543764,45.19770922990122],[33.49807253473069,45.156068662298836],[33.545661754847565,45.12156647771465],[33.598009896975206,45.05375183904742],[33.60777562855053,45.04774215807802],[33.613476393513196,45.0442339950241],[33.62537369854243,45.02043938496624],[33.615855854519026,45.02043938496624],[33.63013262055409,44.993075583400255],[33.63013262055409,44.94786582428788],[33.63132235105701,44.907414987190364],[33.6384607340745,44.900276604171275],[33.63013262055409,44.89432795165794],[33.63013262055409,44.87767172461731],[33.618235315524856,44.846738731541336],[33.60752774099853,44.844359270535236],[33.59325097496435,44.8300825045007],[33.57540501742053,44.831272235002814],[33.56826663440295,44.844359270535236],[33.552800137865056,44.844359270535236],[33.55161040736214,44.82651331299169],[33.53376444981832,44.81580573846527],[33.53852337182998,44.79082139790353],[33.530195258309575,44.762267865833564],[33.537333641327066,44.75275002181024],[33.545661754847565,44.71586837621996],[33.5397131023329,44.67303807811457],[33.52900552780666,44.66114077308701],[33.524246605795,44.6468640070507],[33.50878010925702,44.64210508504037],[33.532574719315406,44.63496670202129],[33.56707690390004,44.62425912749496],[33.58849205295269,44.619500205483746],[33.59682016647229,44.60522343944832],[33.57183582591178,44.612361822467406],[33.53614391082415,44.61831047498074],[33.49569307372486,44.62544885799797],[33.465949811151894,44.61831047498074],[33.44453466209933,44.61474128347164],[33.440965470590584,44.599274786934096],[33.42906816556135,44.612361822467406],[33.41598113002919,44.60522343944832],[33.4254989740526,44.59213640391767],[33.42311951304668,44.57904936838436],[33.41360166902336,44.58380829039744],[33.4088427470125,44.6004645174371],[33.40170436399501,44.58499802090044],[33.40170436399501,44.57310071587103],[33.381478945445274,44.586187751401674],[33.36720217941029,44.59094667341466],[33.363632987901546,44.58499802090044],[33.37909948443944,44.57548017687712],[33.39575571148034,44.5623931413447],[33.405273555503754,44.55882394983472],[33.42906816556135,44.539788261788075],[33.4909341517132,44.50647580770778],[33.530195258309575,44.50052715519178],[33.557559059876716,44.49933742468967],[33.57778447842636,44.49457850267845],[33.59682016647229,44.49457850267845],[33.64559911709199,44.46602497060849],[33.64930741332963,44.45953545219269],[33.66463480513881,44.43271251652642],[33.65868615262415,44.4255741335091],[33.67415264916213,44.40891790646856],[33.70627537274102,44.41248709797668],[33.73125971330233,44.40653844546246],[33.74077755732565,44.39345140993004],[33.744346748834396,44.383933565906716],[33.75624405386363,44.377984913392496],[33.765761897886954,44.379174643895595],[33.7943154299563,44.372036260877394],[33.81454084850594,44.381554104900715],[33.828817614540924,44.382743835403716],[33.83833545856434,44.38869248791892],[33.85618141610815,44.391071948924036],[33.87402737365197,44.39702060143914],[33.92161659376875,44.39345140993004],[33.94779066483297,44.385123296409816],[33.97872365790815,44.391071948924036],[33.995379884949045,44.38750275741582],[34.0072771899782,44.39583087093614],[34.03583072204834,44.39583087093614],[34.05486641009498,44.40653844546246],[34.071522637135885,44.40653844546246],[34.10007616920603,44.41605628948578],[34.14052700630532,44.41724601998888],[34.1548037723395,44.43985089954364],[34.17027026887749,44.46364550960239],[34.186926495918385,44.47316335362571],[34.207151914468035,44.48862985016423],[34.22737733301768,44.49100931116935],[34.24641302106441,44.49814769418755],[34.264258978608225,44.49338877217545],[34.28091520564904,44.517183382234194],[34.30827900721618,44.53502933977774],[34.330883886771744,44.54216772279506],[34.35348876632642,44.540977992292056],[34.368955262864404,44.5493061058114],[34.378473106887725,44.58856721240768],[34.39512933392863,44.60165424794099],[34.401077986443205,44.61355155297041],[34.42844178801034,44.63734616302738],[34.42963151851335,44.65281265956492],[34.448667206560074,44.670658617110334],[34.4748412776243,44.69445322716731],[34.51291265371776,44.72538622024328],[34.562881334839574,44.74323217778692],[34.63545489551775,44.771785709856886],[34.70326953418419,44.79320085890953],[34.748127484633734,44.805162979029845],[34.756807406814744,44.80747762494505],[34.81510420145794,44.81699546896837],[34.84246800302508,44.80985708595105],[34.9090929111878,44.81937492997437],[34.93526698225202,44.81580573846527],[34.95668213130458,44.834841426511915],[34.99713296840396,44.850307923049456],[35.01378919544477,44.841979809529235],[35.02687623097693,44.844359270535236],[35.072085990087885,44.82056466047649],[35.074465451093715,44.80985708595105],[35.112536827186375,44.79558031991563],[35.12086494070678,44.81223654695617],[35.13633143724477,44.81461600796227],[35.161315777806074,44.837220887518015],[35.163695238811904,44.86458468908498],[35.187489848870385,44.88956902964672],[35.19819742339662,44.909794448194596],[35.22437149446085,44.90622525668727],[35.241027721501744,44.9109841786976],[35.256494218039734,44.93596851926033],[35.26006340954848,44.95024528529389],[35.27315044507974,44.95857339881421],[35.29456559413239,44.96452205133029],[35.306462899161545,44.9609528598203],[35.32073966519662,44.9633323208272],[35.36119050229591,44.95976312931721],[35.374277537828064,44.94072744127057],[35.396882417383544,44.93596851926033],[35.39807214788646,44.944296632780556],[35.38022619034264,44.95143501579698],[35.374277537828064,44.96928097334053],[35.379036459839725,44.98117827836995],[35.40521053090395,44.996644774907494],[35.430194871465254,44.99545504440449],[35.43733325448284,45.01687019345714],[35.411159183418526,45.02400857647445],[35.40045160889229,45.03471615100078],[35.40996945291561,45.056131300053515],[35.43495379347701,45.079925910112266],[35.46112786454043,45.10015132866191],[35.488491666107564,45.11085890318823],[35.50514789314847,45.10847944218223],[35.55273711326534,45.11799728620555],[35.6146030994171,45.12037674721155],[35.67289989405941,45.11323836419344],[35.753801568258,45.076356718603165],[35.77283725630473,45.071597796591945],[35.806149710386535,45.04066480351588],[35.827564859438205,45.02876749848656],[35.827564859438205,45.01092154094292],[35.846600547485025,45.001403696919596],[35.8525491999996,44.98950639189027],[35.87991300156674,44.994265313903256],[35.91084599464271,45.007352349433816],[35.95010710123909,45.00497288842781],[35.96795305878282,45.00497288842781],[36.00721416537839,45.02400857647445],[36.014352548395976,45.03471615100078],[36.05361365499226,45.03709561200687],[36.08454664806823,45.03947507301288],[36.124997485167526,45.02995722898956],[36.1392742512026,45.03233668999654],[36.21898619489747,45.01568046295414],[36.23921161344712,45.01687019345714],[36.258247301493846,45.03471615100078],[36.28918029456973,45.04304426452109],[36.329631131669025,45.03947507301288],[36.372461429773345,45.04185453401986],[36.40577388385515,45.04304426452109],[36.41410199737555,45.05851076105952],[36.449793912463186,45.06326968307074],[36.47596798352741,45.066838874579844],[36.47834744453333,45.08706429312949],[36.46288094799525,45.10728971167913],[36.4509836429661,45.12394593871977],[36.4509836429661,45.141791896263406],[36.440276068439864,45.157258392801836],[36.437896607434034,45.21198599593566],[36.4509836429661,45.231021683983286],[36.449793912463186,45.25481629404115],[36.44146579894278,45.26076494655625],[36.44860418196027,45.27385198208779],[36.4561416856191,45.27347510690455],[36.472398792018666,45.27266225158381],[36.496193402077054,45.280990365104124],[36.516418820626704,45.300026053150766],[36.49738313257997,45.30954389717409],[36.49262421056831,45.31787201069618],[36.514039359620874,45.33928715974706],[36.52236747314128,45.34404608176005],[36.54259289169092,45.34404608176005],[36.5735258847661,45.33095904622674],[36.61516645236831,45.3238206632104],[36.634202140415034,45.33214877672983],[36.6472891759471,45.34404608176005],[36.65085836745594,45.3583228477937],[36.66632486399392,45.365461230812784],[36.64253025393544,45.376168805337336],[36.62825348790046,45.39401476288275],[36.63539187091795,45.39996341539609],[36.62825348790046,45.4082915289164],[36.62825348790046,45.41661964243663],[36.59613076432157,45.41661964243663],[36.579474537280674,45.40234287640209],[36.56757723225143,45.40710179841331],[36.55330046621725,45.40591206791031],[36.5330750476676,45.42375802545394],[36.50214205459163,45.43565533048327],[36.48905501905956,45.43922452199237],[36.48458326249168,45.43823079831054],[36.467639870007005,45.43446559998027],[36.45693229548068,45.42732721696304],[36.42718903290771,45.42970667796905],[36.41529172787847,45.43565533048327],[36.41053280586681,45.44755263551269],[36.385548465305504,45.451121827021794],[36.37841008228792,45.460639671045115],[36.36770250776249,45.45588074903301],[36.34509762820692,45.45588074903301],[36.32368247915445,45.466588323559336],[36.25943703199676,45.466588323559336],[36.19281212383316,45.464208862553235],[36.16782778327265,45.460639671045115],[36.091685031085724,45.43446559998027],[36.08573637857115,45.42732721696304],[36.09763368360039,45.41661964243663],[36.086926109074064,45.40948125941941],[36.073839073542,45.38568664936066],[36.069080151530336,45.372599613829124],[36.050044463483516,45.37140988332612],[36.02030120091055,45.360702308799794],[35.982229824817885,45.36427150030978],[35.94177898771859,45.378548266343344],[35.907276803133875,45.39877368489308],[35.88943084559015,45.42494775595695],[35.871584888046335,45.44041425249537],[35.88705138458432,45.461829401548115],[35.88824111508723,45.47134724557144],[35.856118391508346,45.468967784565336],[35.8358929729587,45.453501288026914],[35.83827243396453,45.44517317450659],[35.82875458994121,45.42256829495183],[35.80971890189528,45.41542991193363],[35.795442135860206,45.39877368489308],[35.77164752580182,45.39996341539609],[35.75023237674925,45.374979074836105],[35.76569887328724,45.36903042232002],[35.76569887328724,45.360702308799794],[35.73238641920544,45.32976931572374],[35.68360746858565,45.315492549690084],[35.664571780539006,45.315492549690084],[35.65267447550977,45.308354166672856],[35.62650040444635,45.308354166672856],[35.54559873024776,45.27980063460289],[35.526563042201026,45.27861090409989],[35.49919924063389,45.302405514156774],[35.459938134037515,45.3262001242165],[35.42067702744193,45.35237419527948],[35.38974403436596,45.36427150030978],[35.36238023279883,45.40234287640209],[35.31479101268204,45.436845060986364],[35.26601206206225,45.48443428110297],[35.23507906898708,45.522505657197144],[35.210094728425865,45.54748999775801],[35.181541196355724,45.56652568580465],[35.139900628753516,45.61411490592037],[35.08874221712799,45.66289385653998],[35.07341993957671,45.678589848178135],[35.039963266509,45.71286253766268],[35.01497892594769,45.756882566270185],[34.979287010860055,45.8068512473928],[34.95192320929292,45.840163701474864],[34.91623129420529,45.854440467509406],[34.899575067164385,45.918685914667535],[34.869831804592216,45.96865459579024],[34.854365308054234,46.02814112093617],[34.84484746403091,46.09714549010552],[34.831760428498754,46.161390937261785],[34.84246800302508,46.18994446933175],[34.86507288258047,46.21135961838439],[34.887677762136036,46.235154228443236],[34.923369677222865,46.233964497940136],[34.95787186180758,46.239913150454356],[35.03044542248568,46.2613282995071],[35.09112167813382,46.302968867109485],[35.11848547970095,46.33509159068855],[35.14228008975943,46.35174781772909],[35.185110387864555,46.36007593124941],[35.2208023029521,46.391008924325384],[35.214853650437526,46.42551110890868],[35.20057688440245,46.44454679695532],[35.187489848870385,46.465961946008065],[35.17559254384115,46.47904898154137],[35.14822874227401,46.48618736455771],[35.14822874227401,46.50165386109525],[35.1720233523324,46.49927440008924],[35.17797200484698,46.50641278310735],[35.187489848870385,46.50998197461557],[35.2041460759112,46.51593062713067],[35.199387153899536,46.49332574757502],[35.241027721501744,46.4469262579623],[35.26839152306808,46.450495449471404],[35.27671963658858,46.44097760544808],[35.277909367091496,46.42432137840568],[35.26839152306808,46.40885488186902],[35.28147855860024,46.35174781772909],[35.29813478564114,46.34817862621999],[35.31598074318496,46.3529375482321],[35.31836020419079,46.33509159068855],[35.330257509220026,46.32676347716735],[35.313601282179036,46.307727789120705],[35.29218613312656,46.27203587403342],[35.26363260105642,46.25418991648988],[35.248166104519235,46.24824126397468],[35.24935583502224,46.238723419951356],[35.27196071457683,46.238723419951356],[35.29456559413239,46.25418991648988],[35.32073966519662,46.29107156208006],[35.34096508374626,46.318435363647026],[35.34572400575792,46.34341970420878],[35.34572400575792,46.35888620074641],[35.379036459839725,46.36364512275851],[35.386174842857216,46.370783505775734],[35.3878814688628,46.372652667591375],[35.411159183418526,46.3981473073427],[35.451610020517016,46.42670083941177],[35.50157870163972,46.445736527458415],[35.56225495728866,46.46715167651195],[35.61579282992002,46.48737709506169],[35.643156631486356,46.50879224411256],[35.67527935506524,46.55043281171495],[35.720489114176196,46.58374526579702],[35.80139078837478,46.609919336860884],[35.840651894970364,46.627765294404526],[35.88824111508723,46.65393936546937],[35.95010710123909,46.65988801798359],[36.00602443487548,46.66345720949269],[36.04647527197477,46.67059559250991],[36.10001314460622,46.66583667049869],[36.15236128673467,46.67416478401901],[36.19400185433607,46.67416478401901],[36.24159107445295,46.65750855697749],[36.270144606523,46.626575563902406],[36.26181649300259,46.60278095384366],[36.24278080495586,46.5766068827797],[36.188053201821496,46.533776584674314],[36.17615589679315,46.52425874065099],[36.164258591763904,46.539725237188534],[36.15712020874633,46.52068954914189],[36.13332559868793,46.49689493908501],[36.1547407477405,46.50046413059225],[36.19281212383316,46.51949981863889],[36.234452691435365,46.552812272720956],[36.270144606523,46.598022031831555],[36.28561110306099,46.63490367742273],[36.2784727200434,46.65393936546937],[36.29750840809022,46.64561125194905],[36.30821598261646,46.65393936546937],[36.31059544362229,46.66940586200691],[36.334390053680686,46.684872358545334],[36.34390789770401,46.67178532301291],[36.35461547223033,46.694390202568655],[36.41529172787847,46.73365130916495],[36.47834744453333,46.7479280751986],[36.54140316118801,46.765774032742236],[36.58423345929242,46.769343224252225],[36.6234945658888,46.787189181794886],[36.738898424672016,46.78480972078888],[36.77815953126759,46.76220484123491],[36.80790279384065,46.74673834469559],[36.83407686490487,46.714615621118305],[36.83407686490487,46.702718316088976],[36.82217955987563,46.67892370603023],[36.80909252434356,46.693200472065655],[36.804333602331816,46.66821613150381],[36.78529791428508,46.66583667049869],[36.78053899227342,46.65393936546937],[36.766262226238354,46.65869828748049],[36.76150330422669,46.64442152144605],[36.769831417747184,46.63490367742273],[36.79243629730257,46.63847286893085],[36.82217955987563,46.66107774848659],[36.85073309194577,46.702718316088976],[36.87809689351291,46.74078969218226],[36.91021961709162,46.82050163587882],[36.88806611968727,46.82504538118434],[36.858322857114295,46.83218376420068],[36.82738986403886,46.84408106923],[36.803595253979935,46.88810109783849],[36.80954390649469,46.923793012926566],[36.82738986403886,46.93093139594299],[36.84880501309133,46.94758762298442],[36.86427150962905,46.948777353487515],[36.8702201621438,46.96305411952196],[36.857133126611025,46.970192502540165],[36.84404609107905,46.98208980756772],[36.8702201621438,46.98446926857382],[36.8702201621438,47.01064333963768],[36.89639423320767,47.026109836176204],[36.904722346728164,47.038007141205526],[36.92851695678638,47.040386602211626],[36.97372671589698,47.06656067327549],[37.02012620551085,47.07726824780182],[37.02845431903134,47.104632049368774],[37.01298782249362,47.12604719842152],[36.99038294293797,47.13080612043274],[36.98562402092649,47.14865207797726],[36.971347254891235,47.14984180848026],[36.95112183634203,47.16292884401171],[36.94160399231827,47.15816992200058],[36.934465609301135,47.16768776602292],[36.91067099924292,47.16649803551992],[36.86784070113726,47.191482376080785],[36.84880501309133,47.19981048960199],[36.85237420459954,47.21289752513441],[36.833338516552814,47.22241536915773],[36.81192336750043,47.23431267418715],[36.78455956593329,47.22598456066595],[36.75600603386359,47.23312294368406],[36.74172926782835,47.22836402167195],[36.73340115430785,47.23431267418715],[36.71198600525547,47.23431267418715],[36.68105301218003,47.22955375217407],[36.61918702602844,47.218846177649525],[36.58706430244982,47.21646671664263],[36.535905890824466,47.22479483016383],[36.47998855718763,47.24026132670039],[36.46690152165495,47.259297014748014],[36.42764041505901,47.27595324178856],[36.370533350918905,47.2985581213443],[36.31461601728216,47.335439766934584],[36.27892410219444,47.339008958442705],[36.19564296699047,47.38183925654721],[36.16470997391503,47.40206467509685],[36.123069406312645,47.430618207166816],[36.026701235576695,47.48772527130674],[35.96483524942511,47.518658264383696],[35.93747144785788,47.54483233544765],[35.885123305730055,47.55553990997397],[35.85775950416292,47.55553990997397],[35.830395702595695,47.567437215003395],[35.78994486549658,47.573385867517615],[35.7518734894032,47.58647290304906],[35.74711456739172,47.60788805210269],[35.72807887934499,47.61026751310781],[35.71380211330983,47.61978535713113],[35.72094049632776,47.62573400964544],[35.706663730292604,47.64120050618298],[35.70071507777785,47.662615655235626],[35.64836693565003,47.67689242127017],[35.63695433564002,47.68491208614164],[35.63814406614329,47.69205046915975],[35.61672891709091,47.709896426704276],[35.59412403753517,47.709896426704276],[35.56557050546556,47.70513750469129],[35.55129373943031,47.709896426704276],[35.54058616490407,47.714655348715496],[35.52155047685743,47.711086157207376],[35.50727371082218,47.71822454022371],[35.463253682214855,47.70275804368617],[35.433510419641884,47.711086157207376],[35.43113095863623,47.697999121674954],[35.418043923103454,47.711086157207376],[35.3918698520395,47.71822454022371],[35.379972547010794,47.706327235194294],[35.34428063192316,47.68729154714853],[35.28717356778306,47.67777370312521],[35.27170707124542,47.66230720658767],[35.27170707124542,47.63256394401382],[35.26932761023959,47.61233852546506],[35.2728968017479,47.599251489931746],[35.27170707124542,47.58378499339412],[35.27051734074207,47.56712876635358],[35.29669141180682,47.56712876635358],[35.31810656085929,47.554041730822036],[35.31572709985275,47.538575234284494],[35.32167575236742,47.53500604277451],[35.31096817784127,47.523108737745176],[35.30026060331503,47.51953954623697],[35.26932761023959,47.50764224120755],[35.23839461716344,47.49812439718423],[35.24077407816919,47.48503736165189],[35.22887677314048,47.476709248132465],[35.206271893584734,47.466001673606144],[35.17295943950364,47.461242751594924],[35.12893941089552,47.45886329058794],[35.09205776530541,47.466001673606144],[35.0599350417267,47.462432482097924],[35.03851989267352,47.4517249075716],[35.0111560911071,47.446965985558606],[34.9861717505457,47.42674056701074],[34.96594633199579,47.41960218399165],[34.94334145244084,47.41484326198132],[34.90883926785639,47.43387895002708],[34.89456250182114,47.43863787203918],[34.885044657797465,47.43387895002708],[34.88980357980966,47.41365353147832],[34.870767891763016,47.43268921952407],[34.862439778242525,47.457673560084935],[34.84578355120162,47.46005302109094],[34.82912732416063,47.469570865114264],[34.80057379209094,47.48027843964068],[34.76012295499182,47.50288331919642],[34.74227699744836,47.51834981573396],[34.70301589085172,47.53738550378149],[34.67208289777636,47.556421191827695],[34.64709855721492,47.55642119182721],[34.6066477201158,47.56593903585053],[34.58047364905194,47.56593903585053],[34.54835092547323,47.567128766353534],[34.52693577642076,47.579026071382955],[34.47934655630361,47.571887688364754],[34.450793024234,47.57783634087986],[34.41034218713489,47.57545687987474],[34.387737307579144,47.567128766353534],[34.387737307579144,47.552852000319],[34.385357846573406,47.54214442579267],[34.34371727897182,47.52310873774515],[34.32468159092518,47.530247120763256],[34.30088698086617,47.52667792925513],[34.30088698086617,47.51597035472872],[34.281851292820235,47.49931412768817],[34.272333448796466,47.47551951762854],[34.26162587427032,47.46719140410911],[34.23188261169735,47.4648119431031],[34.2092777321417,47.4576735600849],[34.20213934912438,47.43982760254215],[34.17834473906626,47.43387895002704],[34.16644743403684,47.42436110600461],[34.14384255448189,47.42436110600461],[34.12599659693764,47.432689219524036],[34.10458144788525,47.425550836507696],[34.07436735903512,47.430712425679246]],[[33.65385174453586,46.24256606874711],[33.66315739936345,46.24223372393184],[33.715458546104465,46.235166001399264],[33.76634614833897,46.25071499097092],[33.812993117053935,46.24223372393184],[33.85681299675586,46.22951182337321],[33.94021212264019,46.228098278866696],[33.964242379250926,46.218203467321096],[33.99534035839424,46.18993257719082],[34.00382162543332,46.16872940959311],[34.012302892472405,46.14893978650191],[34.03774669358965,46.1376314304498],[34.07025821723948,46.14328560847586],[34.0829801177981,46.14469915298237],[34.11407809694141,46.133390796930264],[34.14093544256517,46.123495985384665],[34.16637924368243,46.13056370791723],[34.19606367831922,46.150353331008425],[34.21302621239739,46.16872940959311],[34.18758241128013,46.199827388736416],[34.17061987720197,46.226684734360184],[34.162138610162884,46.254955624490464],[34.16072506565637,46.27191815856863],[34.198890767332244,46.28181297011423],[34.22150747943647,46.25778271350349],[34.23281583548858,46.22103055633413],[34.25967318111235,46.188519032684304],[34.28228989321657,46.16872940959311],[34.295011793775195,46.15318042002146],[34.295011793775195,46.11501471834558],[34.31056078334685,46.103706362293465],[34.32893686193153,46.103706362293465],[34.34165876249016,46.113601173839065],[34.33883167347713,46.13621788594329],[34.34448585150319,46.15459396452797],[34.35720775206181,46.16448877607357],[34.37275674163347,46.16731586508659],[34.34872648502273,46.17721067663219],[34.32045559489245,46.18286485465825],[34.32752331742502,46.21254928929504],[34.36003484107484,46.216789922814584],[34.39395990923118,46.188519032684304],[34.429298521894026,46.16872940959311],[34.457569412024306,46.16166168706054],[34.48159966863504,46.157421053541],[34.49820881658658,46.14893978650191],[34.53213388474292,46.163075231567056],[34.5505099633276,46.18710548817779],[34.547682874314575,46.19558675521687],[34.59291629852302,46.198413844229904],[34.6013975655621,46.15883459804751],[34.59574338753605,46.13480434143678],[34.5505099633276,46.13056370791723],[34.54202869628852,46.13904497495632],[34.517998439677775,46.13904497495632],[34.481246282508415,46.11925535186512],[34.46852438194979,46.11077408482604],[34.46428374843025,46.08815737272182],[34.44873475885859,46.06836774963062],[34.43035868027391,46.05423230456548],[34.4289451357674,46.04009685950034],[34.460043114910704,46.0259614144352],[34.4798327380019,46.0259614144352],[34.48548691602796,46.0160666028896],[34.48831400504098,45.999104068811434],[34.537788062768975,45.99769052430492],[34.57312667543182,46.010412424863546],[34.6013975655621,46.03161559246126],[34.624014277666326,46.047164582032906],[34.633909089211926,46.076849016669705],[34.63532263371844,46.11077408482604],[34.642390356251006,46.14045851946283],[34.64804453427706,46.178624221138705],[34.64804453427706,46.19275966620385],[34.734321916145284,46.19603602247733],[34.732150432414656,46.13197725242376],[34.72508270988209,46.129150163410735],[34.70812017580392,46.11218762933257],[34.5851418037372,45.99203634627888],[34.580194397964405,45.98072799022677],[34.58726212049697,45.966592545161625],[34.58726212049697,45.95104355558997],[34.57312667543184,45.93973519953786],[34.551923507834125,45.938321655031345],[34.542028696288526,45.92559975447272],[34.520825528690814,45.91711848743363],[34.50810362813219,45.929840387992265],[34.49962236109311,45.94680292207043],[34.49679527208008,45.97790090121374],[34.49114109405402,45.984968623746305],[34.474178559975854,45.987795712759336],[34.45014830336512,46.00051761331796],[34.42611804675438,46.00051761331796],[34.41198260168924,46.00758533585053],[34.399260701130615,46.02878850344824],[34.38229816705245,46.03726977048733],[34.36250854396125,46.03726977048733],[34.3469595543896,46.02737495894173],[34.332824109324456,46.01748014739613],[34.321515753272344,46.00334470233099],[34.294658407648576,46.00758533585053],[34.294658407648576,46.02030723640916],[34.28193650708995,46.033029136967784],[34.256492705972704,46.03726977048733],[34.221154093309856,46.03585622598081],[34.199950925712145,46.03161559246127],[34.17309358008838,46.024547869928696],[34.13916851193204,46.02172078091567],[34.11655179982782,46.04292394851338],[34.10807053278874,46.05847293808503],[34.086867365191026,46.07402192765669],[34.0543558415412,46.090984461734855],[34.0133630508523,46.0952250952544],[33.97943798269596,46.09239800624137],[33.96106190411128,46.08674382821531],[33.93985873651357,46.06836774963063],[33.91724202440935,46.0655406606176],[33.886144045266036,46.07119483864366],[33.85363252161622,46.090984461734855],[33.85363252161622,46.11501471834559],[33.85221897710971,46.15318042002147],[33.81829390895337,46.18145131015175],[33.809812641914284,46.165902320580095],[33.809812641914284,46.13480434143679],[33.801331374875204,46.12490952989119],[33.77447402925144,46.127736618904216],[33.76740630671887,46.14469915298238],[33.7504437726407,46.15035333100844],[33.72641351602996,46.16307523156707],[33.69814262589968,46.18851903268432],[33.67411236928894,46.213962833801574],[33.65385174453586,46.24256606874711]]]]}},{"type":"Feature","properties":{"kind":"district","id":"uyezd-1897-340","name":"Мелитопольский","provinceId":"gubernia-1897-60"},"geometry":{"type":"MultiPolygon","coordinates":[[[[33.879251556556945,47.14279764397361],[33.93088079445996,47.12216955826357],[34.0153516601672,47.082908451667194],[34.09506360386216,47.0388884230588],[34.11290956140562,47.02699111803125],[34.076027915815516,46.991299202942194],[34.05223330575739,46.96750459288522],[34.109340369897495,46.924674294778946],[34.19262150510147,46.88184399667533],[34.22236476767435,46.779527173424896],[34.14741174599007,46.77595798191491],[34.181913930575234,46.61534436402145],[34.20094961862196,46.54277080334309],[34.32111239941604,46.55228864736641],[34.34133781796524,46.44878209361377],[34.44365464121594,46.459489668140094],[34.56857634402239,46.469007512162534],[34.576904457542796,46.42498748355503],[34.68754939431408,46.43450532757923],[34.70182616034924,46.33813715684302],[34.7244310399041,46.26080467415345],[34.73989753644191,46.1965592269962],[34.74004384414846,46.19625331088251],[34.752984571974594,46.169195425428356],[34.77558945152954,46.151349467884806],[34.8017635225935,46.15491865939293],[34.831760428498754,46.161390937261785],[34.84246800302508,46.18994446933175],[34.86507288258047,46.21135961838439],[34.887677762136036,46.235154228443236],[34.923369677222865,46.233964497940136],[34.95787186180758,46.239913150454356],[35.03044542248568,46.2613282995071],[35.09112167813382,46.302968867109485],[35.11848547970095,46.33509159068855],[35.14228008975943,46.35174781772909],[35.185110387864555,46.36007593124941],[35.2208023029521,46.391008924325384],[35.214853650437526,46.42551110890868],[35.20057688440245,46.44454679695532],[35.187489848870385,46.465961946008065],[35.17559254384115,46.47904898154137],[35.14822874227401,46.48618736455771],[35.14822874227401,46.50165386109525],[35.1720233523324,46.49927440008924],[35.17797200484698,46.50641278310735],[35.187489848870385,46.50998197461557],[35.2041460759112,46.51593062713067],[35.199387153899536,46.49332574757502],[35.241027721501744,46.4469262579623],[35.26839152306808,46.450495449471404],[35.27671963658858,46.44097760544808],[35.277909367091496,46.42432137840568],[35.26839152306808,46.40885488186902],[35.28147855860024,46.35174781772909],[35.29813478564114,46.34817862621999],[35.31598074318496,46.3529375482321],[35.31836020419079,46.33509159068855],[35.330257509220026,46.32676347716735],[35.313601282179036,46.307727789120705],[35.29218613312656,46.27203587403342],[35.26363260105642,46.25418991648988],[35.248166104519235,46.24824126397468],[35.24935583502224,46.238723419951356],[35.27196071457683,46.238723419951356],[35.29456559413239,46.25418991648988],[35.32073966519662,46.29107156208006],[35.34096508374626,46.318435363647026],[35.34572400575792,46.34341970420878],[35.34572400575792,46.35888620074641],[35.379036459839725,46.36364512275851],[35.386174842857216,46.370783505775734],[35.3878814688628,46.372652667591375],[35.37759308600505,46.386916107462625],[35.36807524198137,46.40952098701659],[35.356177936951866,46.42736694456112],[35.34071144041415,46.43331559707623],[35.306209255829785,46.5023199662446],[35.31215790834454,46.55228864736641],[35.299070872812564,46.56180649139063],[35.28598383728058,46.57965244893515],[35.29312222029781,46.60701625050211],[35.30264006432078,46.61534436402145],[35.28479410677731,46.632000591062976],[35.281224915268304,46.65817466212684],[35.290742759292066,46.68077954168258],[35.28717356778306,46.68791792469892],[35.305019525326514,46.711712534757666],[35.34190117091742,46.71885091777587],[35.36212658946662,46.74383525833673],[35.356177936951866,46.74740444984494],[35.34547036242563,46.75692229386915],[35.387110930028015,46.79737313096756],[35.40495688757148,46.79975259197276],[35.39068012153703,46.8128396275051],[35.40138769606327,46.8211677410263],[35.388300660531286,46.83782396806605],[35.39305958254277,46.850911003598384],[35.416854192600894,46.850911003598384],[35.43945907215664,46.859239117119586],[35.43707961115019,46.88065426617233],[35.43232068913861,46.89493103220687],[35.44421799416812,46.89850022371499],[35.45254610768862,46.89017211019476],[35.46444341271732,46.89136184069865],[35.468012604226246,46.89968995421808],[35.45611529919683,46.91158725924741],[35.483479100763965,46.94608944383258],[35.47872017875248,46.95798674886102],[35.47990990925575,46.96988405389043],[35.45968449070584,46.96631486238222],[35.44183853316238,46.97583270640465],[35.445407724670595,46.991299202942194],[35.44302826366485,47.011524621491844],[35.46444341271732,46.9972478554573],[35.47515098724356,47.009145160486725],[35.46444341271732,47.02699111803125],[35.48109963975823,47.03769869255579],[35.469202334728806,47.04364734507179],[35.47277152623773,47.061493302614544],[35.484668831267236,47.06863168563265],[35.484668831267236,47.079339260159074],[35.500135327804955,47.08409818217029],[35.498945597301685,47.11265171424114],[35.515601824342674,47.13168740228689],[35.516791554845945,47.14596416832134],[35.528688859874656,47.14596416832134],[35.53939643440089,47.16024093435686],[35.53463751238932,47.173327969888305],[35.544155356413086,47.19474311894104],[35.558432122447535,47.20426096296525],[35.59293430703269,47.22091719000491],[35.613159725581895,47.230435034029114],[35.60126242055239,47.239952878052435],[35.606021342564674,47.250660452578856],[35.63814406614329,47.25779883559519],[35.64647217966379,47.27683452364272],[35.629815952622884,47.29111128967814],[35.6250570306114,47.31371616923211],[35.63219541362854,47.33394158778176],[35.65836948469249,47.36606431136171],[35.68454355575645,47.387479460414454],[35.72856358436449,47.402945956951996],[35.76425549945221,47.42436110600464],[35.68811274726537,47.457673560084935],[35.626246761113784,47.48027843964068],[35.5762780799917,47.49812439718423],[35.55605266144179,47.60520014244686],[35.470392065232076,47.61590771697318],[35.528688859874656,47.67896343362733],[35.63695433564002,47.68491208614164],[35.63814406614329,47.69205046915975],[35.61672891709091,47.709896426704276],[35.59412403753517,47.709896426704276],[35.56557050546556,47.70513750469129],[35.55129373943031,47.709896426704276],[35.54058616490407,47.714655348715496],[35.52155047685743,47.711086157207376],[35.50727371082218,47.71822454022371],[35.463253682214855,47.70275804368617],[35.433510419641884,47.711086157207376],[35.43113095863623,47.697999121674954],[35.418043923103454,47.711086157207376],[35.3918698520395,47.71822454022371],[35.379972547010794,47.706327235194294],[35.34428063192316,47.68729154714853],[35.28717356778306,47.67777370312521],[35.27170707124542,47.66230720658767],[35.27170707124542,47.63256394401382],[35.26932761023959,47.61233852546506],[35.2728968017479,47.599251489931746],[35.27170707124542,47.58378499339412],[35.27051734074207,47.56712876635358],[35.29669141180682,47.56712876635358],[35.31810656085929,47.554041730822036],[35.31572709985275,47.538575234284494],[35.32167575236742,47.53500604277451],[35.31096817784127,47.523108737745176],[35.30026060331503,47.51953954623697],[35.26932761023959,47.50764224120755],[35.23839461716344,47.49812439718423],[35.24077407816919,47.48503736165189],[35.22887677314048,47.476709248132465],[35.206271893584734,47.466001673606144],[35.17295943950364,47.461242751594924],[35.12893941089552,47.45886329058794],[35.09205776530541,47.466001673606144],[35.0599350417267,47.462432482097924],[35.03851989267352,47.4517249075716],[35.0111560911071,47.446965985558606],[34.9861717505457,47.42674056701074],[34.96594633199579,47.41960218399165],[34.94334145244084,47.41484326198132],[34.90883926785639,47.43387895002708],[34.89456250182114,47.43863787203918],[34.885044657797465,47.43387895002708],[34.88980357980966,47.41365353147832],[34.870767891763016,47.43268921952407],[34.862439778242525,47.457673560084935],[34.84578355120162,47.46005302109094],[34.82912732416063,47.469570865114264],[34.80057379209094,47.48027843964068],[34.76012295499182,47.50288331919642],[34.74227699744836,47.51834981573396],[34.70301589085172,47.53738550378149],[34.67208289777636,47.55642119182725],[34.64709855721488,47.55642119182725],[34.60664772011577,47.56593903585057],[34.580473649051896,47.56593903585057],[34.54835092547319,47.56712876635358],[34.526935776420714,47.57902607138299],[34.479346556303575,47.57188768836479],[34.45079302423397,47.5778363408799],[34.41034218713485,47.57545687987478],[34.38773730757911,47.56712876635358],[34.38773730757911,47.552852000319035],[34.38535784657337,47.54214442579271],[34.34371727897178,47.523108737745176],[34.32468159092514,47.53024712076329],[34.300886980866125,47.52667792925517],[34.300886980866125,47.51597035472875],[34.28185129282019,47.49931412768821],[34.27233344879643,47.47551951762857],[34.26162587427028,47.467191404109144],[34.231882611697316,47.464811943103136],[34.20927773214166,47.457673560084935],[34.202139349124344,47.43982760254218],[34.17834473906622,47.43387895002708],[34.166447434036805,47.42436110600464],[34.14384255448186,47.42436110600464],[34.1259965969376,47.43268921952407],[34.10458144788522,47.42555083650774],[34.07436735903494,47.43071242567926],[34.05414194048485,47.40691781562051],[34.039865174449865,47.38431293606477],[34.017260294894925,47.353379942988795],[34.00774245087107,47.32244694991371],[34.012501372882994,47.298652339854875],[33.99822460684801,47.265339885773784],[33.987517032321776,47.24630419772616],[33.970860805281234,47.21418147414808],[33.92922023767867,47.17729982855779],[33.879251556556945,47.14279764397361]]]]}},{"type":"Feature","properties":{"kind":"district","id":"uyezd-1897-341","name":"Перекопский","provinceId":"gubernia-1897-60"},"geometry":{"type":"MultiPolygon","coordinates":[[[[34.74004384414846,46.19625331088251],[34.734321916145284,46.19603602247733],[34.732150432414656,46.13197725242376],[34.72508270988209,46.129150163410735],[34.70812017580392,46.11218762933257],[34.5851418037372,45.99203634627888],[34.580194397964405,45.98072799022677],[34.58726212049697,45.966592545161625],[34.58726212049697,45.95104355558997],[34.57312667543184,45.93973519953786],[34.551923507834125,45.938321655031345],[34.542028696288526,45.92559975447272],[34.520825528690814,45.91711848743363],[34.50810362813219,45.929840387992265],[34.49962236109311,45.94680292207043],[34.49679527208008,45.97790090121374],[34.49114109405402,45.984968623746305],[34.474178559975854,45.987795712759336],[34.45014830336512,46.00051761331796],[34.42611804675438,46.00051761331796],[34.41198260168924,46.00758533585053],[34.399260701130615,46.02878850344824],[34.38229816705245,46.03726977048733],[34.36250854396125,46.03726977048733],[34.3469595543896,46.02737495894173],[34.332824109324456,46.01748014739613],[34.321515753272344,46.00334470233099],[34.294658407648576,46.00758533585053],[34.294658407648576,46.02030723640916],[34.28193650708995,46.033029136967784],[34.256492705972704,46.03726977048733],[34.221154093309856,46.03585622598081],[34.199950925712145,46.03161559246127],[34.17309358008838,46.024547869928696],[34.13916851193204,46.02172078091567],[34.11655179982782,46.04292394851338],[34.10807053278874,46.05847293808503],[34.086867365191026,46.07402192765669],[34.0543558415412,46.090984461734855],[34.0133630508523,46.0952250952544],[33.97943798269596,46.09239800624137],[33.96106190411128,46.08674382821531],[33.93985873651357,46.06836774963063],[33.91724202440935,46.0655406606176],[33.886144045266036,46.07119483864366],[33.85363252161622,46.090984461734855],[33.85363252161622,46.11501471834559],[33.85221897710971,46.15318042002147],[33.81829390895337,46.18145131015175],[33.809812641914284,46.165902320580095],[33.809812641914284,46.13480434143679],[33.801331374875204,46.12490952989119],[33.77447402925144,46.127736618904216],[33.76740630671887,46.14469915298238],[33.7504437726407,46.15035333100844],[33.72641351602996,46.16307523156707],[33.69814262589968,46.18851903268432],[33.67411236928894,46.213962833801574],[33.65385174453586,46.24256606874711],[33.62357815318106,46.24364726843835],[33.63347296472666,46.22103055633413],[33.630645875713626,46.13904497495632],[33.61348140013378,46.13605984876852],[33.634188278553665,46.10154838473591],[33.64965477509076,46.07656404417408],[33.65679315810825,46.06466673914474],[33.653223966599505,46.05395916461744],[33.646085583582014,46.06347700864076],[33.638947200565326,46.05990781713353],[33.63537800905658,46.046820781601106],[33.62704989553608,46.02897482405747],[33.63299854805075,45.9992315614845],[33.643706122576184,45.957590993882114],[33.63775747006241,45.945693688852785],[33.63775747006241,45.93260665332125],[33.650844505593675,45.93260665332125],[33.66869046313829,45.94331422784758],[33.699623456213466,45.94450395835156],[33.725797527277685,45.93855530583547],[33.74721267633025,45.93855530583547],[33.76267917286823,45.93498611432824],[33.76981755588572,45.92546827030492],[33.78171486091497,45.92784773130914],[33.79837108795578,45.92070934829192],[33.801940279464525,45.91000177376551],[33.78290459141788,45.91357096527461],[33.78052513041205,45.90286339074828],[33.79004297443537,45.896914738233086],[33.7840943219208,45.886207163708626],[33.79004297443537,45.874309858677435],[33.78290459141788,45.861222823145894],[33.776955938903214,45.875499589180436],[33.77338674739447,45.89810446873618],[33.76386890337115,45.90524285175527],[33.746022945827335,45.9088120432625],[33.725797527277685,45.896914738233086],[33.69605426470463,45.88382770270253],[33.690105612190855,45.86836120616312],[33.69724399520754,45.84099740459625],[33.687726151185025,45.82315144705261],[33.70633017805784,45.7967216498301],[33.74559128465422,45.75746054323372],[33.768196164209606,45.73485566367896],[33.74678101515713,45.722958358649535],[33.753919398174624,45.715819975632314],[33.77295508622135,45.7170097061362],[33.796749696279655,45.69678428758655],[33.79912915728558,45.670610216522604],[33.82768268935483,45.659902641996275],[33.833631341869406,45.63729776244053],[33.816975114828594,45.61945180489698],[33.79912915728558,45.6146928828839],[33.80864700130819,45.60279557785635],[33.826492958851915,45.59565719483726],[33.833631341869406,45.60993396087366],[33.84433891639573,45.60160584735334],[33.85980541293372,45.563534471260056],[33.87170271796287,45.565913932265175],[33.88716921450085,45.53379120868709],[33.885979483997936,45.493340371587706],[33.91572274657099,45.488581449575605],[33.92286112958848,45.46121764800864],[33.9323789736119,45.440992229459],[33.93475843461773,45.41481815839504],[33.954983853167285,45.349382980734],[33.98472711574034,45.343434328219686],[34.018039569821255,45.30536295212738],[34.00138334278044,45.280378611566434],[33.99662442076878,45.257773732010776],[33.98591684624245,45.24111750497014],[34.021608761330086,45.23635858295803],[34.05135202390306,45.2220818169235],[34.0549212154118,45.20066666787085],[34.022798491833,45.181630979824206],[34.05373148490889,45.1257136461864],[34.07514663396154,45.13523149020972],[34.09656178301401,45.14355960373092],[34.10964881854616,45.16140556127447],[34.114407740557915,45.178061788315105],[34.11321801005491,45.19114882384753],[34.12630504558707,45.19709747636175],[34.12035639307249,45.21256397290018],[34.1370126201133,45.24230723547315],[34.16556615218264,45.27442995905044],[34.23219106034616,45.29108618609098],[34.28097001096586,45.31369106564672],[34.305954351527255,45.329157562184264],[34.32380030907098,45.35176244174001],[34.34283599711771,45.36841866878064],[34.366630607175395,45.37793651280396],[34.37733818170163,45.39578247034751],[34.39875333075419,45.39578247034751],[34.43444524584182,45.404110583868714],[34.472516621935284,45.41600788889725],[34.48917284897619,45.408869505879935],[34.497500962496595,45.41600788889725],[34.51534692004041,45.42195654141236],[34.567695062168056,45.45526899549354],[34.5962485942382,45.45645872599654],[34.61647401278784,45.44932034297932],[34.63669943133749,45.45883818700264],[34.64383781435498,45.45169980398532],[34.67001188541929,45.45288953448833],[34.68785784296302,45.46359710901474],[34.70808326151266,45.45764845649954],[34.74020598509075,45.46478683951774],[34.747344368108244,45.476684144546184],[34.759241673137396,45.47311495303806],[34.7687595171608,45.46359710901474],[34.79136439671628,45.47073549203196],[34.811589815265926,45.483822527564385],[34.83895361683307,45.495719832592826],[34.83895361683307,45.509996598628256],[34.86512768789738,45.51832471214857],[34.87107634041195,45.54568851371553],[34.891301758961596,45.563534471260056],[34.90676825549878,45.56710366276818],[34.92699367404843,45.580190698300605],[34.92699367404843,45.59089827282702],[34.93413205706592,45.60517503886058],[34.93175259606009,45.61945180489698],[34.94483963159216,45.62183126590299],[34.974582894165216,45.64205668445264],[34.97696235517105,45.65157452847596],[34.99956723472661,45.65871291149327],[35.01979265327617,45.648005336966946],[35.04596672434048,45.648005336966946],[35.05310510735797,45.6634718335036],[35.07341993957671,45.678589848178135],[35.039963266509,45.71286253766268],[35.01497892594769,45.756882566270185],[34.979287010860055,45.8068512473928],[34.95192320929292,45.840163701474864],[34.91623129420529,45.854440467509406],[34.899575067164385,45.918685914667535],[34.869831804592216,45.96865459579024],[34.854365308054234,46.02814112093617],[34.84484746403091,46.09714549010552],[34.831760428498754,46.161390937261785],[34.8017635225935,46.15491865939293],[34.77558945152954,46.151349467884806],[34.752984571974594,46.169195425428356],[34.74004384414846,46.19625331088251]]]]}},{"type":"Feature","properties":{"kind":"district","id":"uyezd-1897-342","name":"Севастопольское","provinceId":"gubernia-1897-60"},"geometry":{"type":"MultiPolygon","coordinates":[[[[33.73810038889515,44.51317869355628],[33.705977665316354,44.5262657290887],[33.68932143827554,44.51317869355628],[33.68456251626379,44.53578357311202],[33.666716558719976,44.569096027192224],[33.69170089928137,44.57623441021131],[33.703598204310524,44.588131715238866],[33.708357126322184,44.63096201334523],[33.69051116877846,44.64761824038489],[33.68218305525796,44.671412850444526],[33.633404104638174,44.661895006421204],[33.60009165055646,44.66665392843153],[33.57034838798429,44.66784365893454],[33.5536921609433,44.66784365893454],[33.5397131023329,44.67303807811457],[33.52900552780666,44.66114077308701],[33.524246605795,44.6468640070507],[33.50878010925702,44.64210508504037],[33.532574719315406,44.63496670202129],[33.56707690390004,44.62425912749496],[33.58849205295269,44.619500205483746],[33.59682016647229,44.60522343944832],[33.57183582591178,44.612361822467406],[33.53614391082415,44.61831047498074],[33.49569307372486,44.62544885799797],[33.465949811151894,44.61831047498074],[33.44453466209933,44.61474128347164],[33.440965470590584,44.599274786934096],[33.42906816556135,44.612361822467406],[33.41598113002919,44.60522343944832],[33.4254989740526,44.59213640391767],[33.42311951304668,44.57904936838436],[33.41360166902336,44.58380829039744],[33.4088427470125,44.6004645174371],[33.40170436399501,44.58499802090044],[33.40170436399501,44.57310071587103],[33.381478945445274,44.586187751401674],[33.36720217941029,44.59094667341466],[33.363632987901546,44.58499802090044],[33.37909948443944,44.57548017687712],[33.39575571148034,44.5623931413447],[33.405273555503754,44.55882394983472],[33.42906816556135,44.539788261788075],[33.4909341517132,44.50647580770778],[33.530195258309575,44.50052715519178],[33.557559059876716,44.49933742468967],[33.57778447842636,44.49457850267845],[33.59682016647229,44.49457850267845],[33.64559911709199,44.46602497060849],[33.64930741332963,44.45953545219269],[33.66552682821706,44.470348395450884],[33.69170089928137,44.49176354450354],[33.719064700848506,44.49533273601264],[33.73810038889515,44.51317869355628]]]]}},{"type":"Feature","properties":{"kind":"district","id":"uyezd-1897-343","name":"Ялтинский","provinceId":"gubernia-1897-60"},"geometry":{"type":"MultiPolygon","coordinates":[[[[33.64930741332963,44.45953545219269],[33.66463480513881,44.43271251652642],[33.65868615262415,44.4255741335091],[33.67415264916213,44.40891790646856],[33.70627537274102,44.41248709797668],[33.73125971330233,44.40653844546246],[33.74077755732565,44.39345140993004],[33.744346748834396,44.383933565906716],[33.75624405386363,44.377984913392496],[33.765761897886954,44.379174643895595],[33.7943154299563,44.372036260877394],[33.81454084850594,44.381554104900715],[33.828817614540924,44.382743835403716],[33.83833545856434,44.38869248791892],[33.85618141610815,44.391071948924036],[33.87402737365197,44.39702060143914],[33.92161659376875,44.39345140993004],[33.94779066483297,44.385123296409816],[33.97872365790815,44.391071948924036],[33.995379884949045,44.38750275741582],[34.0072771899782,44.39583087093614],[34.03583072204834,44.39583087093614],[34.05486641009498,44.40653844546246],[34.071522637135885,44.40653844546246],[34.10007616920603,44.41605628948578],[34.14052700630532,44.41724601998888],[34.1548037723395,44.43985089954364],[34.17027026887749,44.46364550960239],[34.186926495918385,44.47316335362571],[34.207151914468035,44.48862985016423],[34.22737733301768,44.49100931116935],[34.24641302106441,44.49814769418755],[34.264258978608225,44.49338877217545],[34.28091520564904,44.517183382234194],[34.30827900721618,44.53502933977774],[34.330883886771744,44.54216772279506],[34.35348876632642,44.540977992292056],[34.368955262864404,44.5493061058114],[34.378473106887725,44.58856721240768],[34.39512933392863,44.60165424794099],[34.401077986443205,44.61355155297041],[34.42844178801034,44.63734616302738],[34.42963151851335,44.65281265956492],[34.448667206560074,44.670658617110334],[34.4748412776243,44.69445322716731],[34.51291265371776,44.72538622024328],[34.562881334839574,44.74323217778692],[34.63545489551775,44.771785709856886],[34.70326953418419,44.79320085890953],[34.748127484633734,44.805162979029845],[34.72557670631419,44.83797512085221],[34.71129994027921,44.86176973091006],[34.705351287764636,44.89746164599823],[34.67798748619821,44.89627191549522],[34.64705449312224,44.880805418956705],[34.63753664909892,44.862959461413155],[34.589947428982136,44.84035458185741],[34.56615281892374,44.84154431236041],[34.55187605288867,44.8332161988401],[34.514994407298126,44.83202646833709],[34.46145653466748,44.8332161988401],[34.41148785354486,44.80347293626713],[34.362708902925164,44.76778102117994],[34.32701698783753,44.76183236866474],[34.28775588124195,44.738037758606886],[34.255633157663155,44.71900207056122],[34.19257744100838,44.717812340057236],[34.1771109444704,44.72376099257146],[34.14141902938277,44.713053418045135],[34.106916844798846,44.73089937558878],[34.07479412122005,44.708294496033915],[34.09858873127844,44.68568961647817],[34.091450348260864,44.68331015547217],[34.07479412122005,44.69163826899426],[34.06170708568789,44.68568961647817],[34.06051735518498,44.67617177245485],[34.035533014623674,44.68331015547217],[34.00222056054187,44.66784365893454],[33.97485675897473,44.68687934698118],[33.94154430489373,44.679740963964846],[33.926077808355835,44.658325814911215],[33.922508616847,44.64166958787156],[33.93797511338499,44.627392821835244],[33.9391648438879,44.6071674032856],[33.904662659303185,44.60478794228136],[33.8737296662273,44.58337279322863],[33.87253993572438,44.559578183169876],[33.855883708683486,44.54768087814046],[33.84160694264841,44.52507599858569],[33.82019179359594,44.5226965375796],[33.80591502756087,44.5226965375796],[33.7999663750462,44.49533273601264],[33.782120417502476,44.50247111902995],[33.75594634643897,44.50960950204718],[33.73810038889515,44.51317869355628],[33.719064700848506,44.49533273601264],[33.69170089928137,44.49176354450354],[33.66552682821706,44.470348395450884],[33.64930741332963,44.45953545219269]]]]}},{"type":"Feature","properties":{"kind":"district","id":"uyezd-1897-344","name":"Симферопольский","provinceId":"gubernia-1897-60"},"geometry":{"type":"MultiPolygon","coordinates":[[[[33.5397131023329,44.67303807811457],[33.5536921609433,44.66784365893454],[33.57034838798429,44.66784365893454],[33.60009165055646,44.66665392843153],[33.633404104638174,44.661895006421204],[33.68218305525796,44.671412850444526],[33.69051116877846,44.64761824038489],[33.708357126322184,44.63096201334523],[33.703598204310524,44.588131715238866],[33.69170089928137,44.57623441021131],[33.666716558719976,44.569096027192224],[33.68456251626379,44.53578357311202],[33.68932143827554,44.51317869355628],[33.705977665316354,44.5262657290887],[33.73810038889515,44.51317869355628],[33.75594634643897,44.50960950204718],[33.782120417502476,44.50247111902995],[33.7999663750462,44.49533273601264],[33.80591502756087,44.5226965375796],[33.82019179359594,44.5226965375796],[33.84160694264841,44.52507599858569],[33.855883708683486,44.54768087814046],[33.87253993572438,44.559578183169876],[33.8737296662273,44.58337279322863],[33.904662659303185,44.60478794228136],[33.9391648438879,44.6071674032856],[33.93797511338499,44.627392821835244],[33.922508616847,44.64166958787156],[33.926077808355835,44.658325814911215],[33.94154430489373,44.679740963964846],[33.97485675897473,44.68687934698118],[34.00222056054187,44.66784365893454],[34.035533014623674,44.68331015547217],[34.06051735518498,44.67617177245485],[34.06170708568789,44.68568961647817],[34.07479412122005,44.69163826899426],[34.091450348260864,44.68331015547217],[34.09858873127844,44.68568961647817],[34.07479412122005,44.708294496033915],[34.106916844798846,44.73089937558878],[34.14141902938277,44.713053418045135],[34.1771109444704,44.72376099257146],[34.19257744100838,44.717812340057236],[34.255633157663155,44.71900207056122],[34.28775588124195,44.738037758606886],[34.32701698783753,44.76183236866474],[34.362708902925164,44.76778102117994],[34.41148785354486,44.80347293626713],[34.46145653466748,44.8332161988401],[34.514994407298126,44.83202646833709],[34.55187605288867,44.8332161988401],[34.56615281892374,44.84154431236041],[34.589947428982136,44.84035458185741],[34.63753664909892,44.862959461413155],[34.64705449312224,44.880805418956705],[34.67798748619821,44.89627191549522],[34.67203883368364,44.92601517806819],[34.648244223625156,44.94743032712093],[34.64467503211641,44.97955305069813],[34.638726379601835,45.00929631327109],[34.62563934406977,45.024762809810504],[34.62920853557851,45.035470384335056],[34.63753664909892,45.07473149093134],[34.641105840607665,45.09138771797375],[34.6196906915551,45.12351044155095],[34.620880422058015,45.14611532110669],[34.636346918596004,45.18180723619388],[34.638726379601835,45.218688881785056],[34.64943395412807,45.22939645631146],[34.66133125915731,45.23296564781959],[34.66846964217489,45.248432144358105],[34.66133125915731,45.25557052737533],[34.66846964217489,45.280554867936196],[34.66490045066605,45.30910840000713],[34.6767977556953,45.318626244030455],[34.650623684630986,45.334092740567996],[34.63515718809309,45.34717977610042],[34.66371072016314,45.37335384716429],[34.65895179815148,45.38882034370094],[34.65895179815148,45.399527918227264],[34.631587996584344,45.407856031747585],[34.61493176954344,45.429271180800235],[34.61647401278784,45.44932034297932],[34.5962485942382,45.45645872599654],[34.567695062168056,45.45526899549354],[34.51534692004041,45.42195654141236],[34.497500962496595,45.41600788889725],[34.48917284897619,45.408869505879935],[34.472516621935284,45.41600788889725],[34.43444524584182,45.404110583868714],[34.39875333075419,45.39578247034751],[34.37733818170163,45.39578247034751],[34.366630607175395,45.37793651280396],[34.34283599711771,45.36841866878064],[34.32380030907098,45.35176244174001],[34.305954351527255,45.329157562184264],[34.28097001096586,45.31369106564672],[34.23219106034616,45.29108618609098],[34.16556615218264,45.27442995905044],[34.1370126201133,45.24230723547315],[34.12035639307249,45.21256397290018],[34.12630504558707,45.19709747636175],[34.11321801005491,45.19114882384753],[34.114407740557915,45.178061788315105],[34.10964881854616,45.16140556127447],[34.09656178301401,45.14355960373092],[34.07514663396154,45.13523149020972],[34.05373148490889,45.1257136461864],[34.035533014623674,45.104871330338966],[34.02839463160609,45.089404833801424],[33.99508217752438,45.07869725927502],[33.993892447021466,45.098922677824746],[33.94392376589956,45.0727486067608],[33.92964699986458,45.025159386643296],[33.884437240753535,45.022779925638176],[33.879678318741874,45.03824642217572],[33.853504247677655,45.05728211022236],[33.8249507156076,45.06561022374268],[33.81305341057836,45.075128067766],[33.81186368007545,45.10011240832775],[33.81305341057836,45.12866594039772],[33.779740956496646,45.135804323414945],[33.764274459959374,45.085835642292324],[33.75951553794771,45.07750752877201],[33.7749820344849,45.06085130173146],[33.7428593109069,45.04776426619904],[33.710736587328014,45.043005344187826],[33.65957817570239,45.04776426619904],[33.646491140170326,45.05133345770814],[33.63221437413526,45.048953996702046],[33.60777562855053,45.04774215807802],[33.613476393513196,45.0442339950241],[33.62537369854243,45.02043938496624],[33.615855854519026,45.02043938496624],[33.63013262055409,44.993075583400255],[33.63013262055409,44.94786582428788],[33.63132235105701,44.907414987190364],[33.6384607340745,44.900276604171275],[33.63013262055409,44.89432795165794],[33.63013262055409,44.87767172461731],[33.618235315524856,44.846738731541336],[33.60752774099853,44.844359270535236],[33.59325097496435,44.8300825045007],[33.57540501742053,44.831272235002814],[33.56826663440295,44.844359270535236],[33.552800137865056,44.844359270535236],[33.55161040736214,44.82651331299169],[33.53376444981832,44.81580573846527],[33.53852337182998,44.79082139790353],[33.530195258309575,44.762267865833564],[33.537333641327066,44.75275002181024],[33.545661754847565,44.71586837621996],[33.5397131023329,44.67303807811457]]]]}},{"type":"Feature","properties":{"kind":"district","id":"uyezd-1897-345","name":"Феодосийский","provinceId":"gubernia-1897-60"},"geometry":{"type":"MultiPolygon","coordinates":[[[[36.48458326249168,45.43823079831054],[36.467639870007005,45.43446559998027],[36.45693229548068,45.42732721696304],[36.42718903290771,45.42970667796905],[36.41529172787847,45.43565533048327],[36.41053280586681,45.44755263551269],[36.385548465305504,45.451121827021794],[36.37841008228792,45.460639671045115],[36.36770250776249,45.45588074903301],[36.34509762820692,45.45588074903301],[36.32368247915445,45.466588323559336],[36.25943703199676,45.466588323559336],[36.19281212383316,45.464208862553235],[36.16782778327265,45.460639671045115],[36.091685031085724,45.43446559998027],[36.08573637857115,45.42732721696304],[36.09763368360039,45.41661964243663],[36.086926109074064,45.40948125941941],[36.073839073542,45.38568664936066],[36.069080151530336,45.372599613829124],[36.050044463483516,45.37140988332612],[36.02030120091055,45.360702308799794],[35.982229824817885,45.36427150030978],[35.94177898771859,45.378548266343344],[35.907276803133875,45.39877368489308],[35.88943084559015,45.42494775595695],[35.871584888046335,45.44041425249537],[35.88705138458432,45.461829401548115],[35.88824111508723,45.47134724557144],[35.856118391508346,45.468967784565336],[35.8358929729587,45.453501288026914],[35.83827243396453,45.44517317450659],[35.82875458994121,45.42256829495183],[35.80971890189528,45.41542991193363],[35.795442135860206,45.39877368489308],[35.77164752580182,45.39996341539609],[35.75023237674925,45.374979074836105],[35.76569887328724,45.36903042232002],[35.76569887328724,45.360702308799794],[35.73238641920544,45.32976931572374],[35.68360746858565,45.315492549690084],[35.664571780539006,45.315492549690084],[35.65267447550977,45.308354166672856],[35.62650040444635,45.308354166672856],[35.54559873024776,45.27980063460289],[35.526563042201026,45.27861090409989],[35.49919924063389,45.302405514156774],[35.459938134037515,45.3262001242165],[35.42067702744193,45.35237419527948],[35.38974403436596,45.36427150030978],[35.36238023279883,45.40234287640209],[35.31479101268204,45.436845060986364],[35.26601206206225,45.48443428110297],[35.23507906898708,45.522505657197144],[35.210094728425865,45.54748999775801],[35.181541196355724,45.56652568580465],[35.139900628753516,45.61411490592037],[35.08874221712799,45.66289385653998],[35.07341993957671,45.678589848178135],[35.05310510735797,45.6634718335036],[35.04596672434048,45.648005336966946],[35.01979265327617,45.648005336966946],[34.99956723472661,45.65871291149327],[34.97696235517105,45.65157452847596],[34.974582894165216,45.64205668445264],[34.94483963159216,45.62183126590299],[34.93175259606009,45.61945180489698],[34.93413205706592,45.60517503886058],[34.92699367404843,45.59089827282702],[34.92699367404843,45.580190698300605],[34.90676825549878,45.56710366276818],[34.891301758961596,45.563534471260056],[34.87107634041195,45.54568851371553],[34.86512768789738,45.51832471214857],[34.83895361683307,45.509996598628256],[34.83895361683307,45.495719832592826],[34.811589815265926,45.483822527564385],[34.79136439671628,45.47073549203196],[34.7687595171608,45.46359710901474],[34.759241673137396,45.47311495303806],[34.747344368108244,45.476684144546184],[34.74020598509075,45.46478683951774],[34.70808326151266,45.45764845649954],[34.68785784296302,45.46359710901474],[34.67001188541929,45.45288953448833],[34.64383781435498,45.45169980398532],[34.63669943133749,45.45883818700264],[34.61647401278784,45.44932034297932],[34.61493176954344,45.429271180800235],[34.631587996584344,45.407856031747585],[34.65895179815148,45.399527918227264],[34.65895179815148,45.38882034370094],[34.66371072016314,45.37335384716429],[34.63515718809309,45.34717977610042],[34.650623684630986,45.334092740567996],[34.6767977556953,45.318626244030455],[34.66490045066605,45.30910840000713],[34.66846964217489,45.280554867936196],[34.66133125915731,45.25557052737533],[34.66846964217489,45.248432144358105],[34.66133125915731,45.23296564781959],[34.64943395412807,45.22939645631146],[34.638726379601835,45.218688881785056],[34.636346918596004,45.18180723619388],[34.620880422058015,45.14611532110669],[34.6196906915551,45.12351044155095],[34.641105840607665,45.09138771797375],[34.63753664909892,45.07473149093134],[34.62920853557851,45.035470384335056],[34.62563934406977,45.024762809810504],[34.638726379601835,45.00929631327109],[34.64467503211641,44.97955305069813],[34.648244223625156,44.94743032712093],[34.67203883368364,44.92601517806819],[34.67798748619821,44.89627191549522],[34.705351287764636,44.89746164599823],[34.71129994027921,44.86176973091006],[34.72557670631419,44.83797512085221],[34.748127484633734,44.805162979029845],[34.756807406814744,44.80747762494505],[34.81510420145794,44.81699546896837],[34.84246800302508,44.80985708595105],[34.9090929111878,44.81937492997437],[34.93526698225202,44.81580573846527],[34.95668213130458,44.834841426511915],[34.99713296840396,44.850307923049456],[35.01378919544477,44.841979809529235],[35.02687623097693,44.844359270535236],[35.072085990087885,44.82056466047649],[35.074465451093715,44.80985708595105],[35.112536827186375,44.79558031991563],[35.12086494070678,44.81223654695617],[35.13633143724477,44.81461600796227],[35.161315777806074,44.837220887518015],[35.163695238811904,44.86458468908498],[35.187489848870385,44.88956902964672],[35.19819742339662,44.909794448194596],[35.22437149446085,44.90622525668727],[35.241027721501744,44.9109841786976],[35.256494218039734,44.93596851926033],[35.26006340954848,44.95024528529389],[35.27315044507974,44.95857339881421],[35.29456559413239,44.96452205133029],[35.306462899161545,44.9609528598203],[35.32073966519662,44.9633323208272],[35.36119050229591,44.95976312931721],[35.374277537828064,44.94072744127057],[35.396882417383544,44.93596851926033],[35.39807214788646,44.944296632780556],[35.38022619034264,44.95143501579698],[35.374277537828064,44.96928097334053],[35.379036459839725,44.98117827836995],[35.40521053090395,44.996644774907494],[35.430194871465254,44.99545504440449],[35.43733325448284,45.01687019345714],[35.411159183418526,45.02400857647445],[35.40045160889229,45.03471615100078],[35.40996945291561,45.056131300053515],[35.43495379347701,45.079925910112266],[35.46112786454043,45.10015132866191],[35.488491666107564,45.11085890318823],[35.50514789314847,45.10847944218223],[35.55273711326534,45.11799728620555],[35.6146030994171,45.12037674721155],[35.67289989405941,45.11323836419344],[35.753801568258,45.076356718603165],[35.77283725630473,45.071597796591945],[35.806149710386535,45.04066480351588],[35.827564859438205,45.02876749848656],[35.827564859438205,45.01092154094292],[35.846600547485025,45.001403696919596],[35.8525491999996,44.98950639189027],[35.87991300156674,44.994265313903256],[35.91084599464271,45.007352349433816],[35.95010710123909,45.00497288842781],[35.96795305878282,45.00497288842781],[36.00721416537839,45.02400857647445],[36.014352548395976,45.03471615100078],[36.05361365499226,45.03709561200687],[36.08454664806823,45.03947507301288],[36.124997485167526,45.02995722898956],[36.1392742512026,45.03233668999654],[36.21898619489747,45.01568046295414],[36.23921161344712,45.01687019345714],[36.258247301493846,45.03471615100078],[36.28918029456973,45.04304426452109],[36.329631131669025,45.03947507301288],[36.372461429773345,45.04185453401986],[36.40577388385515,45.04304426452109],[36.41410199737555,45.05851076105952],[36.449793912463186,45.06326968307074],[36.47596798352741,45.066838874579844],[36.47834744453333,45.08706429312949],[36.46288094799525,45.10728971167913],[36.4509836429661,45.12394593871977],[36.4509836429661,45.141791896263406],[36.440276068439864,45.157258392801836],[36.437896607434034,45.21198599593566],[36.4509836429661,45.231021683983286],[36.449793912463186,45.25481629404115],[36.44146579894278,45.26076494655625],[36.44860418196027,45.27385198208779],[36.4561416856191,45.27347510690455],[36.443547552523945,45.28650352045139],[36.423322133974295,45.30910840000713],[36.394768601904154,45.338851662580105],[36.42451186447721,45.355507889620654],[36.45425512705027,45.38763061319794],[36.47686000660575,45.394768996217024],[36.49351623364656,45.40547657074335],[36.48458326249168,45.43823079831054]]]]}},{"type":"Feature","properties":{"kind":"district","id":"uyezd-1897-346","name":"Керчь-Еникальское","provinceId":"gubernia-1897-60"},"geometry":{"type":"MultiPolygon","coordinates":[[[[36.4561416856191,45.27347510690455],[36.472398792018666,45.27266225158381],[36.496193402077054,45.280990365104124],[36.516418820626704,45.300026053150766],[36.49738313257997,45.30954389717409],[36.49262421056831,45.31787201069618],[36.514039359620874,45.33928715974706],[36.52236747314128,45.34404608176005],[36.54259289169092,45.34404608176005],[36.5735258847661,45.33095904622674],[36.61516645236831,45.3238206632104],[36.634202140415034,45.33214877672983],[36.6472891759471,45.34404608176005],[36.65085836745594,45.3583228477937],[36.66632486399392,45.365461230812784],[36.64253025393544,45.376168805337336],[36.62825348790046,45.39401476288275],[36.63539187091795,45.39996341539609],[36.62825348790046,45.4082915289164],[36.62825348790046,45.41661964243663],[36.59613076432157,45.41661964243663],[36.579474537280674,45.40234287640209],[36.56757723225143,45.40710179841331],[36.55330046621725,45.40591206791031],[36.5330750476676,45.42375802545394],[36.50214205459163,45.43565533048327],[36.48905501905956,45.43922452199237],[36.48458326249168,45.43823079831054],[36.49351623364656,45.40547657074335],[36.47686000660575,45.394768996217024],[36.45425512705027,45.38763061319794],[36.42451186447721,45.355507889620654],[36.394768601904154,45.338851662580105],[36.423322133974295,45.30910840000713],[36.443547552523945,45.28650352045139],[36.4561416856191,45.27347510690455]]]]}},{"type":"Feature","properties":{"kind":"district","id":"uyezd-1897-527","name":"Днепровский","provinceId":"gubernia-1897-60"},"geometry":{"type":"MultiPolygon","coordinates":[[[[34.74004384414846,46.19625331088251],[34.73989753644191,46.1965592269962],[34.7244310399041,46.26080467415345],[34.70182616034924,46.33813715684302],[34.68754939431408,46.43450532757923],[34.576904457542796,46.42498748355503],[34.56857634402239,46.469007512162534],[34.44365464121594,46.459489668140094],[34.34133781796524,46.44878209361377],[34.32111239941604,46.55228864736641],[34.20094961862196,46.54277080334309],[34.181913930575234,46.61534436402145],[34.14741174599007,46.77595798191491],[34.22236476767435,46.779527173424896],[34.19262150510147,46.88184399667533],[34.109340369897495,46.924674294778946],[34.05223330575739,46.96750459288522],[34.076027915815516,46.991299202942194],[34.11290956140562,47.02699111803125],[34.09506360386216,47.0388884230588],[34.0153516601672,47.082908451667194],[33.93088079445996,47.12216955826357],[33.879251556556945,47.14279764397361],[33.8625953295156,47.136848991458415],[33.85664667700129,47.117813303412746],[33.83642125845191,47.0856905798328],[33.822144492416925,47.07617273580948],[33.80310880437002,47.05951650876973],[33.78050392481436,47.040480820722195],[33.741242818218076,47.02501432418377],[33.703171442125054,47.00478890563412],[33.694843328604385,46.99051213959959],[33.69722278961075,46.960768877026524],[33.678187101563836,46.964338068535625],[33.67223844904944,46.957199685518404],[33.67937683206702,46.94054345847688],[33.68889467609007,46.94054345847688],[33.69008440659326,46.93221534495656],[33.68175629307258,46.89533369936726],[33.66628979653442,46.898902890875384],[33.635356803458805,46.87986720282874],[33.635356803458805,46.8644007062912],[33.6413054559732,46.85250340126098],[33.61275192390395,46.821570408185806],[33.572301086804565,46.808483372654365],[33.524711866687696,46.80134498963616],[33.497348065120825,46.80253472014006],[33.45451776701579,46.808483372654365],[33.433102617963314,46.814432025168585],[33.41644639092277,46.807293642150384],[33.392651780863936,46.78706822360162],[33.36766744030272,46.75851469153166],[33.34030363873585,46.74542765599924],[33.28795549660784,46.741858464490136],[33.234417623976576,46.75494550002345],[33.210623013918536,46.76208388303988],[33.16779271581359,46.7799298405844],[33.138049453240356,46.7811195710874],[33.103547268655994,46.7704119965601],[33.07023481457411,46.76446334404588],[33.02026613345167,46.743048194993236],[32.97148718283233,46.739479003484135],[32.92389796271545,46.732340620467795],[32.91913904070432,46.719253584934485],[32.90248281366298,46.72044331543749],[32.85489359354682,46.69664870538052],[32.79540706840053,46.67761301733299],[32.75733569230742,46.66928490381356],[32.71212593319691,46.663336251297565],[32.67286482660062,46.646680024257904],[32.640742103021914,46.62764433621028],[32.63598318100998,46.59790107363732],[32.64431129453066,46.588383229614884],[32.61337830145513,46.56458861955613],[32.59315288290495,46.56220915855101],[32.5574609678175,46.557450236538024],[32.53009716625071,46.55150158402371],[32.51701013071882,46.54079400949739],[32.492025790157605,46.54079400949739],[32.42302142098826,46.499153441896866],[32.37186300936335,46.46465125731082],[32.34449920779577,46.46584098781382],[32.32429499484323,46.47750322365664],[32.28979281025927,46.48345187617177],[32.25767008668119,46.484641606672994],[32.22316790209576,46.484641606672994],[32.18628625650601,46.4965389117033],[32.16844029896139,46.50129783371354],[32.13869703638914,46.50129783371354],[32.09705646878702,46.494159450696316],[32.07445158923154,46.48821079818298],[32.03875967414391,46.485831337175995],[32.00425748955999,46.489400528684214],[31.95547853894029,46.50843621673086],[31.90194066630893,46.513195138744734],[31.847213063175282,46.5310410962866],[31.778208694005933,46.54531786232202],[31.749655161935884,46.53817947930382],[31.698496750311065,46.5334205572926],[31.65090753019428,46.53223082679138],[31.618784806614592,46.5369897488026],[31.594990196557,46.55840489785533],[31.565246933984035,46.565543280871665],[31.593800466054084,46.5417486708147],[31.634251303153377,46.51081567773686],[31.665184296228553,46.494159450696316],[31.696117289305235,46.47274430164357],[31.719911899362913,46.45013942208783],[31.742516778918393,46.43467292555127],[31.73537839590081,46.46441618812423],[31.742516778918393,46.47869295415966],[31.760362736461317,46.485831337175995],[31.805572495573074,46.487021067679976],[31.86148982920964,46.47988268466089],[31.929304467876072,46.46322645762025],[31.972134765980393,46.447759961083605],[32.00187802855416,46.44300103907061],[32.02686236911467,46.44894969158669],[32.04351859615557,46.45489834410091],[32.06374401470602,46.45370861359693],[32.08515916375778,46.42872427303696],[32.089918085769526,46.40849885448731],[32.10538458230742,46.397791279960984],[32.10419485180451,46.38827343593766],[32.08634889426078,46.37756586141134],[32.07207212822562,46.37756586141134],[32.07564131973446,46.394222088451],[32.06731320621396,46.394222088451],[32.0458980571622,46.36566855638104],[32.02210344710301,46.351391790347385],[31.992360184530753,46.346632868334396],[31.935253120390648,46.33830475481496],[31.913837971338793,46.329976641294735],[31.872197403735875,46.33354583280375],[31.841264410660706,46.32283825827742],[31.807951956578904,46.31094095324809],[31.80914168708182,46.30261283972777],[31.823418453116176,46.3061820312359],[31.82698764462492,46.29904364821867],[31.819849261607345,46.29190526520145],[31.828177375127837,46.276438768664796],[31.82698764462492,46.26692092463961],[31.83531575814613,46.268110655142614],[31.847213063175282,46.277628499165935],[31.853161715689943,46.27405930765781],[31.857920637701604,46.260972272125386],[31.87100767323296,46.268110655142614],[31.87576659524462,46.27881822966903],[31.89123309178261,46.271679846651715],[31.907889318824218,46.27405930765781],[31.920976354355574,46.27049011614871],[31.929304467876072,46.281197690675036],[31.930494198378987,46.29309499570445],[31.91740716284683,46.29309499570445],[31.91978662385266,46.31569987525922],[31.930494198378987,46.31569987525922],[31.936442850893563,46.30380257023078],[31.954288808437376,46.29785391771567],[31.973324496483308,46.29428472620746],[31.989980723524923,46.28357715168113],[31.99473964553667,46.26930038564571],[32.04351859615557,46.250264697599064],[32.04470832665849,46.257403080616285],[32.06731320621396,46.250264697599064],[32.08872835526661,46.25621335011506],[32.11014350431908,46.251454428102065],[32.1196613483425,46.25264415860507],[32.1279894618629,46.22647008754032],[32.154163532927214,46.21219332150578],[32.1767684124818,46.20386520798546],[32.19580410052942,46.20386520798546],[32.221978171592845,46.183639789435816],[32.23863439863374,46.184829519938816],[32.24934197315998,46.19434736396214],[32.267187930704594,46.191967902956044],[32.28265442724178,46.190778172454905],[32.286223618750526,46.17531167591639],[32.27789550523012,46.174121945412494],[32.264808469698764,46.17650140641939],[32.2588598171841,46.170552753903394],[32.27313658321846,46.16341437088608],[32.269567391710424,46.143188952337326],[32.24458305114832,46.1396197608292],[32.16487110745345,46.15865544887584],[32.0958667382841,46.17174248440826],[32.049467248671036,46.181260328431584],[32.005447220062905,46.190778172454905],[31.956668269443206,46.19672682496726],[31.91740716284683,46.20029601647636],[31.86148982920964,46.20981386049968],[31.799623843058498,46.2229008960321],[31.763931927970063,46.2276598180451],[31.73537839590081,46.23836739256964],[31.710394055339506,46.24074685357574],[31.68897890628694,46.250264697599064],[31.683030253772365,46.25621335011506],[31.722291360368743,46.26216200262839],[31.716342707854167,46.26930038564571],[31.69492755880232,46.26930038564571],[31.637820494662215,46.26216200262839],[31.605697771083328,46.275249038161704],[31.577144239013187,46.29785391771567],[31.565246933984035,46.346632868334396],[31.57357504750444,46.362099364873714],[31.57357504750444,46.37637613090825],[31.55929828146946,46.37280693940012],[31.54859070694313,46.3549609818556],[31.55453935945851,46.3133204142541],[31.56405720348112,46.29547445671144],[31.586662083036593,46.276438768664796],[31.621164267620422,46.257403080616285],[31.665184296228553,46.24193658407874],[31.719911899362913,46.2300392790512],[31.798434112555583,46.2157625130139],[31.85911036820452,46.205054938489354],[31.892422822285525,46.19553709446603],[31.936442850893563,46.190778172454905],[31.973324496483308,46.18601925044271],[32.02091371660009,46.18245005893272],[32.05541590118561,46.1729322149094],[32.07564131973446,46.17174248440826],[32.09824619928993,46.16341437088608],[32.137507305886224,46.15746571837097],[32.17438895147597,46.15032733535375],[32.24458305114832,46.13605056931823],[32.267187930704594,46.13010191680588],[32.32191553383727,46.111066228759235],[32.36117664043445,46.10392784574103],[32.46230373318197,46.08132296618618],[32.533687563356345,46.067046200150756],[32.5455848683863,46.06466673914474],[32.565810286936035,46.06347700864076],[32.54796432939213,46.07061539165808],[32.54082594637464,46.07537431367107],[32.544395137883384,46.0837024271905],[32.570569208947695,46.0860818881974],[32.58841516649071,46.096789462723805],[32.616968698561564,46.09559973222072],[32.631245464595835,46.10392784574103],[32.659798996665884,46.10630730674713],[32.67883468471262,46.096789462723805],[32.69668064225643,46.10154838473591],[32.74783905388196,46.11820461177646],[32.78115150796297,46.11939434227769],[32.807325579027186,46.10630730674713],[32.85848399065281,46.111066228759235],[32.88941698372869,46.113445689764355],[32.91797051579874,46.107497037250134],[32.99768245949361,46.109876498254366],[33.0143386865346,46.11939434227769],[33.03218464407833,46.137240299823105],[33.02385653055792,46.14675814384643],[33.02742572206747,46.15746571837097],[33.05597925413672,46.15746571837097],[33.08810197771481,46.13605056931823],[33.115465779282744,46.132481377811885],[33.12617335380907,46.122963533787676],[33.13569119783159,46.12415326428979],[33.142829580849174,46.137240299823105],[33.15948580789007,46.14199922183343],[33.15710634688424,46.15151706585675],[33.173762573925856,46.15270679636162],[33.18684960945721,46.174121945412494],[33.18803933996013,46.187208980943936],[33.197557183983534,46.190778172454905],[33.197557183983534,46.19910628597336],[33.209454489012685,46.22409062653511],[33.224920985550675,46.22884954854632],[33.224920985550675,46.21219332150578],[33.207075028006855,46.183639789435816],[33.21778260253309,46.170552753903394],[33.21302368052143,46.15508625736585],[33.197557183983534,46.12891218630101],[33.197557183983534,46.11463542026647],[33.20826475850977,46.10392784574103],[33.20826475850977,46.12415326428979],[33.22849017705942,46.137240299823105],[33.25228478711781,46.14199922183343],[33.287976702204645,46.13367110831311],[33.29868427673088,46.13010191680588],[33.30225346823971,46.107497037250134],[33.31415077326967,46.113445689764355],[33.33199673081348,46.13010191680588],[33.339135113830174,46.096789462723805],[33.349842688356496,46.0908408102095],[33.37720648992443,46.102738115237145],[33.36530918489439,46.0825126966874],[33.370068106906146,46.07299485266408],[33.38672433394704,46.06823593065384],[33.38077568143318,46.05395916461744],[33.391483255958704,46.04801051210411],[33.405760021993686,46.034923476570796],[33.4152778660171,46.02302617154325],[33.43669301506966,46.015887788525134],[33.45096978110473,46.01826724953114],[33.46643627764263,46.02302617154325],[33.487851426694476,46.00874940550782],[33.508076845244034,46.00280075299173],[33.51878441977116,46.00042129198751],[33.51878441977116,46.00993913601083],[33.50688711474112,46.025405632548456],[33.49617954021488,46.034923476570796],[33.49261034870614,46.04801051210411],[33.49974873172363,46.057528356127435],[33.527112533291564,46.057528356127435],[33.5628044483784,46.046820781601106],[33.56637363988723,46.05038997310834],[33.554476334857995,46.06109754763476],[33.5306817248004,46.07061539165808],[33.52354334178282,46.0837024271905],[33.51759468926824,46.102738115237145],[33.541389299325836,46.092030540710724],[33.561614717875486,46.10392784574103],[33.55566606536091,46.108686767751365],[33.556855795863825,46.113445689764355],[33.58065040592221,46.11582515077045],[33.58421959743096,46.122963533787676],[33.58421959743096,46.13367110831311],[33.59492717195729,46.143188952337326],[33.612773129501015,46.137240299823105],[33.61348140013378,46.13605984876852],[33.630645875713626,46.13904497495632],[33.63347296472666,46.22103055633413],[33.62357815318106,46.24364726843835],[33.65385174453586,46.24256606874711],[33.66315739936345,46.24223372393184],[33.715458546104465,46.235166001399264],[33.76634614833897,46.25071499097092],[33.812993117053935,46.24223372393184],[33.85681299675586,46.22951182337321],[33.94021212264019,46.228098278866696],[33.964242379250926,46.218203467321096],[33.99534035839424,46.18993257719082],[34.00382162543332,46.16872940959311],[34.012302892472405,46.14893978650191],[34.03774669358965,46.1376314304498],[34.07025821723948,46.14328560847586],[34.0829801177981,46.14469915298237],[34.11407809694141,46.133390796930264],[34.14093544256517,46.123495985384665],[34.16637924368243,46.13056370791723],[34.19606367831922,46.150353331008425],[34.21302621239739,46.16872940959311],[34.18758241128013,46.199827388736416],[34.17061987720197,46.226684734360184],[34.162138610162884,46.254955624490464],[34.16072506565637,46.27191815856863],[34.198890767332244,46.28181297011423],[34.22150747943647,46.25778271350349],[34.23281583548858,46.22103055633413],[34.25967318111235,46.188519032684304],[34.28228989321657,46.16872940959311],[34.295011793775195,46.15318042002146],[34.295011793775195,46.11501471834558],[34.31056078334685,46.103706362293465],[34.32893686193153,46.103706362293465],[34.34165876249016,46.113601173839065],[34.33883167347713,46.13621788594329],[34.34448585150319,46.15459396452797],[34.35720775206181,46.16448877607357],[34.37275674163347,46.16731586508659],[34.34872648502273,46.17721067663219],[34.32045559489245,46.18286485465825],[34.32752331742502,46.21254928929504],[34.36003484107484,46.216789922814584],[34.39395990923118,46.188519032684304],[34.429298521894026,46.16872940959311],[34.457569412024306,46.16166168706054],[34.48159966863504,46.157421053541],[34.49820881658658,46.14893978650191],[34.53213388474292,46.163075231567056],[34.5505099633276,46.18710548817779],[34.547682874314575,46.19558675521687],[34.59291629852302,46.198413844229904],[34.6013975655621,46.15883459804751],[34.59574338753605,46.13480434143678],[34.5505099633276,46.13056370791723],[34.54202869628852,46.13904497495632],[34.517998439677775,46.13904497495632],[34.481246282508415,46.11925535186512],[34.46852438194979,46.11077408482604],[34.46428374843025,46.08815737272182],[34.44873475885859,46.06836774963062],[34.43035868027391,46.05423230456548],[34.4289451357674,46.04009685950034],[34.460043114910704,46.0259614144352],[34.4798327380019,46.0259614144352],[34.48548691602796,46.0160666028896],[34.48831400504098,45.999104068811434],[34.537788062768975,45.99769052430492],[34.57312667543182,46.010412424863546],[34.6013975655621,46.03161559246126],[34.624014277666326,46.047164582032906],[34.633909089211926,46.076849016669705],[34.63532263371844,46.11077408482604],[34.642390356251006,46.14045851946283],[34.64804453427706,46.178624221138705],[34.64804453427706,46.19275966620385],[34.734321916145284,46.19603602247733],[34.74004384414846,46.19625331088251]]]]}},{"type":"Feature","properties":{"kind":"district","id":"uyezd-1897-574","name":"Бердянский","provinceId":"gubernia-1897-60"},"geometry":{"type":"MultiPolygon","coordinates":[[[[36.91021961709162,46.82050163587882],[36.88806611968727,46.82504538118434],[36.858322857114295,46.83218376420068],[36.82738986403886,46.84408106923],[36.803595253979935,46.88810109783849],[36.80954390649469,46.923793012926566],[36.82738986403886,46.93093139594299],[36.84880501309133,46.94758762298442],[36.86427150962905,46.948777353487515],[36.8702201621438,46.96305411952196],[36.857133126611025,46.970192502540165],[36.84404609107905,46.98208980756772],[36.8702201621438,46.98446926857382],[36.8702201621438,47.01064333963768],[36.89639423320767,47.026109836176204],[36.904722346728164,47.038007141205526],[36.92851695678638,47.040386602211626],[36.97372671589698,47.06656067327549],[37.02012620551085,47.07726824780182],[37.02845431903134,47.104632049368774],[37.01298782249362,47.12604719842152],[36.99038294293797,47.13080612043274],[36.98562402092649,47.14865207797726],[36.971347254891235,47.14984180848026],[36.95112183634203,47.16292884401171],[36.94160399231827,47.15816992200058],[36.934465609301135,47.16768776602292],[36.91067099924292,47.16649803551992],[36.86784070113726,47.191482376080785],[36.84880501309133,47.19981048960199],[36.85237420459954,47.21289752513441],[36.833338516552814,47.22241536915773],[36.81192336750043,47.23431267418715],[36.78455956593329,47.22598456066595],[36.75600603386359,47.23312294368406],[36.74172926782835,47.22836402167195],[36.73340115430785,47.23431267418715],[36.71198600525547,47.23431267418715],[36.68105301218003,47.22955375217407],[36.61918702602844,47.218846177649525],[36.58706430244982,47.21646671664263],[36.535905890824466,47.22479483016383],[36.47998855718763,47.24026132670039],[36.46690152165495,47.259297014748014],[36.42764041505901,47.27595324178856],[36.370533350918905,47.2985581213443],[36.31461601728216,47.335439766934584],[36.27892410219444,47.339008958442705],[36.19564296699047,47.38183925654721],[36.16470997391503,47.40206467509685],[36.123069406312645,47.430618207166816],[36.026701235576695,47.48772527130674],[35.96483524942511,47.518658264383696],[35.93747144785788,47.54483233544765],[35.885123305730055,47.55553990997397],[35.85775950416292,47.55553990997397],[35.830395702595695,47.567437215003395],[35.78994486549658,47.573385867517615],[35.7518734894032,47.58647290304906],[35.74711456739172,47.60788805210269],[35.72807887934499,47.61026751310781],[35.71380211330983,47.61978535713113],[35.72094049632776,47.62573400964544],[35.706663730292604,47.64120050618298],[35.70071507777785,47.662615655235626],[35.64836693565003,47.67689242127017],[35.63695433564002,47.68491208614164],[35.528688859874656,47.67896343362733],[35.470392065232076,47.61590771697318],[35.55605266144179,47.60520014244686],[35.5762780799917,47.49812439718423],[35.626246761113784,47.48027843964068],[35.68811274726537,47.457673560084935],[35.76425549945221,47.42436110600464],[35.72856358436449,47.402945956951996],[35.68454355575645,47.387479460414454],[35.65836948469249,47.36606431136171],[35.63219541362854,47.33394158778176],[35.6250570306114,47.31371616923211],[35.629815952622884,47.29111128967814],[35.64647217966379,47.27683452364272],[35.63814406614329,47.25779883559519],[35.606021342564674,47.250660452578856],[35.60126242055239,47.239952878052435],[35.613159725581895,47.230435034029114],[35.59293430703269,47.22091719000491],[35.558432122447535,47.20426096296525],[35.544155356413086,47.19474311894104],[35.53463751238932,47.173327969888305],[35.53939643440089,47.16024093435686],[35.528688859874656,47.14596416832134],[35.516791554845945,47.14596416832134],[35.515601824342674,47.13168740228689],[35.498945597301685,47.11265171424114],[35.500135327804955,47.08409818217029],[35.484668831267236,47.079339260159074],[35.484668831267236,47.06863168563265],[35.47277152623773,47.061493302614544],[35.469202334728806,47.04364734507179],[35.48109963975823,47.03769869255579],[35.46444341271732,47.02699111803125],[35.47515098724356,47.009145160486725],[35.46444341271732,46.9972478554573],[35.44302826366485,47.011524621491844],[35.445407724670595,46.991299202942194],[35.44183853316238,46.97583270640465],[35.45968449070584,46.96631486238222],[35.47990990925575,46.96988405389043],[35.47872017875248,46.95798674886102],[35.483479100763965,46.94608944383258],[35.45611529919683,46.91158725924741],[35.468012604226246,46.89968995421808],[35.46444341271732,46.89136184069865],[35.45254610768862,46.89017211019476],[35.44421799416812,46.89850022371499],[35.43232068913861,46.89493103220687],[35.43707961115019,46.88065426617233],[35.43945907215664,46.859239117119586],[35.416854192600894,46.850911003598384],[35.39305958254277,46.850911003598384],[35.388300660531286,46.83782396806605],[35.40138769606327,46.8211677410263],[35.39068012153703,46.8128396275051],[35.40495688757148,46.79975259197276],[35.387110930028015,46.79737313096756],[35.34547036242563,46.75692229386915],[35.356177936951866,46.74740444984494],[35.36212658946662,46.74383525833673],[35.34190117091742,46.71885091777587],[35.305019525326514,46.711712534757666],[35.28717356778306,46.68791792469892],[35.290742759292066,46.68077954168258],[35.281224915268304,46.65817466212684],[35.28479410677731,46.632000591062976],[35.30264006432078,46.61534436402145],[35.29312222029781,46.60701625050211],[35.28598383728058,46.57965244893515],[35.299070872812564,46.56180649139063],[35.31215790834454,46.55228864736641],[35.306209255829785,46.5023199662446],[35.34071144041415,46.43331559707623],[35.356177936951866,46.42736694456112],[35.36807524198137,46.40952098701659],[35.37759308600505,46.386916107462625],[35.3878814688628,46.372652667591375],[35.411159183418526,46.3981473073427],[35.451610020517016,46.42670083941177],[35.50157870163972,46.445736527458415],[35.56225495728866,46.46715167651195],[35.61579282992002,46.48737709506169],[35.643156631486356,46.50879224411256],[35.67527935506524,46.55043281171495],[35.720489114176196,46.58374526579702],[35.80139078837478,46.609919336860884],[35.840651894970364,46.627765294404526],[35.88824111508723,46.65393936546937],[35.95010710123909,46.65988801798359],[36.00602443487548,46.66345720949269],[36.04647527197477,46.67059559250991],[36.10001314460622,46.66583667049869],[36.15236128673467,46.67416478401901],[36.19400185433607,46.67416478401901],[36.24159107445295,46.65750855697749],[36.270144606523,46.626575563902406],[36.26181649300259,46.60278095384366],[36.24278080495586,46.5766068827797],[36.188053201821496,46.533776584674314],[36.17615589679315,46.52425874065099],[36.164258591763904,46.539725237188534],[36.15712020874633,46.52068954914189],[36.13332559868793,46.49689493908501],[36.1547407477405,46.50046413059225],[36.19281212383316,46.51949981863889],[36.234452691435365,46.552812272720956],[36.270144606523,46.598022031831555],[36.28561110306099,46.63490367742273],[36.2784727200434,46.65393936546937],[36.29750840809022,46.64561125194905],[36.30821598261646,46.65393936546937],[36.31059544362229,46.66940586200691],[36.334390053680686,46.684872358545334],[36.34390789770401,46.67178532301291],[36.35461547223033,46.694390202568655],[36.41529172787847,46.73365130916495],[36.47834744453333,46.7479280751986],[36.54140316118801,46.765774032742236],[36.58423345929242,46.769343224252225],[36.6234945658888,46.787189181794886],[36.738898424672016,46.78480972078888],[36.77815953126759,46.76220484123491],[36.80790279384065,46.74673834469559],[36.83407686490487,46.714615621118305],[36.83407686490487,46.702718316088976],[36.82217955987563,46.67892370603023],[36.80909252434356,46.693200472065655],[36.804333602331816,46.66821613150381],[36.78529791428508,46.66583667049869],[36.78053899227342,46.65393936546937],[36.766262226238354,46.65869828748049],[36.76150330422669,46.64442152144605],[36.769831417747184,46.63490367742273],[36.79243629730257,46.63847286893085],[36.82217955987563,46.66107774848659],[36.85073309194577,46.702718316088976],[36.87809689351291,46.74078969218226],[36.91021961709162,46.82050163587882]]]]}},{"type":"Feature","properties":{"kind":"district","id":"uyezd-1897-575","name":"Евпаторийский","provinceId":"gubernia-1897-60"},"geometry":{"type":"MultiPolygon","coordinates":[[[[33.60777562855053,45.04774215807802],[33.63221437413526,45.048953996702046],[33.646491140170326,45.05133345770814],[33.65957817570239,45.04776426619904],[33.710736587328014,45.043005344187826],[33.7428593109069,45.04776426619904],[33.7749820344849,45.06085130173146],[33.75951553794771,45.07750752877201],[33.764274459959374,45.085835642292324],[33.779740956496646,45.135804323414945],[33.81305341057836,45.12866594039772],[33.81186368007545,45.10011240832775],[33.81305341057836,45.075128067766],[33.8249507156076,45.06561022374268],[33.853504247677655,45.05728211022236],[33.879678318741874,45.03824642217572],[33.884437240753535,45.022779925638176],[33.92964699986458,45.025159386643296],[33.94392376589956,45.0727486067608],[33.993892447021466,45.098922677824746],[33.99508217752438,45.07869725927502],[34.02839463160609,45.089404833801424],[34.035533014623674,45.104871330338966],[34.05373148490889,45.1257136461864],[34.022798491833,45.181630979824206],[34.0549212154118,45.20066666787085],[34.05135202390306,45.2220818169235],[34.021608761330086,45.23635858295803],[33.98591684624245,45.24111750497014],[33.99662442076878,45.257773732010776],[34.00138334278044,45.280378611566434],[34.018039569821255,45.30536295212738],[33.98472711574034,45.343434328219686],[33.954983853167285,45.349382980734],[33.93475843461773,45.41481815839504],[33.9323789736119,45.440992229459],[33.92286112958848,45.46121764800864],[33.91572274657099,45.488581449575605],[33.885979483997936,45.493340371587706],[33.88716921450085,45.53379120868709],[33.87170271796287,45.565913932265175],[33.85980541293372,45.563534471260056],[33.84433891639573,45.60160584735334],[33.833631341869406,45.60993396087366],[33.826492958851915,45.59565719483726],[33.80864700130819,45.60279557785635],[33.79912915728558,45.6146928828839],[33.816975114828594,45.61945180489698],[33.833631341869406,45.63729776244053],[33.82768268935483,45.659902641996275],[33.79912915728558,45.670610216522604],[33.796749696279655,45.69678428758655],[33.77295508622135,45.7170097061362],[33.753919398174624,45.715819975632314],[33.74678101515713,45.722958358649535],[33.768196164209606,45.73485566367896],[33.74559128465422,45.75746054323372],[33.70633017805784,45.7967216498301],[33.687726151185025,45.82315144705261],[33.669880193641205,45.83980767409316],[33.65203423609659,45.85170497912257],[33.638947200565326,45.85170497912257],[33.61396286000393,45.86360228415288],[33.60206555497478,45.8624125536489],[33.59849636346603,45.85170497912257],[33.59016824994634,45.84694605711225],[33.58065040592221,45.85170497912257],[33.56994283139598,45.84337686560226],[33.56875310089306,45.83623848258415],[33.57708121441347,45.82315144705261],[33.563994178881316,45.82315144705261],[33.57113256189889,45.80649522001109],[33.554476334857995,45.81244387252629],[33.54733795184041,45.80530548950986],[33.54019956882292,45.811254142025064],[33.53544064681206,45.818392525042285],[33.5140254977587,45.80887468101896],[33.51521522826162,45.82434117755473],[33.49498980971197,45.827910369065606],[33.48666169619227,45.81244387252629],[33.472384930157205,45.81244387252629],[33.45691843361931,45.80649522001109],[33.43669301506966,45.80649522001109],[33.428364901549166,45.811254142025064],[33.423605979537506,45.8255309080596],[33.4069497524966,45.814823333533184],[33.38077568143318,45.792218453977526],[33.36245794542942,45.78286569293323],[33.33152495235354,45.762640274383585],[33.2875049237455,45.753122430360264],[33.26608977469294,45.753122430360264],[33.22920812910319,45.755501891366265],[33.20779298005063,45.76739919639569],[33.18042917848349,45.763830004886586],[33.167342142951334,45.7305175508054],[33.15901402943093,45.7209997067812],[33.145926993898776,45.7209997067812],[33.13283995836662,45.71148186275788],[33.090009660261494,45.709102401752666],[33.070973972214766,45.69601536622034],[33.054317745174664,45.69601536622034],[33.03052313511627,45.679359139179695],[32.99959014204039,45.674600217167594],[32.96031434741313,45.65575547352364],[32.89963809176419,45.62363274994369],[32.88536132572921,45.611735444916135],[32.86275644617364,45.605786792400934],[32.84491048863072,45.59388948737161],[32.86513590717947,45.58675110435429],[32.86275644617364,45.57009487731375],[32.84966941064238,45.56414622479855],[32.810408304046,45.56533595530165],[32.77709584996428,45.56295649429555],[32.76638827543796,45.55343865027223],[32.75568070091163,45.55224891977011],[32.74140393487665,45.540351614740786],[32.729506629847414,45.540351614740786],[32.721178516326916,45.522505657197144],[32.69262498425687,45.536782423231685],[32.65693306917003,45.512987813172934],[32.60815411855033,45.4987110471384],[32.5724622034627,45.47372670657656],[32.540339479883905,45.44517317450659],[32.520114061334255,45.43565533048327],[32.50821675630502,45.41424018143062],[32.491560529264916,45.4047223374073],[32.4986989122817,45.39520449338398],[32.51654486982551,45.390445571372766],[32.52130379183717,45.380927727349444],[32.5070270258021,45.3618920393028],[32.52844217485466,45.35118446477647],[32.53914974938099,45.35118446477647],[32.58198004748611,45.34047689025006],[32.602205466035755,45.34047689025006],[32.646225494643794,45.32263093270651],[32.66526118269053,45.320251471700416],[32.68191740973054,45.32857958522073],[32.68191740973054,45.33928715974706],[32.70809148079485,45.34404608176005],[32.75449097040872,45.37140988332612],[32.83896183611605,45.372599613829124],[32.91629431880509,45.360702308799794],[32.9745911134482,45.32857958522073],[33.040026291108,45.301215783653774],[33.07809766720146,45.27861090409989],[33.1221176958095,45.239349797503515],[33.15186095838256,45.223883300965085],[33.16732745492045,45.20008869090722],[33.218485866546075,45.19414003839212],[33.24347020710658,45.16677623682516],[33.27440320018246,45.148930279281515],[33.305336193258434,45.1834324638657],[33.34935622186647,45.17986327235758],[33.37434056242778,45.18105300286058],[33.3755302929307,45.20960653493054],[33.421929782543764,45.19770922990122],[33.49807253473069,45.156068662298836],[33.545661754847565,45.12156647771465],[33.598009896975206,45.05375183904742],[33.60777562855053,45.04774215807802]]]]}}]}
