{"type":"FeatureCollection","features":[{"type":"Feature","properties":{"kind":"province","id":"gubernia-1897-11","name":"Казанская губерния"},"geometry":{"type":"MultiPolygon","coordinates":[[[[46.85041794777075,55.27693720418212],[46.87907922874109,55.26399339987258],[46.907632760811055,55.25447555585015],[46.939755484389856,55.272321513392896],[47.00043174003853,55.27589070490289],[47.013518775570326,55.292546931942546],[47.019467428085434,55.3163415420013],[47.03969284663473,55.3199107335104],[47.043262038143475,55.33775669105394],[47.043262038143475,55.353223187591574],[47.06229772619038,55.357982109603235],[47.08673860960813,55.349698060175825],[47.12124079419223,55.3354212941404],[47.15693270928013,55.33066237212918],[47.19381435487006,55.337800755146404],[47.17358893632076,55.31519587559066],[47.18072731933817,55.30805749257344],[47.17715812782942,55.26046827245683],[47.191434893864226,55.25689908094773],[47.20690139040274,55.24738123692441],[47.25092141901016,55.26165800296073],[47.285423603595056,55.277124499497376],[47.292561986612455,55.30924722307644],[47.30921821365318,55.31995479760374],[47.323494979687986,55.31162668408254],[47.334202554214045,55.30805749257344],[47.32468471019081,55.275934768994375],[47.325874440693724,55.26046827245683],[47.328253901699554,55.24857096742839],[47.33301282371113,55.22953527938175],[47.350858781255475,55.22953527938175],[47.3591868947757,55.24500177592018],[47.40915557589841,55.24024285390719],[47.41153503690424,55.23072500988387],[47.441278299476764,55.23429420139288],[47.47340102305512,55.208120130328126],[47.51028266864584,55.197412555802686],[47.52336970417782,55.18432552027115],[47.54716431423586,55.189084442281484],[47.5709589242946,55.17480767624694],[47.581798691098676,55.16053091021152],[47.60559330115751,55.1533925271942],[47.627008450209715,55.14149522216576],[47.660320904290984,55.14149522216576],[47.68173605334399,55.123649264621235],[47.70553066340203,55.123649264621235],[47.73646365647747,55.1105622290897],[47.812606408664834,55.116510881604015],[47.86495455079248,55.129597917136344],[47.87209293380988,55.08319842752372],[47.8946978133658,55.08557788852795],[47.90064646588029,55.05821408696099],[47.93633838096739,55.02133244137168],[47.96370218253488,55.040368129418326],[48.02794762969239,55.06892166148741],[48.05888062276783,55.05821408696099],[48.08386496332878,55.049885973440766],[48.088623885340354,55.03798866841223],[48.107659573387615,55.0237119023777],[48.13026445294274,55.045127051429546],[48.164766637527634,55.04393732092743],[48.18499205607692,55.00586594483317],[48.22425316267277,55.029660554891024],[48.25280669474318,55.02728109388502],[48.27660130480121,55.03798866841223],[48.32775971642674,55.035609207406225],[48.35631324849644,55.0201427108677],[48.35988244000519,54.98920971779262],[48.328949446929656,54.977312412763204],[48.36345163151384,54.96541510773476],[48.39200516358425,54.95827672471656],[48.42769707867135,54.94281022817813],[48.449112227724356,54.92734373164148],[48.441973844706155,54.91306696560517],[48.46100953275333,54.89165181655429],[48.44316357520907,54.85714963196824],[48.45506088023884,54.83930367442558],[48.497891178343345,54.85120097945402],[48.53477282393407,54.869046936998544],[48.549049589968874,54.84763178794492],[48.56570581700951,54.86190855398124],[48.58474150505597,54.86071882347734],[48.58236204405014,54.82740636939616],[48.60615665410889,54.826216638894046],[48.64541776070473,54.883323703033085],[48.69300698082161,54.88570316403909],[48.795323804071955,54.883323703033085],[48.81673895312487,54.87618532001577],[48.841723293685824,54.879754511523984],[48.86075898173229,54.86071882347734],[48.86075898173229,54.85477017096401],[48.833395180165596,54.834544752413386],[48.80841083960464,54.82859609989828],[48.79413407356904,54.82859609989828],[48.795323804071955,54.8404934049277],[48.817928683627784,54.85952909297522],[48.788185421054465,54.86190855398124],[48.784616229545804,54.87023666750066],[48.73940647043556,54.87023666750066],[48.68705832830703,54.869046936998544],[48.67040210126648,54.83573448291737],[48.66326371824899,54.81788852537284],[48.70490428585058,54.800042567828314],[48.74297566194422,54.77743768827443],[48.74535512295005,54.74412523419139],[48.75487296697328,54.72389981564263],[48.792944343066125,54.7084333191042],[48.82387733614236,54.68582843954846],[48.866707634247575,54.69177709206357],[48.87503574776789,54.71200251061419],[48.894071435814354,54.7084333191042],[48.90834820184916,54.69534628357178],[48.92619415939271,54.68939763105756],[48.92857362039845,54.662033829490596],[48.96307580498343,54.67155167351392],[48.99876772007045,54.682259248040246],[49.03564936566126,54.67987978703513],[49.061823436725035,54.68344897854423],[49.09632562130993,54.672741404016925],[49.12130996187097,54.660844098988484],[49.11060238734483,54.647757063455174],[49.14034564991735,54.652515985467275],[49.173658103999415,54.648946793959155],[49.229575437636605,54.653705715971256],[49.245041934174324,54.653705715971256],[49.266457083226534,54.650136524461274],[49.30809765082883,54.666792751501816],[49.32951279988112,54.652515985467275],[49.34141010491019,54.63942894993485],[49.36877390647768,54.63942894993485],[49.397327438547286,54.63110083641463],[49.4270707011199,54.64061868043795],[49.4758496517396,54.644187871947935],[49.532956715879706,54.648946793959155],[49.528197793868046,54.67869005653124],[49.482988034757,54.673931134520906],[49.497264800791896,54.70248466659087],[49.54961294292034,54.70367439709298],[49.57221782247617,54.67512086502302],[49.553182134428994,54.659654368484595],[49.609099468066184,54.62515218390129],[49.593632971528464,54.60730622635677],[49.575787013984915,54.590649999316135],[49.606720007060446,54.57756296378371],[49.66263734069754,54.573993772275585],[49.691190872767244,54.58351161629891],[49.72093413534056,54.59421919082435],[49.77090281646238,54.587080807807034],[49.850614760157605,54.573993772275585],[49.84823529915187,54.55257862322196],[49.963639157934814,54.54900943171375],[49.948172661397095,54.52759428266199],[49.97434673246096,54.53116347417109],[49.99100295950159,54.521645630147766],[50.015987300063344,54.53592239618142],[50.05048948464744,54.52521482165598],[50.10283762677597,54.518076438638666],[50.24084636511413,54.513317516625676],[50.26226151416634,54.45383099148054],[50.303902081768726,54.44907206946843],[50.370526989931975,54.44074395594909],[50.4002702525045,54.430036381421786],[50.420495671054674,54.41575961538725],[50.446669742118544,54.37768823929494],[50.4787924656969,54.36103201225254],[50.499017884246896,54.352703898733104],[50.48355138770918,54.33128874968045],[50.50972545877305,54.32296063615925],[50.56564279241024,54.337237402194674],[50.58348874995379,54.351514168229215],[50.61085255152048,54.355083359738316],[50.626319048058996,54.37054985627586],[50.646544466608376,54.37530877828885],[50.659631502140265,54.38958554432338],[50.6905644952157,54.4038623103597],[50.741722906841325,54.41456988488514],[50.78455320494653,54.41456988488514],[50.797640240478515,54.43122611192577],[50.80596835399874,54.432415842427886],[50.810727276010404,54.43955422544511],[50.82857323355395,54.4431234169551],[50.83571161657206,54.45858991349175],[50.8595062266301,54.45977964399573],[50.88449056719114,54.43360557293178],[50.91542356026729,54.43717476443999],[50.91185436875863,54.45145153047453],[50.94873601434856,54.45621045248575],[51.001084156477006,54.45621045248575],[51.012981461506065,54.447882338966316],[51.01417119200898,54.42527745941057],[51.03320688005536,54.40743150186791],[51.05224256810262,54.39672392734061],[51.085555022183804,54.37173958677886],[51.10459071023027,54.336047671692555],[51.128385320289105,54.32652982766923],[51.17597454040518,54.31225306163381],[51.25687621460403,54.336047671692555],[51.27234271114175,54.37768823929494],[51.23665079605394,54.36936012577374],[51.21047672499007,54.37292931728284],[51.17002588789069,54.39791365784459],[51.15336966085005,54.42051853740033],[51.15099019984422,54.4431234169551],[51.16526696587912,54.46691802701296],[51.193820497949524,54.494281828579034],[51.22951241303654,54.506179133609336],[51.25568648410111,54.51450724712868],[51.25806594510694,54.5347326656793],[51.28899893818247,54.564475928252264],[51.32231139226365,54.60849595685889],[51.369900612380526,54.61801380088221],[51.392505491935644,54.63110083641463],[51.419869293503226,54.673931134520906],[51.3817979174095,54.68344897854423],[51.35324438533989,54.6679824820058],[51.32707031427602,54.666792751501816],[51.308034626228846,54.662033829490596],[51.29137839918821,54.666792751501816],[51.27829136365632,54.653705715971256],[51.26401459762152,54.654895446473375],[51.24140971806551,54.63823921943274],[51.22475349102496,54.63585975842673],[51.21642537750465,54.64180841094184],[51.21642537750465,54.652515985467275],[51.195010228452354,54.6656030209997],[51.21880483851048,54.666792751501816],[51.23308160454528,54.682259248040246],[51.26877351963309,54.70129493608689],[51.30684489572593,54.71438197161842],[51.328260044778936,54.70605385809997],[51.36276222936312,54.72389981564263],[51.35562384634572,54.735797120672046],[51.382987647912415,54.73341765966595],[51.3960746834451,54.727469007150845],[51.42224875450897,54.741745773185386],[51.417489832497395,54.764350652742905],[51.428197407023546,54.78814526279987],[51.441284442555435,54.77624795777045],[51.443663903561266,54.75602253922081],[51.45318174758441,54.76791984425111],[51.484114740660644,54.78100687978353],[51.50671962021577,54.816698794870724],[51.504340159210024,54.8416831354307],[51.510288811724514,54.87023666750066],[51.49601204568971,54.886892894541205],[51.50671962021577,54.91068750460093],[51.51980665574774,54.91187723510305],[51.512668272730345,54.92377454013335],[51.504340159210024,54.92258480962849],[51.492442854180965,54.93805130616691],[51.479355818649076,54.94756915019023],[51.50671962021577,54.951138341699334],[51.50315042870711,54.964225377230875],[51.51742719474191,54.971363760248096],[51.499581237198456,54.98920971779262],[51.516237464239,54.995158370307735],[51.530514230273894,54.98801998729051],[51.530514230273894,54.99991729231806],[51.560257492847214,55.01419405835438],[51.57691371988776,55.035609207406225],[51.581672641899424,55.057024356458875],[51.61022617396983,55.06773193098529],[51.65424620257725,55.08914708003794],[51.68755865665923,55.10223411557036],[51.69945596168829,55.1510130661882],[51.70421488369986,55.19027417278537],[51.69826623118537,55.20693039982601],[51.694697039676626,55.22596608787354],[51.66852296861205,55.23191474038776],[51.65543593308016,55.25927854195383],[51.6435386280511,55.2866423435207],[51.59713913843714,55.30567803156734],[51.59238021642548,55.2925909960359],[51.5733445283791,55.2925909960359],[51.581672641899424,55.32352398911187],[51.58524183340817,55.361595365204266],[51.60070832994589,55.37111320922759],[51.59832886894006,55.37944132274879],[51.61141590447274,55.38657970576602],[51.59238021642548,55.411564046327854],[51.57572398938493,55.40323593280665],[51.56501641485879,55.40799485481875],[51.55549857083555,55.418702429344194],[51.55668830133847,55.447255961415046],[51.55192937932681,55.46272245795356],[51.53408342178335,55.473430032479],[51.516237464239,55.4710505714729],[51.516237464239,55.4817581460002],[51.512668272730345,55.49484518153076],[51.497201776192625,55.500793834046846],[51.51904609752642,55.504006234242304],[51.537652613292,55.506742486560185],[51.5461492116732,55.500929024510306],[51.560257492847214,55.491275990023524],[51.564454594493995,55.49022671461145],[51.57453425888202,55.48770679851354],[51.579171110150014,55.4895615390207],[51.59238021642548,55.49484518153076],[51.60070832994589,55.516260330583506],[51.58524183340817,55.53886521013916],[51.58048291139651,55.572177664220334],[51.57705224037466,55.60781663238788],[51.561784764079405,55.60054640558069],[51.5344209625121,55.596977214072474],[51.52133392697968,55.61839236312424],[51.49872904742482,55.63385885966178],[51.49753931692155,55.657653469720614],[51.47374470686333,55.6540842782124],[51.46779605434921,55.67430969676205],[51.47969335937826,55.704052959335016],[51.49753931692155,55.71595026436354],[51.483262550886565,55.75640110146284],[51.48683174239575,55.79209301654923],[51.50348796943648,55.807559513087654],[51.50824689144814,55.84920008068916],[51.50943662195061,55.88370226527422],[51.492780394909886,55.91582498885241],[51.444001444290194,55.95627582595169],[51.43210413926113,55.99434720204498],[51.396412224173844,56.02052127310982],[51.42139656473533,56.03836723065248],[51.454709018816786,56.03836723065248],[51.50110850843065,56.05264399668791],[51.51062635245397,56.07286941523765],[51.54155934552959,56.059782379706114],[51.58557937413762,56.081197528757876],[51.65934266531801,56.09190510328429],[51.677188622862005,56.10856133032573],[51.65696320431218,56.13711486239569],[51.62127128922491,56.124027826862374],[51.608184253692485,56.141873784406904],[51.58438964363435,56.14306351490902],[51.57487179961103,56.12759701837237],[51.530851771003,56.119268904852134],[51.485642011892395,56.12759701837237],[51.447144682903314,56.12880143690563],[51.41145276781603,56.11928359288231],[51.376950583231235,56.09073006081235],[51.369812200213744,56.04552030170086],[51.33412028512646,56.057417606731164],[51.331740824120715,56.078832755782926],[51.30080783104431,56.08240194729301],[51.2698748379686,56.07645329477781],[51.23656238388715,56.08478140829723],[51.23299319237876,56.09667871332745],[51.219906156846335,56.10619655735077],[51.216336965337334,56.11928359288231],[51.191352624776556,56.127611706402625],[51.16279909270676,56.12523224539741],[51.1580401706951,56.135939819923834],[51.13305583013363,56.140698741934074],[51.117589333595376,56.12999116740863],[51.08665634051975,56.145457663947155],[51.061671999958264,56.17877011802736],[51.036687659397586,56.18233930953646],[51.0009957443103,56.159734429980716],[51.00932385783027,56.197805806074975],[50.98433951726878,56.2013749975831],[50.92247353111746,56.19185715355978],[50.908196765082565,56.20851338060041],[50.916524878603326,56.213272302613404],[50.93912975815827,56.214462033116405],[50.940319488661544,56.222790146636726],[50.92485299212329,56.22754906864705],[50.901058382065074,56.222790146636726],[50.879643233012786,56.225169607641845],[50.83800266541057,56.21684149412162],[50.801121019819945,56.215651763618524],[50.77851614026508,56.225169607641845],[50.748772877691934,56.215651763618524],[50.722598806627985,56.23111826015705],[50.67381985600828,56.22635933814494],[50.66668147299079,56.23111826015705],[50.66549174248833,56.24896421769971],[50.646456054440975,56.26799990574635],[50.63455874941191,56.27751774976967],[50.6036257563362,56.28822532429599],[50.6036257563362,56.296553437816314],[50.594107912312964,56.303691820834516],[50.57864141577481,56.303691820834516],[50.57269276326059,56.297743168319315],[50.55484680571659,56.294173976811194],[50.533431656664206,56.29893289882241],[50.531052195658376,56.31439939536084],[50.50725758560016,56.32272750888116],[50.5024986635885,56.33224535290448],[50.47156567051289,56.33819400541958],[50.43349429441977,56.31201993435483],[50.41088941486413,56.301312359829396],[50.35021315921536,56.33343508340748],[50.31214178312226,56.365557806985656],[50.31809043563639,56.38935241704351],[50.30024447809319,56.39887026106683],[50.2895369035666,56.39887026106683],[50.29072663406987,56.385783225535306],[50.28001905954328,56.35128104095112],[50.25860391049089,56.35485023245924],[50.24313741395274,56.35128104095112],[50.23599903093525,56.36436807648256],[50.20268657685379,56.38697295603929],[50.15509735673746,56.408388105090154],[50.144389782210865,56.379834573021085],[50.12773355517014,56.40957783559405],[50.11226705863268,56.41552648810827],[50.126543824667664,56.43456217615491],[50.10393894511192,56.432182715148905],[50.10512867561529,56.450028672693435],[50.08847244857377,56.454787594703674],[50.06110864700716,56.44289028967523],[50.028985923428266,56.439321098167014],[50.00638104387262,56.41433675760527],[49.96236101526537,56.42623406263371],[49.92547936967475,56.41076756609705],[49.89283420127648,56.42340781102575],[49.84524498116002,56.43173592454693],[49.823829832107634,56.45077161259357],[49.796466030540415,56.45077161259357],[49.786948186517094,56.45909972611389],[49.802414683055346,56.472186761645425],[49.838106598142616,56.488842988686855],[49.84524498116002,56.503119754721396],[49.823829832107634,56.51977598176203],[49.801224952551976,56.53286301729534],[49.77148168997972,56.53286301729534],[49.75244600193308,56.51858625125992],[49.7167540868451,56.51263759874472],[49.68701082427275,56.52572463427625],[49.64893944817884,56.51739652075682],[49.629903760132294,56.5066889462305],[49.60372968906833,56.50074029371539],[49.59897076705667,56.487653258183855],[49.57874534850684,56.498360832710176],[49.57398642649518,56.52572463427625],[49.518069092858795,56.544760322322894],[49.489515560788206,56.53762193930656],[49.45025445419263,56.54000140031168],[49.41932146111621,56.550708974838],[49.39790631206384,56.564985740873425],[49.378870624017196,56.59948792545761],[49.326522481889285,56.62804145752757],[49.27774353126958,56.638749032053994],[49.262277034731326,56.61138523048614],[49.208739162100855,56.60067765595973],[49.164719133492824,56.61019549998305],[49.12426829639388,56.62923118802969],[49.08500718979751,56.635179840545774],[49.02671039515448,56.637559301550894],[48.983880097049806,56.62685172702457],[48.92558330240688,56.653025798089416],[48.898219500839474,56.6863382521706],[48.879183812793,56.69585609619392],[48.8137486351325,56.69466636569082],[48.76140049300459,56.713702053737464],[48.69120639333249,56.73273774178509],[48.65075555623365,56.74582477731565],[48.61506364114557,56.74582477731565],[48.60673552762552,56.76129127385505],[48.57738394587686,56.76835132070663],[48.563107179841964,56.743366980145765],[48.52979472575973,56.739797788636665],[48.51194876821644,56.76121293768843],[48.51194876821644,56.78024862573507],[48.47982604463746,56.80642269679991],[48.4013038314455,56.81713027132624],[48.39178598742218,56.82664811534956],[48.38226814339815,56.819509732331454],[48.331109731773424,56.815940540823235],[48.32040215724683,56.78262808674206],[48.272812937130496,56.78500754774815],[48.22284425600752,56.77073078171175],[48.16573719186786,56.79690485277659],[48.12647608527149,56.81713027132624],[48.074127943143395,56.8016637747887],[48.02653872302706,56.77667943422695],[47.984898155424844,56.78738700875327],[47.96705219788086,56.80047404428481],[47.96824192838413,56.821889193338436],[47.926601360781916,56.83259676786476],[47.90756567273536,56.830217306857776],[47.873063488150564,56.823078923841436],[47.836181842560805,56.83497622886988],[47.760039090373795,56.837355689875],[47.717208792269034,56.820699462834455],[47.66367091963775,56.812371349315114],[47.5887178979541,56.80999188830813],[47.532800564317,56.814750810320234],[47.48283188319475,56.815940540823235],[47.43048374106674,56.79095620026149],[47.35791018038891,56.76716159020363],[47.30080311624846,56.756454015677306],[47.269870123172836,56.75883347668331],[47.1806403354542,56.77073078171175],[47.11877434930297,56.78262808674206],[47.064046746168344,56.80047404428481],[46.949832617889015,56.78857673925628],[46.83323902860316,56.78381781724515],[46.73806058836959,56.77667943422695],[46.691661098755716,56.77667943422695],[46.57625723997313,56.78143835623817],[46.52747828935343,56.78024862573507],[46.43229984912075,56.77548970372395],[46.396607934033476,56.733849136122444],[46.3609160189454,56.69101883801706],[46.35734682743701,56.6684139584622],[46.344259791904804,56.65413719242862],[46.31144431499824,56.63003132854645],[46.28883943544232,56.60861617949283],[46.25552698136105,56.56816534239353],[46.250768059349475,56.52890423579724],[46.256716711863966,56.493212320709965],[46.26174001843138,56.47708486278138],[46.27482705396416,56.455669713730416],[46.26887840144887,56.429495642665664],[46.28672435899313,56.42711618165957],[46.32598546558889,56.36643992601054],[46.3616773806767,56.375957770033864],[46.37238495520285,56.3545426209821],[46.3616773806767,56.343835046454885],[46.37000549419711,56.333127471929444],[46.39261037375214,56.32836854991823],[46.39261037375214,56.306953400865495],[46.4045076787812,56.303384209356395],[46.41402552280444,56.30814313136761],[46.41521525330815,56.32004043639702],[46.42711255833712,56.32598908891214],[46.43544067185744,56.31409178388183],[46.43900986336619,56.29624582633917],[46.41045633129578,56.285538251811865],[46.371195224700024,56.272451216280416],[46.38428226023191,56.25579498923979],[46.38190279922608,56.232000379181926],[46.36524657218545,56.21177496063228],[46.330744387600554,56.18322142856232],[46.27601678446699,56.15466789649146],[46.24984271340241,56.14396032196603],[46.19630484077105,56.14752951347513],[46.172510230713016,56.10826840687875],[46.10588532254977,56.10231975436364],[46.09755720902936,56.069007300282465],[46.11778262757874,56.065438108774245],[46.13443885462017,56.065438108774245],[46.14038750713466,56.060679186761256],[46.1296799326078,56.045212690223714],[46.13919777663175,56.04164349871461],[46.157043734175296,56.051161342737934],[46.187976727250735,56.039264037708605],[46.2141507983154,56.038074307206486],[46.23794540837335,56.039264037708605],[46.26768867094596,56.039264037708605],[46.26055028792856,56.02617700217796],[46.239135138876264,56.01665915815464],[46.185597266244905,56.01427969714863],[46.14276696814049,56.00595158362742],[46.11302370556708,55.97620832105437],[46.08209071249164,55.954793172001715],[46.10112640053811,55.92386017892663],[46.117651706875215,55.929052751002956],[46.13668739492213,55.921914367984755],[46.15215389146029,55.91953490697874],[46.177138232021505,55.90763760195021],[46.189035537050216,55.89455056641877],[46.169999849004014,55.88622245289756],[46.147394969448364,55.87908406988025],[46.15215389146029,55.8540997293185],[46.164051196488906,55.852909998816386],[46.17832796252398,55.82792565825454],[46.20807122509712,55.805320778698885],[46.25922963672274,55.805320778698885],[46.29730101281585,55.79223374316736],[46.302059934827774,55.758921289086175],[46.3068188568389,55.74702398405587],[46.33418265840648,55.761300750092275],[46.37463349550516,55.743454792547745],[46.39723837506081,55.749403445061965],[46.42936109863952,55.73750614003343],[46.49598600680259,55.757731558583174],[46.491227084790665,55.73512667902743],[46.52216007786699,55.720849912992],[46.562610914965575,55.70181422494625],[46.58759525552688,55.71014233846657],[46.630425553631824,55.69586557243203],[46.6649277382161,55.69586557243203],[46.67444558224004,55.688727189413825],[46.69824019229808,55.6780196148875],[46.71965534135055,55.66612230985808],[46.724414263362476,55.63280985577602],[46.71846561084737,55.613774167729375],[46.694671000789334,55.58760009666639],[46.71370668883624,55.55428764258521],[46.70656830581875,55.51145734447982],[46.694671000789334,55.48528327341498],[46.66730719922255,55.469816776878325],[46.63637420614693,55.446022166819574],[46.64589205016999,55.4103302517315],[46.65778935519861,55.380586989158445],[46.69942992280126,55.366310223123904],[46.73869102939746,55.32823884702974],[46.77795213599366,55.304444236972856],[46.81483378158359,55.28421881842311],[46.83795447129436,55.281203076286836],[46.84219758315117,55.28064962691401],[46.85041794777075,55.27693720418212]]]]}},{"type":"Feature","properties":{"kind":"district","id":"uyezd-1897-456","name":"Козьмодемьянский","provinceId":"gubernia-1897-11"},"geometry":{"type":"MultiPolygon","coordinates":[[[[46.256716711863966,56.493212320709965],[46.26174001843138,56.47708486278138],[46.27482705396416,56.455669713730416],[46.26887840144887,56.429495642665664],[46.28672435899313,56.42711618165957],[46.32598546558889,56.36643992601054],[46.3616773806767,56.375957770033864],[46.37238495520285,56.3545426209821],[46.3616773806767,56.343835046454885],[46.37000549419711,56.333127471929444],[46.39261037375214,56.32836854991823],[46.39261037375214,56.306953400865495],[46.4045076787812,56.303384209356395],[46.41402552280444,56.30814313136761],[46.41521525330815,56.32004043639702],[46.42711255833712,56.32598908891214],[46.43544067185744,56.31409178388183],[46.43900986336619,56.29624582633917],[46.41045633129578,56.285538251811865],[46.371195224700024,56.272451216280416],[46.38428226023191,56.25579498923979],[46.38190279922608,56.232000379181926],[46.36524657218545,56.21177496063228],[46.330744387600554,56.18322142856232],[46.27601678446699,56.15466789649146],[46.24984271340241,56.14396032196603],[46.19630484077105,56.14752951347513],[46.172510230713016,56.10826840687875],[46.10588532254977,56.10231975436364],[46.09755720902936,56.069007300282465],[46.11778262757874,56.065438108774245],[46.13443885462017,56.065438108774245],[46.14038750713466,56.060679186761256],[46.1296799326078,56.045212690223714],[46.13919777663175,56.04164349871461],[46.157043734175296,56.051161342737934],[46.187976727250735,56.039264037708605],[46.2141507983154,56.038074307206486],[46.23794540837335,56.039264037708605],[46.26768867094596,56.039264037708605],[46.28374613406104,56.039847796270806],[46.29921263059876,56.035088874258705],[46.351560772727204,56.023191569230264],[46.40866783686651,56.00415588118362],[46.47291328402402,55.9886893846451],[46.544297114198926,55.97679207961577],[46.631147440912265,55.960135852575135],[46.64542420694716,55.92682339849395],[46.66802908650228,55.92801312899607],[46.690633966057405,55.93991043402549],[46.70847992360175,55.93158232050606],[46.73346426416261,55.94942827804881],[46.764397257238144,55.960135852575135],[46.83459135691014,55.93634124251727],[46.84291947043116,55.950618008551814],[46.88931896004432,55.94347962553459],[46.89883680406756,55.92801312899607],[46.95475413770475,55.892321213908886],[47.00591254933036,55.89708013592099],[47.04041473391446,55.888752022399785],[47.06301961347038,55.89470067491489],[47.05231203894423,55.91492609346551],[47.09871152855739,55.91492609346551],[47.11893694710757,55.92087474597885],[47.11893694710757,55.93158232050606],[47.14035209615977,55.93039259000217],[47.166526167223644,55.92682339849395],[47.18675158577382,55.93158232050606],[47.18675158577382,55.94704881704271],[47.17842347225262,55.98155100162788],[47.13797263515394,55.98512019313698],[47.13797263515394,56.00058668967452],[47.15819805370332,56.00891480319474],[47.20816673482594,56.019622377722044],[47.23790999739846,56.027950491241384],[47.239099727901376,56.038658065768686],[47.22601269236949,56.04817590979201],[47.19745916029988,56.05174510129925],[47.164146706217814,56.050555370796246],[47.14154182666269,56.05412456230535],[47.15581859269749,56.07197051984987],[47.15819805370332,56.09100620789651],[47.13797263515394,56.121939200971596],[47.09871152855739,56.15168246354456],[47.104660181071964,56.171907882095184],[47.10228072006613,56.184994917626724],[47.09038341503716,56.20522033617637],[47.089193684534244,56.21830737170781],[47.09395260654582,56.23377386824633],[47.1213164081134,56.25161982578899],[47.15581859269749,56.259947939310194],[47.20935646532885,56.276604166350836],[47.24980730242753,56.29445012389438],[47.2557559549421,56.32657284747256],[47.2557559549421,56.35393664903952],[47.26884299047479,56.39319775563669],[47.260514876954474,56.42413074871187],[47.25456622443919,56.44673562826752],[47.24504838041595,56.48956592637202],[47.22839215337532,56.56332921755347],[47.21530511784343,56.60140059364676],[47.19745916029988,56.63709250873394],[47.17723374174979,56.68825092035877],[47.16890562822938,56.722753104943834],[47.17247481973813,56.750116906511685],[47.1806403354542,56.77073078171175],[47.11877434930297,56.78262808674206],[47.064046746168344,56.80047404428481],[46.949832617889015,56.78857673925628],[46.83323902860316,56.78381781724515],[46.73806058836959,56.77667943422695],[46.691661098755716,56.77667943422695],[46.57625723997313,56.78143835623817],[46.52747828935343,56.78024862573507],[46.43229984912075,56.77548970372395],[46.396607934033476,56.733849136122444],[46.3609160189454,56.69101883801706],[46.35734682743701,56.6684139584622],[46.34425979190459,56.65413719242767],[46.31144431499824,56.63003132854645],[46.28883943544232,56.60861617949283],[46.25552698136105,56.56816534239353],[46.250768059349475,56.52890423579724],[46.256716711863966,56.493212320709965]]]]}},{"type":"Feature","properties":{"kind":"district","id":"uyezd-1897-457","name":"Царевококшайский","provinceId":"gubernia-1897-11"},"geometry":{"type":"MultiPolygon","coordinates":[[[[47.260514876954474,56.42413074871187],[47.313844943387004,56.4207198973554],[47.40545419211129,56.421909627858405],[47.49706344083558,56.42428908886362],[47.57915484553682,56.42666854986962],[47.62674406565369,56.37551013824578],[47.667194902752364,56.36361283321547],[47.70050735683425,56.355284719695156],[47.73500954141853,56.32673118762519],[47.756424690471086,56.2946084640471],[47.78378849203787,56.27081385398836],[47.812342024107835,56.263675470971044],[47.83137771215483,56.23274247789596],[47.83494690366358,56.21489652035143],[47.828998251149265,56.19705056280691],[47.84446474768663,56.18634298828147],[47.83256744265801,56.172066222246045],[47.818290676622944,56.16492783922873],[47.83732636466905,56.1482716121873],[47.85041340020174,56.12447700213033],[47.893243698306684,56.12685646313642],[47.944402109931595,56.1482716121873],[47.937263726914104,56.167307300233944],[47.917038308364724,56.193481371298695],[47.93012534389661,56.204188945826],[47.91584857786163,56.21608625085444],[47.92655615238787,56.22917328638597],[47.93012534389661,56.26486520147414],[47.937263726914104,56.30174684706433],[47.957489145464194,56.30412630806954],[47.96581725898407,56.31364415209286],[47.983663216527795,56.31840307410585],[48.026493514632826,56.31840307410585],[48.05266758569723,56.33030037913429],[48.05742650770836,56.337438762151606],[48.07646219575526,56.337438762151606],[48.07884165676083,56.32554145712308],[48.10144653631657,56.31007496058376],[48.1323795293921,56.296987925053116],[48.17639955800023,56.2827111590168],[48.19067632403521,56.243450052421395],[48.20495309007019,56.23155274739295],[48.22636823912275,56.18515325777847],[48.223988778117096,56.1542202647033],[48.2430244661633,56.15184080369728],[48.29775206929766,56.155409995206384],[48.3274953318701,56.14351269017608],[48.34415155891144,56.13399484615276],[48.3667564384663,56.12090781062034],[48.400068892548276,56.118528349616106],[48.48572948875817,56.11971808011734],[48.51547275133131,56.10425158358068],[48.54283655289818,56.06499047698341],[48.563061971447475,56.044765058434656],[48.583287389997565,56.023349909382006],[48.65348148966938,56.03048829239923],[48.66656852520127,56.044765058434656],[48.66656852520127,56.05547263296009],[48.69274259626567,56.0673699379904],[48.709398823306216,56.06261101597741],[48.7629366959374,56.08997481754614],[48.79505941951619,56.093544009054355],[48.83075133460365,56.099492661568576],[48.848597292147375,56.13042565464455],[48.87358163270859,56.13161538514764],[48.92236058332794,56.14113322916998],[48.94853465439234,56.167307300233944],[48.97351899495364,56.16492783922873],[48.987795760988625,56.1565997257085],[49.018728754064156,56.1577894562115],[49.04252336412228,56.172066222246045],[49.079405009712914,56.18039433576725],[49.0877331232335,56.17325595274994],[49.118666116309114,56.19229164079569],[49.0675077046835,56.21608625085444],[49.08178447071848,56.22203490336866],[49.1067688112797,56.23274247789596],[49.09963042826221,56.249398704935615],[49.10557908077732,56.257726818455936],[49.12699422982979,56.254157626946835],[49.15197857039101,56.22679382537987],[49.19599859899842,56.22322463387175],[49.234069975091444,56.23274247789596],[49.29831542224895,56.254157626946835],[49.31973057130142,56.27795223700558],[49.33995598985151,56.2862803505259],[49.348284103371476,56.26605493197714],[49.403011706505836,56.279141967508586],[49.432754969078985,56.273193314994366],[49.45417011813154,56.2815214285138],[49.49105176372138,56.2862803505259],[49.531502600820765,56.296987925053116],[49.57076370741705,56.317213343602845],[49.5874199344576,56.333869570642506],[49.60526589200133,56.34100795365973],[49.60883508351007,56.36956148572969],[49.6266810410538,56.38621771277121],[49.63143996306572,56.407632861823956],[49.6516653816151,56.405253400817855],[49.66832160865565,56.418340436349396],[49.67783945267951,56.44808369892236],[49.702823793240725,56.45879127344958],[49.6909264882113,56.476637230992324],[49.66475241714691,56.474257769986224],[49.643337268094434,56.48020642250231],[49.62549131055071,56.470688578478104],[49.60169670049258,56.471878308981104],[49.59897076705667,56.487653258183855],[49.57874534850684,56.498360832710176],[49.57398642649518,56.52572463427625],[49.518069092858795,56.544760322322894],[49.489515560788206,56.53762193930656],[49.45025445419263,56.54000140031168],[49.41932146111621,56.550708974838],[49.39790631206384,56.564985740873425],[49.378870624017196,56.59948792545761],[49.326522481889285,56.62804145752757],[49.27774353126958,56.638749032053994],[49.262277034731326,56.61138523048614],[49.208739162100855,56.60067765595973],[49.164719133492824,56.61019549998305],[49.12426829639388,56.62923118802969],[49.08500718979751,56.635179840545774],[49.02671039515448,56.637559301550894],[48.983880097049806,56.62685172702457],[48.92558330240688,56.653025798089416],[48.898219500839474,56.6863382521706],[48.879183812793,56.69585609619392],[48.8137486351325,56.69466636569082],[48.76140049300459,56.713702053737464],[48.69120639333249,56.73273774178509],[48.65075555623365,56.74582477731565],[48.61506364114557,56.74582477731565],[48.60673552762552,56.76129127385505],[48.57738394587686,56.76835132070663],[48.563107179841964,56.743366980145765],[48.52979472575973,56.739797788636665],[48.51194876821644,56.76121293768843],[48.51194876821644,56.78024862573507],[48.47982604463746,56.80642269679991],[48.4013038314455,56.81713027132624],[48.39178598742218,56.82664811534956],[48.38226814339815,56.819509732331454],[48.331109731773424,56.815940540823235],[48.32040215724683,56.78262808674206],[48.272812937130496,56.78500754774815],[48.22284425600752,56.77073078171175],[48.16573719186786,56.79690485277659],[48.12647608527149,56.81713027132624],[48.074127943143395,56.8016637747887],[48.02653872302706,56.77667943422695],[47.984898155424844,56.78738700875327],[47.96705219788086,56.80047404428481],[47.96824192838413,56.821889193338436],[47.926601360781916,56.83259676786476],[47.90756567273536,56.830217306857776],[47.873063488150564,56.823078923841436],[47.836181842560805,56.83497622886988],[47.760039090373795,56.837355689875],[47.717208792269034,56.820699462834455],[47.66367091963775,56.812371349315114],[47.5887178979541,56.80999188830813],[47.532800564317,56.814750810320234],[47.48283188319475,56.815940540823235],[47.43048374106674,56.79095620026149],[47.35791018038891,56.76716159020363],[47.30080311624846,56.756454015677306],[47.269870123172836,56.75883347668331],[47.1806403354542,56.77073078171175],[47.17247481973813,56.750116906511685],[47.16890562822938,56.722753104943834],[47.17723374174979,56.68825092035877],[47.19745916029988,56.63709250873394],[47.21530511784343,56.60140059364676],[47.22839215337532,56.56332921755347],[47.24504838041595,56.48956592637202],[47.25456622443919,56.44673562826752],[47.260514876954474,56.42413074871187]]]]}},{"type":"Feature","properties":{"kind":"district","id":"uyezd-1897-458","name":"Свияжский","provinceId":"gubernia-1897-11"},"geometry":{"type":"MultiPolygon","coordinates":[[[[48.23112716113459,55.68705275389221],[48.219362048383275,55.67806367897997],[48.20984420436004,55.659027990933325],[48.20270582134255,55.63880257238456],[48.20032636033681,55.61738742333094],[48.176531750277974,55.60905930981151],[48.16225498424317,55.590023621764864],[48.15749606223151,55.56503928120311],[48.11347603362418,55.54957278466459],[48.099199267588574,55.53648574913315],[48.112286303121266,55.53053709661795],[48.09563007607992,55.526967905110716],[48.07064573551888,55.529347366115836],[48.063507352501475,55.521019252596496],[48.04685112546084,55.516260330583506],[48.03971274244353,55.52577817460683],[48.02900516791658,55.521019252596496],[48.02662570691075,55.51031167806919],[48.00521055785855,55.500793834046846],[48.02900516791658,55.499604103542865],[48.02543597640793,55.48889652901743],[47.99807217484114,55.48651706801142],[47.97784675629176,55.48532733750833],[47.956431607238756,55.48294787650232],[47.93263699718072,55.46391218845568],[47.91836023114592,55.45796353594048],[47.917170500643,55.44606623091116],[47.92906780567206,55.44606623091116],[47.92549861416332,55.431789464876616],[47.90765265661977,55.431789464876616],[47.90527319561394,55.418702429344194],[47.87671966354353,55.417512698842074],[47.87671966354353,55.38301051425701],[47.86720181952039,55.361595365204266],[47.87077101102904,55.34255967715851],[47.87804158632437,55.31757533659676],[47.9149232319151,55.32233425860798],[47.94347676398479,55.30805749257344],[48.0148605941597,55.31162668408254],[48.05055250924751,55.31876506709976],[48.069588197293974,55.32947264162706],[48.102900651375954,55.31638560609464],[48.13026445294274,55.31995479760374],[48.167146098533465,55.31400614508855],[48.26946292178381,55.3318521026313],[48.29801645385342,55.31876506709976],[48.34798513497612,55.32828291112308],[48.426507348168435,55.344939138163724],[48.48599387331428,55.35921590419915],[48.52406524940792,55.349698060175825],[48.54785985946596,55.38063105325091],[48.64660749120756,55.368733748223356],[48.73226808741807,55.35921590419915],[48.77152919401383,55.338990485650385],[48.80365191759298,55.32233425860798],[48.85243086821197,55.33066237212918],[48.91072766285499,55.34136994665462],[48.94404011693697,55.340180216152504],[48.98568068453856,55.3354212941404],[49.03445963515834,55.31876506709976],[49.064202897730866,55.30924722307644],[49.09632562130993,55.30686776207132],[49.12963807539129,55.31995479760374],[49.160571068467526,55.348508329673706],[49.14312168775775,55.37111320922759],[49.12051680820254,55.38182078375489],[49.10505031166482,55.40442566331055],[49.10980923367648,55.419892159847194],[49.09791192864671,55.44011757839782],[49.09315300663505,55.46986084097079],[49.072927588085754,55.507932217064074],[49.052702169536374,55.53172682712193],[49.03366648149,55.55909062868791],[49.012251332436996,55.58645443025674],[48.99916429690511,55.63642311137758],[49.009871871431166,55.67330475696777],[49.02414863746597,55.69471990602051],[49.06222001355961,55.71018640255894],[49.08720435412056,55.73279128211468],[49.09315300663505,55.75658589217254],[49.076496779594414,55.77562158021918],[49.055081630542205,55.7827599632365],[49.01582052394565,55.78394969374039],[48.97299022584124,55.78632915474648],[48.936108580250426,55.7851394242425],[48.90874477868373,55.7910880767577],[48.87424259409884,55.78632915474648],[48.85163771454363,55.7910880767577],[48.81356633844999,55.78989834625372],[48.748131160789654,55.79584699876883],[48.706490593188065,55.818451878323685],[48.617260805469606,55.811313495306464],[48.56848185484991,55.816072417317585],[48.53635913127076,55.82677999184489],[48.42809365550592,55.82321080033668],[48.38817158751877,55.82863068373902],[48.34177209790508,55.83338960575024],[48.31202883533264,55.80007715166906],[48.2822855727595,55.77985173311933],[48.25254231018715,55.74534954853337],[48.23469635264333,55.715606285962174],[48.241834735660916,55.702519250428864],[48.23112716113459,55.68705275389221]]]]}},{"type":"Feature","properties":{"kind":"district","id":"uyezd-1897-459","name":"Чебоксарский","provinceId":"gubernia-1897-11"},"geometry":{"type":"MultiPolygon","coordinates":[[[[48.38817158751877,55.82863068373902],[48.3786537434958,55.8500458327899],[48.42981215512142,55.91667074095315],[48.46550407020887,55.934516698497674],[48.50119598529633,55.95355238654432],[48.52974951736638,55.97734699660306],[48.54878520541249,56.005900528673024],[48.56901062396258,56.021367025209685],[48.583287389997565,56.023349909382006],[48.563061971447475,56.044765058434656],[48.54283655289818,56.06499047698341],[48.51547275133131,56.10425158358068],[48.48572948875817,56.11971808011734],[48.400068892548276,56.118528349616106],[48.3667564384663,56.12090781062034],[48.34415155891144,56.13399484615276],[48.3274953318701,56.14351269017608],[48.29775206929766,56.155409995206384],[48.2430244661633,56.15184080369728],[48.223988778117096,56.1542202647033],[48.22636823912275,56.18515325777847],[48.20495309007019,56.23155274739295],[48.19067632403521,56.243450052421395],[48.17639955800023,56.2827111590168],[48.1323795293921,56.296987925053116],[48.10144653631657,56.31007496058376],[48.07884165676083,56.32554145712308],[48.07646219575526,56.337438762151606],[48.05742650770836,56.337438762151606],[48.05266758569723,56.33030037913429],[48.026493514632826,56.31840307410585],[47.983663216527795,56.31840307410585],[47.96581725898407,56.31364415209286],[47.957489145464194,56.30412630806954],[47.937263726914104,56.30174684706433],[47.93012534389661,56.26486520147414],[47.92655615238787,56.22917328638597],[47.91584857786163,56.21608625085444],[47.93012534389661,56.204188945826],[47.917038308364724,56.193481371298695],[47.937263726914104,56.167307300233944],[47.944402109931595,56.1482716121873],[47.893243698306684,56.12685646313642],[47.85041340020174,56.12447700213033],[47.83732636466905,56.1482716121873],[47.818290676622944,56.16492783922873],[47.83256744265801,56.172066222246045],[47.84446474768663,56.18634298828147],[47.828998251149265,56.19705056280691],[47.83494690366358,56.21489652035143],[47.83137771215483,56.23274247789596],[47.812342024107835,56.263675470971044],[47.78378849203787,56.27081385398836],[47.756424690471086,56.2946084640471],[47.73500954141853,56.32673118762519],[47.70050735683425,56.355284719695156],[47.667194902752364,56.36361283321547],[47.62674406565369,56.37551013824578],[47.57915484553682,56.42666854986962],[47.49706344083558,56.42428908886362],[47.40545419211129,56.421909627858405],[47.313844943387004,56.4207198973554],[47.260514876954474,56.42413074871187],[47.26884299047479,56.39319775563669],[47.2557559549421,56.35393664903952],[47.2557559549421,56.32657284747256],[47.24980730242753,56.29445012389438],[47.20935646532885,56.276604166350836],[47.15581859269749,56.259947939310194],[47.1213164081134,56.25161982578899],[47.09395260654582,56.23377386824633],[47.089193684534244,56.21830737170781],[47.09038341503716,56.20522033617637],[47.10228072006613,56.184994917626724],[47.104660181071964,56.171907882095184],[47.09871152855739,56.15168246354456],[47.13797263515394,56.121939200971596],[47.15819805370332,56.09100620789651],[47.15581859269749,56.07197051984987],[47.14154182666269,56.05412456230535],[47.164146706217814,56.050555370796246],[47.19745916029988,56.05174510129925],[47.22601269236949,56.04817590979201],[47.239099727901376,56.038658065768686],[47.23790999739846,56.027950491241384],[47.20816673482594,56.019622377722044],[47.15819805370332,56.00891480319474],[47.13797263515394,56.00058668967452],[47.13797263515394,55.98512019313698],[47.17842347225262,55.98155100162788],[47.18675158577382,55.94704881704271],[47.26693137269152,55.94570897804439],[47.29786436576705,55.94570897804439],[47.312655212883826,55.952362656041224],[47.38165958205317,55.95355238654432],[47.4827866748006,55.952362656041224],[47.529186164414384,55.936896159502794],[47.54108346944371,55.91310154944583],[47.55298077447233,55.90120424441561],[47.58629322855431,55.89049666989017],[47.62079541313867,55.86432259882621],[47.64934894520864,55.8500458327899],[47.644590023197416,55.84647664128168],[47.623174874144944,55.84647664128168],[47.627933796156164,55.83814852776137],[47.66957436375873,55.82625122273204],[47.71478412286923,55.81792310921172],[47.726681427898654,55.83338960575024],[47.73144034990978,55.85837394631199],[47.74809657695042,55.84885610228778],[47.77665010902038,55.82149230071994],[47.8147214851142,55.813164187200506],[47.85636205271605,55.80602580418328],[47.8789669322717,55.76795442808911],[47.90633073383849,55.74415981803214],[47.939643187920375,55.727503590990615],[47.97771456401348,55.72036520797339],[48.01459620960421,55.72036520797339],[48.05385731619961,55.73821116551605],[48.08598003977832,55.74059062652215],[48.122861685369045,55.733452243504836],[48.15974333095968,55.72036520797339],[48.1585536004565,55.69657059791464],[48.194245515543955,55.69419113690944],[48.23112716113459,55.68705275389221],[48.241834735660916,55.702519250428864],[48.23469635264333,55.715606285962174],[48.25254231018715,55.74534954853337],[48.2822855727595,55.77985173311933],[48.31202883533264,55.80007715166906],[48.34177209790508,55.83338960575024],[48.38817158751877,55.82863068373902]]]]}},{"type":"Feature","properties":{"kind":"district","id":"uyezd-1897-461","name":"Казанский","provinceId":"gubernia-1897-11"},"geometry":{"type":"MultiPolygon","coordinates":[[[[49.89283420127644,56.423407811025726],[49.84524498116002,56.43173592454693],[49.823829832107634,56.45077161259357],[49.796466030540415,56.45077161259357],[49.786948186517094,56.45909972611389],[49.802414683055346,56.472186761645425],[49.838106598142616,56.488842988686855],[49.84524498116002,56.503119754721396],[49.823829832107634,56.51977598176203],[49.801224952551976,56.53286301729534],[49.77148168997972,56.53286301729534],[49.75244600193308,56.51858625125992],[49.7167540868451,56.51263759874472],[49.68701082427275,56.52572463427625],[49.64893944817884,56.51739652075682],[49.629903760132294,56.5066889462305],[49.60372968906833,56.50074029371539],[49.59897076705667,56.487653258183855],[49.60169670049258,56.471878308981104],[49.62549131055071,56.470688578478104],[49.643337268094434,56.48020642250231],[49.66475241714691,56.474257769986224],[49.6909264882113,56.476637230992324],[49.702823793240725,56.45879127344958],[49.67783945267951,56.44808369892236],[49.66832160865565,56.418340436349396],[49.6516653816151,56.405253400817855],[49.63143996306572,56.407632861823956],[49.6266810410538,56.38621771277121],[49.60883508351007,56.36956148572969],[49.60526589200133,56.34100795365973],[49.5874199344576,56.333869570642506],[49.57076370741705,56.317213343602845],[49.531502600820765,56.296987925053116],[49.49105176372138,56.2862803505259],[49.45417011813154,56.2815214285138],[49.432754969078985,56.273193314994366],[49.403011706505836,56.279141967508586],[49.348284103371476,56.26605493197714],[49.33995598985151,56.2862803505259],[49.31973057130142,56.27795223700558],[49.29831542224895,56.254157626946835],[49.234069975091444,56.23274247789596],[49.19599859899842,56.22322463387175],[49.15197857039101,56.22679382537987],[49.12699422982979,56.254157626946835],[49.10557908077732,56.257726818455936],[49.09963042826221,56.249398704935615],[49.1067688112797,56.23274247789596],[49.08178447071848,56.22203490336866],[49.0675077046835,56.21608625085444],[49.118666116309114,56.19229164079569],[49.0877331232335,56.17325595274994],[49.079405009712914,56.18039433576725],[49.04252336412228,56.172066222246045],[49.018728754064156,56.1577894562115],[48.987795760988625,56.1565997257085],[48.97351899495364,56.16492783922873],[48.94853465439234,56.167307300233944],[48.92236058332794,56.14113322916998],[48.87358163270859,56.13161538514764],[48.848597292147375,56.13042565464455],[48.83075133460365,56.099492661568576],[48.79505941951619,56.093544009054355],[48.7629366959374,56.08997481754614],[48.709398823306216,56.06261101597741],[48.69274259626567,56.0673699379904],[48.66656852520127,56.05547263296009],[48.66656852520127,56.044765058434656],[48.65348148966938,56.03048829239923],[48.583287389997565,56.023349909382006],[48.56901062396258,56.021367025209685],[48.54878520541249,56.005900528673024],[48.52974951736638,55.97734699660306],[48.50119598529633,55.95355238654432],[48.46550407020887,55.934516698497674],[48.42981215512142,55.91667074095315],[48.3786537434958,55.8500458327899],[48.38817158751877,55.82863068373902],[48.42809365550592,55.82321080033668],[48.53635913127076,55.82677999184489],[48.56848185484991,55.816072417317585],[48.617260805469606,55.811313495306464],[48.706490593188065,55.818451878323685],[48.748131160789654,55.79584699876883],[48.81356633844999,55.78989834625372],[48.85163771454363,55.7910880767577],[48.87424259409884,55.78632915474648],[48.90874477868373,55.7910880767577],[48.936108580250426,55.7851394242425],[48.97299022584124,55.78632915474648],[49.01582052394565,55.78394969374039],[49.055081630542205,55.7827599632365],[49.076496779594414,55.77562158021918],[49.09315300663505,55.75658589217254],[49.08720435412056,55.73279128211468],[49.06222001355961,55.71018640255894],[49.02414863746597,55.69471990602051],[49.009871871431166,55.67330475696777],[48.99916429690511,55.63642311137758],[49.012251332436996,55.58645443025674],[49.03366648149,55.55909062868791],[49.052702169536374,55.53172682712193],[49.072927588085754,55.507932217064074],[49.09315300663505,55.46986084097079],[49.126465460717114,55.4674813799638],[49.14550114876349,55.429410003870515],[49.16691629781579,55.447255961415046],[49.19071090787453,55.45082515292326],[49.22283363145298,55.47699922398712],[49.24662824151172,55.503173295051084],[49.26566392955819,55.507932217064074],[49.27637150408434,55.492465720525644],[49.30016611414237,55.49841437304075],[49.32158126319538,55.52339871360073],[49.31087368866843,55.55909062868978],[49.29064827011914,55.581695508243655],[49.37511913582594,55.59359281327308],[49.40724185940509,55.63404365037334],[49.427467277954385,55.65307933841901],[49.45840027103062,55.63642311137758],[49.51431760466701,55.62690526735426],[49.519076526678674,55.64118203339057],[49.53454302321719,55.651889607916004],[49.54049167573159,55.668545834956646],[49.56071709428097,55.68401233149507],[49.58213224333318,55.68044313998686],[49.64161876847911,55.68282260099109],[49.63567011596462,55.668545834956646],[49.65589553451392,55.668545834956646],[49.66422364803503,55.68282260099109],[49.68920798859598,55.68758152300417],[49.69872583261922,55.70542748054683],[49.72846909519174,55.71018640255894],[49.736797208712765,55.743498856640116],[49.752263705250485,55.74706804814922],[49.7677302017883,55.76848319720196],[49.79747346436082,55.76253454468676],[49.821268074419564,55.76967292770408],[49.815319421905166,55.7803805022304],[49.82007834391674,55.79227780725982],[49.810560499893505,55.79465726826582],[49.73441774770703,55.77324211921318],[49.69515664111047,55.7803805022304],[49.65113661250234,55.80179565128314],[49.62615227194139,55.82796972234701],[49.59046035685358,55.84462594938942],[49.536922484222934,55.883887055983934],[49.54763005874908,55.899353552522356],[49.63448038546171,55.93980438962263],[49.71181286815111,55.92671735409021],[49.73560747820985,55.94099412012474],[49.77962750681727,55.95765034716529],[49.81769888291091,55.976686035211934],[49.85695998950666,55.98382441822925],[49.92834381968157,56.00642929778499],[49.96760492627813,56.02784444683764],[50.01281468538837,56.01594714180831],[50.07468067154005,56.01951633331643],[50.111562317130776,56.043310943376156],[50.141305579703385,56.045690404380395],[50.15775870809617,56.04347556017395],[50.16113442141891,56.06710555343402],[50.15875496041308,56.08495151097668],[50.14328846387536,56.09090016349179],[50.11949385381652,56.0980385465091],[50.12187331482235,56.126592078579066],[50.11235547079921,56.14443803612359],[50.10759654878755,56.16942237668357],[50.093319782752744,56.18131968171289],[50.1040273572788,56.18964779523321],[50.11830412331369,56.190837525737194],[50.13852954186378,56.203924561268636],[50.201585258517575,56.20511429177262],[50.22062094656475,56.197975908753534],[50.242036095617046,56.20273483076652],[50.257502592154765,56.22296024931528],[50.255123131148935,56.232478093339495],[50.303902081768726,56.25627270339646],[50.37171672043489,56.25746243389946],[50.40502917451616,56.26341108641368],[50.408598366024904,56.28720569647341],[50.41088941486413,56.301312359829396],[50.35021315921536,56.33343508340748],[50.31214178312226,56.365557806985656],[50.31809043563639,56.38935241704351],[50.30024447809319,56.39887026106683],[50.2895369035666,56.39887026106683],[50.29072663406987,56.385783225535306],[50.28001905954328,56.35128104095112],[50.25860391049089,56.35485023245924],[50.24313741395274,56.35128104095112],[50.23599903093525,56.36436807648256],[50.20268657685379,56.38697295603929],[50.15509735673746,56.408388105090154],[50.144389782210865,56.379834573021085],[50.12773355517014,56.40957783559405],[50.11226705863268,56.41552648810827],[50.126543824667664,56.43456217615491],[50.10393894511192,56.432182715148905],[50.10512867561529,56.450028672693435],[50.08847244857377,56.454787594703674],[50.06110864700716,56.44289028967523],[50.028985923428266,56.439321098167014],[50.00638104387262,56.41433675760527],[49.96236101526537,56.42623406263371],[49.92547936967475,56.41076756609705],[49.89283420127644,56.423407811025726]]]]}},{"type":"Feature","properties":{"kind":"district","id":"uyezd-1897-462","name":"Чистопольский","provinceId":"gubernia-1897-11"},"geometry":{"type":"MultiPolygon","coordinates":[[[[50.277728010704855,55.21049959133511],[50.290815046236744,55.189084442281484],[50.28486639372226,55.17956659825816],[50.290815046236744,55.17242821524084],[50.30509181227164,55.17361794574482],[50.30747127327747,55.18075632876205],[50.33126588333542,55.18075632876205],[50.34792211037685,55.192653633790584],[50.364578337417484,55.17837686775604],[50.34792211037685,55.15815144920631],[50.328886422329674,55.12483899512522],[50.316989117300615,55.103423846072474],[50.32055830880936,55.09033681054005],[50.370526989931975,55.09509573255127],[50.35030157138268,55.039178398914345],[50.30747127327747,55.0260913633829],[50.272969088693195,55.00229675332504],[50.265830705675086,54.98445079578052],[50.290815046236744,54.96660483823777],[50.313419925791955,54.953517802705434],[50.351491301885595,54.94637941968812],[50.357439954400085,54.93448211465879],[50.34316318836519,54.91901561812027],[50.355060493394255,54.895221008062414],[50.351491301885595,54.878564781021865],[50.33126588333542,54.87142639800456],[50.288435585230914,54.86071882347734],[50.25393340064602,54.852390709957916],[50.239656634611215,54.8404934049277],[50.23846690410839,54.83097556090438],[50.25155393964028,54.821457716881056],[50.26226151416634,54.79052472380499],[50.25393340064602,54.76673011374713],[50.257502592154765,54.73817658167806],[50.20515445002703,54.70248466659087],[50.15994469091599,54.69415655306966],[50.186118761979856,54.67155167351392],[50.186118761979856,54.653705715971256],[50.20277498902129,54.653705715971256],[50.226569599079326,54.62753164490553],[50.20753391103286,54.61801380088221],[50.21467229405027,54.60968568736278],[50.224190138073496,54.59421919082435],[50.24322582611996,54.579942424789806],[50.28724585472809,54.572804041771604],[50.31223019528904,54.55614781473106],[50.357439954400085,54.55376835372594],[50.36933725942906,54.5347326656793],[50.3800448339552,54.51212778612356],[50.37647564244655,54.49547155908292],[50.35862968490291,54.494281828579034],[50.351491301885595,54.48833317606481],[50.34316318836519,54.47881533204237],[50.30509181227164,54.48476398455571],[50.293194507242575,54.47881533204237],[50.299143159757065,54.47048721852117],[50.272969088693195,54.46929748801905],[50.26226151416634,54.45383099148054],[50.30390208176868,54.44907206946846],[50.37052698993199,54.440743955949074],[50.40027025250453,54.430036381421814],[50.42049567105465,54.41575961538729],[50.4466697421185,54.37768823929491],[50.47879246569687,54.36103201225251],[50.49901788424694,54.352703898733125],[50.48355138770921,54.331288749680425],[50.50972545877306,54.32296063615922],[50.565642792410245,54.33723740219466],[50.5834887499538,54.35151416822919],[50.61085255152051,54.35508335973827],[50.62631904805903,54.37054985627583],[50.64654446660836,54.375308778288854],[50.65963150214026,54.38958554432338],[50.69056449521571,54.40386231035973],[50.74172290684129,54.41456988488517],[50.78455320494652,54.41456988488517],[50.79764024047847,54.43122611192575],[50.805968353998765,54.43241584242787],[50.81072727601037,54.439554225445136],[50.828573233553925,54.44312341695513],[50.8357116165721,54.45858991349178],[50.85950622663012,54.45977964399572],[50.88449056719111,54.43360557293181],[50.9154235602673,54.43717476443999],[50.91185436875861,54.451451530474515],[50.94873601434858,54.45621045248572],[51.00108415647702,54.45621045248572],[51.01298146150606,54.44788233896634],[51.01417119200897,54.42527745941061],[51.03320688005539,54.407431501867904],[51.0522425681026,54.396723927340645],[51.085555022183826,54.37173958677886],[51.1045907102303,54.33604767169254],[51.12838532028911,54.32652982766922],[51.17597454040515,54.31225306163378],[51.25687621460406,54.33604767169254],[51.27234271114179,54.37768823929491],[51.23665079605394,54.36936012577371],[51.21047672499009,54.3729293172828],[51.17002588789069,54.39791365784458],[51.153369660850046,54.42051853740031],[51.150990199844216,54.44312341695513],[51.165266965879084,54.46691802701298],[51.1938204979495,54.494281828579005],[51.22951241303656,54.506179133609294],[51.25568648410115,54.51450724712868],[51.25806594510698,54.53473266567926],[51.28899893818243,54.56447592825225],[51.32231139226366,54.60849595685886],[51.36990061238055,54.61801380088218],[51.39250549193565,54.63110083641459],[51.41986929350321,54.6739311345209],[51.38179791740953,54.68344897854422],[51.353244385339906,54.667982482005755],[51.32707031427606,54.666792751501816],[51.308034626228846,54.66203382949061],[51.291378399188204,54.666792751501816],[51.27829136365631,54.65370571597123],[51.2640145976215,54.65489544647335],[51.24140971806554,54.63823921943276],[51.224753491024956,54.635859758426705],[51.216425377504606,54.64180841094185],[51.216425377504606,54.65251598546729],[51.19501022845236,54.6656030209997],[51.21880483851044,54.666792751501816],[51.23308160454525,54.68225924804028],[51.2687735196331,54.701294936086924],[51.30684489572593,54.71438197161842],[51.32826004477897,54.70605385809995],[51.36276222936311,54.72389981564265],[51.35562384634568,54.73579712067203],[51.382987647912444,54.733417659665974],[51.396074683445136,54.72746900715083],[51.422248754508985,54.74174577318536],[51.41748983249738,54.764350652742905],[51.428197407023504,54.788145262799844],[51.4412844425554,54.776247957770465],[51.44366390356123,54.756022539220794],[51.45318174758444,54.76791984425108],[51.48411474066069,54.78100687978349],[51.50671962021579,54.81669879487072],[51.50434015921002,54.841683135430685],[51.510288811724536,54.87023666750065],[51.49601204568967,54.88689289454123],[51.50671962021579,54.9106875046009],[51.51980665574774,54.91187723510302],[51.51266827273031,54.92377454013331],[51.50434015921002,54.92258480962846],[51.49244285418098,54.938051306166926],[51.47935581864908,54.94756915019025],[51.50671962021579,54.951138341699334],[51.5031504287071,54.96422537723083],[51.51742719474191,54.971363760248096],[51.49958123719841,54.98920971779262],[51.516237464239,54.99515837030776],[51.530514230273866,54.9880199872905],[51.530514230273866,54.99991729231806],[51.5602574928472,55.014194058354406],[51.576913719887784,55.035609207406196],[51.58167264189939,55.057024356458896],[51.61022617396981,55.067731930985246],[51.65424620257721,55.08914708003795],[51.687558656659235,55.102234115570354],[51.69945596168827,55.15101306618817],[51.704214883699876,55.190274172785394],[51.69826623118536,55.20693039982598],[51.69469703967667,55.22596608787353],[51.668522968612024,55.231914740387765],[51.65543593308013,55.25927854195379],[51.64353862805109,55.286642343520725],[51.597139138437115,55.30567803156737],[51.59238021642551,55.29259099603587],[51.573344528379096,55.29259099603587],[51.58167264189939,55.32352398911189],[51.58524183340813,55.361595365204266],[51.60070832994586,55.37111320922759],[51.59832886894003,55.37944132274879],[51.61141590447272,55.38657970576605],[51.59238021642551,55.41156404632784],[51.575723989384926,55.40323593280664],[51.5650164148588,55.40799485481875],[51.55549857083554,55.418702429344194],[51.556688301338454,55.44725596141507],[51.55192937932685,55.46272245795353],[51.53408342178335,55.47343003247897],[51.516237464239,55.471050571472915],[51.516237464239,55.481758146000175],[51.48649420166646,55.47580949348503],[51.45318174758444,55.46272245795353],[51.4234384850119,55.461532727449594],[51.37584926489501,55.46748137996383],[51.32707031427606,55.47699922398715],[51.28305028566791,55.47343003247897],[51.23784052655685,55.460342996946565],[51.2069075334814,55.44130730889992],[51.198579419961106,55.44606623091113],[51.18549238442915,55.460342996946565],[51.159318313364565,55.471050571472915],[51.12957505079203,55.46272245795353],[51.118867476265905,55.45677380543839],[51.10221124922447,55.45677380543839],[51.091503674698345,55.46629164946171],[51.04867337659391,55.46391218845565],[51.00346361748285,55.46748137996383],[50.97847927692192,55.47461976298109],[50.92613113479342,55.48413760700441],[50.867834340150466,55.493655451027735],[50.85236784361274,55.49484518153076],[50.85593703512143,55.52101925259649],[50.83809107757793,55.53172682712193],[50.802399162490076,55.52101925259649],[50.759568864384846,55.516260330583464],[50.72625641030356,55.50793221706408],[50.69056449521571,55.50198356454894],[50.67033907666638,55.47937868499412],[50.69532341722811,55.44725596141507],[50.68699530370702,55.429410003870544],[50.66914934616352,55.39847701079543],[50.647734197111276,55.36873374822335],[50.60490389900599,55.385389975263934],[50.55612494838704,55.39728728029149],[50.50972545877306,55.39371808878332],[50.46094650815331,55.40085647180149],[50.40145998300744,55.4103743158239],[50.37052698993199,55.4139435073339],[50.34673237987397,55.41156404632784],[50.34673237987397,55.385389975263934],[50.37409618144068,55.37944132274879],[50.380044833955196,55.36754401771941],[50.362198876411696,55.35564671269094],[50.34435291886814,55.33542129414036],[50.33007615283253,55.31043695358039],[50.300332890259995,55.30567803156737],[50.2872458547281,55.2806936910074],[50.27177935819037,55.26879638597802],[50.26821016668089,55.24024285390715],[50.27296908869323,55.231914740387765],[50.277728010704855,55.21049959133511]]]]}},{"type":"Feature","properties":{"kind":"district","id":"uyezd-1897-463","name":"Лаишевский","provinceId":"gubernia-1897-11"},"geometry":{"type":"MultiPolygon","coordinates":[[[[50.759568864384846,55.516260330583464],[50.769086708408814,55.5579008981858],[50.76313805589433,55.56860847271123],[50.771466169414644,55.587644160758856],[50.78574293544945,55.59478254377608],[50.78098401343779,55.6043003877994],[50.79882997098143,55.61262850132061],[50.78098401343779,55.62571553685214],[50.78336347444362,55.63761284188058],[50.792881318466854,55.6471306859039],[50.79169158796394,55.659027990933325],[50.7678969779059,55.65426906892299],[50.713169374771624,55.655458799425105],[50.659631502140265,55.66735610445453],[50.646544466608376,55.673304756969635],[50.633457431076486,55.67568421797387],[50.61085255152048,55.68401233149507],[50.58110928894796,55.71494532457015],[50.54779683486598,55.735170743120776],[50.52876114681951,55.731601551610794],[50.47760273519398,55.699478828033506],[50.45856704714752,55.70899667205683],[50.446669742118544,55.71613505507413],[50.39908052200167,55.742309126138004],[50.37171672043489,55.75777562267652],[50.37885510345229,55.76372427518986],[50.36814752892623,55.78751888524949],[50.372906450937805,55.798226459774924],[50.3800448339552,55.800605920781024],[50.370526989931975,55.825590261342775],[50.334835074844165,55.82915945285001],[50.3157993867977,55.83748756637033],[50.30271235126581,55.85533352391397],[50.29200477673966,55.877938403470594],[50.311040464786124,55.886266516989934],[50.306281542774556,55.898163822020244],[50.314609656294785,55.916009779563],[50.35387076289134,55.92314816258022],[50.388372947475524,55.92909681509533],[50.385993486469694,55.94099412012474],[50.35625022389717,55.95170169465018],[50.314609656294785,55.964788730182605],[50.28486639372226,55.968357921690725],[50.25393340064602,55.974306574205926],[50.22062094656475,55.99334226225257],[50.18730849248277,56.01356768080221],[50.15637549940733,56.02189579432253],[50.15756522991025,56.042121212872175],[50.15775870809617,56.04347556017395],[50.141305579703385,56.045690404380395],[50.111562317130776,56.043310943376156],[50.07468067154005,56.01951633331643],[50.01281468538837,56.01594714180831],[49.96760492627813,56.02784444683764],[49.92834381968157,56.00642929778499],[49.85695998950666,55.98382441822925],[49.81769888291091,55.976686035211934],[49.77962750681727,55.95765034716529],[49.73560747820985,55.94099412012474],[49.71181286815111,55.92671735409021],[49.63448038546171,55.93980438962263],[49.54763005874908,55.899353552522356],[49.536922484222934,55.883887055983934],[49.59046035685358,55.84462594938942],[49.62615227194139,55.82796972234701],[49.65113661250234,55.80179565128314],[49.69515664111047,55.7803805022304],[49.73441774770703,55.77324211921318],[49.810560499893505,55.79465726826582],[49.82007834391674,55.79227780725982],[49.815319421905166,55.7803805022304],[49.821268074419564,55.76967292770408],[49.79747346436082,55.76253454468676],[49.7677302017883,55.76848319720196],[49.752263705250485,55.74706804814922],[49.736797208712765,55.743498856640116],[49.72846909519174,55.71018640255894],[49.69872583261922,55.70542748054683],[49.68920798859598,55.68758152300417],[49.66422364803503,55.68282260099109],[49.65589553451392,55.668545834956646],[49.63567011596462,55.668545834956646],[49.64161876847911,55.68282260099109],[49.58213224333318,55.68044313998686],[49.56071709428097,55.68401233149507],[49.54049167573159,55.668545834956646],[49.53454302321719,55.651889607916004],[49.519076526678674,55.64118203339057],[49.51431760466701,55.62690526735426],[49.45840027103062,55.63642311137758],[49.427467277954385,55.65307933841901],[49.40724185940509,55.63404365037334],[49.37511913582594,55.59359281327308],[49.29064827011914,55.581695508243655],[49.31087368866843,55.55909062868978],[49.32158126319538,55.52339871360073],[49.30016611414237,55.49841437304075],[49.27637150408434,55.492465720525644],[49.26566392955819,55.507932217064074],[49.24662824151172,55.503173295051084],[49.22283363145298,55.47699922398712],[49.19071090787453,55.45082515292326],[49.16691629781579,55.447255961415046],[49.14550114876349,55.429410003870515],[49.126465460717114,55.4674813799638],[49.09315300663505,55.46986084097079],[49.09791192864671,55.44011757839782],[49.10980923367648,55.419892159847194],[49.10505031166482,55.40442566331055],[49.12051680820254,55.38182078375489],[49.14312168775775,55.37111320922759],[49.160571068467526,55.348508329673706],[49.18079648701682,55.343749407661605],[49.197452714057455,55.32947264162706],[49.233144629145265,55.275934768994375],[49.264077622220704,55.23548393189686],[49.28073384926134,55.22477635737053],[49.34141010491019,55.197412555802686],[49.36996363698059,55.17123848473873],[49.3842404030154,55.17599740674994],[49.38899932502697,55.19027417278537],[49.38780959452406,55.202171477813906],[49.37115336748351,55.22358662686655],[49.37115336748351,55.24262231491409],[49.3842404030154,55.25689908094773],[49.42588097061699,55.25689908094773],[49.46514207721354,55.25689908094773],[49.48536749576283,55.23786339290109],[49.504403183810005,55.21525851334721],[49.53533617688554,55.21049959133511],[49.55794105644057,55.21525851334721],[49.561510247949315,55.22715581837565],[49.574597283482,55.23191474038776],[49.61623785108359,55.23905312340507],[49.63170434762131,55.23310447088987],[49.651929766171484,55.23310447088987],[49.67215518472078,55.24024285390719],[49.673344915223694,55.25332988943952],[49.70427790829913,55.25332988943952],[49.71736494383182,55.24262231491409],[49.74115955388986,55.24500177592018],[49.75781578093049,55.26284773346284],[49.82087149758508,55.265227194468935],[49.84466610764312,55.24500177592018],[49.891065597257075,55.24262231491409],[49.90534236329188,55.23072500988387],[49.93389589536229,55.22953527938175],[49.99100295950159,55.23310447088987],[50.03264352710398,55.24024285390719],[50.05286894565327,55.22715581837565],[50.09094032174691,55.22120716586055],[50.130201428342666,55.22715581837565],[50.15875496041308,55.2438120454162],[50.17779064845954,55.23429420139288],[50.203964719524116,55.22953527938175],[50.25869232265768,55.208120130328126],[50.277728010704855,55.21049959133511],[50.27296908869323,55.231914740387765],[50.26821016668089,55.24024285390715],[50.27177935819037,55.26879638597802],[50.2872458547281,55.2806936910074],[50.300332890259995,55.30567803156737],[50.33007615283253,55.31043695358039],[50.34435291886814,55.33542129414036],[50.362198876411696,55.35564671269094],[50.380044833955196,55.36754401771941],[50.37409618144068,55.37944132274879],[50.34673237987397,55.385389975263934],[50.34673237987397,55.41156404632784],[50.37052698993199,55.4139435073339],[50.40145998300744,55.4103743158239],[50.46094650815331,55.40085647180149],[50.50972545877306,55.39371808878332],[50.55612494838704,55.39728728029149],[50.60490389900599,55.385389975263934],[50.647734197111276,55.36873374822335],[50.66914934616352,55.39847701079543],[50.68699530370702,55.429410003870544],[50.69532341722811,55.44725596141507],[50.67033907666638,55.47937868499412],[50.69056449521571,55.50198356454894],[50.72625641030356,55.50793221706408],[50.759568864384846,55.516260330583464]]]]}},{"type":"Feature","properties":{"kind":"district","id":"uyezd-1897-465","name":"Ядринский","provinceId":"gubernia-1897-11"},"geometry":{"type":"MultiPolygon","coordinates":[[[[46.85041794777075,55.27693720418212],[46.87907922874109,55.26399339987258],[46.907632760811055,55.25447555585015],[46.939755484389856,55.272321513392896],[47.00043174003853,55.27589070490289],[47.013518775570326,55.292546931942546],[47.019467428085434,55.3163415420013],[47.03969284663473,55.3199107335104],[47.043262038143475,55.33775669105394],[47.043262038143475,55.353223187591574],[47.06229772619038,55.35798210960279],[47.06229772619038,55.375828067147225],[47.08490260574533,55.38891510267965],[47.09442044976918,55.39605348569697],[47.11345613781529,55.40319186871419],[47.13130209535902,55.41865836525271],[47.143199400388525,55.42579674826993],[47.14676859189727,55.444832436315686],[47.15390697491476,55.451970819333795],[47.143199400388525,55.460298932854116],[47.14676859189727,55.466247585368336],[47.13130209535902,55.48052435140376],[47.13725074787421,55.500749769952606],[47.16104535793225,55.50193950045561],[47.1836502374879,55.52930330202257],[47.16937347145292,55.54120060705279],[47.14914805290283,55.555477373088216],[47.170563201955304,55.55666710358945],[47.197927003522885,55.555477373088216],[47.20149619503163,55.57213360012796],[47.274069755709014,55.56856440861975],[47.27882867772094,55.597117940689714],[47.29786436576705,55.61020497622125],[47.28596706073843,55.6268612032618],[47.283587599732066,55.64113796929811],[47.24313676263348,55.64946608281842],[47.21696269156909,55.66136338784598],[47.18602969849347,55.67326069287628],[47.182460506984725,55.69229638092204],[47.23599837961599,55.69229638092204],[47.26693137269152,55.693486111425045],[47.2942951742583,55.70181422494625],[47.289536252247174,55.72441910450199],[47.289536252247174,55.73869587053653],[47.31452059280839,55.74464452305075],[47.31571032331087,55.766059672103395],[47.28715679124081,55.77676724662892],[47.28715679124081,55.78866455165914],[47.30262328777898,55.79342347367036],[47.30500274878463,55.81245916171789],[47.3264178978371,55.829115388757636],[47.36686873493648,55.8576689208276],[47.347833046889576,55.86837649535481],[47.33712547236334,55.88384299189147],[47.28477733023525,55.90644787144721],[47.29786436576705,55.94570897804439],[47.26693137269152,55.94570897804439],[47.18675158577382,55.94704881704271],[47.18675158577382,55.93158232050606],[47.166526167223644,55.92682339849395],[47.14035209615977,55.93039259000217],[47.11893694710757,55.93158232050606],[47.11893694710757,55.92087474597885],[47.09871152855739,55.91492609346551],[47.05231203894423,55.91492609346551],[47.06301961347038,55.89470067491489],[47.04041473391446,55.888752022399785],[47.00591254933036,55.89708013592099],[46.95475413770475,55.892321213908886],[46.89883680406756,55.92801312899607],[46.88931896004432,55.94347962553459],[46.84291947043116,55.950618008551814],[46.83459135691014,55.93634124251727],[46.764397257238144,55.960135852575135],[46.73346426416261,55.94942827804881],[46.70847992360175,55.93158232050606],[46.690633966057405,55.93991043402549],[46.66802908650228,55.92801312899607],[46.64542420694716,55.92682339849395],[46.631147440912265,55.960135852575135],[46.544297114198926,55.97679207961577],[46.47291328402402,55.9886893846451],[46.40866783686651,56.00415588118362],[46.351560772727204,56.023191569230264],[46.29921263059876,56.035088874258705],[46.28374613406104,56.039847796270806],[46.26768867094596,56.039264037708605],[46.26055028792856,56.02617700217796],[46.239135138876264,56.01665915815464],[46.185597266244905,56.01427969714863],[46.14276696814049,56.00595158362742],[46.11302370556708,55.97620832105437],[46.08209071249164,55.954793172001715],[46.10112640053811,55.92386017892663],[46.117651706875215,55.929052751002956],[46.13668739492213,55.921914367984755],[46.15215389146029,55.91953490697874],[46.177138232021505,55.90763760195021],[46.189035537050216,55.89455056641877],[46.169999849004014,55.88622245289756],[46.147394969448364,55.87908406988025],[46.15215389146029,55.8540997293185],[46.164051196488906,55.852909998816386],[46.17832796252398,55.82792565825454],[46.20807122509712,55.805320778698885],[46.25922963672274,55.805320778698885],[46.29730101281585,55.79223374316736],[46.302059934827774,55.758921289086175],[46.3068188568389,55.74702398405587],[46.33418265840648,55.761300750092275],[46.37463349550516,55.743454792547745],[46.39723837506081,55.749403445061965],[46.42936109863952,55.73750614003343],[46.49598600680259,55.757731558583174],[46.491227084790665,55.73512667902743],[46.52216007786699,55.720849912992],[46.562610914965575,55.70181422494625],[46.58759525552688,55.71014233846657],[46.630425553631824,55.69586557243203],[46.6649277382161,55.69586557243203],[46.67444558224004,55.688727189413825],[46.69824019229808,55.6780196148875],[46.71965534135055,55.66612230985808],[46.724414263362476,55.63280985577602],[46.71846561084737,55.613774167729375],[46.694671000789334,55.58760009666639],[46.71370668883624,55.55428764258521],[46.70656830581875,55.51145734447982],[46.694671000789334,55.48528327341498],[46.66730719922255,55.469816776878325],[46.63637420614693,55.446022166819574],[46.64589205016999,55.4103302517315],[46.65778935519861,55.380586989158445],[46.69942992280126,55.366310223123904],[46.73869102939746,55.32823884702974],[46.77795213599366,55.304444236972856],[46.81483378158359,55.28421881842311],[46.83795447129436,55.281203076286836],[46.84219758315117,55.28064962691401],[46.85041794777075,55.27693720418212]]]]}},{"type":"Feature","properties":{"kind":"district","id":"uyezd-1897-467","name":"Тетюшский","provinceId":"gubernia-1897-11"},"geometry":{"type":"MultiPolygon","coordinates":[[[[48.866707634247575,54.69177709206357],[48.859569251229374,54.70367439709298],[48.8548103292178,54.716761432625404],[48.85362059871488,54.742935503689274],[48.869087095253406,54.77029930525535],[48.91310712386073,54.78933499330199],[48.935712003416654,54.8071809508474],[48.94166065593114,54.84406259643671],[48.92619415939271,54.884513433535204],[48.91310712386073,54.90592858258785],[48.88812278329978,54.92734373164148],[48.88574332229404,54.964225377230875],[48.8964508968201,54.986830256786526],[48.92738388989554,55.01419405835438],[48.976162840515414,55.035609207406225],[49.05706451471347,55.05345516495075],[49.09275642980128,55.06416273947619],[49.14510457192981,55.06535246997831],[49.19031433104005,55.08914708003794],[49.23076516813952,55.10699303758069],[49.29382088479402,55.1105622290897],[49.33784091340144,55.117700612107015],[49.36163552346019,55.140305491663646],[49.36996363698059,55.17123848473873],[49.34141010491019,55.197412555802686],[49.28073384926134,55.22477635737053],[49.264077622220704,55.23548393189686],[49.233144629145265,55.275934768994375],[49.197452714057455,55.32947264162706],[49.18079648701682,55.343749407661605],[49.160571068467526,55.348508329673706],[49.12963807539129,55.31995479760374],[49.09632562130993,55.30686776207132],[49.064202897730866,55.30924722307644],[49.03445963515834,55.31876506709976],[48.98568068453856,55.3354212941404],[48.94404011693697,55.340180216152504],[48.91072766285499,55.34136994665462],[48.85243086821197,55.33066237212918],[48.80365191759298,55.32233425860798],[48.77152919401383,55.338990485650385],[48.73226808741807,55.35921590419915],[48.64660749120756,55.368733748223356],[48.54785985946596,55.38063105325091],[48.52406524940792,55.349698060175825],[48.48599387331428,55.35921590419915],[48.426507348168435,55.344939138163724],[48.34798513497612,55.32828291112308],[48.29801645385342,55.31876506709976],[48.26946292178381,55.3318521026313],[48.167146098533465,55.31400614508855],[48.13026445294274,55.31995479760374],[48.102900651375954,55.31638560609464],[48.069588197293974,55.32947264162706],[48.05055250924751,55.31876506709976],[48.0148605941597,55.31162668408254],[47.94347676398479,55.30805749257344],[47.9149232319151,55.32233425860798],[47.87804158632437,55.31757533659676],[47.87077101102904,55.34255967715851],[47.845786670468094,55.32709318062097],[47.84340720946235,55.31638560609464],[47.812474216386114,55.30805749257344],[47.7827309538135,55.291401265532805],[47.77440284029327,55.23905312340507],[47.73514173369663,55.23667366239897],[47.69588062710087,55.23191474038776],[47.694690896597955,55.208120130328126],[47.689931974586386,55.198602286304805],[47.676844939053694,55.21763797435145],[47.667327095030466,55.22120716586055],[47.66613736452755,55.21525851334721],[47.66851682553338,55.198602286304805],[47.628065988434706,55.208120130328126],[47.60189191737013,55.203361208317794],[47.645911945978256,55.17956659825816],[47.6066508393817,55.17837686775604],[47.5709589242946,55.17480767624694],[47.581798691098676,55.16053091021152],[47.60559330115751,55.1533925271942],[47.627008450209715,55.14149522216576],[47.660320904290984,55.14149522216576],[47.68173605334399,55.123649264621235],[47.70553066340203,55.123649264621235],[47.73646365647747,55.1105622290897],[47.812606408664834,55.116510881604015],[47.86495455079248,55.129597917136344],[47.87209293380988,55.08319842752372],[47.8946978133658,55.08557788852795],[47.90064646588029,55.05821408696099],[47.93633838096739,55.02133244137168],[47.96370218253488,55.040368129418326],[48.02794762969239,55.06892166148741],[48.05888062276783,55.05821408696099],[48.08386496332878,55.049885973440766],[48.088623885340354,55.03798866841223],[48.107659573387615,55.0237119023777],[48.13026445294274,55.045127051429546],[48.164766637527634,55.04393732092743],[48.18499205607692,55.00586594483317],[48.22425316267277,55.029660554891024],[48.25280669474318,55.02728109388502],[48.27660130480121,55.03798866841223],[48.32775971642674,55.035609207406225],[48.35631324849644,55.0201427108677],[48.35988244000519,54.98920971779262],[48.328949446929656,54.977312412763204],[48.36345163151384,54.96541510773476],[48.39200516358425,54.95827672471656],[48.42769707867135,54.94281022817813],[48.449112227724356,54.92734373164148],[48.441973844706155,54.91306696560517],[48.46100953275333,54.89165181655429],[48.44316357520907,54.85714963196824],[48.45506088023884,54.83930367442558],[48.497891178343345,54.85120097945402],[48.53477282393407,54.869046936998544],[48.549049589968874,54.84763178794492],[48.56570581700951,54.86190855398124],[48.58474150505597,54.86071882347734],[48.58236204405014,54.82740636939616],[48.60615665410889,54.826216638894046],[48.64541776070473,54.883323703033085],[48.69300698082161,54.88570316403909],[48.795323804071955,54.883323703033085],[48.81673895312487,54.87618532001577],[48.841723293685824,54.879754511523984],[48.86075898173229,54.86071882347734],[48.86075898173229,54.85477017096401],[48.833395180165596,54.834544752413386],[48.80841083960464,54.82859609989828],[48.79413407356904,54.82859609989828],[48.795323804071955,54.8404934049277],[48.817928683627784,54.85952909297522],[48.788185421054465,54.86190855398124],[48.784616229545804,54.87023666750066],[48.73940647043556,54.87023666750066],[48.68705832830703,54.869046936998544],[48.67040210126648,54.83573448291737],[48.66326371824899,54.81788852537284],[48.70490428585058,54.800042567828314],[48.74297566194422,54.77743768827443],[48.74535512295005,54.74412523419139],[48.75487296697328,54.72389981564263],[48.792944343066125,54.7084333191042],[48.82387733614236,54.68582843954846],[48.866707634247575,54.69177709206357]]]]}},{"type":"Feature","properties":{"kind":"district","id":"uyezd-1897-490","name":"Мамадышский","provinceId":"gubernia-1897-11"},"geometry":{"type":"MultiPolygon","coordinates":[[[[51.57705224037458,55.60781663238805],[51.561784764079405,55.60054640558069],[51.5344209625121,55.596977214072474],[51.52133392697968,55.61839236312424],[51.49872904742482,55.63385885966178],[51.49753931692155,55.657653469720614],[51.47374470686333,55.6540842782124],[51.46779605434921,55.67430969676205],[51.47969335937826,55.704052959335016],[51.49753931692155,55.71595026436354],[51.483262550886565,55.75640110146284],[51.48683174239575,55.79209301654923],[51.50348796943648,55.807559513087654],[51.50824689144814,55.84920008068916],[51.50943662195061,55.88370226527422],[51.492780394909886,55.91582498885241],[51.444001444290194,55.95627582595169],[51.43210413926113,55.99434720204498],[51.396412224173844,56.02052127310982],[51.42139656473533,56.03836723065248],[51.454709018816786,56.03836723065248],[51.50110850843065,56.05264399668791],[51.51062635245397,56.07286941523765],[51.54155934552959,56.059782379706114],[51.58557937413762,56.081197528757876],[51.65934266531801,56.09190510328429],[51.677188622862005,56.10856133032573],[51.65696320431218,56.13711486239569],[51.62127128922491,56.124027826862374],[51.608184253692485,56.141873784406904],[51.58438964363435,56.14306351490902],[51.57487179961103,56.12759701837237],[51.530851771003,56.119268904852134],[51.485642011892395,56.12759701837237],[51.447144682903314,56.12880143690563],[51.41145276781603,56.11928359288231],[51.376950583231235,56.09073006081235],[51.369812200213744,56.04552030170086],[51.33412028512646,56.057417606731164],[51.331740824120715,56.078832755782926],[51.30080783104431,56.08240194729301],[51.2698748379686,56.07645329477781],[51.23656238388715,56.08478140829723],[51.23299319237876,56.09667871332745],[51.219906156846335,56.10619655735077],[51.216336965337334,56.11928359288231],[51.191352624776556,56.127611706402625],[51.16279909270676,56.12523224539741],[51.1580401706951,56.135939819923834],[51.13305583013363,56.140698741934074],[51.117589333595376,56.12999116740863],[51.08665634051975,56.145457663947155],[51.061671999958264,56.17877011802736],[51.036687659397586,56.18233930953646],[51.0009957443103,56.159734429980716],[51.00932385783027,56.197805806074975],[50.98433951726878,56.2013749975831],[50.92247353111746,56.19185715355978],[50.908196765082565,56.20851338060041],[50.916524878603326,56.213272302613404],[50.93912975815827,56.214462033116405],[50.940319488661544,56.222790146636726],[50.92485299212329,56.22754906864705],[50.901058382065074,56.222790146636726],[50.879643233012786,56.225169607641845],[50.83800266541057,56.21684149412162],[50.801121019819945,56.215651763618524],[50.77851614026508,56.225169607641845],[50.748772877691934,56.215651763618524],[50.722598806627985,56.23111826015705],[50.67381985600828,56.22635933814494],[50.66668147299079,56.23111826015705],[50.66549174248833,56.24896421769971],[50.646456054440975,56.26799990574635],[50.63455874941191,56.27751774976967],[50.6036257563362,56.28822532429599],[50.6036257563362,56.296553437816314],[50.594107912312964,56.303691820834516],[50.57864141577481,56.303691820834516],[50.57269276326059,56.297743168319315],[50.55484680571659,56.294173976811194],[50.533431656664206,56.29893289882241],[50.531052195658376,56.31439939536084],[50.50725758560016,56.32272750888116],[50.5024986635885,56.33224535290448],[50.47156567051289,56.33819400541958],[50.43349429441977,56.31201993435483],[50.41088941486413,56.301312359829396],[50.408598366024904,56.28720569647341],[50.40502917451616,56.26341108641368],[50.37171672043489,56.25746243389946],[50.303902081768726,56.25627270339646],[50.255123131148935,56.232478093339495],[50.257502592154765,56.22296024931528],[50.242036095617046,56.20273483076652],[50.22062094656475,56.197975908753534],[50.201585258517575,56.20511429177262],[50.13852954186378,56.203924561268636],[50.11830412331369,56.190837525737194],[50.1040273572788,56.18964779523321],[50.093319782752744,56.18131968171289],[50.10759654878755,56.16942237668357],[50.11235547079921,56.14443803612359],[50.12187331482235,56.126592078579066],[50.11949385381652,56.0980385465091],[50.14328846387536,56.09090016349179],[50.15875496041308,56.08495151097668],[50.16113442141891,56.06710555343402],[50.15775870809617,56.04347556017395],[50.15756522991025,56.042121212872175],[50.15637549940733,56.02189579432253],[50.18730849248277,56.01356768080221],[50.22062094656475,55.99334226225257],[50.25393340064602,55.974306574205926],[50.28486639372226,55.968357921690725],[50.314609656294785,55.964788730182605],[50.35625022389717,55.95170169465018],[50.385993486469694,55.94099412012474],[50.388372947475524,55.92909681509533],[50.35387076289134,55.92314816258022],[50.314609656294785,55.916009779563],[50.306281542774556,55.898163822020244],[50.311040464786124,55.886266516989934],[50.29200477673966,55.877938403470594],[50.30271235126581,55.85533352391397],[50.3157993867977,55.83748756637033],[50.334835074844165,55.82915945285001],[50.370526989931975,55.825590261342775],[50.3800448339552,55.800605920781024],[50.372906450937805,55.798226459774924],[50.36814752892623,55.78751888524949],[50.37885510345229,55.76372427518986],[50.37171672043489,55.75777562267652],[50.39908052200167,55.742309126138004],[50.446669742118544,55.71613505507413],[50.45856704714752,55.70899667205683],[50.47760273519398,55.699478828033506],[50.52876114681951,55.731601551610794],[50.54779683486598,55.735170743120776],[50.58110928894796,55.71494532457015],[50.61085255152048,55.68401233149507],[50.633457431076486,55.67568421797387],[50.646544466608376,55.673304756969635],[50.659631502140265,55.66735610445453],[50.713169374771624,55.655458799425105],[50.7678969779059,55.65426906892299],[50.79169158796394,55.659027990933325],[50.792881318466854,55.6471306859039],[50.78336347444362,55.63761284188058],[50.78098401343779,55.62571553685214],[50.79882997098143,55.61262850132061],[50.78098401343779,55.6043003877994],[50.78574293544945,55.59478254377608],[50.771466169414644,55.587644160758856],[50.76313805589433,55.56860847271123],[50.769086708408814,55.5579008981858],[50.759568864384846,55.516260330583464],[50.802399162490076,55.52101925259649],[50.83809107757793,55.53172682712193],[50.85593703512143,55.52101925259649],[50.85236784361274,55.49484518153076],[50.867834340150466,55.493655451027735],[50.92613113479342,55.48413760700441],[50.97847927692192,55.47461976298109],[51.00346361748285,55.46748137996383],[51.04867337659391,55.46391218845565],[51.091503674698345,55.46629164946171],[51.10221124922447,55.45677380543839],[51.118867476265905,55.45677380543839],[51.12957505079203,55.46272245795353],[51.159318313364565,55.471050571472915],[51.18549238442915,55.460342996946565],[51.198579419961106,55.44606623091113],[51.2069075334814,55.44130730889992],[51.23784052655685,55.460342996946565],[51.28305028566791,55.47343003247897],[51.32707031427606,55.47699922398715],[51.37584926489501,55.46748137996383],[51.4234384850119,55.461532727449594],[51.45318174758444,55.46272245795353],[51.48649420166646,55.47580949348503],[51.516237464239,55.481758146000175],[51.512668272730345,55.49484518153076],[51.497201776192625,55.500793834046846],[51.537652613292,55.506742486560185],[51.560257492847214,55.491275990023524],[51.57453425888202,55.48770679851354],[51.59238021642548,55.49484518153076],[51.60070832994589,55.516260330583506],[51.58524183340817,55.53886521013916],[51.58048291139651,55.572177664220334],[51.57705224037458,55.60781663238805]]]]}},{"type":"Feature","properties":{"kind":"district","id":"uyezd-1897-791","name":"Цивильский","provinceId":"gubernia-1897-11"},"geometry":{"type":"MultiPolygon","coordinates":[[[[47.29786436576705,55.94570897804439],[47.28477733023525,55.90644787144721],[47.33712547236334,55.88384299189147],[47.347833046889576,55.86837649535481],[47.36686873493648,55.8576689208276],[47.3264178978371,55.829115388757636],[47.30500274878463,55.81245916171789],[47.30262328777898,55.79342347367036],[47.28715679124081,55.78866455165914],[47.28715679124081,55.77676724662892],[47.31571032331087,55.766059672103395],[47.31452059280839,55.74464452305075],[47.289536252247174,55.73869587053653],[47.289536252247174,55.72441910450199],[47.2942951742583,55.70181422494625],[47.26693137269152,55.693486111425045],[47.23599837961599,55.69229638092204],[47.182460506984725,55.69229638092204],[47.18602969849347,55.67326069287628],[47.21696269156909,55.66136338784598],[47.24313676263348,55.64946608281842],[47.283587599732066,55.64113796929811],[47.28596706073843,55.6268612032618],[47.29786436576705,55.61020497622125],[47.27882867772094,55.597117940689714],[47.274069755709014,55.56856440861975],[47.20149619503163,55.57213360012796],[47.197927003522885,55.555477373088216],[47.170563201955304,55.55666710358945],[47.14914805290283,55.555477373088216],[47.16937347145292,55.54120060705279],[47.1836502374879,55.52930330202257],[47.16104535793225,55.50193950045561],[47.13725074787421,55.500749769952606],[47.13130209535902,55.48052435140376],[47.14676859189727,55.466247585368336],[47.143199400388525,55.460298932854116],[47.15390697491476,55.451970819333795],[47.14676859189727,55.444832436315686],[47.143199400388525,55.42579674826993],[47.13130209535902,55.41865836525271],[47.11345613781529,55.40319186871419],[47.09442044976918,55.39605348569697],[47.08490260574533,55.38891510267965],[47.06229772619038,55.375828067147225],[47.06229772619038,55.35798210960279],[47.08673860960813,55.349698060175825],[47.12124079419223,55.3354212941404],[47.15693270928013,55.33066237212918],[47.19381435487006,55.337800755146404],[47.17358893632076,55.31519587559066],[47.18072731933817,55.30805749257344],[47.17715812782942,55.26046827245683],[47.191434893864226,55.25689908094773],[47.20690139040274,55.24738123692441],[47.25092141901016,55.26165800296073],[47.285423603595056,55.277124499497376],[47.292561986612455,55.30924722307644],[47.30921821365318,55.31995479760374],[47.323494979687986,55.31162668408254],[47.334202554214045,55.30805749257344],[47.32468471019081,55.275934768994375],[47.325874440693724,55.26046827245683],[47.328253901699554,55.24857096742839],[47.33301282371113,55.22953527938175],[47.350858781255475,55.22953527938175],[47.3591868947757,55.24500177592018],[47.40915557589841,55.24024285390719],[47.41153503690424,55.23072500988387],[47.441278299476764,55.23429420139288],[47.47340102305512,55.208120130328126],[47.51028266864584,55.197412555802686],[47.52336970417782,55.18432552027115],[47.54716431423586,55.189084442281484],[47.5709589242946,55.17480767624694],[47.6066508393817,55.17837686775604],[47.645911945978256,55.17956659825816],[47.60189191737013,55.203361208317794],[47.628065988434706,55.208120130328126],[47.66851682553338,55.198602286304805],[47.66613736452755,55.21525851334721],[47.667327095030466,55.22120716586055],[47.676844939053694,55.21763797435145],[47.689931974586386,55.198602286304805],[47.694690896597955,55.208120130328126],[47.69588062710087,55.23191474038776],[47.73514173369663,55.23667366239897],[47.77440284029327,55.23905312340507],[47.7827309538135,55.291401265532805],[47.812474216386114,55.30805749257344],[47.84340720946235,55.31638560609464],[47.845786670468094,55.32709318062097],[47.87077101102904,55.34255967715851],[47.86720181952039,55.361595365204266],[47.87671966354353,55.38301051425701],[47.87671966354353,55.417512698842074],[47.90527319561394,55.418702429344194],[47.90765265661977,55.431789464876616],[47.92549861416332,55.431789464876616],[47.92906780567206,55.44606623091116],[47.917170500643,55.44606623091116],[47.91836023114592,55.45796353594048],[47.93263699718072,55.46391218845568],[47.956431607238756,55.48294787650232],[47.97784675629176,55.48532733750833],[47.99807217484114,55.48651706801142],[48.02543597640793,55.48889652901743],[48.02900516791658,55.499604103542865],[48.00521055785855,55.500793834046846],[48.02662570691075,55.51031167806919],[48.02900516791658,55.521019252596496],[48.03971274244353,55.52577817460683],[48.04685112546084,55.516260330583506],[48.063507352501475,55.521019252596496],[48.07064573551888,55.529347366115836],[48.09563007607992,55.526967905110716],[48.112286303121266,55.53053709661795],[48.099199267588574,55.53648574913315],[48.11347603362418,55.54957278466459],[48.15749606223151,55.56503928120311],[48.16225498424317,55.590023621764864],[48.176531750277974,55.60905930981151],[48.20032636033681,55.61738742333094],[48.20270582134255,55.63880257238456],[48.20984420436004,55.659027990933325],[48.219362048383275,55.67806367897997],[48.23112716113459,55.68705275389221],[48.194245515543955,55.69419113690944],[48.1585536004565,55.69657059791464],[48.15974333095968,55.72036520797339],[48.122861685369045,55.733452243504836],[48.08598003977832,55.74059062652215],[48.05385731619961,55.73821116551605],[48.01459620960421,55.72036520797339],[47.97771456401348,55.72036520797339],[47.939643187920375,55.727503590990615],[47.90633073383849,55.74415981803214],[47.8789669322717,55.76795442808911],[47.85636205271605,55.80602580418328],[47.8147214851142,55.813164187200506],[47.77665010902038,55.82149230071994],[47.74809657695042,55.84885610228778],[47.73144034990978,55.85837394631199],[47.726681427898654,55.83338960575024],[47.71478412286923,55.81792310921172],[47.66957436375873,55.82625122273204],[47.627933796156164,55.83814852776137],[47.623174874144944,55.84647664128168],[47.644590023197416,55.84647664128168],[47.64934894520864,55.8500458327899],[47.62079541313867,55.86432259882621],[47.58629322855431,55.89049666989017],[47.55298077447233,55.90120424441561],[47.54108346944371,55.91310154944583],[47.529186164414384,55.936896159502794],[47.4827866748006,55.952362656041224],[47.38165958205317,55.95355238654432],[47.312655212883826,55.952362656041224],[47.29786436576705,55.94570897804439]]]]}},{"type":"Feature","properties":{"kind":"district","id":"uyezd-1897-793","name":"Спасский","provinceId":"gubernia-1897-11"},"geometry":{"type":"MultiPolygon","coordinates":[[[[50.26226151416634,54.45383099148054],[50.272969088693195,54.46929748801905],[50.299143159757065,54.47048721852117],[50.293194507242575,54.47881533204237],[50.30509181227164,54.48476398455571],[50.34316318836519,54.47881533204237],[50.351491301885595,54.48833317606481],[50.35862968490291,54.494281828579034],[50.37647564244655,54.49547155908292],[50.3800448339552,54.51212778612356],[50.36933725942906,54.5347326656793],[50.357439954400085,54.55376835372594],[50.31223019528904,54.55614781473106],[50.28724585472809,54.572804041771604],[50.24322582611996,54.579942424789806],[50.224190138073496,54.59421919082435],[50.21467229405027,54.60968568736278],[50.20753391103286,54.61801380088221],[50.226569599079326,54.62753164490553],[50.20277498902129,54.653705715971256],[50.186118761979856,54.653705715971256],[50.186118761979856,54.67155167351392],[50.15994469091599,54.69415655306966],[50.20515445002703,54.70248466659087],[50.257502592154765,54.73817658167806],[50.25393340064602,54.76673011374713],[50.26226151416634,54.79052472380499],[50.25155393964028,54.821457716881056],[50.23846690410839,54.83097556090438],[50.239656634611215,54.8404934049277],[50.25393340064602,54.852390709957916],[50.288435585230914,54.86071882347734],[50.33126588333542,54.87142639800456],[50.351491301885595,54.878564781021865],[50.355060493394255,54.895221008062414],[50.34316318836519,54.91901561812027],[50.357439954400085,54.93448211465879],[50.351491301885595,54.94637941968812],[50.313419925791955,54.953517802705434],[50.290815046236744,54.96660483823777],[50.265830705675086,54.98445079578052],[50.272969088693195,55.00229675332504],[50.30747127327747,55.0260913633829],[50.35030157138268,55.039178398914345],[50.370526989931975,55.09509573255127],[50.32055830880936,55.09033681054005],[50.316989117300615,55.103423846072474],[50.328886422329674,55.12483899512522],[50.34792211037685,55.15815144920631],[50.364578337417484,55.17837686775604],[50.34792211037685,55.192653633790584],[50.33126588333542,55.18075632876205],[50.30747127327747,55.18075632876205],[50.30509181227164,55.17361794574482],[50.290815046236744,55.17242821524084],[50.28486639372226,55.17956659825816],[50.290815046236744,55.189084442281484],[50.277728010704855,55.21049959133511],[50.25869232265768,55.208120130328126],[50.203964719524116,55.22953527938175],[50.17779064845954,55.23429420139288],[50.15875496041308,55.2438120454162],[50.130201428342666,55.22715581837565],[50.09094032174691,55.22120716586055],[50.05286894565327,55.22715581837565],[50.03264352710398,55.24024285390719],[49.99100295950159,55.23310447088987],[49.93389589536229,55.22953527938175],[49.90534236329188,55.23072500988387],[49.891065597257075,55.24262231491409],[49.84466610764312,55.24500177592018],[49.82087149758508,55.265227194468935],[49.75781578093049,55.26284773346284],[49.74115955388986,55.24500177592018],[49.71736494383182,55.24262231491409],[49.70427790829913,55.25332988943952],[49.673344915223694,55.25332988943952],[49.67215518472078,55.24024285390719],[49.651929766171484,55.23310447088987],[49.63170434762131,55.23310447088987],[49.61623785108359,55.23905312340507],[49.574597283482,55.23191474038776],[49.561510247949315,55.22715581837565],[49.55794105644057,55.21525851334721],[49.53533617688554,55.21049959133511],[49.504403183810005,55.21525851334721],[49.48536749576283,55.23786339290109],[49.46514207721354,55.25689908094773],[49.42588097061699,55.25689908094773],[49.3842404030154,55.25689908094773],[49.37115336748351,55.24262231491409],[49.37115336748351,55.22358662686655],[49.38780959452406,55.202171477813906],[49.38899932502697,55.19027417278537],[49.3842404030154,55.17599740674994],[49.36996363698059,55.17123848473873],[49.36163552346019,55.140305491663646],[49.33784091340144,55.117700612107015],[49.29382088479402,55.1105622290897],[49.23076516813952,55.10699303758069],[49.19031433104005,55.08914708003794],[49.14510457192981,55.06535246997831],[49.09275642980128,55.06416273947619],[49.05706451471347,55.05345516495075],[48.976162840515414,55.035609207406225],[48.92738388989554,55.01419405835438],[48.8964508968201,54.986830256786526],[48.88574332229404,54.964225377230875],[48.88812278329978,54.92734373164148],[48.91310712386073,54.90592858258785],[48.92619415939271,54.884513433535204],[48.94166065593114,54.84406259643671],[48.935712003416654,54.8071809508474],[48.91310712386073,54.78933499330199],[48.869087095253406,54.77029930525535],[48.85362059871488,54.742935503689274],[48.8548103292178,54.716761432625404],[48.859569251229374,54.70367439709298],[48.866707634247575,54.69177709206357],[48.87503574776789,54.71200251061419],[48.894071435814354,54.7084333191042],[48.90834820184916,54.69534628357178],[48.92619415939271,54.68939763105756],[48.92857362039845,54.662033829490596],[48.96307580498343,54.67155167351392],[48.99876772007045,54.682259248040246],[49.03564936566126,54.67987978703513],[49.061823436725035,54.68344897854423],[49.09632562130993,54.672741404016925],[49.12130996187097,54.660844098988484],[49.11060238734483,54.647757063455174],[49.14034564991735,54.652515985467275],[49.173658103999415,54.648946793959155],[49.229575437636605,54.653705715971256],[49.245041934174324,54.653705715971256],[49.266457083226534,54.650136524461274],[49.30809765082883,54.666792751501816],[49.32951279988112,54.652515985467275],[49.34141010491019,54.63942894993485],[49.36877390647768,54.63942894993485],[49.397327438547286,54.63110083641463],[49.4270707011199,54.64061868043795],[49.4758496517396,54.644187871947935],[49.532956715879706,54.648946793959155],[49.528197793868046,54.67869005653124],[49.482988034757,54.673931134520906],[49.497264800791896,54.70248466659087],[49.54961294292034,54.70367439709298],[49.57221782247617,54.67512086502302],[49.553182134428994,54.659654368484595],[49.609099468066184,54.62515218390129],[49.593632971528464,54.60730622635677],[49.575787013984915,54.590649999316135],[49.606720007060446,54.57756296378371],[49.66263734069754,54.573993772275585],[49.691190872767244,54.58351161629891],[49.72093413534056,54.59421919082435],[49.77090281646238,54.587080807807034],[49.850614760157605,54.573993772275585],[49.84823529915187,54.55257862322196],[49.963639157934814,54.54900943171375],[49.948172661397095,54.52759428266199],[49.97434673246096,54.53116347417109],[49.99100295950159,54.521645630147766],[50.015987300063344,54.53592239618142],[50.05048948464744,54.52521482165598],[50.10283762677597,54.518076438638666],[50.24084636511413,54.513317516625676],[50.26226151416634,54.45383099148054]]]]}}]}
