{"type":"FeatureCollection","features":[{"type":"Feature","properties":{"kind":"province","id":"gubernia-1897-66","name":"Уфимская губерния"},"geometry":{"type":"MultiPolygon","coordinates":[[[[59.11293147133695,54.5259899667853],[59.126718696716715,54.535755918096584],[59.179066838844804,54.571447833183775],[59.23141498097289,54.57739648569809],[59.25877878254021,54.59286298223563],[59.32302422969789,54.64045220235312],[59.42177186143923,54.698748996995164],[59.446756202000714,54.711836032527586],[59.46698162055027,54.73444091208333],[59.503863266140556,54.75228686962688],[59.538365450725,54.78440959320594],[59.57643682681829,54.799876089743485],[59.59785197587085,54.82129123879534],[59.649010387496645,54.84627557935708],[59.65852823151961,54.86650099790673],[59.672804997554415,54.87125991991795],[59.68708176358993,54.88672641645647],[59.72634287018622,54.90814156550823],[59.76679370728463,54.935505367075194],[59.788208856337185,54.9426437500933],[59.8024856223727,54.97357674316848],[59.82746996293348,54.9854740481978],[59.863161878020755,55.01878650227987],[59.91313055914363,55.04852976485293],[59.963099240265805,55.085411410442234],[59.986893850324286,55.13300063055973],[60.01187819088577,55.15322604910848],[60.03805226194946,55.18415904218455],[60.078503099048575,55.21985095727173],[60.130851241176664,55.26744017738834],[60.13798962419442,55.29004505694408],[60.15940477324698,55.31740885851193],[60.1760610002877,55.32930616354135],[60.202235071352106,55.34715212108499],[60.24030644744539,55.38760295818428],[60.243875638954314,55.40306945472182],[60.239116716942384,55.4280537952818],[60.243875638954314,55.46969436288507],[60.24863456096535,55.51490412199567],[60.2153221068839,55.51847331350379],[60.143938276709264,55.49824789495415],[60.11419501413594,55.51490412199567],[60.07017498552861,55.51728358300168],[60.084451751563414,55.549406306579854],[60.07017498552861,55.562493342111296],[60.045190644967214,55.57082145563162],[60.01782684339981,55.57677010814682],[60.03686253144645,55.59461606569036],[60.02020630440573,55.60294417921068],[59.98570411982128,55.61365175373798],[59.94406355221916,55.60175444870856],[59.87862837455927,55.61841067574822],[59.888146218582236,55.638636094297865],[59.84412618997411,55.641015555303966],[59.79891643086387,55.64458474681307],[59.746568288735865,55.643395016310066],[59.69065095509806,55.64458474681307],[59.640682273975884,55.63625663329364],[59.59428278436193,55.638636094297865],[59.54312437273684,55.63149771128153],[59.525278415193114,55.65529232133939],[59.44794593250363,55.66243070435671],[59.455084315521475,55.630307980777644],[59.39321832936971,55.60770310122368],[59.34443937875054,55.59461606569036],[59.29209123662166,55.58152903015892],[59.26710689606097,55.63149771128153],[59.246881477511415,55.68027666190123],[59.32183449919498,55.68979450592455],[59.33611126522978,55.74809130056748],[59.38370048534674,55.806388095210416],[59.33492153472678,55.80757782571253],[59.273055548575016,55.81590593923374],[59.21475875393217,55.82066486124407],[59.16954899482184,55.81590593923374],[59.12314950520779,55.80995728671863],[59.112441930682,55.83018270526827],[59.13028788822564,55.85040812381792],[59.14456465426044,55.87420273387667],[59.12077004420196,55.8861000389052],[59.095785703641276,55.90989464896394],[59.14337492375744,55.95034548606324],[59.173118186329965,55.97176063511509],[59.171928455827846,56.00388335869317],[59.13028788822564,55.99317578416685],[59.10768300867007,55.98603740115051],[59.08031920710276,56.00388335869317],[59.06723217157096,56.01697039422649],[59.047006753021314,56.019349855230715],[59.00774564642502,56.01221147221438],[58.98989968888139,56.03957527378046],[59.00179699391027,56.055041770319775],[59.01607375994578,56.07288772786341],[58.981571575360626,56.085974763394944],[58.9244645112207,56.06931853635342],[58.8994801706601,56.05266230931376],[58.87568556060162,56.05028284830767],[58.856649872554975,56.07169799735952],[58.8054914609298,56.06574934484521],[58.74243574427512,56.057421231324],[58.70674382918776,56.05623150082189],[58.68294921912928,56.040765004284346],[58.66153407007671,56.01102174171049],[58.63179080750419,55.99079632316075],[58.60323727543387,55.98127847913743],[58.56873509084951,55.98008874863532],[58.537802097773984,55.98246820964141],[58.50686910469766,55.98365794014353],[58.496161530171776,56.009832011208374],[58.465228537095534,56.03838554327834],[58.433105813517,56.06693907534732],[58.40336255094457,56.083595302388844],[58.365291174851286,56.09311314641306],[58.32246087674616,56.096682337921266],[58.26892300411516,56.085974763394944],[58.25345650757655,56.083595302388844],[58.20110836544855,56.09430287691517],[58.19991863494555,56.110959103956695],[58.13686291829166,56.12642560049424],[58.07142774063097,56.12880506150033],[58.039305017052534,56.14427155803787],[57.989336335929565,56.14546128853999],[57.90843466173116,56.15497913256331],[57.858465980609076,56.140702366529666],[57.81087676049291,56.13951263602577],[57.77637457590775,56.131184522506345],[57.7418723913233,56.14189209703178],[57.72640589478558,56.13594344451667],[57.72164697277374,56.12523586999035],[57.70419759206414,56.118626256084994],[57.69111055653225,56.10791868155955],[57.67207486848561,56.09721110703323],[57.654228910941974,56.08293434099781],[57.63638295339833,56.10078029854135],[57.61615753484869,56.10434949005143],[57.59117319428729,56.119815986588975],[57.568568314732524,56.10791868155955],[57.547153165679966,56.121005717091094],[57.542394243668035,56.12695436960709],[57.526927747130316,56.123385178097095],[57.51740990310664,56.132903022120416],[57.53525586065028,56.1709743982137],[57.550722357188,56.201907391289765],[57.555481279199924,56.213804696319094],[57.538825052159204,56.23046092336062],[57.51740990310664,56.23046092336062],[57.49599475405408,56.25187607241238],[57.46506176097855,56.25782472492669],[57.45197472544675,56.28637825699754],[57.43412876790311,56.33634693811926],[57.35798601571654,56.32563936359294],[57.29493029906186,56.31612151956962],[57.23782323492193,56.2994652925281],[57.180716170782006,56.28042960448234],[57.164059943741286,56.266152838447894],[57.13431668116796,56.266152838447894],[57.13431668116796,56.283998795991444],[57.0998144965836,56.285188526493556],[57.05460473747256,56.278050143476335],[57.01177443936823,56.26496310794391],[56.98441063780083,56.241168497886946],[56.940390609192704,56.241168497886946],[56.954667375228304,56.27448095196812],[56.957046836233424,56.297085831523866],[56.98322090729783,56.30660367554719],[56.98322090729783,56.32207017208473],[56.957046836233424,56.32444963309082],[56.92968303466682,56.31612151956962],[56.92254465164906,56.33277774661114],[56.93563168718166,56.354192895662905],[56.964185219251185,56.38512588873799],[56.93444195667866,56.40178211577951],[56.949908453216466,56.41605888181405],[56.92492411265489,56.433904839357595],[56.896370580585376,56.422007534329154],[56.878524623041734,56.40773076829373],[56.85829920449218,56.36252100918411],[56.80476133186038,56.353003165160786],[56.780966721802606,56.38988481075009],[56.750033728726365,56.40059238527739],[56.72980831017672,56.357762087171025],[56.73099804067972,56.33515720761715],[56.76906941677301,56.282809065487555],[56.78691537431665,56.25187607241238],[56.74765426772045,56.23759930637695],[56.72980831017672,56.25663499442457],[56.709582891627164,56.26020418593269],[56.69292666458644,56.31850098057563],[56.681029359557556,56.354192895662905],[56.682219090060556,56.39226427175619],[56.61916337340579,56.41486915131193],[56.55253846524298,56.45769944941644],[56.50970816713786,56.4814940594742],[56.4752059825535,56.49696055601361],[56.40858107438981,56.4910119034985],[56.390735116846166,56.500529747521824],[56.3276794001914,56.51718597456326],[56.275331258063396,56.53265247110089],[56.24677772599299,56.53265247110089],[56.2348804209641,56.498150286515724],[56.23725988197011,56.47078648494877],[56.23012149895236,56.46245837142854],[56.203947427888664,56.449371335897006],[56.20513715839167,56.40773076829373],[56.22179338543239,56.38393615823587],[56.219413924426384,56.36965939220045],[56.22536257694123,56.345864782142584],[56.20989608040271,56.32207017208473],[56.1551684772687,56.33158801610716],[56.0766462640763,56.32682909409684],[56.074266803070294,56.34467505164047],[56.04095434898893,56.373228583710436],[56.025487852451214,56.40416157678552],[56.019539199936375,56.43628430036458],[55.98979593736376,56.47078648494877],[55.98503701535192,56.48982217299452],[55.98741647635793,56.50766813053994],[55.946965639258636,56.504098939029944],[55.9029456106506,56.4862529814864],[55.85416666003143,56.46364810193066],[55.81252609242922,56.44818160539312],[55.77326498583302,56.45769944941644],[55.72686549621978,56.45769944941644],[55.692363311634615,56.45294052740522],[55.725675765716865,56.425576725837374],[55.72210657420794,56.38869508024798],[55.74709091476942,56.37917723622377],[55.79824932639451,56.361331278680126],[55.792300673879666,56.33515720761715],[55.73519360973974,56.32563936359294],[55.68403519811466,56.317311250073516],[55.59123621888736,56.32444963309082],[55.5305599632386,56.32801882459895],[55.42824313998763,56.32444963309082],[55.40206906892403,56.32920855510106],[55.281906288129335,56.32682909409684],[55.16412296834064,56.32563936359294],[55.12843105325328,56.33039828560504],[55.08084183313632,56.32444963309082],[55.05466776207272,56.32801882459895],[54.99637096742978,56.3149317890675],[54.94759201680982,56.3054139450433],[54.90357198820258,56.29351664001388],[54.852413576576694,56.283998795991444],[54.81791139199233,56.281619334984455],[54.80363462595753,56.29827556202598],[54.77984001589905,56.29351664001388],[54.74176863980576,56.29113717900778],[54.733440526285,56.26377337744091],[54.71440483823836,56.25663499442457],[54.68823076717476,56.25425553341847],[54.65491831309331,56.24949661140637],[54.632313433537746,56.25068634191027],[54.61089828448519,56.24592741989727],[54.59067286593563,56.25068634191027],[54.57282690839199,56.24592741989727],[54.544273376321584,56.25187607241238],[54.519289035760984,56.24354795889117],[54.48359712067282,56.25187607241238],[54.45980251061505,56.24711715040027],[54.38841868043961,56.25187607241238],[54.367003531387844,56.24473768939515],[54.353916495855245,56.22808146235461],[54.337260268814525,56.22689173185063],[54.30275808423007,56.190010086261324],[54.26944563014872,56.201907391289765],[54.24427453541098,56.20785241921115],[54.22523884736442,56.16740158211088],[54.190736662779614,56.142417241550014],[54.156234478195614,56.12457128400638],[54.13600905964579,56.085310177410086],[54.115783641096755,56.0472388013168],[54.07533280399703,56.02820311327016],[54.02060520086319,56.021064730253826],[53.93375487415048,56.03891068779737],[53.9016321505715,56.0472388013168],[53.83619697291108,56.03534149628739],[53.75648502921577,56.004408503212304],[53.71246500060772,55.98775227617078],[53.6470298229481,55.97823443214746],[53.61252763836339,55.96038847460382],[53.58516383679607,55.929455481527846],[53.538764347182195,55.88543545292123],[53.49712377958079,55.87710733940003],[53.45905240348688,55.868779225879706],[53.42930914091454,55.858071651353384],[53.376960998785734,55.8628305733646],[53.33924213543456,55.8694254992388],[53.21669989363377,55.87894334326212],[53.14293660245339,55.88846118728544],[53.05608627574058,55.90987633633907],[52.97994352355366,55.93367094639693],[52.922836459413986,55.93605040740205],[52.88000616130931,55.93010175488872],[52.8490731682336,55.95151690394137],[52.78244826006991,55.95984501746169],[52.73961796196515,55.95151690394137],[52.6920287418488,55.93248121589384],[52.6610957487724,55.890840648292425],[52.60636814563847,55.88489199577723],[52.531415123954815,55.88727145678244],[52.45884156327699,55.88251253477211],[52.41601126517223,55.889650917788444],[52.379129619581676,55.90392768382387],[52.343437704494406,55.88846118728544],[52.32678147745368,55.8682357687358],[52.32440201644785,55.83849250616274],[52.32797120795615,55.817077357110975],[52.343437704494406,55.79447247755613],[52.35890420103256,55.770677867498264],[52.35295554851773,55.74688325743952],[52.330350668961984,55.71713999486655],[52.25420791677577,55.704052959335016],[52.217326271185215,55.693345384808694],[52.15902947654229,55.6921556543048],[52.10549160391092,55.6921556543048],[52.08050726335024,55.70167349832812],[52.07812780234441,55.71713999486655],[52.066230497315345,55.734985952410184],[52.0400564262513,55.74569352693651],[52.01150289418072,55.744503796433506],[51.9841390926142,55.73617568291319],[51.938929333503694,55.6957248458139],[51.904427148918884,55.68382754078537],[51.871114694837345,55.688586462796586],[51.83185358824106,55.70643242034022],[51.79735140365625,55.72427837788288],[51.77712598510723,55.72665783888987],[51.75928002756315,55.71476053385956],[51.73191622599583,55.68382754078537],[51.706931885435154,55.65170481720541],[51.66053239582128,55.63028966815365],[51.63911724676889,55.6076847885988],[51.62365075023074,55.6076847885988],[51.60699452319001,55.61839236312424],[51.5867691046401,55.61244371060913],[51.57705224037466,55.60781663238788],[51.58048291139651,55.572177664220334],[51.58524183340817,55.53886521013916],[51.60070832994589,55.516260330583506],[51.59238021642548,55.49484518153076],[51.579171110150014,55.4895615390207],[51.57453425888202,55.48770679851354],[51.564454594493995,55.49022671461145],[51.560257492847214,55.491275990023524],[51.5461492116732,55.500929024510306],[51.537652613292,55.506742486560185],[51.51904609752642,55.504006234242304],[51.497201776192625,55.500793834046846],[51.512668272730345,55.49484518153076],[51.516237464239,55.4817581460002],[51.516237464239,55.4710505714729],[51.53408342178335,55.473430032479],[51.55192937932681,55.46272245795356],[51.55668830133847,55.447255961415046],[51.55549857083555,55.418702429344194],[51.56501641485879,55.40799485481875],[51.57572398938493,55.40323593280665],[51.59238021642548,55.411564046327854],[51.61141590447274,55.38657970576602],[51.59832886894006,55.37944132274879],[51.60070832994589,55.37111320922759],[51.58524183340817,55.361595365204266],[51.581672641899424,55.32352398911187],[51.5733445283791,55.2925909960359],[51.59238021642548,55.2925909960359],[51.59713913843714,55.30567803156734],[51.6435386280511,55.2866423435207],[51.65543593308016,55.25927854195383],[51.66852296861205,55.23191474038776],[51.694697039676626,55.22596608787354],[51.69826623118537,55.20693039982601],[51.70421488369986,55.19027417278537],[51.69945596168829,55.1510130661882],[51.68755865665923,55.10223411557036],[51.65424620257725,55.08914708003794],[51.61022617396983,55.06773193098529],[51.581672641899424,55.057024356458875],[51.57691371988776,55.035609207406225],[51.560257492847214,55.01419405835438],[51.530514230273894,54.99991729231806],[51.530514230273894,54.98801998729051],[51.516237464239,54.995158370307735],[51.499581237198456,54.98920971779262],[51.51742719474191,54.971363760248096],[51.50315042870711,54.964225377230875],[51.50671962021577,54.951138341699334],[51.479355818649076,54.94756915019023],[51.492442854180965,54.93805130616691],[51.504340159210024,54.92258480962849],[51.512668272730345,54.92377454013335],[51.51980665574774,54.91187723510305],[51.50671962021577,54.91068750460093],[51.49601204568971,54.886892894541205],[51.510288811724514,54.87023666750066],[51.504340159210024,54.8416831354307],[51.50671962021577,54.816698794870724],[51.484114740660644,54.78100687978353],[51.500202130671624,54.773342491485025],[51.558498925314645,54.78999871852557],[51.58705245738425,54.81974198109765],[51.63821086900978,54.82212144210277],[51.68936928063531,54.83163928612609],[51.706025507675946,54.87803877574058],[51.700076855161456,54.928007456862396],[51.71673308220209,54.9291971873654],[51.75004553628416,54.91135122982176],[51.76313257181605,54.918489612839075],[51.758373649804476,54.9291971873654],[51.764322302318966,54.945853414406926],[51.79168610388566,54.96369937195047],[51.8238088274649,54.99344263452255],[51.85831101204899,54.98749398200833],[51.86782885607223,54.97202748547168],[51.894002927136896,54.95418152792715],[51.90114131015421,54.941094492394726],[51.93802295574422,54.91967934334296],[51.99037109787267,54.89826419429032],[52.015355438433616,54.90897176881575],[52.02606301296048,54.918489612839075],[52.0498576230186,54.9291971873654],[52.0772214245853,54.935145839881486],[52.0914981906209,54.91611015183484],[52.09030846011798,54.90064365529632],[52.07841115508821,54.88398742825578],[52.09744684313539,54.87327985372848],[52.126000375204995,54.876849045238465],[52.189056091859676,54.91016149931964],[52.242593964491036,54.92086907384508],[52.29190540506819,54.92350912579876],[52.3133205541204,54.92350912579876],[52.37042761826051,54.97704699843056],[52.41444764686863,54.97704699843056],[52.448949831452815,55.000841608488415],[52.52271312263347,55.000841608488415],[52.65001428644557,54.99489295597322],[52.73567488265528,54.9960826864772],[52.77612571975475,55.00441079999654],[52.80467925182436,55.03772325407772],[52.98194909675916,55.04843082860405],[53.10211187755377,55.088881665703425],[53.19253139577514,55.06508705564468],[53.212756814324436,55.092450857212526],[53.22465411935341,55.117435197774284],[53.26153576494422,55.115055736767296],[53.28533037500226,55.12338385028761],[53.32340175109581,55.100778970733735],[53.34362716964519,55.079363821680104],[53.36742177970323,55.05794867262737],[53.35195528316551,55.04129244558682],[53.3650423186974,55.0317746015635],[53.4078726168027,55.03415406256951],[53.4435645318898,55.02463621854619],[53.45984398950419,55.013365824813604],[53.47449752496595,55.00322106949443],[53.51137917055596,54.99489295597322],[53.5208970145799,54.98061618993779],[53.51137917055596,54.96752915440724],[53.557778660169916,54.9425448138454],[53.606557610789615,54.88900694121368],[53.60774734129253,54.86759179216192],[53.635111142859316,54.866402061657936],[53.673182518952956,54.83546906858285],[53.688649015490675,54.80334634500379],[53.69221820699933,54.774792812933825],[53.67437224945578,54.7664646994144],[53.6898387459935,54.74980847237199],[53.6838900934791,54.736721436841435],[53.673182518952956,54.728393323320226],[53.67437224945578,54.712926826781796],[53.65414683090578,54.697460330244255],[53.63154195135057,54.67604518119241],[53.61845491581868,54.64392245761334],[53.58276300073087,54.618938117051584],[53.55420946866117,54.60228189001104],[53.50305105703564,54.584435932468296],[53.48282563848626,54.56540024442165],[53.47449752496595,54.53684671235169],[53.484015368989176,54.509482910784726],[53.51375863156179,54.478549917708754],[53.504240787538556,54.4476169246318],[53.49472294351533,54.41311474004851],[53.47687698597178,54.37980228596555],[53.48877429100084,54.32745414383773],[53.47568725546886,54.29533142025866],[53.484015368989176,54.262018966177486],[53.4721180639602,54.23941408662174],[53.47092833345729,54.21442974606177],[53.47806671647469,54.18468648348791],[53.48996402150367,54.16921998695126],[53.48996402150367,54.152563759908844],[53.5066202485443,54.12876914985099],[53.49353321301241,54.109733461804346],[53.51217232422466,54.10484234751405],[53.52525935975726,54.070340162930755],[53.540725856294976,54.048925013877124],[53.556192352832696,54.03821743935169],[53.54786423931203,54.01918175130416],[53.57284857987342,54.006094715773514],[53.5835561544001,53.988248758229965],[53.5704691188675,53.981110375210875],[53.59902265093782,53.96564387867333],[53.61448914747554,53.94779792112969],[53.62043779999047,53.914485467047626],[53.64542214055107,53.88474220447644],[53.656129715077746,53.8657065164289],[53.65018106256299,53.847860558885266],[53.65969890658667,53.826445409833504],[53.67754486413031,53.81811729631319],[53.67754486413031,53.80146106927167],[53.702529204691,53.76338969317838],[53.73346219776723,53.756251310161154],[53.75487734681988,53.764579423680495],[53.771533573860516,53.75744104066327],[53.787000070398236,53.73959508311963],[53.82150225498269,53.715800473061776],[53.852435248058924,53.67772909696849],[53.89050662415221,53.70509289853545],[53.92500880873657,53.6848674799858],[53.9571315323151,53.659883139424934],[53.94761368829214,53.63608852936708],[53.93690611376546,53.62062203282767],[53.967839106841694,53.63251933785709],[53.967839106841694,53.60991445830135],[53.99282344740247,53.59682742276981],[54.02375644047871,53.56351496868864],[54.05230997254823,53.56113550768262],[54.09276080964743,53.51235655706293],[54.11060676719116,53.49094140801027],[54.11655541970591,53.46476733694632],[54.14748841278144,53.431454882865225],[54.19983655490953,53.39338350677194],[54.24385658351757,53.366019705204096],[54.272410115587974,53.37672727973042],[54.2759793070961,53.39814242878405],[54.29263553413753,53.40766027280737],[54.31585197014702,53.40252462856097],[54.34321577171362,53.39181705403375],[54.38009741730391,53.379919749005225],[54.43363528993571,53.376350557497105],[54.4859834320638,53.371591635484904],[54.53238292167784,53.36207379146158],[54.55379807072952,53.34898675593014],[54.57402348927916,53.34898675593014],[54.602577021349575,53.35612513894736],[54.61685378738429,53.33233052888862],[54.60138729084657,53.309725649332876],[54.62518190090505,53.309725649332876],[54.63707920593394,53.290689961287214],[54.63588947543093,53.25380831569604],[54.64302785844869,53.219306131112745],[54.70132465309162,53.21335747859666],[54.728688454658226,53.22525478362608],[54.758431717231545,53.22525478362608],[54.79650309332483,53.23953154966061],[54.80126201533587,53.25023912418783],[54.82624635589727,53.26808508173147],[54.82505662539435,53.28712076977722],[54.84171285243507,53.31567430184718],[54.85479988796767,53.34065864240982],[54.89168153355796,53.34065864240982],[54.88692261154612,53.322812684866186],[54.87205832427503,53.280005234809316],[54.86016101924614,53.25264143324236],[54.82922802616991,53.22884682318272],[54.87324805477803,53.2276570926806],[54.93749350193572,53.2181392486564],[54.966047034005236,53.193154908095536],[54.981513530542955,53.172929489545794],[54.97556487802891,53.15627326250614],[54.94820107646151,53.13723757445861],[54.95177026797043,53.108684042388646],[54.95414972897644,53.08369970182778],[54.989841644063716,53.07418185780348],[54.991031374566724,53.05752563076383],[55.02315409814516,53.0456283257345],[55.01839517613413,53.02421317668265],[55.03386167267185,53.00874668014333],[55.05408709122149,53.00041856662301],[55.07669197077617,52.96353692103371],[55.120711999384206,52.92903473644854],[55.16592175849534,52.9064298568928],[55.212321248108495,52.9016709348807],[55.256341276716626,52.883824977337056],[55.26347965973447,52.858840636777174],[55.30630995783879,52.85408171476409],[55.33962241192095,52.84575360124377],[55.41933435561644,52.89453255186348],[55.48714899428225,52.88144551633283],[55.509753873837816,52.874307133313735],[55.57399932099541,52.868358480799515],[55.615639888596824,52.858840636777174],[55.63467557664347,52.82790764370023],[55.684644257766344,52.8231487216899],[55.723905364362636,52.81244114716269],[55.784581620011394,52.81720006917479],[55.823842726606884,52.813630877666576],[55.854775719683126,52.79102599811083],[55.907123861811215,52.76128273553786],[55.95709254293409,52.76485192704696],[55.99040499701554,52.78150815408751],[56.01538933757703,52.81125141666057],[56.032045564617746,52.833856296216226],[56.062978557693185,52.819579530180796],[56.09272182026571,52.80530276414626],[56.115326699821274,52.804113033642366],[56.12722400485087,52.8231487216899],[56.12127535233603,52.83980494872955],[56.13198292686191,52.84456387074166],[56.15101861490855,52.83504602671834],[56.17362349446412,52.84218440973565],[56.17957214697896,52.85408171476409],[56.215264062066325,52.84575360124377],[56.2366792111188,52.86003036727929],[56.26166355168037,52.85289198426197],[56.283078700732844,52.865979019793514],[56.330667920849095,52.86003036727929],[56.36754956643938,52.889773629853146],[56.393723637503776,52.89215309085738],[56.413949056053426,52.91237850940702],[56.4377436661111,52.93141419745464],[56.46629719818142,52.940932041477964],[56.46867665918743,52.952829346506405],[56.47938423371331,52.9575882685194],[56.49960965226287,52.94926015499819],[56.52459399282436,52.95520880751339],[56.50317884377179,52.97186503455305],[56.509127496286546,52.986141800589365],[56.544819411373915,52.99209045310269],[56.572183212940516,52.98138287857726],[56.595977822999,52.97543422606304],[56.606685397525766,52.965916382039715],[56.61858270255456,52.96829584304395],[56.63048000758336,52.96115746002761],[56.65189515663601,52.9575882685194],[56.65903353965377,52.97186503455305],[56.687587071723286,52.97781368706727],[56.700674107255885,52.97424449555915],[56.712571412284774,52.986141800589365],[56.72565844781657,52.986141800589365],[56.729227639325494,52.97900341757125],[56.71970979530253,52.96472665153583],[56.73398656133733,52.956398538015506],[56.72803790882249,52.93379365845976],[56.748263327372136,52.9171374314201],[56.7708682069277,52.90761958739678],[56.77324766793353,52.89334282136136],[56.800611469500936,52.883824977337056],[56.837493115091306,52.88144551633283],[56.85652880313795,52.9016709348807],[56.8493904201201,52.91594770091612],[56.85176988112611,52.92903473644854],[56.87794395219051,52.92784500594643],[56.88270287420155,52.938552580471864],[56.862477455651906,52.94807042449608],[56.85890826414387,52.96234719052973],[56.84582122861118,52.97067530405005],[56.85652880313795,52.97781368706727],[56.888651526716394,52.97305476505703],[56.92672290280959,52.986141800589365],[56.960035356891034,52.97781368706727],[56.95884562638812,52.958777999021514],[56.97431212292584,52.959967729523626],[57.00167592449324,52.97662395656515],[57.0219013430428,52.96829584304395],[57.02309107354581,52.958777999021514],[57.03736783958052,52.956398538015506],[57.044506222598365,52.959967729523626],[57.06473164114792,52.959967729523626],[57.07662894617681,52.96472665153583],[57.070680293661965,52.97305476505703],[57.070680293661965,52.986141800589365],[57.059972719136084,52.99090072259969],[57.05045487511321,53.017074793664534],[57.05759325813017,53.026592637686875],[57.08257759869165,53.030161829195976],[57.099233825732284,53.04800778673962],[57.11589005277301,53.04800778673962],[57.11589005277301,53.05990509176992],[57.096854364726454,53.0848894323299],[57.0754392156738,53.0860791628329],[57.06592137165093,53.097976467863205],[57.07305975466789,53.114632694902866],[57.0885262512064,53.12652999993229],[57.08257759869165,53.14318622697372],[57.07900840718273,53.183637064073096],[57.070680293661965,53.18958571658732],[57.055213797124246,53.183637064073096],[57.0349883785746,53.1776884115579],[57.02428080404881,53.17055002853979],[56.98858888896135,53.172929489545794],[56.96122508739404,53.1776884115579],[56.96122508739404,53.193154908095536],[56.97788131443476,53.20743167413096],[56.97550185342875,53.2181392486564],[56.95765589588512,53.24074412821214],[56.94694832135924,53.266918199276006],[56.960035356891034,53.30974849738139],[56.960035356891034,53.33949175995436],[56.97669158393176,53.341871220960456],[57.00167592449324,53.341871220960456],[57.004055385499164,53.354958256492],[56.97193266192072,53.354958256492],[56.95170724337116,53.3501993344798],[56.93386128582743,53.35852744800012],[56.905307753757114,53.37994259705374],[56.92553317230667,53.408496129122824],[56.912446136774875,53.42039343415313],[56.91006667576895,53.438239391696676],[56.89935910124218,53.45013669672609],[56.905307753757114,53.46203400175453],[56.93267155532452,53.488208072819376],[56.98977861946436,53.47750049829207],[56.98977861946436,53.46679292376575],[57.019521882036884,53.45846481024641],[57.018332151533876,53.45132642722821],[57.04093703108944,53.43942912219879],[57.059972719136084,53.407306398619724],[57.096854364726454,53.419203703649146],[57.09209544271453,53.44061885270277],[57.11707978327601,53.4441880442109],[57.121040266742526,53.45518938717488],[57.12778735780189,53.47393130678395],[57.12183870528785,53.488208072819376],[57.1551511593693,53.50010537784782],[57.18846361345074,53.54888432846654],[57.23248364205878,53.565540555508065],[57.234863103064704,53.60361193160135],[57.2479501385965,53.63454492467643],[57.27174474865498,53.66190872624428],[57.30267774173051,53.680944414291815],[57.362164266876356,53.69641091082944],[57.40975348699332,53.70592875485178],[57.437117288559925,53.730913095412646],[57.453773515600645,53.75470770547237],[57.4335480970518,53.75946662748261],[57.460911898618406,53.77374339351813],[57.47637839515621,53.78683042904957],[57.44187621057185,53.79634827307378],[57.4204610615192,53.81657369162352],[57.39666645146072,53.82490180514286],[57.38833833794076,53.83798884067528],[57.375251302408955,53.83798884067528],[57.366923188888194,53.85107587620859],[57.346697770338636,53.85107587620859],[57.346697770338636,53.81657369162352],[57.31933396877123,53.798727734079876],[57.28364205368387,53.79039962055956],[57.25270906060834,53.79039962055956],[57.24200148608246,53.801107195085976],[57.220586337029985,53.807055847599216],[57.1944122659655,53.82371207464074],[57.17894576942778,53.81657369162352],[57.159910081381135,53.83441964916707],[57.16109981188405,53.84393749319039],[57.14087439333449,53.84393749319039],[57.119459244281934,53.833229918664955],[57.099233825732284,53.833229918664955],[57.103992747744215,53.8498861457047],[57.12540789679677,53.889147252301875],[57.136115471322654,53.89271644381009],[57.15039223735746,53.93673647241848],[57.16347927289006,53.967669465492676],[57.16347927289006,54.01287922460505],[57.175376577918854,54.030725182148686],[57.159910081381135,54.071176019247986],[57.131356549310816,54.09972955131795],[57.12540789679677,54.13661119690734],[57.15158196786037,54.19490799155027],[57.195601996468504,54.21751287110601],[57.2074993014973,54.249635594685074],[57.24319121658466,54.27818912675416],[57.21344795401214,54.31745023335133],[57.20036091848034,54.334106460390984],[57.2217760675329,54.347193495923406],[57.25389879111135,54.366229183970944],[57.28959070619871,54.428095170121196],[57.29197016720463,54.46973573772447],[57.30029828072459,54.503048191804766],[57.295539358713555,54.54349902890547],[57.318857101397825,54.545670338954565],[57.34146198095312,54.55280872197179],[57.346220902965136,54.562326565994226],[57.374774435035015,54.57303414052055],[57.39143066207565,54.57065467951543],[57.41046635012229,54.577793062532656],[57.43069176867229,54.57898279303575],[57.49017829381805,54.60039794208751],[57.50326532934994,54.59801848108239],[57.53419832242591,54.61229524711693],[57.5520442799691,54.60872605560871],[57.56275185449587,54.61348497762082],[57.58773619505709,54.60991578611172],[57.61153080511495,54.5968287505793],[57.60677188310373,54.58255198454485],[57.617479457629614,54.56470602700121],[57.61272053561831,54.555188182977005],[57.605582152600284,54.545670338954565],[57.63770487617962,54.53496276442726],[57.649602181208145,54.548049799959685],[57.6686378692547,54.555188182977005],[57.699570862330674,54.556377913480894],[57.75429846546521,54.571844410018436],[57.778093075523074,54.56946494901145],[57.79712876356972,54.575413601527536],[57.83282067865761,54.577793062532656],[57.8482871751956,54.571844410018436],[57.862563941230135,54.57422387102365],[57.93632723241132,54.555188182977005],[57.96131157297183,54.551618991468786],[57.99581375755637,54.5575676439839],[58.0279364811357,54.5575676439839],[58.15761710595327,54.53972168643937],[58.208775517578445,54.51592707638062],[58.227811205625,54.51116815436852],[58.276590156244964,54.5087886933634],[58.321799915355385,54.52782438141004],[58.35035344742526,54.545670338954565],[58.40270158955379,54.576603332030544],[58.43601404363498,54.57898279303575],[58.44431601191785,54.581928652748715],[58.45571069307257,54.57382729418987],[58.46760799810146,54.57858621620198],[58.483074494639176,54.56906837217777],[58.50329991318882,54.545273762119024],[58.5401815587799,54.51790996055295],[58.58539131789014,54.483407775967876],[58.649636765047916,54.479838584459664],[58.74243574427512,54.477459123453656],[58.74481520528104,54.45485424389791],[58.77098927634464,54.45009532188669],[58.83880391501125,54.42511098132495],[58.91375693669482,54.403695832273094],[58.97681265334958,54.395367718751885],[58.9530180432911,54.42035205931275],[58.956587234800025,54.43105963383917],[58.9922791498873,54.45247478289279],[59.050575944530145,54.45247478289279],[59.08983705112644,54.465561818424234],[59.102924086658234,54.49411535049509],[59.098165164646396,54.51553049954694],[59.11293147133695,54.5259899667853]]]]}},{"type":"Feature","properties":{"kind":"district","id":"uyezd-1897-489","name":"Мензелинский","provinceId":"gubernia-1897-66"},"geometry":{"type":"MultiPolygon","coordinates":[[[[53.33924213543456,55.8694254992388],[53.21669989363377,55.87894334326212],[53.14293660245339,55.88846118728544],[53.05608627574058,55.90987633633907],[52.97994352355366,55.93367094639693],[52.922836459413986,55.93605040740205],[52.88000616130931,55.93010175488872],[52.8490731682336,55.95151690394137],[52.78244826006991,55.95984501746169],[52.73961796196515,55.95151690394137],[52.6920287418488,55.93248121589384],[52.6610957487724,55.890840648292425],[52.60636814563847,55.88489199577723],[52.531415123954815,55.88727145678244],[52.45884156327699,55.88251253477211],[52.41601126517223,55.889650917788444],[52.379129619581676,55.90392768382387],[52.343437704494406,55.88846118728544],[52.32678147745368,55.8682357687358],[52.32440201644785,55.83849250616274],[52.32797120795615,55.817077357110975],[52.343437704494406,55.79447247755613],[52.35890420103256,55.770677867498264],[52.35295554851773,55.74688325743952],[52.330350668961984,55.71713999486655],[52.25420791677577,55.704052959335016],[52.217326271185215,55.693345384808694],[52.15902947654229,55.6921556543048],[52.10549160391092,55.6921556543048],[52.08050726335024,55.70167349832812],[52.07812780234441,55.71713999486655],[52.066230497315345,55.734985952410184],[52.0400564262513,55.74569352693651],[52.01150289418072,55.744503796433506],[51.9841390926142,55.73617568291319],[51.938929333503694,55.6957248458139],[51.904427148918884,55.68382754078537],[51.871114694837345,55.688586462796586],[51.83185358824106,55.70643242034022],[51.79735140365625,55.72427837788288],[51.77712598510723,55.72665783888987],[51.75928002756315,55.71476053385956],[51.73191622599583,55.68382754078537],[51.706931885435154,55.65170481720541],[51.66053239582128,55.63028966815365],[51.63911724676889,55.6076847885988],[51.62365075023074,55.6076847885988],[51.60699452319001,55.61839236312424],[51.5867691046401,55.61244371060913],[51.57705224037458,55.60781663238805],[51.58048291139651,55.572177664220334],[51.58524183340817,55.53886521013916],[51.60070832994589,55.516260330583506],[51.59238021642548,55.49484518153076],[51.57453425888202,55.48770679851354],[51.560257492847214,55.491275990023524],[51.537652613292,55.506742486560185],[51.497201776192625,55.500793834046846],[51.512668272730345,55.49484518153076],[51.516237464239,55.481758146000175],[51.516237464239,55.471050571472915],[51.53408342178335,55.47343003247897],[51.55192937932685,55.46272245795353],[51.556688301338454,55.44725596141507],[51.55549857083554,55.418702429344194],[51.5650164148588,55.40799485481875],[51.575723989384926,55.40323593280664],[51.59238021642551,55.41156404632784],[51.61141590447272,55.38657970576605],[51.59832886894003,55.37944132274879],[51.60070832994586,55.37111320922759],[51.58524183340813,55.361595365204266],[51.58167264189939,55.32352398911189],[51.573344528379096,55.29259099603587],[51.59238021642551,55.29259099603587],[51.597139138437115,55.30567803156737],[51.64353862805109,55.286642343520725],[51.65543593308013,55.25927854195379],[51.668522968612024,55.231914740387765],[51.69469703967667,55.22596608787353],[51.69826623118536,55.20693039982598],[51.704214883699876,55.190274172785394],[51.69945596168827,55.15101306618817],[51.687558656659235,55.102234115570354],[51.65424620257721,55.08914708003795],[51.61022617396981,55.067731930985246],[51.58167264189939,55.057024356458896],[51.576913719887784,55.035609207406196],[51.5602574928472,55.014194058354406],[51.530514230273866,54.99991729231806],[51.530514230273866,54.9880199872905],[51.516237464239,54.99515837030776],[51.49958123719841,54.98920971779262],[51.51742719474191,54.971363760248096],[51.5031504287071,54.96422537723083],[51.50671962021579,54.951138341699334],[51.47935581864908,54.94756915019025],[51.49244285418098,54.938051306166926],[51.50434015921002,54.92258480962846],[51.51266827273031,54.92377454013331],[51.51980665574774,54.91187723510302],[51.50671962021579,54.9106875046009],[51.49601204568967,54.88689289454123],[51.510288811724536,54.87023666750065],[51.50434015921002,54.841683135430685],[51.50671962021579,54.81669879487072],[51.48411474066069,54.78100687978349],[51.500202130671624,54.773342491485025],[51.558498925314645,54.78999871852557],[51.58705245738425,54.81974198109765],[51.63821086900978,54.82212144210277],[51.68936928063531,54.83163928612609],[51.706025507675946,54.87803877574058],[51.700076855161456,54.928007456862396],[51.71673308220209,54.9291971873654],[51.75004553628416,54.91135122982176],[51.76313257181605,54.918489612839075],[51.758373649804476,54.9291971873654],[51.764322302318966,54.945853414406926],[51.79168610388566,54.96369937195047],[51.8238088274649,54.99344263452255],[51.85831101204899,54.98749398200833],[51.86782885607223,54.97202748547168],[51.894002927136896,54.95418152792715],[51.90114131015421,54.941094492394726],[51.93802295574422,54.91967934334296],[51.99037109787267,54.89826419429032],[52.015355438433616,54.90897176881575],[52.02606301296048,54.918489612839075],[52.0498576230186,54.9291971873654],[52.0772214245853,54.935145839881486],[52.0914981906209,54.91611015183484],[52.09030846011798,54.90064365529632],[52.07841115508821,54.88398742825578],[52.09744684313539,54.87327985372848],[52.126000375204995,54.876849045238465],[52.189056091859676,54.91016149931964],[52.242593964491036,54.92086907384508],[52.29190540506819,54.92350912579876],[52.3133205541204,54.92350912579876],[52.37042761826051,54.97704699843056],[52.41444764686863,54.97704699843056],[52.448949831452815,55.000841608488415],[52.52271312263347,55.000841608488415],[52.65001428644557,54.99489295597322],[52.73567488265528,54.9960826864772],[52.77612571975475,55.00441079999654],[52.80467925182436,55.03772325407772],[52.98194909675916,55.04843082860405],[53.10211187755377,55.088881665703425],[53.19253139577514,55.06508705564468],[53.212756814324436,55.092450857212526],[53.22465411935341,55.117435197774284],[53.26153576494422,55.115055736767296],[53.28533037500226,55.12338385028761],[53.32340175109581,55.100778970733735],[53.34362716964519,55.079363821680104],[53.36742177970323,55.05794867262737],[53.35195528316551,55.04129244558682],[53.3650423186974,55.0317746015635],[53.4078726168027,55.03415406256951],[53.4435645318898,55.02463621854619],[53.45984398950419,55.013365824813604],[53.466252198787586,55.02333415036536],[53.478149503816475,55.04950822142931],[53.49480573085711,55.079251484003166],[53.505513305383786,55.111374207580454],[53.4817186953254,55.13397908713611],[53.48766734784015,55.153014775183735],[53.509082496891914,55.16491208021306],[53.54358468147707,55.19227588177913],[53.57689713555852,55.217260222339995],[53.61020958963988,55.226778066364204],[53.66850638428281,55.24581375440996],[53.71847506540569,55.25533159843328],[53.76368482451602,55.26365971195359],[53.79223835658634,55.26365971195359],[53.81841242765003,55.27198782547471],[53.77201293803678,55.305300279556874],[53.769633477030865,55.32314623710042],[53.780341051556746,55.33028462011774],[53.80532539211814,55.34218192514618],[53.81841242765003,55.35526896067948],[53.84220703770851,55.36240734369582],[53.861242725755154,55.35288949967348],[53.88146814430471,55.3647868047028],[53.911211406877236,55.37073545721702],[53.961180088000205,55.37787384023345],[53.96236981850312,55.393340336772766],[53.950472513473436,55.41237602481853],[53.9599903574972,55.42784252135607],[53.976646584537924,55.44092955688937],[53.950472513473436,55.44806793990571],[53.92191898140391,55.458775514432126],[53.91002167637503,55.469483088959336],[53.92191898140391,55.48375985499299],[53.94928278297052,55.49922635153231],[54.004010386105236,55.52659015309838],[54.04684068420956,55.548005302152006],[54.080153138291806,55.56466152919167],[54.12417316689913,55.57536910371888],[54.17533157852502,55.60035344427885],[54.22648999015011,55.622958323834595],[54.244335947693834,55.65032212540156],[54.26218190523747,55.66102969992788],[54.28597651529595,55.66816808294519],[54.30977112535443,55.6729270049573],[54.32166843038332,55.693152423506945],[54.30501220334259,55.71337784205659],[54.28954570680487,55.72051622507301],[54.27526894076927,55.7121881115527],[54.24909486970567,55.72051622507301],[54.23481810367087,55.73598272161233],[54.19674672757758,55.74788002664175],[54.18009050053606,55.7585876011663],[54.182469961541976,55.771674636699615],[54.155106159975375,55.77881301971595],[54.13607047192873,55.775243828207735],[54.119414244888006,55.76096706217231],[54.10394774834949,55.75739787066409],[54.09324017382361,55.769295175693514],[54.108706670361414,55.78833086373927],[54.09918882633845,55.79784870776348],[54.076583946782975,55.8049870907807],[54.04684068420956,55.7990384382656],[54.01828715214004,55.8049870907807],[53.97783631504084,55.83354062285066],[53.94333413045648,55.843058466873984],[53.94690332196531,55.85971469391551],[53.939764938947555,55.870422268441835],[53.89812437134543,55.86566334642973],[53.87314003078395,55.89064768699157],[53.817222697147024,55.86447361592584],[53.78985889558042,55.87161199894395],[53.76844374652786,55.89064768699157],[53.72323398741682,55.90135526151701],[53.68635234182645,55.91325256654545],[53.643522043721326,55.89778607000879],[53.620917164166556,55.919201219060554],[53.58516383679607,55.929455481527846],[53.538764347182195,55.88543545292123],[53.49712377958079,55.87710733940003],[53.45905240348688,55.868779225879706],[53.42930914091454,55.858071651353384],[53.376960998785734,55.8628305733646],[53.33924213543456,55.8694254992388]]]]}},{"type":"Feature","properties":{"kind":"district","id":"uyezd-1897-803","name":"Белебеевский","provinceId":"gubernia-1897-66"},"geometry":{"type":"MultiPolygon","coordinates":[[[[54.29263553413753,53.40766027280737],[54.31585197014702,53.40252462856097],[54.34321577171362,53.39181705403375],[54.38009741730391,53.379919749005225],[54.43363528993571,53.376350557497105],[54.4859834320638,53.371591635484904],[54.53238292167784,53.36207379146158],[54.55379807072952,53.34898675593014],[54.57402348927916,53.34898675593014],[54.602577021349575,53.35612513894736],[54.61685378738429,53.33233052888862],[54.60138729084657,53.309725649332876],[54.62518190090505,53.309725649332876],[54.63707920593394,53.290689961287214],[54.63588947543093,53.25380831569604],[54.64302785844869,53.219306131112745],[54.70132465309162,53.21335747859666],[54.728688454658226,53.22525478362608],[54.758431717231545,53.22525478362608],[54.79650309332483,53.23953154966061],[54.80126201533587,53.25023912418783],[54.82624635589727,53.26808508173147],[54.82505662539435,53.28712076977722],[54.84171285243507,53.31567430184718],[54.85479988796767,53.34065864240982],[54.89168153355796,53.34065864240982],[54.88692261154612,53.322812684866186],[54.90595829959276,53.3263818763744],[54.93094264015424,53.3335202593926],[54.944029675686046,53.34422783391804],[54.959496172223766,53.34541756442015],[54.998757278819966,53.35850459995346],[55.00351620083189,53.366832713473784],[55.02136215837553,53.378730018503106],[54.9904291653,53.389437593029434],[54.998757278819966,53.40371435906309],[55.03444919390733,53.41442193359039],[55.05348488195397,53.429888430127036],[55.076089761509536,53.42156031660672],[55.0975049105621,53.43464735214003],[55.13081736464355,53.456062501191795],[55.14866332218718,53.47866738074754],[55.16531954922791,53.507220912816614],[55.164129818725705,53.531015522876245],[55.17602712375459,53.55718959394021],[55.19863200331007,53.57979447349497],[55.22361634387075,53.59407123952951],[55.23789310990635,53.61191719707315],[55.24860068443223,53.63333234612678],[55.26882610298179,53.64166045964612],[55.279533677508475,53.65117830367032],[55.31284613158992,53.66307560869974],[55.342589394162445,53.6821112967455],[55.35329696868912,53.69638806278003],[55.37590184824469,53.71542375082667],[55.394937536291245,53.74754647440663],[55.40088618880529,53.77372054546961],[55.40921430232605,53.79632542502535],[55.427060259869776,53.80703299955168],[55.43657810389265,53.82012003508321],[55.44966513942525,53.82963787910653],[55.45204460043117,53.841535184136745],[55.47227001898002,53.85105302816007],[55.49249543752958,53.86651952469761],[55.49368516803258,53.901021709281885],[55.51510031708514,53.918867666825435],[55.52818735261774,53.94861092939849],[55.43776783439566,53.9557493124166],[55.32950235863064,53.9581287734227],[55.283102869016595,53.96050823442782],[55.26525691147296,53.97597473096634],[55.32950235863064,53.989061766497784],[55.39017861427941,54.00214880202932],[55.457993252945215,54.01404610705963],[55.51510031708514,54.03189206460317],[55.55674088468735,54.04973802214681],[55.581725225248746,54.05449694415803],[55.58410468625466,54.071153171198574],[55.56031007619618,54.071153171198574],[55.51747977809106,54.081860745725876],[55.474649479985935,54.09970670326952],[55.45204460043117,54.11279373880096],[55.46751109696898,54.12231158282517],[55.51272085607922,54.1330191573506],[55.57577657273399,54.144916462379136],[55.60551983530723,54.142537001374905],[55.599571182792474,54.18655702998152],[55.599571182792474,54.219869484063594],[55.60433010480422,54.241284633115356],[55.59600199128355,54.25437166864866],[55.590053338768705,54.28768412272984],[55.59124306927171,54.309099271781605],[55.599979473445934,54.32074781068049],[55.60195064379839,54.32337603781703],[55.61979660134203,54.33289388184133],[55.649539863914555,54.35549876139521],[55.573397111727985,54.33527334284556],[55.53056681362286,54.32337603781703],[55.50677220356518,54.313858193793706],[55.49011597652446,54.30077115826138],[55.42230133785794,54.27816627870652],[55.408024571823134,54.297201966752276],[55.38660942277048,54.309099271781605],[55.38422996176465,54.33646307334945],[55.367573734723926,54.34836037837887],[55.39374780578833,54.385242023968175],[55.37709157874681,54.40784690352392],[55.35448669919204,54.41617501704512],[55.3366407416484,54.41855447805122],[55.28548233002252,54.38286256296217],[55.26168771996404,54.375724179944854],[55.22599580487667,54.376913910447946],[55.18554496777747,54.375724179944854],[55.140335208667224,54.380483101957935],[55.101074102071024,54.387621484974275],[55.08203841402438,54.43045178307966],[55.06895137849249,54.453056662634516],[55.035638924410335,54.463764237160845],[55.01184431435265,54.47804100319627],[54.97377293825857,54.47923073369839],[54.92856317914833,54.48398965571049],[54.909527491101684,54.4911280387278],[54.90833776059868,54.50778426576835],[54.924993987639404,54.523250762307754],[54.93927075367421,54.55418375538284],[54.93213237065716,54.57202971292648],[54.9119069521076,54.57678863493858],[54.904768569089846,54.595824322984335],[54.89287126406096,54.605342167007656],[54.884543150540196,54.657690309135475],[54.872645845511315,54.680295188692114],[54.88692261154612,54.7183665647854],[54.904768569089846,54.74929955786136],[54.92261452663348,54.77309416791834],[54.9511680587038,54.77309416791834],[54.95711671121784,54.78618120345076],[54.96901401624744,54.8016476999883],[55.0047059313349,54.81711419652762],[54.97139347725336,54.82306284904193],[54.9511680587038,54.82306284904193],[54.93451183166308,54.83258069306525],[54.93332210116007,54.851616381110915],[54.95473725021193,54.87184179966065],[54.97020374675044,54.88849802670208],[54.98685997379117,54.9015850622345],[55.02136215837553,54.920620750280264],[55.04753622943993,54.94917428235111],[55.0439670379311,54.97058943140287],[55.03325946340441,54.976538083917184],[55.03325946340441,54.98843538894651],[55.05586434295989,55.003901885484055],[55.080848683521374,55.0312656870519],[55.07846922251546,55.04554245308733],[55.0975049105621,55.05506029710976],[55.096315180059186,55.069337063145184],[55.11297140709982,55.09075221219704],[55.12486871212941,55.10978790024457],[55.15342224419902,55.10145978672425],[55.155801705204944,55.11216736124969],[55.14152493917014,55.11930574426789],[55.15223251369602,55.13239277979933],[55.09274598855026,55.151428467846955],[55.03801838541625,55.165705233881496],[54.95830644172085,55.20377660997478],[54.92856317914833,55.25731448260561],[54.88692261154612,55.26921178763493],[54.858369079476596,55.26207340461771],[54.82981554740619,55.23827879455807],[54.79650309332483,55.231140411541645],[54.77032902226034,55.220432837014435],[54.70608357510266,55.19901768796258],[54.67753004303314,55.20972526248811],[54.6596840854895,55.19187930494447],[54.62042297889321,55.2025868794708],[54.64302785844869,55.218053376010204],[54.668012199009375,55.239468525061966],[54.62042297889321,55.2525555605935],[54.59543863833173,55.27159124864103],[54.557367262238444,55.28229882316647],[54.50501912011044,55.29300639769279],[54.47884504904604,55.302524241716114],[54.47170666602899,55.32512912127186],[54.45742989999339,55.3477340008276],[54.40865094937423,55.3477340008276],[54.37890768680179,55.34178534831338],[54.33726711919958,55.33821615680428],[54.33369792769075,55.376287532896676],[54.27064221103598,55.41792810049995],[54.0874237135874,55.41673836999597],[53.992245273354186,55.41435890898996],[53.950472513473436,55.41237602481853],[53.96236981850312,55.393340336772766],[53.961180088000205,55.37787384023345],[53.911211406877236,55.37073545721702],[53.88146814430471,55.3647868047028],[53.861242725755154,55.35288949967348],[53.84220703770851,55.36240734369582],[53.81841242765003,55.35526896067948],[53.80532539211814,55.34218192514618],[53.780341051556746,55.33028462011774],[53.769633477030865,55.32314623710042],[53.77201293803678,55.305300279556874],[53.81841242765003,55.27198782547471],[53.79223835658634,55.26365971195359],[53.76368482451602,55.26365971195359],[53.71847506540569,55.25533159843328],[53.66850638428281,55.24581375440996],[53.61020958963988,55.226778066364204],[53.57689713555852,55.217260222339995],[53.54358468147707,55.19227588177913],[53.509082496891914,55.16491208021306],[53.48766734784015,55.153014775183735],[53.4817186953254,55.13397908713611],[53.505513305383786,55.111374207580454],[53.49480573085711,55.079251484003166],[53.478149503816475,55.04950822142931],[53.466252198787586,55.02333415036536],[53.45984398950419,55.013365824813604],[53.47449752496595,55.00322106949443],[53.51137917055596,54.99489295597322],[53.5208970145799,54.98061618993779],[53.51137917055596,54.96752915440724],[53.557778660169916,54.9425448138454],[53.606557610789615,54.88900694121368],[53.60774734129253,54.86759179216192],[53.635111142859316,54.866402061657936],[53.673182518952956,54.83546906858285],[53.688649015490675,54.80334634500379],[53.69221820699933,54.774792812933825],[53.67437224945578,54.7664646994144],[53.6898387459935,54.74980847237199],[53.6838900934791,54.736721436841435],[53.673182518952956,54.728393323320226],[53.67437224945578,54.712926826781796],[53.65414683090578,54.697460330244255],[53.63154195135057,54.67604518119241],[53.61845491581868,54.64392245761334],[53.58276300073087,54.618938117051584],[53.55420946866117,54.60228189001104],[53.50305105703564,54.584435932468296],[53.48282563848626,54.56540024442165],[53.47449752496595,54.53684671235169],[53.484015368989176,54.509482910784726],[53.51375863156179,54.478549917708754],[53.504240787538556,54.4476169246318],[53.49472294351533,54.41311474004851],[53.47687698597178,54.37980228596555],[53.48877429100084,54.32745414383773],[53.47568725546886,54.29533142025866],[53.484015368989176,54.262018966177486],[53.4721180639602,54.23941408662174],[53.47092833345729,54.21442974606177],[53.47806671647469,54.18468648348791],[53.48996402150367,54.16921998695126],[53.48996402150367,54.152563759908844],[53.5066202485443,54.12876914985099],[53.49353321301241,54.109733461804346],[53.51217232422466,54.10484234751405],[53.52525935975726,54.070340162930755],[53.540725856294976,54.048925013877124],[53.556192352832696,54.03821743935169],[53.54786423931203,54.01918175130416],[53.57284857987342,54.006094715773514],[53.5835561544001,53.988248758229965],[53.5704691188675,53.981110375210875],[53.59902265093782,53.96564387867333],[53.61448914747554,53.94779792112969],[53.62043779999047,53.914485467047626],[53.64542214055107,53.88474220447644],[53.656129715077746,53.8657065164289],[53.65018106256299,53.847860558885266],[53.65969890658667,53.826445409833504],[53.67754486413031,53.81811729631319],[53.67754486413031,53.80146106927167],[53.702529204691,53.76338969317838],[53.73346219776723,53.756251310161154],[53.75487734681988,53.764579423680495],[53.771533573860516,53.75744104066327],[53.787000070398236,53.73959508311963],[53.82150225498269,53.715800473061776],[53.852435248058924,53.67772909696849],[53.89050662415221,53.70509289853545],[53.92500880873657,53.6848674799858],[53.9571315323151,53.659883139424934],[53.94761368829214,53.63608852936708],[53.93690611376546,53.62062203282767],[53.967839106841694,53.63251933785709],[53.967839106841694,53.60991445830135],[53.99282344740247,53.59682742276981],[54.02375644047871,53.56351496868864],[54.05230997254823,53.56113550768262],[54.09276080964743,53.51235655706293],[54.11060676719116,53.49094140801027],[54.11655541970591,53.46476733694632],[54.14748841278144,53.431454882865225],[54.19983655490953,53.39338350677194],[54.24385658351757,53.366019705204096],[54.272410115587974,53.37672727973042],[54.2759793070961,53.39814242878405],[54.29263553413753,53.40766027280737]]]]}},{"type":"Feature","properties":{"kind":"district","id":"uyezd-1897-805","name":"Стерлитамакский","provinceId":"gubernia-1897-66"},"geometry":{"type":"MultiPolygon","coordinates":[[[[57.121040266742526,53.45518938717488],[57.12778735780189,53.47393130678395],[57.12183870528785,53.488208072819376],[57.1551511593693,53.50010537784782],[57.18846361345074,53.54888432846654],[57.23248364205878,53.565540555508065],[57.234863103064704,53.60361193160135],[57.2479501385965,53.63454492467643],[57.27174474865498,53.66190872624428],[57.30267774173051,53.680944414291815],[57.362164266876356,53.69641091082944],[57.40975348699332,53.70592875485178],[57.437117288559925,53.730913095412646],[57.453773515600645,53.75470770547237],[57.4335480970518,53.75946662748261],[57.460911898618406,53.77374339351813],[57.47637839515621,53.78683042904957],[57.44187621057185,53.79634827307378],[57.4204610615192,53.81657369162352],[57.39666645146072,53.82490180514286],[57.38833833794076,53.83798884067528],[57.375251302408955,53.83798884067528],[57.366923188888194,53.85107587620859],[57.346697770338636,53.85107587620859],[57.346697770338636,53.81657369162352],[57.31933396877123,53.798727734079876],[57.28364205368387,53.79039962055956],[57.25270906060834,53.79039962055956],[57.24200148608246,53.801107195085976],[57.220586337029985,53.807055847599216],[57.1944122659655,53.82371207464074],[57.17894576942778,53.81657369162352],[57.159910081381135,53.83441964916707],[57.16109981188405,53.84393749319039],[57.14087439333449,53.84393749319039],[57.119459244281934,53.833229918664955],[57.099233825732284,53.833229918664955],[57.103992747744215,53.8498861457047],[57.12540789679677,53.889147252301875],[57.136115471322654,53.89271644381009],[57.15039223735746,53.93673647241848],[57.16347927289006,53.967669465492676],[57.16347927289006,54.01287922460505],[57.175376577918854,54.030725182148686],[57.159910081381135,54.071176019247986],[57.131356549310816,54.09972955131795],[57.12540789679677,54.13661119690734],[57.15158196786037,54.19490799155027],[57.195601996468504,54.21751287110601],[57.2074993014973,54.249635594685074],[57.24319121658466,54.27818912675416],[57.21344795401214,54.31745023335133],[57.20036091848034,54.334106460390984],[57.2217760675329,54.347193495923406],[57.25389879111135,54.366229183970944],[57.28959070619871,54.428095170121196],[57.29197016720463,54.46973573772447],[57.30029828072459,54.503048191804766],[57.295539358713555,54.54349902890503],[57.26579609614023,54.55658606443737],[57.26579609614023,54.569673099968895],[57.26936528764915,54.586329327008556],[57.25627825211726,54.604175284553975],[57.21582741501806,54.62083151159372],[57.16228954238706,54.62083151159372],[57.14920250685446,54.63272881662394],[57.04569595310128,54.64343639114937],[57.0219013430428,54.660092618190895],[56.992158080470276,54.67080019271722],[56.97074293141772,54.65771315718489],[56.95765589588512,54.63748773863515],[56.97788131443476,54.60179582354796],[56.97669158393176,54.582760135500436],[56.96122508739404,54.574432021981],[56.91006667576895,54.574432021981],[56.87080556917267,54.575621752483116],[56.84582122861118,54.589898518518545],[56.847010959114186,54.60179582354796],[56.826785540564536,54.6160725895825],[56.79347308648318,54.6113136675704],[56.77800658994546,54.59227797952464],[56.72803790882249,54.5672936389628],[56.713761142787774,54.55539633393347],[56.70424329876481,54.54111956789805],[56.67450003619149,54.52446334085741],[56.66379246166561,54.499479000296546],[56.65427461764184,54.46497681571148],[56.598357284005004,54.45070004967694],[56.55433725539679,54.43404382263542],[56.53649129785315,54.431664361631185],[56.53530156735024,54.416197865091775],[56.52459399282436,54.39835190754823],[56.54243995036799,54.35671133994673],[56.52816318433319,54.35790107044885],[56.48771234723407,54.38645460251881],[56.406810673035665,54.401921099058214],[56.298545197270656,54.416197865091775],[56.28426843123505,54.38883406352491],[56.269991665200244,54.350762687431626],[56.202177026534436,54.35790107044885],[56.21288460106032,54.39716217704611],[56.1712440334582,54.40430056006423],[56.137931579376755,54.420956787103975],[56.123654813342036,54.37693675849638],[56.123654813342036,54.35314214843861],[56.102239664289385,54.334106460390984],[56.102239664289385,54.31982969435556],[56.00349203254734,54.32101942485954],[55.978507691985854,54.336485921397085],[55.96661038695706,54.350762687431626],[55.92496981935485,54.35671133994673],[55.910693053320045,54.344814034917405],[55.88927790426757,54.31745023335133],[55.82979137912164,54.30793238932801],[55.815514613086926,54.32220915536166],[55.79409946403436,54.32220915536166],[55.79053027252544,54.29365562329258],[55.732233477882595,54.32815780787766],[55.732233477882595,54.37693675849638],[55.719146442350706,54.37693675849638],[55.69654156279523,54.340055112905205],[55.67631614424558,54.31863996385344],[55.62753719362642,54.305552928322],[55.6120706970887,54.31150158083622],[55.599979473445934,54.32074781068049],[55.59124306927171,54.309099271781605],[55.590053338768705,54.28768412272984],[55.59600199128355,54.25437166864866],[55.60433010480422,54.241284633115356],[55.599571182792474,54.219869484063594],[55.599571182792474,54.18655702998152],[55.60551983530723,54.142537001374905],[55.57577657273399,54.144916462379136],[55.51272085607922,54.1330191573506],[55.46751109696898,54.12231158282517],[55.45204460043117,54.11279373880096],[55.474649479985935,54.09970670326952],[55.51747977809106,54.081860745725876],[55.56031007619618,54.071153171198574],[55.58410468625466,54.071153171198574],[55.581725225248746,54.05449694415803],[55.55674088468735,54.04973802214681],[55.51510031708514,54.03189206460317],[55.457993252945215,54.01404610705963],[55.39017861427941,54.00214880202932],[55.32950235863064,53.989061766497784],[55.26525691147296,53.97597473096634],[55.283102869016595,53.96050823442782],[55.32950235863064,53.9581287734227],[55.43776783439566,53.9557493124166],[55.52818735261774,53.94861092939849],[55.51510031708514,53.918867666825435],[55.49368516803258,53.901021709281885],[55.49249543752958,53.86651952469761],[55.47227001898002,53.85105302816007],[55.45204460043117,53.841535184136745],[55.44966513942525,53.82963787910653],[55.43657810389265,53.82012003508321],[55.427060259869776,53.80703299955168],[55.40921430232605,53.79632542502535],[55.40088618880529,53.77372054546961],[55.394937536291245,53.74754647440663],[55.37590184824469,53.71542375082667],[55.35329696868912,53.69638806278003],[55.342589394162445,53.6821112967455],[55.31284613158992,53.66307560869974],[55.279533677508475,53.65117830367032],[55.26882610298179,53.64166045964612],[55.24860068443223,53.63333234612678],[55.23789310990635,53.61191719707315],[55.22361634387075,53.59407123952951],[55.19863200331007,53.57979447349497],[55.17602712375459,53.55718959394021],[55.164129818725705,53.531015522876245],[55.16531954922791,53.507220912816614],[55.14866332218718,53.47866738074754],[55.13081736464355,53.456062501191795],[55.0975049105621,53.43464735214003],[55.076089761509536,53.42156031660672],[55.05348488195397,53.429888430127036],[55.03444919390733,53.41442193359039],[54.998757278819966,53.40371435906309],[54.9904291653,53.389437593029434],[55.02136215837553,53.378730018503106],[55.00351620083189,53.366832713473784],[54.998757278819966,53.35850459995346],[54.959496172223766,53.34541756442015],[54.944029675686046,53.34422783391804],[54.93094264015424,53.3335202593926],[54.90595829959276,53.3263818763744],[54.88692261154612,53.322812684866186],[54.87205832427503,53.280005234809316],[54.86016101924614,53.25264143324236],[54.82922802616991,53.22884682318272],[54.87324805477803,53.2276570926806],[54.93749350193572,53.2181392486564],[54.966047034005236,53.193154908095536],[54.981513530542955,53.172929489545794],[54.97556487802891,53.15627326250614],[54.94820107646151,53.13723757445861],[54.95177026797043,53.108684042388646],[54.95414972897644,53.08369970182778],[54.989841644063716,53.07418185780348],[54.991031374566724,53.05752563076383],[55.02315409814516,53.0456283257345],[55.01839517613413,53.02421317668265],[55.03386167267185,53.00874668014333],[55.05408709122149,53.00041856662301],[55.07669197077617,52.96353692103371],[55.120711999384206,52.92903473644854],[55.16592175849534,52.9064298568928],[55.212321248108495,52.9016709348807],[55.256341276716626,52.883824977337056],[55.26347965973447,52.858840636777174],[55.30630995783879,52.85408171476409],[55.33962241192095,52.84575360124377],[55.41933435561644,52.89453255186348],[55.48714899428225,52.88144551633283],[55.509753873837816,52.874307133313735],[55.57399932099541,52.868358480799515],[55.615639888596824,52.858840636777174],[55.63467557664347,52.82790764370023],[55.684644257766344,52.8231487216899],[55.723905364362636,52.81244114716269],[55.784581620011394,52.81720006917479],[55.823842726606884,52.813630877666576],[55.854775719683126,52.79102599811083],[55.907123861811215,52.76128273553786],[55.95709254293409,52.76485192704696],[55.99040499701554,52.78150815408751],[56.01538933757703,52.81125141666057],[56.032045564617746,52.833856296216226],[56.062978557693185,52.819579530180796],[56.09272182026571,52.80530276414626],[56.115326699821274,52.804113033642366],[56.12722400485087,52.8231487216899],[56.12127535233603,52.83980494872955],[56.13198292686191,52.84456387074166],[56.15101861490855,52.83504602671834],[56.17362349446412,52.84218440973565],[56.17957214697896,52.85408171476409],[56.215264062066325,52.84575360124377],[56.2366792111188,52.86003036727929],[56.26166355168037,52.85289198426197],[56.283078700732844,52.865979019793514],[56.330667920849095,52.86003036727929],[56.36754956643938,52.889773629853146],[56.393723637503776,52.89215309085738],[56.413949056053426,52.91237850940702],[56.4377436661111,52.93141419745464],[56.46629719818142,52.940932041477964],[56.46867665918743,52.952829346506405],[56.47938423371331,52.9575882685194],[56.49960965226287,52.94926015499819],[56.52459399282436,52.95520880751339],[56.50317884377179,52.97186503455305],[56.509127496286546,52.986141800589365],[56.544819411373915,52.99209045310269],[56.572183212940516,52.98138287857726],[56.595977822999,52.97543422606304],[56.606685397525766,52.965916382039715],[56.61858270255456,52.96829584304395],[56.63048000758336,52.96115746002761],[56.65189515663601,52.9575882685194],[56.65903353965377,52.97186503455305],[56.687587071723286,52.97781368706727],[56.700674107255885,52.97424449555915],[56.712571412284774,52.986141800589365],[56.72565844781657,52.986141800589365],[56.729227639325494,52.97900341757125],[56.71970979530253,52.96472665153583],[56.73398656133733,52.956398538015506],[56.72803790882249,52.93379365845976],[56.748263327372136,52.9171374314201],[56.7708682069277,52.90761958739678],[56.77324766793353,52.89334282136136],[56.800611469500936,52.883824977337056],[56.837493115091306,52.88144551633283],[56.85652880313795,52.9016709348807],[56.8493904201201,52.91594770091612],[56.85176988112611,52.92903473644854],[56.87794395219051,52.92784500594643],[56.88270287420155,52.938552580471864],[56.862477455651906,52.94807042449608],[56.85890826414387,52.96234719052973],[56.84582122861118,52.97067530405005],[56.85652880313795,52.97781368706727],[56.888651526716394,52.97305476505703],[56.92672290280959,52.986141800589365],[56.960035356891034,52.97781368706727],[56.95884562638812,52.958777999021514],[56.97431212292584,52.959967729523626],[57.00167592449324,52.97662395656515],[57.0219013430428,52.96829584304395],[57.02309107354581,52.958777999021514],[57.03736783958052,52.956398538015506],[57.044506222598365,52.959967729523626],[57.06473164114792,52.959967729523626],[57.07662894617681,52.96472665153583],[57.070680293661965,52.97305476505703],[57.070680293661965,52.986141800589365],[57.059972719136084,52.99090072259969],[57.05045487511321,53.017074793664534],[57.05759325813017,53.026592637686875],[57.08257759869165,53.030161829195976],[57.099233825732284,53.04800778673962],[57.11589005277301,53.04800778673962],[57.11589005277301,53.05990509176992],[57.096854364726454,53.0848894323299],[57.0754392156738,53.0860791628329],[57.06592137165093,53.097976467863205],[57.07305975466789,53.114632694902866],[57.0885262512064,53.12652999993229],[57.08257759869165,53.14318622697372],[57.07900840718273,53.183637064073096],[57.070680293661965,53.18958571658732],[57.055213797124246,53.183637064073096],[57.0349883785746,53.1776884115579],[57.02428080404881,53.17055002853979],[56.98858888896135,53.172929489545794],[56.96122508739404,53.1776884115579],[56.96122508739404,53.193154908095536],[56.97788131443476,53.20743167413096],[56.97550185342875,53.2181392486564],[56.95765589588512,53.24074412821214],[56.94694832135924,53.266918199276006],[56.960035356891034,53.30974849738139],[56.960035356891034,53.33949175995436],[56.97669158393176,53.341871220960456],[57.00167592449324,53.341871220960456],[57.004055385499164,53.354958256492],[56.97193266192072,53.354958256492],[56.95170724337116,53.3501993344798],[56.93386128582743,53.35852744800012],[56.905307753757114,53.37994259705374],[56.92553317230667,53.408496129122824],[56.912446136774875,53.42039343415313],[56.91006667576895,53.438239391696676],[56.89935910124218,53.45013669672609],[56.905307753757114,53.46203400175453],[56.93267155532452,53.488208072819376],[56.98977861946436,53.47750049829207],[56.98977861946436,53.46679292376575],[57.019521882036884,53.45846481024641],[57.018332151533876,53.45132642722821],[57.04093703108944,53.43942912219879],[57.059972719136084,53.407306398619724],[57.096854364726454,53.419203703649146],[57.09209544271453,53.44061885270277],[57.11707978327601,53.4441880442109],[57.121040266742526,53.45518938717488]]]]}},{"type":"Feature","properties":{"kind":"district","id":"uyezd-1897-806","name":"Уфимский","provinceId":"gubernia-1897-66"},"geometry":{"type":"MultiPolygon","coordinates":[[[[57.295539358713555,54.54349902890503],[57.318857101397825,54.545670338954565],[57.34146198095312,54.55280872197179],[57.346220902965136,54.562326565994226],[57.374774435035015,54.57303414052055],[57.39143066207565,54.57065467951543],[57.41046635012229,54.577793062532656],[57.43069176867229,54.57898279303575],[57.49017829381805,54.60039794208751],[57.50326532934994,54.59801848108239],[57.53419832242591,54.61229524711693],[57.5520442799691,54.60872605560871],[57.56275185449587,54.61348497762082],[57.58773619505709,54.60991578611172],[57.61153080511495,54.5968287505793],[57.60677188310373,54.58255198454485],[57.617479457629614,54.56470602700121],[57.61272053561831,54.555188182977005],[57.605582152600284,54.545670338954565],[57.63770487617962,54.53496276442726],[57.649602181208145,54.548049799959685],[57.6686378692547,54.555188182977005],[57.699570862330674,54.556377913480894],[57.75429846546521,54.571844410018436],[57.778093075523074,54.56946494901145],[57.79712876356972,54.575413601527536],[57.83282067865761,54.577793062532656],[57.8482871751956,54.571844410018436],[57.862563941230135,54.57422387102365],[57.93632723241132,54.555188182977005],[57.96131157297183,54.551618991468786],[57.99581375755637,54.5575676439839],[58.0279364811357,54.5575676439839],[58.15761710595327,54.53972168643937],[58.208775517578445,54.51592707638062],[58.227811205625,54.51116815436852],[58.276590156244964,54.5087886933634],[58.321799915355385,54.52782438141004],[58.35035344742526,54.545670338954565],[58.40270158955379,54.576603332030544],[58.43601404363498,54.57898279303575],[58.44431601191794,54.58192865274854],[58.47289568922561,54.59206982856719],[58.449101079167754,54.60634659460173],[58.42887566061775,54.631330935164456],[58.42411673860644,54.65750500622833],[58.43125512162376,54.6872482688004],[58.387235093015896,54.706283956847045],[58.400322128547785,54.73959641092823],[58.37414805748392,54.75387317696463],[58.37890697949523,54.775288326016394],[58.353922638933916,54.788375361547835],[58.36344048295724,54.8157391631148],[58.36225075245459,54.84191323417964],[58.36819940496925,54.872846227255614],[58.37057886597526,54.92638409988653],[58.34559452541404,54.933522482903754],[58.276590156244964,54.935901943910736],[58.225431744618994,54.938281404915855],[58.2052063260697,54.934712213407735],[58.19449875154382,54.941850596424956],[58.19211929053781,54.97159385899704],[58.208775517578445,54.98587062503246],[58.2052063260697,54.99419873855278],[58.19330902104046,54.99419873855278],[58.18379117701714,54.98230143352336],[58.1695144109826,54.98943981654068],[58.17189387198781,55.00371658257699],[58.187360368525795,55.00133712157],[58.21472417009302,55.019183079113645],[58.225431744618994,55.04892634168759],[58.22305228361378,55.06558256872725],[58.24208797166034,55.07272095174447],[58.25874419870088,55.089377178785995],[58.25160581568366,55.096515561803216],[58.202826865063784,55.09056690928989],[58.2052063260697,55.100084753312316],[58.21591390059567,55.10841286683264],[58.2052063260697,55.11912044135896],[58.231380397133655,55.13220747689138],[58.248036624175,55.14886370393104],[58.30157449680618,55.14291505141771],[58.376527518490015,55.13220747689138],[58.41935781659443,55.167899391977684],[58.459808653693635,55.20716049857495],[58.377717248992575,55.20121184605975],[58.237329049648324,55.20359130706674],[58.187360368525795,55.204781037569745],[58.18379117701714,55.24285241366303],[58.2052063260697,55.252370257685456],[58.21829336160168,55.27259567623422],[58.190929560034455,55.2749751372412],[58.12192519086609,55.27854432874942],[58.056490013205575,55.28806217277362],[58.03626459465566,55.30352866931028],[58.00295214057448,55.327323279369025],[57.977967800013175,55.34041031490145],[57.94822453743994,55.34041031490145],[57.897066125814675,55.335651392889346],[57.86970232424745,55.336841123393235],[57.82449256513694,55.347548697919564],[57.76381630948853,55.36539465546231],[57.73288331641256,55.37253303847953],[57.696001670822014,55.36896384697043],[57.62223837964163,55.3618254639541],[57.56275185449587,55.35706654194199],[57.50564479035604,55.3618254639541],[57.4532966482275,55.36896384697043],[57.408086889116994,55.37372276898351],[57.36882578252035,55.392758457030155],[57.348600363971144,55.397517379040394],[57.32242629290657,55.409414684069816],[57.302200874357275,55.42250171960224],[57.240334888205425,55.42250171960224],[57.15348456149315,55.42845037211646],[57.12017210741117,55.42131198909924],[57.079721270311964,55.41655306708704],[57.0309423196928,55.42369145010613],[56.99287094359969,55.42369145010613],[56.9571790285117,55.42964010261946],[56.92743576593918,55.43915794664376],[56.92505630493317,55.418932528094025],[56.9095898083951,55.41774279759014],[56.90126169487451,55.397517379040394],[56.86200058827867,55.36896384697043],[56.81798055967081,55.335651392889346],[56.788237297098284,55.321374626854805],[56.77277080056039,55.30471839981328],[56.75730430402231,55.29520055579085],[56.747786459999084,55.30352866931028],[56.754924843016305,55.32018489635171],[56.763252956537066,55.330892470877146],[56.75016592100429,55.34278977590657],[56.714474005917104,55.34278977590657],[56.70376643139122,55.35468708093687],[56.743027537986976,55.37491249948652],[56.732319963461094,55.38086115200074],[56.702576700887775,55.37729196049164],[56.668074516303236,55.391568726526174],[56.6561772112747,55.40465576205949],[56.65736694177726,55.42607091111134],[56.64309017574202,55.42964010261946],[56.620485296186715,55.4082249535677],[56.59193176411684,55.39989684004738],[56.530065777964985,55.42250171960224],[56.50508143740368,55.42012225859712],[56.47771763583725,55.42726064161434],[56.42774895471473,55.39394818753316],[56.40990299717073,55.37848169099375],[56.38848784811808,55.37848169099375],[56.33970889749901,55.387999535018054],[56.25761749279795,55.397517379040394],[56.23144342173328,55.401086570550476],[56.21240773368664,55.410604414572816],[56.232633152236644,55.46057309569552],[56.251668840283195,55.50816231581213],[56.229063960727984,55.51649042933245],[56.21121800318408,55.51768015983634],[56.18742339312542,55.50935204631513],[56.17909527960555,55.491506088771494],[56.160059591558905,55.471280670221844],[56.129126598482934,55.42369145010613],[56.10533198842437,55.418932528094025],[56.08510656987507,55.42131198909924],[56.076778456354404,55.403466031555595],[56.050604385290534,55.38443034350895],[56.03513788875255,55.37253303847953],[56.01134327869389,55.37015357747441],[55.98278974662411,55.37491249948652],[55.96137459757225,55.37967142149685],[55.9352005265075,55.37967142149685],[55.90069834192296,55.36896384697043],[55.87452427085909,55.37134330797653],[55.83526316426245,55.339220584398355],[55.7781561001227,55.28449298126364],[55.750792298556185,55.2702162152291],[55.73770526302349,55.254749718690576],[55.68059819888366,55.21548861209429],[55.64966520580777,55.17384804449377],[55.61992194323525,55.169089122481665],[55.5985067941826,55.15957127845736],[55.579471106135955,55.163140469966464],[55.56400460959806,55.15838154795525],[55.516415389481544,55.17384804449377],[55.48072347439435,55.1857453495231],[55.45216994232448,55.19050427153343],[55.435513715283136,55.19050427153343],[55.41409856623128,55.1857453495231],[55.39030395617262,55.19169400203741],[55.36175042410266,55.19050427153343],[55.34985311907333,55.169089122481665],[55.3201098565009,55.16551993097345],[55.28441794141291,55.169089122481665],[55.2392081823024,55.175037774995886],[55.1987573452032,55.170278852983785],[55.17972165715664,55.15957127845736],[55.16663462162467,55.14529451242292],[55.153547586092685,55.14172532091382],[55.15223251369602,55.13239277979933],[55.14152493917014,55.11930574426789],[55.155801705204944,55.11216736124969],[55.15342224419902,55.10145978672425],[55.12486871212941,55.10978790024457],[55.11297140709982,55.09075221219704],[55.096315180059186,55.069337063145184],[55.0975049105621,55.05506029710976],[55.07846922251546,55.04554245308733],[55.080848683521374,55.0312656870519],[55.05586434295989,55.003901885484055],[55.03325946340441,54.98843538894651],[55.03325946340441,54.976538083917184],[55.0439670379311,54.97058943140287],[55.04753622943993,54.94917428235111],[55.02136215837553,54.920620750280264],[54.98685997379117,54.9015850622345],[54.97020374675044,54.88849802670208],[54.95473725021193,54.87184179966065],[54.93332210116007,54.851616381110915],[54.93451183166308,54.83258069306525],[54.9511680587038,54.82306284904193],[54.97139347725336,54.82306284904193],[55.0047059313349,54.81711419652762],[54.96901401624744,54.8016476999883],[54.95711671121784,54.78618120345076],[54.9511680587038,54.77309416791834],[54.92261452663348,54.77309416791834],[54.904768569089846,54.74929955786136],[54.88692261154612,54.7183665647854],[54.872645845511315,54.680295188692114],[54.884543150540196,54.657690309135475],[54.89287126406096,54.605342167007656],[54.904768569089846,54.595824322984335],[54.9119069521076,54.57678863493858],[54.93213237065716,54.57202971292648],[54.93927075367421,54.55418375538284],[54.924993987639404,54.523250762307754],[54.90833776059868,54.50778426576835],[54.909527491101684,54.4911280387278],[54.92856317914833,54.48398965571049],[54.97377293825857,54.47923073369839],[55.01184431435265,54.47804100319627],[55.035638924410335,54.463764237160845],[55.06895137849249,54.453056662634516],[55.08203841402438,54.43045178307966],[55.101074102071024,54.387621484974275],[55.140335208667224,54.380483101957935],[55.18554496777747,54.375724179944854],[55.22599580487667,54.376913910447946],[55.26168771996404,54.375724179944854],[55.28548233002252,54.38286256296217],[55.3366407416484,54.41855447805122],[55.35448669919204,54.41617501704512],[55.37709157874681,54.40784690352392],[55.39374780578833,54.385242023968175],[55.367573734723926,54.34836037837887],[55.38422996176465,54.33646307334945],[55.38660942277048,54.309099271781605],[55.408024571823134,54.297201966752276],[55.42230133785794,54.27816627870652],[55.49011597652446,54.30077115826138],[55.50677220356518,54.313858193793706],[55.53056681362286,54.32337603781703],[55.573397111727985,54.33527334284556],[55.649539863914555,54.35549876139521],[55.61979660134203,54.33289388184133],[55.60195064379839,54.32337603781703],[55.599979473445934,54.32074781068049],[55.6120706970887,54.31150158083622],[55.62753719362642,54.305552928322],[55.67631614424558,54.31863996385344],[55.69654156279523,54.340055112905205],[55.719146442350706,54.37693675849638],[55.732233477882595,54.37693675849638],[55.732233477882595,54.32815780787766],[55.79053027252544,54.29365562329258],[55.79409946403436,54.32220915536166],[55.815514613086926,54.32220915536166],[55.82979137912164,54.30793238932801],[55.88927790426757,54.31745023335133],[55.910693053320045,54.344814034917405],[55.92496981935485,54.35671133994673],[55.96661038695706,54.350762687431626],[55.978507691985854,54.336485921397085],[56.00349203254734,54.32101942485954],[56.102239664289385,54.31982969435556],[56.102239664289385,54.334106460390984],[56.123654813342036,54.35314214843861],[56.123654813342036,54.37693675849638],[56.137931579376755,54.420956787103975],[56.1712440334582,54.40430056006423],[56.21288460106032,54.39716217704611],[56.202177026534436,54.35790107044885],[56.269991665200244,54.350762687431626],[56.28426843123505,54.38883406352491],[56.298545197270656,54.416197865091775],[56.406810673035665,54.401921099058214],[56.48771234723407,54.38645460251881],[56.52816318433319,54.35790107044885],[56.54243995036799,54.35671133994673],[56.52459399282436,54.39835190754823],[56.53530156735024,54.416197865091775],[56.53649129785315,54.431664361631185],[56.55433725539679,54.43404382263542],[56.598357284005004,54.45070004967694],[56.65427461764184,54.46497681571148],[56.66379246166561,54.499479000296546],[56.67450003619149,54.52446334085741],[56.70424329876481,54.54111956789805],[56.713761142787774,54.55539633393347],[56.72803790882249,54.5672936389628],[56.77800658994546,54.59227797952464],[56.79347308648318,54.6113136675704],[56.826785540564536,54.6160725895825],[56.847010959114186,54.60179582354796],[56.84582122861118,54.589898518518545],[56.87080556917267,54.575621752483116],[56.91006667576895,54.574432021981],[56.96122508739404,54.574432021981],[56.97669158393176,54.582760135500436],[56.97788131443476,54.60179582354796],[56.95765589588512,54.63748773863515],[56.97074293141772,54.65771315718489],[56.992158080470276,54.67080019271722],[57.0219013430428,54.660092618190895],[57.04569595310128,54.64343639114937],[57.14920250685446,54.63272881662394],[57.16228954238706,54.62083151159372],[57.21582741501806,54.62083151159372],[57.25627825211726,54.604175284553975],[57.26936528764915,54.586329327008556],[57.26579609614023,54.569673099968895],[57.26579609614023,54.55658606443737],[57.295539358713555,54.54349902890503]]]]}},{"type":"Feature","properties":{"kind":"district","id":"uyezd-1897-807","name":"Златоустовский","provinceId":"gubernia-1897-66"},"geometry":{"type":"MultiPolygon","coordinates":[[[[58.44431601191794,54.58192865274854],[58.45571069307257,54.57382729418987],[58.46760799810146,54.57858621620198],[58.483074494639176,54.56906837217777],[58.50329991318882,54.545273762119024],[58.5401815587799,54.51790996055295],[58.58539131789014,54.483407775967876],[58.649636765047916,54.479838584459664],[58.74243574427512,54.477459123453656],[58.74481520528104,54.45485424389791],[58.77098927634464,54.45009532188669],[58.83880391501125,54.42511098132495],[58.91375693669482,54.403695832273094],[58.97681265334958,54.395367718751885],[58.9530180432911,54.42035205931275],[58.956587234800025,54.43105963383917],[58.9922791498873,54.45247478289279],[59.050575944530145,54.45247478289279],[59.08983705112644,54.465561818424234],[59.102924086658234,54.49411535049509],[59.098165164646396,54.51553049954694],[59.11293147133695,54.5259899667853],[59.126718696716715,54.535755918096584],[59.179066838844804,54.571447833183775],[59.23141498097289,54.57739648569809],[59.25877878254021,54.59286298223563],[59.32302422969789,54.64045220235312],[59.42177186143923,54.698748996995164],[59.446756202000714,54.711836032527586],[59.46698162055027,54.73444091208333],[59.503863266140556,54.75228686962688],[59.538365450725,54.78440959320594],[59.57643682681829,54.799876089743485],[59.59785197587085,54.82129123879534],[59.649010387496645,54.84627557935708],[59.65852823151961,54.86650099790673],[59.672804997554415,54.87125991991795],[59.68708176358993,54.88672641645647],[59.72634287018622,54.90814156550823],[59.76679370728463,54.935505367075194],[59.788208856337185,54.9426437500933],[59.8024856223727,54.97357674316848],[59.82746996293348,54.9854740481978],[59.863161878020755,55.01878650227987],[59.91313055914363,55.04852976485293],[59.963099240265805,55.085411410442234],[59.986893850324286,55.13300063055973],[60.01187819088577,55.15322604910848],[60.03805226194946,55.18415904218455],[60.078503099048575,55.21985095727173],[60.130851241176664,55.26744017738834],[60.13798962419442,55.29004505694408],[60.15940477324698,55.31740885851193],[60.1760610002877,55.32930616354135],[60.202235071352106,55.34715212108499],[60.24030644744539,55.38760295818428],[60.243875638954314,55.40306945472182],[60.239116716942384,55.4280537952818],[60.243875638954314,55.46969436288507],[60.24863456096535,55.51490412199567],[60.2153221068839,55.51847331350379],[60.143938276709264,55.49824789495415],[60.11419501413594,55.51490412199567],[60.07017498552861,55.51728358300168],[60.084451751563414,55.549406306579854],[60.07017498552861,55.562493342111296],[60.045190644967214,55.57082145563162],[60.01782684339981,55.57677010814682],[60.03686253144645,55.59461606569036],[60.02020630440573,55.60294417921068],[59.98570411982128,55.61365175373798],[59.94406355221916,55.60175444870856],[59.87862837455927,55.61841067574822],[59.888146218582236,55.638636094297865],[59.84412618997411,55.641015555303966],[59.79891643086387,55.64458474681307],[59.746568288735865,55.643395016310066],[59.69065095509806,55.64458474681307],[59.640682273975884,55.63625663329364],[59.59428278436193,55.638636094297865],[59.54312437273684,55.63149771128153],[59.525278415193114,55.65529232133939],[59.44794593250363,55.66243070435671],[59.455084315521475,55.630307980777644],[59.39321832936971,55.60770310122368],[59.34443937875054,55.59461606569036],[59.29209123662166,55.58152903015892],[59.26710689606097,55.63149771128153],[59.246881477511415,55.68027666190123],[59.32183449919498,55.68979450592455],[59.33611126522978,55.74809130056748],[59.38370048534674,55.806388095210416],[59.33492153472678,55.80757782571253],[59.273055548575016,55.81590593923374],[59.21475875393217,55.82066486124407],[59.16954899482184,55.81590593923374],[59.12314950520779,55.80995728671863],[59.112441930682,55.83018270526827],[59.13028788822564,55.85040812381792],[59.14456465426044,55.87420273387667],[59.12077004420196,55.8861000389052],[59.095785703641276,55.90989464896394],[59.14337492375744,55.95034548606324],[59.173118186329965,55.97176063511509],[59.171928455827846,56.00388335869317],[59.13028788822564,55.99317578416685],[59.10768300867007,55.98603740115051],[59.08031920710276,56.00388335869317],[59.06723217157096,56.01697039422649],[59.047006753021314,56.019349855230715],[59.00774564642502,56.01221147221438],[58.98989968888139,56.03957527378046],[59.00179699391027,56.055041770319775],[59.01607375994578,56.07288772786341],[58.981571575360626,56.085974763394944],[58.9244645112207,56.06931853635342],[58.8994801706601,56.05266230931376],[58.87568556060162,56.05028284830767],[58.856649872554975,56.07169799735952],[58.8054914609298,56.06574934484521],[58.74243574427512,56.057421231324],[58.70674382918776,56.05623150082189],[58.68294921912928,56.040765004284346],[58.66153407007671,56.01102174171049],[58.63179080750419,55.99079632316075],[58.60323727543387,55.98127847913743],[58.56873509084951,55.98008874863532],[58.537802097773984,55.98246820964141],[58.50686910469766,55.98365794014353],[58.496161530171776,56.009832011208374],[58.465228537095534,56.03838554327834],[58.433105813517,56.06693907534732],[58.40336255094457,56.083595302388844],[58.365291174851286,56.09311314641306],[58.32246087674616,56.096682337921266],[58.26892300411516,56.085974763394944],[58.25345650757655,56.083595302388844],[58.20110836544855,56.09430287691517],[58.19991863494555,56.110959103956695],[58.13686291829166,56.12642560049424],[58.07142774063097,56.12880506150033],[58.039305017052534,56.14427155803787],[57.989336335929565,56.14546128853999],[57.90843466173116,56.15497913256331],[57.858465980609076,56.140702366529666],[57.81087676049291,56.13951263602577],[57.77637457590775,56.131184522506345],[57.7418723913233,56.14189209703178],[57.72640589478558,56.13594344451667],[57.72164697277374,56.12523586999035],[57.74544158283222,56.11809748697401],[57.7418723913233,56.103820720938494],[57.7561491573581,56.09430287691517],[57.772805384399625,56.09311314641306],[57.782323228422506,56.095492607417285],[57.79778972496031,56.090733685407045],[57.79184107244627,56.03600608227224],[57.78946161144026,56.00031416718505],[57.8084972994869,55.96581198259989],[57.79659999445731,55.944396833548126],[57.81325622149803,55.90632545745484],[57.81206649099503,55.88728976940732],[57.79303080294839,55.869443811863675],[57.7168880507619,55.8373210882855],[57.68476532718337,55.8373210882855],[57.68476532718337,55.81352647822675],[57.671678291651574,55.799249712192214],[57.63955556807233,55.78973186816889],[57.632417185055374,55.76355779710502],[57.60148419197905,55.74333237855538],[57.57174092940652,55.736193995538066],[57.527720900798485,55.73500426503418],[57.468234375652635,55.723106960005644],[57.420645155536384,55.711209654976315],[57.389712162460945,55.69812261944478],[57.39328135396907,55.67194854838091],[57.36829701340839,55.65172312983127],[57.37424566592243,55.63625663329364],[57.390901892963065,55.629118250275525],[57.381384048940184,55.612462023234],[57.36710728290538,55.59342633518825],[57.35877916938462,55.56011388110707],[57.39328135396907,55.547026845573754],[57.40874785050759,55.52561169652199],[57.40874785050759,55.486350589924726],[57.41112731151271,55.474453284896285],[57.3706764744143,55.45779705785476],[57.34688186435582,55.4435202918212],[57.33736402033206,55.42686406477968],[57.359968899887626,55.405448915727916],[57.36882578252035,55.392758457030155],[57.408086889116994,55.37372276898351],[57.4532966482275,55.36896384697043],[57.50564479035604,55.3618254639541],[57.56275185449587,55.35706654194199],[57.62223837964163,55.3618254639541],[57.696001670822014,55.36896384697043],[57.73288331641256,55.37253303847953],[57.76381630948853,55.36539465546231],[57.82449256513694,55.347548697919564],[57.86970232424745,55.336841123393235],[57.897066125814675,55.335651392889346],[57.94822453743994,55.34041031490145],[57.977967800013175,55.34041031490145],[58.00295214057448,55.327323279369025],[58.03626459465566,55.30352866931028],[58.056490013205575,55.28806217277362],[58.12192519086609,55.27854432874942],[58.190929560034455,55.2749751372412],[58.21829336160168,55.27259567623422],[58.2052063260697,55.252370257685456],[58.18379117701714,55.24285241366303],[58.187360368525795,55.204781037569745],[58.237329049648324,55.20359130706674],[58.377717248992575,55.20121184605975],[58.459808653693635,55.20716049857495],[58.41935781659443,55.167899391977684],[58.376527518490015,55.13220747689138],[58.30157449680618,55.14291505141771],[58.248036624175,55.14886370393104],[58.231380397133655,55.13220747689138],[58.2052063260697,55.11912044135896],[58.21591390059567,55.10841286683264],[58.2052063260697,55.100084753312316],[58.202826865063784,55.09056690928989],[58.25160581568366,55.096515561803216],[58.25874419870088,55.089377178785995],[58.24208797166034,55.07272095174447],[58.22305228361378,55.06558256872725],[58.225431744618994,55.04892634168759],[58.21472417009302,55.019183079113645],[58.187360368525795,55.00133712157],[58.17189387198781,55.00371658257699],[58.1695144109826,54.98943981654068],[58.18379117701714,54.98230143352336],[58.19330902104046,54.99419873855278],[58.2052063260697,54.99419873855278],[58.208775517578445,54.98587062503246],[58.19211929053781,54.97159385899704],[58.19449875154382,54.941850596424956],[58.2052063260697,54.934712213407735],[58.225431744618994,54.938281404915855],[58.276590156244964,54.935901943910736],[58.34559452541404,54.933522482903754],[58.37057886597526,54.92638409988653],[58.36819940496925,54.872846227255614],[58.36225075245459,54.84191323417964],[58.36344048295724,54.8157391631148],[58.353922638933916,54.788375361547835],[58.37890697949523,54.775288326016394],[58.37414805748392,54.75387317696463],[58.400322128547785,54.73959641092823],[58.387235093015896,54.706283956847045],[58.43125512162376,54.6872482688004],[58.42411673860644,54.65750500622833],[58.42887566061775,54.631330935164456],[58.449101079167754,54.60634659460173],[58.47289568922561,54.59206982856719],[58.44431601191794,54.58192865274854]]]]}},{"type":"Feature","properties":{"kind":"district","id":"uyezd-1897-808","name":"Бирский","provinceId":"gubernia-1897-66"},"geometry":{"type":"MultiPolygon","coordinates":[[[[57.72164697277374,56.12523586999035],[57.70419759206414,56.118626256084994],[57.69111055653225,56.10791868155955],[57.67207486848561,56.09721110703323],[57.654228910941974,56.08293434099781],[57.63638295339833,56.10078029854135],[57.61615753484869,56.10434949005143],[57.59117319428729,56.119815986588975],[57.568568314732524,56.10791868155955],[57.547153165679966,56.121005717091094],[57.542394243668035,56.12695436960709],[57.526927747130316,56.123385178097095],[57.51740990310664,56.132903022120416],[57.53525586065028,56.1709743982137],[57.550722357188,56.201907391289765],[57.555481279199924,56.213804696319094],[57.538825052159204,56.23046092336062],[57.51740990310664,56.23046092336062],[57.49599475405408,56.25187607241238],[57.46506176097855,56.25782472492669],[57.45197472544675,56.28637825699754],[57.43412876790311,56.33634693811926],[57.35798601571654,56.32563936359294],[57.29493029906186,56.31612151956962],[57.23782323492193,56.2994652925281],[57.180716170782006,56.28042960448234],[57.164059943741286,56.266152838447894],[57.13431668116796,56.266152838447894],[57.13431668116796,56.283998795991444],[57.0998144965836,56.285188526493556],[57.05460473747256,56.278050143476335],[57.01177443936823,56.26496310794391],[56.98441063780083,56.241168497886946],[56.940390609192704,56.241168497886946],[56.954667375228304,56.27448095196812],[56.957046836233424,56.297085831523866],[56.98322090729783,56.30660367554719],[56.98322090729783,56.32207017208473],[56.957046836233424,56.32444963309082],[56.92968303466682,56.31612151956962],[56.92254465164906,56.33277774661114],[56.93563168718166,56.354192895662905],[56.964185219251185,56.38512588873799],[56.93444195667866,56.40178211577951],[56.949908453216466,56.41605888181405],[56.92492411265489,56.433904839357595],[56.896370580585376,56.422007534329154],[56.878524623041734,56.40773076829373],[56.85829920449218,56.36252100918411],[56.80476133186038,56.353003165160786],[56.780966721802606,56.38988481075009],[56.750033728726365,56.40059238527739],[56.72980831017672,56.357762087171025],[56.73099804067972,56.33515720761715],[56.76906941677301,56.282809065487555],[56.78691537431665,56.25187607241238],[56.74765426772045,56.23759930637695],[56.72980831017672,56.25663499442457],[56.709582891627164,56.26020418593269],[56.69292666458644,56.31850098057563],[56.681029359557556,56.354192895662905],[56.682219090060556,56.39226427175619],[56.61916337340579,56.41486915131193],[56.55253846524298,56.45769944941644],[56.50970816713786,56.4814940594742],[56.4752059825535,56.49696055601361],[56.40858107438981,56.4910119034985],[56.390735116846166,56.500529747521824],[56.3276794001914,56.51718597456326],[56.275331258063396,56.53265247110089],[56.24677772599299,56.53265247110089],[56.2348804209641,56.498150286515724],[56.23725988197011,56.47078648494877],[56.23012149895236,56.46245837142854],[56.203947427888664,56.449371335897006],[56.20513715839167,56.40773076829373],[56.22179338543239,56.38393615823587],[56.219413924426384,56.36965939220045],[56.22536257694123,56.345864782142584],[56.20989608040271,56.32207017208473],[56.1551684772687,56.33158801610716],[56.0766462640763,56.32682909409684],[56.074266803070294,56.34467505164047],[56.04095434898893,56.373228583710436],[56.025487852451214,56.40416157678552],[56.019539199936375,56.43628430036458],[55.98979593736376,56.47078648494877],[55.98503701535192,56.48982217299452],[55.98741647635793,56.50766813053994],[55.946965639258636,56.504098939029944],[55.9029456106506,56.4862529814864],[55.85416666003143,56.46364810193066],[55.81252609242922,56.44818160539312],[55.77326498583302,56.45769944941644],[55.72686549621978,56.45769944941644],[55.692363311634615,56.45294052740522],[55.725675765716865,56.425576725837374],[55.72210657420794,56.38869508024798],[55.74709091476942,56.37917723622377],[55.79824932639451,56.361331278680126],[55.792300673879666,56.33515720761715],[55.73519360973974,56.32563936359294],[55.68403519811466,56.317311250073516],[55.59123621888736,56.32444963309082],[55.5305599632386,56.32801882459895],[55.42824313998763,56.32444963309082],[55.40206906892403,56.32920855510106],[55.281906288129335,56.32682909409684],[55.16412296834064,56.32563936359294],[55.12843105325328,56.33039828560504],[55.08084183313632,56.32444963309082],[55.05466776207272,56.32801882459895],[54.99637096742978,56.3149317890675],[54.94759201680982,56.3054139450433],[54.90357198820258,56.29351664001388],[54.852413576576694,56.283998795991444],[54.81791139199233,56.281619334984455],[54.80363462595753,56.29827556202598],[54.77984001589905,56.29351664001388],[54.74176863980576,56.29113717900778],[54.733440526285,56.26377337744091],[54.71440483823836,56.25663499442457],[54.68823076717476,56.25425553341847],[54.65491831309331,56.24949661140637],[54.632313433537746,56.25068634191027],[54.61089828448519,56.24592741989727],[54.59067286593563,56.25068634191027],[54.57282690839199,56.24592741989727],[54.544273376321584,56.25187607241238],[54.519289035760984,56.24354795889117],[54.48359712067282,56.25187607241238],[54.45980251061505,56.24711715040027],[54.38841868043961,56.25187607241238],[54.367003531387844,56.24473768939515],[54.353916495855245,56.22808146235461],[54.337260268814525,56.22689173185063],[54.30275808423007,56.190010086261324],[54.26944563014872,56.201907391289765],[54.24427453541098,56.20785241921115],[54.22523884736442,56.16740158211088],[54.190736662779614,56.142417241550014],[54.156234478195614,56.12457128400638],[54.13600905964579,56.085310177410086],[54.115783641096755,56.0472388013168],[54.07533280399703,56.02820311327016],[54.02060520086319,56.021064730253826],[53.93375487415048,56.03891068779737],[53.9016321505715,56.0472388013168],[53.83619697291108,56.03534149628739],[53.75648502921577,56.004408503212304],[53.71246500060772,55.98775227617078],[53.6470298229481,55.97823443214746],[53.61252763836339,55.96038847460382],[53.58516383679607,55.929455481527846],[53.620917164166556,55.919201219060554],[53.643522043721326,55.89778607000879],[53.68635234182645,55.91325256654545],[53.72323398741682,55.90135526151701],[53.76844374652786,55.89064768699157],[53.78985889558042,55.87161199894395],[53.817222697147024,55.86447361592584],[53.87314003078395,55.89064768699157],[53.89812437134543,55.86566334642973],[53.939764938947555,55.870422268441835],[53.94690332196531,55.85971469391551],[53.94333413045648,55.843058466873984],[53.97783631504084,55.83354062285066],[54.01828715214004,55.8049870907807],[54.04684068420956,55.7990384382656],[54.076583946782975,55.8049870907807],[54.09918882633845,55.79784870776348],[54.108706670361414,55.78833086373927],[54.09324017382361,55.769295175693514],[54.10394774834949,55.75739787066409],[54.119414244888006,55.76096706217231],[54.13607047192873,55.775243828207735],[54.155106159975375,55.77881301971595],[54.182469961541976,55.771674636699615],[54.18009050053606,55.7585876011663],[54.19674672757758,55.74788002664175],[54.23481810367087,55.73598272161233],[54.24909486970567,55.72051622507301],[54.27526894076927,55.7121881115527],[54.28954570680487,55.72051622507301],[54.30501220334259,55.71337784205659],[54.32166843038332,55.693152423506945],[54.30977112535443,55.6729270049573],[54.28597651529595,55.66816808294519],[54.26218190523747,55.66102969992788],[54.244335947693834,55.65032212540156],[54.22648999015011,55.622958323834595],[54.17533157852502,55.60035344427885],[54.12417316689913,55.57536910371888],[54.080153138291806,55.56466152919167],[54.04684068420956,55.548005302152006],[54.004010386105236,55.52659015309838],[53.94928278297052,55.49922635153231],[53.92191898140391,55.48375985499299],[53.91002167637503,55.469483088959336],[53.92191898140391,55.458775514432126],[53.950472513473436,55.44806793990571],[53.976646584537924,55.44092955688937],[53.9599903574972,55.42784252135607],[53.950472513473436,55.41237602481853],[53.992245273354186,55.41435890898996],[54.0874237135874,55.41673836999597],[54.27064221103598,55.41792810049995],[54.33369792769075,55.376287532896676],[54.33726711919958,55.33821615680428],[54.37890768680179,55.34178534831338],[54.40865094937423,55.3477340008276],[54.45742989999339,55.3477340008276],[54.47170666602899,55.32512912127186],[54.47884504904604,55.302524241716114],[54.50501912011044,55.29300639769279],[54.557367262238444,55.28229882316647],[54.59543863833173,55.27159124864103],[54.62042297889321,55.2525555605935],[54.668012199009375,55.239468525061966],[54.64302785844869,55.218053376010204],[54.62042297889321,55.2025868794708],[54.6596840854895,55.19187930494447],[54.67753004303314,55.20972526248811],[54.70608357510266,55.19901768796258],[54.77032902226034,55.220432837014435],[54.79650309332483,55.231140411541645],[54.82981554740619,55.23827879455807],[54.858369079476596,55.26207340461771],[54.88692261154612,55.26921178763493],[54.92856317914833,55.25731448260561],[54.95830644172085,55.20377660997478],[55.03801838541625,55.165705233881496],[55.09274598855026,55.151428467846955],[55.15223251369602,55.13239277979933],[55.153547586092685,55.14172532091382],[55.16663462162467,55.14529451242292],[55.17972165715664,55.15957127845736],[55.1987573452032,55.170278852983785],[55.2392081823024,55.175037774995886],[55.28441794141291,55.169089122481665],[55.3201098565009,55.16551993097345],[55.34985311907333,55.169089122481665],[55.36175042410266,55.19050427153343],[55.39030395617262,55.19169400203741],[55.41409856623128,55.1857453495231],[55.435513715283136,55.19050427153343],[55.45216994232448,55.19050427153343],[55.48072347439435,55.1857453495231],[55.516415389481544,55.17384804449377],[55.56400460959806,55.15838154795525],[55.579471106135955,55.163140469966464],[55.5985067941826,55.15957127845736],[55.61992194323525,55.169089122481665],[55.64966520580777,55.17384804449377],[55.68059819888366,55.21548861209429],[55.73770526302349,55.254749718690576],[55.750792298556185,55.2702162152291],[55.7781561001227,55.28449298126364],[55.83526316426245,55.339220584398355],[55.87452427085909,55.37134330797653],[55.90069834192296,55.36896384697043],[55.9352005265075,55.37967142149685],[55.96137459757225,55.37967142149685],[55.98278974662411,55.37491249948652],[56.01134327869389,55.37015357747441],[56.03513788875255,55.37253303847953],[56.050604385290534,55.38443034350895],[56.076778456354404,55.403466031555595],[56.08510656987507,55.42131198909924],[56.10533198842437,55.418932528094025],[56.129126598482934,55.42369145010613],[56.160059591558905,55.471280670221844],[56.17909527960555,55.491506088771494],[56.18742339312542,55.50935204631513],[56.21121800318408,55.51768015983634],[56.229063960727984,55.51649042933245],[56.251668840283195,55.50816231581213],[56.232633152236644,55.46057309569552],[56.21240773368664,55.410604414572816],[56.23144342173328,55.401086570550476],[56.25761749279795,55.397517379040394],[56.33970889749901,55.387999535018054],[56.38848784811808,55.37848169099375],[56.40990299717073,55.37848169099375],[56.42774895471473,55.39394818753316],[56.47771763583725,55.42726064161434],[56.50508143740368,55.42012225859712],[56.530065777964985,55.42250171960224],[56.59193176411684,55.39989684004738],[56.620485296186715,55.4082249535677],[56.64309017574202,55.42964010261946],[56.65736694177726,55.42607091111134],[56.6561772112747,55.40465576205949],[56.668074516303236,55.391568726526174],[56.702576700887775,55.37729196049164],[56.732319963461094,55.38086115200074],[56.743027537986976,55.37491249948652],[56.70376643139122,55.35468708093687],[56.714474005917104,55.34278977590657],[56.75016592100429,55.34278977590657],[56.763252956537066,55.330892470877146],[56.754924843016305,55.32018489635171],[56.747786459999084,55.30352866931028],[56.75730430402231,55.29520055579085],[56.77277080056039,55.30471839981328],[56.788237297098284,55.321374626854805],[56.81798055967081,55.335651392889346],[56.86200058827867,55.36896384697043],[56.90126169487451,55.397517379040394],[56.9095898083951,55.41774279759014],[56.92505630493317,55.418932528094025],[56.92743576593918,55.43915794664376],[56.9571790285117,55.42964010261946],[56.99287094359969,55.42369145010613],[57.0309423196928,55.42369145010613],[57.079721270311964,55.41655306708704],[57.12017210741117,55.42131198909924],[57.15348456149315,55.42845037211646],[57.240334888205425,55.42250171960224],[57.302200874357275,55.42250171960224],[57.32242629290657,55.409414684069816],[57.348600363971144,55.397517379040394],[57.36882578252035,55.392758457030155],[57.359968899887626,55.405448915727916],[57.33736402033206,55.42686406477968],[57.34688186435582,55.4435202918212],[57.3706764744143,55.45779705785476],[57.41112731151271,55.474453284896285],[57.40874785050759,55.486350589924726],[57.40874785050759,55.52561169652199],[57.39328135396907,55.547026845573754],[57.35877916938462,55.56011388110707],[57.36710728290538,55.59342633518825],[57.381384048940184,55.612462023234],[57.390901892963065,55.629118250275525],[57.37424566592243,55.63625663329364],[57.36829701340839,55.65172312983127],[57.39328135396907,55.67194854838091],[57.389712162460945,55.69812261944478],[57.420645155536384,55.711209654976315],[57.468234375652635,55.723106960005644],[57.527720900798485,55.73500426503418],[57.57174092940652,55.736193995538066],[57.60148419197905,55.74333237855538],[57.632417185055374,55.76355779710502],[57.63955556807233,55.78973186816889],[57.671678291651574,55.799249712192214],[57.68476532718337,55.81352647822675],[57.68476532718337,55.8373210882855],[57.7168880507619,55.8373210882855],[57.79303080294839,55.869443811863675],[57.81206649099503,55.88728976940732],[57.81325622149803,55.90632545745484],[57.79659999445731,55.944396833548126],[57.8084972994869,55.96581198259989],[57.78946161144026,56.00031416718505],[57.79184107244627,56.03600608227224],[57.79778972496031,56.090733685407045],[57.782323228422506,56.095492607417285],[57.772805384399625,56.09311314641306],[57.7561491573581,56.09430287691517],[57.7418723913233,56.103820720938494],[57.74544158283222,56.11809748697401],[57.72164697277374,56.12523586999035]]]]}}]}
