{"type":"FeatureCollection","features":[{"type":"Feature","properties":{"kind":"province","id":"gubernia-1897-4","name":"Самарская губерния"},"geometry":{"type":"MultiPolygon","coordinates":[[[[48.24239762647825,52.63423388129376],[48.23508973698346,52.62720706447184],[48.19463889988479,52.58318703586522],[48.189879977873126,52.54630539027494],[48.19939782189645,52.51418266669499],[48.1958286303877,52.48919832613501],[48.1815518643529,52.48562913462591],[48.15061887127657,52.48800859563201],[48.14704967976792,52.46302425507017],[48.15537779328823,52.426142609479],[48.177982672843356,52.41543503495356],[48.19106970837604,52.39996853841514],[48.172034020328866,52.37260473684906],[48.13515237473885,52.35713824031063],[48.09708099864521,52.32263605572556],[48.04473285651757,52.291703062650384],[48.01498959394424,52.284564679633164],[47.984056600868804,52.239354920522565],[47.95312360779257,52.206042466441474],[47.930518728237445,52.17510947336453],[47.88887816063506,52.16083270732999],[47.85318624554805,52.152504593808786],[47.8139251389515,52.1227613312367],[47.787751067887626,52.08587968564642],[47.76157699682385,52.053756962068334],[47.72588508173595,52.02520342999739],[47.69287726829504,52.019531130063996],[47.65718535320794,52.02904897408732],[47.61078586359398,52.05998196716426],[47.575093948506975,52.0766381942049],[47.552489068951054,52.079017655210016],[47.49776146581749,52.06474088917548],[47.443033862683215,52.039756548613724],[47.37759868502288,52.02072086056708],[47.29074835831025,51.99454678950224],[47.25267698221661,51.98145975397071],[47.239589946684724,51.95766514391285],[47.21460560612377,51.94457810838051],[47.16939584701273,51.94576783888352],[47.11704770488419,51.919593767818675],[47.07183794577395,51.8946094272587],[47.002833576604075,51.8422612851291],[46.91836271089728,51.79586179551639],[46.83627130619631,51.774446646464625],[46.78035397255912,51.744703383890766],[46.72324690841981,51.73518553986834],[46.69112418484066,51.73280607886224],[46.65424253925073,51.731616348358344],[46.628068468186065,51.73875473137557],[46.617360893660006,51.758980149926195],[46.59118682259614,51.76849799394952],[46.57334086505179,51.77682610746886],[46.53764894996478,51.77801583797195],[46.46983431129862,51.762549341435296],[46.42581428269049,51.758980149926195],[46.397260750620795,51.76611853294342],[46.36275856603581,51.753031497411975],[46.36156883553289,51.74351365338768],[46.341343416983605,51.72209850433502],[46.31397961541691,51.7090114688026],[46.30089257988493,51.673319553715416],[46.281856891837755,51.65547359617267],[46.25568282077389,51.64238656064025],[46.24021632423617,51.60193572354095],[46.19619629562804,51.54720812040614],[46.16645303305543,51.5305518933656],[46.09863839438927,51.521034049342276],[46.05461836578114,51.515085396828944],[46.01416752868167,51.485342134255],[46.005839415161354,51.44608102765871],[45.999890762646864,51.3973020770391],[45.97847561359466,51.36993827547303],[45.93564531548936,51.36636908396393],[45.90471232241392,51.33900528239608],[45.88448690386454,51.32353878585943],[45.87377932933768,51.29736471479556],[45.82975930073027,51.29736471479556],[45.82143118721004,51.25453441668928],[45.82143118721004,51.22598088461932],[45.82817299339287,51.189745512389024],[45.85315733395382,51.14810494478664],[45.89122871004746,51.112413029699354],[45.93762819966142,51.08980815014361],[45.98759688078323,51.06482380958275],[46.01020176033924,51.035080547009784],[46.013770951847896,50.9958194404135],[46.02566825687696,50.96845563884742],[46.055411519449486,50.93633291526836],[46.07444720749666,50.89707180867207],[46.070878015988,50.8601901630809],[46.0637396329698,50.814980403970395],[46.05779098045522,50.79118579391253],[46.03042717888853,50.77809875838011],[45.98997634178906,50.77928848888409],[45.95428442670205,50.795944715924634],[45.91145412859684,50.819739325982496],[45.8448292204335,50.80665229045096],[45.77939404277308,50.79237552441465],[45.73061509215418,50.76977064486077],[45.700871829580855,50.737647921281706],[45.69492317706628,50.71147385021775],[45.71514859561566,50.69957654518842],[45.74370212768607,50.679351126638686],[45.749650780200554,50.64009002004151],[45.73656374466858,50.60677756596033],[45.77463512076151,50.581793225400354],[45.81508595786098,50.56275753735371],[45.8448292204335,50.53777319679196],[45.86148544747485,50.51516831723622],[45.86386490848068,50.48542505466325],[45.88409032703006,50.46400990561051],[45.90365752816322,50.433436153840304],[45.91418574663554,50.47020301155503],[45.92846251267034,50.45711597602438],[45.94511873971177,50.41904459993021],[45.93679062619137,50.37859376283083],[45.94987766172335,50.34885050025786],[45.96058523624941,50.33933265623454],[45.948687931220434,50.3202969681879],[45.94987766172335,50.30007154963825],[45.97843119379296,50.294122897124026],[45.99270795982776,50.32267642919399],[46.00698472586336,50.3202969681879],[46.01769230038951,50.30007154963825],[46.0379177189388,50.30007154963825],[46.04624583245912,50.31791750718278],[46.0736096340259,50.31315858517067],[46.10692208810788,50.30602020215336],[46.12952696766309,50.326245620703986],[46.14499346420161,50.314348315674565],[46.17116753526539,50.32981481221122],[46.19972106733508,50.31910723768489],[46.24850001795478,50.314348315674565],[46.24850001795478,50.326245620703986],[46.297278968574574,50.325055890200005],[46.31036600410655,50.310779124164576],[46.33178115315876,50.310779124164576],[46.37580118176688,50.2822255920955],[46.41863147987139,50.27627693958039],[46.42458013238587,50.245343946504335],[46.42220067138004,50.20727257041202],[46.47335908300566,50.20132391789683],[46.5185688421167,50.19299580437651],[46.530466147145674,50.17514984683296],[46.554260757203714,50.18109849934807],[46.568537523239314,50.171580655324746],[46.57805536726255,50.14183739275178],[46.5959013248061,50.09186871162819],[46.60184997732058,50.056176796540996],[46.62564458737862,50.03833083899825],[46.6458700059288,50.02167461195771],[46.66133650246652,49.99906973240196],[46.67799272950707,50.006208115419184],[46.69345922604479,50.002638923911064],[46.72320248861811,50.05141787453067],[46.75532521219655,50.06212544905611],[46.78387874426696,50.066884371067324],[46.8219501203598,50.079971406600635],[46.84455499991492,50.074022754085526],[46.85407284393895,50.084730328611855],[46.88024691500273,50.082350867604866],[46.901662064055024,50.08592005911397],[46.924266943610945,50.07878167609665],[46.945682092663155,50.093058442131195],[46.9563896671893,50.09543790313729],[46.961148589200874,50.084730328611855],[46.98256373825317,50.088299520119975],[46.99208158227711,50.06926383207333],[47.00754807881483,50.076402215090646],[47.03848107189027,50.063315179558224],[47.06465514295493,50.05498706603888],[47.07893190898974,50.05974598805001],[47.09915732753903,50.072833023581545],[47.12176220709424,50.07878167609665],[47.15983358318779,50.12042224369904],[47.18005900173717,50.138268201241786],[47.196715228777805,50.13350927923057],[47.24430444889468,50.13350927923057],[47.30260124353761,50.13945793174568],[47.33829315862471,50.12518116571114],[47.37041588220377,50.09900709464728],[47.39064130075315,50.074022754085526],[47.39064130075315,50.06093571855401],[47.416815371817826,50.055662715460116],[47.432281868355545,50.03781675791559],[47.46559432243672,50.03186810540137],[47.4715429749513,50.01640160886294],[47.48819920199264,50.00807349534351],[47.498906776518794,49.99379672930907],[47.54530626613195,49.98784807679387],[47.59289548624882,49.9592945447239],[47.60836198278654,49.94144858717938],[47.62501820982798,49.93549993466604],[47.63810524535987,49.92003343812762],[47.6547614724005,49.91765397712152],[47.65000255038884,49.891479906057654],[47.63453605385112,49.883151792536445],[47.63810524535987,49.84389068594193],[47.653571741897586,49.84270095543804],[47.66427931642373,49.83794203342683],[47.65714093340633,49.822475536889286],[47.660710124914985,49.812957692864984],[47.65595120290342,49.80225011833954],[47.680935543464365,49.78797335230323],[47.686884195978855,49.79511173532232],[47.69402257899706,49.7808349692869],[47.7035404230202,49.78916308280624],[47.727335033078326,49.7808349692869],[47.72852476358124,49.77012739476048],[47.74161179911313,49.76536847274838],[47.749939912633444,49.7796452387838],[47.770165331183534,49.76774793375448],[47.796339402247405,49.76774793375448],[47.808236707276464,49.75823008973116],[47.8034777852648,49.734435479673294],[47.81775455129961,49.72491763564997],[47.841549161358444,49.72491763564997],[47.84868754437585,49.71539979162665],[47.86177457990774,49.72253817464387],[47.8665335019194,49.71183060011755],[47.87605134594263,49.71302033061967],[47.8808102679542,49.72253817464387],[47.89746649499484,49.72610736615209],[47.89746649499484,49.71421006112267],[47.90698433901887,49.718968983134864],[47.91412272203618,49.71302033061967],[47.91650218304201,49.70350248659635],[47.93315841008265,49.70469221709935],[47.94386598460879,49.68803599005881],[47.94743517611754,49.660672188491844],[47.93434814058556,49.652344074972504],[47.94862490662045,49.6416365004452],[47.95933248114651,49.64282623094918],[47.96885032516975,49.62854946491278],[47.95457355913485,49.62735973441066],[47.95695302014068,49.60832404636402],[47.94386598460879,49.61308296837524],[47.93791733209431,49.60713431586013],[47.9510043676262,49.60237539384892],[47.94743517611754,49.590478088819495],[47.958142750643596,49.577391053288935],[47.96647086416392,49.577391053288935],[47.97004005567257,49.594047280329576],[47.98312709120535,49.57382186177895],[47.97598870818795,49.55597590423629],[47.98907574371984,49.54526832970899],[47.98193736070243,49.53575048568655],[47.958142750643596,49.54407859920598],[47.955763289637765,49.53812994669176],[47.96766059466683,49.52980183317233],[47.96171194215234,49.52504291115934],[47.94386598460879,49.52980183317233],[47.93672760159139,49.52385318065723],[47.95338382863203,49.508386684118705],[47.965281133661,49.513145606129925],[47.97836816919378,49.48578180456296],[47.99264493522858,49.48816126556994],[48.00454224025756,49.504817492610584],[48.01287035377787,49.504817492610584],[48.01762927578953,49.49410991808416],[48.027147119812675,49.49054072657604],[48.031906041824335,49.48102288255272],[48.0152498147837,49.47745369104362],[48.031906041824335,49.46912557752242],[48.027147119812675,49.46079746400308],[48.00454224025756,49.45841800299698],[47.998593587743066,49.438192584446355],[47.98788601321692,49.428674740423034],[47.97479897768503,49.439382314950336],[47.962901672655256,49.439382314950336],[47.96409140315817,49.427485009920034],[47.97836816919378,49.415587704892474],[47.96885032516975,49.40369039986315],[47.97449666311099,49.3967893201574],[47.9795578996966,49.39060336433073],[47.99740385724015,49.39060336433073],[48.011680623274955,49.3691882152771],[48.024767658806844,49.367998484774986],[48.02119846729819,49.356101179745565],[48.027147119812675,49.350152527230456],[48.049751999368596,49.351342257734345],[48.037854694338826,49.39893147785007],[48.034285502830166,49.42153635740581],[48.04499307735703,49.46436665551031],[48.073546609426636,49.517904528142026],[48.100910410993414,49.53931967719565],[48.138981787087054,49.56430401775563],[48.18062235468855,49.592857549825595],[48.21750400027937,49.60951377686614],[48.27104187291073,49.62260081239856],[48.30792351850065,49.64282623094918],[48.325769476045004,49.670190032515166],[48.35789219962336,49.72967655766119],[48.391204653704534,49.76417874224626],[48.41261980275763,49.7748863167717],[48.460209022873705,49.791542543812334],[48.478054980417966,49.8200960758823],[48.498280398967346,49.85459826046737],[48.5161263565108,49.86768529599979],[48.57085395964508,49.880772331532214],[48.63271994579676,49.898618289074875],[48.69696539295426,49.92003343812762],[48.75764164860303,49.94144858717938],[48.81117952123358,49.956915083717895],[48.862337932859205,49.99141726830297],[48.92539364951379,50.03186810540137],[48.92088496802883,50.04391881875379],[48.897090357969994,50.05224693227322],[48.89352116646125,50.074851811828964],[48.86734709539747,50.106974535407936],[48.82213733628643,50.10816426591005],[48.79001461270808,50.10816426591005],[48.807860570251535,50.12363076244857],[48.81142976176028,50.14147671999309],[48.82808598880083,50.17003025206306],[48.81737841427477,50.20929135865935],[48.798342726228306,50.223568124693],[48.77604629532167,50.244410440541316],[48.75582087677238,50.2717742421073],[48.74511330224623,50.305086696190344],[48.72369815319403,50.36100402982717],[48.69752408212945,50.4157316329611],[48.68562677710039,50.45023381754528],[48.69514462112362,50.464510583580704],[48.68562677710039,50.49901276816578],[48.686816507603304,50.539463605264274],[48.67610893307715,50.57158632884334],[48.67729866358007,50.60370905242231],[48.66421162804809,50.619175548958964],[48.64398620949809,50.62274474046895],[48.62257106044579,50.6358317759996],[48.595207258879014,50.65367773354413],[48.617812138434225,50.66795449957955],[48.64398620949809,50.67509288259677],[48.65707324503078,50.66081611656135],[48.6725397415685,50.66081611656135],[48.71537003967291,50.633452314994386],[48.74392357174341,50.616796087953844],[48.78794360035074,50.625124201473184],[48.821256054432716,50.619175548958964],[48.83672255097052,50.620365279462945],[48.84980958650241,50.61560635744986],[48.886691232093135,50.620365279462945],[48.95688533176513,50.64534962002292],[49.01042320439649,50.67271342159077],[49.06039188551839,50.708405336677956],[49.0960838006062,50.74885617377636],[49.128206524184556,50.790496741378746],[49.16508816977528,50.795255663389966],[49.207918467879786,50.79644539389395],[49.2590768795054,50.79882485489995],[49.276922837048865,50.82261946495781],[49.32332232666282,50.82856811747301],[49.368532085773865,50.835706500489344],[49.429208341422715,50.851172997027774],[49.44586456846326,50.87377787658352],[49.449433759972,50.89638275613926],[49.43753645494294,50.90590060016258],[49.424449419411054,50.96181793379853],[49.388757504323245,51.001079040394906],[49.3923266958319,51.02606338095666],[49.41255211438128,51.0450990690033],[49.43753645494294,51.05104772151841],[49.43634672444003,51.07603206207838],[49.426828880416885,51.098636941634126],[49.44110564645169,51.11291370766867],[49.45419268198358,51.10815478565745],[49.46727971751555,51.11172397716566],[49.46371052600681,51.13670831772741],[49.479177022544526,51.14146723973863],[49.498212710591794,51.13789804822953],[49.52081759014683,51.12124182118898],[49.57197600177244,51.12362128219597],[49.612426838871116,51.12362128219597],[49.675482555525704,51.12362128219597],[49.7385382721803,51.12362128219597],[49.77660964827314,51.12362128219597],[49.80754264134938,51.13313912621929],[49.81825021587552,51.14027750923651],[49.85275240046042,51.1783488853298],[49.881305932530026,51.19500511237034],[49.90866973409681,51.21047160890886],[49.93127461365273,51.22831756645152],[49.957448684716596,51.23902514097794],[49.983622755780374,51.24973271550515],[50.02288386237693,51.25806082902458],[50.08712930953444,51.27590678656911],[50.139477451662884,51.28423490008845],[50.19182559379062,51.29137328310567],[50.22275858686677,51.29137328310567],[50.24893265793063,51.296132205117864],[50.27272726798947,51.311598701656294],[50.2893834950301,51.3175473541714],[50.33340352363743,51.34015223372537],[50.37147489973116,51.35680846076592],[50.43334088588275,51.38655172333986],[50.467843070466934,51.404397680882525],[50.501155524549,51.399638758872285],[50.54517555315633,51.390120914848964],[50.579677737741314,51.37346468780832],[50.62250803584652,51.37941334032254],[50.66057941193945,51.38060307082466],[50.672476716968426,51.3972592978653],[50.68913294400906,51.404397680882525],[50.734342703120106,51.404397680882525],[50.74861946915491,51.407966872391626],[50.76289623519051,51.44246905697669],[50.802157341786355,51.45436636200611],[50.819852539375255,51.461925925037576],[50.85435472395944,51.445269697997034],[50.91265151860237,51.47501296056912],[50.91027205759663,51.50475622314208],[50.8864774475385,51.55948382627591],[50.8864774475385,51.57851951432353],[50.87339041200581,51.620160081924055],[50.85673418496518,51.630867656451265],[50.822232000381085,51.6451444224858],[50.760366014229405,51.685595259585185],[50.735381673668456,51.71295906115215],[50.730622751656085,51.758168820262654],[50.73300221266182,51.79861965736106],[50.77702224127004,51.82241426742078],[50.82580119188974,51.849778068986765],[50.88052879502401,51.87714187055461],[50.93525639815758,51.89617755860037],[50.966189391233726,51.90569540262369],[50.98522507928019,51.919972168659115],[51.001881306320826,51.94376677871698],[51.01972726386518,51.9509051617342],[51.04352187392321,51.9544743532433],[51.09468028554874,51.9544743532433],[51.12799273963001,51.96875111927872],[51.12799273963001,52.01990953090443],[51.16725384622648,52.01753006989843],[51.21008414433098,52.00920195637722],[51.23863767640139,52.03418629693897],[51.28741662702038,52.05322198498561],[51.30526258456472,52.05560144599073],[51.33738530814308,52.06511929001405],[51.390923180774436,52.090103630575896],[51.40519994680924,52.10675985761644],[51.404010216306325,52.12460581516096],[51.406389677312156,52.1376928506925],[51.43137401787311,52.149590155722805],[51.44565078390871,52.18171287930001],[51.44684051441154,52.21145614187386],[51.464686471955176,52.228112368914495],[51.480509202079794,52.24569014829197],[51.54118545772847,52.2611566448304],[51.57925683382219,52.24093122628075],[51.66134823852316,52.20999823320469],[51.77080344479171,52.16121928258508],[51.85527431049851,52.121958175988794],[51.96472951676626,52.064851111849755],[52.07537445353773,52.07793814738218],[52.169363163267754,52.04343596279702],[52.32164866764081,52.05414353732432],[52.3561508522257,52.02677973575647],[52.38827357580406,52.00536458670471],[52.489400668552285,52.00893377821194],[52.53223096665679,52.05414353732432],[52.582199647779404,52.050574345814326],[52.62740940689044,52.055333267826434],[52.67023970499495,52.05295380682034],[52.70712135058567,52.039866771288004],[52.75590030120546,52.02559000525436],[52.85821712445572,52.02083108324136],[52.915324188595825,52.02677973575647],[53.004553976314284,52.050574345814326],[53.03905616089918,52.03272838827069],[53.05928157944847,52.03272838827069],[53.08188645900368,52.01964135273916],[53.14018325364661,52.01964135273916],[53.14970109766984,52.03153865776858],[53.19372112627797,52.02321054424737],[53.26748441745871,52.01726189173226],[53.36385258819457,52.01369270022405],[53.42095965233459,52.01964135273916],[53.48639482999501,52.03034892726468],[53.519707284076986,52.01131323921804],[53.56848623469607,51.986328898658066],[53.61845491581868,52.02559000525436],[53.662474944426805,52.05176407631822],[53.69340793750224,52.070799764364864],[53.7326690440988,52.0838867998964],[53.77430961170039,52.089835452411506],[53.79929395226205,52.11244033196547],[53.8100015267882,52.13980413353332],[53.82308856232017,52.15883982157996],[53.85164209438978,52.1719268571123],[53.86115993841302,52.193342006164144],[53.87305724344279,52.202859850187465],[53.89804158400374,52.20642904169746],[53.93611296009658,52.22189553823411],[53.95276918713802,52.23617230426865],[53.95633837864667,52.263536105836494],[53.975374066693135,52.305176673438794],[54.001548137757005,52.32183290047943],[54.018204364798436,52.364663198583926],[54.024153017312926,52.38607834763756],[54.03248113083324,52.4015448441751],[54.03010166982741,52.41701134071175],[54.03842978334773,52.451513525296825],[54.034860591838985,52.49077463189312],[54.0360503223419,52.51932816396308],[54.046757896868044,52.534794660501596],[54.09196765597909,52.56334819257067],[54.09553684748774,52.580004419611214],[54.08363954245877,52.599040107657856],[54.072931967931915,52.60974768218507],[54.080070350950024,52.62997310073481],[54.072931967931915,52.64900878878145],[54.050327088376704,52.676372590347434],[54.034860591838985,52.71325423593771],[54.003927598762836,52.70611585292049],[53.98965083272803,52.71444396644161],[53.98251244971054,52.72515154096713],[53.95633837864667,52.73704884599646],[53.92659511607335,52.744187229013775],[53.909938889032716,52.765602378067314],[53.88971347048342,52.77274076108463],[53.87543670444862,52.765602378067314],[53.8671085909275,52.77036130007764],[53.86472912992176,52.79415591013728],[53.84807290288113,52.80129429315459],[53.824278292823,52.79653537114248],[53.811191257291114,52.78701752711916],[53.78977610823811,52.785827796616076],[53.76955068968873,52.80486348466369],[53.76717122868298,52.83698620824178],[53.77906853371205,52.863160279306626],[53.77074042019164,52.888144619866594],[53.75884311516267,52.91074949942323],[53.77074042019164,52.94763114501351],[53.77668907270622,52.97142575507039],[53.79572476075259,52.977374407585586],[53.808811796285546,53.003548478649456],[53.82626117699453,53.00315190181577],[53.85124551755601,53.01148001533511],[53.86552228359081,53.02694651187452],[53.86909147509965,53.049551391428395],[53.89645527666625,53.08167411500746],[53.94880341879505,53.082863845511355],[53.998772099917225,53.082863845511355],[54.04993051154231,53.08881249802566],[54.078484043612626,53.09833034204801],[54.13440137724964,53.13045306562707],[54.18437005837181,53.145919562164615],[54.27122038508497,53.17566282473767],[54.297394456148574,53.21135473982575],[54.306912300172336,53.23871854139271],[54.32475825771598,53.26846180396478],[54.3414144847567,53.27678991748599],[54.3283274492249,53.30296398854986],[54.32475825771598,53.33984563414103],[54.31405068318929,53.37315808822221],[54.29263553413753,53.40766027280737],[54.2759793070961,53.39814242878405],[54.272410115587974,53.37672727973042],[54.24385658351757,53.366019705204096],[54.19983655490953,53.39338350677194],[54.14748841278144,53.431454882865225],[54.11655541970591,53.46476733694632],[54.11060676719116,53.49094140801027],[54.09276080964743,53.51235655706293],[54.05230997254823,53.56113550768262],[54.02375644047871,53.56351496868864],[53.99282344740247,53.59682742276981],[53.967839106841694,53.60991445830135],[53.967839106841694,53.63251933785709],[53.93690611376546,53.62062203282767],[53.94761368829214,53.63608852936708],[53.9571315323151,53.659883139424934],[53.92500880873657,53.6848674799858],[53.89050662415221,53.70509289853545],[53.852435248058924,53.67772909696849],[53.82150225498269,53.715800473061776],[53.787000070398236,53.73959508311963],[53.771533573860516,53.75744104066327],[53.75487734681988,53.764579423680495],[53.73346219776723,53.756251310161154],[53.702529204691,53.76338969317838],[53.67754486413031,53.80146106927167],[53.67754486413031,53.81811729631319],[53.65969890658667,53.826445409833504],[53.65018106256299,53.847860558885266],[53.656129715077746,53.8657065164289],[53.64542214055107,53.88474220447644],[53.62043779999047,53.914485467047626],[53.61448914747554,53.94779792112969],[53.59902265093782,53.96564387867333],[53.5704691188675,53.981110375210875],[53.5835561544001,53.988248758229965],[53.57284857987342,54.006094715773514],[53.54786423931203,54.01918175130416],[53.556192352832696,54.03821743935169],[53.540725856294976,54.048925013877124],[53.52525935975726,54.070340162930755],[53.51217232422466,54.10484234751405],[53.49353321301241,54.109733461804346],[53.5066202485443,54.12876914985099],[53.48996402150367,54.152563759908844],[53.48996402150367,54.16921998695126],[53.47806671647469,54.18468648348791],[53.47092833345729,54.21442974606177],[53.4721180639602,54.23941408662174],[53.484015368989176,54.262018966177486],[53.47568725546886,54.29533142025866],[53.48877429100084,54.32745414383773],[53.47687698597178,54.37980228596555],[53.49472294351533,54.41311474004851],[53.504240787538556,54.4476169246318],[53.51375863156179,54.478549917708754],[53.484015368989176,54.509482910784726],[53.47449752496595,54.53684671235169],[53.48282563848626,54.56540024442165],[53.50305105703564,54.584435932468296],[53.55420946866117,54.60228189001104],[53.58276300073087,54.618938117051584],[53.61845491581868,54.64392245761334],[53.63154195135057,54.67604518119241],[53.65414683090578,54.697460330244255],[53.67437224945578,54.712926826781796],[53.673182518952956,54.728393323320226],[53.6838900934791,54.736721436841435],[53.6898387459935,54.74980847237199],[53.67437224945578,54.7664646994144],[53.69221820699933,54.774792812933825],[53.688649015490675,54.80334634500379],[53.673182518952956,54.83546906858285],[53.635111142859316,54.866402061657936],[53.60774734129253,54.86759179216192],[53.606557610789615,54.88900694121368],[53.557778660169916,54.9425448138454],[53.51137917055596,54.96752915440724],[53.5208970145799,54.98061618993779],[53.51137917055596,54.99489295597322],[53.47449752496595,55.00322106949443],[53.45984398950419,55.013365824813604],[53.4435645318898,55.02463621854619],[53.4078726168027,55.03415406256951],[53.3650423186974,55.0317746015635],[53.35195528316551,55.04129244558682],[53.36742177970323,55.05794867262737],[53.34362716964519,55.079363821680104],[53.32340175109581,55.100778970733735],[53.28533037500226,55.12338385028761],[53.26153576494422,55.115055736767296],[53.22465411935341,55.117435197774284],[53.212756814324436,55.092450857212526],[53.19253139577514,55.06508705564468],[53.10211187755377,55.088881665703425],[52.98194909675916,55.04843082860405],[52.80467925182436,55.03772325407772],[52.77612571975475,55.00441079999654],[52.73567488265528,54.9960826864772],[52.65001428644557,54.99489295597322],[52.52271312263347,55.000841608488415],[52.448949831452815,55.000841608488415],[52.41444764686863,54.97704699843056],[52.37042761826051,54.97704699843056],[52.3133205541204,54.92350912579876],[52.29190540506819,54.92350912579876],[52.242593964491036,54.92086907384508],[52.189056091859676,54.91016149931964],[52.126000375204995,54.876849045238465],[52.09744684313539,54.87327985372848],[52.07841115508821,54.88398742825578],[52.09030846011798,54.90064365529632],[52.0914981906209,54.91611015183484],[52.0772214245853,54.935145839881486],[52.0498576230186,54.9291971873654],[52.02606301296048,54.918489612839075],[52.015355438433616,54.90897176881575],[51.99037109787267,54.89826419429032],[51.93802295574422,54.91967934334296],[51.90114131015421,54.941094492394726],[51.894002927136896,54.95418152792715],[51.86782885607223,54.97202748547168],[51.85831101204899,54.98749398200833],[51.8238088274649,54.99344263452255],[51.79168610388566,54.96369937195047],[51.764322302318966,54.945853414406926],[51.758373649804476,54.9291971873654],[51.76313257181605,54.918489612839075],[51.75004553628416,54.91135122982176],[51.71673308220209,54.9291971873654],[51.700076855161456,54.928007456862396],[51.706025507675946,54.87803877574058],[51.68936928063531,54.83163928612609],[51.63821086900978,54.82212144210277],[51.58705245738425,54.81974198109765],[51.558498925314645,54.78999871852557],[51.500202130671624,54.773342491485025],[51.484114740660644,54.78100687978353],[51.45318174758441,54.76791984425111],[51.443663903561266,54.75602253922081],[51.441284442555435,54.77624795777045],[51.428197407023546,54.78814526279987],[51.417489832497395,54.764350652742905],[51.42224875450897,54.741745773185386],[51.3960746834451,54.727469007150845],[51.382987647912415,54.73341765966595],[51.35562384634572,54.735797120672046],[51.36276222936312,54.72389981564263],[51.328260044778936,54.70605385809997],[51.30684489572593,54.71438197161842],[51.26877351963309,54.70129493608689],[51.23308160454528,54.682259248040246],[51.21880483851048,54.666792751501816],[51.195010228452354,54.6656030209997],[51.21642537750465,54.652515985467275],[51.21642537750465,54.64180841094184],[51.22475349102496,54.63585975842673],[51.24140971806551,54.63823921943274],[51.26401459762152,54.654895446473375],[51.27829136365632,54.653705715971256],[51.29137839918821,54.666792751501816],[51.308034626228846,54.662033829490596],[51.32707031427602,54.666792751501816],[51.35324438533989,54.6679824820058],[51.3817979174095,54.68344897854423],[51.419869293503226,54.673931134520906],[51.392505491935644,54.63110083641463],[51.369900612380526,54.61801380088221],[51.32231139226365,54.60849595685889],[51.28899893818247,54.564475928252264],[51.25806594510694,54.5347326656793],[51.25568648410111,54.51450724712868],[51.22951241303654,54.506179133609336],[51.193820497949524,54.494281828579034],[51.16526696587912,54.46691802701296],[51.15099019984422,54.4431234169551],[51.15336966085005,54.42051853740033],[51.17002588789069,54.39791365784459],[51.21047672499007,54.37292931728284],[51.23665079605394,54.36936012577374],[51.27234271114175,54.37768823929494],[51.25687621460403,54.336047671692555],[51.17597454040518,54.31225306163381],[51.128385320289105,54.32652982766923],[51.10459071023027,54.336047671692555],[51.085555022183804,54.37173958677886],[51.05224256810262,54.39672392734061],[51.03320688005536,54.40743150186791],[51.01417119200898,54.42527745941057],[51.012981461506065,54.447882338966316],[51.001084156477006,54.45621045248575],[50.94873601434856,54.45621045248575],[50.91185436875863,54.45145153047453],[50.91542356026729,54.43717476443999],[50.88449056719114,54.43360557293178],[50.8595062266301,54.45977964399573],[50.83571161657206,54.45858991349175],[50.82857323355395,54.4431234169551],[50.810727276010404,54.43955422544511],[50.80596835399874,54.432415842427886],[50.797640240478515,54.43122611192577],[50.78455320494653,54.41456988488514],[50.741722906841325,54.41456988488514],[50.6905644952157,54.4038623103597],[50.659631502140265,54.38958554432338],[50.646544466608376,54.37530877828885],[50.626319048058996,54.37054985627586],[50.61085255152048,54.355083359738316],[50.58348874995379,54.351514168229215],[50.56564279241024,54.337237402194674],[50.50972545877305,54.32296063615925],[50.48355138770918,54.33128874968045],[50.499017884246896,54.352703898733104],[50.4787924656969,54.36103201225254],[50.446669742118544,54.37768823929494],[50.420495671054674,54.41575961538725],[50.4002702525045,54.430036381421786],[50.370526989931975,54.44074395594909],[50.303902081768726,54.44907206946843],[50.26226151416634,54.45383099148054],[50.24084636511413,54.513317516625676],[50.10283762677597,54.518076438638666],[50.05048948464744,54.52521482165598],[50.015987300063344,54.53592239618142],[49.99100295950159,54.521645630147766],[49.97434673246096,54.53116347417109],[49.948172661397095,54.52759428266199],[49.963639157934814,54.54900943171375],[49.84823529915187,54.55257862322196],[49.850614760157605,54.573993772275585],[49.77090281646238,54.587080807807034],[49.72093413534056,54.59421919082435],[49.691190872767244,54.58351161629891],[49.66263734069754,54.573993772275585],[49.606720007060446,54.57756296378371],[49.575787013984915,54.590649999316135],[49.593632971528464,54.60730622635677],[49.609099468066184,54.62515218390129],[49.553182134428994,54.659654368484595],[49.57221782247617,54.67512086502302],[49.54961294292034,54.70367439709298],[49.497264800791896,54.70248466659087],[49.482988034757,54.673931134520906],[49.528197793868046,54.67869005653124],[49.532956715879706,54.648946793959155],[49.4758496517396,54.644187871947935],[49.4270707011199,54.64061868043795],[49.397327438547286,54.63110083641463],[49.36877390647768,54.63942894993485],[49.34141010491019,54.63942894993485],[49.32951279988112,54.652515985467275],[49.30809765082883,54.666792751501816],[49.266457083226534,54.650136524461274],[49.245041934174324,54.653705715971256],[49.229575437636605,54.653705715971256],[49.173658103999415,54.648946793959155],[49.14034564991735,54.652515985467275],[49.11060238734483,54.647757063455174],[49.12130996187097,54.660844098988484],[49.09632562130993,54.672741404016925],[49.061823436725035,54.68344897854423],[49.03564936566126,54.67987978703513],[48.99876772007045,54.682259248040246],[48.96307580498343,54.67155167351392],[48.92857362039845,54.662033829490596],[48.92619415939271,54.68939763105756],[48.90834820184916,54.69534628357178],[48.894071435814354,54.7084333191042],[48.87503574776789,54.71200251061419],[48.866707634247575,54.69177709206357],[48.86372556447361,54.66741535231263],[48.82208499687132,54.63529262873366],[48.774495776755245,54.62696451521245],[48.71500925160931,54.64005155074487],[48.647194612943146,54.65075912527209],[48.57700051327115,54.64600020325909],[48.48896045605561,54.6114980186758],[48.45207881046488,54.588893139119165],[48.44018150543591,54.542493649505566],[48.43542258342425,54.47467901083931],[48.45088907996197,54.4699200888281],[48.5020474915875,54.44850493977536],[48.50561668309624,54.4306589822327],[48.47944261203166,54.41995140770628],[48.46516584599677,54.405674641670856],[48.48420153404324,54.39972598915575],[48.48658099504978,54.380690301109105],[48.50442695259333,54.37474164859577],[48.529411293154276,54.37712110960187],[48.544877789691995,54.37355191809188],[48.54844698120074,54.35808542155523],[48.57937997427698,54.34618811652581],[48.61745135036982,54.35213676904003],[48.665040570486696,54.36284434356635],[48.68407625853307,54.350947038536134],[48.7280962871412,54.33429081149551],[48.71976817362097,54.29621943540222],[48.736424400661605,54.27480428635046],[48.75546008870798,54.25695832880593],[48.74713197518766,54.242681562771395],[48.72452709563254,54.242681562771395],[48.673368684006924,54.26052752031592],[48.647194612943146,54.27004536433835],[48.613882158861074,54.278373477858665],[48.56629293874509,54.29265024389498],[48.535359945668766,54.28432213037378],[48.5103756051079,54.28432213037378],[48.494909108570184,54.26409671182502],[48.48301180354032,54.21769722220964],[48.48539126454695,54.17605665460903],[48.50085776108467,54.158210697064504],[48.54011886768043,54.15107231404728],[48.60317458433493,54.15107231404728],[48.657902187469205,54.1534517750524],[48.69121464155056,54.155831236058496],[48.73999359217026,54.158210697064504],[48.751890897199324,54.15107231404728],[48.75308062770215,54.135605817508846],[48.77568550725816,54.13084689549852],[48.78282389027547,54.10229336342856],[48.83993095441558,54.082067944878915],[48.845879606930154,54.03804791627043],[48.85301798994725,54.00473546219028],[48.8927119535531,53.96954790108428],[48.92959359914294,53.92909706398402],[48.94387036517801,53.89459487939983],[48.97599308875672,53.86961053883897],[48.99740823780919,53.839867276266],[49.0164439258561,53.829159701740565],[49.01882338686166,53.79584724765849],[48.98313147177421,53.78157048162306],[48.96528551423048,53.725653147986144],[48.97123416674559,53.70899692094649],[48.95814713121299,53.69828934641919],[48.91293737210239,53.69234069390497],[48.88081464852368,53.682822849881646],[48.877245457014936,53.66735635334321],[48.88557357053561,53.63404389926203],[48.90460925858172,53.597162253671755],[48.93911144316688,53.57098818260779],[48.9771828192599,53.55076276405815],[49.02596176987915,53.53053734550761],[49.052135840943734,53.51150165746097],[49.07150944861528,53.491631955021134],[49.09649378917703,53.47616545848359],[49.151221392310504,53.45712977043607],[49.22022576147958,53.45118111792087],[49.26543552059063,53.44642219591063],[49.30945554919875,53.435714621383326],[49.34276800328011,53.435714621383326],[49.38559830138532,53.44523246540665],[49.4831562026241,53.44999138741875],[49.540263266764114,53.45237084842396],[49.622354671465175,53.45712977043607],[49.68303092711393,53.45475030942997],[49.76274287080916,53.45475030942997],[49.83412670098407,53.45475030942997],[49.875767268586365,53.45712977043607],[49.9697559783164,53.45118111792087],[50.01734519843327,53.44047354339543],[50.06493441854926,53.425007046857004],[50.117282560677786,53.401212436798254],[50.145836092747395,53.356002677688636],[50.15654366727434,53.31793130159535],[50.14702582325031,53.270342081477764],[50.13393878771842,53.2405988189048],[50.094677681122576,53.21085555633272],[50.05541657452611,53.19181986828519],[49.95904840379025,53.185871215770966],[49.90313107015315,53.190630137783074],[49.837695892492725,53.2096658258306],[49.787727211370026,53.21442474784093],[49.73062014723072,53.203717173315496],[49.64852874252895,53.182302024261865],[49.57595518185113,53.15850741420489],[49.50695081268205,53.14779983967857],[49.46531024508046,53.14898957018069],[49.44508482653117,53.14304091766647],[49.39273668440273,53.14779983967857],[49.359424230320656,53.15612795319791],[49.3273015067423,53.182302024261865],[49.286850669642924,53.190630137783074],[49.26186632908197,53.2060966343215],[49.251158754555824,53.23821935790056],[49.21665656997093,53.25011666292812],[49.108391094206006,53.25368585443722],[49.04533537755141,53.2524961239351],[49.00012561844037,53.23346043588757],[48.96681316435919,53.21918366985392],[48.89304987317845,53.201337712309396],[48.808579007470854,53.187060946274855],[48.71221083673508,53.17159444973643],[48.65153458108623,53.15969714470701],[48.58966859493455,53.16802525822821],[48.55635614085328,53.14779983967857],[48.52661287827996,53.113297655093405],[48.498059346210354,53.070467356989],[48.498059346210354,53.0300165198905],[48.531371800292334,52.98599649128211],[48.57658155940266,52.953873767703044],[48.59204805594038,52.92175104412398],[48.58134048141424,52.89081805104801],[48.54802802733297,52.85512613596162],[48.49686961570744,52.83609044791498],[48.46950581414065,52.82895206489775],[48.42786524653836,52.796829341318684],[48.393363061954176,52.77065527025482],[48.36956845189534,52.729014702652435],[48.35168332626941,52.6985908946472],[48.31361195017577,52.66765790157202],[48.266022730059696,52.65695032704481],[48.24239762647825,52.63423388129376]]]]}},{"type":"Feature","properties":{"kind":"district","id":"uyezd-1897-484","name":"Самарский","provinceId":"gubernia-1897-4"},"geometry":{"type":"MultiPolygon","coordinates":[[[[48.24239762647825,52.63423388129376],[48.26312168861014,52.633810470409095],[48.29643414269221,52.63618993141333],[48.31309036973285,52.64570777543665],[48.32974659677348,52.63500020091121],[48.34283363230537,52.63737966191731],[48.3523514763294,52.65522561945997],[48.36543851186129,52.65284615845574],[48.36900770337004,52.63856939241943],[48.3951817744339,52.64451804493453],[48.41778665398974,52.65641534996395],[48.42492503700723,52.66950238549637],[48.43920180304203,52.67426130750661],[48.45109910807109,52.684968882033026],[48.47489371812904,52.690917534548134],[48.48322183164936,52.6813996905257],[48.49987805869079,52.67902022951969],[48.51296509422268,52.699245648068455],[48.54508781780103,52.698055917566336],[48.54746727880686,52.686158612536914],[48.5641235058483,52.682589421027814],[48.570072158362784,52.689727804045134],[48.5641235058483,52.700435378571456],[48.5641235058483,52.70876349209266],[48.587918115906334,52.7218505276242],[48.59148730741508,52.706384031085676],[48.61647164797594,52.70162510907544],[48.63312787501738,52.693296995554235],[48.65692248507541,52.696866187062355],[48.67476844261896,52.690917534548134],[48.69380413066534,52.699245648068455],[48.70332197468937,52.696866187062355],[48.70213224418646,52.682589421027814],[48.71759874072418,52.6813996905257],[48.74377281178804,52.68020996002181],[48.77470580486428,52.682589421027814],[48.813966911460035,52.689727804045134],[48.84371017403336,52.687348343039034],[48.853228018056505,52.699245648068455],[48.8817815501262,52.693296995554235],[48.8817815501262,52.687348343039034],[48.89486858565809,52.68377915152993],[48.91033508219581,52.67188184650238],[48.913904273705356,52.65998454147305],[48.93412969225464,52.64808723644275],[48.96744214633591,52.63262073990521],[49.00432379192664,52.625482356887886],[49.03763624600791,52.604067207836124],[49.073328161095716,52.60525693833824],[49.1006919626625,52.60525693833824],[49.13400441674448,52.62786181789399],[49.160178487808345,52.630241278899994],[49.170886062334496,52.65046669744973],[49.204198516416476,52.66950238549637],[49.242269892509405,52.6813996905257],[49.26130558055658,52.695676456560236],[49.26844396357398,52.684968882033026],[49.308894800672654,52.67188184650238],[49.35291482928087,52.65165642795185],[49.41002189342088,52.682589421027814],[49.35291482928087,52.72541971913232],[49.36005321229827,52.73493756315653],[49.35529429028661,52.74683486818594],[49.3683813258185,52.756352712209264],[49.38265809185339,52.764680825728604],[49.38503755285913,52.776578130758914],[49.40169377990057,52.79204462729557],[49.42905758146735,52.80751112383311],[49.46474949655436,52.80632139333099],[49.5385127877351,52.82892627288673],[49.631311766963016,52.853910613448576],[49.66343449054137,52.858669535458816],[49.691988022611774,52.855100343950696],[49.78121781033023,52.87651549300246],[49.84546325748765,52.88008468451244],[49.91089843514808,52.893171720043],[49.91922654866839,52.91458686909574],[49.93707250621194,52.91220740808964],[49.96086711626989,52.916966330101744],[49.99655903135779,52.91220740808964],[50.0322509464448,52.9014998335642],[50.063183939521124,52.88841279803178],[50.063183939521124,52.88008468451244],[50.07151205304135,52.87770522350635],[50.082219627567504,52.87889495400846],[50.07746070555593,52.89198198954088],[50.09292720209365,52.88960252853576],[50.107203968129255,52.88365387602066],[50.13456776969595,52.88722306752967],[50.16312130176564,52.88365387602066],[50.20357213886511,52.87532576249945],[50.22974620992889,52.87056684048912],[50.24878189797616,52.87532576249945],[50.2654381250167,52.8634284574719],[50.305888962115375,52.87413603199734],[50.38322144480557,52.88960252853576],[50.43675931743613,52.9003101030612],[50.44475971238577,52.90108890256946],[50.502238559189195,52.938910248267334],[50.52841263025377,52.9662740498343],[50.524843438745116,52.99601731240638],[50.58195050288442,53.00791461743668],[50.63191918400703,53.028140035985444],[50.69378517015871,53.05074491554119],[50.67712894311816,53.06264222057051],[50.68545705663839,53.080488178113264],[50.73066681574952,53.114990362698336],[50.72947708524661,53.1447336252713],[50.81513768145632,53.15306173879251],[50.84963986604042,53.14949254728252],[50.875813937105086,53.191133114884906],[50.89009070313989,53.21730718594877],[50.92816207923282,53.25299910103605],[50.956715611303224,53.25299910103605],[50.98526914337283,53.2756039805918],[51.02215078896356,53.2779834415978],[51.05784270405066,53.282742363609906],[51.05903243455357,53.29582939914233],[51.04118647701002,53.29463966863844],[51.03404809399253,53.30177805165566],[51.0602221650564,53.332711044731724],[51.0959140801443,53.335090505738705],[51.09472434964138,53.34817754127015],[51.106621654670356,53.35888511579559],[51.12089842070516,53.38386945635743],[51.13517518674006,53.39814622239187],[51.13160599523131,53.43026894597094],[51.14945195277486,53.4683403220652],[51.162538988307546,53.496893854135166],[51.167297910319206,53.51830900318604],[51.16967737132495,53.53853442173569],[51.1875233288685,53.55043172676501],[51.18157467635401,53.57184687581864],[51.14707249176903,53.577795528331976],[51.106621654670356,53.590882563865286],[51.07925785310287,53.639661514484985],[51.06260162606223,53.650369089010425],[51.05546324304483,53.662266394038866],[51.053083782038996,53.68725073460061],[51.0257199804723,53.70271723113815],[51.00192537041347,53.70866588365335],[50.97099237733803,53.725322110693895],[50.95790534180614,53.730081032705115],[50.940059384261794,53.75149618175786],[50.99121779588732,53.7741010613136],[51.02928917198096,53.7824291748348],[51.05665297354774,53.791947018858124],[51.07925785310287,53.79075728835414],[51.104242193664525,53.791947018858124],[51.15540060529015,53.83001839495043],[51.13160599523131,53.85381300500829],[51.122088151208075,53.875228154061034],[51.10067300215587,53.888315189593456],[51.05546324304483,53.92638656568674],[51.06379135656515,53.94542225373338],[51.06855027857681,53.963268211276926],[51.05546324304483,53.981114168821456],[51.05427351254191,53.99777039586209],[51.04475566851868,54.01799581441085],[51.04713512952451,54.033462310949275],[51.119708690202245,54.05249799899592],[51.124467612213905,54.06558503452834],[51.12089842070516,54.081051531065],[51.14826222227274,54.09770775810554],[51.1732465628337,54.11436398514795],[51.16610817981629,54.133399673194596],[51.13755464774589,54.13102021218859],[51.129226534225566,54.14529697822215],[51.13160599523131,54.165522396771884],[51.144693030763285,54.184558084818526],[51.178005484845265,54.189317006831516],[51.167297910319206,54.21311161688849],[51.15659033579306,54.22024999990758],[51.15778006629598,54.23452676594203],[51.18157467635401,54.24642407097144],[51.19942063389756,54.273787872538406],[51.16967737132495,54.28330571656173],[51.15183141378149,54.29282356058505],[51.132795725734226,54.29996194360227],[51.12838532028911,54.32652982766922],[51.1045907102303,54.33604767169254],[51.085555022183826,54.37173958677886],[51.0522425681026,54.396723927340645],[51.03320688005539,54.407431501867904],[51.01417119200897,54.42527745941061],[51.01298146150606,54.44788233896634],[51.00108415647702,54.45621045248572],[50.94873601434858,54.45621045248572],[50.91185436875861,54.451451530474515],[50.9154235602673,54.43717476443999],[50.88449056719111,54.43360557293181],[50.85950622663012,54.45977964399572],[50.8357116165721,54.45858991349178],[50.828573233553925,54.44312341695513],[50.81072727601037,54.439554225445136],[50.805968353998765,54.43241584242787],[50.79764024047847,54.43122611192575],[50.78455320494652,54.41456988488517],[50.74172290684129,54.41456988488517],[50.69056449521571,54.40386231035973],[50.65963150214026,54.38958554432338],[50.64654446660836,54.375308778288854],[50.62631904805903,54.37054985627583],[50.61085255152051,54.35508335973827],[50.5834887499538,54.35151416822919],[50.565642792410245,54.33723740219466],[50.50972545877306,54.32296063615922],[50.48355138770921,54.331288749680425],[50.49901788424694,54.352703898733125],[50.47879246569687,54.36103201225251],[50.4466697421185,54.37768823929491],[50.42049567105465,54.41575961538729],[50.40027025250453,54.430036381421814],[50.37052698993199,54.440743955949074],[50.30390208176868,54.44907206946846],[50.26226151416634,54.45383099148054],[50.25825567790666,54.43114074757072],[50.2404097203624,54.4299510170686],[50.232081606841994,54.41924344254219],[50.22970214583625,54.40020775449555],[50.205907535778216,54.39425910198044],[50.182112925720176,54.377602874939804],[50.17140535119332,54.38831044946622],[50.16069777666717,54.38831044946622],[50.15355939364977,54.372843952929564],[50.12381613107725,54.36332610890624],[50.11667774805976,54.354997995385034],[50.10002152101841,54.35142880387593],[50.09645232950967,54.31692661929087],[50.12262640057433,54.30621904476543],[50.15831831566134,54.25506063313972],[50.177354003708516,54.23602494509308],[50.20828699678405,54.19319464698769],[50.19876915276081,54.15393354039229],[50.19282050024633,54.12419027781923],[50.184492386726006,54.09920593725748],[50.19163076974341,54.077790788206606],[50.21423564929853,54.064703752674184],[50.23565079835074,54.046857795129654],[50.2118561882927,54.03020156808911],[50.20233834426947,54.01354534104848],[50.23327133734491,53.986181539480626],[50.215425379801445,53.95286908539945],[50.19282050024633,53.95286908539945],[50.17140535119332,53.91360797880316],[50.18687184773175,53.91598743980926],[50.18687184773175,53.89933121276862],[50.1559388546556,53.8933825602544],[50.12500586158016,53.89100309924741],[50.12381613107725,53.87077768069866],[50.13095451409465,53.85055226214813],[50.149990202141026,53.84341387913081],[50.177354003708516,53.83746522661748],[50.1904410392405,53.826757652090265],[50.205907535778216,53.826757652090265],[50.239219989859485,53.82794738259416],[50.255876216900916,53.812480886055724],[50.27015298293572,53.795824659015096],[50.26063513891249,53.78273762348365],[50.24754810338051,53.7993938505233],[50.22494322382468,53.812480886055724],[50.203528074772386,53.81486034706174],[50.1904410392405,53.8029630420324],[50.159508046164255,53.80415277253452],[50.105970173533606,53.795824659015096],[50.0631398754284,53.78987600649998],[50.02387876883184,53.78868627599787],[50.000084158773895,53.77321977945944],[50.05481176190817,53.748235438897595],[50.06789879744006,53.72801002034884],[50.08693448548643,53.73276894236005],[50.11667774805976,53.71730244582163],[50.159508046164255,53.71254352381041],[50.170215620690406,53.69707702727376],[50.16069777666717,53.670902956208025],[50.13928262761497,53.63996996313294],[50.13333397510039,53.617365083578086],[50.15117993264394,53.60546777854778],[50.18687184773175,53.59476020402234],[50.17497454270278,53.591191012514216],[50.14047235811788,53.57929370748391],[50.15117993264394,53.56501694144937],[50.163077237672915,53.55549909742605],[50.157128585158425,53.540032600887535],[50.1202469395685,53.5328942178712],[50.09645232950967,53.517427721332766],[50.08574475498361,53.504340685800344],[50.0631398754284,53.49125365026882],[50.069088527942974,53.46983850121528],[50.07860637196612,53.451992543672525],[50.09764206001258,53.443664430151316],[50.12143667007142,53.425818472608654],[50.117282560677786,53.401212436798254],[50.145836092747395,53.356002677688636],[50.15654366727434,53.31793130159535],[50.14702582325031,53.270342081477764],[50.13393878771842,53.2405988189048],[50.094677681122576,53.21085555633272],[50.05541657452611,53.19181986828519],[49.95904840379025,53.185871215770966],[49.90313107015315,53.190630137783074],[49.837695892492725,53.2096658258306],[49.787727211370026,53.21442474784093],[49.73062014723072,53.203717173315496],[49.64852874252895,53.182302024261865],[49.57595518185113,53.15850741420489],[49.50695081268205,53.14779983967857],[49.46531024508046,53.14898957018069],[49.44508482653117,53.14304091766647],[49.39273668440273,53.14779983967857],[49.359424230320656,53.15612795319791],[49.3273015067423,53.182302024261865],[49.286850669642924,53.190630137783074],[49.26186632908197,53.2060966343215],[49.251158754555824,53.23821935790056],[49.21665656997093,53.25011666292812],[49.108391094206006,53.25368585443722],[49.04533537755141,53.2524961239351],[49.00012561844037,53.23346043588757],[48.96681316435919,53.21918366985392],[48.89304987317845,53.201337712309396],[48.808579007470854,53.187060946274855],[48.71221083673508,53.17159444973643],[48.65153458108623,53.15969714470701],[48.58966859493455,53.16802525822821],[48.55635614085328,53.14779983967857],[48.52661287827996,53.113297655093405],[48.498059346210354,53.070467356989],[48.498059346210354,53.0300165198905],[48.531371800292334,52.98599649128211],[48.57658155940266,52.953873767703044],[48.59204805594038,52.92175104412398],[48.58134048141424,52.89081805104801],[48.54802802733297,52.85512613596162],[48.49686961570744,52.83609044791498],[48.46950581414065,52.82895206489775],[48.42786524653836,52.796829341318684],[48.393363061954176,52.77065527025482],[48.36956845189534,52.729014702652435],[48.35168332626941,52.6985908946472],[48.31361195017577,52.66765790157202],[48.266022730059696,52.65695032704481],[48.24239762647825,52.63423388129376]]]]}},{"type":"Feature","properties":{"kind":"district","id":"uyezd-1897-485","name":"Бугурусланский","provinceId":"gubernia-1897-4"},"geometry":{"type":"MultiPolygon","coordinates":[[[[51.12838532028911,54.32652982766922],[51.132795725734226,54.29996194360227],[51.15183141378149,54.29282356058505],[51.16967737132495,54.28330571656173],[51.19942063389756,54.273787872538406],[51.18157467635401,54.24642407097144],[51.15778006629598,54.23452676594203],[51.15659033579306,54.22024999990758],[51.167297910319206,54.21311161688849],[51.178005484845265,54.189317006831516],[51.144693030763285,54.184558084818526],[51.13160599523131,54.165522396771884],[51.129226534225566,54.14529697822215],[51.13755464774589,54.13102021218859],[51.16610817981629,54.133399673194596],[51.1732465628337,54.11436398514795],[51.14826222227274,54.09770775810554],[51.12089842070516,54.081051531065],[51.124467612213905,54.06558503452834],[51.119708690202245,54.05249799899592],[51.04713512952451,54.033462310949275],[51.04475566851868,54.01799581441085],[51.05427351254191,53.99777039586209],[51.05546324304483,53.981114168821456],[51.06855027857681,53.963268211276926],[51.06379135656515,53.94542225373338],[51.05546324304483,53.92638656568674],[51.10067300215587,53.888315189593456],[51.122088151208075,53.875228154061034],[51.13160599523131,53.85381300500829],[51.15540060529015,53.83001839495043],[51.104242193664525,53.791947018858124],[51.07925785310287,53.79075728835414],[51.05665297354774,53.791947018858124],[51.02928917198096,53.7824291748348],[50.99121779588732,53.7741010613136],[50.940059384261794,53.75149618175786],[50.95790534180614,53.730081032705115],[50.97099237733803,53.725322110693895],[51.00192537041347,53.70866588365335],[51.0257199804723,53.70271723113815],[51.053083782038996,53.68725073460061],[51.05546324304483,53.662266394038866],[51.06260162606223,53.650369089010425],[51.07925785310287,53.639661514484985],[51.106621654670356,53.590882563865286],[51.14707249176903,53.577795528331976],[51.18157467635401,53.57184687581864],[51.1875233288685,53.55043172676501],[51.16967737132495,53.53853442173569],[51.167297910319206,53.51830900318604],[51.162538988307546,53.496893854135166],[51.14945195277486,53.4683403220652],[51.13160599523131,53.43026894597094],[51.13517518674006,53.39814622239187],[51.12089842070516,53.38386945635743],[51.106621654670356,53.35888511579559],[51.09472434964138,53.34817754127015],[51.0959140801443,53.335090505738705],[51.0602221650564,53.332711044731724],[51.03404809399253,53.30177805165566],[51.04118647701002,53.29463966863844],[51.05903243455357,53.29582939914233],[51.078380292095005,53.310498948402724],[51.09265705812981,53.32001679242418],[51.11288247667919,53.31644760091605],[51.13191816472556,53.317637331419945],[51.147384661264084,53.327155175443266],[51.17236900182503,53.3331038279566],[51.18188684584827,53.348570324495114],[51.19259442037433,53.36046762952445],[51.222337682947646,53.359277899020555],[51.24375283199994,53.36165736002656],[51.258029598034746,53.37355466505598],[51.26516798105215,53.37950331757109],[51.271116633566635,53.39615954461172],[51.28063447759067,53.40805684964016],[51.30561881815153,53.41757469366348],[51.3317928892154,53.41995415466958],[51.36391561279455,53.41281577165227],[51.388899953355505,53.42114388517348],[51.438868634478204,53.44017957322012],[51.46861189705073,53.460404991769764],[51.47456054956522,53.480630410318525],[51.513821656161774,53.4770612188104],[51.51263192565886,53.4306617291968],[51.51501138666469,53.40091846662294],[51.513821656161774,53.367606012541756],[51.51858057817334,53.33548328896269],[51.55546222376407,53.32001679242418],[51.59710279136566,53.30692975689273],[51.61970767092087,53.28075568582975],[51.642312550476696,53.27837622482366],[51.65183039449993,53.27361730281066],[51.67919419606671,53.272427572308544],[51.683953118078286,53.26766865029644],[51.702988806125546,53.27004811130245],[51.693470962101514,53.28194541633276],[51.70655799763421,53.284324877336985],[51.76485479227723,53.27837622482366],[51.78626994132943,53.27956595532577],[51.7981672463584,53.30455029588761],[51.824341317422274,53.30574002638973],[51.85527431049851,53.32120652292816],[51.882638112065294,53.30930921789874],[51.918330027153104,53.31644760091605],[51.96472951676626,53.33667301946659],[52.01826738939762,53.33429355846058],[52.037303077444086,53.34500113298601],[52.08370256705804,53.34143194147691],[52.113445829630564,53.348570324495114],[52.111066368624826,53.32239625343027],[52.15508639723295,53.318827061922065],[52.16817343276484,53.33072436695148],[52.19553723433242,53.32596544493937],[52.209814000367224,53.302170834881515],[52.28238756104496,53.29146326035608],[52.29666432707985,53.27123784180643],[52.31570001512623,53.27004811130245],[52.35139193021413,53.28194541633276],[52.38470438429531,53.30574002638973],[52.413257916365716,53.32239625343027],[52.4477601009499,53.354518977009334],[52.457277944973136,53.34976005499723],[52.435862795920926,53.31287840940695],[52.44419090944125,53.29979137387542],[52.462036866984796,53.31644760091605],[52.507246626095835,53.31287840940695],[52.54412827168656,53.308119487396624],[52.57744072576783,53.32596544493937],[52.611942910352724,53.31406813991093],[52.65001428644557,53.32953463644937],[52.64882455594265,53.30692975689273],[52.6595321304688,53.29979137387542],[52.66072186097171,53.284324877336985],[52.67856781851597,53.266478919794324],[52.68808566253921,53.249822692753696],[52.71782892511173,53.246253501244595],[52.779694911263405,53.24387404023858],[52.817766287357045,53.23554592671738],[52.88082200401093,53.220079430180725],[52.93198041563646,53.211751316659516],[52.95696475619821,53.18914643710377],[53.0057437068172,53.18557724559557],[53.03310750838469,53.167731288052906],[53.07593780648919,53.166541557548925],[53.14256271465244,53.18795670660166],[53.15921894169308,53.18557724559557],[53.22703358035924,53.18438751509345],[53.260346034441305,53.17724913207623],[53.319832559587155,53.154644252520484],[53.34600663065102,53.130849642460845],[53.37812935423008,53.10348584089478],[53.406682886299784,53.079691230836914],[53.45665156742248,53.08207069184212],[53.535173780614706,53.08207069184212],[53.57800407871921,53.07374257832092],[53.66842359694138,53.038050663234614],[53.75884311516267,53.011876592170665],[53.80881179628537,53.003548478649456],[53.82626117699453,53.00315190181577],[53.85124551755601,53.01148001533511],[53.86552228359081,53.02694651187452],[53.86909147509965,53.049551391428395],[53.89645527666625,53.08167411500746],[53.94880341879505,53.082863845511355],[53.998772099917225,53.082863845511355],[54.04993051154231,53.08881249802566],[54.078484043612626,53.09833034204801],[54.13440137724964,53.13045306562707],[54.18437005837181,53.145919562164615],[54.27122038508497,53.17566282473767],[54.297394456148574,53.21135473982575],[54.306912300172336,53.23871854139271],[54.32475825771598,53.26846180396478],[54.3414144847567,53.27678991748599],[54.3283274492249,53.30296398854986],[54.32475825771598,53.33984563414103],[54.31405068318929,53.37315808822221],[54.29263553413753,53.40766027280737],[54.2759793070961,53.39814242878405],[54.272410115587974,53.37672727973042],[54.24385658351757,53.366019705204096],[54.19983655490953,53.39338350677194],[54.14748841278144,53.431454882865225],[54.11655541970591,53.46476733694632],[54.11060676719116,53.49094140801027],[54.09276080964743,53.51235655706293],[54.05230997254823,53.56113550768262],[54.02375644047871,53.56351496868864],[53.99282344740247,53.59682742276981],[53.967839106841694,53.60991445830135],[53.967839106841694,53.63251933785709],[53.93690611376546,53.62062203282767],[53.94761368829214,53.63608852936708],[53.9571315323151,53.659883139424934],[53.92500880873657,53.6848674799858],[53.89050662415221,53.70509289853545],[53.852435248058924,53.67772909696849],[53.82150225498269,53.715800473061776],[53.787000070398236,53.73959508311963],[53.771533573860516,53.75744104066327],[53.75487734681988,53.764579423680495],[53.73346219776723,53.756251310161154],[53.702529204691,53.76338969317838],[53.67754486413031,53.80146106927167],[53.67754486413031,53.81811729631319],[53.65969890658667,53.826445409833504],[53.65018106256299,53.847860558885266],[53.656129715077746,53.8657065164289],[53.64542214055107,53.88474220447644],[53.62043779999047,53.914485467047626],[53.61448914747554,53.94779792112969],[53.59902265093782,53.96564387867333],[53.5704691188675,53.981110375210875],[53.5835561544001,53.988248758229965],[53.57284857987342,54.006094715773514],[53.54786423931203,54.01918175130416],[53.556192352832696,54.03821743935169],[53.540725856294976,54.048925013877124],[53.52525935975726,54.070340162930755],[53.51217232422466,54.10484234751405],[53.49353321301241,54.109733461804346],[53.46141048943406,54.094266965265916],[53.4435645318898,54.06095451118473],[53.41858019132884,54.044298284144105],[53.40430342529395,54.02883178760567],[53.37693962372726,54.018124213080235],[53.36028339668582,54.035970170624765],[53.347196361153934,54.033590709618665],[53.33648878662779,54.01931394358235],[53.316263368078495,54.01098583006301],[53.29841741053415,54.018124213080235],[53.28295091399643,54.01336529106902],[53.240120615891925,54.02288313509234],[53.215136275330266,54.018124213080235],[53.17230597722576,54.000278255535704],[53.17468543823159,53.96577607095152],[53.16040867219599,53.96458634044941],[53.13185514012629,53.97648364547785],[53.09973241654794,53.98957068100938],[53.08545565051234,53.98481175899906],[53.0545226574369,54.01098583006301],[53.00931289832585,54.05143666716141],[52.9771901747475,54.06333397219075],[52.93911879865386,54.05262639766531],[52.904616614069674,54.05976478068262],[52.866545237976126,54.06928262470594],[52.848699280432484,54.094266965265916],[52.802299790818616,54.094266965265916],[52.78326410277215,54.06333397219075],[52.7368646131582,54.06690316369895],[52.710690542094326,54.07523127722016],[52.7023624285741,54.094266965265916],[52.728536499637876,54.12519995834189],[52.68570620153346,54.13471780236618],[52.633358059404934,54.14661510739552],[52.600045605322954,54.1406664548804],[52.576250995264914,54.1406664548804],[52.548887193698135,54.14304591588552],[52.53698988866907,54.1323383413592],[52.520333661627724,54.1323383413592],[52.50962608710158,54.153753490412825],[52.495349321066776,54.17159944795549],[52.46322659748762,54.16803025644728],[52.44419090944125,54.187065944493924],[52.413257916365716,54.20015298002545],[52.40849899435415,54.21561947656389],[52.42396549089187,54.24536273913694],[52.43705252642384,54.266777888189594],[52.431103873909265,54.28224438472811],[52.40849899435415,54.29176222875143],[52.37399680976925,54.29652115076264],[52.34068435568798,54.29414168975566],[52.32045893713789,54.29414168975566],[52.2990437880856,54.28938276774534],[52.284767022050794,54.28105465422413],[52.25859295098692,54.277485462716],[52.22765995791069,54.262018966177486],[52.22052157489328,54.25131139165116],[52.197916695338165,54.23941408662174],[52.19077831232076,54.2310859731024],[52.18126046829682,54.226327051090294],[52.15508639723295,54.25488058316026],[52.12772259566617,54.25963950517148],[52.090840950075446,54.27510600170902],[52.06823607052032,54.27153681020081],[52.02183658090637,54.28819303724144],[51.9611603252576,54.3107979167971],[51.93141706268499,54.30365953377987],[51.900484069608844,54.30960818629409],[51.88144838156238,54.30009034227077],[51.8338591614455,54.31317737780319],[51.777941827809116,54.32031576082042],[51.742249912721306,54.331023335345854],[51.700609345119716,54.33459252685593],[51.688712040089946,54.314367108305305],[51.67205581304931,54.28700330673932],[51.65302012500285,54.279864923722016],[51.61732820991504,54.28938276774534],[51.59472333035991,54.29533142025866],[51.58044656432511,54.332213065849835],[51.56498006778739,54.347679562388265],[51.53999572722564,54.348869292890384],[51.51620111716751,54.32864387434162],[51.490027046103734,54.32031576082042],[51.47099135805647,54.32031576082042],[51.42578159894623,54.33935144886706],[51.413884293917256,54.35957686741679],[51.39722806687582,54.36790498093703],[51.39246914486425,54.388130399486755],[51.39246914486425,54.410735279041525],[51.371053995811955,54.414304470550626],[51.35677722977715,54.396458513007964],[51.34131073323863,54.396458513007964],[51.32465450619809,54.398837974012196],[51.30204962664288,54.388130399486755],[51.27234271114179,54.37768823929491],[51.25687621460406,54.33604767169254],[51.17597454040515,54.31225306163378],[51.12838532028911,54.32652982766922]]]]}},{"type":"Feature","properties":{"kind":"district","id":"uyezd-1897-486","name":"Новоузенский","provinceId":"gubernia-1897-4"},"geometry":{"type":"MultiPolygon","coordinates":[[[[48.81737841427477,50.20929135865935],[48.798342726228306,50.223568124693],[48.77604629532167,50.244410440541316],[48.75582087677238,50.2717742421073],[48.74511330224623,50.305086696190344],[48.72369815319403,50.36100402982717],[48.69752408212945,50.4157316329611],[48.68562677710039,50.45023381754528],[48.69514462112362,50.464510583580704],[48.68562677710039,50.49901276816578],[48.686816507603304,50.539463605264274],[48.67610893307715,50.57158632884334],[48.67729866358007,50.60370905242231],[48.66421162804809,50.619175548958964],[48.64398620949809,50.62274474046895],[48.62257106044579,50.6358317759996],[48.595207258879014,50.65367773354413],[48.617812138434225,50.66795449957955],[48.64398620949809,50.67509288259677],[48.65707324503078,50.66081611656135],[48.6725397415685,50.66081611656135],[48.71537003967291,50.633452314994386],[48.74392357174341,50.616796087953844],[48.78794360035074,50.625124201473184],[48.821256054432716,50.619175548958964],[48.83672255097052,50.620365279462945],[48.84980958650241,50.61560635744986],[48.886691232093135,50.620365279462945],[48.95688533176513,50.64534962002292],[49.01042320439649,50.67271342159077],[49.06039188551839,50.708405336677956],[49.0960838006062,50.74885617377636],[49.128206524184556,50.790496741378746],[49.16508816977528,50.795255663389966],[49.207918467879786,50.79644539389395],[49.2590768795054,50.79882485489995],[49.276922837048865,50.82261946495781],[49.32332232666282,50.82856811747301],[49.368532085773865,50.835706500489344],[49.429208341422715,50.851172997027774],[49.44586456846326,50.87377787658352],[49.449433759972,50.89638275613926],[49.43753645494294,50.90590060016258],[49.424449419411054,50.96181793379853],[49.388757504323245,51.001079040394906],[49.3923266958319,51.02606338095666],[49.41255211438128,51.0450990690033],[49.43753645494294,51.05104772151841],[49.43634672444003,51.07603206207838],[49.426828880416885,51.098636941634126],[49.44110564645169,51.11291370766867],[49.45419268198358,51.10815478565745],[49.46727971751555,51.11172397716566],[49.46371052600681,51.13670831772741],[49.479177022544526,51.14146723973863],[49.498212710591794,51.13789804822953],[49.52081759014683,51.12124182118898],[49.57197600177244,51.12362128219597],[49.612426838871116,51.12362128219597],[49.675482555525704,51.12362128219597],[49.7385382721803,51.12362128219597],[49.77660964827314,51.12362128219597],[49.80754264134938,51.13313912621929],[49.81825021587552,51.14027750923651],[49.85275240046042,51.1783488853298],[49.881305932530026,51.19500511237034],[49.90866973409681,51.21047160890886],[49.93127461365273,51.22831756645152],[49.957448684716596,51.23902514097794],[49.983622755780374,51.24973271550515],[50.02288386237693,51.25806082902458],[50.08712930953444,51.27590678656911],[50.139477451662884,51.28423490008845],[50.19182559379062,51.29137328310567],[50.22275858686677,51.29137328310567],[50.24893265793063,51.296132205117864],[50.27272726798947,51.311598701656294],[50.2893834950301,51.3175473541714],[50.33340352363743,51.34015223372537],[50.37147489973116,51.35680846076592],[50.43334088588275,51.38655172333986],[50.467843070466934,51.404397680882525],[50.501155524549,51.399638758872285],[50.54517555315633,51.390120914848964],[50.579677737741314,51.37346468780832],[50.62250803584652,51.37941334032254],[50.66057941193945,51.38060307082466],[50.672476716968426,51.3972592978653],[50.68913294400906,51.404397680882525],[50.734342703120106,51.404397680882525],[50.74861946915491,51.407966872391626],[50.76289623519051,51.44246905697669],[50.802157341786355,51.45436636200611],[50.71292755406781,51.45674582301123],[50.65344102892196,51.46031501452122],[50.6355950713785,51.45912528401733],[50.52970905661861,51.45912528401733],[50.470222531472764,51.46150474502333],[50.3524392116847,51.46269447552545],[50.319126757602625,51.45674582301123],[50.19182559379062,51.46507393653155],[50.137097990657054,51.471022589046655],[50.06571416048223,51.474591780555755],[49.981243294774636,51.487678816087296],[49.921756769629496,51.4936274686024],[49.79207614481166,51.50790423463694],[49.65882632848507,51.52099127016847],[49.56721707976007,51.534078305700895],[49.52081759014683,51.548355071736324],[49.492264058076415,51.561442107268746],[49.460141334498154,51.57095995129207],[49.39946507884939,51.56977022078809],[49.32570178766865,51.56858049028597],[49.2864406810729,51.57333941229719],[49.212677389891354,51.57214968179418],[49.072289190547366,51.57333941229719],[48.90334745913377,51.57690860380531],[48.82720470694729,51.58047779531539],[48.74868249375498,51.58761617833261],[48.69157542961487,51.58761617833261],[48.62138132994288,51.58642644782863],[48.553566691276714,51.59237510034383],[48.497649357639524,51.59118536984171],[48.441732024002334,51.59951348336105],[48.34893304477522,51.60070321386503],[48.282308136611974,51.60427240537315],[48.226390802974784,51.61022105788835],[48.03365446150306,51.61379024939647],[47.95751170931667,51.61497997989859],[47.90516356718813,51.626877284928895],[47.72789372225342,51.634015667946215],[47.50303465720263,51.64591297297554],[47.31862642925043,51.65543081699886],[47.20917122298268,51.617359440905574],[47.20917122298268,51.60784159688225],[47.160392272362984,51.59594429185195],[47.160392272362984,51.58523671732651],[47.18180742141599,51.57571887330319],[47.00096838497253,51.545975610730224],[46.997399193463785,51.53764749720902],[46.958138086867315,51.545975610730224],[46.94386132083251,51.557872915758665],[46.90816940574541,51.554303724251426],[46.91173859725407,51.57809833430929],[46.90816940574541,51.58880590883473],[46.88794398719532,51.56858049028597],[46.87842614317209,51.57571887330319],[46.8367855755705,51.56263183777086],[46.79871419947686,51.557872915758665],[46.78324770293914,51.574529142801076],[46.765401745395685,51.56501129877687],[46.738037943828104,51.57928806481141],[46.70829468125558,51.60070321386503],[46.65951573063579,51.626877284928895],[46.62858273756035,51.64829243398164],[46.642859503595155,51.65543081699886],[46.665464383150365,51.6720870440395],[46.67022330516194,51.68755354057792],[46.66427465264745,51.70064057610848],[46.653567078121306,51.710158420131805],[46.65424253925073,51.731616348358344],[46.628068468186065,51.73875473137557],[46.617360893660006,51.758980149926195],[46.59118682259614,51.76849799394952],[46.57334086505179,51.77682610746886],[46.53764894996478,51.77801583797195],[46.46983431129862,51.762549341435296],[46.42581428269049,51.758980149926195],[46.397260750620795,51.76611853294342],[46.36275856603581,51.753031497411975],[46.36156883553289,51.74351365338768],[46.341343416983605,51.72209850433502],[46.31397961541691,51.7090114688026],[46.30089257988493,51.673319553715416],[46.281856891837755,51.65547359617267],[46.25568282077389,51.64238656064025],[46.24021632423617,51.60193572354095],[46.19619629562804,51.54720812040614],[46.16645303305543,51.5305518933656],[46.09863839438927,51.521034049342276],[46.05461836578114,51.515085396828944],[46.01416752868167,51.485342134255],[46.005839415161354,51.44608102765871],[45.999890762646864,51.3973020770391],[45.97847561359466,51.36993827547303],[45.93564531548936,51.36636908396393],[45.90471232241392,51.33900528239608],[45.88448690386454,51.32353878585943],[45.87377932933768,51.29736471479556],[45.82975930073027,51.29736471479556],[45.82143118721004,51.25453441668928],[45.82143118721004,51.22598088461932],[45.82817299339287,51.189745512389024],[45.85315733395382,51.14810494478664],[45.89122871004746,51.112413029699354],[45.93762819966142,51.08980815014361],[45.98759688078323,51.06482380958275],[46.01020176033924,51.035080547009784],[46.013770951847896,50.9958194404135],[46.02566825687696,50.96845563884742],[46.055411519449486,50.93633291526836],[46.07444720749666,50.89707180867207],[46.070878015988,50.8601901630809],[46.0637396329698,50.814980403970395],[46.05779098045522,50.79118579391253],[46.03042717888853,50.77809875838011],[45.98997634178906,50.77928848888409],[45.95428442670205,50.795944715924634],[45.91145412859684,50.819739325982496],[45.8448292204335,50.80665229045096],[45.77939404277308,50.79237552441465],[45.73061509215418,50.76977064486077],[45.700871829580855,50.737647921281706],[45.69492317706628,50.71147385021775],[45.71514859561566,50.69957654518842],[45.74370212768607,50.679351126638686],[45.749650780200554,50.64009002004151],[45.73656374466858,50.60677756596033],[45.77463512076151,50.581793225400354],[45.81508595786098,50.56275753735371],[45.8448292204335,50.53777319679196],[45.86148544747485,50.51516831723622],[45.86386490848068,50.48542505466325],[45.88409032703006,50.46400990561051],[45.90365752816313,50.43343615384022],[45.91418574663554,50.47020301155503],[45.92846251267034,50.45711597602438],[45.94511873971177,50.41904459993021],[45.93679062619137,50.37859376283083],[45.94987766172335,50.34885050025786],[45.96058523624941,50.33933265623454],[45.948687931220434,50.3202969681879],[45.94987766172335,50.30007154963825],[45.97843119379296,50.294122897124026],[45.99270795982776,50.32267642919399],[46.00698472586336,50.3202969681879],[46.01769230038951,50.30007154963825],[46.0379177189388,50.30007154963825],[46.04624583245912,50.31791750718278],[46.0736096340259,50.31315858517067],[46.10692208810788,50.30602020215336],[46.12952696766309,50.326245620703986],[46.14499346420161,50.314348315674565],[46.17116753526539,50.32981481221122],[46.19972106733508,50.31910723768489],[46.24850001795478,50.314348315674565],[46.24850001795478,50.326245620703986],[46.297278968574574,50.325055890200005],[46.31036600410655,50.310779124164576],[46.33178115315876,50.310779124164576],[46.37580118176688,50.2822255920955],[46.41863147987139,50.27627693958039],[46.42458013238587,50.245343946504335],[46.42220067138004,50.20727257041202],[46.47335908300566,50.20132391789683],[46.5185688421167,50.19299580437651],[46.530466147145674,50.17514984683296],[46.554260757203714,50.18109849934807],[46.568537523239314,50.171580655324746],[46.57805536726255,50.14183739275178],[46.5959013248061,50.09186871162819],[46.60184997732058,50.056176796540996],[46.62564458737862,50.03833083899825],[46.6458700059288,50.02167461195771],[46.66133650246652,49.99906973240196],[46.67799272950707,50.006208115419184],[46.69345922604479,50.002638923911064],[46.72320248861811,50.05141787453067],[46.75532521219655,50.06212544905611],[46.78387874426696,50.066884371067324],[46.8219501203598,50.079971406600635],[46.84455499991492,50.074022754085526],[46.85407284393895,50.084730328611855],[46.88024691500273,50.082350867604866],[46.901662064055024,50.08592005911397],[46.924266943610945,50.07878167609665],[46.945682092663155,50.093058442131195],[46.9563896671893,50.09543790313729],[46.961148589200874,50.084730328611855],[46.98256373825317,50.088299520119975],[46.99208158227711,50.06926383207333],[47.00754807881483,50.076402215090646],[47.03848107189027,50.063315179558224],[47.06465514295493,50.05498706603888],[47.07893190898974,50.05974598805001],[47.09915732753903,50.072833023581545],[47.12176220709424,50.07878167609665],[47.15983358318779,50.12042224369904],[47.18005900173717,50.138268201241786],[47.196715228777805,50.13350927923057],[47.24430444889468,50.13350927923057],[47.30260124353761,50.13945793174568],[47.33829315862471,50.12518116571114],[47.37041588220377,50.09900709464728],[47.39064130075315,50.074022754085526],[47.39064130075315,50.06093571855399],[47.41681537181782,50.055662715460095],[47.43228186835554,50.037816757915564],[47.46559432243672,50.031868105401344],[47.4715429749513,50.01640160886292],[47.48819920199264,50.00807349534349],[47.49890677651879,49.99379672930904],[47.545306266131945,49.98784807679384],[47.59289548624882,49.959294544723875],[47.60836198278654,49.94144858717935],[47.62501820982797,49.93549993466602],[47.63810524535986,49.92003343812759],[47.654761472400494,49.91765397712149],[47.650002550388834,49.891479906057626],[47.634536053851114,49.883151792536424],[47.63810524535986,49.84389068594191],[47.65357174189758,49.84270095543802],[47.66427931642373,49.8379420334268],[47.657140933406325,49.82247553688926],[47.660710124914985,49.812957692864956],[47.65595120290341,49.80225011833952],[47.680935543464365,49.78797335230321],[47.68688419597885,49.795111735322294],[47.69402257899705,49.78083496928687],[47.70354042302019,49.78916308280621],[47.72733503307832,49.78083496928687],[47.728524763581234,49.77012739476046],[47.74161179911312,49.76536847274835],[47.749939912633444,49.77964523878378],[47.770165331183534,49.76774793375445],[47.7963394022474,49.76774793375445],[47.808236707276464,49.75823008973113],[47.8034777852648,49.734435479673266],[47.81775455129961,49.724917635649945],[47.841549161358444,49.724917635649945],[47.84868754437584,49.71539979162662],[47.86177457990773,49.72253817464385],[47.86653350191939,49.71183060011752],[47.87605134594263,49.71302033061964],[47.880810267954196,49.72253817464385],[47.89746649499483,49.726107366152064],[47.89746649499483,49.71421006112264],[47.90698433901886,49.71896898313484],[47.914122722036176,49.71302033061964],[47.916502183042006,49.70350248659632],[47.93315841008264,49.70469221709932],[47.94386598460879,49.68803599005878],[47.94743517611754,49.660672188491816],[47.934348140585556,49.652344074972476],[47.94862490662045,49.64163650044517],[47.95933248114651,49.642826230949154],[47.96885032516974,49.62854946491275],[47.95457355913485,49.62735973441064],[47.95695302014068,49.608324046364],[47.94386598460879,49.61308296837521],[47.9379173320943,49.60713431586011],[47.95100436762619,49.60237539384889],[47.94743517611754,49.59047808881947],[47.958142750643596,49.57739105328891],[47.96647086416391,49.57739105328891],[47.97004005567257,49.59404728032955],[47.98312709120535,49.573821861778924],[47.97598870818794,49.55597590423626],[47.98907574371983,49.54526832970896],[47.98193736070243,49.53575048568653],[47.958142750643596,49.54407859920596],[47.955763289637765,49.53812994669174],[47.967660594666825,49.52980183317231],[47.96171194215234,49.52504291115932],[47.94386598460879,49.52980183317231],[47.936727601591386,49.5238531806572],[47.95338382863202,49.508386684118676],[47.965281133660994,49.513145606129896],[47.97836816919377,49.48578180456293],[47.992644935228576,49.48816126556992],[48.00454224025755,49.504817492610556],[48.01287035377787,49.504817492610556],[48.01762927578953,49.49410991808414],[48.027147119812675,49.490540726576015],[48.031906041824335,49.48102288255269],[48.0152498147837,49.47745369104359],[48.031906041824335,49.46912557752239],[48.027147119812675,49.46079746400305],[48.00454224025755,49.45841800299695],[47.998593587743066,49.43819258444633],[47.987886013216915,49.428674740423006],[47.974798977685026,49.43938231495031],[47.962901672655256,49.43938231495031],[47.96409140315817,49.427485009920005],[47.97836816919377,49.41558770489245],[47.96885032516974,49.40369039986312],[47.97449666311099,49.3967893201574],[47.9795578996966,49.3906033643307],[47.99740385724015,49.3906033643307],[48.011680623274955,49.36918821527708],[48.024767658806844,49.36799848477496],[48.021198467298184,49.35610117974554],[48.027147119812675,49.350152527230435],[48.049751999368596,49.35134225773432],[48.03785469433882,49.39893147785004],[48.034285502830166,49.421536357405785],[48.04499307735702,49.46436665551029],[48.07354660942663,49.517904528142],[48.100910410993414,49.53931967719563],[48.138981787087054,49.5643040177556],[48.18062235468855,49.59285754982557],[48.21750400027936,49.60951377686611],[48.27104187291072,49.62260081239853],[48.30792351850065,49.642826230949154],[48.325769476045,49.67019003251514],[48.35789219962335,49.729676557661165],[48.391204653704534,49.76417874224624],[48.412619802757625,49.77488631677167],[48.4602090228737,49.79154254381231],[48.47805498041796,49.820096075882276],[48.49828039896734,49.85459826046734],[48.5161263565108,49.86768529599976],[48.57085395964508,49.880772331532185],[48.63271994579675,49.89861828907485],[48.69696539295426,49.92003343812759],[48.75764164860302,49.94144858717935],[48.81117952123358,49.956915083717874],[48.8623379328592,49.99141726830294],[48.92539364951379,50.031868105401344],[48.92088496802883,50.04391881875379],[48.897090357969994,50.05224693227322],[48.89352116646125,50.074851811828964],[48.86734709539747,50.106974535407936],[48.82213733628643,50.10816426591005],[48.79001461270808,50.10816426591005],[48.807860570251535,50.12363076244857],[48.81142976176028,50.14147671999309],[48.82808598880083,50.17003025206306],[48.81737841427477,50.20929135865935]]]]}},{"type":"Feature","properties":{"kind":"district","id":"uyezd-1897-792","name":"Ставропольский","provinceId":"gubernia-1897-4"},"geometry":{"type":"MultiPolygon","coordinates":[[[[48.866707634247575,54.69177709206357],[48.86372556447361,54.66741535231263],[48.82208499687132,54.63529262873366],[48.774495776755245,54.62696451521245],[48.71500925160931,54.64005155074487],[48.647194612943146,54.65075912527209],[48.57700051327115,54.64600020325909],[48.48896045605561,54.6114980186758],[48.45207881046488,54.588893139119165],[48.44018150543591,54.542493649505566],[48.43542258342425,54.47467901083931],[48.45088907996197,54.4699200888281],[48.5020474915875,54.44850493977536],[48.50561668309624,54.4306589822327],[48.47944261203166,54.41995140770628],[48.46516584599677,54.405674641670856],[48.48420153404324,54.39972598915575],[48.48658099504978,54.380690301109105],[48.50442695259333,54.37474164859577],[48.529411293154276,54.37712110960187],[48.544877789691995,54.37355191809188],[48.54844698120074,54.35808542155523],[48.57937997427698,54.34618811652581],[48.61745135036982,54.35213676904003],[48.665040570486696,54.36284434356635],[48.68407625853307,54.350947038536134],[48.7280962871412,54.33429081149551],[48.71976817362097,54.29621943540222],[48.736424400661605,54.27480428635046],[48.75546008870798,54.25695832880593],[48.74713197518766,54.242681562771395],[48.72452709563254,54.242681562771395],[48.673368684006924,54.26052752031592],[48.647194612943146,54.27004536433835],[48.613882158861074,54.278373477858665],[48.56629293874509,54.29265024389498],[48.535359945668766,54.28432213037378],[48.5103756051079,54.28432213037378],[48.494909108570184,54.26409671182502],[48.48301180354032,54.21769722220964],[48.48539126454695,54.17605665460903],[48.50085776108467,54.158210697064504],[48.54011886768043,54.15107231404728],[48.60317458433493,54.15107231404728],[48.657902187469205,54.1534517750524],[48.69121464155056,54.155831236058496],[48.73999359217026,54.158210697064504],[48.751890897199324,54.15107231404728],[48.75308062770215,54.135605817508846],[48.77568550725816,54.13084689549852],[48.78282389027547,54.10229336342856],[48.83993095441558,54.082067944878915],[48.845879606930154,54.03804791627043],[48.85301798994747,54.004735462189245],[48.8927119535531,53.96954790108428],[48.92959359914294,53.92909706398402],[48.94387036517801,53.89459487939983],[48.97599308875672,53.86961053883897],[48.99740823780919,53.839867276266],[49.0164439258561,53.829159701740565],[49.01882338686166,53.79584724765849],[48.98313147177421,53.78157048162306],[48.96528551423048,53.725653147986144],[48.97123416674559,53.70899692094649],[48.95814713121299,53.69828934641919],[48.91293737210239,53.69234069390497],[48.88081464852368,53.682822849881646],[48.877245457014936,53.66735635334321],[48.88557357053561,53.63404389926203],[48.90460925858172,53.597162253671755],[48.93911144316688,53.57098818260779],[48.9771828192599,53.55076276405815],[49.02596176987915,53.53053734550761],[49.05213584094364,53.51150165746097],[49.07150944861528,53.491631955021134],[49.09649378917703,53.47616545848359],[49.151221392310504,53.45712977043607],[49.22022576147958,53.45118111792087],[49.26543552059063,53.44642219591063],[49.30945554919875,53.435714621383326],[49.34276800328011,53.435714621383326],[49.38559830138532,53.44523246540665],[49.4831562026241,53.44999138741875],[49.540263266764114,53.45237084842396],[49.622354671465175,53.45712977043607],[49.68303092711393,53.45475030942997],[49.76274287080916,53.45475030942997],[49.83412670098407,53.45475030942997],[49.875767268586365,53.45712977043607],[49.9697559783164,53.45118111792087],[50.01734519843327,53.44047354339543],[50.06493441854926,53.425007046857004],[50.117282560677786,53.401212436798254],[50.12143667007142,53.425818472608654],[50.09764206001258,53.443664430151316],[50.07860637196612,53.451992543672525],[50.069088527942974,53.46983850121528],[50.0631398754284,53.49125365026882],[50.08574475498361,53.504340685800344],[50.09645232950967,53.517427721332766],[50.1202469395685,53.5328942178712],[50.157128585158425,53.540032600887535],[50.163077237672915,53.55549909742605],[50.15117993264394,53.56501694144937],[50.14047235811788,53.57929370748391],[50.17497454270278,53.591191012514216],[50.18687184773175,53.59476020402234],[50.15117993264394,53.60546777854778],[50.13333397510039,53.617365083578086],[50.13928262761497,53.63996996313294],[50.16069777666717,53.670902956208025],[50.170215620690406,53.69707702727376],[50.159508046164255,53.71254352381041],[50.11667774805976,53.71730244582163],[50.08693448548643,53.73276894236005],[50.06789879744006,53.72801002034884],[50.05481176190817,53.748235438897595],[50.000084158773895,53.77321977945944],[50.02387876883184,53.78868627599787],[50.0631398754284,53.78987600649998],[50.105970173533606,53.795824659015096],[50.159508046164255,53.80415277253452],[50.1904410392405,53.8029630420324],[50.203528074772386,53.81486034706174],[50.22494322382468,53.812480886055724],[50.24754810338051,53.7993938505233],[50.26063513891249,53.78273762348365],[50.27015298293572,53.795824659015096],[50.255876216900916,53.812480886055724],[50.239219989859485,53.82794738259416],[50.205907535778216,53.826757652090265],[50.1904410392405,53.826757652090265],[50.177354003708516,53.83746522661748],[50.149990202141026,53.84341387913081],[50.13095451409465,53.85055226214813],[50.12381613107725,53.87077768069866],[50.12500586158016,53.89100309924741],[50.1559388546556,53.8933825602544],[50.18687184773175,53.89933121276862],[50.18687184773175,53.91598743980926],[50.17140535119332,53.91360797880316],[50.19282050024633,53.95286908539945],[50.215425379801445,53.95286908539945],[50.23327133734491,53.986181539480626],[50.20233834426947,54.01354534104848],[50.2118561882927,54.03020156808911],[50.23565079835074,54.046857795129654],[50.21423564929853,54.064703752674184],[50.19163076974341,54.077790788206606],[50.184492386726006,54.09920593725748],[50.19282050024633,54.12419027781923],[50.19876915276081,54.15393354039229],[50.20828699678405,54.19319464698769],[50.177354003708516,54.23602494509308],[50.15831831566134,54.25506063313972],[50.12262640057433,54.30621904476543],[50.09645232950967,54.31692661929087],[50.10002152101841,54.35142880387593],[50.11667774805976,54.354997995385034],[50.12381613107725,54.36332610890624],[50.15355939364977,54.372843952929564],[50.16069777666717,54.38831044946622],[50.17140535119332,54.38831044946622],[50.182112925720176,54.377602874939804],[50.205907535778216,54.39425910198044],[50.22970214583625,54.40020775449555],[50.232081606841994,54.41924344254219],[50.2404097203624,54.4299510170686],[50.25825567790666,54.43114074757072],[50.26226151416634,54.45383099148054],[50.24084636511413,54.513317516625676],[50.10283762677597,54.518076438638666],[50.05048948464744,54.52521482165598],[50.015987300063344,54.53592239618142],[49.99100295950159,54.521645630147766],[49.97434673246096,54.53116347417109],[49.948172661397095,54.52759428266199],[49.963639157934814,54.54900943171375],[49.84823529915187,54.55257862322196],[49.850614760157605,54.573993772275585],[49.77090281646238,54.587080807807034],[49.72093413534056,54.59421919082435],[49.691190872767244,54.58351161629891],[49.66263734069754,54.573993772275585],[49.606720007060446,54.57756296378371],[49.575787013984915,54.590649999316135],[49.593632971528464,54.60730622635677],[49.609099468066184,54.62515218390129],[49.553182134428994,54.659654368484595],[49.57221782247617,54.67512086502302],[49.54961294292034,54.70367439709298],[49.497264800791896,54.70248466659087],[49.482988034757,54.673931134520906],[49.528197793868046,54.67869005653124],[49.532956715879706,54.648946793959155],[49.4758496517396,54.644187871947935],[49.4270707011199,54.64061868043795],[49.397327438547286,54.63110083641463],[49.36877390647768,54.63942894993485],[49.34141010491019,54.63942894993485],[49.32951279988112,54.652515985467275],[49.30809765082883,54.666792751501816],[49.266457083226534,54.650136524461274],[49.245041934174324,54.653705715971256],[49.229575437636605,54.653705715971256],[49.173658103999415,54.648946793959155],[49.14034564991735,54.652515985467275],[49.11060238734483,54.647757063455174],[49.12130996187097,54.660844098988484],[49.09632562130993,54.672741404016925],[49.061823436725035,54.68344897854423],[49.03564936566126,54.67987978703513],[48.99876772007045,54.682259248040246],[48.96307580498343,54.67155167351392],[48.92857362039845,54.662033829490596],[48.92619415939271,54.68939763105756],[48.90834820184916,54.69534628357178],[48.894071435814354,54.7084333191042],[48.87503574776789,54.71200251061419],[48.866707634247575,54.69177709206357]]]]}},{"type":"Feature","properties":{"kind":"district","id":"uyezd-1897-799","name":"Николаевский","provinceId":"gubernia-1897-4"},"geometry":{"type":"MultiPolygon","coordinates":[[[[50.802157341786355,51.45436636200611],[50.819852539375255,51.461925925037576],[50.85435472395944,51.445269697997034],[50.91265151860237,51.47501296056912],[50.91027205759663,51.50475622314208],[50.8864774475385,51.55948382627591],[50.8864774475385,51.57851951432353],[50.87339041200581,51.620160081924055],[50.85673418496518,51.630867656451265],[50.822232000381085,51.6451444224858],[50.760366014229405,51.685595259585185],[50.735381673668456,51.71295906115215],[50.730622751656085,51.758168820262654],[50.73300221266182,51.79861965736106],[50.77702224127004,51.82241426742078],[50.82580119188974,51.849778068986765],[50.88052879502401,51.87714187055461],[50.93525639815758,51.89617755860037],[50.966189391233726,51.90569540262369],[50.98522507928019,51.919972168659115],[51.001881306320826,51.94376677871698],[51.01972726386518,51.9509051617342],[51.04352187392321,51.9544743532433],[51.09468028554874,51.9544743532433],[51.12799273963001,51.96875111927872],[51.12799273963001,52.01990953090443],[51.16725384622648,52.01753006989843],[51.21008414433098,52.00920195637722],[51.23863767640139,52.03418629693897],[51.28741662702038,52.05322198498561],[51.30526258456472,52.05560144599073],[51.33738530814308,52.06511929001405],[51.390923180774436,52.090103630575896],[51.40519994680924,52.10675985761644],[51.404010216306325,52.12460581516096],[51.406389677312156,52.1376928506925],[51.43137401787311,52.149590155722805],[51.44565078390871,52.18171287930001],[51.44684051441154,52.21145614187386],[51.464686471955176,52.228112368914495],[51.46706593296092,52.2792707805402],[51.46349674145226,52.31853188713649],[51.43494320938257,52.33756757518313],[51.406389677312156,52.35779299373278],[51.38973345027152,52.381587603789754],[51.35166207417788,52.398243830830296],[51.300503662553155,52.395864369826064],[51.2469657899217,52.4125205968667],[51.21246360533681,52.40895140535671],[51.170823037735225,52.43631520692456],[51.13037220063584,52.450591972959],[51.10062893806323,52.48390442704019],[51.060178100963846,52.51602715061925],[51.01853753336226,52.53149364715679],[50.98998400129185,52.550529335204416],[50.93882558966624,52.55766771822164],[50.89242610005308,52.56718556224496],[50.84364714943329,52.5826520587825],[50.817473078369424,52.604067207836124],[50.81628334786651,52.62786181789399],[50.79605792931642,52.65403588895785],[50.77226331925838,52.67188184650238],[50.766314666743895,52.692107265052115],[50.75679682272066,52.70400457007967],[50.77107358875546,52.71352241410299],[50.775832510767124,52.73612729365864],[50.76750439724681,52.765870556232585],[50.73776113467429,52.81583923735431],[50.709207602603875,52.86223872696792],[50.671136226510946,52.87532576249945],[50.62116754538833,52.893171720043],[50.57119886426563,52.91339713859362],[50.44475971238577,52.90108890256946],[50.43675931743613,52.9003101030612],[50.38322144480557,52.88960252853576],[50.305888962115375,52.87413603199734],[50.2654381250167,52.8634284574719],[50.24878189797616,52.87532576249945],[50.22974620992889,52.87056684048912],[50.20357213886511,52.87532576249945],[50.16312130176564,52.88365387602066],[50.13456776969595,52.88722306752967],[50.107203968129255,52.88365387602066],[50.09292720209365,52.88960252853576],[50.07746070555593,52.89198198954088],[50.082219627567504,52.87889495400846],[50.07151205304135,52.87770522350635],[50.063183939521124,52.88008468451244],[50.063183939521124,52.88841279803178],[50.0322509464448,52.9014998335642],[49.99655903135779,52.91220740808964],[49.96086711626989,52.916966330101744],[49.93707250621194,52.91220740808964],[49.91922654866839,52.91458686909574],[49.91089843514808,52.893171720043],[49.84546325748765,52.88008468451244],[49.78121781033023,52.87651549300246],[49.691988022611774,52.855100343950696],[49.66343449054137,52.858669535458816],[49.631311766963016,52.853910613448576],[49.5385127877351,52.82892627288673],[49.46474949655436,52.80632139333099],[49.42905758146735,52.80751112383311],[49.40169377990057,52.79204462729557],[49.38503755285913,52.776578130758914],[49.38265809185339,52.764680825728604],[49.3683813258185,52.756352712209264],[49.35529429028661,52.74683486818594],[49.36005321229827,52.73493756315653],[49.35291482928087,52.72541971913232],[49.41002189342088,52.682589421027814],[49.35291482928087,52.65165642795185],[49.308894800672654,52.67188184650238],[49.26844396357398,52.684968882033026],[49.26130558055658,52.695676456560236],[49.242269892509405,52.6813996905257],[49.204198516416476,52.66950238549637],[49.170886062334496,52.65046669744973],[49.160178487808345,52.630241278899994],[49.13400441674448,52.62786181789399],[49.1006919626625,52.60525693833824],[49.073328161095716,52.60525693833824],[49.03763624600791,52.604067207836124],[49.00432379192664,52.625482356887886],[48.96744214633591,52.63262073990521],[48.93412969225464,52.64808723644275],[48.913904273705356,52.65998454147305],[48.91033508219581,52.67188184650238],[48.89486858565809,52.68377915152993],[48.8817815501262,52.687348343039034],[48.8817815501262,52.693296995554235],[48.853228018056505,52.699245648068455],[48.84371017403336,52.687348343039034],[48.813966911460035,52.689727804045134],[48.77470580486428,52.682589421027814],[48.74377281178804,52.68020996002181],[48.71759874072418,52.6813996905257],[48.70213224418646,52.682589421027814],[48.70332197468937,52.696866187062355],[48.69380413066534,52.699245648068455],[48.67476844261896,52.690917534548134],[48.65692248507541,52.696866187062355],[48.63312787501738,52.693296995554235],[48.61647164797594,52.70162510907544],[48.59148730741508,52.706384031085676],[48.587918115906334,52.7218505276242],[48.5641235058483,52.70876349209266],[48.5641235058483,52.700435378571456],[48.570072158362784,52.689727804045134],[48.5641235058483,52.682589421027814],[48.54746727880686,52.686158612536914],[48.54508781780103,52.698055917566336],[48.51296509422268,52.699245648068455],[48.49987805869079,52.67902022951969],[48.48322183164936,52.6813996905257],[48.47489371812904,52.690917534548134],[48.45109910807109,52.684968882033026],[48.43920180304203,52.67426130750661],[48.42492503700723,52.66950238549637],[48.41778665398974,52.65641534996395],[48.3951817744339,52.64451804493453],[48.36900770337004,52.63856939241943],[48.36543851186129,52.65284615845574],[48.3523514763294,52.65522561945997],[48.34283363230537,52.63737966191731],[48.32974659677348,52.63500020091121],[48.31309036973285,52.64570777543665],[48.29643414269221,52.63618993141333],[48.26312168861014,52.633810470409095],[48.24239762647825,52.63423388129376],[48.23508973698346,52.62720706447184],[48.19463889988479,52.58318703586522],[48.189879977873126,52.54630539027494],[48.19939782189645,52.51418266669499],[48.1958286303877,52.48919832613501],[48.1815518643529,52.48562913462591],[48.15061887127657,52.48800859563201],[48.14704967976792,52.46302425507017],[48.15537779328823,52.426142609479],[48.177982672843356,52.41543503495356],[48.19106970837604,52.39996853841514],[48.172034020328866,52.37260473684906],[48.13515237473885,52.35713824031063],[48.09708099864521,52.32263605572556],[48.04473285651757,52.291703062650384],[48.01498959394424,52.284564679633164],[47.984056600868804,52.239354920522565],[47.95312360779257,52.206042466441474],[47.930518728237445,52.17510947336453],[47.88887816063506,52.16083270732999],[47.85318624554805,52.152504593808786],[47.8139251389515,52.1227613312367],[47.787751067887626,52.08587968564642],[47.76157699682385,52.053756962068334],[47.72588508173595,52.02520342999739],[47.69287726829504,52.019531130063996],[47.65718535320794,52.02904897408732],[47.61078586359398,52.05998196716426],[47.575093948506975,52.0766381942049],[47.552489068951054,52.079017655210016],[47.49776146581749,52.06474088917548],[47.443033862683215,52.039756548613724],[47.37759868502288,52.02072086056708],[47.29074835831025,51.99454678950224],[47.25267698221661,51.98145975397071],[47.239589946684724,51.95766514391285],[47.21460560612377,51.94457810838051],[47.16939584701273,51.94576783888352],[47.11704770488419,51.919593767818675],[47.07183794577395,51.8946094272587],[47.002833576604075,51.8422612851291],[46.91836271089728,51.79586179551639],[46.83627130619631,51.774446646464625],[46.78035397255912,51.744703383890766],[46.72324690841981,51.73518553986834],[46.69112418484066,51.73280607886224],[46.65424253925073,51.731616348358344],[46.653567078121306,51.710158420131805],[46.66427465264745,51.70064057610848],[46.67022330516194,51.68755354057792],[46.665464383150365,51.6720870440395],[46.642859503595155,51.65543081699886],[46.62858273756035,51.64829243398164],[46.65951573063579,51.626877284928895],[46.70829468125558,51.60070321386503],[46.738037943828104,51.57928806481141],[46.765401745395685,51.56501129877687],[46.78324770293914,51.574529142801076],[46.79871419947686,51.557872915758665],[46.8367855755705,51.56263183777086],[46.87842614317209,51.57571887330319],[46.88794398719532,51.56858049028597],[46.90816940574541,51.58880590883473],[46.91173859725407,51.57809833430929],[46.90816940574541,51.554303724251426],[46.94386132083251,51.557872915758665],[46.958138086867315,51.545975610730224],[46.997399193463785,51.53764749720902],[47.00096838497253,51.545975610730224],[47.18180742141599,51.57571887330319],[47.160392272362984,51.58523671732651],[47.160392272362984,51.59594429185195],[47.20917122298268,51.60784159688225],[47.20917122298268,51.617359440905574],[47.31862642925043,51.65543081699886],[47.50303465720263,51.64591297297554],[47.72789372225342,51.634015667946215],[47.90516356718813,51.626877284928895],[47.95751170931667,51.61497997989859],[48.03365446150306,51.61379024939647],[48.226390802974784,51.61022105788835],[48.282308136611974,51.60427240537315],[48.34893304477522,51.60070321386503],[48.441732024002334,51.59951348336105],[48.497649357639524,51.59118536984171],[48.553566691276714,51.59237510034383],[48.62138132994288,51.58642644782863],[48.69157542961487,51.58761617833261],[48.74868249375498,51.58761617833261],[48.82720470694729,51.58047779531539],[48.90334745913377,51.57690860380531],[49.072289190547366,51.57333941229719],[49.212677389891354,51.57214968179418],[49.2864406810729,51.57333941229719],[49.32570178766865,51.56858049028597],[49.39946507884939,51.56977022078809],[49.460141334498154,51.57095995129207],[49.492264058076415,51.561442107268746],[49.52081759014683,51.548355071736324],[49.56721707976007,51.534078305700895],[49.65882632848507,51.52099127016847],[49.79207614481166,51.50790423463694],[49.921756769629496,51.4936274686024],[49.981243294774636,51.487678816087296],[50.06571416048223,51.474591780555755],[50.137097990657054,51.471022589046655],[50.19182559379062,51.46507393653155],[50.319126757602625,51.45674582301123],[50.3524392116847,51.46269447552545],[50.470222531472764,51.46150474502333],[50.52970905661861,51.45912528401733],[50.6355950713785,51.45912528401733],[50.65344102892196,51.46031501452122],[50.71292755406781,51.45674582301123],[50.802157341786355,51.45436636200611]]]]}},{"type":"Feature","properties":{"kind":"district","id":"uyezd-1897-800","name":"Бугульминский","provinceId":"gubernia-1897-4"},"geometry":{"type":"MultiPolygon","coordinates":[[[[51.27234271114179,54.37768823929491],[51.30204962664288,54.388130399486755],[51.32465450619809,54.398837974012196],[51.34131073323863,54.396458513007964],[51.35677722977715,54.396458513007964],[51.371053995811955,54.414304470550626],[51.39246914486425,54.410735279041525],[51.39246914486425,54.388130399486755],[51.39722806687582,54.36790498093703],[51.413884293917256,54.35957686741679],[51.42578159894623,54.33935144886706],[51.47099135805647,54.32031576082042],[51.490027046103734,54.32031576082042],[51.51620111716751,54.32864387434162],[51.53999572722564,54.348869292890384],[51.56498006778739,54.347679562388265],[51.58044656432511,54.332213065849835],[51.59472333035991,54.29533142025866],[51.61732820991504,54.28938276774534],[51.65302012500285,54.279864923722016],[51.67205581304931,54.28700330673932],[51.688712040089946,54.314367108305305],[51.700609345119716,54.33459252685593],[51.742249912721306,54.331023335345854],[51.777941827809116,54.32031576082042],[51.8338591614455,54.31317737780319],[51.88144838156238,54.30009034227077],[51.900484069608844,54.30960818629409],[51.93141706268499,54.30365953377987],[51.9611603252576,54.3107979167971],[52.02183658090637,54.28819303724144],[52.06823607052032,54.27153681020081],[52.090840950075446,54.27510600170902],[52.12772259566617,54.25963950517148],[52.15508639723295,54.25488058316026],[52.18126046829682,54.226327051090294],[52.19077831232076,54.2310859731024],[52.197916695338165,54.23941408662174],[52.22052157489328,54.25131139165116],[52.22765995791069,54.262018966177486],[52.25859295098692,54.277485462716],[52.284767022050794,54.28105465422413],[52.2990437880856,54.28938276774534],[52.32045893713789,54.29414168975566],[52.34068435568798,54.29414168975566],[52.37399680976925,54.29652115076264],[52.40849899435415,54.29176222875143],[52.431103873909265,54.28224438472811],[52.43705252642384,54.266777888189594],[52.42396549089187,54.24536273913694],[52.40849899435415,54.21561947656389],[52.413257916365716,54.20015298002545],[52.44419090944125,54.187065944493924],[52.46322659748762,54.16803025644728],[52.495349321066776,54.17159944795549],[52.50962608710158,54.153753490412825],[52.520333661627724,54.1323383413592],[52.53698988866907,54.1323383413592],[52.548887193698135,54.14304591588552],[52.576250995264914,54.1406664548804],[52.600045605322954,54.1406664548804],[52.633358059404934,54.14661510739552],[52.68570620153346,54.13471780236618],[52.728536499637876,54.12519995834189],[52.7023624285741,54.094266965265916],[52.710690542094326,54.07523127722016],[52.7368646131582,54.06690316369895],[52.78326410277215,54.06333397219075],[52.802299790818616,54.094266965265916],[52.848699280432484,54.094266965265916],[52.866545237976126,54.06928262470594],[52.904616614069674,54.05976478068262],[52.93911879865386,54.05262639766531],[52.9771901747475,54.06333397219075],[53.00931289832585,54.05143666716141],[53.0545226574369,54.01098583006301],[53.08545565051234,53.98481175899906],[53.09973241654794,53.98957068100938],[53.13185514012629,53.97648364547785],[53.16040867219599,53.96458634044941],[53.17468543823159,53.96577607095152],[53.17230597722576,54.000278255535704],[53.215136275330266,54.018124213080235],[53.240120615891925,54.02288313509234],[53.28295091399643,54.01336529106902],[53.29841741053415,54.018124213080235],[53.316263368078495,54.01098583006301],[53.33648878662779,54.01931394358235],[53.347196361153934,54.033590709618665],[53.36028339668582,54.035970170624765],[53.37693962372726,54.018124213080235],[53.40430342529395,54.02883178760567],[53.41858019132884,54.044298284144105],[53.4435645318898,54.06095451118473],[53.46141048943406,54.094266965265916],[53.49353321301241,54.109733461804346],[53.5066202485443,54.12876914985099],[53.48996402150367,54.152563759908844],[53.48996402150367,54.16921998695126],[53.47806671647469,54.18468648348791],[53.47092833345729,54.21442974606177],[53.4721180639602,54.23941408662174],[53.484015368989176,54.262018966177486],[53.47568725546886,54.29533142025866],[53.48877429100084,54.32745414383773],[53.47687698597178,54.37980228596555],[53.49472294351533,54.41311474004851],[53.504240787538556,54.4476169246318],[53.51375863156179,54.478549917708754],[53.484015368989176,54.509482910784726],[53.47449752496595,54.53684671235169],[53.48282563848626,54.56540024442165],[53.50305105703564,54.584435932468296],[53.55420946866117,54.60228189001104],[53.58276300073087,54.618938117051584],[53.61845491581868,54.64392245761334],[53.63154195135057,54.67604518119241],[53.65414683090578,54.697460330244255],[53.67437224945578,54.712926826781796],[53.673182518952956,54.728393323320226],[53.6838900934791,54.736721436841435],[53.6898387459935,54.74980847237199],[53.67437224945578,54.7664646994144],[53.69221820699933,54.774792812933825],[53.688649015490675,54.80334634500379],[53.673182518952956,54.83546906858285],[53.635111142859316,54.866402061657936],[53.60774734129253,54.86759179216192],[53.606557610789615,54.88900694121368],[53.557778660169916,54.9425448138454],[53.51137917055596,54.96752915440724],[53.5208970145799,54.98061618993779],[53.51137917055596,54.99489295597322],[53.47449752496595,55.00322106949443],[53.45984398950419,55.013365824813604],[53.4435645318898,55.02463621854619],[53.4078726168027,55.03415406256951],[53.3650423186974,55.0317746015635],[53.35195528316551,55.04129244558682],[53.36742177970323,55.05794867262737],[53.34362716964519,55.079363821680104],[53.32340175109581,55.100778970733735],[53.28533037500226,55.12338385028761],[53.26153576494422,55.115055736767296],[53.22465411935341,55.117435197774284],[53.212756814324436,55.092450857212526],[53.19253139577514,55.06508705564468],[53.10211187755377,55.088881665703425],[52.98194909675916,55.04843082860405],[52.80467925182436,55.03772325407772],[52.77612571975475,55.00441079999654],[52.73567488265528,54.9960826864772],[52.65001428644557,54.99489295597322],[52.52271312263347,55.000841608488415],[52.448949831452815,55.000841608488415],[52.41444764686863,54.97704699843056],[52.37042761826051,54.97704699843056],[52.3133205541204,54.92350912579876],[52.29190540506819,54.92350912579876],[52.242593964491036,54.92086907384508],[52.189056091859676,54.91016149931964],[52.126000375204995,54.876849045238465],[52.09744684313539,54.87327985372848],[52.07841115508821,54.88398742825578],[52.09030846011798,54.90064365529632],[52.0914981906209,54.91611015183484],[52.0772214245853,54.935145839881486],[52.0498576230186,54.9291971873654],[52.02606301296048,54.918489612839075],[52.015355438433616,54.90897176881575],[51.99037109787267,54.89826419429032],[51.93802295574422,54.91967934334296],[51.90114131015421,54.941094492394726],[51.894002927136896,54.95418152792715],[51.86782885607223,54.97202748547168],[51.85831101204899,54.98749398200833],[51.8238088274649,54.99344263452255],[51.79168610388566,54.96369937195047],[51.764322302318966,54.945853414406926],[51.758373649804476,54.9291971873654],[51.76313257181605,54.918489612839075],[51.75004553628416,54.91135122982176],[51.71673308220209,54.9291971873654],[51.700076855161456,54.928007456862396],[51.706025507675946,54.87803877574058],[51.68936928063531,54.83163928612609],[51.63821086900978,54.82212144210277],[51.58705245738425,54.81974198109765],[51.558498925314645,54.78999871852557],[51.500202130671624,54.773342491485025],[51.48411474066069,54.78100687978349],[51.45318174758444,54.76791984425108],[51.44366390356123,54.756022539220794],[51.4412844425554,54.776247957770465],[51.428197407023504,54.788145262799844],[51.41748983249738,54.764350652742905],[51.422248754508985,54.74174577318536],[51.396074683445136,54.72746900715083],[51.382987647912444,54.733417659665974],[51.35562384634568,54.73579712067203],[51.36276222936311,54.72389981564265],[51.32826004477897,54.70605385809995],[51.30684489572593,54.71438197161842],[51.2687735196331,54.701294936086924],[51.23308160454525,54.68225924804028],[51.21880483851044,54.666792751501816],[51.19501022845236,54.6656030209997],[51.216425377504606,54.65251598546729],[51.216425377504606,54.64180841094185],[51.224753491024956,54.635859758426705],[51.24140971806554,54.63823921943276],[51.2640145976215,54.65489544647335],[51.27829136365631,54.65370571597123],[51.291378399188204,54.666792751501816],[51.308034626228846,54.66203382949061],[51.32707031427606,54.666792751501816],[51.353244385339906,54.667982482005755],[51.38179791740953,54.68344897854422],[51.41986929350321,54.6739311345209],[51.39250549193565,54.63110083641459],[51.36990061238055,54.61801380088218],[51.32231139226366,54.60849595685886],[51.28899893818243,54.56447592825225],[51.25806594510698,54.53473266567926],[51.25568648410115,54.51450724712868],[51.22951241303656,54.506179133609294],[51.1938204979495,54.494281828579005],[51.165266965879084,54.46691802701298],[51.150990199844216,54.44312341695513],[51.153369660850046,54.42051853740031],[51.17002588789069,54.39791365784458],[51.21047672499009,54.3729293172828],[51.23665079605394,54.36936012577371],[51.27234271114179,54.37768823929491]]]]}},{"type":"Feature","properties":{"kind":"district","id":"uyezd-1897-801","name":"Бузулукский","provinceId":"gubernia-1897-4"},"geometry":{"type":"MultiPolygon","coordinates":[[[[51.464686471955176,52.228112368914495],[51.480509202079794,52.24569014829197],[51.54118545772847,52.2611566448304],[51.57925683382219,52.24093122628075],[51.66134823852316,52.20999823320469],[51.77080344479171,52.16121928258508],[51.85527431049851,52.121958175988794],[51.96472951676626,52.064851111849755],[52.07537445353773,52.07793814738218],[52.169363163267754,52.04343596279702],[52.32164866764081,52.05414353732432],[52.3561508522257,52.02677973575647],[52.38827357580406,52.00536458670471],[52.489400668552285,52.00893377821194],[52.53223096665679,52.05414353732432],[52.582199647779404,52.050574345814326],[52.62740940689044,52.055333267826434],[52.67023970499495,52.05295380682034],[52.70712135058567,52.039866771288004],[52.75590030120546,52.02559000525436],[52.85821712445572,52.02083108324136],[52.915324188595825,52.02677973575647],[53.004553976314284,52.050574345814326],[53.03905616089918,52.03272838827069],[53.05928157944847,52.03272838827069],[53.08188645900368,52.01964135273916],[53.14018325364661,52.01964135273916],[53.14970109766984,52.03153865776858],[53.19372112627797,52.02321054424737],[53.26748441745871,52.01726189173226],[53.36385258819457,52.01369270022405],[53.42095965233459,52.01964135273916],[53.48639482999501,52.03034892726468],[53.519707284076986,52.01131323921804],[53.56848623469607,51.986328898658066],[53.61845491581868,52.02559000525436],[53.662474944426805,52.05176407631822],[53.69340793750224,52.070799764364864],[53.7326690440988,52.0838867998964],[53.77430961170039,52.089835452411506],[53.79929395226205,52.11244033196547],[53.8100015267882,52.13980413353332],[53.82308856232017,52.15883982157996],[53.85164209438978,52.1719268571123],[53.86115993841302,52.193342006164144],[53.87305724344279,52.202859850187465],[53.89804158400374,52.20642904169746],[53.93611296009658,52.22189553823411],[53.95276918713802,52.23617230426865],[53.95633837864667,52.263536105836494],[53.975374066693135,52.305176673438794],[54.001548137757005,52.32183290047943],[54.018204364798436,52.364663198583926],[54.024153017312926,52.38607834763756],[54.03248113083324,52.4015448441751],[54.03010166982741,52.41701134071175],[54.03842978334773,52.451513525296825],[54.034860591838985,52.49077463189312],[54.0360503223419,52.51932816396308],[54.046757896868044,52.534794660501596],[54.09196765597909,52.56334819257067],[54.09553684748774,52.580004419611214],[54.08363954245877,52.599040107657856],[54.072931967931915,52.60974768218507],[54.080070350950024,52.62997310073481],[54.072931967931915,52.64900878878145],[54.050327088376704,52.676372590347434],[54.034860591838985,52.71325423593771],[54.003927598762836,52.70611585292049],[53.98965083272803,52.71444396644161],[53.98251244971054,52.72515154096713],[53.95633837864667,52.73704884599646],[53.92659511607335,52.744187229013775],[53.909938889032716,52.765602378067314],[53.88971347048342,52.77274076108463],[53.87543670444862,52.765602378067314],[53.8671085909275,52.77036130007764],[53.86472912992176,52.79415591013728],[53.84807290288113,52.80129429315459],[53.824278292823,52.79653537114248],[53.811191257291114,52.78701752711916],[53.78977610823811,52.785827796616076],[53.76955068968873,52.80486348466369],[53.76717122868298,52.83698620824178],[53.77906853371205,52.863160279306626],[53.77074042019164,52.888144619866594],[53.75884311516267,52.91074949942323],[53.77074042019164,52.94763114501351],[53.77668907270622,52.97142575507039],[53.79572476075259,52.977374407585586],[53.80881179628537,53.003548478649456],[53.75884311516267,53.011876592170665],[53.66842359694138,53.038050663234614],[53.57800407871921,53.07374257832092],[53.535173780614706,53.08207069184212],[53.45665156742248,53.08207069184212],[53.406682886299784,53.079691230836914],[53.37812935423008,53.10348584089478],[53.34600663065102,53.130849642460845],[53.319832559587155,53.154644252520484],[53.260346034441305,53.17724913207623],[53.22703358035924,53.18438751509345],[53.15921894169308,53.18557724559557],[53.14256271465244,53.18795670660166],[53.07593780648919,53.166541557548925],[53.03310750838469,53.167731288052906],[53.0057437068172,53.18557724559557],[52.95696475619821,53.18914643710377],[52.93198041563646,53.211751316659516],[52.88082200401093,53.220079430180725],[52.817766287357045,53.23554592671738],[52.779694911263405,53.24387404023858],[52.71782892511173,53.246253501244595],[52.68808566253921,53.249822692753696],[52.67856781851597,53.266478919794324],[52.66072186097171,53.284324877336985],[52.6595321304688,53.29979137387542],[52.64882455594265,53.30692975689273],[52.65001428644557,53.32953463644937],[52.611942910352724,53.31406813991093],[52.57744072576783,53.32596544493937],[52.54412827168656,53.308119487396624],[52.507246626095835,53.31287840940695],[52.462036866984796,53.31644760091605],[52.44419090944125,53.29979137387542],[52.435862795920926,53.31287840940695],[52.457277944973136,53.34976005499723],[52.4477601009499,53.354518977009334],[52.413257916365716,53.32239625343027],[52.38470438429531,53.30574002638973],[52.35139193021413,53.28194541633276],[52.31570001512623,53.27004811130245],[52.29666432707985,53.27123784180643],[52.28238756104496,53.29146326035608],[52.209814000367224,53.302170834881515],[52.19553723433242,53.32596544493937],[52.16817343276484,53.33072436695148],[52.15508639723295,53.318827061922065],[52.111066368624826,53.32239625343027],[52.113445829630564,53.348570324495114],[52.08370256705804,53.34143194147691],[52.037303077444086,53.34500113298601],[52.01826738939762,53.33429355846058],[51.96472951676626,53.33667301946659],[51.918330027153104,53.31644760091605],[51.882638112065294,53.30930921789874],[51.85527431049851,53.32120652292816],[51.824341317422274,53.30574002638973],[51.7981672463584,53.30455029588761],[51.78626994132943,53.27956595532577],[51.76485479227723,53.27837622482366],[51.70655799763421,53.284324877336985],[51.693470962101514,53.28194541633276],[51.702988806125546,53.27004811130245],[51.683953118078286,53.26766865029644],[51.67919419606671,53.272427572308544],[51.65183039449993,53.27361730281066],[51.642312550476696,53.27837622482366],[51.61970767092087,53.28075568582975],[51.59710279136566,53.30692975689273],[51.55546222376407,53.32001679242418],[51.51858057817334,53.33548328896269],[51.513821656161774,53.367606012541756],[51.51501138666469,53.40091846662294],[51.51263192565886,53.4306617291968],[51.513821656161774,53.4770612188104],[51.47456054956522,53.480630410318525],[51.46861189705073,53.460404991769764],[51.438868634478204,53.44017957322012],[51.388899953355505,53.42114388517348],[51.36391561279455,53.41281577165227],[51.3317928892154,53.41995415466958],[51.30561881815153,53.41757469366348],[51.28063447759067,53.40805684964016],[51.271116633566635,53.39615954461172],[51.26516798105215,53.37950331757109],[51.258029598034746,53.37355466505598],[51.24375283199994,53.36165736002656],[51.222337682947646,53.359277899020555],[51.19259442037433,53.36046762952445],[51.18188684584827,53.348570324495114],[51.17236900182503,53.3331038279566],[51.147384661264084,53.327155175443266],[51.13191816472556,53.317637331419945],[51.11288247667919,53.31644760091605],[51.09265705812981,53.32001679242418],[51.078380292095005,53.310498948402724],[51.05903243455357,53.29582939914233],[51.05784270405066,53.282742363609906],[51.02215078896356,53.2779834415978],[50.98526914337283,53.2756039805918],[50.956715611303224,53.25299910103605],[50.92816207923282,53.25299910103605],[50.89009070313989,53.21730718594877],[50.875813937105086,53.191133114884906],[50.84963986604042,53.14949254728252],[50.81513768145632,53.15306173879251],[50.72947708524661,53.1447336252713],[50.73066681574952,53.114990362698336],[50.68545705663839,53.080488178113264],[50.67712894311816,53.06264222057051],[50.69378517015871,53.05074491554119],[50.63191918400703,53.028140035985444],[50.58195050288442,53.00791461743668],[50.524843438745116,52.99601731240638],[50.52841263025377,52.9662740498343],[50.502238559189195,52.938910248267334],[50.44475971238577,52.90108890256946],[50.57119886426563,52.91339713859362],[50.62116754538833,52.893171720043],[50.671136226510946,52.87532576249945],[50.709207602603875,52.86223872696792],[50.73776113467429,52.81583923735431],[50.76750439724681,52.765870556232585],[50.775832510767124,52.73612729365864],[50.77107358875546,52.71352241410299],[50.75679682272066,52.70400457007967],[50.766314666743895,52.692107265052115],[50.77226331925838,52.67188184650238],[50.79605792931642,52.65403588895785],[50.81628334786651,52.62786181789399],[50.817473078369424,52.604067207836124],[50.84364714943329,52.5826520587825],[50.89242610005308,52.56718556224496],[50.93882558966624,52.55766771822164],[50.98998400129185,52.550529335204416],[51.01853753336226,52.53149364715679],[51.060178100963846,52.51602715061925],[51.10062893806323,52.48390442704019],[51.13037220063584,52.450591972959],[51.170823037735225,52.43631520692456],[51.21246360533681,52.40895140535671],[51.2469657899217,52.4125205968667],[51.300503662553155,52.395864369826064],[51.35166207417788,52.398243830830296],[51.38973345027152,52.381587603789754],[51.406389677312156,52.35779299373278],[51.43494320938257,52.33756757518313],[51.46349674145226,52.31853188713649],[51.46706593296092,52.2792707805402],[51.464686471955176,52.228112368914495]]]]}}]}
