{"type":"FeatureCollection","features":[{"type":"Feature","properties":{"kind":"province","id":"gubernia-1897-47","name":"Костромская губерния"},"geometry":{"type":"MultiPolygon","coordinates":[[[[42.900823251683505,56.81015469486256],[42.91913979753733,56.80269239840252],[42.956021443127966,56.80507185940861],[42.98100578368866,56.82172808644916],[43.03097446481162,56.81577943393583],[43.12972209655349,56.824107547455256],[43.15351670661162,56.84552269650889],[43.16422428113821,56.86693784555976],[43.221331345277875,56.86812757606366],[43.24769636074328,56.856744352116024],[43.26673204878983,56.81034486250154],[43.29409585035714,56.7984475574731],[43.31908019091871,56.81153459300454],[43.33335695695361,56.83651893356638],[43.364289950029224,56.84960596909782],[43.42615593618055,56.860313543624244],[43.43567378020458,56.87221084865455],[43.46779650378275,56.871021118151454],[43.503488418870035,56.88529788418599],[43.48802192233258,56.89243626720233],[43.497539766355814,56.90790276374085],[43.521334376414025,56.90909249424385],[43.553457099993,56.938835756816815],[43.57606197954786,56.937646026313814],[43.62008200815589,56.97928659391531],[43.63911769620245,56.97928659391531],[43.665291767266496,56.99713255145886],[43.702173412857036,56.99713255145886],[43.7140707178861,56.953112522852244],[43.79021347007311,56.89243626720233],[43.83780269018955,56.91385141625595],[43.83542322918372,56.936456295810814],[43.816387541137075,56.938835756816815],[43.80924915811967,56.944784409332016],[43.79259293107894,56.948353600840136],[43.80330050560474,56.962630366875565],[43.822336193651296,56.97928659391531],[43.812818349627975,56.98642497693342],[43.815197810633805,57.00189147347194],[43.82709511566296,57.012599047998265],[43.83780269018955,57.03877311906125],[43.83066430717206,57.05067042409155],[43.834233498680355,57.06732665113121],[43.83780269018955,57.08279314766973],[43.89015083231746,57.08279314766973],[43.937740052434684,57.074465034148524],[43.97105250651613,57.06137799861788],[44.05433364171975,57.07803422565851],[44.11976881938017,57.08993153068784],[44.11976881938017,57.11015694923758],[44.113820166866034,57.12681317627812],[44.14237369893583,57.14108994231266],[44.15665046497081,57.14941805583298],[44.18044507502893,57.16369482186742],[44.20661914609289,57.16488455237052],[44.21613699011621,57.14703859482777],[44.250639174701014,57.1113466797397],[44.22089591212787,57.0708958426412],[44.21613699011621,57.03163473604491],[44.204239685087146,57.00902985648828],[44.16854776999987,57.00308120397494],[44.14713262094749,56.96144063637256],[44.1744964225148,56.953112522852244],[44.24231106118096,56.96500982788078],[44.33273057940207,56.97333794140198],[44.37794033851267,56.9769071329101],[44.40054521806832,56.98642497693342],[44.420770636618236,56.98642497693342],[44.47192904824288,56.98523524643042],[44.48977500578696,56.99594282095674],[44.5195182683601,57.00070174296885],[44.540933417412404,57.014978509003384],[44.570676679985546,57.029255275037926],[44.583763715517165,57.01973743101549],[44.60041994255789,57.01973743101549],[44.60398913406708,57.03639365805524],[44.6075583255753,57.05423961559977],[44.59923021205542,57.07327530364641],[44.62540428311938,57.07327530364641],[44.62540428311938,57.088741800184835],[44.65395781518916,57.1125364102427],[44.67061404222997,57.13871048130754],[44.67180377273324,57.161315360862304],[44.65460408854906,57.19941611301691],[44.68315762061893,57.19822638251391],[44.703383039168756,57.170862580946945],[44.706952230677146,57.15777554541452],[44.915155068687476,57.10899659479492],[44.906826955166714,57.04356141713467],[44.893739919635095,57.003110580035376],[44.88184261460603,56.9769365089724],[44.903257763658324,56.96503920394209],[44.902068033155054,56.95433162941568],[44.885411806114334,56.94838297690244],[44.85685827404454,56.937675402375135],[44.850909621529524,56.91031160080915],[44.860427465553556,56.90912187030605],[44.85685827404454,56.88175806873919],[44.83544312499216,56.853204536669224],[44.82235608945974,56.81989208258804],[44.779525791355056,56.81513316057496],[44.779525791355056,56.7949077420262],[44.79975120990488,56.77825151498477],[44.78071552185824,56.77111313196834],[44.778336060852496,56.7520774439217],[44.81283824543651,56.74018013889148],[44.924672912710705,56.74731852190871],[44.94608806176309,56.769923401465334],[44.97702105483871,56.80918450806163],[45.015092430931816,56.81394343007284],[45.061491920545684,56.82465100459828],[45.10670167965699,56.83178938761648],[45.116219523680314,56.8424969621428],[45.16618820480248,56.852014806166125],[45.18403416234648,56.84011750113582],[45.239951495982865,56.84011750113582],[45.33869912772553,56.866291572200666],[45.40651376639099,56.87224022471587],[45.43863648996988,56.87818887722911],[45.41246241890592,56.89365537376763],[45.41484187991175,56.90198348728794],[45.41246241890592,56.91150133131215],[45.385098617338606,56.90436294829395],[45.37439104281282,56.90793213980216],[45.399375383373496,56.92339863634059],[45.394616461361835,56.93648567187213],[45.41127268840265,56.94957270740544],[45.4481543339932,56.94957270740544],[45.501692206624554,56.95314189891356],[45.52191762517438,56.96265974293688],[45.58021441981731,56.9662289344451],[45.63137283144195,56.9662289344451],[45.66587501602676,56.98169543098352],[45.75986372575697,57.020956537579906],[45.83957566945229,57.06140737467831],[45.85385243548727,57.082822523731046],[45.88954435057454,57.08520198473794],[45.92404653515926,57.097099289766476],[46.000189287346274,57.097099289766476],[46.00613793986041,57.086391715241035],[46.03469147193019,57.084012254234935],[46.058486081988406,57.06735602719341],[46.06681419550917,57.082822523731046],[46.087039614058995,57.113755516807906],[46.07514230902993,57.12446309133432],[46.05253742947427,57.113755516807906],[46.03707093293602,57.13160147435066],[46.05253742947427,57.1506371623973],[46.04658877695934,57.173242041952065],[46.0204147058953,57.179190694467266],[46.0239838974044,57.19941611301691],[46.04301958545095,57.19227772999871],[46.07038338701827,57.176811233462146],[46.097747188584876,57.15420635390542],[46.133439103672146,57.1446885098821],[46.157233713731074,57.153016623404284],[46.19411535932082,57.1482577013912],[46.22028943038487,57.15182689290119],[46.245273770946355,57.14587824038608],[46.269068381004566,57.158965275917616],[46.27739649452533,57.18989826899359],[46.315467870618434,57.21131341804535],[46.32974463665333,57.235108028105074],[46.35591870771728,57.232728567098974],[46.36424682123804,57.251764255145616],[46.34521113319149,57.2850767092268],[46.36424682123804,57.30649185827856],[46.3868517007937,57.324337815823085],[46.423733346383536,57.310061049788644],[46.480840410523996,57.31600970230188],[46.51415286460544,57.307681588781655],[46.55460370170438,57.34099404286461],[46.61171076584404,57.37311676644279],[46.64026429791463,57.37311676644279],[46.664058907972745,57.40642922052397],[46.699750823060114,57.44212113561204],[46.73068381613574,57.44569032712026],[46.76518600072045,57.45520817114358],[46.77946276675543,57.479002781202325],[46.75804761770304,57.48852062522565],[46.76399627021718,57.49565900824385],[46.778273036252074,57.50398712176319],[46.82728699536639,57.5020189256229],[46.885583790009406,57.487742159588365],[46.91651678308503,57.4948805426047],[46.92722435761162,57.47822431556504],[46.98314169124801,57.482983237576256],[46.993849265774514,57.473465393552935],[47.00574657080358,57.47227566304993],[47.05333579092,57.48655242908447],[47.1128223160662,57.50082919511989],[47.146134770147654,57.51272650014833],[47.17825749372663,57.529382727189855],[47.192534259761516,57.52224434417165],[47.20919048680233,57.551987606744625],[47.23536455786629,57.551987606744625],[47.24964132390119,57.5424697627213],[47.29009216100012,57.5424697627213],[47.40192682827441,57.57340275579736],[47.45308523989985,57.609094670885526],[47.49472580750215,57.609094670885526],[47.49115661599296,57.62932008943429],[47.501864190519555,57.63407901144551],[47.499484729513725,57.66144281301335],[47.482828502473,57.66382227401847],[47.497105268507894,57.71260122463808],[47.54707394963006,57.72925745167872],[47.55064314113845,57.759000714251684],[47.533986914097724,57.759000714251684],[47.52803826158359,57.77089801928101],[47.542315027618486,57.780415863304334],[47.51495122605117,57.792313168334644],[47.537556105606825,57.81015912587739],[47.55421233264755,57.81015912587739],[47.55897125465921,57.82086670040461],[47.58514532572316,57.85298942398278],[47.61250912729048,57.857748345994],[47.63749346785117,57.86726619001732],[47.65177023388695,57.87797376454364],[47.67556484394507,57.87678403404064],[47.68984160998005,57.88154295605186],[47.71958487255232,57.88749160856696],[47.71125675903235,57.904147835608484],[47.68746214897422,57.929132176168466],[47.66485726941848,57.93151163717536],[47.64106265936036,57.94816786421511],[47.61964751030797,57.94816786421511],[47.602991283267244,57.960065169245325],[47.58276586471733,57.95411651673021],[47.56373017667087,57.95887543874143],[47.54826368013262,57.97315220477685],[47.529227992086064,57.97672139628507],[47.51495122605117,57.97077274377173],[47.48520796347883,57.97672139628507],[47.43285982135002,57.98148031829806],[47.37099383519879,57.97910085729197],[47.36147599117547,57.96601382175963],[47.32816353709403,57.960065169245325],[47.305558657538285,57.96839328276475],[47.33173272860233,57.998136545337715],[47.33530192011152,58.02550034690468],[47.29009216100012,58.039777112940996],[47.28890243049764,58.07665875853127],[47.25321051541037,58.083797141547606],[47.191344529258245,58.08974579406281],[47.15684234467345,58.10045336858913],[47.09735581952795,58.09212525506793],[47.06047417393749,58.095694446577916],[46.933173010125756,58.10521229060124],[46.8962913645352,58.106402021104245],[46.8617891799512,58.11473013462367],[46.82252807335473,58.12424797864699],[46.845132952910475,58.1373350141803],[46.84037403089802,58.18492423429691],[46.85584052743627,58.19682153932535],[46.86059944944783,58.20395992234355],[46.809441037822396,58.25273887296139],[46.74400586016198,58.2598772559795],[46.71069340608052,58.264636177991605],[46.71188313658379,58.29318971006157],[46.70355502306303,58.32293297263462],[46.66548364696993,58.33364054716095],[46.68927825702815,58.35981461822392],[46.692847448537336,58.376470845265445],[46.67143229948415,58.39431680280909],[46.620273887859426,58.44547521443381],[46.611945774338665,58.46926982449345],[46.63574038439687,58.51210012259796],[46.653586341940866,58.55374069019945],[46.690467987531505,58.556120151206436],[46.7570928956944,58.57277637824609],[46.7987334632966,58.58705314428063],[46.84632268341295,58.58943260528761],[46.86297891045366,58.6215553288657],[46.885583790009406,58.61203748484238],[46.94388058465235,58.61203748484238],[47.027161719855954,58.619175867860584],[47.10211474153961,58.59538125780095],[47.14137584813608,58.59419152729972],[47.18063695473246,58.60965802383726],[47.18457668934212,58.64566335034669],[47.166730731798125,58.64447361984368],[47.1357977387225,58.66112984688512],[47.11914151168169,58.68016553493176],[47.14055666073408,58.69563203146841],[47.15721288777489,58.71823691102416],[47.1536436962657,58.753928826111434],[47.09177771011447,58.76582613114076],[47.03467064597481,58.76820559214775],[46.975184120828516,58.74203152108291],[46.877626219589914,58.72894448555146],[46.81457050293541,58.74560071259111],[46.727720176222604,58.730134216054466],[46.69321799163781,58.75035963460411],[46.656336346047254,58.74084179058079],[46.632541735989136,58.75154936510623],[46.60517793442173,58.76939532265075],[46.57067574983781,58.775343975164084],[46.53617356525301,58.80151804622893],[46.51951733821237,58.80151804622893],[46.51951733821237,58.82055373427557],[46.506430302679945,58.8312613088019],[46.51951733821237,58.843158613830425],[46.502861111171555,58.849107266345534],[46.504050841674115,58.85981484087186],[46.486204884130835,58.87171214590039],[46.4873946146333,58.88598891193484],[46.500481650165725,58.88598891193484],[46.505240572177385,58.89907594746815],[46.481445962119174,58.943095976074765],[46.498102189159894,58.95261382009809],[46.477876770610074,58.96689058613449],[46.45170269954612,58.99068519619137],[46.43266701149956,59.014479806251096],[46.41957997596714,59.01804899775922],[46.3969750964122,59.01091061474111],[46.32083234422527,58.98592627418113],[46.29465827316123,58.983546813174144],[46.272053393605574,59.01804899775922],[46.2292230955009,59.01804899775922],[46.21613605996927,58.97164950814473],[46.13404465526813,58.920491096519996],[46.034107293022984,58.90740406098847],[45.88420124965559,58.90740406098847],[45.77355631288466,58.91573217450878],[45.71406978773837,58.94190624557265],[45.72715682327079,58.9680803166366],[45.68551625566849,58.98473654367804],[45.6641011066162,59.00615169273078],[45.6117529644882,59.01804899775922],[45.55702536135357,59.013290075748],[45.55345616984526,58.97640843015781],[45.582009701915055,58.94428570657786],[45.582009701915055,58.925250018531216],[45.56773293588016,58.91335271350366],[45.547507517330246,58.91692190501179],[45.552266439341906,58.92762947953811],[45.547507517330246,58.94428570657786],[45.50586694972884,58.943095976074765],[45.447570155085906,58.98830573518625],[45.37261713340225,58.95380355060118],[45.3607198283731,58.933578132051444],[45.336925218314974,58.92881921004032],[45.31313060825596,58.925250018531216],[45.320268991273366,58.88004025942062],[45.28457707618608,58.874091606907285],[45.261972196631234,58.858625110368855],[45.23222893405817,58.88122998992371],[45.16441429539192,58.87528133741038],[45.14894779885367,58.88004025942062],[45.12039426678388,58.921680827023],[45.08113316018742,58.94428570657786],[45.047820706105966,58.95975220311629],[45.02045690453946,58.9657008556314],[45.01688771303036,58.98235708267114],[44.91219142877355,58.98830573518625],[44.90862223726525,58.99901330971258],[44.871740591674616,59.00020304021469],[44.86817140016632,58.98830573518625],[44.83010002407241,58.97878789116293],[44.80987460552338,58.946665167584754],[44.77299295993275,58.920491096519996],[44.74443942786296,58.94428570657786],[44.70398859076403,58.960941933619296],[44.698039938249096,58.97521869965472],[44.65758910115015,58.987116004683244],[44.63022529958284,58.97283923864782],[44.58977446248399,58.96927004713961],[44.52433928482357,58.933578132051444],[44.506493327279486,58.93714732356143],[44.4815089867188,58.93476786255454],[44.46366302917481,58.919301366016995],[44.44462734112825,58.91573217450878],[44.43154030559583,58.921680827023],[44.382761354976935,58.91811163551479],[44.372053780450344,58.97402896915172],[44.34587970938638,58.996633848706566],[44.35896674491792,59.02637711127954],[44.33874132636889,59.05255118234438],[44.35539755340962,59.1001404024601],[44.375622971959444,59.1048993244722],[44.380381893971105,59.09419174994579],[44.399417582017655,59.093002019443674],[44.40774569553761,59.102519863466995],[44.399417582017655,59.12155555151364],[44.412504617549274,59.14416043106849],[44.397038121011825,59.15486800559482],[44.36015647542128,59.145350161570605],[44.32922348234566,59.160816658110015],[44.33279267385396,59.18580099866999],[44.266167765691065,59.1846112681669],[44.19954285752809,59.19412911219022],[44.21381962356307,59.22030318325506],[44.20668124054558,59.239338871301705],[44.099605495282944,59.24171833230771],[44.05677519717818,59.233390218786596],[44.02465247359929,59.21792372224994],[43.98063244499126,59.22030318325506],[43.95326864342465,59.245287523815925],[43.89735130978755,59.25004644582803],[43.849762089670406,59.23101075778139],[43.829536671121296,59.24171833230771],[43.78945363924002,59.27930155804006],[43.769228220690906,59.28287074954828],[43.771607681696736,59.33402916117487],[43.74781307163861,59.35306484922151],[43.697844390515556,59.35901350173485],[43.607424872294445,59.35663404072964],[43.54912807765152,59.33283943067178],[43.53485131161662,59.31023455111701],[43.48012370848199,59.29595778508158],[43.41944745283403,59.2983372460867],[43.374237693722634,59.28643994105729],[43.34568416165284,59.26859398351374],[43.412309069815734,59.23409179893044],[43.389704190260886,59.21148691937381],[43.346873892156204,59.203158805854386],[43.3123717075714,59.21029718887072],[43.33735604813288,59.21981503289404],[43.33616631762961,59.228143146414354],[43.28738736700991,59.261455600497314],[43.245746799407705,59.2507480259701],[43.21838299784119,59.270973444520635],[43.16960404722149,59.29000913256728],[43.17555269973642,59.29952697658971],[43.13510186263669,59.30071670709369],[43.12915321012255,59.28762967156038],[43.15532728118651,59.266214522508534],[43.082753720508684,59.26026586999342],[43.063718032462134,59.243609642953764],[43.064907762964694,59.228143146414354],[43.04944126642724,59.20910745836771],[43.01374935133996,59.22457395490712],[42.99947258530427,59.22457395490712],[42.99233420228687,59.20672799736259],[42.938796329656306,59.20434853635739],[42.91976064160895,59.22100476339713],[42.91619145010056,59.19958961434439],[42.906673606077334,59.18055392629775],[42.87812007400754,59.17579500428742],[42.87574061300171,59.19839988384228],[42.84123842841691,59.19602042283627],[42.82339247087292,59.18293338730385],[42.80078759131797,59.191261500824076],[42.775803250756574,59.2150561108838],[42.74130106617177,59.237660990437675],[42.68657346303794,59.26026586999342],[42.70917834259359,59.30190643759492],[42.68300427152884,59.306665359607024],[42.636604781915764,59.30904482061303],[42.54856472469969,59.25669667848521],[42.514062540114885,59.261455600497314],[42.48669873854837,59.255506947982205],[42.458145206478584,59.255506947982205],[42.42364302189378,59.30071670709369],[42.362966766245016,59.30071670709369],[42.342741347695195,59.28762967156038],[42.31180835461957,59.285250210555176],[42.28801374456136,59.267404253010646],[42.26897805651481,59.248368564964004],[42.226147758410036,59.240040451443775],[42.188076382316225,59.2495582954671],[42.1571433892406,59.237660990437675],[42.185696921310395,59.21386638038071],[42.173799616281244,59.18769230931595],[42.14048716219979,59.18650257881295],[42.11193363012992,59.17460527378442],[42.11907201314741,59.160328507748105],[42.07981090655103,59.15675931624078],[42.051257374481246,59.167466890766306],[42.03341141693716,59.16270796875411],[42.028652494925595,59.152000394227784],[42.053636835487076,59.13534416718813],[42.00842707637648,59.117498209644495],[41.98463246631826,59.11630847914149],[41.95132001223611,59.12939551467302],[41.91919728865784,59.11511874863848],[41.93228432418947,59.10560090461516],[41.93228432418947,59.085375486064535],[41.893023217593885,59.081806294556415],[41.85614157200334,59.09013440807664],[41.80974208238947,59.11630847914149],[41.750255557243975,59.117498209644495],[41.708614989641774,59.11511874863848],[41.69433822360688,59.097272791094845],[41.72051229467083,59.091324138579736],[41.72051229467083,59.086565216568516],[41.68957930159522,59.08061656405332],[41.65269765600458,59.075857642041214],[41.62295439343153,59.07347818103521],[41.5610884072802,59.04968357097824],[41.520637570181265,59.047304109972146],[41.52896568370123,59.03064788293071],[41.48018673308162,59.013991655890074],[41.38500829284885,58.9842483933171],[41.370731526813955,58.96402297476746],[41.32671149820592,58.96402297476746],[41.28507093060371,58.991386776335304],[41.24651484949128,58.99852515935253],[41.24651484949128,58.988713554710536],[41.21558185641477,58.96610867515479],[41.17870021082503,58.96134975314455],[41.15609533126937,58.9292270295646],[41.13943910422856,58.91376053302795],[41.1204034161821,58.886396731460096],[41.08590123159729,58.87449942643157],[41.052588777515844,58.85784319939013],[41.093039614614696,58.84832535536681],[41.170372097304266,58.8399972418465],[41.238186735970515,58.812633440280514],[41.20368455138571,58.809064248770525],[41.188218054848264,58.81977182329685],[41.16680290579596,58.81858209279385],[41.16085425328103,58.80668478776532],[41.13705964322282,58.80668478776532],[41.152526139760184,58.78526963871266],[41.18107967183086,58.74719826261938],[41.1763207498192,58.723403652560634],[41.16085425328103,58.69366038998758],[41.13943910422856,58.68414254596426],[41.13586991271946,58.66153766640949],[41.10374718914129,58.656778744398274],[41.10374718914129,58.63655332584854],[41.087090962100646,58.619897098807996],[41.071624465562394,58.61870736830499],[41.045450394498445,58.60681006327468],[41.010948209913636,58.602051141263466],[41.003809826896145,58.58896410573193],[40.94313357124739,58.581825722713816],[40.931066423688506,58.573701916882754],[40.964378877769946,58.56180461185431],[40.9941221403423,58.54633811531589],[41.05122920448275,58.50231808670829],[41.05717785699697,58.48566185966686],[41.11666438214318,58.46424671061501],[41.089300580575866,58.45591859709478],[41.07026489252931,58.44759048357358],[41.07264435353514,58.43450344804204],[41.0952492330908,58.42379587351483],[41.11190546013152,58.420226682006614],[41.11190546013152,58.41189856848541],[41.094059502587434,58.39286288043877],[41.104767077114026,58.359550426357586],[41.11428492113735,58.33099689428762],[41.12380276516067,58.31315093674398],[41.102387616108196,58.30006390121254],[41.04528055196782,58.29887417070954],[41.02029621140714,58.275079560650695],[40.990552948833994,58.25604387260592],[40.98579402682233,58.22749034053507],[40.952481572740886,58.22630061003109],[40.958430225255015,58.192988155949905],[40.93225615419097,58.194177886452024],[40.90132316111536,58.203695730475346],[40.8715798985423,58.16919354589205],[40.88942585608629,58.1358810918091],[40.89180531709212,58.1025686377288],[40.86682097653064,58.109707020745226],[40.841836635969955,58.109707020745226],[40.84540582747826,58.09780971571581],[40.85968259351315,58.08234321917915],[40.834698252952464,58.08353294968216],[40.82993933094001,58.064497261635516],[40.77521172780617,58.04903076509886],[40.75498630925715,58.045461573587986],[40.73595062120988,58.02642588554134],[40.725243046684,58.0026312754826],[40.69906897562005,57.99906208397438],[40.67408463505856,57.98002639592774],[40.65620821345058,57.943680410130604],[40.62884441188398,57.92464472208396],[40.61218818484255,57.897280920517005],[40.64074171691313,57.8603992749277],[40.63955198640977,57.83660466486886],[40.66810551847965,57.81994843782743],[40.662156865965514,57.79020517525437],[40.60742926283089,57.77473867871781],[40.526527588633016,57.75808245167629],[40.48012809901914,57.75808245167629],[40.43372860940528,57.746185146646866],[40.377811275768174,57.728339189103316],[40.34915859949017,57.71480600463292],[40.34023562071857,57.69071396194889],[40.36700455703336,57.67019111077387],[40.36075847189377,57.65323745110706],[40.36968145066545,57.634499195685706],[40.391988897594935,57.636283791440256],[40.391988897594935,57.62022242965126],[40.38038902519125,57.60594566361574],[40.402696472121434,57.59166889758129],[40.40894255726183,57.5756075357922],[40.392881195471944,57.56043847187906],[40.36789685491126,57.547946301599964],[40.33101520932071,57.52459784047919],[40.325066556805695,57.496044308409225],[40.325066556805695,57.46630104583616],[40.34529197535561,57.44488589678352],[40.36194820239633,57.430609130749865],[40.334584400829016,57.427039939239876],[40.32030763479412,57.41276317320623],[40.311979521274154,57.3949172156617],[40.28848234384141,57.383763492196515],[40.3063283013854,57.369486726161085],[40.27331327992941,57.35967144951248],[40.246544343613735,57.340189612526984],[40.22869838606974,57.31594885353026],[40.189437279473275,57.312379662022934],[40.1617760452805,57.30970276838978],[40.151960768631895,57.29274910872297],[40.19568336461367,57.25973408726806],[40.22512919456135,57.26330327877618],[40.268851790543216,57.26241098090033],[40.270636386297326,57.2508111084953],[40.2848757276605,57.23232219824423],[40.30272168520449,57.23232219824423],[40.3407930612976,57.22637354572903],[40.34879314212802,57.17256639253174],[40.34522395061971,57.14401286046178],[40.37377748268959,57.12854636392335],[40.40590020626848,57.12854636392335],[40.42850508582333,57.13330528593545],[40.44754077386989,57.13330528593545],[40.44754077386989,57.124977172415136],[40.47014565342554,57.124977172415136],[40.48561214996379,57.13330528593545],[40.5236835260569,57.129736094427244],[40.549857597120855,57.117838789396934],[40.56532409365911,57.117838789396934],[40.572462476676506,57.14282312995877],[40.602205739248944,57.1463923214669],[40.60934412226635,57.140443668953566],[40.63670792383366,57.13449501643846],[40.65098468986864,57.13806420794667],[40.67239983892094,57.13806420794667],[40.68429714395009,57.13211555543334],[40.711660945517316,57.13211555543334],[40.75092205211378,57.13330528593545],[40.78304477569187,57.14996151297689],[40.80327019424178,57.14996151297689],[40.86394644989055,57.14163339945666],[40.87108483290795,57.12378744191213],[40.90320755648692,57.12259771140904],[40.90201782598365,57.10832094537361],[40.915104861515985,57.10237229286028],[40.92700216654514,57.1107004063806],[40.97459138666147,57.1118901368836],[40.97578111716474,57.12021825040392],[41.00314491873135,57.127356633420256],[41.03288818130441,57.129736094427244],[41.0364573728128,57.11902851990003],[41.02337033728118,57.109510675876706],[41.02099087627535,57.09999283185427],[41.03169845080114,57.09880310135029],[41.05192386935105,57.10237229286028],[41.09118497594743,57.08452633531576],[41.15899961461359,57.08571606581884],[41.20064018221589,57.1107004063806],[41.23990128881147,57.09999283185427],[41.285111047922776,57.097613370847284],[41.32794134602754,57.08571606581884],[41.38147921865881,57.065490647269115],[41.40646355921959,57.065490647269115],[41.432637630283544,57.07381876079032],[41.444534935313406,57.06073172525701],[41.49807280794397,57.06073172525701],[41.57897448214264,57.033367923691024],[41.58611286516005,57.02266034916461],[41.60752801421243,57.02266034916461],[41.63370208527638,57.033367923691024],[41.65326654243552,57.03231038546532],[41.66278438645875,57.00018766188626],[41.681820074505396,56.987100626354724],[41.71632225909011,56.972823860319295],[41.75677309618905,56.9775827823314],[41.77104986222395,56.96449574679987],[41.7722395927273,56.95497790277655],[41.79127528077377,56.940701136741126],[41.79246501127633,56.926424370706584],[41.81269042982615,56.90381949114995],[41.83291584837606,56.87526595907999],[41.85314126692509,56.87526595907999],[41.8912126430189,56.87526595907999],[41.912627792071376,56.88478380310331],[41.94594024615283,56.88954272511639],[41.988770544257505,56.88240434209819],[42.02208299833895,56.89311191662452],[42.061344104935415,56.88954272511639],[42.07800033197614,56.90144003014483],[42.095846289520225,56.89906056913971],[42.11250251656086,56.890732455618505],[42.12558955209328,56.89668110813362],[42.15176362315732,56.900250299641826],[42.182696616232946,56.900250299641826],[42.223147453331876,56.89311191662452],[42.245752332887534,56.87764542008698],[42.27906478696898,56.87764542008698],[42.34925888664107,56.86931730656666],[42.38614053223161,56.87883515058998],[42.4111248727923,56.890732455618505],[42.47180112844106,56.918096257186356],[42.54556441962224,56.92404490969969],[42.62408663281428,56.93356275372301],[42.68238342745722,56.92761410120968],[42.73473156958522,56.920475718191476],[42.784700250708184,56.900250299641826],[42.826340818309596,56.89668110813362],[42.85727381138601,56.87407622857885],[42.88701707395845,56.81577943393583],[42.900823251683505,56.81015469486256]]]]}},{"type":"Feature","properties":{"kind":"district","id":"uyezd-1897-55","name":"Кологривский","provinceId":"gubernia-1897-47"},"geometry":{"type":"MultiPolygon","coordinates":[[[[44.92737551039609,58.077349095983635],[44.93808308492268,58.09162586201817],[44.92975497140192,58.105902628052704],[44.94165227643098,58.124938316099346],[44.94403173743681,58.16063023118751],[44.96306742548336,58.17252753621595],[44.991620957554034,58.17252753621595],[45.015415567612166,58.19394268526958],[45.038020447167106,58.25461894091674],[45.06657397923769,58.25461894091674],[45.08798912828999,58.267705976449164],[45.048728021693606,58.285551933993695],[45.0558664047111,58.30815681354855],[45.09631724181004,58.305777352543345],[45.12487077387982,58.3331411541103],[45.15342430595041,58.35336657265995],[45.13914753991551,58.37359199120968],[45.14747565343548,58.39024821824934],[45.170080532991136,58.40690444528988],[45.183167568522755,58.434268246857734],[45.185547029528585,58.4699601619459],[45.18435729902612,58.52349803457584],[45.22718759713079,58.53420560910216],[45.289053583282914,58.578225637709664],[45.2997611578087,58.60677916977963],[45.19506487355191,58.61391755279695],[45.201013526066745,58.6829219219662],[45.25098220718901,58.70076787951073],[45.26050005121224,58.731700872585904],[45.27358708674466,58.745977638622215],[45.26050005121224,58.77572090119429],[45.28310493076789,58.806653894270354],[45.266448703727264,58.84234580935666],[45.261972196631234,58.858625110368855],[45.23222893405817,58.88122998992371],[45.16441429539192,58.87528133741038],[45.14894779885367,58.88004025942062],[45.12039426678388,58.921680827023],[45.08113316018742,58.94428570657786],[45.047820706105966,58.95975220311629],[45.02045690453946,58.9657008556314],[45.01688771303036,58.98235708267114],[44.91219142877355,58.98830573518625],[44.90862223726525,58.99901330971258],[44.871740591674616,59.00020304021469],[44.86817140016632,58.98830573518625],[44.83010002407241,58.97878789116293],[44.80987460552338,58.946665167584754],[44.77299295993275,58.920491096519996],[44.74443942786296,58.94428570657786],[44.70398859076403,58.960941933619296],[44.698039938249096,58.97521869965472],[44.65758910115015,58.987116004683244],[44.63022529958284,58.97283923864782],[44.58977446248399,58.96927004713961],[44.52433928482357,58.933578132051444],[44.506493327279486,58.93714732356143],[44.4815089867188,58.93476786255454],[44.46366302917481,58.919301366016995],[44.44462734112825,58.91573217450878],[44.43154030559583,58.921680827023],[44.382761354976935,58.91811163551479],[44.372053780450344,58.97402896915172],[44.34587970938638,58.996633848706566],[44.35896674491792,59.02637711127954],[44.33874132636889,59.05255118234438],[44.35539755340962,59.1001404024601],[44.375622971959444,59.1048993244722],[44.380381893971105,59.09419174994579],[44.399417582017655,59.093002019443674],[44.40774569553761,59.102519863466995],[44.399417582017655,59.12155555151364],[44.412504617549274,59.14416043106849],[44.397038121011825,59.15486800559482],[44.36015647542128,59.145350161570605],[44.32922348234566,59.160816658110015],[44.33279267385396,59.18580099866999],[44.266167765691065,59.1846112681669],[44.19954285752809,59.19412911219022],[44.21381962356307,59.22030318325506],[44.20668124054558,59.239338871301705],[44.099605495282944,59.24171833230771],[44.05677519717818,59.233390218786596],[44.02465247359929,59.21792372224994],[43.98063244499126,59.22030318325506],[43.95326864342465,59.245287523815925],[43.89735130978755,59.25004644582803],[43.849762089670406,59.23101075778139],[43.829536671121296,59.24171833230771],[43.78945363924002,59.27930155804006],[43.769228220690906,59.28287074954828],[43.771607681696736,59.33402916117487],[43.74781307163861,59.35306484922151],[43.697844390515556,59.35901350173485],[43.607424872294445,59.35663404072964],[43.54912807765152,59.33283943067178],[43.53485131161662,59.31023455111701],[43.48012370848199,59.29595778508158],[43.41944745283403,59.2983372460867],[43.374237693722634,59.28643994105729],[43.34568416165284,59.26859398351374],[43.412309069815734,59.23409179893044],[43.389704190260886,59.21148691937381],[43.346873892156204,59.203158805854386],[43.3123717075714,59.21029718887072],[43.28158164803057,59.20362730540998],[43.27444326501316,59.17269431233312],[43.322032485129505,59.15722781579549],[43.333929790158564,59.17031485132702],[43.349396286696816,59.18459161736334],[43.38984712379576,59.190540269876664],[43.39222658480159,59.1619867378067],[43.41483146435724,59.1596072768007],[43.41721092536298,59.14889970227526],[43.381519010275,59.14176131925706],[43.351775747702646,59.129864014228616],[43.325601676637895,59.11201805668409],[43.314894102112014,59.08584398562111],[43.317273563117844,59.05729045355115],[43.33274005965529,59.041823957012625],[43.307755719094615,59.039444496007505],[43.30656598859125,59.02278826896598],[43.35415520870848,59.00137311991334],[43.41245200335061,58.99899365890813],[43.480266642016865,58.99780392840424],[43.489784486040094,58.969250396335156],[43.50882017408745,58.95259416929363],[43.495733138555025,58.94426605577341],[43.49454340805256,58.92998928973976],[43.51119963509328,58.92285090672156],[43.54332235867146,58.927609828733665],[43.55878885520962,58.91452279320035],[43.56235804671801,58.894297374650705],[43.55284020269469,58.87645141710706],[43.51595855710494,58.851467076547095],[43.464800145479416,58.8467081545341],[43.486215294531796,58.83600058000778],[43.480266642016865,58.83005192749444],[43.50882017408745,58.81339570045381],[43.504061252075786,58.8050675869326],[43.51595855710494,58.79673947341237],[43.495733138555025,58.76580648033631],[43.502871521572516,58.739632409273334],[43.471938528496906,58.736063217763345],[43.44219526592376,58.743201600781546],[43.42553903888303,58.734873487261225],[43.310135180100445,58.733683756758225],[43.300617336077124,58.74439133128455],[43.26849461249823,58.743201600781546],[43.28158164803057,58.72178645172792],[43.25183838545742,58.70988914669939],[43.22685404489594,58.70275076368128],[43.20543889584364,58.658730735073775],[43.26492542098984,58.63017720300381],[43.27206380400733,58.60757232344895],[43.298237875071294,58.60400313194074],[43.318463293620404,58.589726365905314],[43.339878442673495,58.57425986936777],[43.351775747702646,58.55760364232722],[43.343447634181885,58.54570633729781],[43.29347895305963,58.52786037975417],[43.27444326501316,58.537378223777495],[43.23875134992509,58.537378223777495],[43.23756161942253,58.51001442220964],[43.24826919394832,58.4981171171812],[43.30656598859125,58.4981171171812],[43.338688712170224,58.48859927315788],[43.35415520870848,58.48146089013968],[43.37200116625176,58.437440861531286],[43.342257903679325,58.43387167002307],[43.320842754626234,58.419594903988624],[43.322032485129505,58.39580029392979],[43.295858414065464,58.376764605883146],[43.299824182408244,58.355746033665156],[43.32837771447812,58.337900076121514],[43.34503394151884,58.32481304058999],[43.341464750010545,58.30815681354855],[43.30577283492326,58.30220816103335],[43.28554741637335,58.273654628963385],[43.302203643414074,58.25461894091674],[43.306962565425735,58.22249621733866],[43.3497928635305,58.20702972080112],[43.39024370063015,58.18085564973627],[43.38429504811522,58.17014807521083],[43.36287989906283,58.15349184816931],[43.44735076476981,58.14159454313999],[43.466386452816366,58.15111238716331],[43.498509176395345,58.14992265666119],[43.509216750921134,58.136835621129656],[43.54133947450002,58.13445616012267],[43.54966758802078,58.123748585596346],[43.5770313895873,58.123748585596346],[43.5770313895873,58.107092358556685],[43.60915411316627,58.1047128975497],[43.625810340206996,58.123748585596346],[43.74954231251035,58.12850750760845],[43.76381907854524,58.109471819561804],[43.75549096502457,58.08329774849696],[43.823305603690734,58.06545179095342],[43.86851536280204,58.05950313844008],[43.9291916184508,58.0571236774331],[44.02555978918693,58.02619068435703],[44.05887224326838,58.001206343797065],[44.0862360448356,57.98573984725775],[44.10051281087058,57.971463081224094],[44.125497151431276,57.97027335072109],[44.16713771903348,57.94409927965624],[44.21948586116148,57.90364844255784],[44.21591666965318,57.885802485013315],[44.27064427278701,57.876284640989994],[44.31585403189761,57.85130030043002],[44.38366867056377,57.87271544948089],[44.510969834376226,57.895320329037524],[44.56569743751005,57.90959709507118],[44.61090719662066,57.91197655607816],[44.67515264377852,57.91673547808929],[44.707275367356694,57.93815062714114],[44.72274186389485,57.93815062714114],[44.729880246912344,57.92268413060448],[44.80007434658434,57.90364844255784],[44.861940332735664,57.890561407024535],[44.877406829273916,57.93339170513081],[44.869078715753155,57.94647874066234],[44.83576626167171,57.966704159211105],[44.80959219060766,58.00001661329406],[44.83100733966005,58.034518797877354],[44.873837637764815,58.067831251960314],[44.92737551039609,58.077349095983635]]]]}},{"type":"Feature","properties":{"kind":"district","id":"uyezd-1897-56","name":"Варнавинский","provinceId":"gubernia-1897-47"},"geometry":{"type":"MultiPolygon","coordinates":[[[[44.861940332735664,57.890561407024535],[44.86756584857105,57.871613847164596],[44.85804800454781,57.84900896760787],[44.85209935203288,57.82283489654489],[44.80926905392812,57.79666082548014],[44.778336060852496,57.75739971888376],[44.73550576274693,57.74550241385532],[44.7366954932502,57.716948881785356],[44.68315762061893,57.68363642770417],[44.63556840050259,57.6943440022305],[44.59749702440868,57.69196454122449],[44.55347699580145,57.67649804468597],[44.48804181814103,57.64913424311911],[44.4820931656261,57.63128828557458],[44.49161100964942,57.61344232803094],[44.46305747757954,57.5920271789782],[44.43807313701805,57.57061202992644],[44.40119149142822,57.559904455400115],[44.37263795935763,57.52897146232503],[44.336946044270356,57.51231523528351],[44.35241254080861,57.48852062522565],[44.380966072878394,57.484951433717434],[44.43212448450392,57.470674667682005],[44.44759098104137,57.454018440640574],[44.472575321602775,57.43736221360083],[44.513026158701706,57.4290341000806],[44.53682076876072,57.405239490020875],[44.57489214485374,57.387393532477326],[44.57132295334473,57.377875688454004],[44.51778508071337,57.37549622744791],[44.46900613009447,57.35646053940127],[44.45116017255047,57.33980431236161],[44.44640125053881,57.329096737834305],[44.44878071154464,57.313630241296764],[44.47019586059703,57.30054320576532],[44.49042127914686,57.30411239727344],[44.51897481121664,57.30411239727344],[44.53563103825745,57.29697401425524],[44.52254400272503,57.2862664397298],[44.52611319423413,57.256523177156836],[44.58916891088872,57.20298530452512],[44.65460408854906,57.19941611301691],[44.68315762061893,57.19822638251391],[44.703383039168756,57.170862580946945],[44.706952230677146,57.15777554541452],[44.915155068687476,57.10899659479492],[44.906826955166714,57.04356141713467],[44.893739919635095,57.003110580035376],[44.88184261460603,56.9769365089724],[44.903257763658324,56.96503920394209],[44.902068033155054,56.95433162941568],[44.885411806114334,56.94838297690244],[44.85685827404454,56.937675402375135],[44.850909621529524,56.91031160080915],[44.860427465553556,56.90912187030605],[44.85685827404454,56.88175806873919],[44.83544312499216,56.853204536669224],[44.82235608945974,56.81989208258804],[44.779525791355056,56.81513316057496],[44.779525791355056,56.7949077420262],[44.79975120990488,56.77825151498477],[44.78071552185824,56.77111313196834],[44.778336060852496,56.7520774439217],[44.81283824543651,56.74018013889148],[44.924672912710705,56.74731852190871],[44.94608806176309,56.769923401465334],[44.97702105483871,56.80918450806163],[45.015092430931816,56.81394343007284],[45.061491920545684,56.82465100459828],[45.10670167965699,56.83178938761648],[45.116219523680314,56.8424969621428],[45.16618820480248,56.852014806166125],[45.18403416234648,56.84011750113582],[45.239951495982865,56.84011750113582],[45.33869912772553,56.866291572200666],[45.40651376639099,56.87224022471587],[45.43863648996988,56.87818887722911],[45.41246241890592,56.89365537376763],[45.41484187991175,56.90198348728794],[45.41246241890592,56.91150133131215],[45.385098617338606,56.90436294829395],[45.37439104281282,56.90793213980216],[45.399375383373496,56.92339863634059],[45.394616461361835,56.93648567187213],[45.41127268840265,56.94957270740544],[45.4481543339932,56.94957270740544],[45.501692206624554,56.95314189891356],[45.52191762517438,56.96265974293688],[45.58021441981731,56.9662289344451],[45.63137283144195,56.9662289344451],[45.66587501602676,56.98169543098352],[45.75986372575697,57.020956537579906],[45.83957566945229,57.06140737467831],[45.85385243548727,57.082822523731046],[45.88954435057454,57.08520198473794],[45.92404653515926,57.097099289766476],[46.000189287346274,57.097099289766476],[46.00613793986041,57.086391715241035],[46.03469147193019,57.084012254234935],[46.058486081988406,57.06735602719341],[46.06681419550917,57.082822523731046],[46.087039614058995,57.113755516807906],[46.07514230902993,57.12446309133432],[46.05253742947427,57.113755516807906],[46.03707093293602,57.13160147435066],[46.05253742947427,57.1506371623973],[46.04658877695934,57.173242041952065],[46.0204147058953,57.179190694467266],[46.0239838974044,57.19941611301691],[46.04301958545095,57.19227772999871],[46.07038338701827,57.176811233462146],[46.097747188584876,57.15420635390542],[46.133439103672146,57.1446885098821],[46.157233713731074,57.153016623404284],[46.19411535932082,57.1482577013912],[46.22028943038487,57.15182689290119],[46.245273770946355,57.14587824038608],[46.269068381004566,57.158965275917616],[46.27739649452533,57.18989826899359],[46.315467870618434,57.21131341804535],[46.32974463665333,57.235108028105074],[46.35591870771728,57.232728567098974],[46.36424682123804,57.251764255145616],[46.34521113319149,57.2850767092268],[46.36424682123804,57.30649185827856],[46.3868517007937,57.324337815823085],[46.423733346383536,57.310061049788644],[46.480840410523996,57.31600970230188],[46.51415286460544,57.307681588781655],[46.55460370170438,57.34099404286461],[46.61171076584404,57.37311676644279],[46.64026429791463,57.37311676644279],[46.664058907972745,57.40642922052397],[46.699750823060114,57.44212113561204],[46.73068381613574,57.44569032712026],[46.76518600072045,57.45520817114358],[46.77946276675543,57.479002781202325],[46.75804761770304,57.48852062522565],[46.76399627021718,57.49565900824385],[46.778273036252074,57.50398712176319],[46.82728699536639,57.5020189256229],[46.847512413916306,57.51748542216133],[46.877255676488645,57.54128003221919],[46.876065945986085,57.57221302529436],[46.868927562968594,57.60314601837033],[46.84037403089802,57.615043323398865],[46.77969777525006,57.616233053901865],[46.719021519601284,57.609094670885526],[46.69403717903981,57.599576826862204],[46.63693011490014,57.610284401387645],[46.59528954729794,57.611474131890645],[46.55840790170739,57.61742278440576],[46.50962895108769,57.60790494038244],[46.460850000468795,57.60790494038244],[46.44419377342807,57.591248713341],[46.422778624374885,57.591248713341],[46.41801970236331,57.60314601837033],[46.39065590079671,57.605525479375544],[46.369240751744414,57.592438443844],[46.3454461416854,57.5864897913289],[46.32641045363884,57.57102329479127],[46.294287730060674,57.579351408312476],[46.265734197990085,57.60433574887431],[46.20743740334795,57.611474131890645],[46.13843303417834,57.619802245410966],[46.107500041102725,57.60671520987943],[46.04563405495149,57.605525479375544],[45.945696692706264,57.64121739446362],[45.91119450812155,57.63764820295549],[45.905245855607326,57.61742278440576],[45.889779359069166,57.59719736585611],[45.86836421001678,57.62099197591397],[45.85170798297605,57.64240712496671],[45.798170110344785,57.645976316475725],[45.76485765626334,57.684047692568114],[45.761288464754145,57.70665257212475],[45.770806308777466,57.7197396076554],[45.763667925759975,57.74948287022836],[45.723217088661045,57.759000714251684],[45.723217088661045,57.78636451581953],[45.70180193960866,57.81372831738738],[45.66848948552721,57.843471579959456],[45.68276625156219,57.87083538152731],[45.69347382608798,57.89938891359727],[45.65183325848649,57.925562984660246],[45.601864577363514,57.93865002019179],[45.53404993869735,57.95173705572509],[45.50073748461582,57.97196247427474],[45.447199611984544,57.98385977930318],[45.380574703821566,57.98742897081139],[45.28539626358808,57.995757084331714],[45.255653001015745,58.010033850368025],[45.25684273151821,58.02787980791166],[45.20211512838447,58.03144899941979],[45.19140755385788,58.02312088589956],[45.174751326817066,58.030259268917675],[45.11645453217413,58.02550034690468],[45.02841447495886,58.05167441796952],[44.92737551039609,58.077349095983635],[44.873837637764815,58.067831251960314],[44.83100733966005,58.034518797877354],[44.80959219060766,58.00001661329406],[44.83576626167171,57.966704159211105],[44.869078715753155,57.94647874066234],[44.877406829273916,57.93339170513081],[44.861940332735664,57.890561407024535]]]]}},{"type":"Feature","properties":{"kind":"district","id":"uyezd-1897-57","name":"Галичский","provinceId":"gubernia-1897-47"},"geometry":{"type":"MultiPolygon","coordinates":[[[[41.87720026153951,57.86459296839441],[41.90575379361018,57.8562648548732],[41.9331175951767,57.85507512437109],[41.94858409171495,57.84674701084988],[41.986655467808056,57.85745458537621],[42.02710630490691,57.85507512437109],[42.030675496416094,57.86459296839441],[42.01045007786618,57.87530054292074],[42.028296035410264,57.88481838694406],[42.05803929798332,57.87530054292074],[42.10562851809975,57.86935189040465],[42.113956631619715,57.87768000392586],[42.131802589163705,57.87292108191464],[42.14488962469613,57.87768000392586],[42.16511504324515,57.86935189040465],[42.16987396525681,57.881249195434066],[42.19604803632086,57.883628656441054],[42.217463185374044,57.893146500464375],[42.25196536995796,57.903854074990704],[42.30312378158349,57.8967156919725],[42.313831356109986,57.88481838694406],[42.2995545900751,57.86935189040465],[42.32572866113914,57.86459296839441],[42.35666165421476,57.86459296839441],[42.36023084572306,57.8967156919725],[42.343574618682425,57.906233535995824],[42.36380003723225,57.92526922404247],[42.40782006584028,57.945494642592195],[42.448270902939136,57.93835625957399],[42.46849632148905,57.92883841555067],[42.46492712997995,57.91932057152735],[42.4458914419334,57.901474613983716],[42.447081172435865,57.88957730895439],[42.46373739947739,57.886008117446174],[42.47325524350062,57.86697242939953],[42.48991147054143,57.87649027342285],[42.508947158587986,57.86935189040465],[42.547018534681094,57.87292108191464],[42.572002875242575,57.895525961469495],[42.61245371234143,57.90504380549282],[42.658853201955296,57.90028488348071],[42.68383754251598,57.897905422474615],[42.70642968678503,57.8996432797265],[42.70517925141432,57.90370719468136],[42.7301635919758,57.938209379265544],[42.775373351086316,57.96795264183763],[42.774183620583045,57.99531644340547],[42.74087116650159,58.020300783967315],[42.69804086839683,58.03576728050397],[42.73849170549576,58.08454623112358],[42.7373019749932,58.11666895470265],[42.76109658505142,58.117858685206535],[42.799167961144526,58.13451491224619],[42.8277214932144,58.13451491224619],[42.88958747936643,58.1464122172765],[42.9502637350152,58.15236086978983],[42.96573023155265,58.16306844431615],[43.00856052965733,58.16544790532225],[43.07875462932941,58.169017096831354],[43.215573637165186,58.169017096831354],[43.229850403200075,58.1464122172765],[43.2465066302408,58.13689437325318],[43.2572142047666,58.15711979180291],[43.30361369438046,58.15711979180291],[43.36287989906283,58.15349184816931],[43.38429504811522,58.17014807521083],[43.39024370063015,58.18085564973627],[43.3497928635305,58.20702972080112],[43.306962565425735,58.22249621733866],[43.302203643414074,58.25461894091674],[43.28554741637335,58.273654628963385],[43.30577283492326,58.30220816103335],[43.341464750010545,58.30815681354855],[43.34503394151884,58.32481304058999],[43.32837771447812,58.337900076121514],[43.299824182408244,58.355746033665156],[43.295858414065464,58.376764605883146],[43.20781835684947,58.38747218041045],[43.150711292709815,58.39936948543889],[43.09122476756352,58.420784634491625],[43.00080524934241,58.421974364993744],[42.929421419167056,58.426733287004964],[42.88302192955399,58.435061400526166],[42.84970947547174,58.427923017507965],[42.82472513491106,58.43387167002307],[42.81282782988191,58.429112748011946],[42.78189483680629,58.45528681907493],[42.753341304735706,58.46123547159003],[42.75691049624481,58.47908142913456],[42.74025426920409,58.48740954265487],[42.71289046763677,58.47313277661945],[42.69266504908774,58.47194304611636],[42.69266504908774,58.48978900366089],[42.6629217865146,58.495737656174214],[42.65459367299384,58.48027115963667],[42.62960933243315,58.47432250712157],[42.614142835894896,58.48265062064277],[42.578450920807626,58.48265062064277],[42.52967197018792,58.501686308689415],[42.49635951610648,58.50049657818632],[42.463047062025026,58.50882469170753],[42.432114068948614,58.502876039191534],[42.36191996927662,58.51596307472484],[42.32561115689183,58.53701591901521],[42.29110897230703,58.53701591901521],[42.2708835537572,58.54891322404454],[42.222104603138305,58.54058511052334],[42.20663810660014,58.54891322404454],[42.19236134056516,58.53820564951822],[42.16856673050703,58.53939538002122],[42.132874815419754,58.53225699700302],[42.035316914180356,58.53344672750522],[42.008467193694834,58.53229616508637],[41.98348285313326,58.53229616508637],[41.9715855481042,58.52277832106305],[41.960877973578405,58.52991670407938],[41.92518605849113,58.53110643458328],[41.9120990229588,58.548952392126026],[41.89901198742638,58.548952392126026],[41.88235576038565,58.543003739611805],[41.85499195881904,58.52753724307329],[41.76933136260889,58.53229616508637],[41.74315729154485,58.54181400910969],[41.68486049690191,58.539434548102705],[41.65987615634043,58.52515778206817],[41.646789120808805,58.4954145194952],[41.646789120808805,58.47043017893336],[41.664635078352,58.44663556887551],[41.69080914941684,58.425220419823745],[41.6919988799194,58.40261554026711],[41.72412160349829,58.38595931322745],[41.73125998651578,58.36930308618593],[41.71936268148663,58.35264685914441],[41.73601890852744,58.325283057577536],[41.72769079500668,58.30267817802268],[41.72769079500668,58.28721168148425],[41.73601890852744,58.2681759934385],[41.76100324908893,58.278883567964826],[41.78003893713539,58.270555454444505],[41.76933136260889,58.255088957906075],[41.77528001512373,58.1765667447135],[41.78598758964961,58.13849536862021],[41.803833547193605,58.13016725510079],[41.83833573177761,58.120649411077466],[41.8704584553565,58.1277877940938],[41.89544279591807,58.11589048906447],[41.89544279591807,58.09566507051571],[41.93708336352019,58.079008843474185],[41.963257434584236,58.07306019096086],[41.98348285313326,58.06354234693754],[41.98467258363662,58.05283477241121],[42.00013908017407,58.05521423341633],[42.025123420735554,58.05283477241121],[42.031072073250485,58.044506658890896],[42.01798503771806,58.03141962335758],[42.031072073250485,58.014763396317925],[42.033451534256315,57.99334824726519],[42.030675496416094,57.97166871365695],[42.004501425352046,57.957391947620636],[41.94382516970329,57.94073572058098],[41.930738134170866,57.91099245800704],[41.90575379361018,57.903854074990704],[41.87006187852211,57.9026643444877],[41.89147702757449,57.87530054292074],[41.87720026153951,57.86459296839441]]]]}},{"type":"Feature","properties":{"kind":"district","id":"uyezd-1897-58","name":"Костромской","provinceId":"gubernia-1897-47"},"geometry":{"type":"MultiPolygon","coordinates":[[[[42.033451534256315,57.99334824726519],[41.97515473961339,58.00762501329972],[41.94898066854934,58.03498881486668],[41.92280659748539,58.037368275872694],[41.8978222569239,58.03141962335758],[41.85499195881904,58.04569638939301],[41.82643842674846,58.04569638939301],[41.82643842674846,58.03498881486668],[41.802643816690335,58.03498881486668],[41.78360812864378,58.04569638939301],[41.76933136260889,58.03498881486668],[41.78598758964961,58.02309150983815],[41.7657621711005,57.9981071692764],[41.74315729154485,57.98620986424707],[41.67058373086702,57.97312282871465],[41.584923134656684,57.97312282871465],[41.50640092146473,58.02190177933426],[41.489744694424004,58.037368275872694],[41.462380892856686,58.05283477241121],[41.463570623359956,58.07424992146297],[41.49093442492648,58.08138830448117],[41.49331388593231,58.090906148504494],[41.47308846738328,58.09447534001262],[41.458811701348296,58.088526687497506],[41.42311978626022,58.10637264504115],[41.40646355921959,58.088526687497506],[41.37434083564132,58.09804453152083],[41.37315110513814,58.11470075856235],[41.3541154170915,58.121839141580466],[41.35887433910316,58.16585917018708],[41.37196137463558,58.170618092200165],[41.37315110513814,58.19084351074892],[41.36482299161809,58.202740815778256],[41.37672029664715,58.226535425837],[41.40170463720793,58.244381383379746],[41.3850484101672,58.28483222048002],[41.36244353061226,58.28126302897003],[41.35292568658823,58.25984787991818],[41.36601272212065,58.249140305391855],[41.34102838155908,58.24200192237365],[41.33151053753585,58.21939704281888],[41.305336466471886,58.21939704281888],[41.28035212591121,58.226535425837],[41.274403473396184,58.23843273086455],[41.235142366799806,58.257468418911195],[41.21848613975908,58.257468418911195],[41.19945045171253,58.26579653243338],[41.16851745863691,58.257468418911195],[41.15305096209866,58.26579653243338],[41.11260012499972,58.26341707142639],[41.100702819970664,58.280073298467826],[41.10238761610822,58.300063901212525],[41.045280551967835,58.298874170709496],[41.02029621140713,58.27507956065074],[40.990552948833965,58.256043872605915],[40.98579402682236,58.22749034053504],[40.95248157274085,58.2263006100311],[40.95843022525503,58.192988155949934],[40.93225615419101,58.19417788645205],[40.901323161115386,58.203695730475374],[40.87157989854228,58.169193545892085],[40.88942585608629,58.1358810918091],[40.89180531709212,58.10256863772884],[40.86682097653062,58.10970702074519],[40.84183663596991,58.10970702074519],[40.84540582747826,58.09780971571581],[40.859682593513185,58.082343219179165],[40.83469825295248,58.083532949682194],[40.82993933094002,58.06449726163555],[40.77521172780621,58.049030765098905],[40.75498630925716,58.045461573588],[40.73595062120984,58.02642588554136],[40.725243046684,58.0026312754826],[40.69906897562004,57.99906208397442],[40.674084635058534,57.98002639592778],[40.65620821345058,57.943680410130604],[40.62884441188398,57.92464472208396],[40.61218818484255,57.897280920517005],[40.64074171691313,57.8603992749277],[40.63955198640977,57.83660466486886],[40.66810551847965,57.81994843782743],[40.662156865965514,57.79020517525437],[40.60742926283089,57.77473867871781],[40.526527588633016,57.75808245167629],[40.48012809901914,57.75808245167629],[40.43372860940528,57.746185146646866],[40.377811275768174,57.728339189103316],[40.34915859949017,57.71480600463292],[40.34023562071857,57.69071396194889],[40.36700455703336,57.67019111077387],[40.36075847189377,57.65323745110706],[40.36968145066545,57.634499195685706],[40.391988897594935,57.636283791440256],[40.391988897594935,57.62022242965126],[40.38038902519125,57.60594566361574],[40.402696472121434,57.59166889758129],[40.40894255726183,57.5756075357922],[40.445161312864144,57.56359115115626],[40.45824834839648,57.5386068105945],[40.49869918549541,57.52908896657118],[40.51297595153031,57.50886354802154],[40.536770561588526,57.507673817518445],[40.56413436315584,57.520760853051755],[40.599826278243114,57.53265815808028],[40.63432846282783,57.53265815808028],[40.69262525747085,57.520760853051755],[40.7818550451894,57.52195058355485],[40.79018315870936,57.51005327852543],[40.85204914486148,57.50886354802154],[40.95555569861492,57.54931438512172],[40.99957572722296,57.5374170800915],[41.01504222376042,57.54931438512172],[41.03050872029858,57.54931438512172],[41.0364573728128,57.53265815808028],[41.06025198287172,57.52670950556509],[41.06976982689504,57.54098627160149],[41.11260012499972,57.5421760021036],[41.139963926567034,57.525519775062975],[41.16613799763108,57.493397051484884],[41.19231206869504,57.48744839896969],[41.21967587026235,57.49220732098179],[41.23752182780564,57.502914895508205],[41.293439161442826,57.499345703998216],[41.337459190050865,57.49101759047879],[41.42549924726605,57.48625866846668],[41.46951927587409,57.47436136343735],[41.53138526202621,57.46960244142516],[41.591929325396876,57.4518886761598],[41.59311905589934,57.466165442195226],[41.601447169420105,57.47806274722367],[41.622862318472485,57.48996005225308],[41.63475962350155,57.50185735728339],[41.63951854551321,57.529221158849374],[41.612154743945894,57.55539522991333],[41.63000070148989,57.56729253494266],[41.62881097098662,57.582759031481174],[41.612154743945894,57.592276875504496],[41.58241148137275,57.58037957047597],[41.53125306974802,57.58394876198418],[41.541960644273814,57.59941525852261],[41.56456552382956,57.61607148556236],[41.54315037477717,57.61607148556236],[41.57289363734943,57.66247097517587],[41.57527309835526,57.6815066632234],[41.596688247408444,57.708870464790365],[41.602636899922665,57.72909588334001],[41.613344474449164,57.763598067923304],[41.601447169420105,57.79215159999327],[41.613344474449164,57.80642836602967],[41.64189800651904,57.82070513206323],[41.68829749613282,57.831412706589646],[41.73112779423768,57.833792167595654],[41.82035758195623,57.82784351508143],[41.85010084452928,57.84925866413417],[41.87720026153951,57.86459296839441],[41.89147702757449,57.87530054292074],[41.87006187852211,57.9026643444877],[41.90575379361018,57.903854074990704],[41.930738134170866,57.91099245800704],[41.94382516970329,57.94073572058098],[42.004501425352046,57.957391947620636],[42.030675496416094,57.97166871365695],[42.033451534256315,57.99334824726519]]]]}},{"type":"Feature","properties":{"kind":"district","id":"uyezd-1897-60","name":"Юрьевецкий","provinceId":"gubernia-1897-47"},"geometry":{"type":"MultiPolygon","coordinates":[[[[41.65326654243552,57.03231038546532],[41.66278438645875,57.00018766188626],[41.681820074505396,56.987100626354724],[41.71632225909011,56.972823860319295],[41.75677309618905,56.9775827823314],[41.77104986222395,56.96449574679987],[41.7722395927273,56.95497790277655],[41.79127528077377,56.940701136741126],[41.79246501127633,56.926424370706584],[41.81269042982615,56.90381949114995],[41.83291584837606,56.87526595907999],[41.85314126692509,56.87526595907999],[41.8912126430189,56.87526595907999],[41.912627792071376,56.88478380310331],[41.94594024615283,56.88954272511639],[41.988770544257505,56.88240434209819],[42.02208299833895,56.89311191662452],[42.061344104935415,56.88954272511639],[42.07800033197614,56.90144003014483],[42.095846289520225,56.89906056913971],[42.11250251656086,56.890732455618505],[42.12558955209328,56.89668110813362],[42.15176362315732,56.900250299641826],[42.182696616232946,56.900250299641826],[42.223147453331876,56.89311191662452],[42.245752332887534,56.87764542008698],[42.27906478696898,56.87764542008698],[42.34925888664107,56.86931730656666],[42.38614053223161,56.87883515058998],[42.4111248727923,56.890732455618505],[42.47180112844106,56.918096257186356],[42.54556441962224,56.92404490969969],[42.62408663281428,56.93356275372301],[42.68238342745722,56.92761410120968],[42.73473156958522,56.920475718191476],[42.784700250708184,56.900250299641826],[42.826340818309596,56.89668110813362],[42.85727381138601,56.87407622857885],[42.88701707395845,56.81577943393583],[42.900823251683505,56.81015469486256],[42.91913979753733,56.80269239840252],[42.956021443127966,56.80507185940861],[42.98100578368866,56.82172808644916],[43.03097446481162,56.81577943393583],[43.12972209655349,56.824107547455256],[43.15351670661162,56.84552269650889],[43.16422428113821,56.86693784555976],[43.221331345277875,56.86812757606366],[43.24769636074328,56.856744352116024],[43.23579905571421,56.89005680619721],[43.222712020182584,56.948353600840136],[43.206055793141864,56.98404551592742],[43.16679468654549,56.998322281961954],[43.13467196296651,57.011409317495264],[43.12753357994911,57.04591150207856],[43.13705142397234,57.106587757727496],[43.13705142397234,57.1541769778441],[43.12753357994911,57.200576467458596],[43.12872331045238,57.256493801095516],[43.13348223246404,57.29337544668491],[43.14894872900149,57.321928978754876],[43.14894872900149,57.34096466680152],[43.12158492743489,57.35524143283783],[43.05852921078029,57.36594900736327],[42.999042685634095,57.36000035484816],[42.94550481300354,57.35286197183085],[42.89315667087473,57.35643116333995],[42.86222367779912,57.37784631239269],[42.82415230170601,57.415917688485976],[42.75138779662594,57.42254199042149],[42.68238342745722,57.41540360740507],[42.67524504443973,57.371383578796674],[42.64669151236994,57.30237920962733],[42.61694824979679,57.25835918101893],[42.62527636331755,57.23932349297229],[42.655019625889906,57.227426187942875],[42.6728655834339,57.21076996090322],[42.68952181047471,57.17150885430693],[42.7037985765096,57.160801279779626],[42.74424941360845,57.152473166260286],[42.771613215175854,57.137006669721856],[42.782320789702354,57.11202232916188],[42.77875159819325,57.096555832623366],[42.70141911550377,57.10369421564067],[42.610999597282664,57.11202232916188],[42.51939034855829,57.10131475463547],[42.44800651838293,57.11202232916188],[42.44681678788037,57.141765591732984],[42.50392385202004,57.140575861231845],[42.53128765358735,57.16912939330181],[42.505113582522505,57.21076996090322],[42.48369843347021,57.213149421909314],[42.46228328441782,57.23337484045807],[42.44324759637127,57.230995379452864],[42.41826325580979,57.240513223476185],[42.402796759272334,57.23813376246929],[42.41945298631306,57.214339152411426],[42.31237724105043,57.18578562034146],[42.223147453331876,57.19173427285658],[42.21125014830282,57.24646187598952],[42.1565225451689,57.24646187598952],[42.11012305555503,57.240513223476185],[42.088707906502734,57.195303464364784],[42.043498147392135,57.18340615933626],[41.96021701218772,57.17864723732513],[41.91619698357968,57.14652451374518],[41.89240237352146,57.172698584809936],[41.85076180591926,57.150093705255166],[41.838864500890196,57.13224774770966],[41.80674177731202,57.127488825698535],[41.778188245241346,57.127488825698535],[41.73297848613083,57.12629909519544],[41.69371737953446,57.08346879709192],[41.69371737953446,57.05372553451886],[41.681820074505396,57.041828229488644],[41.65326654243552,57.03231038546532]]]]}},{"type":"Feature","properties":{"kind":"district","id":"uyezd-1897-61","name":"Нерехтский","provinceId":"gubernia-1897-47"},"geometry":{"type":"MultiPolygon","coordinates":[[[[41.80674177731202,57.127488825698535],[41.79418351089218,57.162784163951954],[41.78585539737142,57.203235001050444],[41.775147822845625,57.20680419256043],[41.769199170330694,57.194906887530124],[41.757301865301635,57.19133769602192],[41.756112134799075,57.20561446205645],[41.74659429077504,57.21870149758976],[41.72874833323185,57.23297826362341],[41.733507255243424,57.25915233468825],[41.735886716249254,57.2793777532379],[41.72398941122019,57.292464788769436],[41.72517914172266,57.32458751234939],[41.75135321278751,57.33053616486272],[41.762060787313295,57.32934643435963],[41.777527283851455,57.32934643435963],[41.768009439828134,57.35671023592748],[41.752542943289974,57.35789996642959],[41.770388900833964,57.38526376799744],[41.78347593636559,57.394781612020765],[41.81440892944121,57.39716107302597],[41.83582407849439,57.4019199950371],[41.83582407849439,57.41738649157561],[41.81678839044704,57.42214541358683],[41.78823485837725,57.447129754148584],[41.765629978822304,57.449509215153704],[41.70733318417946,57.44237083213737],[41.68829749613282,57.43404271861705],[41.66688234707973,57.426904335598934],[41.64784665903318,57.436422179622255],[41.591929325396876,57.4518886761598],[41.53138526202621,57.46960244142516],[41.46951927587409,57.47436136343735],[41.42549924726605,57.48625866846668],[41.337459190050865,57.49101759047879],[41.293439161442826,57.499345703998216],[41.23752182780564,57.502914895508205],[41.21967587026235,57.49220732098179],[41.19231206869504,57.48744839896969],[41.16613799763108,57.493397051484884],[41.139963926567034,57.525519775062975],[41.11260012499972,57.5421760021036],[41.06976982689504,57.54098627160149],[41.06025198287172,57.52670950556509],[41.0364573728128,57.53265815808028],[41.03050872029858,57.54931438512172],[41.01504222376042,57.54931438512172],[40.99957572722296,57.5374170800915],[40.95555569861492,57.54931438512172],[40.85204914486148,57.50886354802154],[40.79018315870936,57.51005327852543],[40.7818550451894,57.52195058355485],[40.69262525747085,57.520760853051755],[40.63432846282783,57.53265815808028],[40.599826278243114,57.53265815808028],[40.56413436315584,57.520760853051755],[40.536770561588526,57.507673817518445],[40.51297595153031,57.50886354802154],[40.49869918549541,57.52908896657118],[40.45824834839648,57.5386068105945],[40.445161312864144,57.56359115115626],[40.40894255726183,57.5756075357922],[40.392881195471944,57.56043847187906],[40.36789685491126,57.547946301599964],[40.33101520932071,57.52459784047919],[40.325066556805695,57.496044308409225],[40.325066556805695,57.46630104583616],[40.34529197535561,57.44488589678352],[40.36194820239633,57.430609130749865],[40.334584400829016,57.427039939239876],[40.32030763479412,57.41276317320623],[40.311979521274154,57.3949172156617],[40.28848234384141,57.383763492196515],[40.3063283013854,57.369486726161085],[40.27331327992941,57.35967144951248],[40.246544343613735,57.340189612526984],[40.22869838606974,57.31594885353026],[40.189437279473275,57.312379662022934],[40.1617760452805,57.30970276838978],[40.151960768631895,57.29274910872297],[40.19568336461367,57.25973408726806],[40.22512919456135,57.26330327877618],[40.268851790543216,57.26241098090033],[40.270636386297326,57.2508111084953],[40.2848757276605,57.23232219824423],[40.30272168520449,57.23232219824423],[40.3407930612976,57.22637354572903],[40.34879314212802,57.17256639253174],[40.34522395061971,57.14401286046178],[40.37377748268959,57.12854636392335],[40.40590020626848,57.12854636392335],[40.42850508582333,57.13330528593545],[40.44754077386989,57.13330528593545],[40.44754077386989,57.124977172415136],[40.47014565342554,57.124977172415136],[40.48561214996379,57.13330528593545],[40.5236835260569,57.129736094427244],[40.549857597120855,57.117838789396934],[40.56532409365911,57.117838789396934],[40.572462476676506,57.14282312995877],[40.602205739248944,57.1463923214669],[40.60934412226635,57.140443668953566],[40.63670792383366,57.13449501643846],[40.65098468986864,57.13806420794667],[40.67239983892094,57.13806420794667],[40.68429714395009,57.13211555543334],[40.711660945517316,57.13211555543334],[40.75092205211378,57.13330528593545],[40.78304477569187,57.14996151297689],[40.80327019424178,57.14996151297689],[40.86394644989055,57.14163339945666],[40.87108483290795,57.12378744191213],[40.90320755648692,57.12259771140904],[40.90201782598365,57.10832094537361],[40.915104861515985,57.10237229286028],[40.92700216654514,57.1107004063806],[40.97459138666147,57.1118901368836],[40.97578111716474,57.12021825040392],[41.00314491873135,57.127356633420256],[41.03288818130441,57.129736094427244],[41.0364573728128,57.11902851990003],[41.02337033728118,57.109510675876706],[41.02099087627535,57.09999283185427],[41.03169845080114,57.09880310135029],[41.05192386935105,57.10237229286028],[41.09118497594743,57.08452633531576],[41.15899961461359,57.08571606581884],[41.20064018221589,57.1107004063806],[41.23990128881147,57.09999283185427],[41.285111047922776,57.097613370847284],[41.32794134602754,57.08571606581884],[41.38147921865881,57.065490647269115],[41.40646355921959,57.065490647269115],[41.432637630283544,57.07381876079032],[41.444534935313406,57.06073172525701],[41.49807280794397,57.06073172525701],[41.57897448214264,57.033367923691024],[41.58611286516005,57.02266034916461],[41.60752801421243,57.02266034916461],[41.63370208527638,57.033367923691024],[41.65326654243552,57.03231038546532],[41.681820074505396,57.041828229488644],[41.69371737953446,57.05372553451886],[41.69371737953446,57.08346879709192],[41.73297848613083,57.12629909519544],[41.778188245241346,57.127488825698535],[41.80674177731202,57.127488825698535]]]]}},{"type":"Feature","properties":{"kind":"district","id":"uyezd-1897-678","name":"Солигаличский","provinceId":"gubernia-1897-47"},"geometry":{"type":"MultiPolygon","coordinates":[[[[41.24651484949128,58.99852515935253],[41.24651484949128,58.988713554710536],[41.21558185641477,58.96610867515479],[41.17870021082503,58.96134975314455],[41.15609533126937,58.9292270295646],[41.13943910422856,58.91376053302795],[41.1204034161821,58.886396731460096],[41.08590123159729,58.87449942643157],[41.052588777515844,58.85784319939013],[41.093039614614696,58.84832535536681],[41.170372097304266,58.8399972418465],[41.238186735970515,58.812633440280514],[41.28013547745488,58.81496670775779],[41.31552995991669,58.796377168650004],[41.37858567657128,58.78804905512969],[41.42855435769345,58.78804905512969],[41.47614357781059,58.780910672111574],[41.50469710988047,58.80232582116511],[41.58083986206659,58.78804905512969],[41.62129069916632,58.80113609066122],[41.686725876825946,58.808274473678445],[41.75691997649803,58.77734148060336],[41.762868629012964,58.735700913001864],[41.841390842204916,58.727372799481635],[41.84614976421658,58.69643980640558],[41.880651948801386,58.69643980640558],[41.877082757292996,58.73094199098976],[41.88779033181879,58.744029026522185],[41.92586170791189,58.741649565515196],[41.96631254501163,58.74759821803039],[41.96988173651994,58.732131721491875],[41.952035778976736,58.700008997913784],[41.97345092802912,58.647660855785965],[41.99962499909308,58.64290193377386],[42.00438392110474,58.60721001868747],[42.01866068713963,58.60126136617147],[42.02341960915129,58.55843106806786],[42.035316914180356,58.53344672750522],[42.132874815419754,58.53225699700302],[42.16856673050703,58.53939538002122],[42.19236134056516,58.53820564951822],[42.20663810660014,58.54891322404454],[42.222104603138305,58.54058511052334],[42.2708835537572,58.54891322404454],[42.29110897230703,58.53701591901521],[42.32561115689183,58.53701591901521],[42.30895492985111,58.56913864259418],[42.31133439085685,58.59055379164604],[42.33869819242345,58.633384089750535],[42.323231695886,58.669076004838615],[42.31609331286851,58.69406034539859],[42.32918034840013,58.717854955458314],[42.35178522795579,58.732131721491875],[42.35059549745252,58.74640848752828],[42.32799061789766,58.76901336708305],[42.348216036446686,58.77734148060336],[42.41246148360464,58.79280797714179],[42.43744582416603,58.79756689915301],[42.48622477478493,58.808274473678445],[42.49098369679659,58.82493070071997],[42.530244803392975,58.835638275246296],[42.546901030433695,58.85467396329294],[42.574264832001006,58.867760998824465],[42.568316179486075,58.87489938184258],[42.59449025055092,58.88679668687111],[42.59092105904173,58.898693991900444],[42.61709513010578,58.91178102743375],[42.708704378830156,58.95699078654346],[42.77057036498228,58.928437254473494],[42.81696985459534,58.90702210542076],[42.85623096119173,58.91653994944408],[42.88597422376487,58.93557563749072],[42.93594290488704,58.94390375101193],[42.93237371337874,58.95699078654346],[43.00970619606822,58.97364701358401],[42.98829104701504,58.99982108464885],[43.05848514668712,59.023615694706706],[43.05967487719039,59.04027192174814],[43.115592210827494,59.059307609794786],[43.077520834734386,59.08310221985265],[43.03944945864057,59.07834329784143],[43.00970619606822,59.08191248934964],[43.00494727405656,59.09975844689417],[43.05253649417299,59.112845482424724],[43.02993161461725,59.131881170472255],[43.03469053662891,59.15924497203922],[43.00375754355329,59.17352173807375],[43.02993161461725,59.19136769561739],[43.0108959265707,59.203265000646724],[42.99233420228687,59.20672799736259],[42.938796329656306,59.20434853635739],[42.91976064160895,59.22100476339713],[42.91619145010056,59.19958961434439],[42.906673606077334,59.18055392629775],[42.87812007400754,59.17579500428742],[42.87574061300171,59.19839988384228],[42.84123842841691,59.19602042283627],[42.82339247087292,59.18293338730385],[42.80078759131797,59.191261500824076],[42.775803250756574,59.2150561108838],[42.74130106617177,59.237660990437675],[42.68657346303794,59.26026586999342],[42.70917834259359,59.30190643759492],[42.68300427152884,59.306665359607024],[42.636604781915764,59.30904482061303],[42.54856472469969,59.25669667848521],[42.514062540114885,59.261455600497314],[42.48669873854837,59.255506947982205],[42.458145206478584,59.255506947982205],[42.42364302189378,59.30071670709369],[42.362966766245016,59.30071670709369],[42.342741347695195,59.28762967156038],[42.31180835461957,59.285250210555176],[42.28801374456136,59.267404253010646],[42.26897805651481,59.248368564964004],[42.226147758410036,59.240040451443775],[42.188076382316225,59.2495582954671],[42.1571433892406,59.237660990437675],[42.185696921310395,59.21386638038071],[42.173799616281244,59.18769230931595],[42.14048716219979,59.18650257881295],[42.11193363012992,59.17460527378442],[42.11907201314741,59.160328507748105],[42.07981090655103,59.15675931624078],[42.051257374481246,59.167466890766306],[42.03341141693716,59.16270796875411],[42.028652494925595,59.152000394227784],[42.053636835487076,59.13534416718813],[42.00842707637648,59.117498209644495],[41.98463246631826,59.11630847914149],[41.95132001223611,59.12939551467302],[41.91919728865784,59.11511874863848],[41.93228432418947,59.10560090461516],[41.93228432418947,59.085375486064535],[41.893023217593885,59.081806294556415],[41.85614157200334,59.09013440807664],[41.80974208238947,59.11630847914149],[41.750255557243975,59.117498209644495],[41.708614989641774,59.11511874863848],[41.69433822360688,59.097272791094845],[41.72051229467083,59.091324138579736],[41.72051229467083,59.086565216568516],[41.68957930159522,59.08061656405332],[41.65269765600458,59.075857642041214],[41.62295439343153,59.07347818103521],[41.5610884072802,59.04968357097824],[41.520637570181265,59.047304109972146],[41.52896568370123,59.03064788293071],[41.48018673308162,59.013991655890074],[41.38500829284885,58.9842483933171],[41.370731526813955,58.96402297476746],[41.32671149820592,58.96402297476746],[41.28507093060371,58.991386776335304],[41.24651484949128,58.99852515935253]]]]}},{"type":"Feature","properties":{"kind":"district","id":"uyezd-1897-680","name":"Ветлужский","provinceId":"gubernia-1897-47"},"geometry":{"type":"MultiPolygon","coordinates":[[[[45.261972196631234,58.858625110368855],[45.266448703727264,58.84234580935666],[45.28310493076789,58.806653894270354],[45.26050005121224,58.77572090119429],[45.27358708674466,58.745977638622215],[45.26050005121224,58.731700872585904],[45.25098220718901,58.70076787951073],[45.201013526066745,58.6829219219662],[45.19506487355191,58.61391755279695],[45.2997611578087,58.60677916977963],[45.289053583282914,58.578225637709664],[45.22718759713079,58.53420560910216],[45.18435729902612,58.52349803457584],[45.185547029528585,58.4699601619459],[45.183167568522755,58.434268246857734],[45.170080532991136,58.40690444528988],[45.14747565343548,58.39024821824934],[45.13914753991551,58.37359199120968],[45.15342430595041,58.35336657265995],[45.12487077387982,58.3331411541103],[45.09631724181004,58.305777352543345],[45.0558664047111,58.30815681354855],[45.048728021693606,58.285551933993695],[45.08798912828999,58.267705976449164],[45.06657397923769,58.25461894091674],[45.038020447167106,58.25461894091674],[45.015415567612166,58.19394268526958],[44.991620957554034,58.17252753621595],[44.96306742548336,58.17252753621595],[44.94403173743681,58.16063023118751],[44.94165227643098,58.124938316099346],[44.92975497140192,58.105902628052704],[44.93808308492268,58.09162586201817],[44.92737551039609,58.077349095983635],[45.02841447495886,58.05167441796952],[45.11645453217413,58.02550034690468],[45.174751326817066,58.030259268917675],[45.19140755385788,58.02312088589956],[45.20211512838447,58.03144899941979],[45.25684273151821,58.02787980791166],[45.255653001015745,58.010033850368025],[45.28539626358808,57.995757084331714],[45.380574703821566,57.98742897081139],[45.447199611984544,57.98385977930318],[45.50073748461582,57.97196247427474],[45.53404993869735,57.95173705572509],[45.601864577363514,57.93865002019179],[45.65183325848649,57.925562984660246],[45.69347382608798,57.89938891359727],[45.68276625156219,57.87083538152731],[45.66848948552721,57.843471579959456],[45.70180193960866,57.81372831738738],[45.723217088661045,57.78636451581953],[45.723217088661045,57.759000714251684],[45.763667925759975,57.74948287022836],[45.770806308777466,57.7197396076554],[45.761288464754145,57.70665257212475],[45.76485765626334,57.684047692568114],[45.798170110344785,57.645976316475725],[45.85170798297605,57.64240712496671],[45.86836421001678,57.62099197591397],[45.889779359069166,57.59719736585611],[45.905245855607326,57.61742278440576],[45.91119450812155,57.63764820295549],[45.945696692706264,57.64121739446362],[46.04563405495149,57.605525479375544],[46.107500041102725,57.60671520987943],[46.13843303417834,57.619802245410966],[46.20743740334795,57.611474131890645],[46.265734197990085,57.60433574887431],[46.294287730060674,57.579351408312476],[46.32641045363884,57.57102329479127],[46.3454461416854,57.5864897913289],[46.369240751744414,57.592438443844],[46.39065590079671,57.605525479375544],[46.41801970236331,57.60314601837033],[46.422778624374885,57.591248713341],[46.44419377342807,57.591248713341],[46.460850000468795,57.60790494038244],[46.50962895108769,57.60790494038244],[46.55840790170739,57.61742278440576],[46.59528954729794,57.611474131890645],[46.63693011490014,57.610284401387645],[46.69403717903981,57.599576826862204],[46.719021519601284,57.609094670885526],[46.77969777525006,57.616233053901865],[46.84037403089802,57.615043323398865],[46.868927562968594,57.60314601837033],[46.876065945986085,57.57221302529436],[46.877255676488645,57.54128003221919],[46.847512413916306,57.51748542216133],[46.82728699536639,57.5020189256229],[46.885583790009406,57.487742159588365],[46.91651678308503,57.4948805426047],[46.92722435761162,57.47822431556504],[46.98314169124801,57.482983237576256],[46.993849265774514,57.473465393552935],[47.00574657080358,57.47227566304993],[47.05333579092,57.48655242908447],[47.1128223160662,57.50082919511989],[47.146134770147654,57.51272650014833],[47.17825749372663,57.529382727189855],[47.192534259761516,57.52224434417165],[47.20919048680233,57.551987606744625],[47.23536455786629,57.551987606744625],[47.24964132390119,57.5424697627213],[47.29009216100012,57.5424697627213],[47.40192682827441,57.57340275579736],[47.45308523989985,57.609094670885526],[47.49472580750215,57.609094670885526],[47.49115661599296,57.62932008943429],[47.501864190519555,57.63407901144551],[47.499484729513725,57.66144281301335],[47.482828502473,57.66382227401847],[47.497105268507894,57.71260122463808],[47.54707394963006,57.72925745167872],[47.55064314113845,57.759000714251684],[47.533986914097724,57.759000714251684],[47.52803826158359,57.77089801928101],[47.542315027618486,57.780415863304334],[47.51495122605117,57.792313168334644],[47.537556105606825,57.81015912587739],[47.55421233264755,57.81015912587739],[47.55897125465921,57.82086670040461],[47.58514532572316,57.85298942398278],[47.61250912729048,57.857748345994],[47.63749346785117,57.86726619001732],[47.65177023388695,57.87797376454364],[47.67556484394507,57.87678403404064],[47.68984160998005,57.88154295605186],[47.71958487255232,57.88749160856696],[47.71125675903235,57.904147835608484],[47.68746214897422,57.929132176168466],[47.66485726941848,57.93151163717536],[47.64106265936036,57.94816786421511],[47.61964751030797,57.94816786421511],[47.602991283267244,57.960065169245325],[47.58276586471733,57.95411651673021],[47.56373017667087,57.95887543874143],[47.54826368013262,57.97315220477685],[47.529227992086064,57.97672139628507],[47.51495122605117,57.97077274377173],[47.48520796347883,57.97672139628507],[47.43285982135002,57.98148031829806],[47.37099383519879,57.97910085729197],[47.36147599117547,57.96601382175963],[47.32816353709403,57.960065169245325],[47.305558657538285,57.96839328276475],[47.33173272860233,57.998136545337715],[47.33530192011152,58.02550034690468],[47.29009216100012,58.039777112940996],[47.28890243049764,58.07665875853127],[47.25321051541037,58.083797141547606],[47.191344529258245,58.08974579406281],[47.15684234467345,58.10045336858913],[47.09735581952795,58.09212525506793],[47.06047417393749,58.095694446577916],[46.933173010125756,58.10521229060124],[46.8962913645352,58.106402021104245],[46.8617891799512,58.11473013462367],[46.82252807335473,58.12424797864699],[46.845132952910475,58.1373350141803],[46.84037403089802,58.18492423429691],[46.85584052743627,58.19682153932535],[46.86059944944783,58.20395992234355],[46.809441037822396,58.25273887296139],[46.74400586016198,58.2598772559795],[46.71069340608052,58.264636177991605],[46.71188313658379,58.29318971006157],[46.70355502306303,58.32293297263462],[46.66548364696993,58.33364054716095],[46.68927825702815,58.35981461822392],[46.692847448537336,58.376470845265445],[46.67143229948415,58.39431680280909],[46.620273887859426,58.44547521443381],[46.611945774338665,58.46926982449345],[46.63574038439687,58.51210012259796],[46.653586341940866,58.55374069019945],[46.690467987531505,58.556120151206436],[46.7570928956944,58.57277637824609],[46.7987334632966,58.58705314428063],[46.84632268341295,58.58943260528761],[46.86297891045366,58.6215553288657],[46.885583790009406,58.61203748484238],[46.94388058465235,58.61203748484238],[47.027161719855954,58.619175867860584],[47.10211474153961,58.59538125780095],[47.14137584813608,58.59419152729972],[47.18063695473246,58.60965802383726],[47.18457668934212,58.64566335034669],[47.166730731798125,58.64447361984368],[47.1357977387225,58.66112984688512],[47.11914151168169,58.68016553493176],[47.14055666073408,58.69563203146841],[47.15721288777489,58.71823691102416],[47.1536436962657,58.753928826111434],[47.09177771011447,58.76582613114076],[47.03467064597481,58.76820559214775],[46.975184120828516,58.74203152108291],[46.877626219589914,58.72894448555146],[46.81457050293541,58.74560071259111],[46.727720176222604,58.730134216054466],[46.69321799163781,58.75035963460411],[46.656336346047254,58.74084179058079],[46.632541735989136,58.75154936510623],[46.60517793442173,58.76939532265075],[46.57067574983781,58.775343975164084],[46.53617356525301,58.80151804622893],[46.51951733821237,58.80151804622893],[46.51951733821237,58.82055373427557],[46.506430302679945,58.8312613088019],[46.51951733821237,58.843158613830425],[46.502861111171555,58.849107266345534],[46.504050841674115,58.85981484087186],[46.486204884130835,58.87171214590039],[46.4873946146333,58.88598891193484],[46.500481650165725,58.88598891193484],[46.505240572177385,58.89907594746815],[46.481445962119174,58.943095976074765],[46.498102189159894,58.95261382009809],[46.477876770610074,58.96689058613449],[46.45170269954612,58.99068519619137],[46.43266701149956,59.014479806251096],[46.41957997596714,59.01804899775922],[46.3969750964122,59.01091061474111],[46.32083234422527,58.98592627418113],[46.29465827316123,58.983546813174144],[46.272053393605574,59.01804899775922],[46.2292230955009,59.01804899775922],[46.21613605996927,58.97164950814473],[46.13404465526813,58.920491096519996],[46.034107293022984,58.90740406098847],[45.88420124965559,58.90740406098847],[45.77355631288466,58.91573217450878],[45.71406978773837,58.94190624557265],[45.72715682327079,58.9680803166366],[45.68551625566849,58.98473654367804],[45.6641011066162,59.00615169273078],[45.6117529644882,59.01804899775922],[45.55702536135357,59.013290075748],[45.55345616984526,58.97640843015781],[45.582009701915055,58.94428570657786],[45.582009701915055,58.925250018531216],[45.56773293588016,58.91335271350366],[45.547507517330246,58.91692190501179],[45.552266439341906,58.92762947953811],[45.547507517330246,58.94428570657786],[45.50586694972884,58.943095976074765],[45.447570155085906,58.98830573518625],[45.37261713340225,58.95380355060118],[45.3607198283731,58.933578132051444],[45.336925218314974,58.92881921004032],[45.31313060825596,58.925250018531216],[45.320268991273366,58.88004025942062],[45.28457707618608,58.874091606907285],[45.261972196631234,58.858625110368855]]]]}},{"type":"Feature","properties":{"kind":"district","id":"uyezd-1897-681","name":"Чухломский","provinceId":"gubernia-1897-47"},"geometry":{"type":"MultiPolygon","coordinates":[[[[42.99233420228687,59.20672799736259],[43.0108959265707,59.203265000646724],[43.02993161461725,59.19136769561739],[43.00375754355329,59.17352173807375],[43.03469053662891,59.15924497203922],[43.02993161461725,59.131881170472255],[43.05253649417299,59.112845482424724],[43.00494727405656,59.09975844689417],[43.00970619606822,59.08191248934964],[43.03944945864057,59.07834329784143],[43.077520834734386,59.08310221985265],[43.115592210827494,59.059307609794786],[43.05967487719039,59.04027192174814],[43.05848514668712,59.023615694706706],[42.98829104701504,58.99982108464885],[43.00970619606822,58.97364701358401],[42.93237371337874,58.95699078654346],[42.93594290488704,58.94390375101193],[42.88597422376487,58.93557563749072],[42.85623096119173,58.91653994944408],[42.81696985459534,58.90702210542076],[42.77057036498228,58.928437254473494],[42.708704378830156,58.95699078654346],[42.61709513010578,58.91178102743375],[42.59092105904173,58.898693991900444],[42.59449025055092,58.88679668687111],[42.568316179486075,58.87489938184258],[42.574264832001006,58.867760998824465],[42.546901030433695,58.85467396329294],[42.530244803392975,58.835638275246296],[42.49098369679659,58.82493070071997],[42.48622477478493,58.808274473678445],[42.43744582416603,58.79756689915301],[42.41246148360464,58.79280797714179],[42.348216036446686,58.77734148060336],[42.32799061789766,58.76901336708305],[42.35059549745252,58.74640848752828],[42.35178522795579,58.732131721491875],[42.32918034840013,58.717854955458314],[42.31609331286851,58.69406034539859],[42.323231695886,58.669076004838615],[42.33869819242345,58.633384089750535],[42.31133439085685,58.59055379164604],[42.30895492985111,58.56913864259418],[42.32561115689183,58.53701591901521],[42.36191996927662,58.51596307472484],[42.432114068948614,58.502876039191534],[42.463047062025026,58.50882469170753],[42.49635951610648,58.50049657818632],[42.52967197018792,58.501686308689415],[42.578450920807626,58.48265062064277],[42.614142835894896,58.48265062064277],[42.62960933243315,58.47432250712157],[42.65459367299384,58.48027115963667],[42.6629217865146,58.495737656174214],[42.69266504908774,58.48978900366089],[42.69266504908774,58.47194304611636],[42.71289046763677,58.47313277661945],[42.74025426920409,58.48740954265487],[42.75691049624481,58.47908142913456],[42.753341304735706,58.46123547159003],[42.78189483680629,58.45528681907493],[42.81282782988191,58.429112748011946],[42.82472513491106,58.43387167002307],[42.84970947547174,58.427923017507965],[42.88302192955399,58.435061400526166],[42.929421419167056,58.426733287004964],[43.00080524934241,58.421974364993744],[43.09122476756352,58.420784634491625],[43.150711292709815,58.39936948543889],[43.20781835684947,58.38747218041045],[43.295858414065464,58.376764605883146],[43.322032485129505,58.39580029392979],[43.320842754626234,58.419594903988624],[43.342257903679325,58.43387167002307],[43.37200116625176,58.437440861531286],[43.35415520870848,58.48146089013968],[43.338688712170224,58.48859927315788],[43.30656598859125,58.4981171171812],[43.24826919394832,58.4981171171812],[43.23756161942253,58.51001442220964],[43.23875134992509,58.537378223777495],[43.27444326501316,58.537378223777495],[43.29347895305963,58.52786037975417],[43.343447634181885,58.54570633729781],[43.351775747702646,58.55760364232722],[43.339878442673495,58.57425986936777],[43.318463293620404,58.589726365905314],[43.298237875071294,58.60400313194074],[43.27206380400733,58.60757232344895],[43.26492542098984,58.63017720300381],[43.20543889584364,58.658730735073775],[43.22685404489594,58.70275076368128],[43.25183838545742,58.70988914669939],[43.28158164803057,58.72178645172792],[43.26849461249823,58.743201600781546],[43.300617336077124,58.74439133128455],[43.310135180100445,58.733683756758225],[43.42553903888303,58.734873487261225],[43.44219526592376,58.743201600781546],[43.471938528496906,58.736063217763345],[43.502871521572516,58.739632409273334],[43.495733138555025,58.76580648033631],[43.51595855710494,58.79673947341237],[43.504061252075786,58.8050675869326],[43.50882017408745,58.81339570045381],[43.480266642016865,58.83005192749444],[43.486215294531796,58.83600058000778],[43.464800145479416,58.8467081545341],[43.51595855710494,58.851467076547095],[43.55284020269469,58.87645141710706],[43.56235804671801,58.894297374650705],[43.55878885520962,58.91452279320035],[43.54332235867146,58.927609828733665],[43.51119963509328,58.92285090672156],[43.49454340805256,58.92998928973976],[43.495733138555025,58.94426605577341],[43.50882017408745,58.95259416929363],[43.489784486040094,58.969250396335156],[43.480266642016865,58.99780392840424],[43.41245200335061,58.99899365890813],[43.35415520870848,59.00137311991334],[43.30656598859125,59.02278826896598],[43.307755719094615,59.039444496007505],[43.33274005965529,59.041823957012625],[43.317273563117844,59.05729045355115],[43.314894102112014,59.08584398562111],[43.325601676637895,59.11201805668409],[43.351775747702646,59.129864014228616],[43.381519010275,59.14176131925706],[43.41721092536298,59.14889970227526],[43.41483146435724,59.1596072768007],[43.39222658480159,59.1619867378067],[43.38984712379576,59.190540269876664],[43.349396286696816,59.18459161736334],[43.333929790158564,59.17031485132702],[43.322032485129505,59.15722781579549],[43.27444326501316,59.17269431233312],[43.28158164803057,59.20362730540998],[43.3123717075714,59.21029718887072],[43.33735604813288,59.21981503289404],[43.33616631762961,59.228143146414354],[43.28738736700991,59.261455600497314],[43.245746799407705,59.2507480259701],[43.21838299784119,59.270973444520635],[43.16960404722149,59.29000913256728],[43.17555269973642,59.29952697658971],[43.13510186263669,59.30071670709369],[43.12915321012255,59.28762967156038],[43.15532728118651,59.266214522508534],[43.082753720508684,59.26026586999342],[43.063718032462134,59.243609642953764],[43.064907762964694,59.228143146414354],[43.04944126642724,59.20910745836771],[43.01374935133996,59.22457395490712],[42.99947258530427,59.22457395490712],[42.99233420228687,59.20672799736259]]]]}},{"type":"Feature","properties":{"kind":"district","id":"uyezd-1897-683","name":"Макарьевский","provinceId":"gubernia-1897-47"},"geometry":{"type":"MultiPolygon","coordinates":[[[[43.36287989906283,58.15349184816931],[43.30361369438046,58.15711979180291],[43.2572142047666,58.15711979180291],[43.2465066302408,58.13689437325318],[43.229850403200075,58.1464122172765],[43.215573637165186,58.169017096831354],[43.07875462932941,58.169017096831354],[43.00856052965733,58.16544790532225],[42.96573023155265,58.16306844431615],[42.9502637350152,58.15236086978983],[42.88958747936643,58.1464122172765],[42.8277214932144,58.13451491224619],[42.799167961144526,58.13451491224619],[42.76109658505142,58.117858685206535],[42.7373019749932,58.11666895470265],[42.73849170549576,58.08454623112358],[42.69804086839683,58.03576728050397],[42.74087116650159,58.020300783967315],[42.774183620583045,57.99531644340547],[42.775373351086316,57.96795264183763],[42.7301635919758,57.938209379265544],[42.70517925141432,57.90370719468136],[42.70642968678503,57.8996432797265],[42.71469709543764,57.872774201604415],[42.6742462583387,57.85254878305663],[42.6920922158819,57.8323233645069],[42.67067706682951,57.82042605947659],[42.68019491085283,57.80495956294003],[42.70755871242015,57.77878549187518],[42.681384641356104,57.75974980382854],[42.70874844292342,57.74309357678702],[42.71707655644338,57.720488697232256],[42.74919928002235,57.71810923622704],[42.774183620583045,57.69193516516229],[42.796788500138696,57.68360705164108],[42.81939337969435,57.67052001610955],[42.84675718126087,57.66457136359444],[42.86460313880495,57.67408920761776],[42.87412098282827,57.66457136359444],[42.896725862383924,57.653863789068026],[42.88006963534311,57.646725406050805],[42.87174152182244,57.616982143477834],[42.89791559288639,57.58961834191176],[42.87650044383401,57.58485941989966],[42.87055179131988,57.571772384368124],[42.88125936584567,57.567013462357],[42.85746475578746,57.553926426823594],[42.84675718126087,57.553926426823594],[42.840808528746734,57.54678804380637],[42.843187989752565,57.53727019978305],[42.82177284070018,57.53964966078817],[42.82415230170601,57.51942424224039],[42.850326372770056,57.51823451173641],[42.850326372770056,57.50157828469489],[42.845567450758395,57.49087071017043],[42.85627502528419,57.481352866147105],[42.872931252325714,57.481352866147105],[42.87174152182244,57.4694555611168],[42.84199825924921,57.4694555611168],[42.83604960673516,57.45874798659038],[42.85627502528419,57.44328149005382],[42.837239337237634,57.43733283753774],[42.82177284070018,57.43852256804074],[42.82415230170601,57.415917688485976],[42.86222367779912,57.37784631239269],[42.89315667087473,57.35643116333995],[42.94550481300354,57.35286197183085],[42.999042685634095,57.36000035484816],[43.05852921078029,57.36594900736327],[43.12158492743489,57.35524143283783],[43.14894872900149,57.34096466680152],[43.14894872900149,57.321928978754876],[43.13348223246404,57.29337544668491],[43.12872331045238,57.256493801095516],[43.12753357994911,57.200576467458596],[43.13705142397234,57.1541769778441],[43.13705142397234,57.106587757727496],[43.12753357994911,57.04591150207856],[43.13467196296651,57.011409317495264],[43.16679468654549,56.998322281961954],[43.206055793141864,56.98404551592742],[43.222712020182584,56.948353600840136],[43.23579905571421,56.89005680619721],[43.24769636074328,56.856744352116024],[43.26673204878983,56.81034486250154],[43.29409585035714,56.7984475574731],[43.31908019091871,56.81153459300454],[43.33335695695361,56.83651893356638],[43.364289950029224,56.84960596909782],[43.42615593618055,56.860313543624244],[43.43567378020458,56.87221084865455],[43.46779650378275,56.871021118151454],[43.503488418870035,56.88529788418599],[43.48802192233258,56.89243626720233],[43.497539766355814,56.90790276374085],[43.521334376414025,56.90909249424385],[43.553457099993,56.938835756816815],[43.57606197954786,56.937646026313814],[43.62008200815589,56.97928659391531],[43.63911769620245,56.97928659391531],[43.665291767266496,56.99713255145886],[43.702173412857036,56.99713255145886],[43.7140707178861,56.953112522852244],[43.79021347007311,56.89243626720233],[43.83780269018955,56.91385141625595],[43.83542322918372,56.936456295810814],[43.816387541137075,56.938835756816815],[43.80924915811967,56.944784409332016],[43.79259293107894,56.948353600840136],[43.80330050560474,56.962630366875565],[43.822336193651296,56.97928659391531],[43.812818349627975,56.98642497693342],[43.815197810633805,57.00189147347194],[43.82709511566296,57.012599047998265],[43.83780269018955,57.03877311906125],[43.83066430717206,57.05067042409155],[43.834233498680355,57.06732665113121],[43.83780269018955,57.08279314766973],[43.89015083231746,57.08279314766973],[43.937740052434684,57.074465034148524],[43.97105250651613,57.06137799861788],[44.05433364171975,57.07803422565851],[44.11976881938017,57.08993153068784],[44.11976881938017,57.11015694923758],[44.113820166866034,57.12681317627812],[44.14237369893583,57.14108994231266],[44.15665046497081,57.14941805583298],[44.18044507502893,57.16369482186742],[44.20661914609289,57.16488455237052],[44.21613699011621,57.14703859482777],[44.250639174701014,57.1113466797397],[44.22089591212787,57.0708958426412],[44.21613699011621,57.03163473604491],[44.204239685087146,57.00902985648828],[44.16854776999987,57.00308120397494],[44.14713262094749,56.96144063637256],[44.1744964225148,56.953112522852244],[44.24231106118096,56.96500982788078],[44.33273057940207,56.97333794140198],[44.37794033851267,56.9769071329101],[44.40054521806832,56.98642497693342],[44.420770636618236,56.98642497693342],[44.47192904824288,56.98523524643042],[44.48977500578696,56.99594282095674],[44.5195182683601,57.00070174296885],[44.540933417412404,57.014978509003384],[44.570676679985546,57.029255275037926],[44.583763715517165,57.01973743101549],[44.60041994255789,57.01973743101549],[44.60398913406708,57.03639365805524],[44.6075583255753,57.05423961559977],[44.59923021205542,57.07327530364641],[44.62540428311938,57.07327530364641],[44.62540428311938,57.088741800184835],[44.65395781518916,57.1125364102427],[44.67061404222997,57.13871048130754],[44.67180377273324,57.161315360862304],[44.65460408854906,57.19941611301691],[44.58916891088872,57.20298530452512],[44.52611319423413,57.256523177156836],[44.52254400272503,57.2862664397298],[44.53563103825745,57.29697401425524],[44.51897481121664,57.30411239727344],[44.49042127914686,57.30411239727344],[44.47019586059703,57.30054320576532],[44.44878071154464,57.313630241296764],[44.44640125053881,57.329096737834305],[44.45116017255047,57.33980431236161],[44.46900613009447,57.35646053940127],[44.51778508071337,57.37549622744791],[44.57132295334473,57.377875688454004],[44.57489214485374,57.387393532477326],[44.53682076876072,57.405239490020875],[44.513026158701706,57.4290341000806],[44.472575321602775,57.43736221360083],[44.44759098104137,57.454018440640574],[44.43212448450392,57.470674667682005],[44.380966072878394,57.484951433717434],[44.35241254080861,57.48852062522565],[44.336946044270356,57.51231523528351],[44.37263795935763,57.52897146232503],[44.40119149142822,57.559904455400115],[44.43807313701805,57.57061202992644],[44.46305747757954,57.5920271789782],[44.49161100964942,57.61344232803094],[44.4820931656261,57.63128828557458],[44.48804181814103,57.64913424311911],[44.55347699580145,57.67649804468597],[44.59749702440868,57.69196454122449],[44.63556840050259,57.6943440022305],[44.68315762061893,57.68363642770417],[44.7366954932502,57.716948881785356],[44.73550576274693,57.74550241385532],[44.778336060852496,57.75739971888376],[44.80926905392812,57.79666082548014],[44.85209935203288,57.82283489654489],[44.85804800454781,57.84900896760787],[44.86756584857105,57.871613847164596],[44.861940332735664,57.890561407024535],[44.80007434658434,57.90364844255784],[44.729880246912344,57.92268413060448],[44.72274186389485,57.93815062714114],[44.707275367356694,57.93815062714114],[44.67515264377852,57.91673547808929],[44.61090719662066,57.91197655607816],[44.56569743751005,57.90959709507118],[44.510969834376226,57.895320329037524],[44.38366867056377,57.87271544948089],[44.31585403189761,57.85130030043002],[44.27064427278701,57.876284640989994],[44.21591666965318,57.885802485013315],[44.21948586116148,57.90364844255784],[44.16713771903348,57.94409927965624],[44.125497151431276,57.97027335072109],[44.10051281087058,57.971463081224094],[44.0862360448356,57.98573984725775],[44.05887224326838,58.001206343797065],[44.02555978918693,58.02619068435703],[43.9291916184508,58.0571236774331],[43.86851536280204,58.05950313844008],[43.823305603690734,58.06545179095342],[43.75549096502457,58.08329774849696],[43.76381907854524,58.109471819561804],[43.74954231251035,58.12850750760845],[43.625810340206996,58.123748585596346],[43.60915411316627,58.1047128975497],[43.5770313895873,58.107092358556685],[43.5770313895873,58.123748585596346],[43.54966758802078,58.123748585596346],[43.54133947450002,58.13445616012267],[43.509216750921134,58.136835621129656],[43.498509176395345,58.14992265666119],[43.466386452816366,58.15111238716331],[43.44735076476981,58.14159454313999],[43.36287989906283,58.15349184816931]]]]}},{"type":"Feature","properties":{"kind":"district","id":"uyezd-1897-684","name":"Буйский","provinceId":"gubernia-1897-47"},"geometry":{"type":"MultiPolygon","coordinates":[[[[41.238186735970515,58.812633440280514],[41.20368455138571,58.809064248770525],[41.188218054848264,58.81977182329685],[41.16680290579596,58.81858209279385],[41.16085425328103,58.80668478776532],[41.13705964322282,58.80668478776532],[41.152526139760184,58.78526963871266],[41.18107967183086,58.74719826261938],[41.1763207498192,58.723403652560634],[41.16085425328103,58.69366038998758],[41.13943910422856,58.68414254596426],[41.13586991271946,58.66153766640949],[41.10374718914129,58.656778744398274],[41.10374718914129,58.63655332584854],[41.087090962100646,58.619897098807996],[41.071624465562394,58.61870736830499],[41.045450394498445,58.60681006327468],[41.010948209913636,58.602051141263466],[41.003809826896145,58.58896410573193],[40.94313357124739,58.581825722713816],[40.93106642368849,58.57370191688278],[40.964378877769946,58.56180461185431],[40.99412214034231,58.54633811531585],[41.05122920448275,58.50231808670833],[41.05717785699693,58.485661859666834],[41.11666438214314,58.46424671061504],[41.089300580575866,58.45591859709475],[41.07026489252928,58.44759048357355],[41.07264435353511,58.43450344804205],[41.09524923309078,58.42379587351479],[41.11190546013154,58.420226682006614],[41.11190546013154,58.41189856848541],[41.09405950258747,58.39286288043877],[41.10476707711405,58.3595504263576],[41.11428492113731,58.33099689428764],[41.12380276516063,58.31315093674402],[41.10238761610822,58.300063901212525],[41.100702819970664,58.280073298467826],[41.11260012499972,58.26341707142639],[41.15305096209866,58.26579653243338],[41.16851745863691,58.257468418911195],[41.19945045171253,58.26579653243338],[41.21848613975908,58.257468418911195],[41.235142366799806,58.257468418911195],[41.274403473396184,58.23843273086455],[41.28035212591121,58.226535425837],[41.305336466471886,58.21939704281888],[41.33151053753585,58.21939704281888],[41.34102838155908,58.24200192237365],[41.36601272212065,58.249140305391855],[41.35292568658823,58.25984787991818],[41.36244353061226,58.28126302897003],[41.3850484101672,58.28483222048002],[41.40170463720793,58.244381383379746],[41.37672029664715,58.226535425837],[41.36482299161809,58.202740815778256],[41.37315110513814,58.19084351074892],[41.37196137463558,58.170618092200165],[41.35887433910316,58.16585917018708],[41.3541154170915,58.121839141580466],[41.37315110513814,58.11470075856235],[41.37434083564132,58.09804453152083],[41.40646355921959,58.088526687497506],[41.42311978626022,58.10637264504115],[41.458811701348296,58.088526687497506],[41.47308846738328,58.09447534001262],[41.49331388593231,58.090906148504494],[41.49093442492648,58.08138830448117],[41.463570623359956,58.07424992146297],[41.462380892856686,58.05283477241121],[41.489744694424004,58.037368275872694],[41.50640092146473,58.02190177933426],[41.584923134656684,57.97312282871465],[41.67058373086702,57.97312282871465],[41.74315729154485,57.98620986424707],[41.7657621711005,57.9981071692764],[41.78598758964961,58.02309150983815],[41.76933136260889,58.03498881486668],[41.78360812864378,58.04569638939301],[41.802643816690335,58.03498881486668],[41.82643842674846,58.03498881486668],[41.82643842674846,58.04569638939301],[41.85499195881904,58.04569638939301],[41.8978222569239,58.03141962335758],[41.92280659748539,58.037368275872694],[41.94898066854934,58.03498881486668],[41.97515473961339,58.00762501329972],[42.033451534256315,57.99334824726519],[42.031072073250485,58.014763396317925],[42.01798503771806,58.03141962335758],[42.031072073250485,58.044506658890896],[42.025123420735554,58.05283477241121],[42.00013908017407,58.05521423341633],[41.98467258363662,58.05283477241121],[41.98348285313326,58.06354234693754],[41.963257434584236,58.07306019096086],[41.93708336352019,58.079008843474185],[41.89544279591807,58.09566507051571],[41.89544279591807,58.11589048906447],[41.8704584553565,58.1277877940938],[41.83833573177761,58.120649411077466],[41.803833547193605,58.13016725510079],[41.78598758964961,58.13849536862021],[41.77528001512373,58.1765667447135],[41.76933136260889,58.255088957906075],[41.78003893713539,58.270555454444505],[41.76100324908893,58.278883567964826],[41.73601890852744,58.2681759934385],[41.72769079500668,58.28721168148425],[41.72769079500668,58.30267817802268],[41.73601890852744,58.325283057577536],[41.71936268148663,58.35264685914441],[41.73125998651578,58.36930308618593],[41.72412160349829,58.38595931322745],[41.6919988799194,58.40261554026711],[41.69080914941684,58.425220419823745],[41.664635078352,58.44663556887551],[41.646789120808805,58.47043017893336],[41.646789120808805,58.4954145194952],[41.65987615634043,58.52515778206817],[41.68486049690191,58.539434548102705],[41.74315729154485,58.54181400910969],[41.76933136260889,58.53229616508637],[41.85499195881904,58.52753724307329],[41.88235576038565,58.543003739611805],[41.89901198742638,58.548952392126026],[41.9120990229588,58.548952392126026],[41.92518605849113,58.53110643458328],[41.960877973578405,58.52991670407938],[41.9715855481042,58.52277832106305],[41.98348285313326,58.53229616508637],[42.008467193694834,58.53229616508637],[42.035316914180356,58.53344672750522],[42.02341960915129,58.55843106806786],[42.01866068713963,58.60126136617147],[42.00438392110474,58.60721001868747],[41.99962499909308,58.64290193377386],[41.97345092802912,58.647660855785965],[41.952035778976736,58.700008997913784],[41.96988173651994,58.732131721491875],[41.96631254501163,58.74759821803039],[41.92586170791189,58.741649565515196],[41.88779033181879,58.744029026522185],[41.877082757292996,58.73094199098976],[41.880651948801386,58.69643980640558],[41.84614976421658,58.69643980640558],[41.841390842204916,58.727372799481635],[41.762868629012964,58.735700913001864],[41.75691997649803,58.77734148060336],[41.686725876825946,58.808274473678445],[41.62129069916632,58.80113609066122],[41.58083986206659,58.78804905512969],[41.50469710988047,58.80232582116511],[41.47614357781059,58.780910672111574],[41.42855435769345,58.78804905512969],[41.37858567657128,58.78804905512969],[41.31552995991669,58.796377168650004],[41.28013547745488,58.81496670775779],[41.238186735970515,58.812633440280514]]]]}},{"type":"Feature","properties":{"kind":"district","id":"uyezd-1897-685","name":"Кинешемский","provinceId":"gubernia-1897-47"},"geometry":{"type":"MultiPolygon","coordinates":[[[[41.87720026153951,57.86459296839441],[41.85010084452928,57.84925866413417],[41.82035758195623,57.82784351508143],[41.73112779423768,57.833792167595654],[41.68829749613282,57.831412706589646],[41.64189800651904,57.82070513206323],[41.613344474449164,57.80642836602967],[41.601447169420105,57.79215159999327],[41.613344474449164,57.763598067923304],[41.602636899922665,57.72909588334001],[41.596688247408444,57.708870464790365],[41.57527309835526,57.6815066632234],[41.57289363734943,57.66247097517587],[41.54315037477717,57.61607148556236],[41.56456552382956,57.61607148556236],[41.541960644273814,57.59941525852261],[41.53125306974802,57.58394876198418],[41.58241148137275,57.58037957047597],[41.612154743945894,57.592276875504496],[41.62881097098662,57.582759031481174],[41.63000070148989,57.56729253494266],[41.612154743945894,57.55539522991333],[41.63951854551321,57.529221158849374],[41.63475962350155,57.50185735728339],[41.622862318472485,57.48996005225308],[41.601447169420105,57.47806274722367],[41.59311905589934,57.466165442195226],[41.591929325396876,57.4518886761598],[41.64784665903318,57.436422179622255],[41.66688234707973,57.426904335598934],[41.68829749613282,57.43404271861705],[41.70733318417946,57.44237083213737],[41.765629978822304,57.449509215153704],[41.78823485837725,57.447129754148584],[41.81678839044704,57.42214541358683],[41.83582407849439,57.41738649157561],[41.83582407849439,57.4019199950371],[41.81440892944121,57.39716107302597],[41.78347593636559,57.394781612020765],[41.770388900833964,57.38526376799744],[41.752542943289974,57.35789996642959],[41.768009439828134,57.35671023592748],[41.777527283851455,57.32934643435963],[41.762060787313295,57.32934643435963],[41.75135321278751,57.33053616486272],[41.72517914172266,57.32458751234939],[41.72398941122019,57.292464788769436],[41.735886716249254,57.2793777532379],[41.733507255243424,57.25915233468825],[41.72874833323185,57.23297826362341],[41.74659429077504,57.21870149758976],[41.756112134799075,57.20561446205645],[41.757301865301635,57.19133769602192],[41.769199170330694,57.194906887530124],[41.775147822845625,57.20680419256043],[41.78585539737142,57.203235001050444],[41.79418351089218,57.162784163951954],[41.80674177731202,57.127488825698535],[41.838864500890196,57.13224774770966],[41.85076180591926,57.150093705255166],[41.89240237352146,57.172698584809936],[41.91619698357968,57.14652451374518],[41.96021701218772,57.17864723732513],[42.043498147392135,57.18340615933626],[42.088707906502734,57.195303464364784],[42.11012305555503,57.240513223476185],[42.1565225451689,57.24646187598952],[42.21125014830282,57.24646187598952],[42.223147453331876,57.19173427285658],[42.31237724105043,57.18578562034146],[42.41945298631306,57.214339152411426],[42.402796759272334,57.23813376246929],[42.41826325580979,57.240513223476185],[42.44324759637127,57.230995379452864],[42.46228328441782,57.23337484045807],[42.48369843347021,57.213149421909314],[42.505113582522505,57.21076996090322],[42.53128765358735,57.16912939330181],[42.50392385202004,57.140575861231845],[42.44681678788037,57.141765591732984],[42.44800651838293,57.11202232916188],[42.51939034855829,57.10131475463547],[42.610999597282664,57.11202232916188],[42.70141911550377,57.10369421564067],[42.77875159819325,57.096555832623366],[42.782320789702354,57.11202232916188],[42.771613215175854,57.137006669721856],[42.74424941360845,57.152473166260286],[42.7037985765096,57.160801279779626],[42.68952181047471,57.17150885430693],[42.6728655834339,57.21076996090322],[42.655019625889906,57.227426187942875],[42.62527636331755,57.23932349297229],[42.61694824979679,57.25835918101893],[42.64669151236994,57.30237920962733],[42.67524504443973,57.371383578796674],[42.68238342745722,57.41540360740507],[42.75138779662594,57.42254199042149],[42.82415230170601,57.415917688485976],[42.82177284070018,57.43852256804074],[42.837239337237634,57.43733283753774],[42.85627502528419,57.44328149005382],[42.83604960673516,57.45874798659038],[42.84199825924921,57.4694555611168],[42.87174152182244,57.4694555611168],[42.872931252325714,57.481352866147105],[42.85627502528419,57.481352866147105],[42.845567450758395,57.49087071017043],[42.850326372770056,57.50157828469489],[42.850326372770056,57.51823451173641],[42.82415230170601,57.51942424224039],[42.82177284070018,57.53964966078817],[42.843187989752565,57.53727019978305],[42.840808528746734,57.54678804380637],[42.84675718126087,57.553926426823594],[42.85746475578746,57.553926426823594],[42.88125936584567,57.567013462357],[42.87055179131988,57.571772384368124],[42.87650044383401,57.58485941989966],[42.89791559288639,57.58961834191176],[42.87174152182244,57.616982143477834],[42.88006963534311,57.646725406050805],[42.896725862383924,57.653863789068026],[42.87412098282827,57.66457136359444],[42.86460313880495,57.67408920761776],[42.84675718126087,57.66457136359444],[42.81939337969435,57.67052001610955],[42.796788500138696,57.68360705164108],[42.774183620583045,57.69193516516229],[42.74919928002235,57.71810923622704],[42.71707655644338,57.720488697232256],[42.70874844292342,57.74309357678702],[42.681384641356104,57.75974980382854],[42.70755871242015,57.77878549187518],[42.68019491085283,57.80495956294003],[42.67067706682951,57.82042605947659],[42.6920922158819,57.8323233645069],[42.6742462583387,57.85254878305663],[42.71469709543764,57.872774201604415],[42.70642968678503,57.8996432797265],[42.68383754251598,57.897905422474615],[42.658853201955296,57.90028488348071],[42.61245371234143,57.90504380549282],[42.572002875242575,57.895525961469495],[42.547018534681094,57.87292108191464],[42.508947158587986,57.86935189040465],[42.48991147054143,57.87649027342285],[42.47325524350062,57.86697242939953],[42.46373739947739,57.886008117446174],[42.447081172435865,57.88957730895439],[42.4458914419334,57.901474613983716],[42.46492712997995,57.91932057152735],[42.46849632148905,57.92883841555067],[42.448270902939136,57.93835625957399],[42.40782006584028,57.945494642592195],[42.36380003723225,57.92526922404247],[42.343574618682425,57.906233535995824],[42.36023084572306,57.8967156919725],[42.35666165421476,57.86459296839441],[42.32572866113914,57.86459296839441],[42.2995545900751,57.86935189040465],[42.313831356109986,57.88481838694406],[42.30312378158349,57.8967156919725],[42.25196536995796,57.903854074990704],[42.217463185374044,57.893146500464375],[42.19604803632086,57.883628656441054],[42.16987396525681,57.881249195434066],[42.16511504324515,57.86935189040465],[42.14488962469613,57.87768000392586],[42.131802589163705,57.87292108191464],[42.113956631619715,57.87768000392586],[42.10562851809975,57.86935189040465],[42.05803929798332,57.87530054292074],[42.028296035410264,57.88481838694406],[42.01045007786618,57.87530054292074],[42.030675496416094,57.86459296839441],[42.02710630490691,57.85507512437109],[41.986655467808056,57.85745458537621],[41.94858409171495,57.84674701084988],[41.9331175951767,57.85507512437109],[41.90575379361018,57.8562648548732],[41.87720026153951,57.86459296839441]]]]}}]}
