{"type":"FeatureCollection","features":[{"type":"Feature","properties":{"kind":"province","id":"gubernia-1897-35","name":"Витебская губерния"},"geometry":{"type":"MultiPolygon","coordinates":[[[[27.39240956593715,55.833000051639814],[27.435277787413916,55.81504230521935],[27.50071296507425,55.80314500018905],[27.545922724184848,55.80433473069205],[27.60897844083944,55.79838607817783],[27.725572030125303,55.80671419169904],[27.76007421470931,55.81623203572236],[27.81123262633484,55.81861149672748],[27.831458044884663,55.83050880175601],[27.88023699550436,55.83764718477412],[27.907600797070877,55.84597529829533],[27.92901594612326,55.84002664577933],[27.949241364673085,55.80552446119603],[27.938533790147293,55.76507362409576],[27.934964598638103,55.75079685806122],[27.943292712158865,55.73057143951158],[27.964707861211338,55.71986386498614],[28.003968967806916,55.69012060241309],[28.056317109935716,55.67941302788676],[28.093198755525552,55.67227464486856],[28.111044713069546,55.656808148331905],[28.1300804011161,55.616357311231724],[28.146736628156823,55.59851135368898],[28.172910699220868,55.58542431815566],[28.202653961793924,55.58423458765266],[28.2347766853729,55.57828593513933],[28.266899408951787,55.56043997759569],[28.29188374951256,55.54973240306936],[28.320437281582347,55.54973240306936],[28.302459131760962,55.529492296487646],[28.281043982708578,55.506887416932884],[28.258439103152924,55.4747646933547],[28.278664521702748,55.452159813798076],[28.271526138685346,55.43431385625532],[28.279854252205308,55.41051924619657],[28.277474791199477,55.40338086317846],[28.254869911644533,55.40695005468845],[28.253680181141263,55.39624248016204],[28.24416233711794,55.38910409714393],[28.254869911644533,55.37958625312061],[28.278664521702748,55.37839652261849],[28.29888994025186,55.33556622451398],[28.325064011315906,55.333186763507],[28.34885862137483,55.32366891948368],[28.33577158584241,55.31296134495736],[28.328633202824918,55.295115387413716],[28.357186734894793,55.26775158584773],[28.319115358801685,55.25347481981133],[28.307218053772623,55.24395697578801],[28.302459131760962,55.228490479251356],[28.317925628298415,55.17614233712176],[28.29294128773764,55.16781422360144],[28.273905599691176,55.15591691857211],[28.302459131760916,55.12022500348532],[28.345289429865772,55.12022500348487],[28.38455053646215,55.13212230851518],[28.407155416017805,55.11665581197577],[28.451175444625132,55.10237904594221],[28.47972897669492,55.0892920104089],[28.507092778262233,55.06906659186103],[28.53683604083529,55.05835901733373],[28.515420891782995,55.034564407275866],[28.465452210659937,55.01552871922922],[28.44641652261347,54.99649303118258],[28.42619110406436,54.9643703076045],[28.397637571993773,54.94057569754477],[28.398827302497043,54.925109201008205],[28.417862990543597,54.90369405195547],[28.400017032999603,54.89060701642215],[28.390499188976282,54.876330250388506],[28.413104068531936,54.84658698781554],[28.415483529537767,54.82160264725378],[28.44641652261347,54.81327453373258],[28.507092778262233,54.8204129167507],[28.501144125748013,54.840638335300426],[28.530887388320448,54.84658698781554],[28.555871728881844,54.82993076077402],[28.553492267876013,54.81922318624769],[28.558251189887674,54.80970534222437],[28.579666338940058,54.81208480323046],[28.609409601513203,54.81922318624769],[28.63796313358299,54.82636156926589],[28.655809091126983,54.8227923777559],[28.64748097760622,54.81089507272738],[28.678413970681927,54.81089507272738],[28.706967502751713,54.81446426423558],[28.74384914834235,54.81684372524257],[28.766454027898003,54.81327453373258],[28.759315644880513,54.80375668970926],[28.767643758400563,54.791859384680734],[28.79619729047035,54.79423884568594],[28.829509744552595,54.791859384680734],[28.871150312154004,54.788290193173495],[28.879478425674765,54.80137722870404],[28.929447106797024,54.81446426423557],[28.968708213393313,54.83231022177921],[28.980605518422465,54.84420752680854],[29.00796931998978,54.84777671831853],[29.015107703007182,54.82279237775589],[29.040092043567956,54.815653994738575],[29.042471504573786,54.793049115183805],[29.06269692312361,54.80018749820103],[29.06388665362688,54.81089507272736],[29.07102503664437,54.818033455745564],[29.11623479575488,54.83231022177921],[29.157875363357178,54.8251718387619],[29.21379269699428,54.815653994738575],[29.26376137811645,54.80018749820103],[29.306591676221217,54.82041291675068],[29.304212215215387,54.85253564032885],[29.306591676221217,54.879899441896704],[29.31373005923862,54.89893512994335],[29.32324790326194,54.90964270446878],[29.337524669296833,54.91440162648178],[29.363698740360878,54.91321189597788],[29.389872811425633,54.904883782458455],[29.38035496740231,54.89060701642214],[29.392252272431463,54.8787097113937],[29.406529038466356,54.85253564032885],[29.42437499600964,54.8727610588785],[29.448169606067854,54.891796746925145],[29.47910259914427,54.91440162648178],[29.515984244734017,54.941765428047844],[29.538589124289672,54.95723192458628],[29.570667783775384,54.99349667287878],[29.6016007768518,55.02323993545175],[29.633723500429976,55.062501042048126],[29.65513864948236,55.09224430462109],[29.695589486582097,55.10890053166164],[29.726522479657714,55.11841837568407],[29.737230054183506,55.1338848722225],[29.737230054183506,55.145782177251036],[29.732471132171845,55.15173082976614],[29.729298517497938,55.16349594251728],[29.7376266310179,55.16825486452947],[29.753093127556152,55.17182405603759],[29.778077468117637,55.17539324754581],[29.805441269684152,55.193239205089355],[29.83637426275977,55.20632624062276],[29.858979142315512,55.208705701628766],[29.874445638853675,55.20394677961578],[29.874445638853675,55.189670013581235],[29.879204560865336,55.181341900060914],[29.90537863192938,55.17539324754581],[29.930362972490066,55.16944459503247],[29.967244618080613,55.16587540352249],[29.99817761115623,55.15992675100915],[30.00888518568282,55.14208079346463],[30.030300334735205,55.14089106296163],[30.01007491618538,55.11828618340677],[29.99698788065376,55.12066564441287],[29.977952192607205,55.12066564441287],[29.985090575624696,55.107578608879464],[29.987470036630437,55.09568130385102],[30.00412626367116,55.08021480731348],[30.00888518568282,55.05166127524352],[30.021972221215155,55.0492818142384],[30.038628448255967,55.05404073624864],[30.083838207366476,55.07069696329016],[30.121909583459583,55.05879965826172],[30.143324732511967,55.04690235323142],[30.184965300114175,55.025487204178674],[30.214708562687054,55.01715909065845],[30.255159399786464,55.02310774317357],[30.294420506383005,55.02429747367569],[30.346768648510704,55.02429747367569],[30.35628649253391,55.01477962965237],[30.372942719574553,55.01477962965237],[30.39078867711885,55.02191801267054],[30.409824365165264,55.038574239712034],[30.409824365165264,55.059989388764734],[30.434808705726994,55.06355858027382],[30.482397925843088,55.05404073624959],[30.489536308860465,55.06593804127806],[30.54783310350348,55.068317502285936],[30.57519690507098,55.07664561580532],[30.612078550660954,55.07902507680956],[30.62754504719868,55.0849737293247],[30.662047231783617,55.07664561580532],[30.678703458824202,55.081404537816525],[30.69654941636776,55.07664561580532],[30.702498068882278,55.06355858027382],[30.764364055033923,55.04452289222627],[30.790538126097772,55.05047154474141],[30.81314300565373,55.04095370071809],[30.828609502191455,55.048092083735355],[30.828609502191455,55.0623688497717],[30.840506807220436,55.07426615479926],[30.872629530798804,55.10638887837831],[30.899993332366307,55.11590672240163],[30.9475825524824,55.11828618340769],[30.95947985751144,55.13970133245948],[30.964238779523043,55.16468567302127],[30.944013360974267,55.17539324754583],[30.932116055945116,55.19442893559247],[30.915459828904392,55.20156731861058],[30.90237279337206,55.22298246766243],[30.90594198488107,55.23012085068054],[30.892854949348738,55.237259233698744],[30.885716566331247,55.26343330476172],[30.8452657292324,55.28246899280836],[30.822660849676744,55.28246899280836],[30.80124570062436,55.29436629783867],[30.8139361593223,55.32067256117993],[30.825833464351362,55.339708249226575],[30.86033564893537,55.355174745765],[30.891268642011784,55.37421043381164],[30.92339136558996,55.3980050438695],[30.985257351741993,55.38967693034918],[30.994775195765314,55.37896935582286],[31.054261720910716,55.36112339827922],[31.07686660046646,55.36707205079442],[31.091143366501353,55.36469258978832],[31.11969689857114,55.38610773884106],[31.12088662907441,55.3980050438695],[31.103040671530415,55.407522887892824],[31.103040671530415,55.418230462419146],[31.11969689857114,55.420609923424266],[31.143491508629353,55.43488668946067],[31.18394234572829,55.43488668946067],[31.219634260816367,55.421799653927366],[31.249377523388624,55.412281809904044],[31.2815002469676,55.407522887892824],[31.29458728250002,55.412281809904044],[31.307674318031644,55.42655857593947],[31.3374175806047,55.44202507247701],[31.3826273397153,55.46344022153063],[31.431406290334998,55.47414779605696],[31.501600390006992,55.49556294510872],[31.54681014911759,55.51816782466358],[31.581312333702307,55.54910081773964],[31.60748640476635,55.55385973975174],[31.622952901304515,55.57170569729627],[31.674111312930044,55.60144895986835],[31.70147511449656,55.631192222441314],[31.716941611034812,55.654986832499176],[31.738356760087107,55.68116090356402],[31.731218377069705,55.721611740662425],[31.764530831151152,55.7525447337384],[31.829966008811574,55.76801123027691],[31.849001696858128,55.77277015228715],[31.85495034937306,55.78823664882656],[31.827586547805744,55.792995570836894],[31.795463824226857,55.812031258883536],[31.765720561654422,55.83106694693018],[31.75144379561953,55.84534371296649],[31.74906433461299,55.86675886201825],[31.76215137014532,55.881035628052786],[31.76215137014532,55.903640507609424],[31.791894632718467,55.93576323118759],[31.787135710706806,55.96193730225244],[31.816878973279152,55.96431676325756],[31.80855085975919,56.00595733085906],[31.802352533105918,56.037727698404524],[31.769040079024382,56.043676350919725],[31.745245468966257,56.03534823739852],[31.71074328438145,56.04248662041663],[31.664343794767582,56.050814733936065],[31.629841610183664,56.040107159409644],[31.633410801691966,56.06509149997149],[31.623892957668733,56.06509149997149],[31.59533942559886,56.048435272929964],[31.581062659563965,56.06390176946937],[31.565596163025802,56.06390176946937],[31.54656047497925,56.055573655948166],[31.537042630955927,56.06509149997149],[31.523955595423594,56.06271203896637],[31.51086855989197,56.05438392544605],[31.49659179385699,56.06390176946937],[31.477556105810525,56.06390176946937],[31.464469070278103,56.048435272929964],[31.471607453295505,56.037727698404524],[31.458520417763882,56.0270201238782],[31.44186419072245,56.0282098543812],[31.40260308412678,55.99846659180824],[31.34073709797475,55.963964407223074],[31.271732728806025,55.965154137727055],[31.226522969695427,55.978241173258596],[31.178933749578288,56.00322551382034],[31.149190487005942,56.00917416633456],[31.125395876947728,56.0222612018661],[31.115878032923696,56.061522308463275],[31.093273153368752,56.055573655948166],[31.07542719582476,56.056763386451166],[31.052822316269904,56.053194194943046],[31.042114741743312,56.06747096097661],[31.018320131685098,56.061522308463275],[30.98976659961531,56.03296877639331],[30.97430010307706,56.03296877639331],[30.954074684527235,56.03653796790152],[30.93028007446902,56.0282098543812],[30.916003308434128,56.0222612018661],[30.906485464410807,56.00798443583156],[30.889829237370083,56.00798443583156],[30.87912166284358,56.00560497482644],[30.863655166306128,55.983000095269716],[30.846998939265404,55.977051442755496],[30.81844540719553,55.977051442755496],[30.794650797136605,55.973482251246395],[30.774425378587434,55.949687641188554],[30.72207723645878,55.96158494621885],[30.71255939243546,55.978241173258596],[30.7113696619329,56.01036389683668],[30.704231278915497,56.05200446443995],[30.675677746845622,56.057953116954174],[30.66378044181656,56.06390176946937],[30.638796101255075,56.07579907449781],[30.611035722853366,56.07857511233759],[30.603897339835875,56.09166214787001],[30.588430843298422,56.10950810541365],[30.52775458764966,56.13925136798662],[30.489683211556553,56.14757948150694],[30.462319409989238,56.16423570854846],[30.436145338925282,56.1701843610617],[30.399263693334646,56.16066651703838],[30.36476150874993,56.14757948150694],[30.348105281709206,56.134492445975404],[30.3100339056161,56.126164332455176],[30.277911182037123,56.14282055949484],[30.273152260025462,56.15947678653538],[30.290998217569545,56.17851247458202],[30.287429026060444,56.19159951011444],[30.27077279901972,56.199927623634764],[30.2612549549964,56.198737893131664],[30.21961438739499,56.205876276149866],[30.21247600437679,56.21539412017319],[30.16726624526619,56.22967088620773],[30.16726624526619,56.24156819123803],[30.15536894023713,56.24751684375137],[30.16726624526619,56.270121723307994],[30.15536894023713,56.271311453811],[30.15417920973457,56.28082929783432],[30.122056486155593,56.28320875883944],[30.089933762576706,56.277260106324334],[30.070898074530152,56.25346549626647],[30.05067265598033,56.24751684375137],[30.031636967933686,56.24751684375137],[30.018549932402063,56.25346549626647],[30.0030834358639,56.25346549626647],[29.979288825805686,56.28201902833733],[29.976909364799855,56.30105471638397],[29.985237478320617,56.3129520214125],[30.066139152518492,56.34150555348246],[30.093502954085807,56.32960824845394],[30.11134891162909,56.33436717046426],[30.123246216658153,56.353402858510904],[30.131574330178914,56.37957692957575],[30.097072145594197,56.39266396510719],[30.064949422015932,56.39266396510719],[30.043534272962837,56.38790504309509],[30.029257506927944,56.39385369561029],[30.020929393407894,56.41407911415993],[29.99832451385224,56.41764830566805],[29.922181761666113,56.42240722768025],[29.85198766199403,56.427166149691374],[29.79250113684774,56.430735341201455],[29.731824881199778,56.4497710292481],[29.664010242533525,56.46404779528166],[29.59857506487319,56.47475536980798],[29.554540348234273,56.45489715203257],[29.554540348234273,56.42277442845261],[29.54145331270185,56.40016954889785],[29.564058192257594,56.373995477833006],[29.59975010734487,56.35020086777514],[29.65328797997623,56.36090844230147],[29.679462051040186,56.33949329324882],[29.70087720009257,56.31569868319008],[29.658046901987802,56.30618083916676],[29.635442022432148,56.307370569670645],[29.611647412373934,56.31569868319008],[29.584283610806708,56.30261164765854],[29.554540348234273,56.31331922218398],[29.5497814262227,56.3252165272134],[29.48315651805901,56.32045760520218],[29.43318783693675,56.34068302375182],[29.364183467768026,56.36566736431358],[29.360614276258925,56.40849766241808],[29.32730182217748,56.41920523694449],[29.32730182217748,56.440620385996255],[29.366562928773856,56.45489715203257],[29.357045084750535,56.49296852812586],[29.28090233256361,56.50129664164528],[29.252348800493824,56.52866044321215],[29.13694494171123,56.529850173715246],[29.13694494171123,56.54650640075579],[29.150031977242765,56.545316670253676],[29.164308743277658,56.556024244780005],[29.158360090763527,56.56316262779731],[29.17739577881008,56.56911128031153],[29.170257395792678,56.58338804634696],[29.1345654807054,56.59290589037028],[29.07626868606238,56.58338804634696],[29.058422728518387,56.57505993282665],[29.041766501477664,56.57981885483697],[29.027489735442682,56.57268047182063],[29.034628118460173,56.556024244780005],[29.02630000494021,56.520332329691925],[28.96919294079975,56.49772745013707],[28.879963153081203,56.50724529416039],[28.80738959240329,56.49534798913106],[28.728867379211334,56.47750203158742],[28.71102142166725,56.48939933661586],[28.70388303864976,56.50486583315438],[28.682467889597465,56.5120042161725],[28.678898698088364,56.535798826230355],[28.667001393059213,56.55840370578521],[28.65153489652185,56.55840370578521],[28.622981364451263,56.56911128031153],[28.612273789925382,56.58933669886029],[28.570633222323174,56.586957237855174],[28.515905619189343,56.56911128031153],[28.530182385224325,56.527470712709146],[28.483782895610457,56.523901521201026],[28.50519804466275,56.508435024662504],[28.482593165107897,56.50129664164528],[28.487352087119557,56.47512257058044],[28.49924939214862,56.44537930800925],[28.426675831470796,56.43348200297894],[28.38979418588016,56.439430655494135],[28.374327689341996,56.439430655494135],[28.34696388777548,56.452517691025584],[28.34101523526046,56.47631230108442],[28.330307660734757,56.47988149259254],[28.313651433693945,56.522711790697045],[28.28985682363502,56.52866044321215],[28.277959518605957,56.538178287235475],[28.28747736262919,56.55245505327001],[28.279149249109228,56.56197289729333],[28.275580057600127,56.596475081878495],[28.260113561062674,56.610751847913036],[28.270821135588466,56.622649152943254],[28.23869841201029,56.6452540324981],[28.222042184968856,56.632166996966575],[28.206575688431403,56.62621834445146],[28.19348865289898,56.63335672746966],[28.194678383402252,56.65596160702443],[28.167314581834937,56.69046379160959],[28.13400212775349,56.69641244412293],[28.110207517695276,56.686894600099606],[28.074515602608,56.682135678089274],[28.012649616455967,56.70949947965623],[27.999562580924344,56.70593028814625],[27.997183119918514,56.6892740611065],[27.986475545391922,56.68808433060261],[27.97695770136869,56.69998163563291],[27.97338850985959,56.71068921015924],[27.944834977789714,56.72496597619289],[27.947214438795545,56.73448382021621],[27.909143062702437,56.745191394742534],[27.913901984714098,56.754709238765855],[27.898435488175934,56.754709238765855],[27.887727913650142,56.76184762178406],[27.916281445719928,56.78326277083582],[27.947214438795545,56.78445250133882],[27.947214438795545,56.79278061485914],[27.93293767276065,56.80348818938546],[27.943645247287243,56.81419576391179],[27.97933716237452,56.81776495542],[27.961491204830438,56.832041721455425],[27.97338850985959,56.832041721455425],[27.97338850985959,56.842749295981754],[27.93161574997999,56.837593797135966],[27.899493026401014,56.837593797135966],[27.895923834892713,56.863767868200725],[27.86974976382787,56.86733705970893],[27.87331895533706,56.88399328675045],[27.81502216069404,56.88518301725346],[27.812642699688208,56.873285712224046],[27.787658359126812,56.86971652071405],[27.77338159309183,56.85781921568561],[27.735310216998723,56.85068083266741],[27.704377223923107,56.842352719147186],[27.67701342235579,56.841162988644086],[27.68296207487081,56.87090625121715],[27.701997762917276,56.87804463423526],[27.699618301911446,56.8970803222819],[27.713895067946428,56.908977627310435],[27.704377223923107,56.92682358485496],[27.692479918894044,56.93277223737007],[27.700808032414006,56.95299765591972],[27.71270533744307,56.96132576944003],[27.713895067946428,56.96965388295937],[27.72460264247293,57.03508906061961],[27.746017791525315,57.05531447916926],[27.742448600016214,57.071970706210784],[27.760294557560297,57.09338585526255],[27.72103345096383,57.11004208230407],[27.7222231814671,57.1231291178356],[27.749586983033705,57.13859561437403],[27.797176203150045,57.15644157191679],[27.811452969185737,57.16239022443189],[27.811452969185737,57.17309779895733],[27.840006501255612,57.18737456499365],[27.83286811823812,57.20284106153029],[27.82454000471736,57.207599983543375],[27.841196231758083,57.23258432410336],[27.856662728296246,57.23377405460636],[27.845955153769744,57.27303516120264],[27.853093536787146,57.290881118746285],[27.838816770752253,57.302778423775614],[27.82810919622646,57.32538330333047],[27.800745394659145,57.33252168634956],[27.791227550635913,57.32657303383445],[27.77219186258936,57.32657303383445],[27.763863749068598,57.35274710489921],[27.744828061022044,57.365834140430735],[27.698428571408176,57.365834140430735],[27.642511237771785,57.39676713350582],[27.581834982123024,57.41223363004336],[27.537814953514985,57.42770012658188],[27.503312768930268,57.450305006136645],[27.46643112333972,57.447925545131525],[27.445015974287248,57.458633119656966],[27.40932405920006,57.44435635362332],[27.397426754170997,57.43959743161032],[27.390472377861332,57.3894825261159],[27.414266987919547,57.34070357549629],[27.402369682890395,57.29668354688879],[27.346452349253294,57.27169920632694],[27.315519356177678,57.259801901296726],[27.298863129136954,57.26337109280574],[27.286965824107803,57.24790459626908],[27.252463639523086,57.24314567425698],[27.209633341418318,57.225299716712456],[27.188218192366023,57.225299716712456],[27.17037223482194,57.21697160319222],[27.16323385180445,57.19793591514558],[27.145387894261166,57.193176993134365],[27.12159328420304,57.17176184408251],[27.094229482635726,57.16819265257253],[27.078762986097473,57.14320831201255],[27.06686568106841,57.128931545976236],[27.033553226986964,57.1146547799417],[27.00618942541965,57.10037801390627],[26.990722928882196,57.07182448183631],[26.95741047479995,57.044460680270326],[26.938374786753396,57.03851202775513],[26.91814936820437,57.03970175825822],[26.91101098518688,57.031373644737016],[26.887216375128755,57.025424992223684],[26.897923949654547,57.01590714820036],[26.890785566637057,56.99925092115884],[26.911539754298666,57.00057284394012],[26.92819598134019,56.9827268863956],[26.92819598134019,56.96963985086406],[26.915108945807766,56.96131173734375],[26.93295490335185,56.94703497130921],[26.975785201456617,56.93513766627899],[26.969836548941686,56.92205063074746],[26.982923584474108,56.90182521219781],[27.001959272520573,56.897066290185705],[27.005528464029673,56.88635871566116],[26.98768250648568,56.87684087163784],[26.951990591398403,56.86137437509932],[26.93414463385441,56.84590787856089],[26.904401371281264,56.82568246001124],[26.89131433574964,56.77809323989463],[26.792566704007772,56.77333431788342],[26.750926136405564,56.761437012854884],[26.658127157177827,56.826872190514244],[26.634332547119612,56.81735434649092],[26.645040121646204,56.81021596347459],[26.603399554043996,56.79474946693518],[26.596261171026505,56.80069811945127],[26.56889736945928,56.79118027542795],[26.57365629147085,56.77333431788342],[26.559379525435958,56.76857539587131],[26.557000064430127,56.7578678213449],[26.546292489904335,56.75072943832856],[26.532015723869442,56.736452672292245],[26.51416976632536,56.73526294179013],[26.491564886769794,56.7233656367616],[26.47847785123817,56.71265806223528],[26.454683241179957,56.703140218211956],[26.42018105659524,56.701950487708956],[26.40828375156609,56.681725069159306],[26.41304267357775,56.65198180658536],[26.36783291446715,56.6269974660245],[26.328571807870507,56.607961777977856],[26.30239773680673,56.61985908300727],[26.273844204736942,56.61510016099606],[26.235772828643036,56.60915150848086],[26.21316794908818,56.64127423205903],[26.190563069532526,56.65674072859747],[26.177476034000104,56.67815587764932],[26.15487115444525,56.67458668614199],[26.127507352877934,56.66506884211778],[26.078728402258236,56.648412615077234],[26.060882444714952,56.63056665753271],[26.00020618906619,56.62461800501938],[26.00139591956875,56.63770504055083],[25.976411579007976,56.669827764128996],[25.932391550400027,56.66744830312388],[25.919304514867605,56.6769661471472],[25.853869337207183,56.668638033625996],[25.801521195079182,56.66387911161567],[25.78486496803846,56.660309920105675],[25.753931974962843,56.62461800501938],[25.765563263431748,56.62342174650171],[25.77508110745587,56.6115244414723],[25.753665958402685,56.59605794493564],[25.752476227900125,56.575832526385994],[25.77389137695251,56.567504412865674],[25.772701646450038,56.54727899431603],[25.82623951908051,56.54133034180083],[25.860741703665227,56.51753573174307],[25.923797420319907,56.506828157215764],[25.9416433778639,56.48779246917],[26.008268286026794,56.47708489464457],[26.070134272178116,56.45685947609492],[26.08916996022547,56.435444327041296],[26.10106726525453,56.41521890849165],[26.161743520902494,56.39142429843379],[26.177210017440746,56.350973461335386],[26.203384088504702,56.279589631159055],[26.19743543599057,56.24865663808486],[26.217660854539684,56.23437987204943],[26.23907600359198,56.22129283651613],[26.277632084705296,56.21014462106365],[26.315703460798403,56.1804013584906],[26.34425699286899,56.13876079088919],[26.34782618437729,56.101879145298014],[26.364482411418013,56.04715154216498],[26.374000255441246,56.00194178305359],[26.40136405700865,55.979336903498734],[26.45847112114822,55.94840391042179],[26.45966085165158,55.92817849187214],[26.51319872428285,55.89367630728884],[26.55483929188435,55.877020080247405],[26.595290128983997,55.877020080247405],[26.632171774573834,55.886537924270726],[26.682140455696715,55.93293741388513],[26.71069398776659,55.93888606639847],[26.734488597824804,55.929368222375146],[26.746385902853866,55.912711995335485],[26.76899078240952,55.906763342820376],[26.791595661964465,55.919850378351825],[26.81301081101676,55.929368222375146],[26.834425960069943,55.92698876136913],[26.86178976163646,55.911522264832485],[26.887963832700503,55.912711995335485],[26.890343293706245,55.922229839358806],[26.91889682577692,55.93293741388513],[26.939122244325944,55.929368222375146],[26.953399010360926,55.89486603779096],[26.991470386454743,55.89367630728884],[27.01645472701543,55.886537924270726],[27.043818528582833,55.890107115778854],[27.043818528582833,55.903194151312164],[27.07356179115589,55.91509145634069],[27.110443436745726,55.90200442080916],[27.149704543342104,55.91747091734581],[27.172309422897758,55.91747091734581],[27.18777591943521,55.890107115778854],[27.23774460055818,55.88058927175553],[27.28295435966878,55.88296873276252],[27.310318161236093,55.877020080247405],[27.3650457643701,55.85322547019],[27.39240956593715,55.833000051639814]]]]}},{"type":"Feature","properties":{"kind":"district","id":"uyezd-1897-94","name":"Купровский","provinceId":"gubernia-1897-35"},"geometry":{"type":"MultiPolygon","coordinates":[[[[27.503312768930268,57.45030500613663],[27.46643112333972,57.44792554513151],[27.445015974287248,57.45863311965695],[27.40932405920006,57.4443563536233],[27.397426754170997,57.43959743161031],[27.390472377861332,57.389482526115884],[27.414266987919547,57.34070357549627],[27.402369682890395,57.296683546888765],[27.346452349253294,57.27169920632693],[27.315519356177678,57.25980190129671],[27.298863129136954,57.26337109280572],[27.286965824107803,57.247904596269066],[27.252463639523086,57.243145674256965],[27.209633341418318,57.225299716712435],[27.188218192366023,57.225299716712435],[27.17037223482194,57.216971603192206],[27.16323385180445,57.197935915145564],[27.145387894261166,57.193176993134344],[27.12159328420304,57.171761844082496],[27.094229482635726,57.16819265257251],[27.078762986097473,57.14320831201253],[27.06686568106841,57.128931545976215],[27.033553226986964,57.11465477994168],[27.00618942541965,57.10037801390625],[26.990722928882196,57.07182448183629],[26.95741047479995,57.044460680270305],[26.938374786753396,57.03851202775511],[26.91814936820437,57.039701758258204],[26.91101098518688,57.031373644737],[26.887216375128755,57.02542499222366],[26.897923949654547,57.01590714820034],[26.890785566637057,56.99925092115882],[26.911539754298666,57.000572843940105],[26.92819598134019,56.98272688639558],[26.92819598134019,56.96963985086404],[26.915108945807766,56.96131173734373],[26.93295490335185,56.94703497130919],[26.975785201456617,56.935137666278976],[26.969836548941686,56.922050630747435],[26.982923584474108,56.90182521219779],[27.001959272520573,56.89706629018569],[27.005528464029673,56.88635871566114],[26.98768250648568,56.87684087163782],[26.951990591398403,56.8613743750993],[26.93414463385441,56.845907878560865],[26.97573733607216,56.83214111024152],[26.985255180095482,56.81191569169187],[27.098279577872244,56.78455189012402],[27.105417960889646,56.75956754956405],[27.144679067486113,56.736962670007415],[27.206545053637345,56.7286345564871],[27.248185621239642,56.72625509548109],[27.317189990408366,56.76551620207738],[27.351692174993083,56.77622377660371],[27.369538132537077,56.77622377660371],[27.32908729543743,56.747670244533744],[27.356451097004744,56.72268590397288],[27.33741540895819,56.71911671246378],[27.327897564934958,56.71078859894444],[27.352881905495643,56.70127075492112],[27.377866246057128,56.70840913793745],[27.408799239132744,56.69413237190292],[27.454008998244053,56.70840913793745],[27.518254445401205,56.71554752095565],[27.509926331880443,56.73339347849921],[27.518254445401205,56.745290783527736],[27.54204905545933,56.741721592018635],[27.555136090991752,56.72625509548109],[27.59439719758742,56.72387563447589],[27.619381538148815,56.6858042583826],[27.657452914241922,56.686993988884716],[27.678868063295106,56.686993988884716],[27.70385240385579,56.69770156341113],[27.70385240385579,56.70959886844046],[27.731216205423195,56.71197832944745],[27.74430324095473,56.71673725145777],[27.76214919849881,56.71673725145777],[27.789513000066126,56.727444825984094],[27.782374617048635,56.73815240051042],[27.782374617048635,56.75837781906016],[27.80735895760932,56.769085393587375],[27.827584376159145,56.77622377660371],[27.822825454147573,56.79406973414734],[27.80378976610102,56.801208117165544],[27.75739027648715,56.801208117165544],[27.713370247879112,56.815484883200085],[27.684816715809326,56.816674613703086],[27.672919410780175,56.825002727223406],[27.67701342235579,56.84116298864407],[27.68296207487081,56.87090625121713],[27.701997762917276,56.87804463423524],[27.699618301911446,56.89708032228188],[27.713895067946428,56.90897762731041],[27.704377223923107,56.926823584854944],[27.692479918894044,56.932772237370045],[27.700808032414006,56.952997655919695],[27.71270533744307,56.96132576944001],[27.713895067946428,56.96965388295935],[27.72460264247293,57.0350890606196],[27.746017791525315,57.05531447916924],[27.742448600016214,57.07197070621076],[27.760294557560297,57.093385855262525],[27.72103345096383,57.11004208230405],[27.7222231814671,57.12312911783559],[27.749586983033705,57.13859561437401],[27.797176203150045,57.156441571916766],[27.811452969185737,57.162390224431874],[27.811452969185737,57.173097798957315],[27.840006501255612,57.187374564993625],[27.83286811823812,57.20284106153028],[27.82454000471736,57.20759998354336],[27.841196231758083,57.232584324103335],[27.856662728296246,57.23377405460634],[27.845955153769744,57.27303516120263],[27.853093536787146,57.29088111874627],[27.838816770752253,57.30277842377559],[27.82810919622646,57.325383303330455],[27.800745394659145,57.33252168634954],[27.791227550635913,57.326573033834435],[27.77219186258936,57.326573033834435],[27.763863749068598,57.35274710489919],[27.744828061022044,57.36583414043072],[27.698428571408176,57.36583414043072],[27.642511237771785,57.396767133505804],[27.581834982123024,57.412233630043346],[27.537814953514985,57.42770012658187],[27.503312768930268,57.45030500613663]]]]}},{"type":"Feature","properties":{"kind":"district","id":"uyezd-1897-95","name":"Двинский","provinceId":"gubernia-1897-35"},"geometry":{"type":"MultiPolygon","coordinates":[[[[26.23907600359198,56.221292836516106],[26.277632084705296,56.210144621063634],[26.315703460798403,56.18040135849058],[26.34425699286899,56.138760790889165],[26.34782618437729,56.101879145298],[26.364482411418013,56.04715154216497],[26.374000255441246,56.00194178305357],[26.40136405700865,55.97933690349872],[26.45847112114822,55.94840391042177],[26.45966085165158,55.92817849187212],[26.51319872428285,55.89367630728883],[26.55483929188435,55.87702008024739],[26.595290128983997,55.87702008024739],[26.632171774573834,55.88653792427071],[26.682140455696715,55.932937413885114],[26.71069398776659,55.938886066398446],[26.734488597824804,55.929368222375125],[26.746385902853866,55.91271199533547],[26.76899078240952,55.906763342820355],[26.791595661964465,55.9198503783518],[26.81301081101676,55.929368222375125],[26.834425960069943,55.92698876136912],[26.86178976163646,55.91152226483246],[26.887963832700503,55.91271199533547],[26.890343293706245,55.92222983935879],[26.91889682577692,55.932937413885114],[26.939122244325944,55.929368222375125],[26.953399010360926,55.89486603779094],[26.991470386454743,55.89367630728883],[27.01645472701543,55.88653792427071],[27.043818528582833,55.89010711577883],[27.043818528582833,55.90319415131215],[27.07356179115589,55.915091456340676],[27.110443436745726,55.90200442080914],[27.149704543342104,55.917470917345796],[27.172309422897758,55.917470917345796],[27.18777591943521,55.89010711577883],[27.23774460055818,55.88058927175551],[27.28295435966878,55.8829687327625],[27.310318161236093,55.87702008024739],[27.365045764369924,55.85322547018953],[27.383854991231917,55.860913025720905],[27.40527014028439,55.865671947732125],[27.43858259436628,55.85615410370791],[27.458808012915572,55.85853356471401],[27.47070531794499,55.86686167823521],[27.462377204424318,55.88232817477187],[27.467136126436245,55.901363862819395],[27.480223161968045,55.910881706841835],[27.488551275488717,55.920399550865156],[27.486171814483242,55.93467631690058],[27.482602622974497,55.96204011846745],[27.488551275488717,55.97512715400076],[27.494499928003115,55.99892176405773],[27.49687938900948,56.02033691311047],[27.50996642454119,56.031044487637686],[27.54327887862317,56.02509583512169],[27.574211871698786,56.01557799109925],[27.601575673265568,55.997732033554726],[27.626560013826786,56.01676772160226],[27.637267588353023,56.03461367914501],[27.65630327639993,56.04532125367222],[27.66225192891424,56.02747529612769],[27.705082227019275,56.00487041657195],[27.709841149031202,55.994162842046514],[27.731256298083675,55.992973111543506],[27.76099956065602,55.99059365053741],[27.770517404679964,55.994162842046514],[27.784794170714946,55.991783381040506],[27.8073990502698,55.996542303051726],[27.8335731213342,56.00487041657195],[27.85379853988358,56.02271637411648],[27.883541802456726,56.03699314015191],[27.92518237005849,56.05959801970765],[27.896628837988526,56.067926133227964],[27.88592126346229,56.086961821274606],[27.854988270386674,56.09053101278184],[27.831193660328637,56.10123858730914],[27.80026066725231,56.12146400585879],[27.76099956065602,56.1190845448518],[27.76099956065602,56.132171580384224],[27.745533064118657,56.13098184988122],[27.74077414210673,56.11551535334457],[27.61704216980373,56.11789481435058],[27.60990378678624,56.10242831781126],[27.568263219184388,56.10242831781126],[27.54922753113748,56.10956670082848],[27.50996642454119,56.1226537363618],[27.484982083979972,56.12622292787],[27.475464239957006,56.138120232898444],[27.423116097828117,56.144068885414534],[27.400511218273174,56.18570945301603],[27.368388494694464,56.19998621905145],[27.298194395022648,56.224970559611435],[27.270830593455155,56.22853975112142],[27.22681056484774,56.226160290114436],[27.20896460730401,56.235678134138645],[27.20063649378325,56.2630419357056],[27.179221344730777,56.26899058821982],[27.163754848192614,56.27493924073404],[27.147098621152068,56.27493924073404],[27.134011585620268,56.24519597816108],[27.111406706064614,56.22853975112142],[27.09594020952645,56.21902190709712],[27.084042904497743,56.22259109860711],[27.06976613846276,56.224970559611435],[27.048350989410288,56.235678134138645],[26.95793147118838,56.27969816274526],[26.93056766962151,56.301113311798005],[26.912721712077783,56.32609765235975],[26.882978449504638,56.32609765235975],[26.828250846370985,56.34275387940127],[26.764005399213566,56.34632307091029],[26.750918363681766,56.35584091493272],[26.735451867143603,56.36059983694393],[26.749728633178584,56.386773908007896],[26.742590250161093,56.40699932655843],[26.761625938208002,56.41413770957574],[26.77233351273424,56.42127609259386],[26.659309114956677,56.487901000757105],[26.64622207942479,56.49147019226531],[26.637893965904205,56.48552153975109],[26.62123773886357,56.478383156733784],[26.599822589811097,56.476003695726796],[26.579597171261806,56.48195234824111],[26.558182022209333,56.479572887236785],[26.545094986676734,56.458157738184134],[26.517731185109863,56.448639894159925],[26.4891776530399,56.446260433153824],[26.465383042981863,56.42008636208996],[26.399947865321174,56.41175824856964],[26.376153255263137,56.42365555359808],[26.373773794257573,56.44745016365683],[26.382101907777447,56.46529612120136],[26.37734298576632,56.476003695726796],[26.355927836713846,56.49503938377344],[26.33213322665492,56.50931614980797],[26.296441311567467,56.514075071821054],[26.286923467544412,56.5235929158434],[26.301200233579394,56.53667995137671],[26.296441311567467,56.54738752590224],[26.307148886093703,56.55333617841646],[26.29763104207065,56.564043752943675],[26.315476999614376,56.59497674601786],[26.328571807870773,56.607961777977835],[26.30239773680673,56.619859083007256],[26.273844204736942,56.615100160996036],[26.235772828643036,56.60915150848084],[26.21316794908818,56.64127423205902],[26.190563069532526,56.65674072859745],[26.177476034000104,56.6781558776493],[26.15487115444525,56.67458668614198],[26.127507352877934,56.66506884211776],[26.078728402258236,56.64841261507722],[26.060882444714952,56.6305666575327],[26.00020618906619,56.62461800501936],[26.00139591956875,56.637705040550806],[25.976411579007976,56.66982776412898],[25.932391550400027,56.66744830312386],[25.919304514867605,56.67696614714718],[25.853869337207183,56.66863803362598],[25.801521195079182,56.66387911161565],[25.78486496803846,56.66030992010566],[25.753931974962843,56.62461800501936],[25.765563263431748,56.62342174650169],[25.77508110745587,56.61152444147228],[25.753665958402685,56.59605794493562],[25.752476227900125,56.57583252638598],[25.77389137695251,56.56750441286566],[25.772701646450038,56.54727899431602],[25.82623951908051,56.541330341800816],[25.860741703665227,56.517535731743045],[25.923797420319907,56.50682815721574],[25.9416433778639,56.48779246916999],[26.008268286026794,56.47708489464455],[26.070134272178116,56.456859476094905],[26.08916996022547,56.43544432704128],[26.10106726525453,56.41521890849163],[26.161743520902494,56.391424298433776],[26.177210017440746,56.35097346133537],[26.203384088504702,56.27958963115904],[26.19743543599057,56.24865663808484],[26.217660854539684,56.234379872049416],[26.23907600359198,56.221292836516106]]]]}},{"type":"Feature","properties":{"kind":"district","id":"uyezd-1897-96","name":"Люцинский","provinceId":"gubernia-1897-35"},"geometry":{"type":"MultiPolygon","coordinates":[[[[27.657452914241922,56.686993988884716],[27.660665621577465,56.67032634453698],[27.622594245483647,56.65842903950765],[27.605938018442924,56.65129065649034],[27.611886670957766,56.64177281246702],[27.623783975986917,56.634634429448816],[27.615455862466156,56.626306315929476],[27.604748287940364,56.63106523794069],[27.5892817914022,56.63106523794069],[27.58809206089964,56.614409010899166],[27.596420174419602,56.59061440084131],[27.615455862466156,56.57871709581287],[27.598799635425433,56.560871138269235],[27.546451493297432,56.552543024748026],[27.52979526625671,56.54183545022259],[27.52622607474761,56.531127875696264],[27.557159067823225,56.51328191815173],[27.560728259332326,56.48591811658478],[27.605938018442924,56.48948730809299],[27.63092235900441,56.48948730809299],[27.651147777554232,56.47045162004635],[27.672562926606616,56.46569269803513],[27.673752657109087,56.453795393006686],[27.716582955213855,56.445467279485484],[27.723721338231346,56.44070835747338],[27.713013763705554,56.43238024395395],[27.73799810426695,56.39787805936888],[27.72966999074619,56.38360129333434],[27.711824033202195,56.37646291031703],[27.699926728173132,56.35623749176738],[27.721341877225516,56.34315045623585],[27.730859721249548,56.32530449869141],[27.722531607728786,56.31697638517109],[27.721341877225516,56.300320158129566],[27.74275702627861,56.28604339209592],[27.73918783476951,56.2705768955566],[27.755844061810233,56.25511039901995],[27.784397593880108,56.25986932103116],[27.78915651589168,56.24321309398964],[27.79629489890917,56.220608214434876],[27.808192203939033,56.20514171789635],[27.822468969973926,56.20752117890334],[27.831986813997247,56.19919306538213],[27.830797083493888,56.17896764683338],[27.84150465802048,56.136137348727104],[27.90099118316597,56.11829139118435],[27.90456037467507,56.092117320119506],[27.922406332218355,56.08140974559407],[27.92518237005849,56.05959801970765],[27.97184624422874,56.082731668374464],[28.013486811830948,56.13626954100529],[28.02419438635674,56.14697711553161],[28.06821441496478,56.156494959554934],[28.102716599549495,56.1493565765386],[28.12532147910444,56.17077172559036],[28.145546897654263,56.17077172559036],[28.17885935173571,56.186238222127905],[28.193136117770692,56.22906852023338],[28.209792344811415,56.27070908783479],[28.22525884134958,56.275468009847785],[28.23358695486954,56.28617558437233],[28.23120749386371,56.28974477588143],[28.24072533788703,56.30283181141385],[28.241915068390302,56.314729116442294],[28.18004908223907,56.386112946618624],[28.18361827374737,56.44322001075855],[28.161013394191716,56.467014620816414],[28.141977706145163,56.480101656347856],[28.13483932312776,56.4979476138915],[28.138408514636772,56.52293195445325],[28.12294201809861,56.52769087646446],[28.107475521561156,56.53720872048778],[28.1300804011161,56.553864947529306],[28.143167436648433,56.57171090507295],[28.143167436648433,56.59193632362259],[28.121752287596138,56.59669524563381],[28.096767947034564,56.59074659311959],[28.067024684461508,56.60026443714193],[28.02062519484844,56.59074659311959],[28.005158698310186,56.60978228116525],[27.996830584789425,56.634766621727096],[27.97184624422874,56.67164826731729],[27.986123010263633,56.6775969198316],[27.986475545391922,56.68808433060259],[27.97695770136869,56.699981635632895],[27.97338850985959,56.71068921015922],[27.944834977789714,56.72496597619287],[27.947214438795545,56.73448382021619],[27.909143062702437,56.74519139474252],[27.913901984714098,56.75470923876584],[27.898435488175934,56.75470923876584],[27.887727913650142,56.76184762178404],[27.916281445719928,56.783262770835805],[27.947214438795545,56.784452501338805],[27.947214438795545,56.792780614859126],[27.93293767276065,56.80348818938545],[27.943645247287243,56.81419576391177],[27.97933716237452,56.81776495541999],[27.961491204830438,56.83204172145541],[27.97338850985959,56.83204172145541],[27.97338850985959,56.84274929598173],[27.93161574997999,56.83759379713595],[27.899493026401014,56.83759379713595],[27.895923834892713,56.8637678682007],[27.86974976382787,56.867337059708916],[27.87331895533706,56.88399328675044],[27.81502216069404,56.88518301725344],[27.812642699688208,56.873285712224025],[27.787658359126812,56.869716520714036],[27.77338159309183,56.857819215685595],[27.735310216998723,56.85068083266739],[27.704377223923107,56.842352719147165],[27.67701342235579,56.84116298864407],[27.672919410780175,56.825002727223406],[27.684816715809326,56.816674613703086],[27.713370247879112,56.815484883200085],[27.75739027648715,56.801208117165544],[27.80378976610102,56.801208117165544],[27.822825454147573,56.79406973414734],[27.827584376159145,56.77622377660371],[27.80735895760932,56.769085393587375],[27.782374617048635,56.75837781906016],[27.782374617048635,56.73815240051042],[27.789513000066126,56.727444825984094],[27.76214919849881,56.71673725145777],[27.74430324095473,56.71673725145777],[27.731216205423195,56.71197832944745],[27.70385240385579,56.70959886844046],[27.70385240385579,56.69770156341113],[27.678868063295106,56.686993988884716],[27.657452914241922,56.686993988884716]]]]}},{"type":"Feature","properties":{"kind":"district","id":"uyezd-1897-98","name":"Дриссенский","provinceId":"gubernia-1897-35"},"geometry":{"type":"MultiPolygon","coordinates":[[[[27.39240956593715,55.8330000516398],[27.435277787413916,55.81504230521935],[27.50071296507425,55.80314500018905],[27.545922724184848,55.80433473069205],[27.60897844083944,55.79838607817783],[27.725572030125303,55.80671419169904],[27.76007421470931,55.81623203572236],[27.81123262633484,55.81861149672748],[27.831458044884663,55.83050880175601],[27.88023699550436,55.83764718477412],[27.907600797070877,55.84597529829533],[27.92901594612326,55.84002664577933],[27.949241364673085,55.80552446119603],[27.938533790147293,55.76507362409576],[27.934964598638103,55.75079685806122],[27.943292712158865,55.73057143951158],[27.964707861211338,55.71986386498614],[28.003968967806916,55.69012060241309],[28.056317109935716,55.67941302788676],[28.093198755525552,55.67227464486856],[28.111044713069546,55.656808148331905],[28.1300804011161,55.616357311231724],[28.146736628156823,55.59851135368898],[28.172910699220868,55.58542431815566],[28.202653961793924,55.58423458765266],[28.2347766853729,55.57828593513933],[28.266899408951787,55.56043997759569],[28.29188374951256,55.54973240306936],[28.320437281582347,55.54973240306936],[28.351370274658763,55.553301594577576],[28.373975154213706,55.553301594577576],[28.38468272874021,55.53426590653093],[28.410856799804254,55.52712752351273],[28.43822060137157,55.51523021848429],[28.464394672435525,55.512850757479086],[28.457256289418122,55.53188644552573],[28.44892817589736,55.559250247092685],[28.45011790640063,55.580665396145335],[28.465584402938084,55.590183240168656],[28.459635750423864,55.616357311231724],[28.481050899476337,55.629444346764146],[28.465584402938084,55.671084914366446],[28.462015211429694,55.68298221939497],[28.465584402938084,55.70915629045973],[28.38944165075187,55.715104942973056],[28.406097877792593,55.73057143951158],[28.457256289418122,55.73889955303278],[28.466774133441355,55.75436604956944],[28.470343324949745,55.7852990426463],[28.433461679359908,55.79481688666962],[28.432271948856638,55.80552446119603],[28.459635750423864,55.80790392220115],[28.479861168972977,55.81147311370937],[28.511983892551953,55.83764718477412],[28.566711495685784,55.84716502879744],[28.584557453229777,55.83764718477412],[28.60240341077386,55.848354759300534],[28.622628829322885,55.84240610678533],[28.639285056363608,55.861441794831975],[28.657131013907602,55.86263152533498],[28.673787240948414,55.88642613539382],[28.639285056363608,55.90427209293826],[28.64880290038693,55.91141047595557],[28.677356432457515,55.90784128444558],[28.689253737486577,55.93282562500822],[28.667838588434194,55.945912660539754],[28.669028318936753,55.960189426575184],[28.685684545977477,55.98755322814125],[28.676166701954244,55.99469161115937],[28.70472023402403,56.01372729920601],[28.70947915603569,55.99826080266757],[28.717807269556452,55.99112241964937],[28.739222418608747,55.98398403663304],[28.754688915147,55.97684565361484],[28.797519213251768,55.97208673160273],[28.827262475824824,55.95305104355707],[28.846298163871467,55.955430504563076],[28.835590589344875,55.969707270598505],[28.840349511356447,55.98636349763816],[28.835590589344875,55.99350188065636],[28.837970050350705,56.0053991856848],[28.85343654688887,56.01848622121811],[28.841539241859806,56.03038352624576],[28.849867355379768,56.06726517183594],[28.890318192478706,56.09462897340379],[28.86771331292376,56.101767356421995],[28.839159780853976,56.08511112938047],[28.785621908222616,56.086300859882584],[28.765396489672792,56.06845490233904],[28.723755922070584,56.06131651932262],[28.7023407730182,56.04585002278418],[28.666648857930923,56.02800406524143],[28.664269396925093,56.03990137026908],[28.65118236139276,56.0541781363045],[28.65118236139276,56.07202409384902],[28.633336403849476,56.07321382435114],[28.60359314127633,56.06964463284204],[28.611921254797092,56.087490590385684],[28.6464234393811,56.093439242900786],[28.678546162959986,56.111285200445316],[28.64166451736944,56.11723385295865],[28.575039609206456,56.11723385295865],[28.529829850095947,56.12318250547376],[28.476291977464676,56.118423583462544],[28.416805452319185,56.098198164912006],[28.326385934097278,56.07083436334594],[28.2835556359926,56.09462897340379],[28.23596641587537,56.12437223597587],[28.1824285432449,56.14816684603559],[28.145546897654263,56.17077172559036],[28.12532147910444,56.17077172559036],[28.102716599549495,56.1493565765386],[28.06821441496478,56.156494959554934],[28.02419438635674,56.14697711553161],[28.013486811830948,56.13626954100529],[27.97184624422874,56.082731668374464],[27.92518237005849,56.05959801970765],[27.883541802456726,56.03699314015191],[27.85379853988358,56.02271637411648],[27.8335731213342,56.00487041657195],[27.8073990502698,55.996542303051726],[27.784794170714946,55.991783381040506],[27.770517404679964,55.994162842046514],[27.76099956065602,55.99059365053741],[27.731256298083675,55.992973111543506],[27.709841149031202,55.994162842046514],[27.705082227019275,56.00487041657195],[27.66225192891424,56.02747529612769],[27.65630327639993,56.04532125367222],[27.637267588353023,56.03461367914501],[27.626560013826786,56.01676772160226],[27.601575673265568,55.997732033554726],[27.574211871698786,56.01557799109925],[27.54327887862317,56.02509583512169],[27.50996642454119,56.031044487637686],[27.49687938900948,56.02033691311047],[27.494499928003115,55.99892176405773],[27.488551275488717,55.97512715400076],[27.482602622974497,55.96204011846745],[27.486171814483242,55.93467631690058],[27.488551275488717,55.920399550865156],[27.480223161968045,55.910881706841835],[27.467136126436245,55.901363862819395],[27.462377204424318,55.88232817477187],[27.47070531794499,55.86686167823521],[27.458808012915572,55.85853356471401],[27.43858259436628,55.85615410370791],[27.40527014028439,55.865671947732125],[27.383854991231917,55.860913025720905],[27.365045764369924,55.85322547018953],[27.39240956593715,55.8330000516398]]]]}},{"type":"Feature","properties":{"kind":"district","id":"uyezd-1897-100","name":"Невельский","provinceId":"gubernia-1897-35"},"geometry":{"type":"MultiPolygon","coordinates":[[[[30.638796101255075,56.075799074497795],[30.611035722853366,56.078575112337575],[30.603897339835875,56.09166214787],[30.588430843298422,56.10950810541364],[30.52775458764966,56.1392513679866],[30.489683211556553,56.147579481506924],[30.462319409989238,56.164235708548446],[30.436145338925282,56.170184361061686],[30.399263693334646,56.160666517038365],[30.36476150874993,56.147579481506924],[30.348105281709206,56.13449244597538],[30.3100339056161,56.12616433245516],[30.277911182037123,56.142820559494815],[30.273152260025462,56.159476786535365],[30.290998217569545,56.17851247458201],[30.287429026060444,56.19159951011443],[30.27077279901972,56.19992762363474],[30.2612549549964,56.19873789313165],[30.21961438739499,56.20587627614985],[30.21247600437679,56.21539412017317],[30.16726624526619,56.229670886207714],[30.16726624526619,56.24156819123802],[30.15536894023713,56.24751684375135],[30.16726624526619,56.27012172330798],[30.15536894023713,56.27131145381098],[30.15417920973457,56.2808292978343],[30.122056486155593,56.28320875883942],[30.089933762576706,56.27726010632432],[30.070898074530152,56.25346549626646],[30.05067265598033,56.24751684375135],[30.031636967933686,56.24751684375135],[30.018549932402063,56.25346549626646],[30.0030834358639,56.25346549626646],[29.979288825805686,56.28201902833731],[29.976909364799855,56.30105471638395],[29.985237478320617,56.312952021412485],[30.066139152518492,56.34150555348245],[30.093502954085807,56.329608248453916],[30.11134891162909,56.33436717046425],[30.123246216658153,56.35340285851089],[30.131574330178914,56.379576929575734],[30.097072145594197,56.392663965107175],[30.064949422015932,56.392663965107175],[30.043534272962837,56.387905043095074],[30.029257506927944,56.39385369561027],[30.020929393407894,56.41407911415992],[29.99832451385224,56.41764830566804],[29.922181761666113,56.42240722768023],[29.85198766199403,56.42716614969136],[29.79250113684774,56.43073534120144],[29.731824881199778,56.44977102924808],[29.664010242533525,56.464047795281644],[29.59857506487319,56.474755369807966],[29.554540348234273,56.45489715203255],[29.554540348234273,56.4227744284526],[29.54145331270185,56.400169548897836],[29.564058192257594,56.37399547783299],[29.59975010734487,56.35020086777513],[29.65328797997623,56.36090844230145],[29.679462051040186,56.33949329324881],[29.70087720009257,56.31569868319006],[29.658046901987802,56.306180839166736],[29.635442022432148,56.307370569670624],[29.611647412373934,56.31569868319006],[29.584283610806708,56.30261164765852],[29.554540348234273,56.313319222183964],[29.5497814262227,56.32521652721338],[29.48315651805901,56.320457605202165],[29.44460041455942,56.31503756509212],[29.431513379027,56.299571068553604],[29.38392415891066,56.27577645849574],[29.3339554777884,56.26149969246032],[29.270899761133897,56.24484346542066],[29.261381917110576,56.228187238379135],[29.273279222139728,56.22104885536102],[29.263761378116406,56.18416720977163],[29.248294881578243,56.15680340820476],[29.204274852970205,56.110403918590265],[29.17929051240943,56.065194159480555],[29.18523916492365,56.05329685445034],[29.159065093859606,56.05210712394725],[29.154306171847946,56.03545089690759],[29.17929051240943,56.02712278338727],[29.195946739450154,56.01403574785397],[29.242346229064022,56.00927682584275],[29.301832754209514,55.984292485280996],[29.363698740360835,55.97596437176068],[29.39701119444308,55.97001571924734],[29.43389284003283,55.95216976170282],[29.419616073997936,55.93670326516439],[29.464825833109245,55.921236768627736],[29.43865176204449,55.912908655106534],[29.418426343495376,55.90101135007809],[29.3827344284081,55.90933946359841],[29.39344200293389,55.89149350605477],[29.39344200293389,55.86769889599513],[29.38154469790483,55.84866320794849],[29.367267931869936,55.810591831855206],[29.358939818349175,55.79512533531855],[29.37678577589317,55.76895126425371],[29.398200924945552,55.752295037214054],[29.44697987556525,55.72612096614921],[29.49694855668742,55.70470581709745],[29.530261010769667,55.71184420011467],[29.558814542839542,55.71541339162288],[29.571901578371165,55.71660312212589],[29.580229691891837,55.73563881017253],[29.60045511044095,55.73920800168074],[29.631388103517367,55.74634638469885],[29.665890288101373,55.75943342023039],[29.70396166419519,55.7677615337507],[29.718238430230173,55.78322803028914],[29.74798169280243,55.79750479632367],[29.75868926732902,55.77965883878092],[29.795570912919658,55.78441776079214],[29.870523934603312,55.83081725040485],[29.86457528208838,55.85104266895539],[29.846729324544388,55.88554485353957],[29.91454396321055,55.887924314544776],[29.979979140870974,55.908149733094426],[30.01686078646152,55.914098385609535],[30.047793779537226,55.90577027208842],[30.06682946758378,55.914098385609535],[30.085865155630334,55.8962524280651],[30.129885184238372,55.8962524280651],[30.16081817731399,55.88197566203145],[30.22030470246019,55.86531943498993],[30.26789392257662,55.88435512303657],[30.27265284458828,55.90458054158621],[30.26551446157079,55.91885730762173],[30.244099312518404,55.93908272617138],[30.240530121009304,55.96287733622923],[30.27146311408572,55.985482215784],[30.27027338358245,56.00570763433373],[30.292878263138103,56.01879466986607],[30.290498802132273,56.0390200884158],[30.31548314269296,56.03664062741059],[30.348795596775204,56.01998440036916],[30.364262093312657,55.990241137796104],[30.42255888795559,55.997379520814306],[30.44040484549967,56.00094871232252],[30.453491881031294,55.998569251317306],[30.461819994551966,55.98072329377278],[30.48204541310108,55.964067066731346],[30.511788675674225,55.95692868371404],[30.511788675674225,55.94741083969072],[30.493942718130143,55.93075461265106],[30.497511909639243,55.914098385609535],[30.517737328189156,55.90933946359841],[30.511788675674225,55.8962524280651],[30.522885263794333,55.88885470265169],[30.526065441709118,55.886734584041776],[30.545101129755672,55.87483727901325],[30.555808704282263,55.88197566203145],[30.571275200819716,55.88911404504778],[30.571275200819716,55.899821619575086],[30.58555196685532,55.912908655106534],[30.630761725965918,55.90101135007809],[30.656935797029874,55.90458054158621],[30.673592024070686,55.902201080580205],[30.702145556140472,55.92480596013506],[30.73902720173102,55.92599569063806],[30.765201272795064,55.93670326516439],[30.77442537858749,55.94968764118861],[30.72207723645878,55.96158494621883],[30.71255939243546,55.978241173258574],[30.7113696619329,56.010363896836665],[30.704231278915497,56.05200446443993],[30.675677746845622,56.05795311695415],[30.66378044181656,56.063901769469354],[30.638796101255075,56.075799074497795]]]]}},{"type":"Feature","properties":{"kind":"district","id":"uyezd-1897-101","name":"Велижский","provinceId":"gubernia-1897-35"},"geometry":{"type":"MultiPolygon","coordinates":[[[[30.522885263794333,55.88885470265169],[30.50817542007266,55.877466436544665],[30.49865757604934,55.84415398246348],[30.492708923535208,55.83463613844016],[30.49151919303185,55.80846206737532],[30.473673235488654,55.794185301339894],[30.470104043979553,55.78109826580836],[30.50936515057593,55.74897554223027],[30.527211108119126,55.74421662021719],[30.539108413148277,55.74540635072029],[30.54862625717231,55.73945769820695],[30.56052356220137,55.75016527273239],[30.60454359080861,55.731129584685746],[30.620010087346863,55.714473357646085],[30.641425236399247,55.69900686110757],[30.66878903796656,55.68948901708425],[30.649753349920008,55.68235063406614],[30.641425236399247,55.67283279004282],[30.6568917329375,55.6656944070255],[30.671168498972392,55.64189979696764],[30.683065804001455,55.639520335960654],[30.692583648024776,55.64665871897975],[30.687824726013115,55.6621252155164],[30.696152839533077,55.6656944070255],[30.7092398750655,55.6656944070255],[30.740172868141116,55.61453599539979],[30.685445265007285,55.59193111584503],[30.689014456515586,55.572895427798386],[30.65570200243414,55.566946775283185],[30.65332254142831,55.558618661762964],[30.642614966902517,55.555049470254744],[30.623579278855253,55.57051596679318],[30.60692305181444,55.57051596679318],[30.598594938294568,55.578844080313495],[30.583128441756315,55.574085158301386],[30.596215477288737,55.558618661762964],[30.635476583885115,55.522926746676575],[30.642614966902517,55.502701328126925],[30.644994427908347,55.47176833505095],[30.65213281092584,55.45987103002065],[30.637856044890857,55.43369695895767],[30.66521984645746,55.41347154040793],[30.693773378527247,55.411092079400944],[30.71399879707716,55.39562558286438],[30.729465293615323,55.38134881682984],[30.740172868141116,55.36469258978832],[30.76396747819933,55.35279528475988],[30.780623705240053,55.340897979729576],[30.794900471275746,55.32067256117993],[30.8139361593223,55.32067256117993],[30.825833464351362,55.339708249226575],[30.86033564893537,55.355174745765],[30.891268642011784,55.37421043381164],[30.92339136558996,55.3980050438695],[30.985257351741993,55.38967693034918],[30.994775195765314,55.37896935582286],[31.054261720910716,55.36112339827922],[31.07686660046646,55.36707205079442],[31.091143366501353,55.36469258978832],[31.11969689857114,55.38610773884106],[31.12088662907441,55.3980050438695],[31.103040671530415,55.407522887892824],[31.103040671530415,55.418230462419146],[31.11969689857114,55.420609923424266],[31.143491508629353,55.43488668946067],[31.18394234572829,55.43488668946067],[31.219634260816367,55.421799653927366],[31.249377523388624,55.412281809904044],[31.2815002469676,55.407522887892824],[31.29458728250002,55.412281809904044],[31.307674318031644,55.42655857593947],[31.3374175806047,55.44202507247701],[31.3826273397153,55.46344022153063],[31.431406290334998,55.47414779605696],[31.501600390006992,55.49556294510872],[31.54681014911759,55.51816782466358],[31.581312333702307,55.54910081773964],[31.60748640476635,55.55385973975174],[31.622952901304515,55.57170569729627],[31.674111312930044,55.60144895986835],[31.70147511449656,55.631192222441314],[31.716941611034812,55.654986832499176],[31.738356760087107,55.68116090356402],[31.731218377069705,55.721611740662425],[31.764530831151152,55.7525447337384],[31.829966008811574,55.76801123027691],[31.849001696858128,55.77277015228715],[31.85495034937306,55.78823664882656],[31.827586547805744,55.792995570836894],[31.795463824226857,55.812031258883536],[31.765720561654422,55.83106694693018],[31.75144379561953,55.84534371296649],[31.74906433461299,55.86675886201825],[31.76215137014532,55.881035628052786],[31.76215137014532,55.903640507609424],[31.791894632718467,55.93576323118759],[31.787135710706806,55.96193730225244],[31.816878973279152,55.96431676325756],[31.80855085975919,56.00595733085906],[31.802352533105918,56.03772769840451],[31.769040079024382,56.04367635091971],[31.745245468966257,56.0353482373985],[31.71074328438145,56.04248662041661],[31.664343794767582,56.05081473393604],[31.629841610183664,56.04010715940963],[31.633410801691966,56.06509149997147],[31.623892957668733,56.06509149997147],[31.59533942559886,56.04843527292995],[31.581062659563965,56.063901769469354],[31.565596163025802,56.063901769469354],[31.54656047497925,56.05557365594815],[31.537042630955927,56.06509149997147],[31.523955595423594,56.06271203896635],[31.51086855989197,56.05438392544603],[31.49659179385699,56.063901769469354],[31.477556105810525,56.063901769469354],[31.464469070278103,56.04843527292995],[31.471607453295505,56.03772769840451],[31.458520417763882,56.02702012387819],[31.44186419072245,56.02820985438119],[31.40260308412678,55.998466591808224],[31.34073709797475,55.96396440722306],[31.271732728806025,55.96515413772704],[31.226522969695427,55.978241173258574],[31.178933749578288,56.003225513820325],[31.149190487005942,56.009174166334546],[31.125395876947728,56.02226120186608],[31.115878032923696,56.06152230846325],[31.093273153368752,56.05557365594815],[31.07542719582476,56.05676338645115],[31.052822316269904,56.05319419494303],[31.042114741743312,56.06747096097659],[31.018320131685098,56.06152230846325],[30.98976659961531,56.03296877639329],[30.97430010307706,56.03296877639329],[30.954074684527235,56.03653796790151],[30.93028007446902,56.02820985438119],[30.916003308434128,56.02226120186608],[30.906485464410807,56.007984435831546],[30.889829237370083,56.007984435831546],[30.87912166284358,56.005604974826426],[30.863655166306128,55.9830000952697],[30.846998939265404,55.97705144275548],[30.81844540719553,55.97705144275548],[30.794650797136605,55.97348225124638],[30.77442537858749,55.94968764118861],[30.765201272795064,55.93670326516439],[30.73902720173102,55.92599569063806],[30.702145556140472,55.92480596013506],[30.673592024070686,55.902201080580205],[30.656935797029874,55.90458054158621],[30.630761725965918,55.90101135007809],[30.58555196685532,55.912908655106534],[30.571275200819716,55.899821619575086],[30.571275200819716,55.88911404504778],[30.555808704282263,55.88197566203145],[30.545101129755672,55.87483727901325],[30.526065441709118,55.886734584041776],[30.522885263794333,55.88885470265169]]]]}},{"type":"Feature","properties":{"kind":"district","id":"uyezd-1897-102","name":"Витебский","provinceId":"gubernia-1897-35"},"geometry":{"type":"MultiPolygon","coordinates":[[[[30.596215477288737,55.558618661762964],[30.584318172259586,55.54910081773964],[30.530780299628315,55.54791108723654],[30.477242426996956,55.53720351271022],[30.427273745874786,55.53601378220722],[30.382063986763477,55.54315216522533],[30.34161314966454,55.54672135673354],[30.282126624519048,55.532444590699896],[30.209553063841224,55.52411647717869],[30.166722765736456,55.51697809416058],[30.115564354111015,55.47652725706208],[30.066785403491316,55.43369695895767],[30.03109348840404,55.42536884543735],[29.987073459796,55.420609923424266],[29.912120438112346,55.428938036945475],[29.87999771453337,55.43131749795069],[29.81575226737622,55.421799653927366],[29.761024664242388,55.406333157390705],[29.72057382714274,55.3932461218574],[29.653948918979758,55.415851001414026],[29.606359698863418,55.38134881682984],[29.605169968360148,55.36707205079442],[29.596841854840097,55.3504158237529],[29.603980237857588,55.32543148319105],[29.62539538690997,55.32186229168293],[29.645620805458996,55.30401633414019],[29.592082932828525,55.28854983760175],[29.61111862087508,55.257616844526666],[29.587324010816864,55.258806575028785],[29.56590886176368,55.257616844526666],[29.56828832276951,55.23144277346182],[29.577806166792833,55.21716600742729],[29.576616436290273,55.198130319380645],[29.593272663331085,55.185043283847335],[29.61944673439504,55.176715170327014],[29.630154308921632,55.16600759580069],[29.648000266464827,55.16005894328736],[29.688451103564564,55.15054109926404],[29.709866252616948,55.14935136876103],[29.732471132171803,55.15173082976615],[29.729298517497895,55.163495942517294],[29.737626631017857,55.16825486452949],[29.75309312755611,55.17182405603761],[29.778077468117594,55.17539324754583],[29.80544126968411,55.19323920508937],[29.836374262759726,55.20632624062277],[29.85897914231547,55.20870570162878],[29.874445638853633,55.20394677961579],[29.874445638853633,55.18967001358125],[29.879204560865293,55.18134190006093],[29.905378631929338,55.17539324754583],[29.930362972490023,55.16944459503249],[29.96724461808057,55.165875403522506],[29.998177611156187,55.159926751009166],[30.00888518568278,55.14208079346464],[30.030300334735163,55.14089106296164],[30.01007491618534,55.11828618340678],[29.996987880653716,55.12066564441288],[29.977952192607162,55.12066564441288],[29.985090575624653,55.10757860887948],[29.987470036630395,55.09568130385104],[30.004126263671118,55.080214807313496],[30.00888518568278,55.05166127524353],[30.021972221215112,55.04928181423841],[30.038628448255924,55.05404073624865],[30.083838207366433,55.070696963290175],[30.12190958345954,55.058799658261734],[30.143324732511925,55.04690235323143],[30.184965300114133,55.02548720417869],[30.214708562687278,55.01715909065847],[30.255159399786216,55.02310774317357],[30.294420506382593,55.02429747367569],[30.346768648510594,55.02429747367569],[30.356286492533826,55.01477962965237],[30.372942719574638,55.01477962965237],[30.390788677118632,55.02191801267057],[30.409824365165186,55.038574239712005],[30.409824365165186,55.05998938876385],[30.43480870572667,55.06355858027197],[30.48239792584301,55.05404073624865],[30.4895363088605,55.06593804127807],[30.54783310350352,55.068317502285055],[30.575196905070747,55.07664561580529],[30.612078550660584,55.079025076809515],[30.627545047198836,55.084973729324716],[30.662047231783554,55.07664561580529],[30.678703458824277,55.0814045378165],[30.69654941636756,55.07664561580529],[30.70249806888249,55.06355858027197],[30.764364055033724,55.04452289222533],[30.79053812609777,55.05047154474053],[30.813143005653423,55.04095370071721],[30.828609502191586,55.04809208373533],[30.828609502191586,55.06236884976986],[30.840506807220738,55.074266154798394],[30.872629530798825,55.10638887837834],[30.89999333236623,55.11590672240166],[30.94758255248257,55.11828618340678],[30.95947985751163,55.13970133245952],[30.964238779523292,55.164685673019406],[30.944013360974267,55.17539324754583],[30.932116055945116,55.19442893559247],[30.915459828904392,55.20156731861058],[30.90237279337206,55.22298246766243],[30.90594198488107,55.23012085068054],[30.892854949348738,55.237259233698744],[30.885716566331247,55.26343330476172],[30.8452657292324,55.28246899280836],[30.822660849676744,55.28246899280836],[30.80124570062436,55.29436629783867],[30.8139361593223,55.32067256117993],[30.794900471275746,55.32067256117993],[30.780623705240053,55.340897979729576],[30.76396747819933,55.35279528475988],[30.740172868141116,55.36469258978832],[30.729465293615323,55.38134881682984],[30.71399879707716,55.39562558286438],[30.693773378527247,55.411092079400944],[30.66521984645746,55.41347154040793],[30.637856044890857,55.43369695895767],[30.65213281092584,55.45987103002065],[30.644994427908347,55.47176833505095],[30.642614966902517,55.502701328126925],[30.635476583885115,55.522926746676575],[30.596215477288737,55.558618661762964]]]]}},{"type":"Feature","properties":{"kind":"district","id":"uyezd-1897-262","name":"Полоцкий","provinceId":"gubernia-1897-35"},"geometry":{"type":"MultiPolygon","coordinates":[[[[29.732471132171803,55.15173082976615],[29.709866252616948,55.14935136876103],[29.688451103564564,55.15054109926404],[29.648000266464827,55.16005894328736],[29.630154308921632,55.16600759580069],[29.61944673439504,55.176715170327014],[29.593272663331085,55.185043283847335],[29.576616436290273,55.198130319380645],[29.577806166792833,55.21716600742729],[29.56828832276951,55.23144277346182],[29.56590886176368,55.257616844526666],[29.587324010816864,55.258806575028785],[29.61111862087508,55.257616844526666],[29.592082932828525,55.28854983760175],[29.645620805458996,55.30401633414019],[29.62539538690997,55.32186229168293],[29.603980237857588,55.32543148319105],[29.596841854840097,55.3504158237529],[29.605169968360148,55.36707205079442],[29.606359698863418,55.38134881682984],[29.574236975284443,55.3991947743725],[29.544493712711386,55.40395369638461],[29.529027216173933,55.41942019292215],[29.494525031589127,55.40990234889883],[29.35889575425671,55.42774830644247],[29.333911413695226,55.44916345549423],[29.29346057659629,55.44797372499212],[29.268476236035603,55.45868129951755],[29.266096775029773,55.489614292593615],[29.24587135647995,55.505080789132045],[29.24944054798825,55.52530620768178],[29.272045427543993,55.54672135673354],[29.2613378530174,55.56099812276986],[29.277994080058836,55.599069498863145],[29.24349189547412,55.62643330042921],[29.285132463076327,55.64189979696764],[29.31130653414037,55.635951144452534],[29.323203839169434,55.643089527469755],[29.29584003760212,55.651417640990964],[29.31606545615203,55.6621252155164],[29.332721683192666,55.6656944070255],[29.36365467626837,55.652607371493076],[29.387449286326586,55.64665871897975],[29.40767470487641,55.64784844948284],[29.44574608096943,55.6585560240073],[29.474299613039303,55.68354036456914],[29.49694855668742,55.70470581709745],[29.44697987556525,55.72612096614921],[29.398200924945552,55.752295037214054],[29.37678577589317,55.76895126425371],[29.358939818349175,55.79512533531855],[29.367267931869936,55.810591831855206],[29.38154469790483,55.84866320794849],[29.39344200293389,55.86769889599513],[29.39344200293389,55.89149350605477],[29.3827344284081,55.90933946359841],[29.418426343495376,55.90101135007809],[29.43865176204449,55.912908655106534],[29.464825833109245,55.921236768627736],[29.419616073997936,55.93670326516439],[29.43389284003283,55.95216976170282],[29.39701119444308,55.97001571924734],[29.363698740360835,55.97596437176068],[29.301832754209514,55.984292485280996],[29.242346229064022,56.00927682584275],[29.195946739450154,56.01403574785397],[29.17929051240943,56.02712278338727],[29.154306171847946,56.03545089690759],[29.097199107708285,56.02950224439248],[29.07102503664433,56.04258927992393],[29.030574199544592,56.04258927992393],[28.990123362445654,56.04020981891881],[28.935395759311824,56.034261166403695],[28.87352977315979,56.00332817332764],[28.840349511356447,55.98636349763816],[28.835590589344875,55.969707270598505],[28.846298163871467,55.955430504563076],[28.827262475824824,55.95305104355707],[28.797519213251768,55.97208673160273],[28.754688915147,55.97684565361484],[28.739222418608747,55.98398403663304],[28.717807269556452,55.99112241964937],[28.70947915603569,55.99826080266757],[28.70472023402403,56.01372729920601],[28.676166701954244,55.99469161115937],[28.685684545977477,55.98755322814125],[28.669028318936753,55.960189426575184],[28.667838588434194,55.945912660539754],[28.689253737486577,55.93282562500822],[28.677356432457515,55.90784128444558],[28.64880290038693,55.91141047595557],[28.639285056363608,55.90427209293826],[28.673787240948414,55.88642613539382],[28.657131013907602,55.86263152533498],[28.639285056363608,55.861441794831975],[28.622628829322885,55.84240610678533],[28.60240341077386,55.848354759300534],[28.584557453229777,55.83764718477412],[28.566711495685784,55.84716502879744],[28.511983892551953,55.83764718477412],[28.479861168972977,55.81147311370937],[28.459635750423864,55.80790392220115],[28.432271948856638,55.80552446119603],[28.433461679359908,55.79481688666962],[28.470343324949745,55.7852990426463],[28.466774133441355,55.75436604956944],[28.457256289418122,55.73889955303278],[28.406097877792593,55.73057143951158],[28.38944165075187,55.715104942973056],[28.465584402938084,55.70915629045973],[28.462015211429694,55.68298221939497],[28.465584402938084,55.671084914366446],[28.481050899476337,55.629444346764146],[28.459635750423864,55.616357311231724],[28.465584402938084,55.590183240168656],[28.45011790640063,55.580665396145335],[28.44892817589736,55.559250247092685],[28.457256289418122,55.53188644552573],[28.464394672435525,55.512850757479086],[28.488013026123173,55.52054728567056],[28.52251521070709,55.50627051963514],[28.551068742777677,55.499132136616936],[28.52132548020462,55.46700941303876],[28.496341139643135,55.46700941303876],[28.484443834613984,55.45154291650033],[28.51775628869543,55.438455880968796],[28.5641557783093,55.44321480298099],[28.637919069490483,55.46225049102763],[28.660523949045427,55.43964561147091],[28.62602176446142,55.43131749795069],[28.543930359760274,55.417040731916146],[28.535602246239513,55.39562558286438],[28.56891470032096,55.36588232029133],[28.658144488039596,55.39443585236129],[28.706923438659295,55.37064124230254],[28.708113169162566,55.36112339827922],[28.697405594635974,55.36112339827922],[28.661713679548697,55.36826178129654],[28.658144488039596,55.35874393727322],[28.67718017608615,55.34803636274778],[28.684318559103552,55.31591363916871],[28.691456942121043,55.28973956810476],[28.691456942121043,55.26832441905211],[28.67955963709189,55.249288731005464],[28.68312882860108,55.21954546843241],[28.706923438659295,55.2207351989355],[28.711682360670867,55.250478461508465],[28.746184545255673,55.259996305531786],[28.762840772296396,55.28022172408055],[28.812809453418566,55.28973956810476],[28.8746754395706,55.29687795112207],[28.89252139711388,55.30520606464327],[28.92821331220116,55.30520606464327],[28.93535169521865,55.28379091558965],[28.924644120692857,55.263565497040005],[28.94367980873941,55.257616844526666],[28.966284688295065,55.274273071567215],[28.98651010684418,55.27546280207022],[29.006735525394003,55.270703880057226],[29.028150674446387,55.27189361056023],[29.057893937019443,55.25642711402358],[29.09477558260928,55.26832441905211],[29.14712372473808,55.249288731005464],[29.166159412784634,55.25642711402358],[29.185195100831187,55.264755227543894],[29.206610249883482,55.263565497040005],[29.229215129439226,55.251668192010584],[29.24349189547412,55.23501196497004],[29.25419946999991,55.22311465994062],[29.264907044526502,55.19218166686554],[29.281563271567226,55.167197326304674],[29.3136859951462,55.14578217725105],[29.35294710174249,55.124367028199195],[29.387449286326586,55.13388487222252],[29.418382279402202,55.12555675870131],[29.424330931917133,55.108900531661654],[29.414813087893812,55.08867511311112],[29.417192548899642,55.06725996406024],[29.45050500298109,55.051793467521726],[29.480248265554234,55.06250104204814],[29.50642233661828,55.04941400651474],[29.531406677179763,55.030378318468095],[29.555201287237978,55.024429665954855],[29.57066778377534,55.018481013439654],[29.57066778377534,54.99349667287879],[29.601600776851758,55.02323993545176],[29.633723500429934,55.06250104204814],[29.655138649482318,55.092244304621104],[29.695589486582055,55.108900531661654],[29.72652247965767,55.11841837568409],[29.737230054183463,55.13388487222252],[29.737230054183463,55.14578217725105],[29.732471132171803,55.15173082976615]]]]}},{"type":"Feature","properties":{"kind":"district","id":"uyezd-1897-697","name":"Режицкий","provinceId":"gubernia-1897-35"},"geometry":{"type":"MultiPolygon","coordinates":[[[[26.93414463385441,56.845907878560865],[26.904401371281264,56.82568246001122],[26.89131433574964,56.778093239894616],[26.792566704007772,56.773334317883396],[26.750926136405564,56.76143701285487],[26.658127157177827,56.82687219051422],[26.634332547119612,56.8173543464909],[26.645040121646204,56.81021596347457],[26.603399554043996,56.79474946693516],[26.596261171026505,56.80069811945125],[26.56889736945928,56.79118027542793],[26.57365629147085,56.773334317883396],[26.559379525435958,56.768575395871295],[26.557000064430127,56.75786782134488],[26.546292489904335,56.75072943832855],[26.532015723869442,56.73645267229223],[26.51416976632536,56.73526294179011],[26.491564886769794,56.723365636761585],[26.47847785123817,56.71265806223526],[26.454683241179957,56.70314021821194],[26.42018105659524,56.701950487708935],[26.40828375156609,56.681725069159285],[26.41304267357775,56.65198180658534],[26.36783291446715,56.62699746602448],[26.328571807870773,56.607961777977835],[26.315476999614376,56.59497674601786],[26.29763104207065,56.564043752943675],[26.307148886093703,56.55333617841646],[26.296441311567467,56.54738752590224],[26.301200233579394,56.53667995137671],[26.286923467544412,56.5235929158434],[26.296441311567467,56.514075071821054],[26.33213322665492,56.50931614980797],[26.355927836713846,56.49503938377344],[26.37734298576632,56.476003695726796],[26.382101907777447,56.46529612120136],[26.373773794257573,56.44745016365683],[26.376153255263137,56.42365555359808],[26.399947865321174,56.41175824856964],[26.465383042981863,56.42008636208996],[26.4891776530399,56.446260433153824],[26.517731185109863,56.448639894159925],[26.545094986676734,56.458157738184134],[26.558182022209333,56.479572887236785],[26.579597171261806,56.48195234824111],[26.599822589811097,56.476003695726796],[26.62123773886357,56.478383156733784],[26.637893965904205,56.48552153975109],[26.64622207942479,56.49147019226531],[26.659309114956677,56.487901000757105],[26.77233351273424,56.42127609259386],[26.761625938208002,56.41413770957574],[26.742590250161093,56.40699932655843],[26.749728633178584,56.386773908007896],[26.735451867143603,56.36059983694393],[26.750918363681766,56.35584091493272],[26.764005399213566,56.34632307091029],[26.828250846370985,56.34275387940127],[26.882978449504638,56.32609765235975],[26.912721712077783,56.32609765235975],[26.93056766962151,56.301113311798005],[26.95793147118838,56.27969816274526],[27.048350989410288,56.235678134138645],[27.06976613846276,56.224970559611435],[27.084042904497743,56.22259109860711],[27.09594020952645,56.21902190709712],[27.111406706064614,56.22853975112142],[27.134011585620268,56.24519597816108],[27.147098621152068,56.27493924073404],[27.163754848192614,56.27493924073404],[27.179221344730777,56.26899058821982],[27.20063649378325,56.2630419357056],[27.20896460730401,56.235678134138645],[27.22681056484774,56.226160290114436],[27.270830593455155,56.22853975112142],[27.298194395022648,56.224970559611435],[27.368388494694464,56.19998621905145],[27.400511218273174,56.18570945301603],[27.423116097828117,56.144068885414534],[27.475464239957006,56.138120232898444],[27.484982083979972,56.12622292787],[27.50996642454119,56.1226537363618],[27.54922753113748,56.10956670082848],[27.568263219184388,56.10242831781126],[27.60990378678624,56.10242831781126],[27.61704216980373,56.11789481435058],[27.74077414210673,56.11551535334457],[27.745533064118657,56.13098184988122],[27.76099956065602,56.132171580384224],[27.76099956065602,56.1190845448518],[27.80026066725231,56.12146400585879],[27.831193660328637,56.10123858730914],[27.854988270386674,56.09053101278184],[27.88592126346229,56.086961821274606],[27.896628837988526,56.067926133227964],[27.92518237005849,56.05959801970765],[27.922406332218355,56.08140974559407],[27.90456037467507,56.092117320119506],[27.90099118316597,56.11829139118435],[27.84150465802048,56.136137348727104],[27.830797083493888,56.17896764683338],[27.831986813997247,56.19919306538213],[27.822468969973926,56.20752117890334],[27.808192203939033,56.20514171789635],[27.79629489890917,56.220608214434876],[27.78915651589168,56.24321309398964],[27.784397593880108,56.25986932103116],[27.755844061810233,56.25511039901995],[27.73918783476951,56.2705768955566],[27.74275702627861,56.28604339209592],[27.721341877225516,56.300320158129566],[27.722531607728786,56.31697638517109],[27.730859721249548,56.32530449869141],[27.721341877225516,56.34315045623585],[27.699926728173132,56.35623749176738],[27.711824033202195,56.37646291031703],[27.72966999074619,56.38360129333434],[27.73799810426695,56.39787805936888],[27.713013763705554,56.43238024395395],[27.723721338231346,56.44070835747338],[27.716582955213855,56.445467279485484],[27.673752657109087,56.453795393006686],[27.672562926606616,56.46569269803513],[27.651147777554232,56.47045162004635],[27.63092235900441,56.48948730809299],[27.605938018442924,56.48948730809299],[27.560728259332326,56.48591811658478],[27.557159067823225,56.51328191815173],[27.52622607474761,56.531127875696264],[27.52979526625671,56.54183545022259],[27.546451493297432,56.552543024748026],[27.598799635425433,56.560871138269235],[27.615455862466156,56.57871709581287],[27.596420174419602,56.59061440084131],[27.58809206089964,56.614409010899166],[27.5892817914022,56.63106523794069],[27.604748287940364,56.63106523794069],[27.615455862466156,56.626306315929476],[27.623783975986917,56.634634429448816],[27.611886670957766,56.64177281246702],[27.605938018442924,56.65129065649034],[27.622594245483647,56.65842903950765],[27.660665621577465,56.67032634453698],[27.657452914241922,56.686993988884716],[27.619381538148815,56.6858042583826],[27.59439719758742,56.72387563447589],[27.555136090991752,56.72625509548109],[27.54204905545933,56.741721592018635],[27.518254445401205,56.745290783527736],[27.509926331880443,56.73339347849921],[27.518254445401205,56.71554752095565],[27.454008998244053,56.70840913793745],[27.408799239132744,56.69413237190292],[27.377866246057128,56.70840913793745],[27.352881905495643,56.70127075492112],[27.327897564934958,56.71078859894444],[27.33741540895819,56.71911671246378],[27.356451097004744,56.72268590397288],[27.32908729543743,56.747670244533744],[27.369538132537077,56.77622377660371],[27.351692174993083,56.77622377660371],[27.317189990408366,56.76551620207738],[27.248185621239642,56.72625509548109],[27.206545053637345,56.7286345564871],[27.144679067486113,56.736962670007415],[27.105417960889646,56.75956754956405],[27.098279577872244,56.78455189012402],[26.985255180095482,56.81191569169187],[26.97573733607216,56.83214111024152],[26.93414463385441,56.845907878560865]]]]}},{"type":"Feature","properties":{"kind":"district","id":"uyezd-1897-698","name":"Себежский","provinceId":"gubernia-1897-35"},"geometry":{"type":"MultiPolygon","coordinates":[[[[27.986475545391922,56.68808433060259],[27.986123010263633,56.6775969198316],[27.97184624422874,56.67164826731729],[27.996830584789425,56.634766621727096],[28.005158698310186,56.60978228116525],[28.02062519484844,56.59074659311959],[28.067024684461508,56.60026443714193],[28.096767947034564,56.59074659311959],[28.121752287596138,56.59669524563381],[28.143167436648433,56.59193632362259],[28.143167436648433,56.57171090507295],[28.1300804011161,56.553864947529306],[28.107475521561156,56.53720872048778],[28.12294201809861,56.52769087646446],[28.138408514636772,56.52293195445325],[28.13483932312776,56.4979476138915],[28.141977706145163,56.480101656347856],[28.161013394191716,56.467014620816414],[28.18361827374737,56.44322001075855],[28.18004908223907,56.386112946618624],[28.241915068390302,56.314729116442294],[28.24072533788703,56.30283181141385],[28.23120749386371,56.28974477588143],[28.23358695486954,56.28617558437233],[28.22525884134958,56.275468009847785],[28.209792344811415,56.27070908783479],[28.193136117770692,56.22906852023338],[28.17885935173571,56.186238222127905],[28.145546897654263,56.17077172559036],[28.1824285432449,56.14816684603559],[28.23596641587537,56.12437223597587],[28.2835556359926,56.09462897340379],[28.326385934097278,56.07083436334594],[28.416805452319185,56.098198164912006],[28.476291977464676,56.118423583462544],[28.529829850095947,56.12318250547376],[28.575039609206456,56.11723385295865],[28.64166451736944,56.11723385295865],[28.678546162959986,56.111285200445316],[28.6464234393811,56.093439242900786],[28.611921254797092,56.087490590385684],[28.60359314127633,56.06964463284204],[28.633336403849476,56.07321382435114],[28.65118236139276,56.07202409384902],[28.65118236139276,56.0541781363045],[28.664269396925093,56.03990137026908],[28.666648857930923,56.02800406524143],[28.7023407730182,56.04585002278418],[28.723755922070584,56.06131651932262],[28.765396489672792,56.06845490233904],[28.785621908222616,56.086300859882584],[28.839159780853976,56.08511112938047],[28.86771331292376,56.101767356421995],[28.890318192478706,56.09462897340379],[28.849867355379768,56.06726517183594],[28.841539241859806,56.03038352624576],[28.85343654688887,56.01848622121811],[28.837970050350705,56.0053991856848],[28.835590589344875,55.99350188065636],[28.840349511356447,55.98636349763816],[28.87352977315979,56.00332817332764],[28.935395759311824,56.034261166403695],[28.990123362445654,56.04020981891881],[29.030574199544592,56.04258927992393],[29.07102503664433,56.04258927992393],[29.097199107708285,56.02950224439248],[29.154306171847946,56.03545089690759],[29.159065093859606,56.05210712394725],[29.18523916492365,56.05329685445034],[29.17929051240943,56.065194159480555],[29.204274852970205,56.110403918590265],[29.248294881578243,56.15680340820476],[29.263761378116406,56.18416720977163],[29.273279222139728,56.22104885536102],[29.261381917110576,56.228187238379135],[29.270899761133897,56.24484346542066],[29.3339554777884,56.26149969246032],[29.38392415891066,56.27577645849574],[29.431513379027,56.299571068553604],[29.44460041455942,56.31503756509212],[29.48315651805901,56.320457605202165],[29.43318783693675,56.34068302375181],[29.364183467768026,56.36566736431356],[29.360614276258925,56.40849766241806],[29.32730182217748,56.41920523694448],[29.32730182217748,56.44062038599624],[29.366562928773856,56.45489715203255],[29.357045084750535,56.492968528125836],[29.28090233256361,56.50129664164527],[29.252348800493824,56.52866044321213],[29.13694494171123,56.52985017371523],[29.13694494171123,56.546506400755774],[29.150031977242765,56.545316670253655],[29.164308743277658,56.556024244779984],[29.158360090763527,56.5631626277973],[29.17739577881008,56.56911128031152],[29.170257395792678,56.58338804634694],[29.1345654807054,56.59290589037026],[29.07626868606238,56.58338804634694],[29.058422728518387,56.575059932826626],[29.041766501477664,56.57981885483696],[29.027489735442682,56.57268047182062],[29.034628118460173,56.556024244779984],[29.02630000494021,56.52033232969191],[28.96919294079975,56.49772745013705],[28.879963153081203,56.50724529416037],[28.80738959240329,56.49534798913105],[28.728867379211334,56.477502031587406],[28.71102142166725,56.48939933661585],[28.70388303864976,56.50486583315437],[28.682467889597465,56.51200421617248],[28.678898698088364,56.535798826230334],[28.667001393059213,56.558403705785196],[28.65153489652185,56.558403705785196],[28.622981364451263,56.56911128031152],[28.612273789925382,56.58933669886028],[28.570633222323174,56.58695723785516],[28.515905619189343,56.56911128031152],[28.530182385224325,56.52747071270913],[28.483782895610457,56.52390152120101],[28.50519804466275,56.50843502466249],[28.482593165107897,56.50129664164527],[28.487352087119557,56.475122570580425],[28.49924939214862,56.44537930800923],[28.426675831470796,56.43348200297892],[28.38979418588016,56.43943065549412],[28.374327689341996,56.43943065549412],[28.34696388777548,56.45251769102556],[28.34101523526046,56.476312301084405],[28.330307660734757,56.479881492592526],[28.313651433693945,56.52271179069703],[28.28985682363502,56.52866044321213],[28.277959518605957,56.53817828723545],[28.28747736262919,56.552455053269995],[28.279149249109228,56.561972897293316],[28.275580057600127,56.59647508187848],[28.260113561062674,56.610751847913015],[28.270821135588466,56.62264915294323],[28.23869841201029,56.64525403249809],[28.222042184968856,56.63216699696655],[28.206575688431403,56.626218344451445],[28.19348865289898,56.633356727469646],[28.194678383402252,56.65596160702441],[28.167314581834937,56.690463791609574],[28.13400212775349,56.696412444122906],[28.110207517695276,56.686894600099585],[28.074515602608,56.68213567808925],[28.012649616455967,56.709499479656216],[27.999562580924344,56.70593028814623],[27.997183119918514,56.68927406110648],[27.986475545391922,56.68808433060259]]]]}},{"type":"Feature","properties":{"kind":"district","id":"uyezd-1897-699","name":"Городокский","provinceId":"gubernia-1897-35"},"geometry":{"type":"MultiPolygon","coordinates":[[[[29.49694855668742,55.70470581709745],[29.474299613039303,55.68354036456914],[29.44574608096943,55.6585560240073],[29.40767470487641,55.64784844948284],[29.387449286326586,55.64665871897975],[29.36365467626837,55.652607371493076],[29.332721683192666,55.6656944070255],[29.31606545615203,55.6621252155164],[29.29584003760212,55.651417640990964],[29.323203839169434,55.643089527469755],[29.31130653414037,55.635951144452534],[29.285132463076327,55.64189979696764],[29.24349189547412,55.62643330042921],[29.277994080058836,55.599069498863145],[29.2613378530174,55.56099812276986],[29.272045427543993,55.54672135673354],[29.24944054798825,55.52530620768178],[29.24587135647995,55.505080789132045],[29.266096775029773,55.489614292593615],[29.268476236035603,55.45868129951755],[29.29346057659629,55.44797372499212],[29.333911413695226,55.44916345549423],[29.35889575425671,55.42774830644247],[29.494525031589127,55.40990234889883],[29.529027216173933,55.41942019292215],[29.544493712711386,55.40395369638461],[29.574236975284443,55.3991947743725],[29.606359698863418,55.38134881682984],[29.653948918979758,55.415851001414026],[29.72057382714274,55.3932461218574],[29.761024664242388,55.406333157390705],[29.81575226737622,55.421799653927366],[29.87999771453337,55.43131749795069],[29.912120438112346,55.428938036945475],[29.987073459796,55.420609923424266],[30.03109348840404,55.42536884543735],[30.066785403491316,55.43369695895767],[30.115564354111015,55.47652725706208],[30.166722765736456,55.51697809416058],[30.209553063841224,55.52411647717869],[30.282126624519048,55.532444590699896],[30.34161314966454,55.54672135673354],[30.382063986763477,55.54315216522533],[30.427273745874786,55.53601378220722],[30.477242426996956,55.53720351271022],[30.530780299628315,55.54791108723654],[30.584318172259586,55.54910081773964],[30.596215477288737,55.558618661762964],[30.583128441756315,55.574085158301386],[30.598594938294568,55.578844080313495],[30.60692305181444,55.57051596679318],[30.623579278855253,55.57051596679318],[30.642614966902517,55.555049470254744],[30.65332254142831,55.558618661762964],[30.65570200243414,55.566946775283185],[30.689014456515586,55.572895427798386],[30.685445265007285,55.59193111584503],[30.740172868141116,55.61453599539979],[30.7092398750655,55.6656944070255],[30.696152839533077,55.6656944070255],[30.687824726013115,55.6621252155164],[30.692583648024776,55.64665871897975],[30.683065804001455,55.639520335960654],[30.671168498972392,55.64189979696764],[30.6568917329375,55.6656944070255],[30.641425236399247,55.67283279004282],[30.649753349920008,55.68235063406614],[30.66878903796656,55.68948901708425],[30.641425236399247,55.69900686110757],[30.620010087346863,55.714473357646085],[30.60454359080861,55.731129584685746],[30.56052356220137,55.75016527273239],[30.54862625717231,55.73945769820695],[30.539108413148277,55.74540635072029],[30.527211108119126,55.74421662021719],[30.50936515057593,55.74897554223027],[30.470104043979553,55.78109826580836],[30.473673235488654,55.794185301339894],[30.49151919303185,55.80846206737532],[30.492708923535208,55.83463613844016],[30.49865757604934,55.84415398246348],[30.50817542007266,55.877466436544665],[30.522885263794333,55.88885470265169],[30.511788675674225,55.8962524280651],[30.517737328189156,55.90933946359841],[30.497511909639243,55.914098385609535],[30.493942718130143,55.93075461265106],[30.511788675674225,55.94741083969072],[30.511788675674225,55.95692868371404],[30.48204541310108,55.964067066731346],[30.461819994551966,55.98072329377278],[30.453491881031294,55.998569251317306],[30.44040484549967,56.00094871232252],[30.42255888795559,55.997379520814306],[30.364262093312657,55.990241137796104],[30.348795596775204,56.01998440036916],[30.31548314269296,56.03664062741059],[30.290498802132273,56.0390200884158],[30.292878263138103,56.01879466986607],[30.27027338358245,56.00570763433373],[30.27146311408572,55.985482215784],[30.240530121009304,55.96287733622923],[30.244099312518404,55.93908272617138],[30.26551446157079,55.91885730762173],[30.27265284458828,55.90458054158621],[30.26789392257662,55.88435512303657],[30.22030470246019,55.86531943498993],[30.16081817731399,55.88197566203145],[30.129885184238372,55.8962524280651],[30.085865155630334,55.8962524280651],[30.06682946758378,55.914098385609535],[30.047793779537226,55.90577027208842],[30.01686078646152,55.914098385609535],[29.979979140870974,55.908149733094426],[29.91454396321055,55.887924314544776],[29.846729324544388,55.88554485353957],[29.86457528208838,55.85104266895539],[29.870523934603312,55.83081725040485],[29.795570912919658,55.78441776079214],[29.75868926732902,55.77965883878092],[29.74798169280243,55.79750479632367],[29.718238430230173,55.78322803028914],[29.70396166419519,55.7677615337507],[29.665890288101373,55.75943342023039],[29.631388103517367,55.74634638469885],[29.60045511044095,55.73920800168074],[29.580229691891837,55.73563881017253],[29.571901578371165,55.71660312212589],[29.558814542839542,55.71541339162288],[29.530261010769667,55.71184420011467],[29.49694855668742,55.70470581709745]]]]}},{"type":"Feature","properties":{"kind":"district","id":"uyezd-1897-700","name":"Лепельский","provinceId":"gubernia-1897-35"},"geometry":{"type":"MultiPolygon","coordinates":[[[[28.320437281582347,55.54973240306936],[28.302459131760962,55.529492296487646],[28.281043982708578,55.506887416932884],[28.258439103152924,55.4747646933547],[28.278664521702748,55.452159813798076],[28.271526138685346,55.43431385625532],[28.279854252205308,55.41051924619657],[28.277474791199477,55.40338086317846],[28.254869911644533,55.40695005468845],[28.253680181141263,55.39624248016204],[28.24416233711794,55.38910409714393],[28.254869911644533,55.37958625312061],[28.278664521702748,55.37839652261849],[28.29888994025186,55.33556622451398],[28.325064011315906,55.333186763507],[28.34885862137483,55.32366891948368],[28.33577158584241,55.31296134495736],[28.328633202824918,55.295115387413716],[28.357186734894793,55.26775158584773],[28.319115358801685,55.25347481981133],[28.307218053772623,55.24395697578801],[28.302459131760962,55.228490479251356],[28.317925628298415,55.17614233712176],[28.29294128773764,55.16781422360144],[28.273905599691176,55.15591691857211],[28.302459131760962,55.12022500348483],[28.34528942986573,55.12022500348483],[28.384550536462108,55.132122308515136],[28.407155416017762,55.11665581197573],[28.45117544462509,55.10237904594217],[28.479728976694876,55.08929201040886],[28.50709277826219,55.06906659186099],[28.536836040835247,55.058359017333686],[28.515420891782952,55.03456440727583],[28.465452210659894,55.01552871922919],[28.44641652261343,54.996493031182546],[28.426191104064316,54.964370307604455],[28.39763757199373,54.94057569754473],[28.398827302497,54.92510920100817],[28.417862990543554,54.903694051955426],[28.40001703299956,54.89060701642212],[28.39049918897624,54.87633025038847],[28.413104068531894,54.8465869878155],[28.415483529537724,54.821602647253755],[28.44641652261343,54.813274533732546],[28.50709277826219,54.820412916750655],[28.50114412574797,54.8406383353004],[28.530887388320405,54.8465869878155],[28.5558717288818,54.829930760773976],[28.55349226787597,54.819223186247655],[28.55825118988763,54.80970534222433],[28.579666338940015,54.812084803230434],[28.60940960151316,54.819223186247655],[28.637963133582947,54.826361569265856],[28.65580909112694,54.82279237775587],[28.64748097760618,54.810895072727334],[28.678413970681884,54.810895072727334],[28.70696750275167,54.81446426423555],[28.743849148342306,54.816843725242535],[28.76645402789796,54.813274533732546],[28.75931564488047,54.803756689709225],[28.76764375840052,54.79185938468069],[28.796197290470307,54.7942388456859],[28.829509744552553,54.79185938468069],[28.87115031215396,54.78829019317257],[28.879478425674723,54.80137722870401],[28.92944710679698,54.81446426423555],[28.96870821339327,54.83231022177919],[28.980605518422422,54.84420752680852],[29.007969319989737,54.84777671831851],[29.01510770300714,54.82279237775587],[29.040092043567913,54.815653994738554],[29.042471504573744,54.79304911518379],[29.062696923123568,54.80018749820101],[29.063886653626838,54.810895072727334],[29.07102503664433,54.818033455745535],[29.11623479575484,54.83231022177919],[29.157875363357135,54.825171838761875],[29.213792696994236,54.815653994738554],[29.263761378116406,54.80018749820101],[29.306591676221174,54.820412916750655],[29.304212215215344,54.85253564032884],[29.306591676221174,54.87989944189668],[29.313730059238576,54.898935129943325],[29.323247903261898,54.909642704468766],[29.33752466929679,54.914401626481755],[29.363698740360835,54.91321189597787],[29.38987281142559,54.904883782458434],[29.38035496740227,54.89060701642212],[29.39225227243142,54.87870971139368],[29.406529038466314,54.85253564032884],[29.424374996009597,54.87276105887848],[29.44816960606781,54.891796746925124],[29.479102599144227,54.914401626481755],[29.515984244733975,54.94176542804783],[29.53858912428963,54.95723192458625],[29.57066778377534,54.99349667287879],[29.57066778377534,55.018481013439654],[29.555201287237978,55.024429665954855],[29.531406677179763,55.030378318468095],[29.50642233661828,55.04941400651474],[29.480248265554234,55.06250104204814],[29.45050500298109,55.051793467521726],[29.417192548899642,55.06725996406024],[29.414813087893812,55.08867511311112],[29.424330931917133,55.108900531661654],[29.418382279402202,55.12555675870131],[29.387449286326586,55.13388487222252],[29.35294710174249,55.124367028199195],[29.3136859951462,55.14578217725105],[29.281563271567226,55.167197326304674],[29.264907044526502,55.19218166686554],[29.25419946999991,55.22311465994062],[29.24349189547412,55.23501196497004],[29.229215129439226,55.251668192010584],[29.206610249883482,55.263565497040005],[29.185195100831187,55.264755227543894],[29.166159412784634,55.25642711402358],[29.14712372473808,55.249288731005464],[29.09477558260928,55.26832441905211],[29.057893937019443,55.25642711402358],[29.028150674446387,55.27189361056023],[29.006735525394003,55.270703880057226],[28.98651010684418,55.27546280207022],[28.966284688295065,55.274273071567215],[28.94367980873941,55.257616844526666],[28.924644120692857,55.263565497040005],[28.93535169521865,55.28379091558965],[28.92821331220116,55.30520606464327],[28.89252139711388,55.30520606464327],[28.8746754395706,55.29687795112207],[28.812809453418566,55.28973956810476],[28.762840772296396,55.28022172408055],[28.746184545255673,55.259996305531786],[28.711682360670867,55.250478461508465],[28.706923438659295,55.2207351989355],[28.68312882860108,55.21954546843241],[28.67955963709189,55.249288731005464],[28.691456942121043,55.26832441905211],[28.691456942121043,55.28973956810476],[28.684318559103552,55.31591363916871],[28.67718017608615,55.34803636274778],[28.658144488039596,55.35874393727322],[28.661713679548697,55.36826178129654],[28.697405594635974,55.36112339827922],[28.708113169162566,55.36112339827922],[28.706923438659295,55.37064124230254],[28.658144488039596,55.39443585236129],[28.56891470032096,55.36588232029133],[28.535602246239513,55.39562558286438],[28.543930359760274,55.417040731916146],[28.62602176446142,55.43131749795069],[28.660523949045427,55.43964561147091],[28.637919069490483,55.46225049102763],[28.5641557783093,55.44321480298099],[28.51775628869543,55.438455880968796],[28.484443834613984,55.45154291650033],[28.496341139643135,55.46700941303876],[28.52132548020462,55.46700941303876],[28.551068742777677,55.499132136616936],[28.52251521070709,55.50627051963514],[28.488013026123173,55.52054728567056],[28.464394672435525,55.512850757479086],[28.43822060137157,55.51523021848429],[28.410856799804254,55.52712752351273],[28.38468272874021,55.53426590653093],[28.373975154213706,55.553301594577576],[28.351370274658763,55.553301594577576],[28.320437281582347,55.54973240306936]]]]}}]}
