{"type":"FeatureCollection","features":[{"type":"Feature","properties":{"kind":"province","id":"gubernia-1897-93","name":"Архангельская губерния"},"geometry":{"type":"MultiPolygon","coordinates":[[[[28.917507628029842,69.06132110648635],[28.864925615287145,68.95951821295967],[28.837719952667722,68.88567427156708],[28.656996622412894,68.69134811000183],[28.43546479822973,68.53394391913483],[28.65116683756585,68.17055399700892],[29.23608858387367,68.07144765461086],[29.39737929797183,67.92958955666927],[29.560613273686414,67.77024210418772],[29.921854387978424,67.65799568950933],[30.225910752698287,67.56107772325414],[30.330430128071722,67.4375548250855],[30.488159367269823,67.3311350974327],[30.638287197351104,67.24751959713464],[30.650523526452673,67.24238033891383],[30.73330481132689,67.20761219926499],[30.51096359462406,66.98147027800405],[30.54326958337566,66.94916428925262],[30.531867469698966,66.93206111873769],[30.47295654903411,66.93396147101612],[30.434949503444216,66.91115724366227],[30.56797416300975,66.84654526615941],[30.5736752198481,66.81233892512773],[30.497661128667403,66.7534280044647],[30.49956148094742,66.73442448166952],[30.26581815056869,66.7078195497561],[30.216408991301307,66.63940686769456],[30.220209695860433,66.61850299262096],[30.184103002549705,66.59569876526439],[30.193604763947178,66.53298714004177],[30.14039490012067,66.48737868533317],[30.163199127474797,66.46647481025866],[30.161397667638255,66.4653416339097],[30.16365625860101,66.46625727889477],[30.34740052020851,66.42241816036312],[30.384938197371923,66.3533488343819],[30.41947286036259,66.3458412989512],[30.426980395794487,66.29479005800658],[30.36842161942019,66.29479005800658],[30.34589901312131,66.2812764942264],[30.457010537525264,66.16415894147576],[30.469022594217904,66.10710167218895],[30.457010537525264,66.08457906588865],[30.463016565871555,66.06355796667867],[30.64019440208409,65.93142534306298],[30.65520947294948,65.90289670841867],[30.629683852477854,65.86235601708177],[30.57562959736191,65.83232587535258],[30.517070820987556,65.81430779031143],[30.396950254063768,65.81130477613897],[30.321874899736883,65.77376709897635],[30.263316123361733,65.78427764858225],[30.237790502890164,65.77526860606395],[30.26481763044893,65.7572505210228],[30.16271514856328,65.70619928008091],[30.150703091871435,65.67917215252601],[30.06511718793911,65.69719023756261],[29.731782614726512,65.64013296827397],[29.784335362755314,65.59809076985039],[29.850401674562363,65.5665591210336],[29.771698639874614,65.5062201277733],[29.77113385824771,65.50635512708504],[29.759854118243823,65.49770732641628],[29.750845075724783,65.45716663507937],[29.750845075724783,65.38359278783719],[29.76435863950377,65.36107018153962],[29.74483904737849,65.33104003981043],[29.695289313523176,65.30100989807852],[29.62621998754264,65.27848729177913],[29.64123505840803,65.2424511217032],[29.809403852099933,65.24094961461651],[29.91601085524468,65.2214300224905],[29.940034968629163,65.20941796579973],[29.92051537650383,65.18989837367371],[29.86495961430228,65.16437275320368],[29.899494277292945,65.14635466816526],[29.956551546581693,65.11632452643335],[29.888983727687503,65.09530342722246],[29.79138576706174,65.10431246974167],[29.678772735571442,65.07428232801158],[29.674268214311496,65.02623410124033],[29.665259171792457,64.99320094533596],[29.663757664706054,64.9391466902216],[29.68778177809054,64.87608339258713],[29.816911387533366,64.80551255951923],[30.013608815869645,64.81151858786598],[30.04213745051402,64.80401105243436],[30.093188691456476,64.81452160203935],[30.1157112977545,64.8085155736917],[30.14273842531253,64.78298995322166],[30.087182663110127,64.76497186818415],[30.141236918226127,64.70641309180883],[30.183279116649487,64.67938596424938],[30.175771581215997,64.66887541464439],[30.181777609563085,64.63884527291248],[30.13673239696618,64.63884527291248],[30.12171732610085,64.62533170913503],[30.08417964893738,64.6268332162208],[30.061657042640093,64.61482115952822],[30.07967512767823,64.51722319890268],[30.111206776494612,64.4751810004791],[30.13823390405338,64.44665236583478],[30.129224861534283,64.42262825245143],[30.109705269409005,64.39860413906626],[30.152449965542814,64.36394627733534],[30.206863401902467,64.39274685998498],[30.258021813527932,64.41773120054586],[30.302041842135964,64.423679853061],[30.33654402672073,64.42130039205495],[30.39959974337455,64.42724904456918],[30.494778183608048,64.43914634959947],[30.620889616917225,64.453423115634],[30.67918641156018,64.46888961217246],[30.70892967413255,64.4795971866979],[30.745811319723146,64.48078691720093],[30.754139433243893,64.49863287474545],[30.77079566028459,64.49982260524757],[30.780313504307856,64.4879253002191],[30.79459027034278,64.4795971866979],[30.829092454927547,64.48197664770396],[30.856456256494084,64.47126907317761],[30.896907093593768,64.46888961217246],[30.932599008681052,64.48554583921214],[30.974239576282514,64.47483826468579],[31.00160337784979,64.47602799518882],[31.051572058972,64.46532042066247],[31.107489392609125,64.46175122915429],[31.14794022970881,64.46888961217246],[31.18958079731027,64.46175122915429],[31.234790556421615,64.44747446311976],[31.271672202011416,64.44152581060462],[31.32283061363688,64.44271554110765],[31.35733279822165,64.45461284613793],[31.40373228783551,64.46769988166943],[31.475116118010078,64.47245880368064],[31.61312485634835,64.46888961217246],[31.68569841702623,64.45818203764611],[31.75470278619497,64.46294095965732],[31.870106644978307,64.46888961217246],[31.94505966666202,64.45818203764611],[31.995028347784228,64.44747446311976],[32.01049484432161,64.42843877507312],[32.04380729840386,64.423679853061],[32.1128116675726,64.41773120054586],[32.207990107806154,64.40702362602133],[32.22464633484685,64.35586521439473],[32.23654363987595,64.32374249081658],[32.261527980436654,64.29875815025571],[32.280563668484035,64.28686084522542],[32.28889178200399,64.27853273170513],[32.334101541114535,64.2642559656706],[32.40072644927824,64.25711758265243],[32.47092054895029,64.25235866064213],[32.50780219454009,64.23689216410276],[32.51850976906667,64.23094351158943],[32.495904889510996,64.21428728454794],[32.5375454571132,64.20476944052461],[32.58156548572123,64.20476944052461],[32.59584225175615,64.21309755404582],[32.58870386873872,64.22023593706217],[32.558960606165556,64.21785647605611],[32.53873518761651,64.22380512857126],[32.553011953651435,64.23213324209246],[32.576806563709624,64.23213324209246],[32.59822171276198,64.24641000812608],[32.623206053323486,64.2559278521494],[32.6410520108667,64.25235866064213],[32.65175958539328,64.25354839114425],[32.65770823790746,64.26663542667575],[32.6779336564573,64.26187650466545],[32.68745150048056,64.26782515717878],[32.717194763053726,64.2773430012021],[32.736230451100255,64.27377380969392],[32.74693802562604,64.27972246220907],[32.78976832373155,64.26782515717878],[32.82664996932135,64.26663542667575],[32.86234188440943,64.26782515717878],[32.917069487543245,64.2594970436603],[32.93015652307565,64.2475997386291],[32.945623019613095,64.23927162510881],[32.95395113313384,64.22856405058246],[32.97417655168289,64.216666745554],[32.987263587215296,64.18811321348403],[32.9753662821862,64.15123156789286],[32.99916089224439,64.1393342628644],[33.002730083753534,64.11316019179958],[32.99440197023273,64.10126288677293],[33.00154035325022,64.08579639023355],[33.02295550230258,64.04891474464239],[33.04199119034911,64.04177636162512],[33.05150903437243,64.03106878709877],[33.078872835939706,64.00965363804698],[33.08482148845462,63.99299741100549],[33.039611729343335,63.976341183965815],[33.081252296945536,63.9418389993798],[33.1157544815303,63.92518277233921],[33.15382585762342,63.900198431778335],[33.19070750321396,63.889490857252895],[33.19546642522562,63.87640382171958],[33.2311583403129,63.868075708200195],[33.26328106389184,63.85141948115961],[33.28231675193837,63.86093732518293],[33.345372468592984,63.83833244562629],[33.36083896513043,63.824055679591766],[33.413187107259205,63.813348105065415],[33.46553524938719,63.79669187802483],[33.5083560274723,63.77813276520283],[33.61495332372829,63.77478851816704],[33.638747933786476,63.75575283012222],[33.68038850138794,63.76408094364069],[33.72042025646482,63.785903465005504],[33.795792360171276,63.783116631687335],[33.91762332047466,63.80668629727279],[33.990206401173,63.83833244562629],[34.06634915335917,63.85498867266779],[34.216255196726536,63.88116274373169],[34.41494019071354,63.877593552224425],[34.669542518336925,63.89187031825804],[34.65407602179954,63.912095736807714],[34.752823653541384,63.91804438932286],[34.84562263276911,63.934700616362534],[35.034789782732105,63.944218460385855],[35.20611097515183,63.944218460385855],[35.29534076287041,63.98228983647914],[35.42460277880764,63.98610138049844],[35.49604536110627,63.933459477752876],[35.6161153662552,63.869332499436496],[35.7315192250378,63.761067023670876],[35.81004143822986,63.76344648467875],[35.8766663463943,63.740841605122114],[35.85406146683863,63.67064750544978],[35.93615287153914,63.58379717873681],[35.995796092464985,63.53022573166524],[36.07074911414864,63.482636511548634],[36.206378391481145,63.45646244048379],[36.23017300153927,63.39578618483476],[36.27181356914148,63.29822828359555],[36.27657249115314,63.286330978567015],[36.26348545562081,63.286330978567015],[36.25634707260332,63.25182879398194],[36.23969084556259,63.24231094995862],[36.255157342100844,63.22208553140898],[36.305126023222925,63.22089580090588],[36.32059251976118,63.23874175845041],[36.40149419395905,63.22803418392408],[36.40268392446232,63.21613687889564],[36.363422817865946,63.17211685028716],[36.33724874680199,63.17092711978415],[36.30274656221718,63.15189143173751],[36.33248982479033,63.12928655218275],[36.312264406240416,63.111440594638225],[36.2325524625451,63.042436225468876],[36.2325524625451,63.024590267925234],[36.25634707260332,62.99127781384406],[36.338438477304464,62.93773994121234],[36.40863257697646,62.887771260089636],[36.48001640715189,62.82233608242949],[36.51541501106587,62.79401965305344],[36.69744377801145,62.74286124142871],[36.88185200596356,62.69170282980212],[37.017481283296064,62.67028768074938],[37.14121325559942,62.65958010622305],[37.16262840465171,62.64054441817641],[37.32205229204234,62.65125199270274],[37.3410879800889,62.67028768074938],[37.410092349257624,62.74524070243383],[37.44102534233413,62.79164019204654],[37.46481995239234,62.8178142631113],[37.46957887440391,62.85826510020979],[37.53858324357263,63.05219117218523],[37.579034080671576,63.07479605174186],[37.646848719337825,63.09264200928462],[37.703955783478285,63.10215985330794],[37.800323954214235,63.09264200928462],[37.90383050796777,63.075985782244956],[38.0489776293235,63.04981171118011],[38.13820741704214,63.04029386715679],[38.2024528641992,63.03791440615167],[38.23695504878392,63.03077602313347],[38.27859561638621,63.03553494514557],[38.323805375496725,63.04743225017499],[38.41303516321536,63.0462425196719],[38.51059306445467,63.03434521464168],[38.58911527764671,62.997463569052286],[38.60458177418488,62.983186803015975],[38.62123800122569,62.97485868949566],[38.69738075341182,62.96534084547234],[38.73545212950492,62.97128949798744],[38.75567754805475,62.96653057597534],[38.76519539207807,62.94987434893568],[38.771144044593,62.93440785239636],[38.79731811565696,62.922510547367835],[38.79255919364539,62.912992703344514],[38.777092697107136,62.90109539831607],[38.7854208106279,62.87254186624611],[38.837768952755894,62.85707536970857],[38.83657922225342,62.84041914266616],[38.85323544929415,62.82733210713462],[38.873460867843264,62.82019372411651],[39.01622852819308,62.79164019204654],[39.11497615993504,62.763086659977475],[39.151857805525495,62.77141477349868],[39.16970376306958,62.779742887018905],[39.220862174694304,62.776173695508916],[39.27915896933724,62.759517468468374],[39.37671687057664,62.73334339740539],[39.45404935326612,62.70835905684267],[39.42906501270464,62.66552875873905],[39.40408067214386,62.614370347113436],[39.45880827527778,62.58700654554647],[39.520674261429015,62.56083247448163],[39.62180135417671,62.563211935486834],[39.70746195038696,62.56797085749983],[39.73839494346258,62.55369409146351],[39.76456901452662,62.54298651693799],[39.79193281609393,62.5453659779432],[39.82881446168449,62.55369409146351],[39.86331664626849,62.541796786434986],[39.88448727635811,62.540573871879054],[39.911851077924624,62.515589531319165],[40.00465005715236,62.50845114830096],[40.02368574519892,62.49179492125944],[40.21880154767682,62.506071687295844],[40.24497561874078,62.48108734673401],[40.32468756243689,62.50726141779885],[40.38655354858821,62.51083060930608],[40.439782972570725,62.53881130817172],[40.48380300117797,62.54951888269804],[40.53258195179767,62.55308807420616],[40.55042790934175,62.54000103867472],[40.587309554931494,62.56141618772648],[40.64560634957443,62.56022645722436],[40.61943227851047,62.58996971979644],[40.586119824429026,62.600677294322765],[40.58849928543486,62.65183570594945],[40.61705281750464,62.667302202486994],[40.61705281750464,62.683958429527536],[40.661072846112695,62.69942492606512],[40.68724691717665,62.6887173515388],[40.72888748477895,62.63755893991397],[40.78242535741022,62.62209244337555],[40.84072215205315,62.60662594683801],[40.87760379764299,62.576882684265925],[40.93946978379502,62.54713942169296],[40.975161698882296,62.52334481163324],[41.00371523095217,62.499550201575374],[41.04297633754855,62.47694532202061],[41.089375827162414,62.4650480169903],[41.128636933757996,62.48765289654693],[41.15956992683441,62.481704244031825],[41.188123458904286,62.44482259844243],[41.178605614880965,62.39842310882705],[41.19645157242425,62.3817668817874],[41.25950728907881,62.36154146323766],[41.31661435321847,62.346074966699234],[41.35230626830655,62.33298793116769],[41.35706519031821,62.29610628557653],[41.397516027417055,62.283019250045086],[41.42487982898437,62.25446571797512],[41.42012090697271,62.22115326389305],[41.46176147457421,62.17832296578855],[41.50816096418808,62.16880512176523],[41.52838638273791,62.14738997271249],[41.56764748933428,62.13192347617406],[41.61166751794152,62.14025158969527],[41.65568754654956,62.13549266768405],[41.63784158900556,62.12240563215074],[41.61166751794152,62.117646710139525],[41.56526802832845,62.09980075259588],[41.51054042519391,62.106939135614084],[41.46652039658578,62.123595362653745],[41.436777134013525,62.105749405111084],[41.4236900984811,62.08076506454924],[41.42606955948693,62.05697045449138],[41.405844140937816,62.05459099348626],[41.396326296913784,62.042693688455955],[41.430828481498594,62.033175844432634],[41.48198689312403,62.02008880890119],[41.517678808211315,61.99510446834033],[41.523627460726246,61.9736893192867],[41.533145304749475,61.94394605671364],[41.56883721983675,61.9368076736973],[41.61047778743905,61.9368076736973],[41.62356482297067,61.92015144665587],[41.64141078051466,61.91182333313556],[41.64260051101722,61.88445953156771],[41.61047778743905,61.85590599949774],[41.591442099392495,61.83924977245809],[41.60809832643322,61.807127048879025],[41.65449781604708,61.75120971524121],[41.694948653145936,61.69767184261038],[41.73658922074823,61.68101561557161],[41.774164709575686,61.67074148906703],[41.82651285170369,61.61363442492622],[41.738472794488416,61.5708041268226],[41.68969384386871,61.54463005575785],[41.62663812721412,61.4827640696067],[41.615930552688326,61.450641346028526],[41.59451540363514,61.432795388483996],[41.59451540363514,61.41256996993524],[41.62306893570582,61.40305212591192],[41.644484084758204,61.38044724635529],[41.731334411470925,61.36617048032075],[41.769405787564025,61.38163697685927],[41.80509770265131,61.36617048032075],[41.84911773125934,61.36854994132587],[41.931209135960486,61.39829320389893],[41.97760862557436,61.426846735968894],[42.03709515071985,61.4399337715022],[42.05256164725802,61.450641346028526],[42.064458952287076,61.45896945954884],[42.112048172403505,61.46372838156006],[42.13346332145589,61.45777972904486],[42.1608271230232,61.433985118987],[42.29050774784069,61.39948293440193],[42.41304998964157,61.36379101931563],[42.458259748752084,61.367360210822866],[42.50703869937169,61.356652636297426],[42.54273061445897,61.3399964092559],[42.5379716924474,61.32690937372446],[42.55224845848229,61.31977099070626],[42.55224845848229,61.2971661111515],[42.586750643067006,61.31620179919814],[42.609355522621954,61.33404775674266],[42.617683636142715,61.37568832434407],[42.636719324189265,61.38163697685927],[42.65218582072752,61.39234455138559],[42.67003177827071,61.40900077842525],[42.68668800531144,61.40781104792225],[42.72000045939288,61.42208781395856],[42.75212318297186,61.443502963010324],[42.783056176047566,61.44707215451854],[42.85325027571956,61.50061002715025],[42.925823836397385,61.53511221173453],[42.97698224802291,61.53749167273965],[43.06502230523898,61.53987113374663],[43.092386106805506,61.54700951676297],[43.103093681332005,61.56247601330139],[43.13997532692264,61.58032197084592],[43.22087700112051,61.6053063114059],[43.25180999419614,61.61839334693921],[43.25418945520197,61.63267011297286],[43.25062026369366,61.657654453535585],[43.25299972469941,61.673120950072146],[43.28274298727255,61.68977717711367],[43.32200409386813,61.71119232616543],[43.363644661470424,61.73141774471517],[43.46120256270973,61.75283289376782],[43.58731399601812,61.78138642583778],[43.71461515983057,61.808750227404744],[43.77053249346696,61.84563187299591],[43.987063444997965,61.87775459657409],[44.039411587126054,61.896790284620735],[44.0798624242249,61.92891300819882],[44.0798624242249,61.94318977423522],[44.06915484969911,61.95865627077178],[43.973976409465635,62.01695306541481],[43.8669006642038,62.10142393112258],[43.79551683402845,62.10737258363769],[43.694389741280744,62.17280776129705],[43.6122983365796,62.21563805940244],[43.5742269604865,62.23586347795208],[43.545673428416706,62.25846835750694],[43.5599501944516,62.28940135058291],[43.56351938595991,62.30724730812655],[43.5563810029425,62.32866245717831],[43.539724775901774,62.344128953717714],[43.549242619925096,62.359595450254375],[43.62419564160875,62.39052844333132],[43.65155944317607,62.40480520936577],[43.71461515983057,62.41313332288608],[43.74316869190045,62.41551278389218],[43.80265521704594,62.440497124453934],[43.86452120319797,62.46310200400879],[43.94185368588745,62.440497124453934],[43.988253175500525,62.40837440087398],[44.04892943114929,62.40242574836065],[44.12745164434213,62.39290790433733],[44.14053867987376,62.4190819754003],[44.17504086445847,62.44882523797425],[44.23571712010723,62.45477389048847],[44.265460382680374,62.47856850054722],[44.285685801229405,62.54281394770348],[44.309480411287616,62.57731613228766],[44.355879900901485,62.63918211844067],[44.385623163474634,62.67725349453396],[44.41298696504114,62.72603244515357],[44.47247349018735,62.72246325364358],[44.54147785935616,62.72365298414658],[44.616430881039875,62.7319810976669],[44.83839640400411,62.75012081582824],[44.89907265965207,62.775105156390964],[45.00733813541797,62.81317653248425],[45.09180900112494,62.84054033405121],[45.20602312940427,62.846488986564545],[45.291683725614426,62.90240632020236],[45.30596049164941,62.97854907238795],[45.3238064491934,63.03565613652788],[45.30358103064358,63.0594507465876],[45.30833995265524,63.105850236201114],[45.47490222306327,63.14868053430561],[45.719986706663434,63.21173625095976],[45.833011104441,63.24385897453794],[45.91629223964462,63.248617896550044],[46.02812690691891,63.23910005252672],[46.15899726223975,63.22363355599007],[46.35887198672923,63.20102867643344],[46.431445547407144,63.2295822085034],[46.49688072506748,63.246238435544925],[46.63369973290246,63.23196166951038],[46.607525661838494,63.27717142862001],[46.67534030050475,63.29144819465455],[46.745534400176744,63.27955088962611],[46.8514204149361,63.28074062013],[46.958496160198735,63.28193035063123],[47.09174597652532,63.27241250660791],[47.13576600513265,63.27360223711189],[47.15837088468821,63.27955088962611],[47.10245355105111,63.32000172672451],[47.048915678419846,63.36759094684112],[47.03820810389405,63.42231854997681],[47.04058756489988,63.4556310040571],[47.065571905460565,63.487753727637056],[47.13576600513265,63.52463537322636],[47.1655092677057,63.5496197137882],[47.17145792022063,63.585311628876276],[47.15480169317911,63.62933165748378],[47.13814546613839,63.650746806535636],[47.13576600513265,63.66859276407918],[47.09174597652532,63.71261279268678],[47.02036214635005,63.76496093481637],[46.91887075416925,63.786029011137586],[46.796328512369165,63.83004903974597],[46.56671052530654,63.89786367841223],[46.39657906338932,63.94664262903193],[46.26213951656017,63.94664262903193],[46.18480703387068,63.96210912556849],[46.01824476346256,64.0192161897094],[45.911169018199935,64.04301079976726],[45.768401357850024,64.19410657363828],[46.00158853642175,64.2535930987833],[46.15403180112631,64.29299727768097],[46.4193417032771,64.27277185913051],[46.65014942084228,64.2632540151072],[46.716774329005176,64.28942808617185],[46.75008678308751,64.27634105063953],[46.92735662802133,64.33106865377336],[47.23073790626523,64.34296595880366],[47.38302341063837,64.34534541980878],[47.65547169580576,64.3631913773533],[47.88508968286848,64.3548632638321],[48.29554670637411,64.33939676729376],[48.46329870728471,64.33106865377336],[48.45378086326147,64.29537673868705],[48.45259113275891,64.2632540151072],[48.372879189063596,64.16093719185658],[48.4216581396833,64.13833231230181],[48.49780089186952,64.14785015632513],[48.523974962933465,64.1359528512967],[48.558477147518275,64.15379880884024],[48.59654852361139,64.15736800034846],[48.60963555914371,64.12405554626639],[48.645327474230996,64.12762473777539],[48.830925432685675,64.08836363118009],[48.91777575939848,64.083604709167],[49.035559079186896,64.05505117709704],[49.068871533269146,64.05029225508582],[49.13549644143204,64.05981009910914],[49.2413824561913,64.0360154890504],[49.381770655535476,64.04553333307372],[49.58521457153414,64.06218956011524],[49.86004231770737,64.19543937644264],[49.85290393468988,64.2204237170026],[49.96116941045507,64.29537673868705],[50.56793196694197,64.16807557487478],[50.64407471912819,64.09431228369334],[50.874729028371235,63.89283003582295],[51.01392749721204,63.836912702185145],[51.197145994660886,63.77028779402278],[51.37322610909224,63.69295531133321],[51.44579966977007,63.66321204875926],[51.65400250778039,63.62276121165997],[51.81223666466856,63.614433098139656],[52.12751524794072,63.62870986417508],[52.24648829823241,63.62514067266696],[52.48562412931835,63.588259027076674],[52.54154146295545,63.57279253053727],[52.647427477714814,63.518064927404325],[52.730708612918434,63.446681097229856],[52.740226456941755,63.427645409183214],[52.81042055661375,63.40266106862147],[52.90321953584149,63.38005618906661],[53.029330969150664,63.38838430258693],[53.16377051597982,63.40147133811846],[53.26965653073917,63.41455837364991],[53.462392872211254,63.440732444714754],[53.656318944186594,63.46928597678472],[53.771722802969194,63.50497789187288],[53.820501753588886,63.53115196293586],[53.87879854823191,63.54661845947429],[53.93947480388067,63.54423899846731],[54.016807286570156,63.527582771427646],[54.09413976925964,63.532341693438866],[54.23928689061529,63.532341693438866],[54.39871077800592,63.55732603400061],[54.542668168858384,63.57755145255035],[54.63903633959451,63.596587140596995],[54.832962411569866,63.658453126748135],[55.023319292036106,63.72269857390617],[55.25650647060793,63.81192836162428],[55.32194164826835,63.83572297168214],[55.39451520894626,63.87498407827843],[55.51110879823132,63.91900410688682],[55.63722023154051,63.974921440522856],[55.733642439723326,64.03104259325667],[55.86808198655336,64.11551345896258],[56.12744323618834,64.23567623975666],[56.2821082015674,64.30824980043599],[56.492690500583464,64.396289857651],[56.584299749307846,64.43674069475038],[56.841281537937874,64.5342985959896],[57.07803790801799,64.61282080918227],[57.29456885954828,64.6663586818122],[57.58605283276222,64.71632736293482],[57.81448108932247,64.76272685254843],[58.21304080779905,64.81150580316803],[58.418864184803454,64.82340310819656],[58.66513839890689,64.80912634216291],[58.84002878283498,64.77700361858297],[58.8947563859696,64.76867550506361],[58.968519677149985,64.77581388808173],[59.05061108185113,64.79603930662961],[59.14222033057551,64.80079822864171],[59.25762418935811,64.78652146260629],[59.3623204736149,64.7603473915433],[59.4182378072521,64.74726035600999],[59.57290277263107,64.74607062550876],[59.65618390783469,64.75082954751998],[59.70972178046604,64.76748577455965],[59.80490022069952,64.77105496606963],[59.90364785244148,64.77938307958995],[59.983359796136796,64.78890092361327],[60.02619009424147,64.82816203020955],[60.0809176973753,64.85314637076954],[60.14873233604146,64.87337178931918],[60.26651565583069,64.91144316541246],[60.355745443549324,64.95189400251184],[60.42831900422715,64.99948322262844],[60.483046607360976,65.05302109525928],[60.52706663596902,65.07324651380989],[60.669834296318925,65.07324651380989],[60.7685819280608,65.07919516632413],[60.88755497835258,65.11012815939921],[60.99344099311185,65.1565276490137],[61.0648248232864,65.18389145058066],[61.13858811446758,65.23623959270847],[61.19926437011554,65.28501854332808],[61.26588927827933,65.30524396187774],[61.337273108453886,65.342125607468],[61.38724178957676,65.35521264300132],[61.44791804522481,65.40637105462613],[61.49907645685035,65.44920135273055],[61.6192392376453,65.50273922536147],[61.70133064234645,65.54556952346687],[61.79412962157339,65.59077928257825],[61.89049779230943,65.64669661621429],[61.942845934438225,65.71927017689177],[62.028506530647675,65.75972101399203],[62.08442386428477,65.77399778002658],[62.22362233312559,65.80849996461164],[62.25108731890555,65.82560988860678],[62.284399772987,65.83155854112188],[62.342696567630014,65.82204069709856],[62.45572096540678,65.8327482716231],[62.58540159022506,65.85297369017373],[62.655595689897055,65.86011207319184],[62.71151302353425,65.85297369017373],[62.785276314714636,65.8755785697285],[62.820968229801906,65.90175264079335],[62.82453742131101,65.94220347789272],[62.8316758043285,65.98860296750534],[62.86498825840995,66.02667434359863],[62.91495693953212,66.06950464170491],[62.922095322549524,66.11471440081462],[62.94232074109944,66.14088847187848],[62.967305081660925,66.1551652379148],[62.95659750713433,66.17895984797266],[62.997048344233264,66.2336874511057],[63.08508840144934,66.22892852909447],[63.15528250112142,66.21465176305905],[63.2088203737527,66.22654906808927],[63.315896119014525,66.34314265737521],[63.37538264416072,66.40857783503449],[63.37776210516655,66.45854651615808],[63.4039361762306,66.49066923973625],[63.49435569445171,66.50851519727891],[63.53361680104808,66.51565358029711],[63.58953413468528,66.5537249563904],[63.66567688687141,66.57989902745524],[63.71802502900029,66.58346821896336],[63.820341852250465,66.61321148153544],[63.95597112958288,66.63581636109119],[64.09516959842449,66.65842124064783],[64.22960914525363,66.67388773718447],[64.38189464962677,66.68935423372291],[64.52228284897085,66.74289210635382],[64.63768670775345,66.75478941138404],[64.79354140363577,66.75954833339436],[64.92084256744751,66.77977375194402],[65.03624642623011,66.83093216357061],[65.11833783093117,66.84639866010727],[65.24325953373707,66.85948569563968],[65.32535093843822,66.87257273117211],[65.35985312302294,66.91302356827148],[65.38602719408698,66.94157710034145],[65.4205293786717,66.95466413587289],[65.47168779029722,66.95228467486777],[65.52046674091693,66.93562844782625],[65.55853811701003,66.93562844782625],[65.5704354220391,66.94276683084445],[65.56210730851834,66.95942305788411],[65.56329703902169,66.97132036291441],[65.58709164907982,66.98083820693773],[65.6227835641671,66.97845874593075],[65.65133709623697,66.98559712894807],[65.66204467076348,66.99868416448138],[65.63706033020199,67.01653012202404],[65.59660949310314,67.03080688806035],[65.54783054248344,67.04746311510098],[65.50618997488124,67.05936042013032],[65.49548240035544,67.07601664717006],[65.496672130858,67.10457017924003],[65.5287948544369,67.14383128583631],[65.60136841511472,67.21640484651468],[65.66085494026021,67.27708110216281],[65.69059820283336,67.3163422087591],[65.7167722738973,67.36988008138994],[65.76436149401454,67.41390010999841],[65.81908909714828,67.44364337257139],[65.91783672889024,67.46981744363435],[66.00944597761462,67.5031298977174],[66.08796819080746,67.54833965682703],[66.1284190279063,67.59473914644063],[66.14507525494703,67.63162079203171],[66.19266447506345,67.66612297661686],[66.23073585115657,67.68872785617164],[66.26285857473545,67.72204031025282],[66.26523803574128,67.7660603388613],[66.26642776624455,67.79223440992605],[66.26642776624455,67.82911605551544],[66.2438228866889,67.84815174356208],[66.20575151059587,67.86361824010052],[66.19266447506345,67.87551554512905],[66.13674714142635,67.89574096367869],[66.09510657382486,67.90287934669689],[66.05465573672521,67.90287934669689],[65.99278975057389,67.92072530423955],[65.9297340339193,67.91834584323355],[65.85121182072726,67.9445199142983],[65.79053556507849,67.95284802781951],[65.7274798484239,67.94570964480131],[65.6679933232777,67.95641721932684],[65.63230140819041,67.95403775832162],[65.60255814561808,67.96474533284795],[65.56805596103327,67.96474533284795],[65.52760512393442,67.95998641083682],[65.43956506671826,67.97069398536314],[65.37888881106949,67.9861604818998],[65.37294015855537,68.00281670894124],[65.40030396012187,68.04207781553761],[65.44551371923328,68.0753902696188],[65.44551371923328,68.09323622716235],[65.48596455633212,68.1170308372202],[65.50975916639034,68.15391248281136],[65.57519434405076,68.18246601488133],[65.60136841511472,68.21101954695129],[65.59304030159396,68.23124496550005],[65.55734838650667,68.26217795857612],[65.52046674091693,68.32166448372206],[65.49905159186375,68.34426936327868],[65.47406725130305,68.35735639881023],[65.47049805979395,68.37520235635385],[65.48596455633212,68.39185858339529],[65.50024132236702,68.41684292395527],[65.50500024437868,68.44182726451622],[65.52998458494017,68.46324241356976],[65.49786186136119,68.4810883711134],[65.45384183275314,68.50964190318247],[65.40506288213354,68.56436950631719],[65.36937096704627,68.58340519436383],[65.35390447050801,68.614338187439],[65.26229522178363,68.66549659906471],[65.21351627116474,68.68810147862037],[65.18258327808832,68.71427554968521],[65.18813535376876,68.74873367017604],[65.1726688572314,68.77966666325298],[65.0644033814655,68.82844561387083],[65.04060877140728,68.85342995443257],[64.97636332425013,68.87365537298231],[64.97398386324438,68.88436294750863],[64.99182982078759,68.90934728807039],[64.94543033117452,68.94503920315677],[64.87523623150243,68.97359273522673],[64.79433455730384,68.99024896226817],[64.81218051484792,69.01523330283001],[64.7574529117133,69.043786834899],[64.72889937964342,69.06639171445386],[64.72548423955945,69.08528533529893],[64.71631693872784,69.09139686918564],[64.68881503623304,69.09292475265826],[64.65061794943587,69.0868132187697],[64.65672948332309,69.10514782043265],[64.67200831804202,69.10973147084857],[64.70562175442406,69.12501030556723],[64.67659196845777,69.13264972292745],[64.63381123124485,69.13264972292745],[64.63228334777266,69.14334490723097],[64.66131313373894,69.15404009153369],[64.68881503623304,69.16320739236556],[64.70562175442406,69.18001411055685],[64.68117561887362,69.18612564444445],[64.67506408498639,69.2014044791631],[64.70714963789625,69.1983487122206],[64.76215344288524,69.21362754693925],[64.81562936440206,69.22737849818527],[64.85077068425636,69.24724098332173],[64.81715724787423,69.25946405109602],[64.7759043941327,69.26099193456865],[64.74381884122204,69.27474288581467],[64.78354381149211,69.27474288581467],[64.83701973300892,69.26557558498459],[64.88743988758198,69.25946405109602],[64.90424660577308,69.26404770151204],[64.93480427521156,69.25946405109602],[64.94855522645821,69.2625198180403],[64.95466676034624,69.27168711887225],[64.98064077936895,69.26863135192798],[64.93633215868294,69.28543807011917],[64.89202353799783,69.29918902136521],[64.8477149173119,69.30835632219707],[64.83701973300892,69.31752362302814],[64.80646206357045,69.32974669080428],[64.7575697924694,69.34196975857867],[64.66895255109836,69.36641589413097],[64.58491896014317,69.3908620296815],[64.53144303862636,69.39850144703993],[64.49019018488481,69.42600334953474],[64.4275469625364,69.43058699995068],[64.36643162366026,69.4443379511967],[64.31448358561484,69.48100715452347],[64.2625355475703,69.505453290074],[64.14947217064874,69.51614847437664],[64.04099244414301,69.53142730909707],[63.97070980443448,69.54212249339979],[63.872925262232556,69.55740132811934],[63.82097722418713,69.55892921159187],[63.811809923355526,69.56656862895032],[63.70944173073784,69.59407053144423],[63.63304755714198,69.61087724963544],[63.53526301494004,69.60323783227699],[63.45428519092843,69.61546090005137],[63.37177948344534,69.64296280254618],[63.333582396647444,69.64907433643386],[63.27399494124269,69.63226761824355],[63.246493038748596,69.6062935992204],[63.20829595195062,69.6062935992204],[63.13037389488346,69.61851666699476],[63.04786818739957,69.62615608435499],[62.960778829500725,69.6337955017152],[62.930221160062956,69.64907433643386],[62.89813560715231,69.6704647050401],[62.832436617860324,69.69185507364723],[62.77896069634352,69.69185507364723],[62.668953086365605,69.69338295711889],[62.61394928137662,69.69338295711889],[62.517692622646166,69.69796660753491],[62.450465749882696,69.69643872406317],[62.35420909115224,69.69643872406317],[62.277814917556384,69.69643872406317],[62.23503418034265,69.6872714232313],[62.21822746215163,69.67657623892858],[62.18308614229812,69.67199258851264],[62.167807307578485,69.67810412240031],[62.164751540634825,69.69185507364723],[62.137249638140815,69.69796660753491],[62.09446890092708,69.70560602489513],[62.039465095938084,69.70866179183754],[61.9829334074777,69.71018967531106],[61.95848727192647,69.69796660753491],[61.92487383554433,69.7010223744792],[61.88667674874716,69.69796660753491],[61.90501135040965,69.71324544225348],[61.84847966194927,69.7178290926695],[61.81028257515139,69.72088485961369],[61.78736432307234,69.737691577804],[61.764446070994,69.74838676210851],[61.732360518084135,69.74380311169257],[61.68499613045465,69.74380311169257],[61.668189412263544,69.72699639350137],[61.633048092409226,69.73005216044565],[61.62235290810624,69.74227522822002],[61.60401830644294,69.74533099516431],[61.56734910311724,69.74685887863596],[61.5077616477124,69.75449829599617],[61.44053477494823,69.75449829599617],[61.36872425176901,69.76519348029882],[61.31524833025149,69.76213771335462],[61.29385796164543,69.77130501418738],[61.28621854428512,69.79116749932108],[61.246493574015844,69.7988069166813],[61.18537823513971,69.80797421751228],[61.13495808056648,69.82478093570445],[61.0768985086339,69.8461713043107],[61.06009179044288,69.8461713043107],[61.044812955723245,69.82325305223182],[61.01272740281331,69.81561363487249],[60.97758608295899,69.81561363487249],[60.94397264657687,69.84005977042303],[60.89355249200371,69.85381072167091],[60.823269852295965,69.84464342083896],[60.75604297953171,69.83700400347874],[60.72090165967819,69.81714151834414],[60.73159684398128,69.79422326626536],[60.725485310094044,69.77741654807505],[60.7300689605098,69.75144252905278],[60.70867859190294,69.73310792738994],[60.68117668940812,69.72394062655798],[60.679648805936736,69.69949449100744],[60.68728822329615,69.68421565628702],[60.68881610676755,69.65518587032233],[60.66436997121701,69.64754645296212],[60.64145171913876,69.65824163726572],[60.63992383566658,69.66740893809671],[60.6200613505319,69.67810412240031],[60.56658542901518,69.66740893809671],[60.49935855625091,69.66282528768077],[60.41685284876792,69.66740893809671],[60.337402908228384,69.66588105462417],[60.26864815199204,69.6536579868498],[60.20142127922786,69.63226761824355],[60.18614244450903,69.6139330165806],[60.20294916270005,69.6062935992204],[60.21670011394741,69.59559841491678],[60.21517223047522,69.58031958019812],[60.17850302714952,69.57726381325392],[60.17697514367734,69.56351286200604],[60.192253978396266,69.54976191075912],[60.21211646353166,69.52684365868113],[60.21822799741888,69.50086963965798],[60.25642508421677,69.49170233882612],[60.28698275365524,69.49475810577039],[60.30073370490197,69.49323022229963],[60.29767793795831,69.4748956206358],[60.28392698671166,69.45656101897295],[60.30990100573358,69.43211488342233],[60.33281925781263,69.42141969911881],[60.34657020905928,69.39850144703993],[60.380183645441406,69.38933414620807],[60.40157401404828,69.37099954454513],[60.427548033070906,69.36947166107348],[60.442826867789734,69.3465534089946],[60.47949607111623,69.33433034122022],[60.53755564304889,69.31141208914136],[60.53755564304889,69.29154960400676],[60.58644791414986,69.25335251720843],[60.6383959521952,69.21057177999496],[60.668953621632866,69.17084680972579],[60.68423245635249,69.12348242209647],[60.72854107703762,69.0776459179396],[60.751459329116756,69.06236708321917],[60.76062662994755,69.07153438405113],[60.75451509606033,69.08528533529805],[60.76673816383558,69.10973147084857],[60.772849697722734,69.12806607251152],[60.79882371674553,69.12959395598317],[60.826325619240336,69.12195453862472],[60.870634239925465,69.1036199369609],[60.89355249200371,69.08528533529805],[60.91035921019483,69.05625554933158],[60.92105439449861,69.0302815303102],[60.9134149771392,68.99361232698354],[60.887440958116485,68.97374984184894],[60.870634239925465,68.95847100713037],[60.89355249200371,68.93860852199391],[60.90730344325125,68.91874603685932],[60.931749578801686,68.90346720214164],[60.95466783088074,68.87902106659112],[60.98064184990345,68.85457493103961],[60.9867533837906,68.8377682128493],[60.95925148129659,68.83624032937587],[60.917998627555036,68.84540763020775],[60.88285730770072,68.85304704756796],[60.84924387131859,68.86832588228661],[60.801879483689106,68.8912441343655],[60.75604297953171,68.88054895006277],[60.73923626134069,68.86068646492818],[60.725485310094044,68.83012879548909],[60.68270457288031,68.81943361118556],[60.6200613505319,68.81484996076954],[60.57575272984678,68.80873842688284],[60.54977871082407,68.7934595921624],[60.52227680832925,68.76290192272421],[60.45810570250946,68.73845578717368],[60.360321160306725,68.7155375350949],[60.27628756935145,68.71248176815239],[60.14641747423887,68.71248176815239],[60.0440492816211,68.70025870037624],[59.97835029232911,68.69414716648856],[59.94320897247479,68.70178658384789],[59.86223114846318,68.70789811773645],[59.839312896384925,68.72012118551083],[59.79806004264337,68.71248176815239],[59.74916777154242,68.70484235079218],[59.70333126738511,68.70484235079218],[59.66360629711495,68.70484235079218],[59.64527169545174,68.68039621524164],[59.651383229339686,68.65442219621946],[59.63152074420509,68.63150394414059],[59.62999286073291,68.61622510942193],[59.654438996283346,68.62233664330863],[59.68194089877824,68.6284481771963],[59.706387034328685,68.61775299289269],[59.69874761696926,68.6009462747015],[59.68346878224963,68.57344437220758],[59.70791491780007,68.53677516888179],[59.72472163599117,68.52455210110742],[59.73847258723862,68.49857808208337],[59.73541682029496,68.46954829611691],[59.71555433516028,68.43135120931947],[59.67888513183378,68.40690507376894],[59.64679957892393,68.38398682169006],[59.62388132684568,68.35954068613954],[59.581100589631944,68.36106856961209],[59.542903502833965,68.36106856961209],[59.44970261104709,68.35801280266789],[59.429840125912406,68.37176375391569],[59.38247573828292,68.37940317127591],[59.34275076801356,68.37176375391569],[59.27857966219295,68.37176375391569],[59.229687391091986,68.38704258863434],[59.17009993568723,68.39162623905028],[59.09370576209217,68.40843295724059],[59.011200054608366,68.43135120931947],[58.96383566697959,68.46190887875855],[58.968419317395444,68.4832992473648],[58.991337569473686,68.51996845069148],[59.00050487030529,68.54747035318451],[58.98369815211427,68.5642770713766],[58.94855683225995,68.58566743998382],[58.917999162822284,68.60705780859007],[58.92411069670952,68.61469722595028],[58.96230778350741,68.61316934247765],[58.99744910336172,68.60247415817413],[59.02342312238363,68.60247415817413],[59.03411830668742,68.61775299289269],[59.04939714140626,68.64525489538751],[59.03717407363108,68.65747796316276],[59.03717407363108,68.66664526399376],[59.04786925793488,68.67275679788142],[59.009672171136984,68.69109139954428],[59.005088520721145,68.71248176815239],[59.04786925793488,68.73540002023125],[59.09523364556365,68.746095204533],[59.13343073236153,68.75067885494991],[59.176211469575264,68.73540002023125],[59.218992206789,68.72470483592676],[59.251077759698944,68.71095388468073],[59.280107545665146,68.70789811773645],[59.31219309857508,68.71248176815239],[59.32594404982254,68.71859330203908],[59.3106652151037,68.73387213675863],[59.257189293586094,68.74762308800564],[59.22052009026039,68.75526250536585],[59.23121527456426,68.76290192272421],[59.26941236136135,68.76595768966848],[59.29385849691268,68.77512499050044],[59.29385849691268,68.79040382521902],[59.26177294400193,68.79040382521902],[59.229687391091986,68.78734805827473],[59.21440855637316,68.79651535910669],[59.206769139012934,68.81637784424129],[59.18537877040687,68.81637784424129],[59.16398840180001,68.8041547764669],[59.13343073236153,68.80262689299525],[59.12731919847431,68.81332207729878],[59.12731919847431,68.82860091201744],[59.10287306292307,68.83318456243336],[59.09217787861999,68.84082397979181],[59.10440094639526,68.86068646492818],[59.057036558765674,68.8744374161742],[59.01578370502422,68.88971625089286],[58.96230778350741,68.90652296908495],[58.927166463653094,68.9080508525558],[58.89813667768681,68.92485757074789],[58.86605112477696,68.92485757074789],[58.835493455338394,68.92485757074789],[58.83243768839482,68.93860852199391],[58.86605112477696,68.94013640546655],[58.89202514379957,68.94624793935412],[58.90119244463118,68.96305465754533],[58.934805881013304,68.97680560879323],[59.00050487030529,68.97680560879323],[59.09523364556365,68.98138925920915],[59.16398840180001,68.98597290962331],[59.22815950761981,68.98291714268089],[59.266356594417786,68.99208444351189],[59.266356594417786,68.9997238608721],[59.206769139012934,69.01194692864647],[59.16093263485564,69.00583539475969],[59.0906499951478,68.99819597739946],[59.02342312238363,68.9997238608721],[58.951612599204324,69.01347481211812],[58.859939590889724,69.01347481211812],[58.7713223495186,69.00736327823044],[58.68728875856341,68.99514021045519],[58.59315416021086,68.9763811967168],[58.52253199084247,68.9546512984507],[58.47300448896338,68.92100519455464],[58.4120915027362,68.90882259731004],[58.35361503595867,68.88567566254362],[58.28904727055823,68.85765568887831],[58.243971660750844,68.8454730916337],[58.21716994681073,68.85400090970506],[58.163566518931304,68.85278264998031],[58.10996309105195,68.83694527356147],[58.04905010482547,68.83572701383761],[58.01981187143632,68.81867137769405],[57.993010157497,68.78090532623264],[57.96620844355688,68.74679405394636],[57.91016849622849,68.74435753449688],[57.866311146145236,68.72364711918084],[57.80417990019454,68.7199923400067],[57.723774758375086,68.71268278166009],[57.660425252699554,68.71633756083335],[57.620222681789386,68.71633756083335],[57.57149229280803,68.70902800248497],[57.53859928024579,68.69197236634317],[57.49108715098929,68.67613498992336],[57.43626546338501,68.66029761350451],[57.43017416476289,68.64567849681042],[57.39606289247564,68.63471415928959],[57.38388029523051,68.62374982176875],[57.3680429188114,68.60913070507466],[57.3424594645963,68.58598377030735],[57.29372907561486,68.56770987443991],[57.25596302415454,68.56527335499042],[57.227943050489586,68.55552727719443],[57.188958739305136,68.54334467994974],[57.16337528508994,68.53116208270416],[57.12682749335373,68.53116208270416],[57.09271622106657,68.52994382297852],[57.017184118145906,68.52872556325565],[56.9599259110925,68.53359860215365],[56.884393808171936,68.53603512160224],[56.832008640016625,68.54334467994974],[56.793024328831365,68.56040031609243],[56.75404001764612,68.58232899113409],[56.71871048563483,68.59816636755293],[56.66510705775539,68.60060288700144],[56.607848850702084,68.61400374397266],[56.55911846172074,68.61400374397266],[56.546935864475515,68.60425766617657],[56.45312986568679,68.59329332865485],[56.382470801663416,68.57623769251126],[56.31668477653885,68.57989247168462],[56.21678747912712,68.57989247168462],[56.18389446656488,68.58476551058261],[56.148564934553505,68.60060288700144],[56.12054496088926,68.61400374397266],[56.06572327328509,68.62862286066684],[56.006028546782645,68.63958719818758],[55.9780085731184,68.63227763984099],[55.94998859945416,68.63715067873908],[55.90978602854487,68.62862286066684],[55.885420834053804,68.6103489647994],[55.83912696452141,68.60669418562428],[55.78796005609102,68.59572984810345],[55.7611583421518,68.57501943278652],[55.71364621289449,68.57258291333801],[55.6941540573023,68.56161857581716],[55.6783166808832,68.56161857581716],[55.63689585024899,68.55187249802108],[55.60278457796254,68.56040031609243],[55.574764604298295,68.56040031609243],[55.552835929256275,68.56283683554192],[55.49801424165281,68.56405509526667],[55.439537774874566,68.56527335499042],[55.377406528923885,68.55674553691908],[55.32502136076866,68.54456293967448],[55.26289011481725,68.52628904380614],[55.21659624528496,68.50679688821307],[55.20685016748878,68.49217777151802],[55.17395715492654,68.48852299234476],[55.156901518783314,68.48486821317141],[55.148373700711346,68.47024909647732],[55.125226765945186,68.46050301868122],[55.08015115613773,68.45075694088513],[55.07771463668877,68.43613782419104],[55.072841597790685,68.42151870749508],[55.05091292274865,68.42151870749508],[55.02289294908441,68.43126478529295],[54.997309494869214,68.43126478529295],[54.975380819827194,68.41664566859708],[54.95588866423492,68.39593525328016],[54.94248780726495,68.37644309768797],[54.91934087249871,68.36669701989189],[54.9083765349785,68.3520779031978],[54.87792004186531,68.33989530595133],[54.864519184895244,68.32527618925724],[54.875483522415465,68.31674837118588],[54.862082665446195,68.3094388128384],[54.885229600212355,68.29847447531756],[54.913249573876584,68.28629187807286],[54.93883302809178,68.27410928082737],[54.944924326714,68.25218060578659],[54.924213911396805,68.23268845019263],[54.903503496080404,68.2168510737738],[54.88766611966139,68.19979543763111],[54.897412197457484,68.17055720424283],[54.87792004186531,68.15106504864887],[54.846245289027095,68.14010071112804],[54.8157887959139,68.14375549030316],[54.780459263902614,68.13644593195478],[54.768276666656675,68.14619200975078],[54.70492716098107,68.15593808754687],[54.69396282346014,68.17055720424283],[54.641577655305625,68.18030328203892],[54.612339421916474,68.19614065845687],[54.58553770797715,68.22781541129454],[54.5879742274262,68.24121626826576],[54.51122386478062,68.29360143641946],[54.47589433276853,68.2972562155937],[54.432036982685986,68.28020057945012],[54.41619960626697,68.26679972248068],[54.37234225618363,68.2448710474391],[54.34310402279455,68.23025193074403],[54.28706407546608,68.23025193074403],[54.24807976428082,68.24852582661147],[54.21884153089255,68.26314494330742],[54.18594851833022,68.26436320303128],[54.14696420714506,68.26192668358269],[54.10676163623488,68.23025193074403],[54.07143210422359,68.21928759322329],[54.02879301386517,68.22416063212128],[53.9885904429558,68.2144145543252],[53.903312262238245,68.20832325570245],[53.84727231490986,68.18639458066167],[53.78148628978448,68.19248587928352],[53.74981153694716,68.21563281404906],[53.72666460218093,68.25218060578659],[53.74372023832416,68.32283966980953],[53.751029796671205,68.34476834485119],[53.766867173090304,68.35816920182054],[53.7875775884075,68.36547876016812],[53.84361753573589,68.37766135741272],[53.86310969132887,68.39349873383156],[53.83387145793971,68.41542740887411],[53.811942782898484,68.44710216171188],[53.80463322455064,68.47390387565066],[53.77904977033553,68.47755865482392],[53.7766132508864,68.49583255069224],[53.74250197860003,68.51897948545769],[53.690116810444806,68.53968990077648],[53.65478727843343,68.55065423829633],[53.63285860339141,68.53968990077648],[53.60849340890114,68.53968990077648],[53.589001253308865,68.54456293967448],[53.56585431854272,68.55065423829633],[53.56950909771588,68.55796379664383],[53.59874733110496,68.56649161471518],[53.618239486697234,68.6018211467262],[53.634076863116334,68.62984112039159],[53.664533356229526,68.63471415928959],[53.698644628516774,68.64324197736093],[53.73519242025219,68.64324197736093],[53.764430653641355,68.66151587322837],[53.770521952264275,68.69684540524116],[53.76808543281523,68.7224288594561],[53.78514106895845,68.73826623587502],[53.805851484275564,68.75044883311962],[53.83387145793971,68.75044883311962],[53.852145353807856,68.75044883311962],[53.854581873256905,68.76994098871181],[53.86920098995108,68.77115924843655],[53.88869314554407,68.76994098871181],[53.9008757427892,68.78334184568213],[53.89356618444215,68.8003974818266],[53.86189143160395,68.80161574154948],[53.82047060096974,68.80161574154948],[53.713263745210966,68.8174531179693],[53.64138642146338,68.82476267631678],[53.61336644779914,68.82110789714352],[53.627985564493315,68.8052705207246],[53.64138642146338,68.79186966375339],[53.612148188074215,68.78943314430576],[53.58412821441007,68.8003974818266],[53.55732650047075,68.80648878044934],[53.524433487908425,68.81379833879595],[53.52808826708167,68.82719919576539],[53.5597630199198,68.82719919576539],[53.589001253308865,68.82841745549013],[53.60727514917622,68.85156439025556],[53.579255175511975,68.86618350695153],[53.62433078532024,68.88811218199311],[53.698644628516774,68.9051678181358],[53.782704549509404,68.91735041538138],[53.905748781687294,68.93075127235073],[54.026356494416135,68.9478069084944],[54.12259901265389,68.95024342794291],[54.18716677805435,68.94537038904491],[54.217623271167625,68.95146168766766],[54.28462755601703,68.959989505739],[54.317520568579354,68.964862544637],[54.35894139921356,68.964862544637],[54.39792571039891,68.964862544637],[54.441783060482166,68.96851732381212],[54.48564041056542,68.96242602518849],[54.54289861761802,68.964862544637],[54.55751773431291,68.98069992105593],[54.5051325661576,68.98922773912905],[54.412544827093,68.99166425857766],[54.289500594915125,68.98922773912905],[54.11650771403177,68.98435470023105],[53.9995547804761,68.98435470023105],[53.84118101628684,68.95755298629041],[53.69620810906774,68.94415212932017],[53.58412821441007,68.92709649317747],[53.50250481286639,68.90882259731004],[53.428190969669856,68.9002947792378],[53.36727798344337,68.88445740281799],[53.30514673749197,68.86618350695153],[53.247888530439454,68.84912787080697],[53.207685959529286,68.83938179301087],[53.19915814145803,68.81867137769405],[53.207685959529286,68.80648878044934],[53.232051154020354,68.7930879234791],[53.25154330961254,68.78334184568213],[53.28321806245074,68.78334184568213],[53.31245629583911,68.76506794981371],[53.29905543886984,68.75532187201772],[53.25154330961254,68.76141317064045],[53.216213777601254,68.75532187201772],[53.196721622009065,68.73826623587502],[53.15408253164985,68.7224288594561],[53.11266170101564,68.71146452193534],[53.08951476624949,68.71877408028284],[53.126062557985605,68.73826623587502],[53.158955570547946,68.76019491091571],[53.186975544212174,68.7748140276098],[53.16991990806895,68.7930879234791],[53.15530079137477,68.81988963741878],[53.11266170101564,68.80405226099985],[53.0590582731362,68.78090532623264],[52.98596268966459,68.7626314303652],[52.89337495059999,68.73826623587502],[52.80687851015823,68.71268278166009],[52.74840204338079,68.6895358468928],[52.681397758531304,68.6724802107492],[52.643631707070256,68.65664283433125],[52.579063941670526,68.65176979543317],[52.54373440965844,68.63715067873908],[52.47307534563586,68.62984112039159],[52.39632498299028,68.59816636755293],[52.32444765924279,68.57867421196076],[52.258661634118226,68.56040031609243],[52.225768621555986,68.55309075774582],[52.231859920178195,68.54699945912307],[52.25744337439339,68.54821771884782],[52.30130072447665,68.54821771884782],[52.352467632907036,68.54699945912307],[52.415817138582554,68.54578119939833],[52.48403968315688,68.54578119939833],[52.568099604149594,68.54212642022499],[52.6095204347838,68.54212642022499],[52.632667369549964,68.5177612257348],[52.64972300569319,68.49339603124275],[52.68627079742939,68.48486821317141],[52.77033071842202,68.48486821317141],[52.81296980878044,68.47024909647732],[52.82027936712829,68.44953868116039],[52.79469591291229,68.43370130474067],[52.778858536493985,68.4044630713524],[52.778858536493985,68.38862569493355],[52.736219446134854,68.36547876016812],[52.727691628063596,68.34355008512645],[52.67165168073521,68.3094388128384],[52.624139551477995,68.28994665724622],[52.607083915334854,68.26801798220544],[52.57784568194569,68.25583538495994],[52.568099604149594,68.23877974881538],[52.47673012480975,68.20101369735487],[52.43165451500157,68.19248587928352],[52.42190843720557,68.17908502231418],[52.44749189142067,68.16568416534483],[52.448710151144795,68.14984678892412],[52.41703539830739,68.13157289305668],[52.39997976216425,68.10842595829125],[52.370741528775184,68.08284250407632],[52.30373724392568,68.05360427068626],[52.3049555036506,68.09380684159716],[52.32688417869184,68.13644593195478],[52.33906677593697,68.17664850286558],[52.40728932051138,68.21806933349853],[52.48891272205498,68.26314494330742],[52.5266787735153,68.29481969614422],[52.56322656525151,68.33014922815524],[52.59611957781375,68.36547876016812],[52.61195695423285,68.39228047410681],[52.56931786387372,68.4203004477722],[52.487694462330055,68.45441172005849],[52.40485280106235,68.46781257702783],[52.328102438416764,68.4897412520695],[52.283026828608584,68.50923340766168],[52.25744337439339,68.53359860215365],[52.21967732293297,68.53603512160224],[52.17581997284971,68.54578119939833],[52.09663309075518,68.53481686187838],[52.00404535169049,68.5177612257348],[51.91633065152389,68.50679688821307],[51.856635925022246,68.4946142909675],[51.79206815962189,68.49095951179424],[51.732373433119534,68.47146735620206],[51.6848613038631,68.46415779785457],[51.626384837084785,68.44832042143565],[51.61176572039069,68.42882826584258],[51.56790837030735,68.42639174639496],[51.54963447443929,68.41542740887411],[51.49481278683574,68.4044630713524],[51.48750322848859,68.38740743520881],[51.45339195620143,68.37644309768797],[51.44364587840535,68.36182398099388],[51.34009380181965,68.35938746154528],[51.31938338650254,68.35085964347216],[51.29014515311418,68.35938746154528],[51.185374816804355,68.36060572127002],[51.09035055829071,68.36060572127002],[50.990453260879065,68.36304224071863],[50.96730632611283,68.35573268237202],[50.94903243024477,68.36426050044338],[50.913702898233396,68.38009787686221],[50.89908378153851,68.4020265519029],[50.871063807874265,68.3995900324535],[50.841825574485895,68.39228047410681],[50.81502386054588,68.37766135741272],[50.779694328534504,68.37522483796421],[50.780912588258616,68.36669701989189],[50.8052777827497,68.35451442264728],[50.82598819806688,68.34476834485119],[50.841825574485895,68.33624052677807],[50.80162300357573,68.33502226705332],[50.77603954936062,68.34476834485119],[50.748019575696375,68.32771270870761],[50.74071001734933,68.30578403366505],[50.666396174152794,68.2923831766957],[50.648122278284646,68.28020057945012],[50.62984838241658,68.26436320303128],[50.62253882406945,68.2448710474391],[50.601828408752354,68.24365278771347],[50.605483187926225,68.26558146275603],[50.57989973371103,68.26192668358269],[50.48853025437056,68.23025193074403],[50.423962488970915,68.20345021680436],[50.38010513888766,68.20345021680436],[50.35452168467238,68.19004935983502],[50.291172178996135,68.16812068479334],[50.24244179001471,68.14741026947553],[50.23878701084162,68.12791811388246],[50.17300098571705,68.1145172569131],[50.13767145370497,68.09746162077042],[50.14254449260386,68.08527902352483],[50.17178272599213,68.08162424435157],[50.170564466268004,68.05969556930901],[50.154727089848905,68.0414216734407],[50.14010797315402,68.03898515399209],[50.13158015508276,68.05482253041102],[50.107214960591776,68.06822338738036],[50.093814103621625,68.08527902352483],[50.06213935078431,68.07675120545349],[50.025591559048095,68.05969556930901],[49.9792976895158,68.04385819289018],[49.91107514494219,68.02071125812465],[49.847725639266656,68.01096518032865],[49.785594393315264,67.99756432335832],[49.74173704323201,67.98416346638898],[49.70640751122072,67.97198086914251],[49.705189251495796,67.95858001217307],[49.691788394525744,67.95979827189693],[49.68691535562765,67.97563564831763],[49.678387537556475,67.98903650528698],[49.62843888885021,67.97076260941776],[49.55412504565368,67.96223479134642],[49.41646169678161,67.92325048016205],[49.28001660763367,67.89888528567187],[49.187428868568986,67.86842879255707],[49.09727764895344,67.8489366369649],[49.01443598768573,67.84284533834214],[48.934030845866175,67.8440635980669],[48.85484396377154,67.85380967586298],[48.7902761983711,67.86721053283233],[48.73301799131778,67.88670268842628],[48.67819630371423,67.91594092181457],[48.65748588839712,67.93299655795815],[48.61728331748775,67.93908785658],[48.60510072024181,67.93056003850866],[48.62093809666092,67.90863136346796],[48.64530329115199,67.89644876622238],[48.67210500509131,67.88304790925304],[48.70256149820459,67.86842879255707],[48.73789103021659,67.84771837724014],[48.75372840663489,67.83066274109746],[48.770784042778914,67.81848014385196],[48.78540315947309,67.80507928688253],[48.77200230250304,67.79898798825978],[48.77200230250304,67.77827757294196],[48.77322056222796,67.76244019652313],[48.778093601126045,67.7514758590023],[48.76347448443187,67.73198370341011],[48.752510146910765,67.71127328809318],[48.768347523329865,67.71005502836755],[48.80855009423925,67.71736458671602],[48.86459004156764,67.71858284644077],[48.88164567771166,67.70396372974659],[48.85606222349567,67.68568983387738],[48.819514431760254,67.67716201580514],[48.78418489974898,67.67959853525463],[48.736672770491666,67.68203505470412],[48.70987105655243,67.68081679497936],[48.69525193985746,67.68568983387738],[48.711089316276556,67.69787243112384],[48.67332326481623,67.69787243112384],[48.62946591473289,67.69056287277546],[48.586826824374555,67.67472549635653],[48.57951726602671,67.65279682131495],[48.54906077291342,67.65766986021295],[48.518604279800144,67.66497941856045],[48.51494950062697,67.67350723663179],[48.495457345033984,67.67228897690704],[48.46378259219658,67.6515785615911],[48.435762618532436,67.64792378241685],[48.307845347455654,67.66132463938719],[48.307845347455654,67.66985245745853],[48.28348015296538,67.68203505470412],[48.25302365985219,67.66863419773378],[48.23718628343309,67.65401508103969],[48.214039348666944,67.641832483795],[48.19211067362562,67.64426900324361],[48.17627329720652,67.64792378241685],[48.1811463361047,67.63086814627417],[48.175055037481684,67.61381251012969],[48.162872440236555,67.60893947123161],[48.14825332354236,67.62477684765142],[48.13607072629644,67.6467055226931],[48.11292379153028,67.6467055226931],[48.11292379153028,67.62843162682468],[48.10561423318323,67.62843162682468],[48.09464989566294,67.641832483795],[48.075157740069955,67.641832483795],[48.07393948034583,67.6320864059989],[48.056883844201806,67.63330466572366],[48.04348298723255,67.6467055226931],[47.993534338526274,67.66254289911105],[47.98378826073019,67.64061422407026],[47.952113507892065,67.62234032820282],[47.93018483285084,67.60041165316125],[47.887545742491625,67.59188383508803],[47.8656170674504,67.5760464586692],[47.83150579516314,67.55655430307701],[47.82175971736706,67.53706214748492],[47.84734317158225,67.52975258913831],[47.88023618414458,67.52853432941356],[47.897291820288515,67.51878825161748],[47.87779966469553,67.51391521271938],[47.85952576882738,67.51026043354426],[47.83272405488806,67.51269695299465],[47.82297797709198,67.476149161258],[47.84003361323521,67.476149161258],[47.858307509103255,67.46274830428864],[47.854652729929384,67.4286370320005],[47.83272405488806,67.39330749998948],[47.809577120121915,67.3689423054993],[47.83759709378616,67.36285100687655],[47.825414496541015,67.35554144852995],[47.793739743702815,67.35188666935483],[47.76328325058962,67.34214059155875],[47.76571977003866,67.31290235817046],[47.78033888673285,67.29584672202688],[47.764501510314545,67.28853716368027],[47.76328325058962,67.2763545664347],[47.773029328385704,67.24224329414842],[47.74257283527251,67.20935028158503],[47.69871548518917,67.19351290516619],[47.64998509620783,67.18863986626819],[47.6585129142798,67.1715842301255],[47.65120335593275,67.16061989260467],[47.688969407393074,67.14721903563346],[47.72673545885341,67.14234599673546],[47.77181106866159,67.12772688004127],[47.80226756177487,67.12529036059186],[47.82175971736706,67.11067124389768],[47.870490106348484,67.09483386747974],[47.88145444386967,67.08021475078378],[47.85343447020526,67.08630604940751],[47.809577120121915,67.09605212720359],[47.774247588110626,67.10945298417295],[47.73404501720046,67.12041732169378],[47.709679822710186,67.11432602307103],[47.712116342159234,67.093615607755],[47.70115200463822,67.06437737436494],[47.6901876671172,67.03513914097675],[47.669477251800814,66.99737308951714],[47.63902075868681,66.9790991936488],[47.60369122667552,66.96448007695471],[47.56714343494012,66.9437696616369],[47.56227039604123,66.9157496879725],[47.540341721000004,66.91696794769723],[47.52815912375486,66.92671402549333],[47.51354000705989,66.93646010328933],[47.456281800007375,66.95473399915676],[47.44897224166024,66.97178963530035],[47.42582530689408,66.9656983366776],[47.37831317763687,66.94986096025876],[47.32958278865553,66.94498792136068],[47.27597936077609,66.94133314218742],[47.25161416628582,66.92915054494273],[47.25526894545898,66.90722186990115],[47.21872115372278,66.90722186990115],[47.201665517579556,66.89260275320696],[47.16633598556827,66.88163841568525],[47.1370977521791,66.86458277954165],[47.09202214237173,66.86214626009314],[47.03476393531841,66.86336451981691],[46.97750572826581,66.84874540312282],[46.95192227405062,66.83290802670399],[46.912937962865456,66.83778106560199],[46.85933453498602,66.81828891001078],[46.79963980848366,66.8109793516632],[46.78867547096256,66.79636023496911],[46.769183315370384,66.79270545579399],[46.74116334170614,66.79879675441673],[46.71557988749095,66.78661415717124],[46.685123394377754,66.79514197524436],[46.665631238784684,66.78905067662073],[46.65953994016256,66.76955852102854],[46.64735734291662,66.76590374185432],[46.63882952484545,66.78417763772264],[46.64857560264154,66.80245153359007],[46.679032095754735,66.80245153359007],[46.70096077079596,66.81950716973455],[46.69608773189796,66.83656280587822],[46.671722537407604,66.84752714339808],[46.63882952484545,66.84143584477621],[46.60228173310924,66.84265410450007],[46.56938872054691,66.83412628642873],[46.53405918853562,66.81950716973455],[46.49020183845228,66.82194368918404],[46.44147144947094,66.81950716973455],[46.39761409938768,66.82316194890878],[46.38177672296858,66.81707065028604],[46.367157606274404,66.80366979331482],[46.35375674930434,66.82194368918404],[46.34522893123237,66.84387236422482],[46.31233591867013,66.85483670174557],[46.24898641299461,66.8755471170625],[46.20634732263619,66.8889479740337],[46.174672569798076,66.87432885733774],[46.150307375306994,66.86214626009314],[46.13081521971482,66.87311059761487],[46.13081521971482,66.88772971430896],[46.171017790624106,66.8889479740337],[46.16858127117506,66.9060036101764],[46.13568825861282,66.92305924631998],[46.10035872660153,66.94255140191217],[46.086957869631476,66.97300789502509],[46.05771963624311,66.98275397282119],[46.01751706533294,66.963261817229],[45.9846240527707,66.94742444081017],[45.95173104020846,66.94742444081017],[45.96513189717842,66.96082529777959],[46.00289794863885,66.97544441447548],[46.03091792230299,66.99128179089439],[46.046755298722104,67.00833742703709],[46.04919181817114,67.02782958262918],[46.03700922092601,67.04366695904811],[46.008989247261766,67.04001217987476],[45.96756841662756,67.03270262152728],[45.94685800131036,67.03392088125202],[45.954167559657506,67.04610347849751],[45.98706057221975,67.04610347849751],[46.00046142918971,67.06194085491732],[46.001679688913924,67.08021475078378],[45.991933611117744,67.09605212720359],[45.99680665001583,67.11798080224527],[45.9797510138726,67.12407210086712],[45.956604079106455,67.11798080224527],[45.972441455525555,67.13503643838787],[45.88472675535897,67.16549293150275],[45.8347781066535,67.1715842301255],[45.82990506775461,67.17767552874736],[45.75802774400711,67.1862033468196],[45.72147995227171,67.19351290516619],[45.700769536954596,67.18254856764536],[45.68858693970947,67.16792945095126],[45.6751860827394,67.17280248984936],[45.67762260218845,67.1837668273701],[45.69955127722967,67.19960420378902],[45.66178522576935,67.20569550241177],[45.61792787568601,67.21787809965637],[45.606963538165076,67.20813202186038],[45.50097494213114,67.21909635938113],[45.41082372251549,67.23127895662759],[45.360875073809225,67.25077111221978],[45.31823598345089,67.26660848863861],[45.24148562080531,67.29706498175163],[45.19641001099785,67.31533887761907],[45.1476796220165,67.31533887761907],[45.12575094697448,67.32752147486455],[45.07945707744217,67.34214059155875],[45.04047276625772,67.35554144852995],[45.03072668846083,67.37503360412205],[45.011234532868556,67.38965272081623],[45.02463538983862,67.39208924026474],[45.05143710377794,67.39452575971423],[45.0550918829519,67.40670835695892],[45.0550918829519,67.43351007089859],[45.052655363502865,67.4517839667678],[45.052655363502865,67.47127612236],[45.06118318157412,67.48102220015608],[45.06971099964609,67.49320479740068],[45.07214751909504,67.49929609602343],[45.05143710377794,67.50295087519855],[45.01245279259268,67.50295087519855],[44.96372240361134,67.50295087519855],[44.917428534079846,67.51147869326901],[44.89793637848686,67.52487955024023],[44.94301198829504,67.52000651134036],[44.978341520306316,67.52000651134036],[45.0185440912157,67.51878825161748],[45.049000584328894,67.52000651134036],[45.07823881771806,67.51147869326901],[45.09894923303516,67.51878825161748],[45.103822271933254,67.53462562803631],[45.09651271358611,67.55046300445515],[45.049000584328894,67.56508212114933],[45.019762350940525,67.58335601701668],[45.04290928570677,67.58335601701668],[45.062401441298945,67.57482819894445],[45.094076194137074,67.56508212114933],[45.12453268725035,67.56020908225125],[45.136715284495494,67.56873690032259],[45.150116141465546,67.58457427674142],[45.17691785540487,67.59432035453752],[45.197628270721964,67.59797513371086],[45.197628270721964,67.6186855490277],[45.185445673476835,67.641832483795],[45.19641001099785,67.65036030186636],[45.218338686039075,67.63817770462174],[45.221993465213046,67.61990380875342],[45.2353943221823,67.61381251012969],[45.25366821805045,67.62477684765142],[45.27559689309247,67.62599510737617],[45.29387078896053,67.62599510737617],[45.30727164592979,67.61624902958008],[45.30727164592979,67.60772121150696],[45.29021600978666,67.59310209481276],[45.321890762624776,67.59797513371086],[45.3547837751871,67.60893947123161],[45.36940289188128,67.62599510737617],[45.340164658492924,67.63452292544751],[45.35112899601313,67.6467055226931],[45.35600203491123,67.66741593800904],[45.35356551546218,67.70152721029719],[45.31823598345089,67.70761850891992],[45.27437863336755,67.71249154781793],[45.29143426951158,67.71736458671602],[45.31214468482868,67.72101936588928],[45.325545541797936,67.72832892423685],[45.31823598345089,67.74538456037955],[45.32920032097182,67.74782107982895],[45.35112899601313,67.7344202228596],[45.373057671055165,67.7344202228596],[45.40838720306654,67.7344202228596],[45.418133280862534,67.74294804093094],[45.419351540587456,67.75756715762503],[45.43640717673068,67.74903933955369],[45.44615325452678,67.7344202228596],[45.47539148791594,67.7344202228596],[45.51803057827436,67.73320196313486],[45.536304474142426,67.74416630065569],[45.54117751304051,67.76244019652313],[45.54726881166343,67.78071409239057],[45.56310618808254,67.78436887156569],[45.57407052560275,67.77705931321722],[45.57285226587862,67.75025759927755],[45.560669668633494,67.72589240478737],[45.62036439513514,67.72589240478737],[45.67031304384132,67.72832892423685],[45.72878951061875,67.7344202228596],[45.81406769133639,67.74416630065569],[45.84208766500063,67.75269411872704],[45.878635456736035,67.75391237845179],[45.91640150819717,67.77827757294196],[45.972441455525555,67.79167842991131],[46.02117184450691,67.79046017018844],[46.06990223348825,67.78924191046369],[46.099140466876605,67.79046017018844],[46.0881761293564,67.80020624798453],[46.05528311679336,67.81238884523002],[46.01020750698589,67.82944448137272],[46.001679688913924,67.84040881889355],[46.03457270147696,67.83797229944406],[46.06502919459025,67.82822622164797],[46.09792220715249,67.81360710495387],[46.13690651833774,67.79898798825978],[46.171017790624106,67.80020624798453],[46.219748179605446,67.80142450770927],[46.30137158114913,67.7941149493617],[46.38664976186668,67.78924191046369],[46.413451475806696,67.77705931321722],[46.43294363139897,67.78436887156569],[46.44999926754211,67.80751580633024],[46.43538015084802,67.82822622164797],[46.40248713828578,67.8465001175154],[46.374467164621535,67.85624619531238],[46.337919372885324,67.86964705228182],[46.337919372885324,67.88304790925304],[46.367157606274404,67.87573835090457],[46.37812194379542,67.88792094815103],[46.35741152847831,67.90497658429462],[46.322081996466224,67.91472266209071],[46.29771680197595,67.93056003850866],[46.31111765894592,67.9317782982334],[46.33670111316121,67.9269052593354],[46.34888371040634,67.94517915520284],[46.32573677564011,67.95614349272358],[46.28797072417977,67.9792904274909],[46.286752464454935,68.00243736225633],[46.30137158114913,68.0268025567466],[46.29162550335303,68.05238601096153],[46.273351607484884,68.06578686793274],[46.26238726996466,68.08284250407632],[46.2173116601564,68.09015206242293],[46.173454310073154,68.09746162077042],[46.12959695999061,68.11208073746451],[46.13568825861282,68.12304507498445],[46.177109089247026,68.11695377636259],[46.1966012448393,68.10355291939317],[46.22340295877942,68.10355291939317],[46.25264119216769,68.10598943884176],[46.28553420473082,68.10842595829125],[46.27822464638378,68.13522767223003],[46.244113374096514,68.15228330837361],[46.173454310073154,68.16812068479334],[46.11497784329572,68.18761284038553],[46.08208483073338,68.21319629460045],[46.046755298722104,68.25096234606184],[45.9907153513937,68.27776406000152],[45.93833018323839,68.30822055311364],[45.899345872053146,68.30822055311364],[45.86279808031773,68.30456577394031],[45.85792504141965,68.28751013779761],[45.84208766500063,68.27532754055203],[45.817722470509466,68.27898231972537],[45.79823031491729,68.29360143641946],[45.771428600977174,68.29603795586895],[45.793357276019194,68.30456577394031],[45.82868680803057,68.3094388128384],[45.84208766500063,68.32893096843048],[45.859143301143774,68.32649444898198],[45.88959979425697,68.32040315035914],[45.901782391502195,68.33136748787997],[45.89325457343094,68.34964138374919],[45.86401634004186,68.35573268237202],[45.81406769133639,68.38740743520881],[45.80188509409045,68.41786392832182],[45.79213901629437,68.45562997978323],[45.72757125089383,68.46903083675258],[45.669094784116396,68.47634039510007],[45.606963538165076,68.49826907014085],[45.54361403248947,68.51166992711109],[45.47539148791594,68.51166992711109],[45.41082372251549,68.52019774518243],[45.31336294455281,68.5275073035309],[45.243922140254355,68.54456293967448],[45.17204481650687,68.54943597857248],[45.10625879138229,68.55552727719443],[45.01610757176665,68.56770987443991],[44.946666767468116,68.56161857581716],[44.90159115766073,68.55065423829633],[44.83824165198442,68.55552727719443],[44.80778515887121,68.54578119939833],[44.77367388658486,68.55552727719443],[44.72494349760342,68.55187249802108],[44.64941139468196,68.54821771884782],[44.58606188900643,68.54821771884782],[44.49956544856485,68.54821771884782],[44.40819596922428,68.54090816050024],[44.366775138589986,68.55065423829633],[44.242512646687985,68.55430901747057],[44.14139708955133,68.57380117306275],[44.052464129660606,68.58476551058261],[43.997642442056346,68.60547592590132],[43.88434428767535,68.63958719818758],[43.84170519731613,68.63836893846293],[43.75886353604842,68.65055153570842],[43.66749405670795,68.66029761350451],[43.611454109379466,68.66760717185112],[43.556632421776,68.66760717185112],[43.471354241058364,68.6797897690967],[43.40800473538283,68.6797897690967],[43.345873489431426,68.68344454826996],[43.30079787962326,68.67613498992336],[43.2618135684388,68.67613498992336],[43.25328575036683,68.66517065240261],[43.266686607336894,68.65420631488178],[43.303234399072295,68.64567849681042],[43.348310008880475,68.64567849681042],[43.37998476171788,68.62618634121824],[43.41531429372996,68.62131330232023],[43.45429860491443,68.61278548424703],[43.50059247444672,68.59816636755293],[43.571251538470094,68.59451158838057],[43.605362810757256,68.57501943278652],[43.66383927753469,68.57501943278652],[43.70647836789311,68.56405509526667],[43.785665249987744,68.53725338132699],[43.840486937592004,68.51654296601006],[43.89287210574652,68.49948732986559],[43.928201637758605,68.48121343399815],[44.01226155875132,68.46293953812983],[44.067083246354784,68.43248304501591],[44.097539739468075,68.41055436997425],[44.125559713133114,68.40689959080099],[44.18769095908371,68.40568133107625],[44.23520308834094,68.38740743520881],[44.29367955511837,68.35938746154528],[44.326572567680614,68.34964138374919],[44.34119168437479,68.32771270870761],[44.37042991776396,68.29603795586895],[44.363120359416826,68.27167276137877],[44.38992207335623,68.26436320303128],[44.36433861914094,68.25218060578659],[44.36190209969199,68.22416063212128],[44.36799339831491,68.19979543763111],[44.363120359416826,68.17664850286558],[44.336318645476794,68.17055720424283],[44.3314456065787,68.154719827824],[44.32413604823165,68.1145172569131],[44.298552594016456,68.09015206242293],[44.29977085374138,68.07065990683074],[44.32535430795649,68.07065990683074],[44.371648177488794,68.08771554297432],[44.391140333081054,68.08040598462684],[44.369211658039035,68.07065990683074],[44.337536905201716,68.05604079013665],[44.34362820382384,68.04629471233967],[44.366775138589986,68.04629471233967],[44.391140333081054,68.05604079013665],[44.40210467060207,68.04507645261492],[44.37042991776396,68.03411211509409],[44.3314456065787,68.02314777757326],[44.3058621523635,68.0097469206039],[44.31317171071055,67.9792904274909],[44.31560823015968,67.9488339343761],[44.300989113465505,67.9269052593354],[44.288806516220276,67.91350440236596],[44.31195345098644,67.90619484401847],[44.342409944099714,67.90984962319271],[44.382612515009086,67.90375832456988],[44.39235859280518,67.89279398704912],[44.36433861914094,67.88792094815103],[44.31926300933357,67.88792094815103],[44.28149695787323,67.89157572732438],[44.24860394531099,67.89035746759875],[44.209619634125744,67.90375832456988],[44.19621877715568,67.89035746759875],[44.18038140073658,67.85868271476099],[44.16698054376653,67.8318810008222],[44.1767266215635,67.80507928688253],[44.20474659522765,67.78680539101332],[44.24738568558607,67.7794958326676],[44.25225872448408,67.76853149514588],[44.224238750819836,67.75756715762503],[44.21571093274787,67.7368567423082],[44.18769095908371,67.71492806726742],[44.152361427072435,67.70030895057147],[44.142615349276255,67.68203505470412],[44.15357968679726,67.67107071718328],[44.21571093274787,67.66741593800904],[44.28149695787323,67.66497941856045],[44.300989113465505,67.65766986021295],[44.28027869814831,67.65279682131495],[44.207183114676695,67.65279682131495],[44.152361427072435,67.65401508103969],[44.119468414510095,67.63574118517226],[44.106067557540044,67.60041165316125],[44.09632147974395,67.57239167949594],[44.070738025528755,67.54680822528091],[44.03662675324159,67.53340736831157],[44.015916337924395,67.50904217381952],[43.983023325362154,67.50295087519855],[43.964749429494006,67.48833175850268],[43.94282075445278,67.46762134318664],[43.931856416931765,67.44691092786981],[43.902618183543495,67.43351007089859],[43.85997909318428,67.41645443475501],[43.840486937592004,67.39939879861231],[43.81003044447881,67.39696227916284],[43.79175654861075,67.38843446109148],[43.79419306805971,67.36772404577455],[43.805157405580715,67.35675970825372],[43.785665249987744,67.33726755266065],[43.76130005549747,67.32873973459027],[43.752772237425404,67.31046583872097],[43.763736574946506,67.29584672202688],[43.75155397770058,67.27148152753671],[43.74058964018036,67.2483345927694],[43.744244419353436,67.2288424371772],[43.747899198527406,67.20935028158503],[43.73328008183323,67.19960420378902],[43.74180789990449,67.17402074957401],[43.76617309439547,67.15818337315517],[43.79175654861075,67.1508738148068],[43.844141716765265,67.14965555508383],[43.84170519731613,67.17402074957401],[43.902618183543495,67.16914771067601],[43.937947715554785,67.17523900929876],[43.9952059226073,67.17523900929876],[44.04271805186451,67.15940163287992],[44.10850407698909,67.1508738148068],[44.174290102114455,67.1460007759087],[44.19621877715568,67.1460007759087],[44.20231007577861,67.13990947728595],[44.20474659522765,67.13016339948987],[44.22789352999389,67.11554428279578],[44.26078654255605,67.09848864665308],[44.28393347732228,67.09239734803025],[44.2948978148425,67.07534171188578],[44.30220737319034,67.06072259519169],[44.31926300933357,67.04610347849751],[44.3314456065787,67.02417480345592],[44.34971950244676,67.01321046593509],[44.35946558024294,67.01930176455784],[44.36799339831491,67.03026610207867],[44.39235859280518,67.03026610207867],[44.39601337197915,67.01930176455784],[44.39235859280518,67.00955568676174],[44.414287267847214,67.003464388139],[44.43621594288844,66.99250005061914],[44.4654541762776,66.9790991936488],[44.489819370767876,66.96691659640234],[44.505656747186976,66.953515739433],[44.514184565258944,66.97300789502509],[44.53245846112709,66.9656983366776],[44.53367672085122,66.953515739433],[44.521494123606075,66.93889662273881],[44.53367672085122,66.93402358384081],[44.560478434791335,66.93889662273881],[44.588498408455564,66.9437696616369],[44.56535147368933,66.92305924631998],[44.51296630553402,66.91818620742198],[44.484946331869864,66.9157496879725],[44.46301765682864,66.90234883100305],[44.49834718883993,66.8804201559605],[44.505656747186976,66.85849148091891],[44.486164591594786,66.83656280587822],[44.44961679985859,66.82072542945929],[44.40697770950017,66.7914871960711],[44.382612515009086,66.78417763772264],[44.35581080106978,66.77930459882464],[44.348501242722634,66.76712200157905],[44.35337428162073,66.75615766405822],[44.38748555390718,66.73301072929279],[44.414287267847214,66.70133597645413],[44.44474376096049,66.68793511948567],[44.4654541762776,66.6708794833412],[44.509311526360946,66.67940730141255],[44.562914954240284,66.66844296389172],[44.60799056404775,66.66478818471836],[44.67255832944811,66.65382384719753],[44.66524877110106,66.63554995133018],[44.59093492790453,66.65504210692228],[44.52880368195312,66.66478818471836],[44.472763734624735,66.65991514582036],[44.42646986509243,66.65382384719753],[44.38017599556005,66.64651428885094],[44.371648177488794,66.6306769124321],[44.35946558024294,66.616057795738],[44.35702906079389,66.59534738042018],[44.339973424650665,66.5856013026232],[44.35337428162073,66.57829174427661],[44.363120359416826,66.56610914703103],[44.34728298299781,66.56245436785777],[44.330227346854585,66.55758132895969],[44.339973424650665,66.54052569281698],[44.36190209969199,66.53687091364186],[44.4094142289492,66.53565265391899],[44.44961679985859,66.53565265391899],[44.44108898178662,66.52225179694777],[44.39601337197915,66.52225179694777],[44.34119168437479,66.5234700566734],[44.31926300933357,66.51006919970219],[44.30220737319034,66.485704005212],[44.26565958145413,66.46986662879317],[44.24738568558607,66.45524751209899],[44.18769095908371,66.43453709678117],[44.15723446597043,66.41260842173959],[44.12068667423422,66.38215192862657],[44.10484929781592,66.35291369523839],[44.08779366167198,66.33220327992058],[44.06951976580383,66.315147643777],[44.04880935048753,66.30174678680756],[44.06951976580383,66.30174678680756],[44.074392804702725,66.29321896873621],[44.05002761021166,66.29321896873621],[44.03784501296643,66.28469115066397],[44.04759109076261,66.26519899507178],[44.02322589627154,66.2603259561729],[44.01835285737344,66.24570683947871],[44.035408493517465,66.23108772278462],[44.01835285737344,66.21646860608956],[44.01835285737344,66.20428600884496],[44.0268806754455,66.17992081435477],[44.02444415599636,66.16408343793584],[44.0110432990264,66.15190084068938],[44.03784501296643,66.15311910041413],[44.068301506079706,66.15433736013985],[44.0938849602949,66.15799213931221],[44.125559713133114,66.16408343793584],[44.13530579092911,66.15190084068938],[44.119468414510095,66.14702780179138],[44.08170236304977,66.13849998372004],[44.04637283103769,66.1348452045458],[44.067083246354784,66.11778956840311],[44.08535714222293,66.10926175033175],[44.12434145340819,66.09342437391292],[44.15967098541948,66.09342437391292],[44.18281792018563,66.09098785446344],[44.18038140073658,66.07393221832073],[44.15723446597043,66.07393221832073],[44.121904933959144,66.07515047804371],[44.11337711588709,66.06662265997235],[44.12312319368327,66.04834876410403],[44.162107504868516,66.0373844265832],[44.19012747853276,66.02885660851186],[44.197437036879805,66.0203287904405],[44.174290102114455,66.01911053071576],[44.13408753120429,66.02763834878711],[44.091448440845866,66.03616616685935],[44.05977368800774,66.03616616685935],[44.05368238938553,66.0105827126444],[44.0780475838758,65.97890795980585],[44.14748838817434,65.95941580421368],[44.1608892451444,65.93870538889675],[44.18038140073658,65.89728455826298],[44.22545701054476,65.86439154569959],[44.24494916613703,65.8400263512094],[44.22545701054476,65.8327167928628],[44.191345738257596,65.84246287065889],[44.13652405065332,65.86317328597484],[44.0938849602949,65.89728455826298],[44.070738025528755,65.93870538889675],[44.04271805186451,65.95088798614144],[44.02078937682249,65.95819754448893],[44.00251548095514,65.97281666118302],[43.9952059226073,65.95697928476417],[44.00738851985324,65.9447966875186],[44.00860677957735,65.93626886944725],[43.97571376701511,65.93626886944725],[43.94403901417691,65.9399236486206],[43.91236426133959,65.94236016807008],[43.89409036547144,65.94601494724334],[43.90139992381857,65.95332450559084],[43.93672945582986,65.95454276531558],[43.974495507290996,65.96185232366219],[43.987896364260166,65.98378099870385],[43.973277247566074,66.0081461931959],[43.98058680591312,66.03616616685935],[43.99642418233222,66.05565832245152],[43.970840728117025,66.07027743914561],[43.928201637758605,66.08246003639209],[43.898963404369525,66.08367829611683],[43.86850691125625,66.09586089336152],[43.85266953483723,66.11169826978036],[43.844141716765265,66.1250991267497],[43.80028436668192,66.13728172399529],[43.78444699026362,66.14215476289337],[43.80637566530484,66.1555556198645],[43.783228730538696,66.17870255463004],[43.75520875687454,66.18113907407951],[43.746680938802484,66.1957581907736],[43.69307751092305,66.1957581907736],[43.683331433126966,66.17748429490618],[43.64800190111568,66.18479385325277],[43.629728005247614,66.19819471022221],[43.60170803158337,66.19453993104887],[43.58830717461332,66.16408343793584],[43.54323156480585,66.16286517821021],[43.52252114948875,66.13849998372004],[43.50790203279456,66.14824606151612],[43.45551686463925,66.12753564619919],[43.44333426739412,66.10682523088235],[43.40313169648404,66.09707915308627],[43.377548242268844,66.08733307529018],[43.37267520337075,66.067840919698],[43.344655229706504,66.0580948419019],[43.34343696998248,66.03860268630794],[43.32272655466528,66.02763834878711],[43.299579619899134,66.0252018293386],[43.28861528237812,66.04713050438018],[43.3081074379711,66.06540440024762],[43.326381333838455,66.09342437391292],[43.355619567227606,66.12144434757644],[43.36171086585054,66.13240868509729],[43.377548242268844,66.13240868509729],[43.38851257978985,66.12388086702595],[43.40800473538283,66.15799213931221],[43.39825865758594,66.18113907407951],[43.43480644932215,66.18723037270226],[43.4530803451903,66.20306774912021],[43.517648110590656,66.2128138269163],[43.55541416205108,66.2103773074677],[43.58708891488919,66.21890512553905],[43.62485496634953,66.23596076168263],[43.60292629130741,66.25423465755007],[43.578561096817225,66.27129029369462],[43.57612457736818,66.27859985204212],[43.57612457736818,66.28956418956197],[43.56028720094908,66.29078244928672],[43.54444982452998,66.28103637149063],[43.511556811967736,66.28712767011346],[43.51033855224361,66.3005285270828],[43.46526294243543,66.315147643777],[43.45186208546538,66.3054015659809],[43.43480644932215,66.3054015659809],[43.426278631250185,66.32611198129774],[43.40191343675991,66.32854850074723],[43.35805608667657,66.33463979937095],[43.32029003521633,66.32367546184923],[43.30079787962326,66.33098502019583],[43.291051801827166,66.34682239661467],[43.281305724030986,66.36753281193248],[43.2618135684388,66.39555278559689],[43.2203927378045,66.40895364256625],[43.16191627102707,66.41139016201573],[43.12902325846403,66.41991798008708],[43.096130245901705,66.41382668146434],[42.946284299784494,66.3979893050455],[42.89633565107823,66.4028623439435],[42.875625235761134,66.39189800642266],[42.8220218078817,66.39677104532075],[42.76354534110426,66.3882432272494],[42.7343071077151,66.38946148697416],[42.72821580909297,66.36875107165723],[42.70263235487778,66.38215192862657],[42.661211524243484,66.38702496752467],[42.633191550579326,66.38337018835132],[42.619790693609275,66.39311626614742],[42.59177071994503,66.39677104532075],[42.57593334352593,66.38337018835132],[42.532075993442675,66.37362411055523],[42.49796472115622,66.36996933138197],[42.480909085012286,66.39311626614742],[42.51867513647342,66.40895364256625],[42.54913162958661,66.40164408421876],[42.580806382424015,66.40651712311676],[42.617354174160226,66.40651712311676],[42.62466373250727,66.41748146063759],[42.59177071994503,66.43941013567927],[42.52111165592237,66.44428317457727],[42.46750822804303,66.44915621347712],[42.43705173492894,66.46499358989507],[42.39075786539745,66.47839444686541],[42.31157098330202,66.4954500830081],[42.29329708743475,66.50641442052893],[42.23116584148336,66.51250571915168],[42.17025285525688,66.51250571915168],[42.12883202462258,66.50641442052893],[42.10812160930547,66.49666834273285],[42.07766511619219,66.49666834273285],[42.0374625452821,66.47352140796731],[42.036244285557984,66.46012055099708],[41.92050961172714,66.39311626614742],[41.91807309227809,66.36022325358587],[41.86812444357183,66.33585805909382],[41.85350532687765,66.32489372157299],[41.90710875475709,66.31636590350165],[41.85228706715361,66.30661982570564],[41.7999018989983,66.315147643777],[41.73655239332278,66.27859985204212],[41.713405458556636,66.2530163978272],[41.69269504323944,66.25057987837681],[41.693913302963566,66.23474250195788],[41.658583770952276,66.23352424223323],[41.61716294031807,66.2103773074677],[41.57817862913352,66.17504777545668],[41.51970216235529,66.14337302261812],[41.43442398163853,66.1129165295051],[41.34792754119687,66.08367829611683],[41.35158232037003,66.06174962107427],[41.29310585359251,66.06540440024762],[41.265085879928264,66.05444006272678],[41.1944268159049,66.02763834878711],[41.06529128510489,66.0105827126444],[40.95564790989698,65.99961837512357],[40.866089543178774,65.99485463221295],[40.84113149579035,65.99352707650084],[40.73757941920545,65.97890795980585],[40.677884692703095,65.93626886944725],[40.67666643297817,65.91921323330456],[40.5950430314345,65.86926458459767],[40.582860434189456,65.8497724290055],[40.51951092851384,65.80347855947275],[40.43423274779629,65.77302206635973],[40.33920848928264,65.74134731352206],[40.278295503056164,65.73403775517545],[40.17788187185617,65.70715159094652],[40.108263950782614,65.68573069215381],[40.015440056017155,65.67145009295928],[39.93689676044606,65.66787994316019],[39.87798928876806,65.64467396947015],[39.80123106809695,65.60004709698563],[39.73339822192214,65.56077544920026],[39.67806090004286,65.48401722853032],[39.66199522594921,65.40190378316032],[39.69591164903667,65.34835153618042],[39.729828072123325,65.33764108678406],[39.78338031910404,65.31086496329495],[39.84407286568131,65.28587391470404],[39.9172609365536,65.22161121832777],[39.96367288393598,65.20019031953505],[40.00115945682216,65.17162912114685],[40.0225803556139,65.12878732356329],[40.06363707829889,65.1002261251733],[40.13861022407134,65.0734500016824],[40.16717142246061,65.07880522638058],[40.21715351964171,65.05738432758965],[40.262505754075235,65.00821315019942],[40.314484835655335,64.97789201927844],[40.359966532037916,64.95623406861976],[40.387851143510126,64.94405147137418],[40.41384068430053,64.93755408617649],[40.40247026020431,64.91481323798591],[40.41384068430053,64.88232631199844],[40.45444934178512,64.81572811372371],[40.47556584367672,64.80435768962793],[40.532417964154824,64.78648988033544],[40.54703708084901,64.74425687655089],[40.54541273454967,64.72314037465911],[40.574650967938744,64.71664298946142],[40.64124916621303,64.71501864316262],[40.702974325589125,64.70039952646853],[40.722466481182195,64.66628825418047],[40.65911697550668,64.60456309480465],[40.60551354762724,64.57045182251836],[40.530793617855494,64.54933532062658],[40.4690684584793,64.52497012613453],[40.38460245091146,64.552584013224],[40.33344606415687,64.56570103546981],[40.30663382854175,64.61106048000234],[40.27983211460163,64.65085696433738],[40.252855017628534,64.67894844892992],[40.210013220044175,64.6860887485272],[40.17609679695681,64.69679919792355],[40.120759475077534,64.72714547121174],[40.08505797709071,64.72179024651534],[40.03864602970834,64.72000517161447],[39.977953483130975,64.72357532141444],[39.915475861654244,64.73250069590992],[39.8672788393725,64.73250069590992],[39.82086689198942,64.71643502181716],[39.79052061870078,64.6843036736281],[39.78695046890276,64.6503872505418],[39.772669869707684,64.60040515335909],[39.72447284742594,64.58969470396363],[39.66913552554675,64.58969470396363],[39.54418028259329,64.58612455416552],[39.512048934405115,64.60933052785724],[39.44243101333093,64.6236111270509],[39.35139219346483,64.6271812768491],[39.27820412259263,64.64146187604453],[39.23714739990764,64.66466784973635],[39.20323097682098,64.67894844892992],[39.15681902943781,64.67716337403091],[39.08720110836354,64.7057245724208],[38.999732438296256,64.73250069590992],[38.9069085435316,64.74499622020537],[38.81408464876614,64.75749174450083],[38.72661597869886,64.75927681940081],[38.67484880661839,64.78426786799172],[38.63557715883276,64.77355741859536],[38.57488461225539,64.78783801778893],[38.53561296446985,64.81104399148074],[38.4927711668862,64.82353951577717],[38.4695651931951,64.81639921617892],[38.489201017087474,64.78783801778893],[38.50348161628176,64.77355741859536],[38.49098609198684,64.75392159470263],[38.43207862030892,64.75392159470263],[38.36603084903338,64.75392159470263],[38.319618901651,64.73250069590992],[38.28213232876482,64.71822009671627],[38.228580081784905,64.72893054611262],[38.228580081784905,64.70036934772263],[38.22679500688554,64.67359322423174],[38.18216813440182,64.66109769993815],[38.14825171131517,64.63610665134635],[38.14825171131517,64.60576037805727],[38.12504573762327,64.60754545295637],[38.117905438026526,64.61290067765455],[38.091129314536616,64.61290067765455],[38.10005468903272,64.63253650154728],[38.1375412619189,64.65574247523998],[38.16431738540881,64.68251859872909],[38.17145768500635,64.71286487201809],[38.141111411717716,64.73250069590992],[38.09469946433454,64.74856637000445],[38.10362483883144,64.78426786799172],[38.17502783480508,64.79497831738807],[38.23393530648308,64.79676339228628],[38.29998307775783,64.79497831738807],[38.35532039963782,64.80925891658164],[38.38566667292575,64.79854846718528],[38.41244279641646,64.77891264329354],[38.44457414460375,64.78069771819175],[38.41244279641646,64.81282906638081],[38.4195830960132,64.83603504007253],[38.42672339561074,64.85924101376257],[38.34103980044283,64.85745593886347],[38.203589033194355,64.8503156392662],[38.035791992656534,64.88780221215167],[37.8554994278246,64.94849475872974],[37.7644606079585,64.98062610691792],[37.769815832656676,65.04310372839421],[37.448502350776025,65.1020112000724],[37.37888442970247,65.10558134987059],[37.3696163969382,65.10804715675317],[37.18431126567545,65.1573485219514],[37.04686049842626,65.16805897134776],[36.98973810164771,65.1876947952396],[36.916550030775426,65.16805897134776],[36.83443658540632,65.16270374664958],[36.79337986272132,65.14663807255505],[36.79337986272132,65.11986194906602],[36.841576885003064,65.11272164946875],[36.879063457889245,65.05559925268966],[36.86478285869496,65.02525297940058],[36.84693210970115,64.99490670611247],[36.870138083392334,64.96634550772248],[36.832651510506864,64.9609902830243],[36.761248514533236,64.95027983362974],[36.711266417352135,64.94313953403245],[36.698770893056505,64.91100818584339],[36.64164849627786,64.90029773644703],[36.60237684849231,64.91279326074249],[36.58988132419739,64.93956938423338],[36.51312310352559,64.93778430933428],[36.491702204733755,64.90922311094526],[36.488132054935036,64.87887683765618],[36.56489027560684,64.85210071416529],[36.584526099499215,64.83603504007253],[36.56132012580803,64.8217544408771],[36.559535050908664,64.78605294288992],[36.584526099499215,64.75927681940081],[36.56489027560684,64.74321114530628],[36.57024550030502,64.72000517161447],[36.59702162379494,64.73071562101083],[36.68449029386222,64.74142607040807],[36.72197686674769,64.71643502181716],[36.77017388903013,64.69144397322538],[36.850502259499876,64.6271812768491],[36.966532127956526,64.52900215738643],[37.020084374936346,64.5129364832919],[37.05757094782262,64.46295438611098],[37.096842595608166,64.44510363711744],[37.12897394379546,64.4022618395338],[37.289630684735826,64.37191556624471],[37.37531427990374,64.35227974235295],[37.469923249568566,64.38441109054015],[37.562747144334026,64.3986916897347],[37.573457593729486,64.38262601564195],[37.60558894191758,64.3629901917493],[37.64486058970313,64.36834541644748],[37.64843073950194,64.39333646503653],[37.64843073950194,64.44867378691652],[37.732329259770495,64.46295438611098],[37.796591956146585,64.4540290116147],[37.80194718084397,64.4272528881238],[37.78945165654905,64.37548571604476],[37.87870540151578,64.3737006411438],[37.951893472388065,64.3737006411438],[37.97658700849588,64.35376730476851],[37.907564112388506,64.34424690530614],[37.924224811448425,64.33234640597766],[37.96944670889834,64.33234640597766],[38.047990004468716,64.32282600651342],[37.97658700849588,64.30616530745368],[37.907564112388506,64.26570360973523],[37.895663613059064,64.21572151255438],[37.97420690863033,64.15383891604411],[38.02418900581134,64.12289761778804],[38.11736952430984,64.02214677292154],[38.12569763783006,64.00430081537888],[38.11499006330409,63.97693701381193],[38.09238518374843,63.96384997827862],[38.04122677212353,63.936486176711654],[38.028139736591015,63.92339914117923],[38.01148350955065,63.92458887168321],[37.996017013012306,63.92458887168321],[37.99125809100083,63.9091223751447],[37.91749479982026,63.87462019056051],[37.87942342372707,63.876999651565725],[37.84611096964554,63.866292077039304],[37.79138336651117,63.88294830408083],[37.784244983493856,63.89722507011537],[37.729517380359496,63.90674291413869],[37.672410316219384,63.887707226092935],[37.656943819681935,63.84844611949664],[37.6605130111905,63.83297962295813],[37.63790813163494,63.81394393491246],[37.64385678414942,63.807995282397265],[37.62601082660605,63.80442609088914],[37.596267564033084,63.80918501289938],[37.508227506817185,63.78539040284152],[37.448740981671335,63.77825201982429],[37.40353122256083,63.78539040284152],[37.36427011596481,63.803236360385156],[37.321439817860124,63.80085689938004],[37.27623005874891,63.81394393491246],[37.25957383170845,63.8222720484318],[37.27504032824599,63.84844611949664],[37.27028140623442,63.867481807543285],[37.254814909696165,63.891276417602036],[37.225071647124,63.891276417602036],[37.20127703706543,63.88889695659505],[37.15487754745129,63.89365587860627],[37.08468344777948,63.88889695659505],[36.982366624528865,63.891276417602036],[36.97046931950007,63.91864021916802],[36.952623361955986,63.91982994967111],[36.950243900950156,63.90198399212747],[36.90027521982745,63.89603533961237],[36.85486908482664,63.894060105550096],[36.83840923367649,63.91626075816201],[36.81223516261227,63.92220941067712],[36.78011243903356,63.899604531121376],[36.74042264070759,63.89054036839112],[36.69401069332531,63.90839111738475],[36.65116889574095,63.93516724087564],[36.624919234782965,63.95747945268886],[36.61546739775389,63.96551351416383],[36.531568877485256,63.96015828946656],[36.48158678030455,63.96908366396201],[36.45838080661338,63.98871948785563],[36.42981960822385,63.983364263157455],[36.369127061646395,63.99764486235108],[36.3227151142633,64.00121501215199],[36.27987331668015,63.98871948785563],[36.256667342988976,64.01371053644561],[36.25309719318983,64.04584188463468],[36.262022567686586,64.06726278342649],[36.224535994801045,64.07797323282193],[36.19775987131072,64.09760905671556],[36.215610620303494,64.11902995550736],[36.26380764258579,64.14223592919734],[36.249527043391424,64.15651652839279],[36.224535994801045,64.15651652839279],[36.187049421914764,64.16187175309096],[36.190619571713114,64.18150757698459],[36.17455389761881,64.19578817617821],[36.142422549431615,64.19043295148003],[36.085300152652565,64.21006877537366],[36.054953879363836,64.22791952436728],[36.04959865466623,64.19578817617821],[36.00675685708154,64.18150757698459],[35.98712103318957,64.20292847577639],[35.972840433994406,64.22434937456728],[35.97462550889361,64.24755534825908],[35.95320461010243,64.25469564785544],[35.9175031121153,64.25469564785544],[35.913932962316096,64.26540609725271],[35.983550883390365,64.27790162154724],[35.958559834799985,64.29039714584269],[35.92464341171285,64.31360311953358],[35.878231464330554,64.33502401832811],[35.853240415739435,64.33680909322538],[35.79433294406118,64.34394939282356],[35.7693418954708,64.37072551631263],[35.73542547238287,64.38857626530626],[35.68722845010137,64.39750163980261],[35.6693777011086,64.40821208919897],[35.664022476410196,64.41713746369442],[35.64617172741663,64.39928671470261],[35.656882176812644,64.37429566611081],[35.680088150503764,64.36180014181537],[35.6693777011086,64.32431356892994],[35.62832097842312,64.32788371872812],[35.626535903523916,64.34037924302538],[35.594404555335984,64.34394939282356],[35.55156275775204,64.32431356892994],[35.52835678406012,64.30289267013814],[35.48551498647697,64.29753744543996],[35.43374781439627,64.30110759523996],[35.39090601681238,64.30289267013814],[35.37484034271802,64.32252849402994],[35.365914968221205,64.34394939282356],[35.31236272124136,64.35108969241901],[35.23917465036868,64.35108969241901],[35.16420150459686,64.37608074101081],[35.1517059803009,64.39928671470261],[35.160631354798454,64.42606283819259],[35.12314478191212,64.43141806288986],[35.04638656124109,64.42070761349441],[35.016040287952364,64.43141806288986],[35.01247013815316,64.44748373698349],[35.01782536285151,64.47425986047529],[35.039246261643484,64.50639120866254],[35.02139551265071,64.51174643336071],[34.97319849036762,64.51531658315889],[34.90358056929415,64.51888673295889],[34.83753279801908,64.48140016007073],[34.7982611502336,64.48140016007073],[34.7464939781529,64.49032553456709],[34.7482790530521,64.5135315082589],[34.79112085063679,64.54387778154796],[34.83039249842153,64.55458823094341],[34.86252384660946,64.57779420463521],[34.926786542985326,64.59743002852701],[34.98569401466358,64.61706585242246],[35.028535812247526,64.62420615201881],[34.989264164461986,64.64027182611244],[34.95534774137485,64.66883302450151],[34.88215967050223,64.69739422289149],[34.91250594379096,64.70453452248694],[34.933926842582935,64.71345989698511],[34.98033878996523,64.70453452248694],[35.016040287952364,64.71167482208512],[35.030320887147525,64.72060019658329],[34.971413415469215,64.7384509455751],[34.88929997009899,64.72952557107874],[34.839317872918286,64.70988974718512],[34.77505517654242,64.71345989698511],[34.719717854662576,64.73131064597874],[34.79290592553599,64.73309572087692],[34.85895369681026,64.75808676946781],[34.91786116848857,64.79378826745597],[34.96427311587166,64.82948976544048],[34.99818953895954,64.84734051443411],[34.97319849036762,64.87054648812591],[34.94463729197889,64.89910768651589],[34.864308921508666,64.92945395980496],[34.8000462251328,64.94908978369676],[34.744708903253695,64.95444500839494],[34.69115665627379,64.95980023309221],[34.69115665627379,64.97229575738857],[34.7464939781529,64.97765098208583],[34.77862532634083,64.96694053269039],[34.79112085063679,64.98836143148219],[34.807186524730355,65.03477337886488],[34.821467123925515,65.07761517644849],[34.77148502674322,65.12045697403391],[34.72328800446172,65.14723309752299],[34.74113875345449,65.16508384651479],[34.701867105669805,65.19185997000477],[34.66795068258267,65.21685101859657],[34.619753660300375,65.24719729188564],[34.605473061105954,65.29539431416833],[34.60904321090436,65.3257405874565],[34.5965476866084,65.34537641134739],[34.52871484043493,65.35251671094557],[34.45017154486311,65.37572268463737],[34.45374169466231,65.39000328383281],[34.478732743252635,65.39000328383281],[34.55370588902525,65.37750775953737],[34.58583723721324,65.38821820893281],[34.605473061105954,65.41856448222006],[34.63403425949474,65.43820030611369],[34.676876057079426,65.43998538101368],[34.6965118809714,65.42748985671824],[34.742923828353696,65.4346301563146],[34.75720442754886,65.46140627980549],[34.758989502448856,65.49710777779273],[34.787550700837585,65.52209882638272],[34.7982611502336,65.56672569886541],[34.82325219882472,65.57029584866541],[34.8500283223143,65.57922122315995],[34.80540144983115,65.63634361994082],[34.77862532634083,65.65062421913444],[34.80540144983115,65.67204511792625],[34.80361637493121,65.68632571712169],[34.750064127951305,65.70060631631713],[34.72864322916013,65.72381229000712],[34.71436262996497,65.7505884134971],[34.75363427775045,65.75415856329619],[34.80540144983115,65.74701826369892],[34.8500283223143,65.7273824398053],[34.887514895199786,65.71131676571076],[34.93214176768373,65.7059615410135],[34.95356266647565,65.67740034262442],[34.991049239361985,65.69882124141532],[34.96427311587166,65.71488691551167],[34.98569401466358,65.76308393779254],[34.93571191748288,65.79164513618161],[34.88461414848854,65.81061155698717],[34.87524250526752,65.84274290517442],[34.81767383976421,65.85479216074691],[34.847127575603,65.8762130595369],[34.82704548298523,65.90432798920301],[34.79223652244809,65.90432798920301],[34.7453783063408,65.92307127564527],[34.72127979519962,65.91637724477278],[34.669066354394715,65.94315336826276],[34.616852913588275,65.95386381766002],[34.661033517347164,65.97394591027751],[34.66638874204557,65.99670561524363],[34.705214121105314,65.99536680906749],[34.72395740754882,66.00741606463907],[34.72127979519962,66.03553099430337],[34.65433948647461,66.038208606652],[34.62354694446162,66.05561308692268],[34.56597827895757,66.0930996598081],[34.516442450501074,66.07569517953925],[34.52313648137442,66.09845488450355],[34.500376776407506,66.11987578329536],[34.43946109546789,66.12188399255774],[34.36627302459527,66.14866011604772],[34.2915230131855,66.1787832549744],[34.18598045976205,66.19864221323041],[34.08780134029905,66.2486243104122],[34.01818341922478,66.2432690857122],[33.95749087264733,66.23255863631584],[33.89501325117067,66.22541833671858],[33.85931175318507,66.24148401081402],[33.805759506204424,66.25754968490764],[33.820040105399585,66.27004520920309],[33.89144310137226,66.28075565859945],[33.944995348352904,66.29503625779489],[33.91286400016497,66.30931685698852],[33.84146100419076,66.3146720816867],[33.78433860741245,66.30574670718852],[33.71472068633898,66.29146610799489],[33.67366396365429,66.30396163229034],[33.602260967680024,66.30931685698852],[33.55763409519773,66.3111019318867],[33.496941548620214,66.30753178208852],[33.45409975103553,66.29325118289307],[33.40590272875403,66.28968103309671],[33.3273594331838,66.29146610799489],[33.27737733600151,66.266475059404],[33.207759414928034,66.25754968490764],[33.1238608946594,66.24148401081402],[33.023896700296405,66.22898848651857],[32.96677430351815,66.23612878611584],[33.023896700296405,66.25754968490764],[33.097084771169875,66.266475059404],[33.21311463962644,66.27718550880127],[33.304153459492625,66.30753178208852],[33.434463927143554,66.33252283068032],[33.568344544593685,66.33966313027577],[33.61832664177439,66.34858850477394],[33.593335593184065,66.3557288043703],[33.54335349600257,66.37179447846574],[33.50229677331782,66.38964522745937],[33.54513857090177,66.39678552705573],[33.61297141707678,66.41106612624935],[33.65759828955993,66.41285120114844],[33.648672915063116,66.42177657564662],[33.5772699190897,66.43605717484024],[33.55584902029773,66.4521228489366],[33.5772699190897,66.47175867282749],[33.50943707291543,66.46997359792749],[33.49515647372027,66.43427209994206],[33.43089377734441,66.44141239953842],[33.33449973278135,66.44498254933842],[33.259526587008736,66.46997359792749],[33.255956437209534,66.48782434692112],[33.21489971452564,66.50746017081565],[33.16134746754494,66.49496464651929],[33.106010145665834,66.48425419712203],[33.04531759908838,66.47711389752567],[33.00783102620284,66.48960942182111],[32.98105490271331,66.50567509591565],[33.03460714969316,66.5128153955111],[33.08994447157227,66.52352584490745],[33.14706686835058,66.53245121940472],[33.182768366337655,66.54316166880017],[33.26845196150549,66.5360213692029],[33.35949078137173,66.5360213692029],[33.43624900204276,66.51995569510927],[33.4755206498283,66.52174077000927],[33.42018332794919,66.54673181860016],[33.43089377734441,66.56458256759379],[33.38626690486126,66.58421839148559],[33.33092958298221,66.59314376598195],[33.28273256069991,66.6056392902774],[33.239890763115966,66.61456466477375],[33.21846986432479,66.57886316678832],[33.18455344123686,66.56815271739197],[33.1238608946594,66.55208704329834],[33.05067282378678,66.5360213692029],[32.9721295282165,66.53245121940472],[32.90965190673984,66.5378064441029],[32.861454884457544,66.55565719309652],[32.832893686068815,66.57172286719015],[32.86681010915595,66.57350794208833],[32.91500713143745,66.56993779229197],[32.961419078819745,66.56993779229197],[33.018541475598795,66.56458256759379],[33.075663872377106,66.57350794208833],[33.138141493853766,66.58600346638377],[33.1220758197602,66.61277958987557],[33.16134746754494,66.63241541376647],[33.25417136231033,66.63420048866737],[33.30236838459342,66.61456466477375],[33.322004208485396,66.63777063846464],[33.25774151210953,66.65740646235827],[33.164917617344145,66.65383631255827],[33.043532524189175,66.66097661215645],[32.9203623561358,66.67525721135189],[32.83467876096796,66.68418258584825],[32.791836963383275,66.70203333484187],[32.75078024069859,66.71452885913732],[32.69187276902028,66.7180990089355],[32.71329366781305,66.72880945833094],[32.76684591479295,66.73594975792912],[32.81504293707445,66.72345423363367],[32.8721653338535,66.7198840838355],[32.9203623561358,66.73059453323185],[32.856099659759934,66.75558558182274],[32.798977262980884,66.75737065672092],[32.75256531559779,66.75737065672092],[32.711508592913844,66.78593185511],[32.666881720429956,66.81270797859997],[32.62403992284601,66.84126917698904],[32.59190857465808,66.84662440168722],[32.5544220017718,66.85554977618358],[32.547281702174985,66.88589604947265],[32.547281702174985,66.91267217296445],[32.58298320016132,66.91267217296445],[32.59190857465808,66.9233826223599],[32.55799215157094,66.94480352114988],[32.6079742487517,66.94123337135352],[32.59369364955808,66.9680094948435],[32.55085185197339,67.0090662175262],[32.508010054389445,67.02870204141982],[32.44196228311438,67.02513189162164],[32.38483988633533,67.01799159202255],[32.36341898754415,67.032272191218],[32.32950256445622,67.04833786531344],[32.308081665664304,67.05904831470707],[32.334857789154626,67.05904831470707],[32.37948466163772,67.06618861430525],[32.3527085381474,67.08760951309705],[32.300941366066695,67.1018901122925],[32.258099568482805,67.11260056168885],[32.21525777089886,67.1018901122925],[32.14742492472459,67.09831996249522],[32.09030252794554,67.09474981269432],[32.0528159550592,67.10903041189067],[32.022469681770474,67.1233110110843],[32.04032043076484,67.13045131068066],[32.093872677744685,67.11438563658612],[32.14742492472459,67.11617071148612],[32.18848164740933,67.13580653537974],[32.22775329519402,67.13759161027792],[32.28666076687233,67.13402146047974],[32.35092346324819,67.14830205967428],[32.4044757102281,67.15187220947337],[32.458027957208,67.13402146047974],[32.53835632767823,67.1197408612843],[32.5722727507661,67.1197408612843],[32.681162319625116,67.11260056168885],[32.74185486620257,67.10546026209067],[32.79719218808168,67.08403936329887],[32.895371307545474,67.08403936329887],[32.98105490271331,67.09296473779523],[33.04888774888758,67.10546026209067],[33.05424297358513,67.09653488759432],[33.00426087640443,67.07332891390342],[32.9257175808342,67.06618861430525],[32.85431458485999,67.06083338960707],[32.84360413546398,67.02334681672164],[32.87752055855111,66.97871994423895],[32.95427877922293,66.9233826223599],[33.03460714969316,66.88054082477447],[33.13278626915542,66.86090500088267],[33.18455344123686,66.8269885777936],[33.270237036404694,66.81270797859997],[33.352350481774124,66.79307215470817],[33.40590272875403,66.76986618101637],[33.46302512553234,66.75201543202274],[33.50051169841862,66.74666020732457],[33.54692364580097,66.74666020732457],[33.58441021868725,66.7395199077273],[33.548708720700176,66.75737065672092],[33.56298931989534,66.77165125591455],[33.60583111747923,66.77343633081455],[33.58619529358646,66.78950200490817],[33.55584902029773,66.81449305349997],[33.55584902029773,66.84305425188904],[33.57012961949209,66.84483932678904],[33.58262514378805,66.82163335309724],[33.60583111747923,66.81806320329724],[33.61297141707678,66.83769902719177],[33.59333559318391,66.87875574987541],[33.618326641774814,66.86447515068085],[33.64153261546591,66.84662440168722],[33.657598289559644,66.84305425188813],[33.682589338150905,66.85019455148631],[33.700440087144,66.83412887739178],[33.729001285533194,66.80913782880175],[33.76291770862065,66.79485722960632],[33.816469955600475,66.79485722960632],[33.83432070459357,66.78057663041176],[33.80218935640628,66.77343633081361],[33.816469955600475,66.75915573161905],[33.84503115398993,66.7466602073236],[33.86823712768103,66.7698661810154],[33.89322817627158,66.75023035712366],[33.916434149963564,66.7466602073236],[33.96463117224521,66.75558558182183],[33.975341621641476,66.77343633081361],[34.00033267023203,66.79307215470722],[34.01104311962759,66.77700648061268],[34.00747296982957,66.75201543202178],[34.041389392916315,66.74487513242548],[34.064595366608124,66.7716512559145],[34.0878013402994,66.79307215470722],[34.10743716419177,66.78771693000904],[34.103867014393046,66.75737065671996],[34.07530581600368,66.7466602073236],[34.055669992111305,66.73059453323093],[34.14492373707795,66.73773483282821],[34.18062523506486,66.73773483282821],[34.202046133856506,66.72702438343185],[34.239532706742686,66.72702438343185],[34.257383455735784,66.76094080652001],[34.28951480392379,66.76272588141813],[34.319861077212515,66.74844528222457],[34.327001376810145,66.72880945833094],[34.357347650098696,66.7413049826264],[34.41089989707861,66.73416468302912],[34.4430312452667,66.71809900893459],[34.39661929788362,66.7145288591364],[34.33057152660807,66.70560348463914],[34.33057152660807,66.6823975109491],[34.36270287479616,66.66454676195458],[34.432320795870346,66.63777063846467],[34.491228267548436,66.61813481457284],[34.59119246191144,66.63777063846467],[34.66616560768309,66.65205123765914],[34.69115665627364,66.68061243604824],[34.72685815426037,66.67704228625092],[34.75898950244846,66.68953781054638],[34.810756674528925,66.67347213645185],[34.87501937090511,66.67347213645185],[34.92500146808621,66.65026616276003],[34.96070296607294,66.62706018906832],[35.05531193573785,66.59492884088102],[35.10529403291895,66.5717228671901],[35.14813583050331,66.56279749269373],[35.1624164296975,66.55030196839739],[35.19990300258377,66.53245121940375],[35.23203435077177,66.53959151900104],[35.25345524956351,66.52709599470558],[35.29808212204643,66.52709599470558],[35.32128809573842,66.51460047041199],[35.34092391963097,66.4896094218202],[35.40340154110752,66.46283329833109],[35.44802841359062,66.44855269913663],[35.60690007963154,66.42177657564574],[35.67294785090708,66.41999150074567],[35.70686427399374,66.40928105135117],[35.8407448914441,66.39321537725576],[35.9085777376183,66.38250492786028],[36.01389715667939,66.38071985296119],[36.06387925386049,66.36643925376663],[36.16919867292158,66.35394372947206],[36.253097193190136,66.34858850477389],[36.36020168714979,66.33252283067935],[36.51371812849261,66.30039148249216],[36.685085318828364,66.28432580839673],[36.88679878245301,66.27718550880034],[36.999258501110845,66.27183028410217],[37.14920479265495,66.25754968490673],[37.31878690809133,66.22898848651852],[37.42232125225315,66.19507206343044],[37.531210821112076,66.17186608973864],[37.59190336768953,66.14330489134954],[37.711503385944994,66.1254541423559],[37.798972056012275,66.10046309376588],[37.87751535158265,66.10760339336414],[37.94534819775756,66.09510786906868],[38.077443740307764,66.09510786906868],[38.19704375856305,66.08261234477226],[38.282727353731055,66.07368697027597],[38.43445872017452,66.08439741967233],[38.575479637221626,66.07904219497415],[38.7718378761489,66.08618249457143],[38.88965281950482,66.09867801886679],[39.00746776286003,66.10046309376588],[39.16455435400167,66.09867801886679],[39.25916332366641,66.11474369296133],[39.4001842407136,66.14508996624951],[39.52692455856643,66.17722131443682],[39.60725292903626,66.18079146423679],[39.56798128125071,66.22006311202037],[39.61796337843261,66.20221236302763],[39.65187980151989,66.182576539135],[39.70186189870099,66.18079146423679],[39.84823804044636,66.2057825128268],[39.96962313360101,66.22363326182034],[40.13385002433948,66.25576461000763],[40.16776644742685,66.24148401081308],[40.21596346970858,66.26290490960491],[40.24452466809795,66.31645715658482],[40.25730734457517,66.32098660053629],[40.27923601961729,66.31367704219066],[40.29263687658725,66.30027618521945],[40.32796640859854,66.31124052274029],[40.357204641986904,66.32464137971141],[40.369387239232836,66.32342311998676],[40.37791505730401,66.33195093805712],[40.37913331702893,66.35387961309968],[40.39253417399899,66.37093524924326],[40.40715329069308,66.37946306731462],[40.4193358879383,66.38311784648795],[40.4290819657344,66.37337176869187],[40.43517326435741,66.38068132703847],[40.43517326435741,66.3916456645593],[40.45832019912347,66.38555436593647],[40.47781235471583,66.38189958676321],[40.49121321168571,66.38799088538596],[40.51070536727878,66.39773696318204],[40.53019752287105,66.3940821840088],[40.53750708121819,66.40017348263154],[40.52897926314622,66.41113782015326],[40.547253159014275,66.41844737849897],[40.55821749653529,66.42332041739698],[40.57405487295439,66.42088389794935],[40.59111050909753,66.44646735216428],[40.60572962579251,66.45621342996037],[40.60085658689371,66.4671777674812],[40.59111050909753,66.47326906610306],[40.6106026646906,66.4769238452773],[40.61791222303765,66.48545166334856],[40.61303918413956,66.49519774114465],[40.6106026646906,66.50616207866548],[40.62522178138478,66.50738033839112],[40.648368716150934,66.50007078004273],[40.667860871743116,66.50372555921786],[40.69466258568323,66.51712641618721],[40.71171822182646,66.52809075370804],[40.70806344265329,66.54880116902497],[40.7239008190715,66.55854724682106],[40.7446112343887,66.56951158434181],[40.770194688603894,66.57803940241315],[40.76897642887977,66.5914402593826],[40.78115902612482,66.5914402593826],[40.8018694414421,66.58778548020925],[40.83719897345338,66.6072776358032],[40.83598071372917,66.61580545387454],[40.84572679152535,66.6243332719459],[40.859127648495324,66.6243332719459],[40.873746765189416,66.64017064836483],[40.873746765189416,66.64748020671232],[40.8944571805067,66.64991672616082],[40.92125889444601,66.65478976505892],[40.939532790314075,66.65722628450752],[40.93831453058995,66.67671844010059],[40.95049712783518,66.68280973872422],[40.97729884177512,66.67793669982436],[41.00897359461261,66.68280973872422],[41.01506489323553,66.70595667348965],[41.03212052937876,66.7023018943164],[41.05283094469578,66.71570275128673],[41.07719613918694,66.72666708880658],[41.091815255881116,66.72057579018472],[41.11008915174918,66.73032186797994],[41.175875176873745,66.77052443888896],[41.24166120199832,66.79610789310574],[41.273335954836526,66.81316352924844],[41.29404637015363,66.83874698346337],[41.309883746572645,66.86311217795355],[41.311102006296856,66.89478693079309],[41.32084808409286,66.91671560583379],[41.3025741882256,66.93498950170122],[41.29648288960267,66.95082687812005],[41.319629824368825,66.95082687812005],[41.32206634381778,66.95813643646764],[41.314756785470735,66.96666425453898],[41.290391590979574,66.9703190337141],[41.2562803186933,66.99346596847954],[41.236788163100314,66.99833900737755],[41.20998644916091,67.00077552682703],[41.20267689081386,67.01783116296973],[41.20511341026291,67.02757724076582],[41.225823825580015,67.02026768241922],[41.263589877040346,67.00808508517363],[41.28551855208157,67.00808508517363],[41.32450286326674,66.98859292958146],[41.34155849940996,66.98859292958146],[41.351304577206854,66.96300947536564],[41.37323325224817,66.95813643646764],[41.38663410921823,66.97397381288737],[41.385415849493306,66.99346596847954],[41.37932455087118,67.01052160462312],[41.38419758976927,67.03001376021531],[41.37932455087118,67.05072417553214],[41.40003496618829,67.0495059158074],[41.40734452453542,67.06656155195196],[41.42561842040348,67.0775258894728],[41.42561842040348,67.09214500616689],[41.393943667565274,67.0994545645135],[41.37201499252325,67.10189108396298],[41.357395875829155,67.10920064230959],[41.375669771697126,67.11041890203433],[41.38176107032014,67.1274745381779],[41.40978104398429,67.14696669377008],[41.41709060233151,67.1676771090879],[41.38785236894235,67.17133188826205],[41.363487174452075,67.17864144660865],[41.34034023968593,67.17864144660865],[41.32206634381778,67.16158581046417],[41.29282811042871,67.16889536881266],[41.236788163100314,67.177423186884],[41.19536733246602,67.19569708275134],[41.174656917149626,67.22249879669101],[41.174656917149626,67.25051877035641],[41.188057774118796,67.27732048429608],[41.185621254669925,67.32605087327644],[41.183184735220884,67.36016214556459],[41.1624743199036,67.40158297619746],[41.14054564486246,67.42107513179143],[41.080850918360106,67.4222933915143],[41.04673964607294,67.43325772903515],[41.060140503043,67.4430038068331],[41.069886580839004,67.45640466380245],[41.065013541941,67.48929767636398],[41.05770398359395,67.51244461113129],[41.04552138634873,67.53924632507095],[41.07354136001297,67.5453376236928],[41.094251775330164,67.55630196121365],[41.10277959340213,67.59041323350169],[41.11618045037139,67.62452450578806],[41.080850918360106,67.65498099890098],[41.028465750205505,67.68909227118726],[40.988263179295416,67.69396531008536],[40.96267972508022,67.72442180320014],[40.92978671251798,67.71833050457731],[40.883492842985596,67.7000566087081],[40.83719897345338,67.69762008926048],[40.817706817861115,67.71711224485257],[40.79455988309496,67.73660440044475],[40.74339297466457,67.75366003658745],[40.72633733852055,67.76462437410828],[40.73242863714356,67.78168001025186],[40.68491650788714,67.79995390612108],[40.65811479394702,67.78777130887461],[40.60938440496568,67.79751738667159],[40.589892249373406,67.76827915328252],[40.56187227570917,67.73416788099624],[40.52045144507496,67.7232035434754],[40.47293931581774,67.74513221851609],[40.41324458931609,67.76949741300814],[40.35476812253866,67.80848172419242],[40.33162118777242,67.82431910061135],[40.36329594060974,67.84015647703018],[40.38644287537606,67.8352834381321],[40.42420892683631,67.83406517840734],[40.42664544628544,67.86208515207088],[40.39009765455003,67.88035904794009],[40.34502204474177,67.87914078821446],[40.33162118777242,67.89985120353228],[40.28898209741329,67.89985120353228],[40.2554530484491,67.89495310007807],[40.10729183180445,67.95743072155524],[40.018038086837805,67.99313221954073],[39.98590673864972,68.00562774383619],[39.94485001596472,68.06096506571608],[39.891297768984806,68.10202178840152],[39.84488582160252,68.14307851108607],[39.803829098917525,68.14664866088329],[39.83417537220625,68.09666656370334],[39.866306720394256,68.05203969121882],[39.90200821838116,68.00919789363526],[39.8234649228099,68.00384266893708],[39.78597834992443,68.02169341793072],[39.73421117784405,68.00562774383619],[39.63781713327987,68.01990834303162],[39.53963801381623,68.05382476611791],[39.489655916635215,68.08774118920608],[39.39147679717158,68.13058298678973],[39.28080215341311,68.16806955967698],[39.18619318374829,68.21983673175602],[39.13442601166783,68.21983673175602],[39.09693943878165,68.2751740536369],[39.03446181730474,68.29302480262866],[38.980909570325,68.31266062652227],[38.89768045314389,68.36197332061602],[38.84278939998908,68.37268377001237],[38.82940133824461,68.38205541323347],[38.79057595918424,68.3887494441069],[38.782543122137064,68.37268377001237],[38.74773416159988,68.37134496383712],[38.67543862817652,68.35394048356919],[38.65669534173379,68.34456884034809],[38.61786996267342,68.34992406504627],[38.57368935891487,68.3673285453142],[38.542896816901056,68.36063451444076],[38.53084756133051,68.37134496383712],[38.53084756133051,68.38071660705822],[38.510765468713764,68.40213750585093],[38.470601283478494,68.40615392437394],[38.44516396616268,68.40481511819958],[38.41571023032359,68.41820317994546],[38.395628137706844,68.44230169108593],[38.3782236574383,68.43560766021348],[38.36483559569294,68.44631810960983],[38.34073708455194,68.46372258987776],[38.29655648079357,68.46372258987776],[38.24166542763875,68.46773900840068],[38.22024452884702,68.48380468249522],[38.17472511891437,68.50522558128793],[38.159998250994825,68.53467931712657],[38.15196541394756,68.54940618504585],[38.117156453410466,68.55743902209268],[38.09573555461873,68.54405096034768],[38.08904152374645,68.55743902209268],[38.05958778790665,68.57752111471014],[37.9886310606581,68.59358678880467],[37.92169075193372,68.62036291229379],[37.89357582226899,68.6324121678654],[37.90294746549036,68.64580022960942],[37.794504165356514,68.67257635310031],[37.47185187730168,68.76093756061705],[37.443736947637575,68.76093756061705],[37.375457832737496,68.78771368410617],[37.303162299314934,68.79574652115477],[37.29379065609356,68.82252264464387],[37.1639264571671,68.86268682987878],[36.96042791864326,68.90954504598723],[36.909553284011636,68.90418982128905],[36.86938909877716,68.92962713860469],[36.748896543072064,68.97648535471126],[36.71274877636078,68.98317938558469],[36.649824886158704,68.97782416088651],[36.63777563058842,68.99388983497917],[36.552092035420415,69.00727789672418],[36.50121740078959,69.02334357081871],[36.4650696340776,69.02468237699298],[36.43026067354122,68.99924505967735],[36.412856193272674,69.00460028437553],[36.40482335622549,69.0367316325646],[36.370014395688315,69.05279730665737],[36.333866628977034,69.04476446961054],[36.30976811783612,69.04878088813435],[36.301735280788854,69.07020178692706],[36.341899466024124,69.06752417457665],[36.38206365125868,69.06618536840325],[36.376708426560505,69.08894507336936],[36.30709050548703,69.11706000303363],[36.262909901728484,69.12107642155655],[36.23345616588957,69.15588538209525],[36.22408452266829,69.18533911793291],[36.20935765474874,69.18801673028244],[36.20935765474874,69.17195105618791],[36.18392033743302,69.17061225001363],[36.17722630656074,69.19069434263109],[36.13304570280219,69.18801673028244],[36.103591966963194,69.18266150558426],[36.15312779541974,69.14383612652452],[36.14375615219775,69.1130435845107],[36.12501286575502,69.11572119686025],[36.099575548439205,69.1451749326989],[36.0420068829361,69.17328986236316],[35.96435612481536,69.18266150558426],[35.89339939756699,69.20943762907515],[35.86260685555308,69.1893555364577],[35.83449192588898,69.18400031175952],[35.84252476293536,69.21077643524855],[35.81708744562044,69.21613165994673],[35.782278485083346,69.21880927229537],[35.742114299847984,69.21613165994673],[35.76219639246571,69.18400031175952],[35.74880833072035,69.16659583148973],[35.71399937018397,69.19471076115401],[35.63500980588833,69.2121152414238],[35.57208591568714,69.22014807846975],[35.4971127699146,69.22282569082016],[35.42749484884042,69.24290778343762],[35.38599185743096,69.24692420196064],[35.38465305125677,69.22684210934308],[35.35118289689458,69.22550330316793],[35.3404724474984,69.23889136491283],[35.29227542521666,69.257634651357],[35.24541720910902,69.26165106987902],[35.19855899300148,69.2536182328322],[35.25746646467948,69.23889136491283],[35.25746646467948,69.22014807846975],[35.24675601528321,69.19738837350354],[35.1891873497802,69.20943762907515],[35.18650973743111,69.17462866853656],[35.15839480776621,69.16525702531546],[35.14500674602165,69.19337195498062],[35.13295749045119,69.2134540475972],[35.05262911998065,69.2134540475972],[35.008448516222195,69.20809882289902],[35.008448516222195,69.1893555364577],[35.00309329152473,69.16927344384015],[34.96292910628946,69.16659583148973],[34.96292910628946,69.19203314880635],[34.98435000508128,69.22282569082016],[34.88393954199382,69.23353614021465],[34.799594753,69.24826300813402],[34.70989473930898,69.24692420196064],[34.586724571254884,69.26968390692673],[34.48899172051651,69.27905555014783],[34.37920961420777,69.30449286746347],[34.32030214252967,69.30315406128919],[34.20784242387193,69.31788092920847],[34.10073792991139,69.333946603303],[33.99631104830065,69.35268988974529],[33.94141999514592,69.35268988974529],[33.902594616085636,69.35268988974529],[33.89054536051518,69.32591376625618],[33.91330506548191,69.30984809216164],[33.90125580991145,69.29378241806711],[33.87046326789755,69.3111868983369],[33.849042369105725,69.33528540947648],[33.807539377696266,69.333946603303],[33.78477967272963,69.31788092920847],[33.747293099843446,69.30717047981211],[33.712484139307065,69.31520331685982],[33.72051697635354,69.33126899095436],[33.684369209642256,69.333946603303],[33.62546173796425,69.33930182800118],[33.559860235413964,69.32993018477919],[33.554505010715786,69.30850928598737],[33.567893072461146,69.27370032544965],[33.58797516507798,69.2308585278661],[33.52639008105098,69.24156897726246],[33.495597539037696,69.26031226370554],[33.45007812910514,69.257634651357],[33.40991394386987,69.24692420196064],[33.37778259568169,69.24960181430919],[33.36841095246041,69.28039435632309],[33.39652588212451,69.28039435632309],[33.43535126118568,69.27771674397445],[33.478193058769236,69.28842719336893],[33.502291569910064,69.30583167363872],[33.46614380319878,69.31252570451029],[33.41660797474206,69.31921973538283],[33.35770050306414,69.31520331685982],[33.298793031386225,69.30850928598737],[33.219803467090586,69.30181525511394],[33.179639281856026,69.30449286746347],[33.1582183830642,69.31788092920847],[33.219803467090586,69.32457496008101],[33.31619751165477,69.33796302182601],[33.379121401855876,69.34331824652419],[33.417946780917134,69.36072272679212],[33.460788578500605,69.39017646263254],[33.48622589581642,69.42900184169318],[33.48220947729243,69.45711677135657],[33.460788578500605,69.45979438370522],[33.423302005614424,69.45711677135657],[33.37242737098369,69.4651496084034],[33.34832885984277,69.47586005779975],[33.296115419037136,69.47050483310157],[33.29477661286295,69.45443915900704],[33.26532287702403,69.44506751578594],[33.186333312728216,69.4330182602161],[33.114037779305654,69.41963019847022],[33.065840757023295,69.40356452437666],[33.02032134709064,69.39419288115546],[32.96543029393583,69.37678840088665],[32.92392730252637,69.35670630827008],[32.902506403734634,69.32725257242966],[32.862342218499364,69.32725257242966],[32.852970575278,69.35001227739754],[32.85029296292891,69.37009437001508],[32.89447356668746,69.38616004410775],[32.956058650714375,69.42498542316937],[33.02835418413694,69.45979438370522],[33.053791501452835,69.47586005779975],[33.00961089769438,69.47050483310157],[32.96409148776164,69.4651496084034],[32.90384520990882,69.43435706638958],[32.856986993801186,69.40356452437666],[32.839582513532555,69.40356452437666],[32.84895415675472,69.42230781081975],[32.885101923466,69.45711677135657],[32.913216853130194,69.47586005779975],[32.869036249371646,69.4745212516245],[32.834227288835265,69.4825540886722],[32.79272429742589,69.48523170102085],[32.755237724539626,69.48523170102085],[32.727122794874724,69.47184363927683],[32.76193175541199,69.46782722075292],[32.748543693667344,69.45310035283364],[32.724445182525635,69.46113318988047],[32.70971831460618,69.45711677135657],[32.721767570176546,69.44908393431064],[32.703024283733896,69.43569587256573],[32.680264578767265,69.43971229108776],[32.680264578767265,69.45845557753182],[32.65616606762635,69.45443915900704],[32.665537710847715,69.46648841457865],[32.65214964910307,69.47853767014928],[32.63340636265963,69.4825540886722],[32.6119854638678,69.46247199605475],[32.599936208297436,69.47586005779975],[32.593242177425154,69.47987647632267],[32.553077992189884,69.44238990343729],[32.53701231809615,69.45310035283364],[32.492831714337605,69.44506751578594],[32.449989916753424,69.42230781081975],[32.38974363890123,69.41025855525],[32.31878691165286,69.39151526880593],[32.3080764622565,69.40490333055182],[32.38572722037724,69.42900184169318],[32.43660185500887,69.44372870961246],[32.475427234069144,69.4651496084034],[32.511575000780425,69.47050483310157],[32.54370634896852,69.4825540886722],[32.553077992189884,69.49861976276586],[32.50086455138416,69.50665259981356],[32.474088427894245,69.52004066155767],[32.44597349823023,69.51334663068522],[32.4285690179616,69.52137946773293],[32.47944365259242,69.53342872330268],[32.48078245876732,69.55083320357247],[32.444634692055246,69.54815559122196],[32.417858568565244,69.55083320357247],[32.38304960802904,69.55618842826966],[32.32815855487422,69.55217200974674],[32.254524215276675,69.55886604061831],[32.22373167326357,69.57091529618992],[32.16884062010875,69.57091529618992],[32.11394956695394,69.58162574558442],[32.091189861988106,69.59367500115513],[32.04834806440375,69.59635261350556],[32.02692716561192,69.58028693941102],[31.988101786551553,69.57225410236332],[31.96668088775902,69.5776093270615],[31.984085368027564,69.59367500115513],[31.95998685688674,69.60706306290014],[31.911789834605003,69.60304664437713],[31.891707741987368,69.62312873699467],[31.895724160510557,69.63250038021577],[31.92785550869865,69.63517799256442],[31.969358500108108,69.63517799256442],[32.00684507299429,69.64454963578739],[32.05771970762511,69.66061530988006],[32.11528837312884,69.67132575927641],[32.14741972131702,69.68873023954433],[32.14474210896793,69.71015113833802],[32.10859434225576,69.72487800625642],[32.125998822524394,69.74228248652523],[32.1554525583634,69.7396048741757],[32.179551069505024,69.71952278155824],[32.206327192994934,69.6940854642425],[32.22640928561177,69.67668098397459],[32.184906294202314,69.66597053457824],[32.15277494601431,69.65392127900849],[32.14741972131702,69.62982276786802],[32.17687345715602,69.61911231847166],[32.217037642390494,69.6271451555176],[32.254524215276675,69.61509589994697],[32.326819748699236,69.60036903202848],[32.358951096887324,69.61107948142484],[32.40447050682077,69.62446754316984],[32.42455259943832,69.61509589994697],[32.43660185500887,69.5950138073303],[32.486137683465415,69.59233619498077],[32.54102873661943,69.60304664437713],[32.56914366628433,69.59367500115513],[32.62671233178744,69.59635261350556],[32.64545561823088,69.5856421641092],[32.69766905903581,69.58430335793395],[32.74988249984153,69.58296455175967],[32.796740715949085,69.56422126531649],[32.82619445178808,69.56957649001467],[32.85832579997618,69.55217200974674],[32.92928252722455,69.56556007149175],[32.98283477420438,69.58162574558442],[33.00827209152019,69.59769141967895],[32.98149596803027,69.61107948142484],[32.990867611251645,69.6177735122965],[33.00961089769438,69.61509589994697],[33.025676571788736,69.60304664437713],[33.07922881876856,69.6271451555176],[33.096633299037194,69.64990486048556],[33.08190643111765,69.67132575927641],[33.09931091138628,69.68203620867277],[33.11805419782893,69.69274665806913],[33.072534787895485,69.70345710746548],[33.089939268164116,69.72086158773251],[33.132781065748475,69.72353920008302],[33.10734374843258,69.75433174209498],[33.04174224588238,69.7623645791418],[32.98283477420438,69.76638099766659],[32.96141387541255,69.78110786558587],[32.941331782795004,69.77709144706294],[32.89313476051327,69.78110786558587],[32.835566095009455,69.78244667176112],[32.787369072727714,69.78780189645752],[32.74988249984153,69.7971735396804],[32.72310637635162,69.79851234585388],[32.73515563192199,69.77173622236477],[32.73917205044518,69.7623645791418],[32.685619803465265,69.77039741618951],[32.632067556485524,69.78110786558587],[32.59725859594835,69.78646309028404],[32.570482472458345,69.80386757055206],[32.547722767491706,69.79181831498222],[32.54102873661943,69.81190040759977],[32.53968993044524,69.83332130639062],[32.522285450176696,69.84804817430998],[32.49015410198869,69.84938698048515],[32.44061827353205,69.87348549162562],[32.36296751541131,69.90561683981468],[32.31209288077978,69.90963325833849],[32.28397795111567,69.90561683981468],[32.27192869554522,69.91231087068626],[32.27326750171941,69.92168251390736],[32.23042570413576,69.93640938182762],[32.182228681853225,69.93908699417715],[32.15143613984012,69.94444221887532],[32.10457792373266,69.95783028061943],[32.07378538171938,69.96452431149278],[32.061736126149015,69.94444221887532],[32.03763761500739,69.93239296330371],[32.01353910386656,69.93239296330371],[32.022910747087934,69.96050789296808],[31.988101786551553,69.96452431149278],[31.949276407490473,69.95783028061943],[31.91848386547728,69.94711983122397],[31.910451028430103,69.92703773860553],[31.92250028400056,69.9002616151165],[31.96801969393392,69.8922287780688],[31.989440592725742,69.87750191014942],[32.00015104212192,69.86545265457968],[31.973374918632096,69.85875862370634],[32.03362119648429,69.82930488786769],[32.10591672990685,69.78646309028404],[32.11930479165212,69.76102577296841],[32.09386747433639,69.76370338531794],[32.05370328910183,69.77441383471252],[32.05771970762511,69.75968696679315],[32.0362988088332,69.7570093544445],[31.990779398899843,69.77039741618951],[31.972036112457108,69.79851234585388],[31.903756997557824,69.81056160142451],[31.84752713822891,69.82796608169244],[31.771215186282358,69.84001533726405],[31.740422644269167,69.82930488786769],[31.714985326953354,69.7931571211557],[31.736406225745178,69.73157203712887],[31.704274877557086,69.71148994451141],[31.714985326953354,69.70077949511506],[31.749794287490534,69.6940854642425],[31.836816688832553,69.66597053457824],[31.84618833205392,69.64454963578739],[31.824767433262185,69.64722724813505],[31.776570410980447,69.65392127900849],[31.72034055165153,69.66998695310302],[31.665449498496717,69.67801979014895],[31.57307187245652,69.67935859632412],[31.54094052426843,69.6847138210223],[31.514164400778515,69.68203620867277],[31.547634555140796,69.64321082961213],[31.522197237825782,69.64187202343687],[31.49408230816097,69.67801979014895],[31.46061215379869,69.67668098397459],[31.431158417959686,69.64321082961213],[31.393671845073506,69.63116157404238],[31.362879303059515,69.61107948142484],[31.318698699301056,69.59233619498077],[31.26380764614704,69.5628824591431],[31.231676297959037,69.53878394800086],[31.18883450037468,69.52539588625585],[31.15134792748921,69.52004066155767],[31.131265834871574,69.52539588625585],[31.119216579301117,69.54280036652564],[31.14867031514012,69.54280036652564],[31.18749569420049,69.54413917269903],[31.22765987943576,69.5762705208881],[31.279873320240686,69.5950138073303],[31.34145840426778,69.61643470612302],[31.357524078362225,69.64588844196078],[31.388316620375328,69.64722724813505],[31.429819611784787,69.67132575927641],[31.44856289822752,69.70077949511506],[31.405721100643873,69.72086158773251],[31.390994232724417,69.71015113833802],[31.329888474364658,69.72742339083473],[31.257592940942097,69.74750548345219],[31.252237716244007,69.74081145258062],[31.20136308161318,69.7555383204999],[31.056772014766548,69.77294280076782],[30.987154093692986,69.77562041311735],[30.942973489934527,69.77294280076782],[30.910842141746436,69.76357115754672],[30.924230203491792,69.73545622788244],[30.957700357853984,69.68190398090243],[30.97510483812262,69.63772337714451],[30.97242722577353,69.60157561043252],[30.940295877585438,69.55873381284887],[30.90013169235017,69.53061888318459],[30.77963913664507,69.52794127083416],[30.640403294497325,69.5266024646598],[30.537315219060773,69.53329649553234],[30.479746553557757,69.5573950066737],[30.408789826309384,69.59354277338569],[30.328461455838756,69.61764128452616],[30.26687637181175,69.64575621419044],[30.202613675436368,69.66717711298315],[30.15441665315383,69.67119353150608],[30.128979335838906,69.6658383068079],[30.088815150603548,69.66182188828498],[30.086137538254548,69.6470950203657],[30.123624111140728,69.64173979566752],[30.175837551946366,69.63638457096934],[30.185209195167733,69.61094725365362],[30.19591964456329,69.56944426224433],[30.183870388992833,69.54132933257917],[30.130318142013007,69.50919798439188],[30.106219630872094,69.46903379915696],[30.04463454684509,69.43958006331742],[29.992421106039362,69.41815916452649],[29.938868859059536,69.41815916452649],[29.8920106429519,69.43154722627149],[29.834441977448883,69.43288603244488],[29.759468831676433,69.40744871513013],[29.704577778522506,69.3820113978145],[29.645670306844412,69.35657408049877],[29.590779253689686,69.33515318170792],[29.54124342523305,69.32444273231157],[29.515806107918035,69.33916960023085],[29.485013565904133,69.33515318170792],[29.41673445100476,69.32845915083449],[29.345777723756388,69.32310392613631],[29.296241895299662,69.30837705821703],[29.290886670601573,69.27624571002974],[29.312307569394196,69.23206510627004],[29.276159802682116,69.19457853338457],[29.245367260668925,69.14102628640465],[29.206541881608555,69.11826658143855],[29.136923960534283,69.08211881472647],[29.048562753017276,69.02053373069884],[28.9494910961048,69.05132627271266],[28.917507628029842,69.06132110648635]]]]}},{"type":"Feature","properties":{"kind":"district","id":"uyezd-1897-554","name":"Кольский","provinceId":"gubernia-1897-93"},"geometry":{"type":"MultiPolygon","coordinates":[[[[28.917507628030638,69.06132110648745],[28.864925615286698,68.95951821295971],[28.837719952667364,68.88567427156615],[28.65699662241289,68.69134811000187],[28.43546479822955,68.53394391913477],[28.65116683756567,68.17055399700897],[29.236088583873844,68.07144765461089],[29.397379297972183,67.92958955666833],[29.5606132736865,67.77024210418678],[29.921854387978424,67.65799568950933],[30.225910752698287,67.56107772325414],[30.330430128071722,67.4375548250855],[30.488159367269823,67.3311350974327],[30.638287197351104,67.24751959713464],[30.650523526450495,67.24238033891379],[31.198817813832108,67.25487485811936],[31.853767180685082,67.273587697171],[32.364117336673786,67.28209353310463],[32.63800525372155,67.273587697171],[32.94761768168814,67.23446085187972],[33.151757744083866,67.18682817065293],[33.34058730179962,67.12218381756243],[33.44946200174418,67.06434413321587],[33.54302619700894,66.99119394419172],[33.5668425376215,66.93845776140546],[33.5838542094877,66.90783675204602],[33.59333559318391,66.87875574987541],[33.618326641774814,66.86447515068085],[33.64153261546591,66.84662440168722],[33.657598289559644,66.84305425188813],[33.682589338150905,66.85019455148631],[33.700440087144,66.83412887739178],[33.729001285533194,66.80913782880175],[33.76291770862065,66.79485722960632],[33.816469955600475,66.79485722960632],[33.83432070459357,66.78057663041176],[33.80218935640628,66.77343633081361],[33.816469955600475,66.75915573161905],[33.84503115398993,66.7466602073236],[33.86823712768103,66.7698661810154],[33.89322817627158,66.75023035712366],[33.916434149963564,66.7466602073236],[33.96463117224521,66.75558558182183],[33.975341621641476,66.77343633081361],[34.00033267023203,66.79307215470722],[34.01104311962759,66.77700648061268],[34.00747296982957,66.75201543202178],[34.041389392916315,66.74487513242548],[34.064595366608124,66.7716512559145],[34.0878013402994,66.79307215470722],[34.10743716419177,66.78771693000904],[34.103867014393046,66.75737065671996],[34.07530581600368,66.7466602073236],[34.055669992111305,66.73059453323093],[34.14492373707795,66.73773483282821],[34.18062523506486,66.73773483282821],[34.202046133856506,66.72702438343185],[34.239532706742686,66.72702438343185],[34.257383455735784,66.76094080652001],[34.28951480392379,66.76272588141813],[34.319861077212515,66.74844528222457],[34.327001376810145,66.72880945833094],[34.357347650098696,66.7413049826264],[34.41089989707861,66.73416468302912],[34.4430312452667,66.71809900893459],[34.39661929788362,66.7145288591364],[34.33057152660807,66.70560348463914],[34.33057152660807,66.6823975109491],[34.36270287479616,66.66454676195458],[34.432320795870346,66.63777063846467],[34.491228267548436,66.61813481457284],[34.59119246191144,66.63777063846467],[34.66616560768309,66.65205123765914],[34.69115665627364,66.68061243604824],[34.72685815426037,66.67704228625092],[34.75898950244846,66.68953781054638],[34.810756674528925,66.67347213645185],[34.87501937090511,66.67347213645185],[34.92500146808621,66.65026616276003],[34.96070296607294,66.62706018906832],[35.05531193573785,66.59492884088102],[35.10529403291895,66.5717228671901],[35.14813583050331,66.56279749269373],[35.1624164296975,66.55030196839739],[35.19990300258377,66.53245121940375],[35.23203435077177,66.53959151900104],[35.25345524956351,66.52709599470558],[35.29808212204643,66.52709599470558],[35.32128809573842,66.51460047041199],[35.34092391963097,66.4896094218202],[35.40340154110752,66.46283329833109],[35.44802841359062,66.44855269913663],[35.60690007963154,66.42177657564574],[35.67294785090708,66.41999150074567],[35.70686427399374,66.40928105135117],[35.8407448914441,66.39321537725576],[35.9085777376183,66.38250492786028],[36.01389715667939,66.38071985296119],[36.06387925386049,66.36643925376663],[36.16919867292158,66.35394372947206],[36.253097193190136,66.34858850477389],[36.36020168714979,66.33252283067935],[36.51371812849261,66.30039148249216],[36.685085318828364,66.28432580839673],[36.88679878245301,66.27718550880034],[36.999258501110845,66.27183028410217],[37.14920479265495,66.25754968490673],[37.31878690809133,66.22898848651852],[37.42232125225315,66.19507206343044],[37.531210821112076,66.17186608973864],[37.59190336768953,66.14330489134954],[37.711503385944994,66.1254541423559],[37.798972056012275,66.10046309376588],[37.87751535158265,66.10760339336414],[37.94534819775756,66.09510786906868],[38.077443740307764,66.09510786906868],[38.19704375856305,66.08261234477226],[38.282727353731055,66.07368697027597],[38.43445872017452,66.08439741967233],[38.575479637221626,66.07904219497415],[38.7718378761489,66.08618249457143],[38.88965281950482,66.09867801886679],[39.00746776286003,66.10046309376588],[39.16455435400167,66.09867801886679],[39.25916332366641,66.11474369296133],[39.4001842407136,66.14508996624951],[39.52692455856643,66.17722131443682],[39.60725292903626,66.18079146423679],[39.56798128125071,66.22006311202037],[39.61796337843261,66.20221236302763],[39.65187980151989,66.182576539135],[39.70186189870099,66.18079146423679],[39.84823804044636,66.2057825128268],[39.96962313360101,66.22363326182034],[40.13385002433948,66.25576461000763],[40.16776644742685,66.24148401081308],[40.21596346970858,66.26290490960491],[40.24452466809795,66.31645715658482],[40.25730734457517,66.32098660053629],[40.27923601961729,66.31367704219066],[40.29263687658725,66.30027618521945],[40.32796640859854,66.31124052274029],[40.357204641986904,66.32464137971141],[40.369387239232836,66.32342311998676],[40.37791505730401,66.33195093805712],[40.37913331702893,66.35387961309968],[40.39253417399899,66.37093524924326],[40.40715329069308,66.37946306731462],[40.4193358879383,66.38311784648795],[40.4290819657344,66.37337176869187],[40.43517326435741,66.38068132703847],[40.43517326435741,66.3916456645593],[40.45832019912347,66.38555436593647],[40.47781235471583,66.38189958676321],[40.49121321168571,66.38799088538596],[40.51070536727878,66.39773696318204],[40.53019752287105,66.3940821840088],[40.53750708121819,66.40017348263154],[40.52897926314622,66.41113782015326],[40.547253159014275,66.41844737849897],[40.55821749653529,66.42332041739698],[40.57405487295439,66.42088389794935],[40.59111050909753,66.44646735216428],[40.60572962579251,66.45621342996037],[40.60085658689371,66.4671777674812],[40.59111050909753,66.47326906610306],[40.6106026646906,66.4769238452773],[40.61791222303765,66.48545166334856],[40.61303918413956,66.49519774114465],[40.6106026646906,66.50616207866548],[40.62522178138478,66.50738033839112],[40.648368716150934,66.50007078004273],[40.667860871743116,66.50372555921786],[40.69466258568323,66.51712641618721],[40.71171822182646,66.52809075370804],[40.70806344265329,66.54880116902497],[40.7239008190715,66.55854724682106],[40.7446112343887,66.56951158434181],[40.770194688603894,66.57803940241315],[40.76897642887977,66.5914402593826],[40.78115902612482,66.5914402593826],[40.8018694414421,66.58778548020925],[40.83719897345338,66.6072776358032],[40.83598071372917,66.61580545387454],[40.84572679152535,66.6243332719459],[40.859127648495324,66.6243332719459],[40.873746765189416,66.64017064836483],[40.873746765189416,66.64748020671232],[40.8944571805067,66.64991672616082],[40.92125889444601,66.65478976505892],[40.939532790314075,66.65722628450752],[40.93831453058995,66.67671844010059],[40.95049712783518,66.68280973872422],[40.97729884177512,66.67793669982436],[41.00897359461261,66.68280973872422],[41.01506489323553,66.70595667348965],[41.03212052937876,66.7023018943164],[41.05283094469578,66.71570275128673],[41.07719613918694,66.72666708880658],[41.091815255881116,66.72057579018472],[41.11008915174918,66.73032186797994],[41.175875176873745,66.77052443888896],[41.24166120199832,66.79610789310574],[41.273335954836526,66.81316352924844],[41.29404637015363,66.83874698346337],[41.309883746572645,66.86311217795355],[41.311102006296856,66.89478693079309],[41.32084808409286,66.91671560583379],[41.3025741882256,66.93498950170122],[41.29648288960267,66.95082687812005],[41.319629824368825,66.95082687812005],[41.32206634381778,66.95813643646764],[41.314756785470735,66.96666425453898],[41.290391590979574,66.9703190337141],[41.2562803186933,66.99346596847954],[41.236788163100314,66.99833900737755],[41.20998644916091,67.00077552682703],[41.20267689081386,67.01783116296973],[41.20511341026291,67.02757724076582],[41.225823825580015,67.02026768241922],[41.263589877040346,67.00808508517363],[41.28551855208157,67.00808508517363],[41.32450286326674,66.98859292958146],[41.34155849940996,66.98859292958146],[41.351304577206854,66.96300947536564],[41.37323325224817,66.95813643646764],[41.38663410921823,66.97397381288737],[41.385415849493306,66.99346596847954],[41.37932455087118,67.01052160462312],[41.38419758976927,67.03001376021531],[41.37932455087118,67.05072417553214],[41.40003496618829,67.0495059158074],[41.40734452453542,67.06656155195196],[41.42561842040348,67.0775258894728],[41.42561842040348,67.09214500616689],[41.393943667565274,67.0994545645135],[41.37201499252325,67.10189108396298],[41.357395875829155,67.10920064230959],[41.375669771697126,67.11041890203433],[41.38176107032014,67.1274745381779],[41.40978104398429,67.14696669377008],[41.41709060233151,67.1676771090879],[41.38785236894235,67.17133188826205],[41.363487174452075,67.17864144660865],[41.34034023968593,67.17864144660865],[41.32206634381778,67.16158581046417],[41.29282811042871,67.16889536881266],[41.236788163100314,67.177423186884],[41.19536733246602,67.19569708275134],[41.174656917149626,67.22249879669101],[41.174656917149626,67.25051877035641],[41.188057774118796,67.27732048429608],[41.185621254669925,67.32605087327644],[41.183184735220884,67.36016214556459],[41.1624743199036,67.40158297619746],[41.14054564486246,67.42107513179143],[41.080850918360106,67.4222933915143],[41.04673964607294,67.43325772903515],[41.060140503043,67.4430038068331],[41.069886580839004,67.45640466380245],[41.065013541941,67.48929767636398],[41.05770398359395,67.51244461113129],[41.04552138634873,67.53924632507095],[41.07354136001297,67.5453376236928],[41.094251775330164,67.55630196121365],[41.10277959340213,67.59041323350169],[41.11618045037139,67.62452450578806],[41.080850918360106,67.65498099890098],[41.028465750205505,67.68909227118726],[40.988263179295416,67.69396531008536],[40.96267972508022,67.72442180320014],[40.92978671251798,67.71833050457731],[40.883492842985596,67.7000566087081],[40.83719897345338,67.69762008926048],[40.817706817861115,67.71711224485257],[40.79455988309496,67.73660440044475],[40.74339297466457,67.75366003658745],[40.72633733852055,67.76462437410828],[40.73242863714356,67.78168001025186],[40.68491650788714,67.79995390612108],[40.65811479394702,67.78777130887461],[40.60938440496568,67.79751738667159],[40.589892249373406,67.76827915328252],[40.56187227570917,67.73416788099624],[40.52045144507496,67.7232035434754],[40.47293931581774,67.74513221851609],[40.41324458931609,67.76949741300814],[40.35476812253866,67.80848172419242],[40.33162118777242,67.82431910061135],[40.36329594060974,67.84015647703018],[40.38644287537606,67.8352834381321],[40.42420892683631,67.83406517840734],[40.42664544628544,67.86208515207088],[40.39009765455003,67.88035904794009],[40.34502204474177,67.87914078821446],[40.33162118777242,67.89985120353228],[40.28898209741329,67.89985120353228],[40.2554530484491,67.89495310007807],[40.10729183180445,67.95743072155524],[40.018038086837805,67.99313221954073],[39.98590673864972,68.00562774383619],[39.94485001596472,68.06096506571608],[39.891297768984806,68.10202178840152],[39.84488582160252,68.14307851108607],[39.803829098917525,68.14664866088329],[39.83417537220625,68.09666656370334],[39.866306720394256,68.05203969121882],[39.90200821838116,68.00919789363526],[39.8234649228099,68.00384266893708],[39.78597834992443,68.02169341793072],[39.73421117784405,68.00562774383619],[39.63781713327987,68.01990834303162],[39.53963801381623,68.05382476611791],[39.489655916635215,68.08774118920608],[39.39147679717158,68.13058298678973],[39.28080215341311,68.16806955967698],[39.18619318374829,68.21983673175602],[39.13442601166783,68.21983673175602],[39.09693943878165,68.2751740536369],[39.03446181730474,68.29302480262866],[38.980909570325,68.31266062652227],[38.89768045314389,68.36197332061602],[38.84278939998908,68.37268377001237],[38.82940133824461,68.38205541323347],[38.79057595918424,68.3887494441069],[38.782543122137064,68.37268377001237],[38.74773416159988,68.37134496383712],[38.67543862817652,68.35394048356919],[38.65669534173379,68.34456884034809],[38.61786996267342,68.34992406504627],[38.57368935891487,68.3673285453142],[38.542896816901056,68.36063451444076],[38.53084756133051,68.37134496383712],[38.53084756133051,68.38071660705822],[38.510765468713764,68.40213750585093],[38.470601283478494,68.40615392437394],[38.44516396616268,68.40481511819958],[38.41571023032359,68.41820317994546],[38.395628137706844,68.44230169108593],[38.3782236574383,68.43560766021348],[38.36483559569294,68.44631810960983],[38.34073708455194,68.46372258987776],[38.29655648079357,68.46372258987776],[38.24166542763875,68.46773900840068],[38.22024452884702,68.48380468249522],[38.17472511891437,68.50522558128793],[38.159998250994825,68.53467931712657],[38.15196541394756,68.54940618504585],[38.117156453410466,68.55743902209268],[38.09573555461873,68.54405096034768],[38.08904152374645,68.55743902209268],[38.05958778790665,68.57752111471014],[37.9886310606581,68.59358678880467],[37.92169075193372,68.62036291229379],[37.89357582226899,68.6324121678654],[37.90294746549036,68.64580022960942],[37.794504165356514,68.67257635310031],[37.47185187730168,68.76093756061705],[37.443736947637575,68.76093756061705],[37.375457832737496,68.78771368410617],[37.303162299314934,68.79574652115477],[37.29379065609356,68.82252264464387],[37.1639264571671,68.86268682987878],[36.96042791864326,68.90954504598723],[36.909553284011636,68.90418982128905],[36.86938909877716,68.92962713860469],[36.748896543072064,68.97648535471126],[36.71274877636078,68.98317938558469],[36.649824886158704,68.97782416088651],[36.63777563058842,68.99388983497917],[36.552092035420415,69.00727789672418],[36.50121740078959,69.02334357081871],[36.4650696340776,69.02468237699298],[36.43026067354122,68.99924505967735],[36.412856193272674,69.00460028437553],[36.40482335622549,69.0367316325646],[36.370014395688315,69.05279730665737],[36.333866628977034,69.04476446961054],[36.30976811783612,69.04878088813435],[36.301735280788854,69.07020178692706],[36.341899466024124,69.06752417457665],[36.38206365125868,69.06618536840325],[36.376708426560505,69.08894507336936],[36.30709050548703,69.11706000303363],[36.262909901728484,69.12107642155655],[36.23345616588957,69.15588538209525],[36.22408452266829,69.18533911793291],[36.20935765474874,69.18801673028244],[36.20935765474874,69.17195105618791],[36.18392033743302,69.17061225001363],[36.17722630656074,69.19069434263109],[36.13304570280219,69.18801673028244],[36.103591966963194,69.18266150558426],[36.15312779541974,69.14383612652452],[36.14375615219775,69.1130435845107],[36.12501286575502,69.11572119686025],[36.099575548439205,69.1451749326989],[36.0420068829361,69.17328986236316],[35.96435612481536,69.18266150558426],[35.89339939756699,69.20943762907515],[35.86260685555308,69.1893555364577],[35.83449192588898,69.18400031175952],[35.84252476293536,69.21077643524855],[35.81708744562044,69.21613165994673],[35.782278485083346,69.21880927229537],[35.742114299847984,69.21613165994673],[35.76219639246571,69.18400031175952],[35.74880833072035,69.16659583148973],[35.71399937018397,69.19471076115401],[35.63500980588833,69.2121152414238],[35.57208591568714,69.22014807846975],[35.4971127699146,69.22282569082016],[35.42749484884042,69.24290778343762],[35.38599185743096,69.24692420196064],[35.38465305125677,69.22684210934308],[35.35118289689458,69.22550330316793],[35.3404724474984,69.23889136491283],[35.29227542521666,69.257634651357],[35.24541720910902,69.26165106987902],[35.19855899300148,69.2536182328322],[35.25746646467948,69.23889136491283],[35.25746646467948,69.22014807846975],[35.24675601528321,69.19738837350354],[35.1891873497802,69.20943762907515],[35.18650973743111,69.17462866853656],[35.15839480776621,69.16525702531546],[35.14500674602165,69.19337195498062],[35.13295749045119,69.2134540475972],[35.05262911998065,69.2134540475972],[35.008448516222195,69.20809882289902],[35.008448516222195,69.1893555364577],[35.00309329152473,69.16927344384015],[34.96292910628946,69.16659583148973],[34.96292910628946,69.19203314880635],[34.98435000508128,69.22282569082016],[34.88393954199382,69.23353614021465],[34.799594753,69.24826300813402],[34.70989473930898,69.24692420196064],[34.586724571254884,69.26968390692673],[34.48899172051651,69.27905555014783],[34.37920961420777,69.30449286746347],[34.32030214252967,69.30315406128919],[34.20784242387193,69.31788092920847],[34.10073792991139,69.333946603303],[33.99631104830065,69.35268988974529],[33.94141999514592,69.35268988974529],[33.902594616085636,69.35268988974529],[33.89054536051518,69.32591376625618],[33.91330506548191,69.30984809216164],[33.90125580991145,69.29378241806711],[33.87046326789755,69.3111868983369],[33.849042369105725,69.33528540947648],[33.807539377696266,69.333946603303],[33.78477967272963,69.31788092920847],[33.747293099843446,69.30717047981211],[33.712484139307065,69.31520331685982],[33.72051697635354,69.33126899095436],[33.684369209642256,69.333946603303],[33.62546173796425,69.33930182800118],[33.559860235413964,69.32993018477919],[33.554505010715786,69.30850928598737],[33.567893072461146,69.27370032544965],[33.58797516507798,69.2308585278661],[33.52639008105098,69.24156897726246],[33.495597539037696,69.26031226370554],[33.45007812910514,69.257634651357],[33.40991394386987,69.24692420196064],[33.37778259568169,69.24960181430919],[33.36841095246041,69.28039435632309],[33.39652588212451,69.28039435632309],[33.43535126118568,69.27771674397445],[33.478193058769236,69.28842719336893],[33.502291569910064,69.30583167363872],[33.46614380319878,69.31252570451029],[33.41660797474206,69.31921973538283],[33.35770050306414,69.31520331685982],[33.298793031386225,69.30850928598737],[33.219803467090586,69.30181525511394],[33.179639281856026,69.30449286746347],[33.1582183830642,69.31788092920847],[33.219803467090586,69.32457496008101],[33.31619751165477,69.33796302182601],[33.379121401855876,69.34331824652419],[33.417946780917134,69.36072272679212],[33.460788578500605,69.39017646263254],[33.48622589581642,69.42900184169318],[33.48220947729243,69.45711677135657],[33.460788578500605,69.45979438370522],[33.423302005614424,69.45711677135657],[33.37242737098369,69.4651496084034],[33.34832885984277,69.47586005779975],[33.296115419037136,69.47050483310157],[33.29477661286295,69.45443915900704],[33.26532287702403,69.44506751578594],[33.186333312728216,69.4330182602161],[33.114037779305654,69.41963019847022],[33.065840757023295,69.40356452437666],[33.02032134709064,69.39419288115546],[32.96543029393583,69.37678840088665],[32.92392730252637,69.35670630827008],[32.902506403734634,69.32725257242966],[32.862342218499364,69.32725257242966],[32.852970575278,69.35001227739754],[32.85029296292891,69.37009437001508],[32.89447356668746,69.38616004410775],[32.956058650714375,69.42498542316937],[33.02835418413694,69.45979438370522],[33.053791501452835,69.47586005779975],[33.00961089769438,69.47050483310157],[32.96409148776164,69.4651496084034],[32.90384520990882,69.43435706638958],[32.856986993801186,69.40356452437666],[32.839582513532555,69.40356452437666],[32.84895415675472,69.42230781081975],[32.885101923466,69.45711677135657],[32.913216853130194,69.47586005779975],[32.869036249371646,69.4745212516245],[32.834227288835265,69.4825540886722],[32.79272429742589,69.48523170102085],[32.755237724539626,69.48523170102085],[32.727122794874724,69.47184363927683],[32.76193175541199,69.46782722075292],[32.748543693667344,69.45310035283364],[32.724445182525635,69.46113318988047],[32.70971831460618,69.45711677135657],[32.721767570176546,69.44908393431064],[32.703024283733896,69.43569587256573],[32.680264578767265,69.43971229108776],[32.680264578767265,69.45845557753182],[32.65616606762635,69.45443915900704],[32.665537710847715,69.46648841457865],[32.65214964910307,69.47853767014928],[32.63340636265963,69.4825540886722],[32.6119854638678,69.46247199605475],[32.599936208297436,69.47586005779975],[32.593242177425154,69.47987647632267],[32.553077992189884,69.44238990343729],[32.53701231809615,69.45310035283364],[32.492831714337605,69.44506751578594],[32.449989916753424,69.42230781081975],[32.38974363890123,69.41025855525],[32.31878691165286,69.39151526880593],[32.3080764622565,69.40490333055182],[32.38572722037724,69.42900184169318],[32.43660185500887,69.44372870961246],[32.475427234069144,69.4651496084034],[32.511575000780425,69.47050483310157],[32.54370634896852,69.4825540886722],[32.553077992189884,69.49861976276586],[32.50086455138416,69.50665259981356],[32.474088427894245,69.52004066155767],[32.44597349823023,69.51334663068522],[32.4285690179616,69.52137946773293],[32.47944365259242,69.53342872330268],[32.48078245876732,69.55083320357247],[32.444634692055246,69.54815559122196],[32.417858568565244,69.55083320357247],[32.38304960802904,69.55618842826966],[32.32815855487422,69.55217200974674],[32.254524215276675,69.55886604061831],[32.22373167326357,69.57091529618992],[32.16884062010875,69.57091529618992],[32.11394956695394,69.58162574558442],[32.091189861988106,69.59367500115513],[32.04834806440375,69.59635261350556],[32.02692716561192,69.58028693941102],[31.988101786551553,69.57225410236332],[31.96668088775902,69.5776093270615],[31.984085368027564,69.59367500115513],[31.95998685688674,69.60706306290014],[31.911789834605003,69.60304664437713],[31.891707741987368,69.62312873699467],[31.895724160510557,69.63250038021577],[31.92785550869865,69.63517799256442],[31.969358500108108,69.63517799256442],[32.00684507299429,69.64454963578739],[32.05771970762511,69.66061530988006],[32.11528837312884,69.67132575927641],[32.14741972131702,69.68873023954433],[32.14474210896793,69.71015113833802],[32.10859434225576,69.72487800625642],[32.125998822524394,69.74228248652523],[32.1554525583634,69.7396048741757],[32.179551069505024,69.71952278155824],[32.206327192994934,69.6940854642425],[32.22640928561177,69.67668098397459],[32.184906294202314,69.66597053457824],[32.15277494601431,69.65392127900849],[32.14741972131702,69.62982276786802],[32.17687345715602,69.61911231847166],[32.217037642390494,69.6271451555176],[32.254524215276675,69.61509589994697],[32.326819748699236,69.60036903202848],[32.358951096887324,69.61107948142484],[32.40447050682077,69.62446754316984],[32.42455259943832,69.61509589994697],[32.43660185500887,69.5950138073303],[32.486137683465415,69.59233619498077],[32.54102873661943,69.60304664437713],[32.56914366628433,69.59367500115513],[32.62671233178744,69.59635261350556],[32.64545561823088,69.5856421641092],[32.69766905903581,69.58430335793395],[32.74988249984153,69.58296455175967],[32.796740715949085,69.56422126531649],[32.82619445178808,69.56957649001467],[32.85832579997618,69.55217200974674],[32.92928252722455,69.56556007149175],[32.98283477420438,69.58162574558442],[33.00827209152019,69.59769141967895],[32.98149596803027,69.61107948142484],[32.990867611251645,69.6177735122965],[33.00961089769438,69.61509589994697],[33.025676571788736,69.60304664437713],[33.07922881876856,69.6271451555176],[33.096633299037194,69.64990486048556],[33.08190643111765,69.67132575927641],[33.09931091138628,69.68203620867277],[33.11805419782893,69.69274665806913],[33.072534787895485,69.70345710746548],[33.089939268164116,69.72086158773251],[33.132781065748475,69.72353920008302],[33.10734374843258,69.75433174209498],[33.04174224588238,69.7623645791418],[32.98283477420438,69.76638099766659],[32.96141387541255,69.78110786558587],[32.941331782795004,69.77709144706294],[32.89313476051327,69.78110786558587],[32.835566095009455,69.78244667176112],[32.787369072727714,69.78780189645752],[32.74988249984153,69.7971735396804],[32.72310637635162,69.79851234585388],[32.73515563192199,69.77173622236477],[32.73917205044518,69.7623645791418],[32.685619803465265,69.77039741618951],[32.632067556485524,69.78110786558587],[32.59725859594835,69.78646309028404],[32.570482472458345,69.80386757055206],[32.547722767491706,69.79181831498222],[32.54102873661943,69.81190040759977],[32.53968993044524,69.83332130639062],[32.522285450176696,69.84804817430998],[32.49015410198869,69.84938698048515],[32.44061827353205,69.87348549162562],[32.36296751541131,69.90561683981468],[32.31209288077978,69.90963325833849],[32.28397795111567,69.90561683981468],[32.27192869554522,69.91231087068626],[32.27326750171941,69.92168251390736],[32.23042570413576,69.93640938182762],[32.182228681853225,69.93908699417715],[32.15143613984012,69.94444221887532],[32.10457792373266,69.95783028061943],[32.07378538171938,69.96452431149278],[32.061736126149015,69.94444221887532],[32.03763761500739,69.93239296330371],[32.01353910386656,69.93239296330371],[32.022910747087934,69.96050789296808],[31.988101786551553,69.96452431149278],[31.949276407490473,69.95783028061943],[31.91848386547728,69.94711983122397],[31.910451028430103,69.92703773860553],[31.92250028400056,69.9002616151165],[31.96801969393392,69.8922287780688],[31.989440592725742,69.87750191014942],[32.00015104212192,69.86545265457968],[31.973374918632096,69.85875862370634],[32.03362119648429,69.82930488786769],[32.10591672990685,69.78646309028404],[32.11930479165212,69.76102577296841],[32.09386747433639,69.76370338531794],[32.05370328910183,69.77441383471252],[32.05771970762511,69.75968696679315],[32.0362988088332,69.7570093544445],[31.990779398899843,69.77039741618951],[31.972036112457108,69.79851234585388],[31.903756997557824,69.81056160142451],[31.84752713822891,69.82796608169244],[31.771215186282358,69.84001533726405],[31.740422644269167,69.82930488786769],[31.714985326953354,69.7931571211557],[31.736406225745178,69.73157203712887],[31.704274877557086,69.71148994451141],[31.714985326953354,69.70077949511506],[31.749794287490534,69.6940854642425],[31.836816688832553,69.66597053457824],[31.84618833205392,69.64454963578739],[31.824767433262185,69.64722724813505],[31.776570410980447,69.65392127900849],[31.72034055165153,69.66998695310302],[31.665449498496717,69.67801979014895],[31.57307187245652,69.67935859632412],[31.54094052426843,69.6847138210223],[31.514164400778515,69.68203620867277],[31.547634555140796,69.64321082961213],[31.522197237825782,69.64187202343687],[31.49408230816097,69.67801979014895],[31.46061215379869,69.67668098397459],[31.431158417959686,69.64321082961213],[31.393671845073506,69.63116157404238],[31.362879303059515,69.61107948142484],[31.318698699301056,69.59233619498077],[31.26380764614704,69.5628824591431],[31.231676297959037,69.53878394800086],[31.18883450037468,69.52539588625585],[31.15134792748921,69.52004066155767],[31.131265834871574,69.52539588625585],[31.119216579301117,69.54280036652564],[31.14867031514012,69.54280036652564],[31.18749569420049,69.54413917269903],[31.22765987943576,69.5762705208881],[31.279873320240686,69.5950138073303],[31.34145840426778,69.61643470612302],[31.357524078362225,69.64588844196078],[31.388316620375328,69.64722724813505],[31.429819611784787,69.67132575927641],[31.44856289822752,69.70077949511506],[31.405721100643873,69.72086158773251],[31.390994232724417,69.71015113833802],[31.329888474364658,69.72742339083473],[31.257592940942097,69.74750548345219],[31.252237716244007,69.74081145258062],[31.20136308161318,69.7555383204999],[31.056772014766548,69.77294280076782],[30.987154093692986,69.77562041311735],[30.942973489934527,69.77294280076782],[30.910842141746436,69.76357115754672],[30.924230203491792,69.73545622788244],[30.957700357853984,69.68190398090243],[30.97510483812262,69.63772337714451],[30.97242722577353,69.60157561043252],[30.940295877585438,69.55873381284887],[30.90013169235017,69.53061888318459],[30.77963913664507,69.52794127083416],[30.640403294497325,69.5266024646598],[30.537315219060773,69.53329649553234],[30.479746553557757,69.5573950066737],[30.408789826309384,69.59354277338569],[30.328461455838756,69.61764128452616],[30.26687637181175,69.64575621419044],[30.202613675436368,69.66717711298315],[30.15441665315383,69.67119353150608],[30.128979335838906,69.6658383068079],[30.088815150603548,69.66182188828498],[30.086137538254548,69.6470950203657],[30.123624111140728,69.64173979566752],[30.175837551946366,69.63638457096934],[30.185209195167733,69.61094725365362],[30.19591964456329,69.56944426224433],[30.183870388992833,69.54132933257917],[30.130318142013007,69.50919798439188],[30.106219630872094,69.46903379915696],[30.04463454684509,69.43958006331742],[29.992421106039362,69.41815916452649],[29.938868859059536,69.41815916452649],[29.8920106429519,69.43154722627149],[29.834441977448883,69.43288603244488],[29.759468831676433,69.40744871513013],[29.704577778522506,69.3820113978145],[29.645670306844412,69.35657408049877],[29.590779253689686,69.33515318170792],[29.54124342523305,69.32444273231157],[29.515806107918035,69.33916960023085],[29.485013565904133,69.33515318170792],[29.41673445100476,69.32845915083449],[29.345777723756388,69.32310392613631],[29.296241895299662,69.30837705821703],[29.290886670601573,69.27624571002974],[29.312307569394196,69.23206510627004],[29.276159802682116,69.19457853338457],[29.245367260668925,69.14102628640465],[29.206541881608555,69.11826658143855],[29.136923960534283,69.08211881472647],[29.048562753017276,69.02053373069884],[28.9494910961048,69.05132627271266],[28.917507628030638,69.06132110648745]]]]}},{"type":"Feature","properties":{"kind":"district","id":"uyezd-1897-555","name":"Кемский","provinceId":"gubernia-1897-93"},"geometry":{"type":"MultiPolygon","coordinates":[[[[33.59333559318391,66.87875574987541],[33.5838542094877,66.90783675204602],[33.5668425376215,66.93845776140546],[33.54302619700894,66.99119394419172],[33.44946200174418,67.06434413321587],[33.34058730179962,67.12218381756243],[33.151757744083866,67.18682817065293],[32.94761768168814,67.23446085187972],[32.63800525372155,67.273587697171],[32.364117336673786,67.28209353310463],[31.853767180685082,67.273587697171],[31.198817813832108,67.25487485811936],[30.650523526450495,67.24238033891379],[30.73330481132689,67.20761219926499],[30.51096359462406,66.98147027800405],[30.54326958337566,66.94916428925262],[30.531867469698966,66.93206111873769],[30.47295654903411,66.93396147101612],[30.434949503444216,66.91115724366227],[30.56797416300975,66.84654526615941],[30.5736752198481,66.81233892512773],[30.497661128667403,66.7534280044647],[30.49956148094742,66.73442448166952],[30.26581815056869,66.7078195497561],[30.216408991301307,66.63940686769456],[30.220209695860433,66.61850299262096],[30.184103002549705,66.59569876526439],[30.193604763947178,66.53298714004177],[30.14039490012067,66.48737868533317],[30.163199127474797,66.46647481025866],[30.161397667638255,66.4653416339097],[30.16365625860101,66.46625727889477],[30.34740052020851,66.42241816036312],[30.384938197371923,66.3533488343819],[30.41947286036259,66.3458412989512],[30.426980395794487,66.29479005800658],[30.36842161942019,66.29479005800658],[30.34589901312131,66.2812764942264],[30.457010537525264,66.16415894147576],[30.469022594217904,66.10710167218895],[30.457010537525264,66.08457906588865],[30.463016565871555,66.06355796667867],[30.64019440208409,65.93142534306298],[30.65520947294948,65.90289670841867],[30.629683852477854,65.86235601708177],[30.57562959736191,65.83232587535258],[30.517070820987556,65.81430779031143],[30.396950254063768,65.81130477613897],[30.321874899736883,65.77376709897635],[30.263316123361733,65.78427764858225],[30.237790502890164,65.77526860606395],[30.26481763044893,65.7572505210228],[30.16271514856328,65.70619928008091],[30.150703091871435,65.67917215252601],[30.06511718793911,65.69719023756261],[29.731782614726512,65.64013296827397],[29.784335362755314,65.59809076985039],[29.850401674562363,65.5665591210336],[29.771698639874614,65.5062201277733],[29.77113385824771,65.50635512708504],[29.759854118243823,65.49770732641628],[29.750845075724783,65.45716663507937],[29.750845075724783,65.38359278783719],[29.76435863950377,65.36107018153962],[29.74483904737849,65.33104003981043],[29.695289313523176,65.30100989807852],[29.62621998754264,65.27848729177913],[29.64123505840803,65.2424511217032],[29.809403852099933,65.24094961461651],[29.91601085524468,65.2214300224905],[29.940034968629902,65.20941796579973],[29.920515376504625,65.18989837367371],[29.86495961430228,65.16437275320368],[29.899494277292945,65.14635466816526],[29.956551546581693,65.11632452643335],[29.888983727687503,65.09530342722246],[29.79138576706174,65.10431246974167],[29.678772735571442,65.07428232801158],[29.674268214311496,65.02623410124033],[29.665259171792457,64.99320094533596],[29.663757664706054,64.9391466902216],[29.68778177809054,64.87608339258713],[29.816911387533366,64.80551255951923],[30.013608815869645,64.81151858786598],[30.042137450514815,64.80401105243436],[30.093188691456476,64.81452160203935],[30.115711297755297,64.8085155736917],[30.14273842531253,64.78298995322166],[30.087182663110127,64.76497186818415],[30.141236918226127,64.70641309180883],[30.183279116649487,64.67938596424938],[30.175771581215997,64.66887541464439],[30.181777609563085,64.63884527291248],[30.13673239696618,64.63884527291248],[30.12171732610085,64.62533170913503],[30.08417964893738,64.6268332162208],[30.061657042640093,64.61482115952822],[30.07967512767823,64.51722319890268],[30.111206776494612,64.4751810004791],[30.13823390405338,64.44665236583478],[30.129224861534283,64.42262825245143],[30.109705269409005,64.39860413906626],[30.152449965542814,64.36394627733534],[30.206863401902467,64.39274685998498],[30.258021813527932,64.41773120054586],[30.302041842135964,64.423679853061],[30.33654402672073,64.42130039205495],[30.39959974337455,64.42724904456918],[30.494778183608048,64.43914634959947],[30.620889616917225,64.453423115634],[30.67918641156018,64.46888961217246],[30.70892967413255,64.4795971866979],[30.745811319723146,64.48078691720093],[30.754139433243893,64.49863287474545],[30.77079566028459,64.49982260524757],[30.780313504307856,64.4879253002191],[30.79459027034278,64.4795971866979],[30.829092454927547,64.48197664770396],[30.856456256494084,64.47126907317761],[30.896907093593768,64.46888961217246],[30.932599008681052,64.48554583921214],[30.974239576282514,64.47483826468579],[31.00160337784979,64.47602799518882],[31.051572058972,64.46532042066247],[31.107489392609125,64.46175122915429],[31.14794022970881,64.46888961217246],[31.18958079731027,64.46175122915429],[31.234790556421615,64.44747446311976],[31.271672202011416,64.44152581060462],[31.32283061363688,64.44271554110765],[31.35733279822165,64.45461284613793],[31.40373228783551,64.46769988166943],[31.475116118010078,64.47245880368064],[31.61312485634835,64.46888961217246],[31.68569841702623,64.45818203764611],[31.75470278619497,64.46294095965732],[31.870106644978307,64.46888961217246],[31.94505966666202,64.45818203764611],[31.995028347784228,64.44747446311976],[32.01049484432161,64.42843877507312],[32.04380729840386,64.423679853061],[32.1128116675726,64.41773120054586],[32.207990107806154,64.40702362602133],[32.22464633484685,64.35586521439473],[32.23654363987595,64.32374249081658],[32.261527980436654,64.29875815025571],[32.280563668484035,64.28686084522542],[32.28889178200399,64.27853273170513],[32.334101541114535,64.2642559656706],[32.40072644927824,64.25711758265243],[32.47092054895029,64.25235866064213],[32.50780219454009,64.23689216410276],[32.51850976906667,64.23094351158943],[32.495904889510996,64.21428728454794],[32.5375454571132,64.20476944052461],[32.58156548572123,64.20476944052461],[32.59584225175615,64.21309755404582],[32.58870386873872,64.22023593706217],[32.558960606165556,64.21785647605611],[32.53873518761651,64.22380512857126],[32.553011953651435,64.23213324209246],[32.576806563709624,64.23213324209246],[32.59822171276198,64.24641000812608],[32.623206053323486,64.2559278521494],[32.6410520108667,64.25235866064213],[32.65175958539328,64.25354839114425],[32.65770823790746,64.26663542667575],[32.6779336564573,64.26187650466545],[32.68745150048056,64.26782515717878],[32.717194763053726,64.2773430012021],[32.736230451100255,64.27377380969392],[32.74693802562604,64.27972246220907],[32.78976832373155,64.26782515717878],[32.82664996932135,64.26663542667575],[32.86234188440943,64.26782515717878],[32.917069487543245,64.2594970436603],[32.93015652307565,64.2475997386291],[32.945623019613095,64.23927162510881],[32.95395113313384,64.22856405058246],[32.97417655168289,64.216666745554],[32.987263587215296,64.18811321348403],[32.9753662821862,64.15123156789286],[32.99916089224439,64.1393342628644],[33.002730083753534,64.11316019179958],[32.99440197023273,64.10126288677293],[33.00154035325022,64.08579639023355],[33.02295550230258,64.04891474464239],[33.04199119034911,64.04177636162512],[33.05150903437243,64.03106878709877],[33.078872835939706,64.00965363804698],[33.08482148845462,63.99299741100549],[33.039611729343335,63.976341183965815],[33.081252296945536,63.9418389993798],[33.1157544815303,63.92518277233921],[33.15382585762342,63.900198431778335],[33.19070750321396,63.889490857252895],[33.19546642522562,63.87640382171958],[33.2311583403129,63.868075708200195],[33.26328106389184,63.85141948115961],[33.28231675193837,63.86093732518293],[33.345372468592984,63.83833244562629],[33.36083896513043,63.824055679591766],[33.413187107259205,63.813348105065415],[33.46553524938719,63.79669187802483],[33.5083560274723,63.77813276520283],[33.61495332372829,63.77478851816704],[33.638747933786476,63.75575283012222],[33.68038850138794,63.76408094364069],[33.72042025646482,63.785903465005504],[33.795792360171276,63.783116631687335],[33.91762332047466,63.80668629727279],[33.990206401173,63.83833244562629],[34.06634915335917,63.85498867266779],[34.216255196726536,63.88116274373169],[34.41494019071354,63.877593552224425],[34.669542518336925,63.89187031825804],[34.65407602179954,63.912095736807714],[34.752823653541384,63.91804438932286],[34.84562263276911,63.934700616362534],[35.034789782732105,63.944218460385855],[35.20611097515183,63.944218460385855],[35.29534076287041,63.98228983647914],[35.42460277880764,63.98610138049844],[35.49604536110627,63.933459477752876],[35.6161153662552,63.869332499436496],[35.7315192250378,63.761067023670876],[35.81004143822986,63.76344648467875],[35.8766663463943,63.740841605122114],[35.85406146683863,63.67064750544978],[35.936152871539036,63.58379717873686],[36.00039831869691,63.61710963281985],[36.43464995226077,63.66588858343766],[36.50484405193282,63.719426456069414],[36.488187824892066,63.73132376109788],[36.53934623651759,63.73370322210576],[36.61191979719541,63.806276782782334],[36.608350605686326,63.837209775858355],[36.57384842110156,63.87290169094467],[36.57384842110156,63.90026549251343],[36.595263570154714,63.90621414502766],[36.58336626512482,63.944285521120946],[36.5940738396514,63.95380336514427],[36.624919234782965,63.95747945268886],[36.61546739775389,63.96551351416383],[36.531568877485256,63.96015828946656],[36.48158678030455,63.96908366396201],[36.45838080661338,63.98871948785563],[36.42981960822385,63.983364263157455],[36.369127061646395,63.99764486235108],[36.3227151142633,64.00121501215199],[36.27987331668015,63.98871948785563],[36.256667342988976,64.01371053644561],[36.25309719318983,64.04584188463468],[36.262022567686586,64.06726278342649],[36.224535994801045,64.07797323282193],[36.19775987131072,64.09760905671556],[36.215610620303494,64.11902995550736],[36.26380764258579,64.14223592919734],[36.249527043391424,64.15651652839279],[36.224535994801045,64.15651652839279],[36.187049421914764,64.16187175309096],[36.190619571713114,64.18150757698459],[36.17455389761881,64.19578817617821],[36.142422549431615,64.19043295148003],[36.085300152652565,64.21006877537366],[36.054953879363836,64.22791952436728],[36.04959865466623,64.19578817617821],[36.00675685708154,64.18150757698459],[35.98712103318957,64.20292847577639],[35.972840433994406,64.22434937456728],[35.97462550889361,64.24755534825908],[35.95320461010243,64.25469564785544],[35.9175031121153,64.25469564785544],[35.913932962316096,64.26540609725271],[35.983550883390365,64.27790162154724],[35.958559834799985,64.29039714584269],[35.92464341171285,64.31360311953358],[35.878231464330554,64.33502401832811],[35.853240415739435,64.33680909322538],[35.79433294406118,64.34394939282356],[35.7693418954708,64.37072551631263],[35.73542547238287,64.38857626530626],[35.68722845010137,64.39750163980261],[35.6693777011086,64.40821208919897],[35.664022476410196,64.41713746369442],[35.64617172741663,64.39928671470261],[35.656882176812644,64.37429566611081],[35.680088150503764,64.36180014181537],[35.6693777011086,64.32431356892994],[35.62832097842312,64.32788371872812],[35.626535903523916,64.34037924302538],[35.594404555335984,64.34394939282356],[35.55156275775204,64.32431356892994],[35.52835678406012,64.30289267013814],[35.48551498647697,64.29753744543996],[35.43374781439627,64.30110759523996],[35.39090601681238,64.30289267013814],[35.37484034271802,64.32252849402994],[35.365914968221205,64.34394939282356],[35.31236272124136,64.35108969241901],[35.23917465036868,64.35108969241901],[35.16420150459686,64.37608074101081],[35.1517059803009,64.39928671470261],[35.160631354798454,64.42606283819259],[35.12314478191212,64.43141806288986],[35.04638656124109,64.42070761349441],[35.016040287952364,64.43141806288986],[35.01247013815316,64.44748373698349],[35.01782536285151,64.47425986047529],[35.039246261643484,64.50639120866254],[35.02139551265071,64.51174643336071],[34.97319849036762,64.51531658315889],[34.90358056929415,64.51888673295889],[34.83753279801908,64.48140016007073],[34.7982611502336,64.48140016007073],[34.7464939781529,64.49032553456709],[34.7482790530521,64.5135315082589],[34.79112085063679,64.54387778154796],[34.83039249842153,64.55458823094341],[34.86252384660946,64.57779420463521],[34.926786542985326,64.59743002852701],[34.98569401466358,64.61706585242246],[35.028535812247526,64.62420615201881],[34.989264164461986,64.64027182611244],[34.95534774137485,64.66883302450151],[34.88215967050223,64.69739422289149],[34.91250594379096,64.70453452248694],[34.933926842582935,64.71345989698511],[34.98033878996523,64.70453452248694],[35.016040287952364,64.71167482208512],[35.030320887147525,64.72060019658329],[34.971413415469215,64.7384509455751],[34.88929997009899,64.72952557107874],[34.839317872918286,64.70988974718512],[34.77505517654242,64.71345989698511],[34.719717854662576,64.73131064597874],[34.79290592553599,64.73309572087692],[34.85895369681026,64.75808676946781],[34.91786116848857,64.79378826745597],[34.96427311587166,64.82948976544048],[34.99818953895954,64.84734051443411],[34.97319849036762,64.87054648812591],[34.94463729197889,64.89910768651589],[34.864308921508666,64.92945395980496],[34.8000462251328,64.94908978369676],[34.744708903253695,64.95444500839494],[34.69115665627379,64.95980023309221],[34.69115665627379,64.97229575738857],[34.7464939781529,64.97765098208583],[34.77862532634083,64.96694053269039],[34.79112085063679,64.98836143148219],[34.807186524730355,65.03477337886488],[34.821467123925515,65.07761517644849],[34.77148502674322,65.12045697403391],[34.72328800446172,65.14723309752299],[34.74113875345449,65.16508384651479],[34.701867105669805,65.19185997000477],[34.66795068258267,65.21685101859657],[34.619753660300375,65.24719729188564],[34.605473061105954,65.29539431416833],[34.60904321090436,65.3257405874565],[34.5965476866084,65.34537641134739],[34.52871484043493,65.35251671094557],[34.45017154486311,65.37572268463737],[34.45374169466231,65.39000328383281],[34.478732743252635,65.39000328383281],[34.55370588902525,65.37750775953737],[34.58583723721324,65.38821820893281],[34.605473061105954,65.41856448222006],[34.63403425949474,65.43820030611369],[34.676876057079426,65.43998538101368],[34.6965118809714,65.42748985671824],[34.742923828353696,65.4346301563146],[34.75720442754886,65.46140627980549],[34.758989502448856,65.49710777779273],[34.787550700837585,65.52209882638272],[34.7982611502336,65.56672569886541],[34.82325219882472,65.57029584866541],[34.8500283223143,65.57922122315995],[34.80540144983115,65.63634361994082],[34.77862532634083,65.65062421913444],[34.80540144983115,65.67204511792625],[34.80361637493121,65.68632571712169],[34.750064127951305,65.70060631631713],[34.72864322916013,65.72381229000712],[34.71436262996497,65.7505884134971],[34.75363427775045,65.75415856329619],[34.80540144983115,65.74701826369892],[34.8500283223143,65.7273824398053],[34.887514895199786,65.71131676571076],[34.93214176768373,65.7059615410135],[34.95356266647565,65.67740034262442],[34.991049239361985,65.69882124141532],[34.96427311587166,65.71488691551167],[34.98569401466358,65.76308393779254],[34.93571191748288,65.79164513618161],[34.88461414848854,65.81061155698717],[34.87524250526752,65.84274290517442],[34.81767383976421,65.85479216074691],[34.847127575603,65.8762130595369],[34.82704548298523,65.90432798920301],[34.79223652244809,65.90432798920301],[34.7453783063408,65.92307127564527],[34.72127979519962,65.91637724477278],[34.669066354394715,65.94315336826276],[34.616852913588275,65.95386381766002],[34.661033517347164,65.97394591027751],[34.66638874204557,65.99670561524363],[34.705214121105314,65.99536680906749],[34.72395740754882,66.00741606463907],[34.72127979519962,66.03553099430337],[34.65433948647461,66.038208606652],[34.62354694446162,66.05561308692268],[34.56597827895757,66.0930996598081],[34.516442450501074,66.07569517953925],[34.52313648137442,66.09845488450355],[34.500376776407506,66.11987578329536],[34.43946109546789,66.12188399255774],[34.36627302459527,66.14866011604772],[34.2915230131855,66.1787832549744],[34.18598045976205,66.19864221323041],[34.08780134029905,66.2486243104122],[34.01818341922478,66.2432690857122],[33.95749087264733,66.23255863631584],[33.89501325117067,66.22541833671858],[33.85931175318507,66.24148401081402],[33.805759506204424,66.25754968490764],[33.820040105399585,66.27004520920309],[33.89144310137226,66.28075565859945],[33.944995348352904,66.29503625779489],[33.91286400016497,66.30931685698852],[33.84146100419076,66.3146720816867],[33.78433860741245,66.30574670718852],[33.71472068633898,66.29146610799489],[33.67366396365429,66.30396163229034],[33.602260967680024,66.30931685698852],[33.55763409519773,66.3111019318867],[33.496941548620214,66.30753178208852],[33.45409975103553,66.29325118289307],[33.40590272875403,66.28968103309671],[33.3273594331838,66.29146610799489],[33.27737733600151,66.266475059404],[33.207759414928034,66.25754968490764],[33.1238608946594,66.24148401081402],[33.023896700296405,66.22898848651857],[32.96677430351815,66.23612878611584],[33.023896700296405,66.25754968490764],[33.097084771169875,66.266475059404],[33.21311463962644,66.27718550880127],[33.304153459492625,66.30753178208852],[33.434463927143554,66.33252283068032],[33.568344544593685,66.33966313027577],[33.61832664177439,66.34858850477394],[33.593335593184065,66.3557288043703],[33.54335349600257,66.37179447846574],[33.50229677331782,66.38964522745937],[33.54513857090177,66.39678552705573],[33.61297141707678,66.41106612624935],[33.65759828955993,66.41285120114844],[33.648672915063116,66.42177657564662],[33.5772699190897,66.43605717484024],[33.55584902029773,66.4521228489366],[33.5772699190897,66.47175867282749],[33.50943707291543,66.46997359792749],[33.49515647372027,66.43427209994206],[33.43089377734441,66.44141239953842],[33.33449973278135,66.44498254933842],[33.259526587008736,66.46997359792749],[33.255956437209534,66.48782434692112],[33.21489971452564,66.50746017081565],[33.16134746754494,66.49496464651929],[33.106010145665834,66.48425419712203],[33.04531759908838,66.47711389752567],[33.00783102620284,66.48960942182111],[32.98105490271331,66.50567509591565],[33.03460714969316,66.5128153955111],[33.08994447157227,66.52352584490745],[33.14706686835058,66.53245121940472],[33.182768366337655,66.54316166880017],[33.26845196150549,66.5360213692029],[33.35949078137173,66.5360213692029],[33.43624900204276,66.51995569510927],[33.4755206498283,66.52174077000927],[33.42018332794919,66.54673181860016],[33.43089377734441,66.56458256759379],[33.38626690486126,66.58421839148559],[33.33092958298221,66.59314376598195],[33.28273256069991,66.6056392902774],[33.239890763115966,66.61456466477375],[33.21846986432479,66.57886316678832],[33.18455344123686,66.56815271739197],[33.1238608946594,66.55208704329834],[33.05067282378678,66.5360213692029],[32.9721295282165,66.53245121940472],[32.90965190673984,66.5378064441029],[32.861454884457544,66.55565719309652],[32.832893686068815,66.57172286719015],[32.86681010915595,66.57350794208833],[32.91500713143745,66.56993779229197],[32.961419078819745,66.56993779229197],[33.018541475598795,66.56458256759379],[33.075663872377106,66.57350794208833],[33.138141493853766,66.58600346638377],[33.1220758197602,66.61277958987557],[33.16134746754494,66.63241541376647],[33.25417136231033,66.63420048866737],[33.30236838459342,66.61456466477375],[33.322004208485396,66.63777063846464],[33.25774151210953,66.65740646235827],[33.164917617344145,66.65383631255827],[33.043532524189175,66.66097661215645],[32.9203623561358,66.67525721135189],[32.83467876096796,66.68418258584825],[32.791836963383275,66.70203333484187],[32.75078024069859,66.71452885913732],[32.69187276902028,66.7180990089355],[32.71329366781305,66.72880945833094],[32.76684591479295,66.73594975792912],[32.81504293707445,66.72345423363367],[32.8721653338535,66.7198840838355],[32.9203623561358,66.73059453323185],[32.856099659759934,66.75558558182274],[32.798977262980884,66.75737065672092],[32.75256531559779,66.75737065672092],[32.711508592913844,66.78593185511],[32.666881720429956,66.81270797859997],[32.62403992284601,66.84126917698904],[32.59190857465808,66.84662440168722],[32.5544220017718,66.85554977618358],[32.547281702174985,66.88589604947265],[32.547281702174985,66.91267217296445],[32.58298320016132,66.91267217296445],[32.59190857465808,66.9233826223599],[32.55799215157094,66.94480352114988],[32.6079742487517,66.94123337135352],[32.59369364955808,66.9680094948435],[32.55085185197339,67.0090662175262],[32.508010054389445,67.02870204141982],[32.44196228311438,67.02513189162164],[32.38483988633533,67.01799159202255],[32.36341898754415,67.032272191218],[32.32950256445622,67.04833786531344],[32.308081665664304,67.05904831470707],[32.334857789154626,67.05904831470707],[32.37948466163772,67.06618861430525],[32.3527085381474,67.08760951309705],[32.300941366066695,67.1018901122925],[32.258099568482805,67.11260056168885],[32.21525777089886,67.1018901122925],[32.14742492472459,67.09831996249522],[32.09030252794554,67.09474981269432],[32.0528159550592,67.10903041189067],[32.022469681770474,67.1233110110843],[32.04032043076484,67.13045131068066],[32.093872677744685,67.11438563658612],[32.14742492472459,67.11617071148612],[32.18848164740933,67.13580653537974],[32.22775329519402,67.13759161027792],[32.28666076687233,67.13402146047974],[32.35092346324819,67.14830205967428],[32.4044757102281,67.15187220947337],[32.458027957208,67.13402146047974],[32.53835632767823,67.1197408612843],[32.5722727507661,67.1197408612843],[32.681162319625116,67.11260056168885],[32.74185486620257,67.10546026209067],[32.79719218808168,67.08403936329887],[32.895371307545474,67.08403936329887],[32.98105490271331,67.09296473779523],[33.04888774888758,67.10546026209067],[33.05424297358513,67.09653488759432],[33.00426087640443,67.07332891390342],[32.9257175808342,67.06618861430525],[32.85431458485999,67.06083338960707],[32.84360413546398,67.02334681672164],[32.87752055855111,66.97871994423895],[32.95427877922293,66.9233826223599],[33.03460714969316,66.88054082477447],[33.13278626915542,66.86090500088267],[33.18455344123686,66.8269885777936],[33.270237036404694,66.81270797859997],[33.352350481774124,66.79307215470817],[33.40590272875403,66.76986618101637],[33.46302512553234,66.75201543202274],[33.50051169841862,66.74666020732457],[33.54692364580097,66.74666020732457],[33.58441021868725,66.7395199077273],[33.548708720700176,66.75737065672092],[33.56298931989534,66.77165125591455],[33.60583111747923,66.77343633081455],[33.58619529358646,66.78950200490817],[33.55584902029773,66.81449305349997],[33.55584902029773,66.84305425188904],[33.57012961949209,66.84483932678904],[33.58262514378805,66.82163335309724],[33.60583111747923,66.81806320329724],[33.61297141707678,66.83769902719177],[33.59333559318391,66.87875574987541]]]]}},{"type":"Feature","properties":{"kind":"district","id":"uyezd-1897-564","name":"Онежский","provinceId":"gubernia-1897-93"},"geometry":{"type":"MultiPolygon","coordinates":[[[[36.624919234782965,63.95747945268886],[36.5940738396514,63.95380336514427],[36.58336626512482,63.944285521120946],[36.595263570154714,63.90621414502766],[36.57384842110156,63.90026549251343],[36.57384842110156,63.87290169094467],[36.608350605686326,63.837209775858355],[36.61191979719541,63.806276782782334],[36.53934623651759,63.73370322210576],[36.488187824892066,63.73132376109788],[36.50484405193282,63.719426456069414],[36.43464995226077,63.66588858343766],[36.00039831869691,63.61710963281985],[35.936152871539036,63.58379717873686],[35.99579609246496,63.53022573166527],[36.07074911414867,63.48263651154866],[36.20637839148111,63.45646244048385],[36.2301730015393,63.39578618483483],[36.2718135691415,63.29822828359556],[36.27657249115316,63.28633097856709],[36.26348545562075,63.28633097856709],[36.25634707260332,63.251828793981986],[36.23969084556256,63.242310949958664],[36.2551573421008,63.22208553140899],[36.305126023222954,63.220895800905964],[36.32059251976119,63.23874175845049],[36.401494193959024,63.22803418392414],[36.40268392446234,63.21613687889567],[36.36342281786591,63.17211685028724],[36.33724874680195,63.17092711978421],[36.30274656221718,63.15189143173757],[36.33248982479029,63.12928655218275],[36.312264406240445,63.111440594638225],[36.23255246254513,63.04243622546892],[36.23255246254513,63.024590267925305],[36.25634707260332,62.991277813844135],[36.338438477304464,62.937739941212385],[36.40863257697646,62.88777126008972],[36.48001640715182,62.8223360824295],[36.51541501106581,62.79401965305348],[36.69744377801139,62.742861241428756],[36.88185200596351,62.69170282980215],[37.01748128329601,62.67028768074942],[37.14121325559937,62.65958010622309],[37.162628404651656,62.64054441817645],[37.32205229204229,62.651251992702775],[37.341087980088844,62.67028768074942],[37.41009234925757,62.745240702433875],[37.44102534233407,62.791640192046586],[37.46481995239229,62.817814263111345],[37.46957887440386,62.858265100209834],[37.53858324357258,63.052191172185275],[37.57903408067152,63.0747960517419],[37.64684871933777,63.09264200928465],[37.703955783478236,63.102159853307974],[37.80032395421418,63.09264200928465],[37.90383050796771,63.075985782245],[38.048977629323446,63.049811711180155],[38.13820741704208,63.040293867156834],[38.202452864199145,63.037914406151714],[38.23695504878387,63.03077602313351],[38.27859561638616,63.03553494514561],[38.323805375496676,63.047432250175035],[38.41303516321531,63.046242519671935],[38.51059306445462,63.03434521464172],[38.58911527764666,62.99746356905233],[38.60458177418482,62.98318680301601],[38.621238001225635,62.9748586894957],[38.697380753411764,62.965340845472376],[38.73545212950487,62.971289497987485],[38.75567754805469,62.96653057597538],[38.76519539207801,62.94987434893572],[38.771144044592944,62.934407852396404],[38.79731811565691,62.92251054736788],[38.79255919364533,62.91299270334456],[38.77709269710708,62.901095398316116],[38.78542081062784,62.87254186624615],[38.83776895275584,62.85707536970861],[38.83657922225337,62.84041914266619],[38.85323544929409,62.827332107134666],[38.87346086784321,62.82019372411655],[39.016228528193025,62.791640192046586],[39.11497615993498,62.76308665997751],[39.15185780552544,62.77141477349872],[39.16970376306952,62.77974288701894],[39.220862174694254,62.77617369550896],[39.27915896933719,62.75951746846841],[39.37671687057659,62.733343397405434],[39.45404935326607,62.7083590568427],[39.429065012704584,62.665528758739086],[39.404080672143806,62.61437034711347],[39.45880827527773,62.587006545546515],[39.520674261428965,62.56083247448167],[39.62180135417666,62.563211935486876],[39.70746195038691,62.56797085749987],[39.738394943462524,62.553694091463555],[39.76456901452657,62.54298651693803],[39.79193281609388,62.545365977943234],[39.82881446168443,62.553694091463555],[39.86331664626844,62.54179678643503],[39.884487276358094,62.54057387187909],[39.91185107792461,62.51558953131921],[40.00465005715235,62.508451148301006],[40.023685745198904,62.49179492125948],[40.218801547676804,62.506071687295886],[40.24497561874077,62.48108734673404],[40.32468756243688,62.50726141779889],[40.386553548588196,62.510830609306126],[40.43978297257071,62.53881130817175],[40.483803001177954,62.54951888269808],[40.53258195179765,62.5530880742062],[40.550427909341735,62.54000103867476],[40.58730955493148,62.56141618772652],[40.645606349574415,62.5602264572244],[40.61943227851046,62.589969719796485],[40.58611982442901,62.60067729432281],[40.58849928543484,62.651835705949495],[40.61705281750463,62.667302202487036],[40.61705281750463,62.68395842952758],[40.66107284611267,62.69942492606512],[40.6384657905524,62.76704481232167],[40.576599804401084,62.79797780539684],[40.59563549244764,62.827721067969804],[40.62180956351168,62.84675675601645],[40.63965552105567,62.89315624563094],[40.63370686854074,62.941935196250554],[40.64798363457572,62.993093607875366],[40.69795231569861,63.03949309748986],[40.71698800374516,63.06685689905673],[40.65512201759313,63.107307736156116],[40.60277387546513,63.152517495265734],[40.44453971857777,63.15846614778093],[40.40765807298713,63.19415806286901],[40.36006885287088,63.20129644588535],[40.29939259722203,63.17988129683269],[40.17804008592451,63.20367590689233],[40.063825957644475,63.206055367897534],[39.97578590042911,63.20248617638843],[39.915109644780344,63.21676294242386],[39.82350039605597,63.29528515561644],[39.766393331915594,63.29647488611856],[39.692630040735125,63.27743919807192],[39.66288677816207,63.26316243203836],[39.5748467209467,63.27030081505469],[39.54986238038522,63.29171596410832],[39.486806663730626,63.308372191147974],[39.6343332460922,63.52728260368525],[39.89012530421886,63.698603796104145],[39.95080155986763,63.71763948415079],[40.00552916300154,63.72001894515688],[40.09237948971426,63.706931909625354],[40.12569194379651,63.723588136665896],[40.14591736234553,63.72715732817411],[40.18041954693034,63.72001894515688],[40.20421415698846,63.72477786716899],[40.10546652524668,63.74500328571864],[39.77115225392717,63.82590495991642],[39.766393331915594,63.8592174139976],[39.750926835378145,63.879442832548136],[39.704527345764276,63.89490932908479],[39.66645596967117,63.91989366964752],[39.628384593577266,63.94011908819539],[39.63671270709803,63.960344506745926],[39.55343157189441,63.9936569608271],[39.44278663512267,63.98175965579866],[39.173907541464295,64.0352975284286],[39.09538532827154,64.06860998251156],[39.000206888038775,64.06742025200856],[38.93358197987508,64.04481537245192],[38.88718249026121,64.04124618094372],[38.840783000648145,64.07336890452189],[38.651615850684365,64.08526620955121],[38.496950885305395,64.18996249380774],[38.3779778350137,64.22803386990192],[38.37083945199621,64.32559177114034],[38.312542657353276,64.3517658422051],[38.19475933756486,64.38031937427417],[38.145980386945155,64.41839075036745],[38.05080194671239,64.45884158746773],[38.00797164860691,64.46597997048406],[37.982987308046226,64.45884158746773],[37.9139829388767,64.46003131797073],[37.84378883920462,64.47787727551437],[37.79619961908819,64.49810269406402],[37.762887165006745,64.52427676512708],[37.74623093796611,64.58138382926701],[37.71648767539288,64.68132119151232],[37.657001150247474,64.69678768805076],[37.64748330622415,64.74675636917249],[37.67008818577909,64.7515152911837],[37.66770872477326,64.78125855375676],[37.64153465370922,64.79077639778008],[37.610601660633606,64.78482774526665],[37.604653008118675,64.79434558928997],[37.5725302845405,64.79553531979218],[37.57372001504306,64.81100181632972],[37.58323785906629,64.83360669588644],[37.55587405749978,64.88357537700817],[37.49519780185101,64.88357537700817],[37.458316156260466,64.88357537700817],[37.37146582954766,64.92878513611966],[37.36908636854183,64.99303058327584],[37.31554849591047,65.03824034238733],[37.35361987200366,65.05013764741665],[37.348860949992,65.06679387445729],[37.33101499244872,65.08107064049182],[37.3696163969382,65.10804715675317],[37.18431126567545,65.1573485219514],[37.04686049842626,65.16805897134776],[36.98973810164771,65.1876947952396],[36.916550030775426,65.16805897134776],[36.83443658540632,65.16270374664958],[36.79337986272132,65.14663807255505],[36.79337986272132,65.11986194906602],[36.841576885003064,65.11272164946875],[36.879063457889245,65.05559925268966],[36.86478285869496,65.02525297940058],[36.84693210970115,64.99490670611247],[36.870138083392334,64.96634550772248],[36.832651510506864,64.9609902830243],[36.761248514533236,64.95027983362974],[36.711266417352135,64.94313953403245],[36.698770893056505,64.91100818584339],[36.64164849627786,64.90029773644703],[36.60237684849231,64.91279326074249],[36.58988132419739,64.93956938423338],[36.51312310352559,64.93778430933428],[36.491702204733755,64.90922311094526],[36.488132054935036,64.87887683765618],[36.56489027560684,64.85210071416529],[36.584526099499215,64.83603504007253],[36.56132012580803,64.8217544408771],[36.559535050908664,64.78605294288992],[36.584526099499215,64.75927681940081],[36.56489027560684,64.74321114530628],[36.57024550030502,64.72000517161447],[36.59702162379494,64.73071562101083],[36.68449029386222,64.74142607040807],[36.72197686674769,64.71643502181716],[36.77017388903013,64.69144397322538],[36.850502259499876,64.6271812768491],[36.966532127956526,64.52900215738643],[37.020084374936346,64.5129364832919],[37.05757094782262,64.46295438611098],[37.096842595608166,64.44510363711744],[37.12897394379546,64.4022618395338],[37.289630684735826,64.37191556624471],[37.37531427990374,64.35227974235295],[37.469923249568566,64.38441109054015],[37.562747144334026,64.3986916897347],[37.573457593729486,64.38262601564195],[37.60558894191758,64.3629901917493],[37.64486058970313,64.36834541644748],[37.64843073950194,64.39333646503653],[37.64843073950194,64.44867378691652],[37.732329259770495,64.46295438611098],[37.796591956146585,64.4540290116147],[37.80194718084397,64.4272528881238],[37.78945165654905,64.37548571604476],[37.87870540151578,64.3737006411438],[37.951893472388065,64.3737006411438],[37.97658700849588,64.35376730476851],[37.907564112388506,64.34424690530614],[37.924224811448425,64.33234640597766],[37.96944670889834,64.33234640597766],[38.047990004468716,64.32282600651342],[37.97658700849588,64.30616530745368],[37.907564112388506,64.26570360973523],[37.895663613059064,64.21572151255438],[37.97420690863033,64.15383891604411],[38.02418900581134,64.12289761778804],[38.11736952430984,64.02214677292154],[38.12569763783006,64.00430081537888],[38.11499006330409,63.97693701381193],[38.09238518374843,63.96384997827862],[38.04122677212353,63.936486176711654],[38.028139736591015,63.92339914117923],[38.01148350955065,63.92458887168321],[37.996017013012306,63.92458887168321],[37.99125809100083,63.9091223751447],[37.91749479982026,63.87462019056051],[37.87942342372707,63.876999651565725],[37.84611096964554,63.866292077039304],[37.79138336651117,63.88294830408083],[37.784244983493856,63.89722507011537],[37.729517380359496,63.90674291413869],[37.672410316219384,63.887707226092935],[37.656943819681935,63.84844611949664],[37.6605130111905,63.83297962295813],[37.63790813163494,63.81394393491246],[37.64385678414942,63.807995282397265],[37.62601082660605,63.80442609088914],[37.596267564033084,63.80918501289938],[37.508227506817185,63.78539040284152],[37.448740981671335,63.77825201982429],[37.40353122256083,63.78539040284152],[37.36427011596481,63.803236360385156],[37.321439817860124,63.80085689938004],[37.27623005874891,63.81394393491246],[37.25957383170845,63.8222720484318],[37.27504032824599,63.84844611949664],[37.27028140623442,63.867481807543285],[37.254814909696165,63.891276417602036],[37.225071647124,63.891276417602036],[37.20127703706543,63.88889695659505],[37.15487754745129,63.89365587860627],[37.08468344777948,63.88889695659505],[36.982366624528865,63.891276417602036],[36.97046931950007,63.91864021916802],[36.952623361955986,63.91982994967111],[36.950243900950156,63.90198399212747],[36.90027521982745,63.89603533961237],[36.85486908482664,63.894060105550096],[36.83840923367649,63.91626075816201],[36.81223516261227,63.92220941067712],[36.78011243903356,63.899604531121376],[36.74042264070759,63.89054036839112],[36.69401069332531,63.90839111738475],[36.65116889574095,63.93516724087564],[36.624919234782965,63.95747945268886]]]]}},{"type":"Feature","properties":{"kind":"district","id":"uyezd-1897-565","name":"Архангельская","provinceId":"gubernia-1897-93"},"geometry":{"type":"MultiPolygon","coordinates":[[[[37.3696163969382,65.10804715675317],[37.33101499244872,65.08107064049182],[37.348860949992,65.06679387445729],[37.35361987200366,65.05013764741665],[37.31554849591047,65.03824034238733],[37.36908636854183,64.99303058327584],[37.37146582954766,64.92878513611966],[37.458316156260466,64.88357537700817],[37.49519780185101,64.88357537700817],[37.55587405749978,64.88357537700817],[37.58323785906629,64.83360669588644],[37.57372001504306,64.81100181632972],[37.5725302845405,64.79553531979218],[37.604653008118675,64.79434558928997],[37.610601660633606,64.78482774526665],[37.64153465370922,64.79077639778008],[37.66770872477326,64.78125855375676],[37.67008818577909,64.7515152911837],[37.64748330622415,64.74675636917249],[37.657001150247474,64.69678768805076],[37.71648767539288,64.68132119151232],[37.74623093796611,64.58138382926701],[37.762887165006745,64.52427676512708],[37.79619961908819,64.49810269406402],[37.84378883920462,64.47787727551437],[37.9139829388767,64.46003131797073],[37.982987308046226,64.45884158746773],[38.00797164860691,64.46597997048406],[38.05080194671239,64.45884158746773],[38.145980386945155,64.41839075036745],[38.19475933756486,64.38031937427417],[38.312542657353276,64.3517658422051],[38.37083945199621,64.32559177114034],[38.3779778350137,64.22803386990192],[38.496950885305395,64.18996249380774],[38.651615850684365,64.08526620955121],[38.840783000648145,64.07336890452189],[38.88718249026121,64.04124618094372],[38.93358197987508,64.04481537245192],[39.000206888038775,64.06742025200856],[39.09538532827154,64.06860998251156],[39.173907541464295,64.0352975284286],[39.44278663512267,63.98175965579866],[39.55343157189441,63.9936569608271],[39.63671270709803,63.960344506745926],[39.628384593577266,63.94011908819539],[39.66645596967117,63.91989366964752],[39.704527345764276,63.89490932908479],[39.750926835378145,63.879442832548136],[39.766393331915594,63.8592174139976],[39.77115225392717,63.82590495991642],[40.10546652524668,63.74500328571864],[40.20421415698846,63.72477786716899],[40.21578886933882,63.72432852222293],[40.24434240140941,63.73265663574414],[40.26337808945596,63.7623998983172],[40.29431108253158,63.7957123523974],[40.32405434510473,63.82069669296013],[40.40138682779421,63.87066537408185],[40.46801173595719,63.894459984139715],[40.52154960858846,63.903977828163036],[40.56768471364604,63.91111621118124],[40.57720255766927,63.93610055174299],[40.605756089739145,63.95513623978963],[40.650965848849744,63.959895161800844],[40.70212426047519,63.94918758727452],[40.749713480591524,63.94680812626932],[40.78421566517633,63.959895161800844],[40.82228704126943,63.982500041355706],[40.85084057333923,64.00986384292257],[40.86868653088331,64.04079683599863],[40.93769090005283,64.05269414102708],[41.00669526922155,64.06697090706348],[41.03762826229717,64.08600659511012],[41.106632631466695,64.109801205167],[41.149462929571456,64.1252677017064],[41.16254996510308,64.13954446773997],[41.179206192144605,64.15382123377637],[41.20538026320856,64.16095961679271],[41.27914355438894,64.16928773031312],[41.305317625452986,64.18356449634933],[41.30769708645873,64.21330775892142],[41.337440349031965,64.23591263847636],[41.38265010814247,64.2466202130026],[41.38740903015413,64.27398401457044],[41.369563072610845,64.2942094331192],[41.45522366882038,64.32395269569217],[41.458792860329396,64.3406089227337],[41.43380851976791,64.36202407178546],[41.4028755266923,64.40723383089694],[41.40525498769813,64.4250797884396],[41.44213663328877,64.43578736296611],[41.47069016535855,64.44411547648625],[41.47306962636438,64.46315116453289],[41.482587470387614,64.48575604408961],[41.501623158434256,64.48932523559773],[41.56705833609459,64.49646361861593],[41.66104704582489,64.49765334911893],[41.74194872002339,64.48932523559773],[41.79429686215147,64.47147927805409],[41.832368238244584,64.45601278151656],[41.89304449389334,64.45482305101275],[42.01677646619669,64.45601278151656],[42.07507326083963,64.44768466799633],[42.12980086397346,64.42151059693148],[42.16430304855827,64.42270032743448],[42.21427172968043,64.44173601548113],[42.254722566779364,64.45244359000657],[42.26661987180843,64.47623820006629],[42.27732744633502,64.50360200163227],[42.28684529035826,64.53929391672044],[42.27732744633502,64.55713987426398],[42.26899933281426,64.5749858318086],[42.29279394287248,64.59521125035727],[42.33562424097795,64.60234963337547],[42.346331815503746,64.61424693840391],[42.341572893492085,64.63685181795877],[42.311829630919746,64.65826696701151],[42.314209091925576,64.68087184656628],[42.276137715831666,64.6915794210926],[42.23211768722443,64.6939588820996],[42.12385221145853,64.70109726511592],[42.0929192183829,64.70585618712812],[42.07150406933053,64.70704591763112],[42.0512786507807,64.70823564813412],[42.05841703379811,64.73203025819288],[42.03224296273406,64.71656376165444],[42.00844835267593,64.71418430064932],[41.987033203623554,64.71656376165444],[41.94658236652461,64.7022869956199],[41.91089045143734,64.7022869956199],[41.89304449389334,64.71299457014624],[41.89661368540165,64.72965079718588],[41.92397748696895,64.7439275632214],[41.98108455110942,64.74987621573571],[41.995361317144315,64.77842974780567],[42.04057107625482,64.78437840032069],[42.08697056586868,64.79746543585232],[42.10838571492107,64.81888058490586],[42.09886787089775,64.87955684055488],[42.12742140296763,64.88431576256512],[42.13099059447602,64.90454118111477],[42.19999496364554,64.91167956413297],[42.19880523314218,64.93190498268173],[42.04889918977487,64.95688932324259],[41.989412664629384,64.94499201821503],[41.97513589859449,64.95569959274145],[41.992981856138485,64.97354555028411],[41.87995745836092,65.03184234492704],[41.85497311780023,65.05087803297369],[41.800245514665605,65.05682668548889],[41.78358928762488,65.06396506850531],[41.79905578416313,65.07824183454065],[41.78953794013981,65.09013913956909],[41.73837952851437,65.09132887007209],[41.73956925901764,65.1032261751024],[41.78834820963654,65.12345159365213],[41.78953794013981,65.1412975511948],[41.77645090460747,65.18293811879806],[41.74432818102922,65.1900765018144],[41.712205457450324,65.2007840763417],[41.61107836470262,65.21268138136926],[41.59323240715864,65.23290679991979],[41.60869890369679,65.26027060148773],[41.55159183955634,65.35901823322907],[41.60750917319352,65.37686419077173],[41.70149788292373,65.40422799233869],[41.834747699250315,65.43635071591775],[41.93230560048971,65.4660939784917],[42.1250419419618,65.52201131212765],[42.2261690347095,65.54937511369549],[42.29279394287248,65.57079026274725],[42.38440319159757,65.61481029135574],[42.49385839786531,65.62908705739028],[42.60807252614535,65.80397744131906],[42.182149006101454,65.80397744131906],[41.86568069232602,65.80278771081606],[41.67175462035139,65.86822288847719],[41.15541158208559,65.88844830702693],[41.03881799280053,65.9051045340666],[40.93650116954956,65.94198617965678],[40.8829632969182,65.97291917273284],[40.866089543178774,65.99485463221295],[40.84113149579035,65.99352707650084],[40.73757941920545,65.97890795980585],[40.677884692703095,65.93626886944725],[40.67666643297817,65.91921323330456],[40.5950430314345,65.86926458459767],[40.582860434189456,65.8497724290055],[40.51951092851384,65.80347855947275],[40.43423274779629,65.77302206635973],[40.33920848928264,65.74134731352206],[40.278295503056164,65.73403775517545],[40.17788187185617,65.70715159094652],[40.108263950782614,65.68573069215381],[40.015440056017155,65.67145009295928],[39.93689676044606,65.66787994316019],[39.87798928876806,65.64467396947015],[39.80123106809695,65.60004709698563],[39.73339822192214,65.56077544920026],[39.67806090004286,65.48401722853032],[39.66199522594921,65.40190378316032],[39.69591164903667,65.34835153618042],[39.729828072123325,65.33764108678406],[39.78338031910404,65.31086496329495],[39.84407286568131,65.28587391470404],[39.9172609365536,65.22161121832777],[39.96367288393598,65.20019031953505],[40.00115945682216,65.17162912114685],[40.0225803556139,65.12878732356329],[40.06363707829889,65.1002261251733],[40.13861022407134,65.0734500016824],[40.16717142246061,65.07880522638058],[40.21715351964171,65.05738432758965],[40.262505754075235,65.00821315019942],[40.314484835655335,64.97789201927844],[40.359966532037916,64.95623406861976],[40.387851143510126,64.94405147137418],[40.41384068430053,64.93755408617649],[40.40247026020431,64.91481323798591],[40.41384068430053,64.88232631199844],[40.45444934178512,64.81572811372371],[40.47556584367672,64.80435768962793],[40.532417964154824,64.78648988033544],[40.54703708084901,64.74425687655089],[40.54541273454967,64.72314037465911],[40.574650967938744,64.71664298946142],[40.64124916621303,64.71501864316262],[40.702974325589125,64.70039952646853],[40.722466481182195,64.66628825418047],[40.65911697550668,64.60456309480465],[40.60551354762724,64.57045182251836],[40.530793617855494,64.54933532062658],[40.4690684584793,64.52497012613453],[40.38460245091146,64.552584013224],[40.33344606415687,64.56570103546981],[40.30663382854175,64.61106048000234],[40.27983211460163,64.65085696433738],[40.252855017628534,64.67894844892992],[40.210013220044175,64.6860887485272],[40.17609679695681,64.69679919792355],[40.120759475077534,64.72714547121174],[40.08505797709071,64.72179024651534],[40.03864602970834,64.72000517161447],[39.977953483130975,64.72357532141444],[39.915475861654244,64.73250069590992],[39.8672788393725,64.73250069590992],[39.82086689198942,64.71643502181716],[39.79052061870078,64.6843036736281],[39.78695046890276,64.6503872505418],[39.772669869707684,64.60040515335909],[39.72447284742594,64.58969470396363],[39.66913552554675,64.58969470396363],[39.54418028259329,64.58612455416552],[39.512048934405115,64.60933052785724],[39.44243101333093,64.6236111270509],[39.35139219346483,64.6271812768491],[39.27820412259263,64.64146187604453],[39.23714739990764,64.66466784973635],[39.20323097682098,64.67894844892992],[39.15681902943781,64.67716337403091],[39.08720110836354,64.7057245724208],[38.999732438296256,64.73250069590992],[38.9069085435316,64.74499622020537],[38.81408464876614,64.75749174450083],[38.72661597869886,64.75927681940081],[38.67484880661839,64.78426786799172],[38.63557715883276,64.77355741859536],[38.57488461225539,64.78783801778893],[38.53561296446985,64.81104399148074],[38.4927711668862,64.82353951577717],[38.4695651931951,64.81639921617892],[38.489201017087474,64.78783801778893],[38.50348161628176,64.77355741859536],[38.49098609198684,64.75392159470263],[38.43207862030892,64.75392159470263],[38.36603084903338,64.75392159470263],[38.319618901651,64.73250069590992],[38.28213232876482,64.71822009671627],[38.228580081784905,64.72893054611262],[38.228580081784905,64.70036934772263],[38.22679500688554,64.67359322423174],[38.18216813440182,64.66109769993815],[38.14825171131517,64.63610665134635],[38.14825171131517,64.60576037805727],[38.12504573762327,64.60754545295637],[38.117905438026526,64.61290067765455],[38.091129314536616,64.61290067765455],[38.10005468903272,64.63253650154728],[38.1375412619189,64.65574247523998],[38.16431738540881,64.68251859872909],[38.17145768500635,64.71286487201809],[38.141111411717716,64.73250069590992],[38.09469946433454,64.74856637000445],[38.10362483883144,64.78426786799172],[38.17502783480508,64.79497831738807],[38.23393530648308,64.79676339228628],[38.29998307775783,64.79497831738807],[38.35532039963782,64.80925891658164],[38.38566667292575,64.79854846718528],[38.41244279641646,64.77891264329354],[38.44457414460375,64.78069771819175],[38.41244279641646,64.81282906638081],[38.4195830960132,64.83603504007253],[38.42672339561074,64.85924101376257],[38.34103980044283,64.85745593886347],[38.203589033194355,64.8503156392662],[38.035791992656534,64.88780221215167],[37.8554994278246,64.94849475872974],[37.7644606079585,64.98062610691792],[37.769815832656676,65.04310372839421],[37.448502350776025,65.1020112000724],[37.37888442970247,65.10558134987059],[37.3696163969382,65.10804715675317]]]]}},{"type":"Feature","properties":{"kind":"district","id":"uyezd-1897-566","name":"Мезенский","provinceId":"gubernia-1897-93"},"geometry":{"type":"MultiPolygon","coordinates":[[[[40.866089543178774,65.99485463221295],[40.8829632969182,65.97291917273284],[40.93650116954956,65.94198617965678],[41.03881799280053,65.9051045340666],[41.15541158208559,65.88844830702693],[41.67175462035139,65.86822288847719],[41.86568069232602,65.80278771081606],[42.182149006101454,65.80397744131906],[42.60807252614535,65.80397744131906],[42.754637737595644,65.8087030583711],[42.94737407906772,65.8087030583711],[43.08419308690261,65.74802680272295],[43.20673532870349,65.69686839109822],[43.51606525946072,65.71471434864176],[43.644556153775646,65.7218527316581],[43.72426809747096,65.74921653322596],[43.80398004116628,65.71471434864176],[43.86465629681513,65.68973000808002],[43.857517913797636,65.63381267444399],[43.83967195625364,65.5469623477311],[43.852758991785976,65.52911639018656],[43.86822548832423,65.51246016314504],[43.914624977937294,65.51008070213992],[44.00623422666247,65.50889097163781],[44.065720751807966,65.48509636157817],[44.13472512097669,65.46487094302843],[44.24299059674259,65.47438878705175],[44.30128739138481,65.47438878705175],[44.36791229954851,65.45535309900511],[44.45595235676378,65.42323037542702],[44.52138753442421,65.38991792134584],[44.590391903593726,65.34827735374435],[44.65701681175662,65.33875950972103],[44.74862606048109,65.31615463016439],[44.7236417199196,65.28998055910142],[44.70936495388462,65.25428864401326],[44.68438061332394,65.18528427484489],[44.66772438628321,65.09724421762898],[44.653447620248315,65.07225987706714],[44.61537624415441,65.00682469940787],[44.64987842873913,64.95566628778128],[44.6927087268439,64.86762623056529],[44.740297946961036,64.86881596106927],[44.790266628083295,64.86524676955919],[44.91042940887755,64.7914834783796],[44.99133108307613,64.77244779033296],[45.02583326766014,64.72604830071847],[45.050817608221536,64.71534072619303],[45.26853829025519,64.67370015859163],[45.282815056290076,64.64633635702378],[45.37323457451198,64.62730066897714],[45.37323457451198,64.6058855199253],[45.42677244714255,64.57971144886054],[45.51498876072919,64.54864626350628],[45.51974768274085,64.5177132704312],[45.5387833707874,64.50224677389268],[45.592321243418674,64.48678027735514],[45.6577564210791,64.47369324182361],[45.69463806666964,64.43919105723853],[45.67917157013148,64.42967321321521],[45.72438132924199,64.3785148015904],[45.758883513826795,64.36066884404588],[45.890943599650114,64.29761312739083],[46.00158853642184,64.25359309878333],[46.15403180112631,64.29299727768097],[46.4193417032771,64.27277185913051],[46.65014942084228,64.2632540151072],[46.716774329005176,64.28942808617185],[46.75008678308751,64.27634105063953],[46.92735662802133,64.33106865377336],[47.23073790626523,64.34296595880366],[47.38302341063837,64.34534541980878],[47.65547169580576,64.3631913773533],[47.88508968286848,64.3548632638321],[48.29554670637411,64.33939676729376],[48.46329870728471,64.33106865377336],[48.45378086326147,64.29537673868705],[48.45259113275891,64.2632540151072],[48.372879189063596,64.16093719185658],[48.4216581396833,64.13833231230181],[48.49780089186952,64.14785015632513],[48.523974962933465,64.1359528512967],[48.558477147518275,64.15379880884024],[48.59654852361139,64.15736800034846],[48.60963555914371,64.12405554626639],[48.645327474230996,64.12762473777539],[48.830925432685675,64.08836363118009],[48.91777575939848,64.083604709167],[49.035559079186896,64.05505117709704],[49.068871533269146,64.05029225508582],[49.13549644143204,64.05981009910914],[49.2413824561913,64.0360154890504],[49.381770655535476,64.04553333307372],[49.58521457153414,64.06218956011524],[49.86004231770737,64.19543937644264],[49.85290393468988,64.2204237170026],[49.96116941045507,64.29537673868705],[50.56793196694197,64.16807557487478],[50.644074719128184,64.09431228369333],[50.66905905968967,64.15022961733025],[50.67024879019294,64.20971614247628],[50.66430013767801,64.25135671007955],[50.66192067667218,64.35724272483722],[50.6297979530932,64.4512314345693],[50.5560346619129,64.54165095278942],[50.427543767597896,64.65824454207626],[50.294293951271214,64.7569921738177],[50.23004850411415,64.8117197769525],[50.18959766701522,64.87001657159543],[50.19435658902688,64.91641606120805],[50.09441922678165,64.96519501182766],[49.99924078654817,65.02587126747581],[49.92785695637353,65.05680426055275],[49.89811369380047,65.08535779262183],[49.83743743815171,65.08892698413084],[49.791037948538644,65.10915240268058],[49.74106926741567,65.1186702467039],[49.69823896931091,65.14127512625866],[49.619716756118066,65.16506973631839],[49.59116322404827,65.18410542436503],[49.5483329259436,65.19124380738137],[49.562609691978395,65.19600272939347],[49.58759403253997,65.20195138190769],[49.574506997007546,65.22336653096133],[49.54714319544104,65.23407410548596],[49.50312316683299,65.23645356649286],[49.49003613130057,65.23407410548596],[49.47100044325403,65.24121248850398],[49.46386206023662,65.25429952403641],[49.43411879766347,65.25429952403641],[49.413893379114356,65.26381736805973],[49.43054960615517,65.27809413409426],[49.39604742157037,65.2899914391227],[49.404375535091134,65.3030784746561],[49.417462570622746,65.3054579356621],[49.410324187605255,65.31378604918243],[49.412703648611085,65.32211416270275],[49.43530852816674,65.32806281521599],[49.44839556369837,65.35304715577871],[49.476949095769044,65.35899580829205],[49.4924155923064,65.38160068784867],[49.51739993286789,65.38160068784867],[49.528107507393685,65.38873907086501],[49.555471308961,65.39349799287712],[49.536435620914446,65.40301583690044],[49.55309184795517,65.41134395042174],[49.573317266504986,65.40658502840866],[49.603060529077425,65.41967206394196],[49.61257837310066,65.43037963846838],[49.63280379165049,65.43513856047862],[49.62804486963891,65.44346667399982],[49.57807618851665,65.45060505701802],[49.562609691978395,65.44822559601104],[49.54714319544104,65.45417424852616],[49.51739993286789,65.47083047556768],[49.45553394671586,65.46726128405768],[49.42222149263441,65.47202020606979],[49.400806343581934,65.46488182305158],[49.38890903855297,65.4743996670749],[49.404375535091134,65.4815380500931],[49.3948576910679,65.49224562461944],[49.405565265593594,65.49581481612765],[49.42103176213185,65.49700454663163],[49.42341122313768,65.50771212115795],[49.39009876905624,65.51960942618639],[49.39247823006207,65.52555807870061],[49.42222149263441,65.5207991566894],[49.416272840120186,65.53031700071273],[49.38771930805041,65.53150673121581],[49.377011733523815,65.54697322775425],[49.372252811512155,65.5612499937879],[49.35202739296233,65.5707678378121],[49.35559658447143,65.57671649032552],[49.3948576910679,65.57195756831422],[49.400806343581934,65.57909595133242],[49.381770655535476,65.59456244786898],[49.39961661307947,65.59813163937906],[49.38771930805041,65.6064597528984],[49.412703648611085,65.61359813591562],[49.405565265593594,65.62311597993993],[49.368683620003054,65.61597759692172],[49.32704305240165,65.62430571044213],[49.29135113731357,65.61597759692172],[49.27231544926701,65.62192624943683],[49.23900299518557,65.62311597993993],[49.23186461216808,65.63739274597535],[49.23543380367727,65.65642843402199],[49.208070002109864,65.66951546955343],[49.20212134959502,65.68141277458206],[49.222346768144845,65.68141277458206],[49.21877757663566,65.68974088810317],[49.19498296657753,65.6921203491083],[49.19498296657753,65.71115603715494],[49.17951647004007,65.7397095692249],[49.18308566154846,65.78135013682729],[49.19974188858919,65.85630315851085],[49.211639193618254,65.97408647829971],[49.20569054110403,66.101387642112],[49.20569054110403,66.19656608234521],[49.185465122554206,66.29888290559573],[49.14263482444953,66.37264619677718],[49.13192724992294,66.42737379991013],[49.12597859740872,66.46068625399309],[49.095045604333095,66.48686032505606],[48.99153905057966,66.53325981466966],[48.877324922299536,66.59155660931259],[48.79642324810095,66.66531990049404],[48.73931618396129,66.70220154608334],[48.60249717612632,66.76525726273937],[48.516836579916074,66.80808756084298],[48.332428351963955,66.88542004353255],[48.13612281898348,66.96989090924032],[47.987406506118646,67.03294662589447],[47.88145444386967,67.08021475078378],[47.85343447020526,67.08630604940751],[47.809577120121915,67.09605212720359],[47.774247588110626,67.10945298417295],[47.73404501720046,67.12041732169378],[47.709679822710186,67.11432602307103],[47.712116342159234,67.093615607755],[47.70115200463822,67.06437737436494],[47.6901876671172,67.03513914097675],[47.669477251800814,66.99737308951714],[47.63902075868681,66.9790991936488],[47.60369122667552,66.96448007695471],[47.56714343494012,66.9437696616369],[47.56227039604123,66.9157496879725],[47.540341721000004,66.91696794769723],[47.52815912375486,66.92671402549333],[47.51354000705989,66.93646010328933],[47.456281800007375,66.95473399915676],[47.44897224166024,66.97178963530035],[47.42582530689408,66.9656983366776],[47.37831317763687,66.94986096025876],[47.32958278865553,66.94498792136068],[47.27597936077609,66.94133314218742],[47.25161416628582,66.92915054494273],[47.25526894545898,66.90722186990115],[47.21872115372278,66.90722186990115],[47.201665517579556,66.89260275320696],[47.16633598556827,66.88163841568525],[47.1370977521791,66.86458277954165],[47.09202214237173,66.86214626009314],[47.03476393531841,66.86336451981691],[46.97750572826581,66.84874540312282],[46.95192227405062,66.83290802670399],[46.912937962865456,66.83778106560199],[46.85933453498602,66.81828891001078],[46.79963980848366,66.8109793516632],[46.78867547096256,66.79636023496911],[46.769183315370384,66.79270545579399],[46.74116334170614,66.79879675441673],[46.71557988749095,66.78661415717124],[46.685123394377754,66.79514197524436],[46.665631238784684,66.78905067662073],[46.65953994016256,66.76955852102854],[46.64735734291662,66.76590374185432],[46.63882952484545,66.78417763772264],[46.64857560264154,66.80245153359007],[46.679032095754735,66.80245153359007],[46.70096077079596,66.81950716973455],[46.69608773189796,66.83656280587822],[46.671722537407604,66.84752714339808],[46.63882952484545,66.84143584477621],[46.60228173310924,66.84265410450007],[46.56938872054691,66.83412628642873],[46.53405918853562,66.81950716973455],[46.49020183845228,66.82194368918404],[46.44147144947094,66.81950716973455],[46.39761409938768,66.82316194890878],[46.38177672296858,66.81707065028604],[46.367157606274404,66.80366979331482],[46.35375674930434,66.82194368918404],[46.34522893123237,66.84387236422482],[46.31233591867013,66.85483670174557],[46.24898641299461,66.8755471170625],[46.20634732263619,66.8889479740337],[46.174672569798076,66.87432885733774],[46.150307375306994,66.86214626009314],[46.13081521971482,66.87311059761487],[46.13081521971482,66.88772971430896],[46.171017790624106,66.8889479740337],[46.16858127117506,66.9060036101764],[46.13568825861282,66.92305924631998],[46.10035872660153,66.94255140191217],[46.086957869631476,66.97300789502509],[46.05771963624311,66.98275397282119],[46.01751706533294,66.963261817229],[45.9846240527707,66.94742444081017],[45.95173104020846,66.94742444081017],[45.96513189717842,66.96082529777959],[46.00289794863885,66.97544441447548],[46.03091792230299,66.99128179089439],[46.046755298722104,67.00833742703709],[46.04919181817114,67.02782958262918],[46.03700922092601,67.04366695904811],[46.008989247261766,67.04001217987476],[45.96756841662756,67.03270262152728],[45.94685800131036,67.03392088125202],[45.954167559657506,67.04610347849751],[45.98706057221975,67.04610347849751],[46.00046142918971,67.06194085491732],[46.001679688913924,67.08021475078378],[45.991933611117744,67.09605212720359],[45.99680665001583,67.11798080224527],[45.9797510138726,67.12407210086712],[45.956604079106455,67.11798080224527],[45.972441455525555,67.13503643838787],[45.88472675535897,67.16549293150275],[45.8347781066535,67.1715842301255],[45.82990506775461,67.17767552874736],[45.75802774400711,67.1862033468196],[45.72147995227171,67.19351290516619],[45.700769536954596,67.18254856764536],[45.68858693970947,67.16792945095126],[45.6751860827394,67.17280248984936],[45.67762260218845,67.1837668273701],[45.69955127722967,67.19960420378902],[45.66178522576935,67.20569550241177],[45.61792787568601,67.21787809965637],[45.606963538165076,67.20813202186038],[45.50097494213114,67.21909635938113],[45.41082372251549,67.23127895662759],[45.360875073809225,67.25077111221978],[45.31823598345089,67.26660848863861],[45.24148562080531,67.29706498175163],[45.19641001099785,67.31533887761907],[45.1476796220165,67.31533887761907],[45.12575094697448,67.32752147486455],[45.07945707744217,67.34214059155875],[45.04047276625772,67.35554144852995],[45.03072668846083,67.37503360412205],[45.011234532868556,67.38965272081623],[45.02463538983862,67.39208924026474],[45.05143710377794,67.39452575971423],[45.0550918829519,67.40670835695892],[45.0550918829519,67.43351007089859],[45.052655363502865,67.4517839667678],[45.052655363502865,67.47127612236],[45.06118318157412,67.48102220015608],[45.06971099964609,67.49320479740068],[45.07214751909504,67.49929609602343],[45.05143710377794,67.50295087519855],[45.01245279259268,67.50295087519855],[44.96372240361134,67.50295087519855],[44.917428534079846,67.51147869326901],[44.89793637848686,67.52487955024023],[44.94301198829504,67.52000651134036],[44.978341520306316,67.52000651134036],[45.0185440912157,67.51878825161748],[45.049000584328894,67.52000651134036],[45.07823881771806,67.51147869326901],[45.09894923303516,67.51878825161748],[45.103822271933254,67.53462562803631],[45.09651271358611,67.55046300445515],[45.049000584328894,67.56508212114933],[45.019762350940525,67.58335601701668],[45.04290928570677,67.58335601701668],[45.062401441298945,67.57482819894445],[45.094076194137074,67.56508212114933],[45.12453268725035,67.56020908225125],[45.136715284495494,67.56873690032259],[45.150116141465546,67.58457427674142],[45.17691785540487,67.59432035453752],[45.197628270721964,67.59797513371086],[45.197628270721964,67.6186855490277],[45.185445673476835,67.641832483795],[45.19641001099785,67.65036030186636],[45.218338686039075,67.63817770462174],[45.221993465213046,67.61990380875342],[45.2353943221823,67.61381251012969],[45.25366821805045,67.62477684765142],[45.27559689309247,67.62599510737617],[45.29387078896053,67.62599510737617],[45.30727164592979,67.61624902958008],[45.30727164592979,67.60772121150696],[45.29021600978666,67.59310209481276],[45.321890762624776,67.59797513371086],[45.3547837751871,67.60893947123161],[45.36940289188128,67.62599510737617],[45.340164658492924,67.63452292544751],[45.35112899601313,67.6467055226931],[45.35600203491123,67.66741593800904],[45.35356551546218,67.70152721029719],[45.31823598345089,67.70761850891992],[45.27437863336755,67.71249154781793],[45.29143426951158,67.71736458671602],[45.31214468482868,67.72101936588928],[45.325545541797936,67.72832892423685],[45.31823598345089,67.74538456037955],[45.32920032097182,67.74782107982895],[45.35112899601313,67.7344202228596],[45.373057671055165,67.7344202228596],[45.40838720306654,67.7344202228596],[45.418133280862534,67.74294804093094],[45.419351540587456,67.75756715762503],[45.43640717673068,67.74903933955369],[45.44615325452678,67.7344202228596],[45.47539148791594,67.7344202228596],[45.51803057827436,67.73320196313486],[45.536304474142426,67.74416630065569],[45.54117751304051,67.76244019652313],[45.54726881166343,67.78071409239057],[45.56310618808254,67.78436887156569],[45.57407052560275,67.77705931321722],[45.57285226587862,67.75025759927755],[45.560669668633494,67.72589240478737],[45.62036439513514,67.72589240478737],[45.67031304384132,67.72832892423685],[45.72878951061875,67.7344202228596],[45.81406769133639,67.74416630065569],[45.84208766500063,67.75269411872704],[45.878635456736035,67.75391237845179],[45.91640150819717,67.77827757294196],[45.972441455525555,67.79167842991131],[46.02117184450691,67.79046017018844],[46.06990223348825,67.78924191046369],[46.099140466876605,67.79046017018844],[46.0881761293564,67.80020624798453],[46.05528311679336,67.81238884523002],[46.01020750698589,67.82944448137272],[46.001679688913924,67.84040881889355],[46.03457270147696,67.83797229944406],[46.06502919459025,67.82822622164797],[46.09792220715249,67.81360710495387],[46.13690651833774,67.79898798825978],[46.171017790624106,67.80020624798453],[46.219748179605446,67.80142450770927],[46.30137158114913,67.7941149493617],[46.38664976186668,67.78924191046369],[46.413451475806696,67.77705931321722],[46.43294363139897,67.78436887156569],[46.44999926754211,67.80751580633024],[46.43538015084802,67.82822622164797],[46.40248713828578,67.8465001175154],[46.374467164621535,67.85624619531238],[46.337919372885324,67.86964705228182],[46.337919372885324,67.88304790925304],[46.367157606274404,67.87573835090457],[46.37812194379542,67.88792094815103],[46.35741152847831,67.90497658429462],[46.322081996466224,67.91472266209071],[46.29771680197595,67.93056003850866],[46.31111765894592,67.9317782982334],[46.33670111316121,67.9269052593354],[46.34888371040634,67.94517915520284],[46.32573677564011,67.95614349272358],[46.28797072417977,67.9792904274909],[46.286752464454935,68.00243736225633],[46.30137158114913,68.0268025567466],[46.29162550335303,68.05238601096153],[46.273351607484884,68.06578686793274],[46.26238726996466,68.08284250407632],[46.2173116601564,68.09015206242293],[46.173454310073154,68.09746162077042],[46.12959695999061,68.11208073746451],[46.13568825861282,68.12304507498445],[46.177109089247026,68.11695377636259],[46.1966012448393,68.10355291939317],[46.22340295877942,68.10355291939317],[46.25264119216769,68.10598943884176],[46.28553420473082,68.10842595829125],[46.27822464638378,68.13522767223003],[46.244113374096514,68.15228330837361],[46.173454310073154,68.16812068479334],[46.11497784329572,68.18761284038553],[46.08208483073338,68.21319629460045],[46.046755298722104,68.25096234606184],[45.9907153513937,68.27776406000152],[45.93833018323839,68.30822055311364],[45.899345872053146,68.30822055311364],[45.86279808031773,68.30456577394031],[45.85792504141965,68.28751013779761],[45.84208766500063,68.27532754055203],[45.817722470509466,68.27898231972537],[45.79823031491729,68.29360143641946],[45.771428600977174,68.29603795586895],[45.793357276019194,68.30456577394031],[45.82868680803057,68.3094388128384],[45.84208766500063,68.32893096843048],[45.859143301143774,68.32649444898198],[45.88959979425697,68.32040315035914],[45.901782391502195,68.33136748787997],[45.89325457343094,68.34964138374919],[45.86401634004186,68.35573268237202],[45.81406769133639,68.38740743520881],[45.80188509409045,68.41786392832182],[45.79213901629437,68.45562997978323],[45.72757125089383,68.46903083675258],[45.669094784116396,68.47634039510007],[45.606963538165076,68.49826907014085],[45.54361403248947,68.51166992711109],[45.47539148791594,68.51166992711109],[45.41082372251549,68.52019774518243],[45.31336294455281,68.5275073035309],[45.243922140254355,68.54456293967448],[45.17204481650687,68.54943597857248],[45.10625879138229,68.55552727719443],[45.01610757176665,68.56770987443991],[44.946666767468116,68.56161857581716],[44.90159115766073,68.55065423829633],[44.83824165198442,68.55552727719443],[44.80778515887121,68.54578119939833],[44.77367388658486,68.55552727719443],[44.72494349760342,68.55187249802108],[44.64941139468196,68.54821771884782],[44.58606188900643,68.54821771884782],[44.49956544856485,68.54821771884782],[44.40819596922428,68.54090816050024],[44.366775138589986,68.55065423829633],[44.242512646687985,68.55430901747057],[44.14139708955133,68.57380117306275],[44.052464129660606,68.58476551058261],[43.997642442056346,68.60547592590132],[43.88434428767535,68.63958719818758],[43.84170519731613,68.63836893846293],[43.75886353604842,68.65055153570842],[43.66749405670795,68.66029761350451],[43.611454109379466,68.66760717185112],[43.556632421776,68.66760717185112],[43.471354241058364,68.6797897690967],[43.40800473538283,68.6797897690967],[43.345873489431426,68.68344454826996],[43.30079787962326,68.67613498992336],[43.2618135684388,68.67613498992336],[43.25328575036683,68.66517065240261],[43.266686607336894,68.65420631488178],[43.303234399072295,68.64567849681042],[43.348310008880475,68.64567849681042],[43.37998476171788,68.62618634121824],[43.41531429372996,68.62131330232023],[43.45429860491443,68.61278548424703],[43.50059247444672,68.59816636755293],[43.571251538470094,68.59451158838057],[43.605362810757256,68.57501943278652],[43.66383927753469,68.57501943278652],[43.70647836789311,68.56405509526667],[43.785665249987744,68.53725338132699],[43.840486937592004,68.51654296601006],[43.89287210574652,68.49948732986559],[43.928201637758605,68.48121343399815],[44.01226155875132,68.46293953812983],[44.067083246354784,68.43248304501591],[44.097539739468075,68.41055436997425],[44.125559713133114,68.40689959080099],[44.18769095908371,68.40568133107625],[44.23520308834094,68.38740743520881],[44.29367955511837,68.35938746154528],[44.326572567680614,68.34964138374919],[44.34119168437479,68.32771270870761],[44.37042991776396,68.29603795586895],[44.363120359416826,68.27167276137877],[44.38992207335623,68.26436320303128],[44.36433861914094,68.25218060578659],[44.36190209969199,68.22416063212128],[44.36799339831491,68.19979543763111],[44.363120359416826,68.17664850286558],[44.336318645476794,68.17055720424283],[44.3314456065787,68.154719827824],[44.32413604823165,68.1145172569131],[44.298552594016456,68.09015206242293],[44.29977085374138,68.07065990683074],[44.32535430795649,68.07065990683074],[44.371648177488794,68.08771554297432],[44.391140333081054,68.08040598462684],[44.369211658039035,68.07065990683074],[44.337536905201716,68.05604079013665],[44.34362820382384,68.04629471233967],[44.366775138589986,68.04629471233967],[44.391140333081054,68.05604079013665],[44.40210467060207,68.04507645261492],[44.37042991776396,68.03411211509409],[44.3314456065787,68.02314777757326],[44.3058621523635,68.0097469206039],[44.31317171071055,67.9792904274909],[44.31560823015968,67.9488339343761],[44.300989113465505,67.9269052593354],[44.288806516220276,67.91350440236596],[44.31195345098644,67.90619484401847],[44.342409944099714,67.90984962319271],[44.382612515009086,67.90375832456988],[44.39235859280518,67.89279398704912],[44.36433861914094,67.88792094815103],[44.31926300933357,67.88792094815103],[44.28149695787323,67.89157572732438],[44.24860394531099,67.89035746759875],[44.209619634125744,67.90375832456988],[44.19621877715568,67.89035746759875],[44.18038140073658,67.85868271476099],[44.16698054376653,67.8318810008222],[44.1767266215635,67.80507928688253],[44.20474659522765,67.78680539101332],[44.24738568558607,67.7794958326676],[44.25225872448408,67.76853149514588],[44.224238750819836,67.75756715762503],[44.21571093274787,67.7368567423082],[44.18769095908371,67.71492806726742],[44.152361427072435,67.70030895057147],[44.142615349276255,67.68203505470412],[44.15357968679726,67.67107071718328],[44.21571093274787,67.66741593800904],[44.28149695787323,67.66497941856045],[44.300989113465505,67.65766986021295],[44.28027869814831,67.65279682131495],[44.207183114676695,67.65279682131495],[44.152361427072435,67.65401508103969],[44.119468414510095,67.63574118517226],[44.106067557540044,67.60041165316125],[44.09632147974395,67.57239167949594],[44.070738025528755,67.54680822528091],[44.03662675324159,67.53340736831157],[44.015916337924395,67.50904217381952],[43.983023325362154,67.50295087519855],[43.964749429494006,67.48833175850268],[43.94282075445278,67.46762134318664],[43.931856416931765,67.44691092786981],[43.902618183543495,67.43351007089859],[43.85997909318428,67.41645443475501],[43.840486937592004,67.39939879861231],[43.81003044447881,67.39696227916284],[43.79175654861075,67.38843446109148],[43.79419306805971,67.36772404577455],[43.805157405580715,67.35675970825372],[43.785665249987744,67.33726755266065],[43.76130005549747,67.32873973459027],[43.752772237425404,67.31046583872097],[43.763736574946506,67.29584672202688],[43.75155397770058,67.27148152753671],[43.74058964018036,67.2483345927694],[43.744244419353436,67.2288424371772],[43.747899198527406,67.20935028158503],[43.73328008183323,67.19960420378902],[43.74180789990449,67.17402074957401],[43.76617309439547,67.15818337315517],[43.79175654861075,67.1508738148068],[43.844141716765265,67.14965555508383],[43.84170519731613,67.17402074957401],[43.902618183543495,67.16914771067601],[43.937947715554785,67.17523900929876],[43.9952059226073,67.17523900929876],[44.04271805186451,67.15940163287992],[44.10850407698909,67.1508738148068],[44.174290102114455,67.1460007759087],[44.19621877715568,67.1460007759087],[44.20231007577861,67.13990947728595],[44.20474659522765,67.13016339948987],[44.22789352999389,67.11554428279578],[44.26078654255605,67.09848864665308],[44.28393347732228,67.09239734803025],[44.2948978148425,67.07534171188578],[44.30220737319034,67.06072259519169],[44.31926300933357,67.04610347849751],[44.3314456065787,67.02417480345592],[44.34971950244676,67.01321046593509],[44.35946558024294,67.01930176455784],[44.36799339831491,67.03026610207867],[44.39235859280518,67.03026610207867],[44.39601337197915,67.01930176455784],[44.39235859280518,67.00955568676174],[44.414287267847214,67.003464388139],[44.43621594288844,66.99250005061914],[44.4654541762776,66.9790991936488],[44.489819370767876,66.96691659640234],[44.505656747186976,66.953515739433],[44.514184565258944,66.97300789502509],[44.53245846112709,66.9656983366776],[44.53367672085122,66.953515739433],[44.521494123606075,66.93889662273881],[44.53367672085122,66.93402358384081],[44.560478434791335,66.93889662273881],[44.588498408455564,66.9437696616369],[44.56535147368933,66.92305924631998],[44.51296630553402,66.91818620742198],[44.484946331869864,66.9157496879725],[44.46301765682864,66.90234883100305],[44.49834718883993,66.8804201559605],[44.505656747186976,66.85849148091891],[44.486164591594786,66.83656280587822],[44.44961679985859,66.82072542945929],[44.40697770950017,66.7914871960711],[44.382612515009086,66.78417763772264],[44.35581080106978,66.77930459882464],[44.348501242722634,66.76712200157905],[44.35337428162073,66.75615766405822],[44.38748555390718,66.73301072929279],[44.414287267847214,66.70133597645413],[44.44474376096049,66.68793511948567],[44.4654541762776,66.6708794833412],[44.509311526360946,66.67940730141255],[44.562914954240284,66.66844296389172],[44.60799056404775,66.66478818471836],[44.67255832944811,66.65382384719753],[44.66524877110106,66.63554995133018],[44.59093492790453,66.65504210692228],[44.52880368195312,66.66478818471836],[44.472763734624735,66.65991514582036],[44.42646986509243,66.65382384719753],[44.38017599556005,66.64651428885094],[44.371648177488794,66.6306769124321],[44.35946558024294,66.616057795738],[44.35702906079389,66.59534738042018],[44.339973424650665,66.5856013026232],[44.35337428162073,66.57829174427661],[44.363120359416826,66.56610914703103],[44.34728298299781,66.56245436785777],[44.330227346854585,66.55758132895969],[44.339973424650665,66.54052569281698],[44.36190209969199,66.53687091364186],[44.4094142289492,66.53565265391899],[44.44961679985859,66.53565265391899],[44.44108898178662,66.52225179694777],[44.39601337197915,66.52225179694777],[44.34119168437479,66.5234700566734],[44.31926300933357,66.51006919970219],[44.30220737319034,66.485704005212],[44.26565958145413,66.46986662879317],[44.24738568558607,66.45524751209899],[44.18769095908371,66.43453709678117],[44.15723446597043,66.41260842173959],[44.12068667423422,66.38215192862657],[44.10484929781592,66.35291369523839],[44.08779366167198,66.33220327992058],[44.06951976580383,66.315147643777],[44.04880935048753,66.30174678680756],[44.06951976580383,66.30174678680756],[44.074392804702725,66.29321896873621],[44.05002761021166,66.29321896873621],[44.03784501296643,66.28469115066397],[44.04759109076261,66.26519899507178],[44.02322589627154,66.2603259561729],[44.01835285737344,66.24570683947871],[44.035408493517465,66.23108772278462],[44.01835285737344,66.21646860608956],[44.01835285737344,66.20428600884496],[44.0268806754455,66.17992081435477],[44.02444415599636,66.16408343793584],[44.0110432990264,66.15190084068938],[44.03784501296643,66.15311910041413],[44.068301506079706,66.15433736013985],[44.0938849602949,66.15799213931221],[44.125559713133114,66.16408343793584],[44.13530579092911,66.15190084068938],[44.119468414510095,66.14702780179138],[44.08170236304977,66.13849998372004],[44.04637283103769,66.1348452045458],[44.067083246354784,66.11778956840311],[44.08535714222293,66.10926175033175],[44.12434145340819,66.09342437391292],[44.15967098541948,66.09342437391292],[44.18281792018563,66.09098785446344],[44.18038140073658,66.07393221832073],[44.15723446597043,66.07393221832073],[44.121904933959144,66.07515047804371],[44.11337711588709,66.06662265997235],[44.12312319368327,66.04834876410403],[44.162107504868516,66.0373844265832],[44.19012747853276,66.02885660851186],[44.197437036879805,66.0203287904405],[44.174290102114455,66.01911053071576],[44.13408753120429,66.02763834878711],[44.091448440845866,66.03616616685935],[44.05977368800774,66.03616616685935],[44.05368238938553,66.0105827126444],[44.0780475838758,65.97890795980585],[44.14748838817434,65.95941580421368],[44.1608892451444,65.93870538889675],[44.18038140073658,65.89728455826298],[44.22545701054476,65.86439154569959],[44.24494916613703,65.8400263512094],[44.22545701054476,65.8327167928628],[44.191345738257596,65.84246287065889],[44.13652405065332,65.86317328597484],[44.0938849602949,65.89728455826298],[44.070738025528755,65.93870538889675],[44.04271805186451,65.95088798614144],[44.02078937682249,65.95819754448893],[44.00251548095514,65.97281666118302],[43.9952059226073,65.95697928476417],[44.00738851985324,65.9447966875186],[44.00860677957735,65.93626886944725],[43.97571376701511,65.93626886944725],[43.94403901417691,65.9399236486206],[43.91236426133959,65.94236016807008],[43.89409036547144,65.94601494724334],[43.90139992381857,65.95332450559084],[43.93672945582986,65.95454276531558],[43.974495507290996,65.96185232366219],[43.987896364260166,65.98378099870385],[43.973277247566074,66.0081461931959],[43.98058680591312,66.03616616685935],[43.99642418233222,66.05565832245152],[43.970840728117025,66.07027743914561],[43.928201637758605,66.08246003639209],[43.898963404369525,66.08367829611683],[43.86850691125625,66.09586089336152],[43.85266953483723,66.11169826978036],[43.844141716765265,66.1250991267497],[43.80028436668192,66.13728172399529],[43.78444699026362,66.14215476289337],[43.80637566530484,66.1555556198645],[43.783228730538696,66.17870255463004],[43.75520875687454,66.18113907407951],[43.746680938802484,66.1957581907736],[43.69307751092305,66.1957581907736],[43.683331433126966,66.17748429490618],[43.64800190111568,66.18479385325277],[43.629728005247614,66.19819471022221],[43.60170803158337,66.19453993104887],[43.58830717461332,66.16408343793584],[43.54323156480585,66.16286517821021],[43.52252114948875,66.13849998372004],[43.50790203279456,66.14824606151612],[43.45551686463925,66.12753564619919],[43.44333426739412,66.10682523088235],[43.40313169648404,66.09707915308627],[43.377548242268844,66.08733307529018],[43.37267520337075,66.067840919698],[43.344655229706504,66.0580948419019],[43.34343696998248,66.03860268630794],[43.32272655466528,66.02763834878711],[43.299579619899134,66.0252018293386],[43.28861528237812,66.04713050438018],[43.3081074379711,66.06540440024762],[43.326381333838455,66.09342437391292],[43.355619567227606,66.12144434757644],[43.36171086585054,66.13240868509729],[43.377548242268844,66.13240868509729],[43.38851257978985,66.12388086702595],[43.40800473538283,66.15799213931221],[43.39825865758594,66.18113907407951],[43.43480644932215,66.18723037270226],[43.4530803451903,66.20306774912021],[43.517648110590656,66.2128138269163],[43.55541416205108,66.2103773074677],[43.58708891488919,66.21890512553905],[43.62485496634953,66.23596076168263],[43.60292629130741,66.25423465755007],[43.578561096817225,66.27129029369462],[43.57612457736818,66.27859985204212],[43.57612457736818,66.28956418956197],[43.56028720094908,66.29078244928672],[43.54444982452998,66.28103637149063],[43.511556811967736,66.28712767011346],[43.51033855224361,66.3005285270828],[43.46526294243543,66.315147643777],[43.45186208546538,66.3054015659809],[43.43480644932215,66.3054015659809],[43.426278631250185,66.32611198129774],[43.40191343675991,66.32854850074723],[43.35805608667657,66.33463979937095],[43.32029003521633,66.32367546184923],[43.30079787962326,66.33098502019583],[43.291051801827166,66.34682239661467],[43.281305724030986,66.36753281193248],[43.2618135684388,66.39555278559689],[43.2203927378045,66.40895364256625],[43.16191627102707,66.41139016201573],[43.12902325846403,66.41991798008708],[43.096130245901705,66.41382668146434],[42.946284299784494,66.3979893050455],[42.89633565107823,66.4028623439435],[42.875625235761134,66.39189800642266],[42.8220218078817,66.39677104532075],[42.76354534110426,66.3882432272494],[42.7343071077151,66.38946148697416],[42.72821580909297,66.36875107165723],[42.70263235487778,66.38215192862657],[42.661211524243484,66.38702496752467],[42.633191550579326,66.38337018835132],[42.619790693609275,66.39311626614742],[42.59177071994503,66.39677104532075],[42.57593334352593,66.38337018835132],[42.532075993442675,66.37362411055523],[42.49796472115622,66.36996933138197],[42.480909085012286,66.39311626614742],[42.51867513647342,66.40895364256625],[42.54913162958661,66.40164408421876],[42.580806382424015,66.40651712311676],[42.617354174160226,66.40651712311676],[42.62466373250727,66.41748146063759],[42.59177071994503,66.43941013567927],[42.52111165592237,66.44428317457727],[42.46750822804303,66.44915621347712],[42.43705173492894,66.46499358989507],[42.39075786539745,66.47839444686541],[42.31157098330202,66.4954500830081],[42.29329708743475,66.50641442052893],[42.23116584148336,66.51250571915168],[42.17025285525688,66.51250571915168],[42.12883202462258,66.50641442052893],[42.10812160930547,66.49666834273285],[42.07766511619219,66.49666834273285],[42.0374625452821,66.47352140796731],[42.036244285557984,66.46012055099708],[41.92050961172714,66.39311626614742],[41.91807309227809,66.36022325358587],[41.86812444357183,66.33585805909382],[41.85350532687765,66.32489372157299],[41.90710875475709,66.31636590350165],[41.85228706715361,66.30661982570564],[41.7999018989983,66.315147643777],[41.73655239332278,66.27859985204212],[41.713405458556636,66.2530163978272],[41.69269504323944,66.25057987837681],[41.693913302963566,66.23474250195788],[41.658583770952276,66.23352424223323],[41.61716294031807,66.2103773074677],[41.57817862913352,66.17504777545668],[41.51970216235529,66.14337302261812],[41.43442398163853,66.1129165295051],[41.34792754119687,66.08367829611683],[41.35158232037003,66.06174962107427],[41.29310585359251,66.06540440024762],[41.265085879928264,66.05444006272678],[41.1944268159049,66.02763834878711],[41.06529128510489,66.0105827126444],[40.95564790989698,65.99961837512357],[40.866089543178774,65.99485463221295]]]]}},{"type":"Feature","properties":{"kind":"district","id":"uyezd-1897-567","name":"Печорский","provinceId":"gubernia-1897-93"},"geometry":{"type":"MultiPolygon","coordinates":[[[[47.88145444386967,67.08021475078378],[47.987406506118646,67.03294662589447],[48.13612281898348,66.96989090924032],[48.332428351963955,66.88542004353255],[48.516836579916074,66.80808756084298],[48.60249717612632,66.76525726273937],[48.73931618396129,66.70220154608334],[48.79642324810095,66.66531990049404],[48.877324922299536,66.59155660931259],[48.99153905057966,66.53325981466966],[49.095045604333095,66.48686032505606],[49.12597859740872,66.46068625399309],[49.13192724992294,66.42737379991013],[49.14263482444953,66.37264619677718],[49.185465122554206,66.29888290559573],[49.20569054110403,66.19656608234521],[49.20569054110403,66.101387642112],[49.211639193618254,65.97408647829971],[49.19974188858919,65.85630315851085],[49.18308566154846,65.78135013682729],[49.17951647004007,65.7397095692249],[49.19498296657753,65.71115603715494],[49.19498296657753,65.6921203491083],[49.21877757663566,65.68974088810317],[49.222346768144845,65.68141277458206],[49.20212134959502,65.68141277458206],[49.208070002109864,65.66951546955343],[49.23543380367727,65.65642843402199],[49.23186461216808,65.63739274597535],[49.23900299518557,65.62311597993993],[49.27231544926701,65.62192624943683],[49.29135113731357,65.61597759692172],[49.32704305240165,65.62430571044213],[49.368683620003054,65.61597759692172],[49.405565265593594,65.62311597993993],[49.412703648611085,65.61359813591562],[49.38771930805041,65.6064597528984],[49.39961661307947,65.59813163937906],[49.381770655535476,65.59456244786898],[49.400806343581934,65.57909595133242],[49.3948576910679,65.57195756831422],[49.35559658447143,65.57671649032552],[49.35202739296233,65.5707678378121],[49.372252811512155,65.5612499937879],[49.377011733523815,65.54697322775425],[49.38771930805041,65.53150673121581],[49.416272840120186,65.53031700071273],[49.42222149263441,65.5207991566894],[49.39247823006207,65.52555807870061],[49.39009876905624,65.51960942618639],[49.42341122313768,65.50771212115795],[49.42103176213185,65.49700454663163],[49.405565265593594,65.49581481612765],[49.3948576910679,65.49224562461944],[49.404375535091134,65.4815380500931],[49.38890903855297,65.4743996670749],[49.400806343581934,65.46488182305158],[49.42222149263441,65.47202020606979],[49.45553394671586,65.46726128405768],[49.51739993286789,65.47083047556768],[49.54714319544104,65.45417424852616],[49.562609691978395,65.44822559601104],[49.57807618851665,65.45060505701802],[49.62804486963891,65.44346667399982],[49.63280379165049,65.43513856047862],[49.61257837310066,65.43037963846838],[49.603060529077425,65.41967206394196],[49.573317266504986,65.40658502840866],[49.55309184795517,65.41134395042174],[49.536435620914446,65.40301583690044],[49.555471308961,65.39349799287712],[49.528107507393685,65.38873907086501],[49.51739993286789,65.38160068784867],[49.4924155923064,65.38160068784867],[49.476949095769044,65.35899580829205],[49.44839556369837,65.35304715577871],[49.43530852816674,65.32806281521599],[49.412703648611085,65.32211416270275],[49.410324187605255,65.31378604918243],[49.417462570622746,65.3054579356621],[49.404375535091134,65.3030784746561],[49.39604742157037,65.2899914391227],[49.43054960615517,65.27809413409426],[49.413893379114356,65.26381736805973],[49.43411879766347,65.25429952403641],[49.46386206023662,65.25429952403641],[49.47100044325403,65.24121248850398],[49.49003613130057,65.23407410548596],[49.50312316683299,65.23645356649286],[49.54714319544104,65.23407410548596],[49.574506997007546,65.22336653096133],[49.58759403253997,65.20195138190769],[49.562609691978395,65.19600272939347],[49.5483329259436,65.19124380738137],[49.59116322404827,65.18410542436503],[49.619716756118066,65.16506973631839],[49.69823896931091,65.14127512625866],[49.74106926741567,65.1186702467039],[49.791037948538644,65.10915240268058],[49.83743743815171,65.08892698413084],[49.89811369380047,65.08535779262183],[49.92785695637353,65.05680426055275],[49.99924078654817,65.02587126747581],[50.09441922678165,64.96519501182766],[50.19435658902688,64.91641606120805],[50.18959766701522,64.87001657159543],[50.23004850411415,64.8117197769525],[50.294293951271214,64.7569921738177],[50.427543767597896,64.65824454207626],[50.5560346619129,64.54165095278942],[50.6297979530932,64.4512314345693],[50.66192067667218,64.35724272483722],[50.66430013767801,64.25135671007955],[50.67024879019294,64.20971614247628],[50.66905905968967,64.15022961733025],[50.644074719128184,64.09431228369333],[50.874729028371235,63.89283003582295],[51.01392749721204,63.836912702185145],[51.197145994660886,63.77028779402278],[51.37322610909224,63.69295531133321],[51.44579966977007,63.66321204875926],[51.65400250778039,63.62276121165997],[51.81223666466856,63.614433098139656],[52.12751524794072,63.62870986417508],[52.24648829823241,63.62514067266696],[52.48562412931835,63.588259027076674],[52.54154146295545,63.57279253053727],[52.647427477714814,63.518064927404325],[52.730708612918434,63.446681097229856],[52.740226456941755,63.427645409183214],[52.81042055661375,63.40266106862147],[52.90321953584149,63.38005618906661],[53.029330969150664,63.38838430258693],[53.16377051597982,63.40147133811846],[53.26965653073917,63.41455837364991],[53.462392872211254,63.440732444714754],[53.656318944186594,63.46928597678472],[53.771722802969194,63.50497789187288],[53.820501753588886,63.53115196293586],[53.87879854823191,63.54661845947429],[53.93947480388067,63.54423899846731],[54.016807286570156,63.527582771427646],[54.09413976925964,63.532341693438866],[54.23928689061529,63.532341693438866],[54.39871077800592,63.55732603400061],[54.542668168858384,63.57755145255035],[54.63903633959451,63.596587140596995],[54.832962411569866,63.658453126748135],[55.023319292036106,63.72269857390617],[55.25650647060793,63.81192836162428],[55.32194164826835,63.83572297168214],[55.39451520894626,63.87498407827843],[55.51110879823132,63.91900410688682],[55.63722023154051,63.974921440522856],[55.733642439723326,64.03104259325667],[55.86808198655336,64.11551345896258],[56.12744323618834,64.23567623975666],[56.2821082015674,64.30824980043599],[56.492690500583464,64.396289857651],[56.584299749307846,64.43674069475038],[56.841281537937874,64.5342985959896],[57.07803790801799,64.61282080918227],[57.29456885954828,64.6663586818122],[57.58605283276222,64.71632736293482],[57.81448108932247,64.76272685254843],[58.21304080779905,64.81150580316803],[58.418864184803454,64.82340310819656],[58.66513839890689,64.80912634216291],[58.84002878283498,64.77700361858297],[58.8947563859696,64.76867550506361],[58.968519677149985,64.77581388808173],[59.05061108185113,64.79603930662961],[59.14222033057551,64.80079822864171],[59.25762418935811,64.78652146260629],[59.3623204736149,64.7603473915433],[59.4182378072521,64.74726035600999],[59.57290277263107,64.74607062550876],[59.65618390783469,64.75082954751998],[59.70972178046604,64.76748577455965],[59.80490022069952,64.77105496606963],[59.90364785244148,64.77938307958995],[59.983359796136796,64.78890092361327],[60.02619009424147,64.82816203020955],[60.0809176973753,64.85314637076954],[60.14873233604146,64.87337178931918],[60.26651565583069,64.91144316541246],[60.355745443549324,64.95189400251184],[60.42831900422715,64.99948322262844],[60.483046607360976,65.05302109525928],[60.52706663596902,65.07324651380989],[60.669834296318925,65.07324651380989],[60.7685819280608,65.07919516632413],[60.88755497835258,65.11012815939921],[60.99344099311185,65.1565276490137],[61.0648248232864,65.18389145058066],[61.13858811446758,65.23623959270847],[61.19926437011554,65.28501854332808],[61.26588927827933,65.30524396187774],[61.337273108453886,65.342125607468],[61.38724178957676,65.35521264300132],[61.44791804522481,65.40637105462613],[61.49907645685035,65.44920135273055],[61.6192392376453,65.50273922536147],[61.70133064234645,65.54556952346687],[61.79412962157339,65.59077928257825],[61.89049779230943,65.64669661621429],[61.942845934438225,65.71927017689177],[62.028506530647675,65.75972101399203],[62.08442386428477,65.77399778002658],[62.22362233312559,65.80849996461164],[62.25108731890555,65.82560988860678],[62.284399772987,65.83155854112188],[62.342696567630014,65.82204069709856],[62.45572096540678,65.8327482716231],[62.58540159022506,65.85297369017373],[62.655595689897055,65.86011207319184],[62.71151302353425,65.85297369017373],[62.785276314714636,65.8755785697285],[62.820968229801906,65.90175264079335],[62.82453742131101,65.94220347789272],[62.8316758043285,65.98860296750534],[62.86498825840995,66.02667434359863],[62.91495693953212,66.06950464170491],[62.922095322549524,66.11471440081462],[62.94232074109944,66.14088847187848],[62.967305081660925,66.1551652379148],[62.95659750713433,66.17895984797266],[62.997048344233264,66.2336874511057],[63.08508840144934,66.22892852909447],[63.15528250112142,66.21465176305905],[63.2088203737527,66.22654906808927],[63.315896119014525,66.34314265737521],[63.37538264416072,66.40857783503449],[63.37776210516655,66.45854651615808],[63.4039361762306,66.49066923973625],[63.49435569445171,66.50851519727891],[63.53361680104808,66.51565358029711],[63.58953413468528,66.5537249563904],[63.66567688687141,66.57989902745524],[63.71802502900029,66.58346821896336],[63.820341852250465,66.61321148153544],[63.95597112958288,66.63581636109119],[64.09516959842449,66.65842124064783],[64.22960914525363,66.67388773718447],[64.38189464962677,66.68935423372291],[64.52228284897085,66.74289210635382],[64.63768670775345,66.75478941138404],[64.79354140363577,66.75954833339436],[64.92084256744751,66.77977375194402],[65.03624642623011,66.83093216357061],[65.11833783093117,66.84639866010727],[65.24325953373707,66.85948569563968],[65.32535093843822,66.87257273117211],[65.35985312302294,66.91302356827148],[65.38602719408698,66.94157710034145],[65.4205293786717,66.95466413587289],[65.47168779029722,66.95228467486777],[65.52046674091693,66.93562844782625],[65.55853811701003,66.93562844782625],[65.5704354220391,66.94276683084445],[65.56210730851834,66.95942305788411],[65.56329703902169,66.97132036291441],[65.58709164907982,66.98083820693773],[65.6227835641671,66.97845874593075],[65.65133709623697,66.98559712894807],[65.66204467076348,66.99868416448138],[65.63706033020199,67.01653012202404],[65.59660949310314,67.03080688806035],[65.54783054248344,67.04746311510098],[65.50618997488124,67.05936042013032],[65.49548240035544,67.07601664717006],[65.496672130858,67.10457017924003],[65.5287948544369,67.14383128583631],[65.60136841511472,67.21640484651468],[65.66085494026021,67.27708110216281],[65.69059820283336,67.3163422087591],[65.7167722738973,67.36988008138994],[65.76436149401454,67.41390010999841],[65.81908909714828,67.44364337257139],[65.91783672889024,67.46981744363435],[66.00944597761462,67.5031298977174],[66.08796819080746,67.54833965682703],[66.1284190279063,67.59473914644063],[66.14507525494703,67.63162079203171],[66.19266447506345,67.66612297661686],[66.23073585115657,67.68872785617164],[66.26285857473545,67.72204031025282],[66.26523803574128,67.7660603388613],[66.26642776624455,67.79223440992605],[66.26642776624455,67.82911605551544],[66.2438228866889,67.84815174356208],[66.20575151059587,67.86361824010052],[66.19266447506345,67.87551554512905],[66.13674714142635,67.89574096367869],[66.09510657382486,67.90287934669689],[66.05465573672521,67.90287934669689],[65.99278975057389,67.92072530423955],[65.9297340339193,67.91834584323355],[65.85121182072726,67.9445199142983],[65.79053556507849,67.95284802781951],[65.7274798484239,67.94570964480131],[65.6679933232777,67.95641721932684],[65.63230140819041,67.95403775832162],[65.60255814561808,67.96474533284795],[65.56805596103327,67.96474533284795],[65.52760512393442,67.95998641083682],[65.43956506671826,67.97069398536314],[65.37888881106949,67.9861604818998],[65.37294015855537,68.00281670894124],[65.40030396012187,68.04207781553761],[65.44551371923328,68.0753902696188],[65.44551371923328,68.09323622716235],[65.48596455633212,68.1170308372202],[65.50975916639034,68.15391248281136],[65.57519434405076,68.18246601488133],[65.60136841511472,68.21101954695129],[65.59304030159396,68.23124496550005],[65.55734838650667,68.26217795857612],[65.52046674091693,68.32166448372206],[65.49905159186375,68.34426936327868],[65.47406725130305,68.35735639881023],[65.47049805979395,68.37520235635385],[65.48596455633212,68.39185858339529],[65.50024132236702,68.41684292395527],[65.50500024437868,68.44182726451622],[65.52998458494017,68.46324241356976],[65.49786186136119,68.4810883711134],[65.45384183275314,68.50964190318247],[65.40506288213354,68.56436950631719],[65.36937096704627,68.58340519436383],[65.35390447050801,68.614338187439],[65.26229522178363,68.66549659906471],[65.21351627116474,68.68810147862037],[65.18258327808832,68.71427554968521],[65.18813535376876,68.74873367017604],[65.1726688572314,68.77966666325298],[65.0644033814655,68.82844561387083],[65.04060877140728,68.85342995443257],[64.97636332425013,68.87365537298231],[64.97398386324438,68.88436294750863],[64.99182982078759,68.90934728807039],[64.94543033117452,68.94503920315677],[64.87523623150243,68.97359273522673],[64.79433455730384,68.99024896226817],[64.81218051484792,69.01523330283001],[64.7574529117133,69.043786834899],[64.72889937964342,69.06639171445386],[64.72548423955945,69.08528533529893],[64.71631693872784,69.09139686918564],[64.68881503623304,69.09292475265826],[64.65061794943587,69.0868132187697],[64.65672948332309,69.10514782043265],[64.67200831804202,69.10973147084857],[64.70562175442406,69.12501030556723],[64.67659196845777,69.13264972292745],[64.63381123124485,69.13264972292745],[64.63228334777266,69.14334490723097],[64.66131313373894,69.15404009153369],[64.68881503623304,69.16320739236556],[64.70562175442406,69.18001411055685],[64.68117561887362,69.18612564444445],[64.67506408498639,69.2014044791631],[64.70714963789625,69.1983487122206],[64.76215344288524,69.21362754693925],[64.81562936440206,69.22737849818527],[64.85077068425636,69.24724098332173],[64.81715724787423,69.25946405109602],[64.7759043941327,69.26099193456865],[64.74381884122204,69.27474288581467],[64.78354381149211,69.27474288581467],[64.83701973300892,69.26557558498459],[64.88743988758198,69.25946405109602],[64.90424660577308,69.26404770151204],[64.93480427521156,69.25946405109602],[64.94855522645821,69.2625198180403],[64.95466676034624,69.27168711887225],[64.98064077936895,69.26863135192798],[64.93633215868294,69.28543807011917],[64.89202353799783,69.29918902136521],[64.8477149173119,69.30835632219707],[64.83701973300892,69.31752362302814],[64.80646206357045,69.32974669080428],[64.7575697924694,69.34196975857867],[64.66895255109836,69.36641589413097],[64.58491896014317,69.3908620296815],[64.53144303862636,69.39850144703993],[64.49019018488481,69.42600334953474],[64.4275469625364,69.43058699995068],[64.36643162366026,69.4443379511967],[64.31448358561484,69.48100715452347],[64.2625355475703,69.505453290074],[64.14947217064874,69.51614847437664],[64.04099244414301,69.53142730909707],[63.97070980443448,69.54212249339979],[63.872925262232556,69.55740132811934],[63.82097722418713,69.55892921159187],[63.811809923355526,69.56656862895032],[63.70944173073784,69.59407053144423],[63.63304755714198,69.61087724963544],[63.53526301494004,69.60323783227699],[63.45428519092843,69.61546090005137],[63.37177948344534,69.64296280254618],[63.333582396647444,69.64907433643386],[63.27399494124269,69.63226761824355],[63.246493038748596,69.6062935992204],[63.20829595195062,69.6062935992204],[63.13037389488346,69.61851666699476],[63.04786818739957,69.62615608435499],[62.960778829500725,69.6337955017152],[62.930221160062956,69.64907433643386],[62.89813560715231,69.6704647050401],[62.832436617860324,69.69185507364723],[62.77896069634352,69.69185507364723],[62.668953086365605,69.69338295711889],[62.61394928137662,69.69338295711889],[62.517692622646166,69.69796660753491],[62.450465749882696,69.69643872406317],[62.35420909115224,69.69643872406317],[62.277814917556384,69.69643872406317],[62.23503418034265,69.6872714232313],[62.21822746215163,69.67657623892858],[62.18308614229812,69.67199258851264],[62.167807307578485,69.67810412240031],[62.164751540634825,69.69185507364723],[62.137249638140815,69.69796660753491],[62.09446890092708,69.70560602489513],[62.039465095938084,69.70866179183754],[61.9829334074777,69.71018967531106],[61.95848727192647,69.69796660753491],[61.92487383554433,69.7010223744792],[61.88667674874716,69.69796660753491],[61.90501135040965,69.71324544225348],[61.84847966194927,69.7178290926695],[61.81028257515139,69.72088485961369],[61.78736432307234,69.737691577804],[61.764446070994,69.74838676210851],[61.732360518084135,69.74380311169257],[61.68499613045465,69.74380311169257],[61.668189412263544,69.72699639350137],[61.633048092409226,69.73005216044565],[61.62235290810624,69.74227522822002],[61.60401830644294,69.74533099516431],[61.56734910311724,69.74685887863596],[61.5077616477124,69.75449829599617],[61.44053477494823,69.75449829599617],[61.36872425176901,69.76519348029882],[61.31524833025149,69.76213771335462],[61.29385796164543,69.77130501418738],[61.28621854428512,69.79116749932108],[61.246493574015844,69.7988069166813],[61.18537823513971,69.80797421751228],[61.13495808056648,69.82478093570445],[61.0768985086339,69.8461713043107],[61.06009179044288,69.8461713043107],[61.044812955723245,69.82325305223182],[61.01272740281331,69.81561363487249],[60.97758608295899,69.81561363487249],[60.94397264657687,69.84005977042303],[60.89355249200371,69.85381072167091],[60.823269852295965,69.84464342083896],[60.75604297953171,69.83700400347874],[60.72090165967819,69.81714151834414],[60.73159684398128,69.79422326626536],[60.725485310094044,69.77741654807505],[60.7300689605098,69.75144252905278],[60.70867859190294,69.73310792738994],[60.68117668940812,69.72394062655798],[60.679648805936736,69.69949449100744],[60.68728822329615,69.68421565628702],[60.68881610676755,69.65518587032233],[60.66436997121701,69.64754645296212],[60.64145171913876,69.65824163726572],[60.63992383566658,69.66740893809671],[60.6200613505319,69.67810412240031],[60.56658542901518,69.66740893809671],[60.49935855625091,69.66282528768077],[60.41685284876792,69.66740893809671],[60.337402908228384,69.66588105462417],[60.26864815199204,69.6536579868498],[60.20142127922786,69.63226761824355],[60.18614244450903,69.6139330165806],[60.20294916270005,69.6062935992204],[60.21670011394741,69.59559841491678],[60.21517223047522,69.58031958019812],[60.17850302714952,69.57726381325392],[60.17697514367734,69.56351286200604],[60.192253978396266,69.54976191075912],[60.21211646353166,69.52684365868113],[60.21822799741888,69.50086963965798],[60.25642508421677,69.49170233882612],[60.28698275365524,69.49475810577039],[60.30073370490197,69.49323022229963],[60.29767793795831,69.4748956206358],[60.28392698671166,69.45656101897295],[60.30990100573358,69.43211488342233],[60.33281925781263,69.42141969911881],[60.34657020905928,69.39850144703993],[60.380183645441406,69.38933414620807],[60.40157401404828,69.37099954454513],[60.427548033070906,69.36947166107348],[60.442826867789734,69.3465534089946],[60.47949607111623,69.33433034122022],[60.53755564304889,69.31141208914136],[60.53755564304889,69.29154960400676],[60.58644791414986,69.25335251720843],[60.6383959521952,69.21057177999496],[60.668953621632866,69.17084680972579],[60.68423245635249,69.12348242209647],[60.72854107703762,69.0776459179396],[60.751459329116756,69.06236708321917],[60.76062662994755,69.07153438405113],[60.75451509606033,69.08528533529805],[60.76673816383558,69.10973147084857],[60.772849697722734,69.12806607251152],[60.79882371674553,69.12959395598317],[60.826325619240336,69.12195453862472],[60.870634239925465,69.1036199369609],[60.89355249200371,69.08528533529805],[60.91035921019483,69.05625554933158],[60.92105439449861,69.0302815303102],[60.9134149771392,68.99361232698354],[60.887440958116485,68.97374984184894],[60.870634239925465,68.95847100713037],[60.89355249200371,68.93860852199391],[60.90730344325125,68.91874603685932],[60.931749578801686,68.90346720214164],[60.95466783088074,68.87902106659112],[60.98064184990345,68.85457493103961],[60.9867533837906,68.8377682128493],[60.95925148129659,68.83624032937587],[60.917998627555036,68.84540763020775],[60.88285730770072,68.85304704756796],[60.84924387131859,68.86832588228661],[60.801879483689106,68.8912441343655],[60.75604297953171,68.88054895006277],[60.73923626134069,68.86068646492818],[60.725485310094044,68.83012879548909],[60.68270457288031,68.81943361118556],[60.6200613505319,68.81484996076954],[60.57575272984678,68.80873842688284],[60.54977871082407,68.7934595921624],[60.52227680832925,68.76290192272421],[60.45810570250946,68.73845578717368],[60.360321160306725,68.7155375350949],[60.27628756935145,68.71248176815239],[60.14641747423887,68.71248176815239],[60.0440492816211,68.70025870037624],[59.97835029232911,68.69414716648856],[59.94320897247479,68.70178658384789],[59.86223114846318,68.70789811773645],[59.839312896384925,68.72012118551083],[59.79806004264337,68.71248176815239],[59.74916777154242,68.70484235079218],[59.70333126738511,68.70484235079218],[59.66360629711495,68.70484235079218],[59.64527169545174,68.68039621524164],[59.651383229339686,68.65442219621946],[59.63152074420509,68.63150394414059],[59.62999286073291,68.61622510942193],[59.654438996283346,68.62233664330863],[59.68194089877824,68.6284481771963],[59.706387034328685,68.61775299289269],[59.69874761696926,68.6009462747015],[59.68346878224963,68.57344437220758],[59.70791491780007,68.53677516888179],[59.72472163599117,68.52455210110742],[59.73847258723862,68.49857808208337],[59.73541682029496,68.46954829611691],[59.71555433516028,68.43135120931947],[59.67888513183378,68.40690507376894],[59.64679957892393,68.38398682169006],[59.62388132684568,68.35954068613954],[59.581100589631944,68.36106856961209],[59.542903502833965,68.36106856961209],[59.44970261104709,68.35801280266789],[59.429840125912406,68.37176375391569],[59.38247573828292,68.37940317127591],[59.34275076801356,68.37176375391569],[59.27857966219295,68.37176375391569],[59.229687391091986,68.38704258863434],[59.17009993568723,68.39162623905028],[59.09370576209217,68.40843295724059],[59.011200054608366,68.43135120931947],[58.96383566697959,68.46190887875855],[58.968419317395444,68.4832992473648],[58.991337569473686,68.51996845069148],[59.00050487030529,68.54747035318451],[58.98369815211427,68.5642770713766],[58.94855683225995,68.58566743998382],[58.917999162822284,68.60705780859007],[58.92411069670952,68.61469722595028],[58.96230778350741,68.61316934247765],[58.99744910336172,68.60247415817413],[59.02342312238363,68.60247415817413],[59.03411830668742,68.61775299289269],[59.04939714140626,68.64525489538751],[59.03717407363108,68.65747796316276],[59.03717407363108,68.66664526399376],[59.04786925793488,68.67275679788142],[59.009672171136984,68.69109139954428],[59.005088520721145,68.71248176815239],[59.04786925793488,68.73540002023125],[59.09523364556365,68.746095204533],[59.13343073236153,68.75067885494991],[59.176211469575264,68.73540002023125],[59.218992206789,68.72470483592676],[59.251077759698944,68.71095388468073],[59.280107545665146,68.70789811773645],[59.31219309857508,68.71248176815239],[59.32594404982254,68.71859330203908],[59.3106652151037,68.73387213675863],[59.257189293586094,68.74762308800564],[59.22052009026039,68.75526250536585],[59.23121527456426,68.76290192272421],[59.26941236136135,68.76595768966848],[59.29385849691268,68.77512499050044],[59.29385849691268,68.79040382521902],[59.26177294400193,68.79040382521902],[59.229687391091986,68.78734805827473],[59.21440855637316,68.79651535910669],[59.206769139012934,68.81637784424129],[59.18537877040687,68.81637784424129],[59.16398840180001,68.8041547764669],[59.13343073236153,68.80262689299525],[59.12731919847431,68.81332207729878],[59.12731919847431,68.82860091201744],[59.10287306292307,68.83318456243336],[59.09217787861999,68.84082397979181],[59.10440094639526,68.86068646492818],[59.057036558765674,68.8744374161742],[59.01578370502422,68.88971625089286],[58.96230778350741,68.90652296908495],[58.927166463653094,68.9080508525558],[58.89813667768681,68.92485757074789],[58.86605112477696,68.92485757074789],[58.835493455338394,68.92485757074789],[58.83243768839482,68.93860852199391],[58.86605112477696,68.94013640546655],[58.89202514379957,68.94624793935412],[58.90119244463118,68.96305465754533],[58.934805881013304,68.97680560879323],[59.00050487030529,68.97680560879323],[59.09523364556365,68.98138925920915],[59.16398840180001,68.98597290962331],[59.22815950761981,68.98291714268089],[59.266356594417786,68.99208444351189],[59.266356594417786,68.9997238608721],[59.206769139012934,69.01194692864647],[59.16093263485564,69.00583539475969],[59.0906499951478,68.99819597739946],[59.02342312238363,68.9997238608721],[58.951612599204324,69.01347481211812],[58.859939590889724,69.01347481211812],[58.7713223495186,69.00736327823044],[58.68728875856341,68.99514021045519],[58.59315416021086,68.9763811967168],[58.52253199084247,68.9546512984507],[58.47300448896338,68.92100519455464],[58.4120915027362,68.90882259731004],[58.35361503595867,68.88567566254362],[58.28904727055823,68.85765568887831],[58.243971660750844,68.8454730916337],[58.21716994681073,68.85400090970506],[58.163566518931304,68.85278264998031],[58.10996309105195,68.83694527356147],[58.04905010482547,68.83572701383761],[58.01981187143632,68.81867137769405],[57.993010157497,68.78090532623264],[57.96620844355688,68.74679405394636],[57.91016849622849,68.74435753449688],[57.866311146145236,68.72364711918084],[57.80417990019454,68.7199923400067],[57.723774758375086,68.71268278166009],[57.660425252699554,68.71633756083335],[57.620222681789386,68.71633756083335],[57.57149229280803,68.70902800248497],[57.53859928024579,68.69197236634317],[57.49108715098929,68.67613498992336],[57.43626546338501,68.66029761350451],[57.43017416476289,68.64567849681042],[57.39606289247564,68.63471415928959],[57.38388029523051,68.62374982176875],[57.3680429188114,68.60913070507466],[57.3424594645963,68.58598377030735],[57.29372907561486,68.56770987443991],[57.25596302415454,68.56527335499042],[57.227943050489586,68.55552727719443],[57.188958739305136,68.54334467994974],[57.16337528508994,68.53116208270416],[57.12682749335373,68.53116208270416],[57.09271622106657,68.52994382297852],[57.017184118145906,68.52872556325565],[56.9599259110925,68.53359860215365],[56.884393808171936,68.53603512160224],[56.832008640016625,68.54334467994974],[56.793024328831365,68.56040031609243],[56.75404001764612,68.58232899113409],[56.71871048563483,68.59816636755293],[56.66510705775539,68.60060288700144],[56.607848850702084,68.61400374397266],[56.55911846172074,68.61400374397266],[56.546935864475515,68.60425766617657],[56.45312986568679,68.59329332865485],[56.382470801663416,68.57623769251126],[56.31668477653885,68.57989247168462],[56.21678747912712,68.57989247168462],[56.18389446656488,68.58476551058261],[56.148564934553505,68.60060288700144],[56.12054496088926,68.61400374397266],[56.06572327328509,68.62862286066684],[56.006028546782645,68.63958719818758],[55.9780085731184,68.63227763984099],[55.94998859945416,68.63715067873908],[55.90978602854487,68.62862286066684],[55.885420834053804,68.6103489647994],[55.83912696452141,68.60669418562428],[55.78796005609102,68.59572984810345],[55.7611583421518,68.57501943278652],[55.71364621289449,68.57258291333801],[55.6941540573023,68.56161857581716],[55.6783166808832,68.56161857581716],[55.63689585024899,68.55187249802108],[55.60278457796254,68.56040031609243],[55.574764604298295,68.56040031609243],[55.552835929256275,68.56283683554192],[55.49801424165281,68.56405509526667],[55.439537774874566,68.56527335499042],[55.377406528923885,68.55674553691908],[55.32502136076866,68.54456293967448],[55.26289011481725,68.52628904380614],[55.21659624528496,68.50679688821307],[55.20685016748878,68.49217777151802],[55.17395715492654,68.48852299234476],[55.156901518783314,68.48486821317141],[55.148373700711346,68.47024909647732],[55.125226765945186,68.46050301868122],[55.08015115613773,68.45075694088513],[55.07771463668877,68.43613782419104],[55.072841597790685,68.42151870749508],[55.05091292274865,68.42151870749508],[55.02289294908441,68.43126478529295],[54.997309494869214,68.43126478529295],[54.975380819827194,68.41664566859708],[54.95588866423492,68.39593525328016],[54.94248780726495,68.37644309768797],[54.91934087249871,68.36669701989189],[54.9083765349785,68.3520779031978],[54.87792004186531,68.33989530595133],[54.864519184895244,68.32527618925724],[54.875483522415465,68.31674837118588],[54.862082665446195,68.3094388128384],[54.885229600212355,68.29847447531756],[54.913249573876584,68.28629187807286],[54.93883302809178,68.27410928082737],[54.944924326714,68.25218060578659],[54.924213911396805,68.23268845019263],[54.903503496080404,68.2168510737738],[54.88766611966139,68.19979543763111],[54.897412197457484,68.17055720424283],[54.87792004186531,68.15106504864887],[54.846245289027095,68.14010071112804],[54.8157887959139,68.14375549030316],[54.780459263902614,68.13644593195478],[54.768276666656675,68.14619200975078],[54.70492716098107,68.15593808754687],[54.69396282346014,68.17055720424283],[54.641577655305625,68.18030328203892],[54.612339421916474,68.19614065845687],[54.58553770797715,68.22781541129454],[54.5879742274262,68.24121626826576],[54.51122386478062,68.29360143641946],[54.47589433276853,68.2972562155937],[54.432036982685986,68.28020057945012],[54.41619960626697,68.26679972248068],[54.37234225618363,68.2448710474391],[54.34310402279455,68.23025193074403],[54.28706407546608,68.23025193074403],[54.24807976428082,68.24852582661147],[54.21884153089255,68.26314494330742],[54.18594851833022,68.26436320303128],[54.14696420714506,68.26192668358269],[54.10676163623488,68.23025193074403],[54.07143210422359,68.21928759322329],[54.02879301386517,68.22416063212128],[53.9885904429558,68.2144145543252],[53.903312262238245,68.20832325570245],[53.84727231490986,68.18639458066167],[53.78148628978448,68.19248587928352],[53.74981153694716,68.21563281404906],[53.72666460218093,68.25218060578659],[53.74372023832416,68.32283966980953],[53.751029796671205,68.34476834485119],[53.766867173090304,68.35816920182054],[53.7875775884075,68.36547876016812],[53.84361753573589,68.37766135741272],[53.86310969132887,68.39349873383156],[53.83387145793971,68.41542740887411],[53.811942782898484,68.44710216171188],[53.80463322455064,68.47390387565066],[53.77904977033553,68.47755865482392],[53.7766132508864,68.49583255069224],[53.74250197860003,68.51897948545769],[53.690116810444806,68.53968990077648],[53.65478727843343,68.55065423829633],[53.63285860339141,68.53968990077648],[53.60849340890114,68.53968990077648],[53.589001253308865,68.54456293967448],[53.56585431854272,68.55065423829633],[53.56950909771588,68.55796379664383],[53.59874733110496,68.56649161471518],[53.618239486697234,68.6018211467262],[53.634076863116334,68.62984112039159],[53.664533356229526,68.63471415928959],[53.698644628516774,68.64324197736093],[53.73519242025219,68.64324197736093],[53.764430653641355,68.66151587322837],[53.770521952264275,68.69684540524116],[53.76808543281523,68.7224288594561],[53.78514106895845,68.73826623587502],[53.805851484275564,68.75044883311962],[53.83387145793971,68.75044883311962],[53.852145353807856,68.75044883311962],[53.854581873256905,68.76994098871181],[53.86920098995108,68.77115924843655],[53.88869314554407,68.76994098871181],[53.9008757427892,68.78334184568213],[53.89356618444215,68.8003974818266],[53.86189143160395,68.80161574154948],[53.82047060096974,68.80161574154948],[53.713263745210966,68.8174531179693],[53.64138642146338,68.82476267631678],[53.61336644779914,68.82110789714352],[53.627985564493315,68.8052705207246],[53.64138642146338,68.79186966375339],[53.612148188074215,68.78943314430576],[53.58412821441007,68.8003974818266],[53.55732650047075,68.80648878044934],[53.524433487908425,68.81379833879595],[53.52808826708167,68.82719919576539],[53.5597630199198,68.82719919576539],[53.589001253308865,68.82841745549013],[53.60727514917622,68.85156439025556],[53.579255175511975,68.86618350695153],[53.62433078532024,68.88811218199311],[53.698644628516774,68.9051678181358],[53.782704549509404,68.91735041538138],[53.905748781687294,68.93075127235073],[54.026356494416135,68.9478069084944],[54.12259901265389,68.95024342794291],[54.18716677805435,68.94537038904491],[54.217623271167625,68.95146168766766],[54.28462755601703,68.959989505739],[54.317520568579354,68.964862544637],[54.35894139921356,68.964862544637],[54.39792571039891,68.964862544637],[54.441783060482166,68.96851732381212],[54.48564041056542,68.96242602518849],[54.54289861761802,68.964862544637],[54.55751773431291,68.98069992105593],[54.5051325661576,68.98922773912905],[54.412544827093,68.99166425857766],[54.289500594915125,68.98922773912905],[54.11650771403177,68.98435470023105],[53.9995547804761,68.98435470023105],[53.84118101628684,68.95755298629041],[53.69620810906774,68.94415212932017],[53.58412821441007,68.92709649317747],[53.50250481286639,68.90882259731004],[53.428190969669856,68.9002947792378],[53.36727798344337,68.88445740281799],[53.30514673749197,68.86618350695153],[53.247888530439454,68.84912787080697],[53.207685959529286,68.83938179301087],[53.19915814145803,68.81867137769405],[53.207685959529286,68.80648878044934],[53.232051154020354,68.7930879234791],[53.25154330961254,68.78334184568213],[53.28321806245074,68.78334184568213],[53.31245629583911,68.76506794981371],[53.29905543886984,68.75532187201772],[53.25154330961254,68.76141317064045],[53.216213777601254,68.75532187201772],[53.196721622009065,68.73826623587502],[53.15408253164985,68.7224288594561],[53.11266170101564,68.71146452193534],[53.08951476624949,68.71877408028284],[53.126062557985605,68.73826623587502],[53.158955570547946,68.76019491091571],[53.186975544212174,68.7748140276098],[53.16991990806895,68.7930879234791],[53.15530079137477,68.81988963741878],[53.11266170101564,68.80405226099985],[53.0590582731362,68.78090532623264],[52.98596268966459,68.7626314303652],[52.89337495059999,68.73826623587502],[52.80687851015823,68.71268278166009],[52.74840204338079,68.6895358468928],[52.681397758531304,68.6724802107492],[52.643631707070256,68.65664283433125],[52.579063941670526,68.65176979543317],[52.54373440965844,68.63715067873908],[52.47307534563586,68.62984112039159],[52.39632498299028,68.59816636755293],[52.32444765924279,68.57867421196076],[52.258661634118226,68.56040031609243],[52.225768621555986,68.55309075774582],[52.231859920178195,68.54699945912307],[52.25744337439339,68.54821771884782],[52.30130072447665,68.54821771884782],[52.352467632907036,68.54699945912307],[52.415817138582554,68.54578119939833],[52.48403968315688,68.54578119939833],[52.568099604149594,68.54212642022499],[52.6095204347838,68.54212642022499],[52.632667369549964,68.5177612257348],[52.64972300569319,68.49339603124275],[52.68627079742939,68.48486821317141],[52.77033071842202,68.48486821317141],[52.81296980878044,68.47024909647732],[52.82027936712829,68.44953868116039],[52.79469591291229,68.43370130474067],[52.778858536493985,68.4044630713524],[52.778858536493985,68.38862569493355],[52.736219446134854,68.36547876016812],[52.727691628063596,68.34355008512645],[52.67165168073521,68.3094388128384],[52.624139551477995,68.28994665724622],[52.607083915334854,68.26801798220544],[52.57784568194569,68.25583538495994],[52.568099604149594,68.23877974881538],[52.47673012480975,68.20101369735487],[52.43165451500157,68.19248587928352],[52.42190843720557,68.17908502231418],[52.44749189142067,68.16568416534483],[52.448710151144795,68.14984678892412],[52.41703539830739,68.13157289305668],[52.39997976216425,68.10842595829125],[52.370741528775184,68.08284250407632],[52.30373724392568,68.05360427068626],[52.3049555036506,68.09380684159716],[52.32688417869184,68.13644593195478],[52.33906677593697,68.17664850286558],[52.40728932051138,68.21806933349853],[52.48891272205498,68.26314494330742],[52.5266787735153,68.29481969614422],[52.56322656525151,68.33014922815524],[52.59611957781375,68.36547876016812],[52.61195695423285,68.39228047410681],[52.56931786387372,68.4203004477722],[52.487694462330055,68.45441172005849],[52.40485280106235,68.46781257702783],[52.328102438416764,68.4897412520695],[52.283026828608584,68.50923340766168],[52.25744337439339,68.53359860215365],[52.21967732293297,68.53603512160224],[52.17581997284971,68.54578119939833],[52.09663309075518,68.53481686187838],[52.00404535169049,68.5177612257348],[51.91633065152389,68.50679688821307],[51.856635925022246,68.4946142909675],[51.79206815962189,68.49095951179424],[51.732373433119534,68.47146735620206],[51.6848613038631,68.46415779785457],[51.626384837084785,68.44832042143565],[51.61176572039069,68.42882826584258],[51.56790837030735,68.42639174639496],[51.54963447443929,68.41542740887411],[51.49481278683574,68.4044630713524],[51.48750322848859,68.38740743520881],[51.45339195620143,68.37644309768797],[51.44364587840535,68.36182398099388],[51.34009380181965,68.35938746154528],[51.31938338650254,68.35085964347216],[51.29014515311418,68.35938746154528],[51.185374816804355,68.36060572127002],[51.09035055829071,68.36060572127002],[50.990453260879065,68.36304224071863],[50.96730632611283,68.35573268237202],[50.94903243024477,68.36426050044338],[50.913702898233396,68.38009787686221],[50.89908378153851,68.4020265519029],[50.871063807874265,68.3995900324535],[50.841825574485895,68.39228047410681],[50.81502386054588,68.37766135741272],[50.779694328534504,68.37522483796421],[50.780912588258616,68.36669701989189],[50.8052777827497,68.35451442264728],[50.82598819806688,68.34476834485119],[50.841825574485895,68.33624052677807],[50.80162300357573,68.33502226705332],[50.77603954936062,68.34476834485119],[50.748019575696375,68.32771270870761],[50.74071001734933,68.30578403366505],[50.666396174152794,68.2923831766957],[50.648122278284646,68.28020057945012],[50.62984838241658,68.26436320303128],[50.62253882406945,68.2448710474391],[50.601828408752354,68.24365278771347],[50.605483187926225,68.26558146275603],[50.57989973371103,68.26192668358269],[50.48853025437056,68.23025193074403],[50.423962488970915,68.20345021680436],[50.38010513888766,68.20345021680436],[50.35452168467238,68.19004935983502],[50.291172178996135,68.16812068479334],[50.24244179001471,68.14741026947553],[50.23878701084162,68.12791811388246],[50.17300098571705,68.1145172569131],[50.13767145370497,68.09746162077042],[50.14254449260386,68.08527902352483],[50.17178272599213,68.08162424435157],[50.170564466268004,68.05969556930901],[50.154727089848905,68.0414216734407],[50.14010797315402,68.03898515399209],[50.13158015508276,68.05482253041102],[50.107214960591776,68.06822338738036],[50.093814103621625,68.08527902352483],[50.06213935078431,68.07675120545349],[50.025591559048095,68.05969556930901],[49.9792976895158,68.04385819289018],[49.91107514494219,68.02071125812465],[49.847725639266656,68.01096518032865],[49.785594393315264,67.99756432335832],[49.74173704323201,67.98416346638898],[49.70640751122072,67.97198086914251],[49.705189251495796,67.95858001217307],[49.691788394525744,67.95979827189693],[49.68691535562765,67.97563564831763],[49.678387537556475,67.98903650528698],[49.62843888885021,67.97076260941776],[49.55412504565368,67.96223479134642],[49.41646169678161,67.92325048016205],[49.28001660763367,67.89888528567187],[49.187428868568986,67.86842879255707],[49.09727764895344,67.8489366369649],[49.01443598768573,67.84284533834214],[48.934030845866175,67.8440635980669],[48.85484396377154,67.85380967586298],[48.7902761983711,67.86721053283233],[48.73301799131778,67.88670268842628],[48.67819630371423,67.91594092181457],[48.65748588839712,67.93299655795815],[48.61728331748775,67.93908785658],[48.60510072024181,67.93056003850866],[48.62093809666092,67.90863136346796],[48.64530329115199,67.89644876622238],[48.67210500509131,67.88304790925304],[48.70256149820459,67.86842879255707],[48.73789103021659,67.84771837724014],[48.75372840663489,67.83066274109746],[48.770784042778914,67.81848014385196],[48.78540315947309,67.80507928688253],[48.77200230250304,67.79898798825978],[48.77200230250304,67.77827757294196],[48.77322056222796,67.76244019652313],[48.778093601126045,67.7514758590023],[48.76347448443187,67.73198370341011],[48.752510146910765,67.71127328809318],[48.768347523329865,67.71005502836755],[48.80855009423925,67.71736458671602],[48.86459004156764,67.71858284644077],[48.88164567771166,67.70396372974659],[48.85606222349567,67.68568983387738],[48.819514431760254,67.67716201580514],[48.78418489974898,67.67959853525463],[48.736672770491666,67.68203505470412],[48.70987105655243,67.68081679497936],[48.69525193985746,67.68568983387738],[48.711089316276556,67.69787243112384],[48.67332326481623,67.69787243112384],[48.62946591473289,67.69056287277546],[48.586826824374555,67.67472549635653],[48.57951726602671,67.65279682131495],[48.54906077291342,67.65766986021295],[48.518604279800144,67.66497941856045],[48.51494950062697,67.67350723663179],[48.495457345033984,67.67228897690704],[48.46378259219658,67.6515785615911],[48.435762618532436,67.64792378241685],[48.307845347455654,67.66132463938719],[48.307845347455654,67.66985245745853],[48.28348015296538,67.68203505470412],[48.25302365985219,67.66863419773378],[48.23718628343309,67.65401508103969],[48.214039348666944,67.641832483795],[48.19211067362562,67.64426900324361],[48.17627329720652,67.64792378241685],[48.1811463361047,67.63086814627417],[48.175055037481684,67.61381251012969],[48.162872440236555,67.60893947123161],[48.14825332354236,67.62477684765142],[48.13607072629644,67.6467055226931],[48.11292379153028,67.6467055226931],[48.11292379153028,67.62843162682468],[48.10561423318323,67.62843162682468],[48.09464989566294,67.641832483795],[48.075157740069955,67.641832483795],[48.07393948034583,67.6320864059989],[48.056883844201806,67.63330466572366],[48.04348298723255,67.6467055226931],[47.993534338526274,67.66254289911105],[47.98378826073019,67.64061422407026],[47.952113507892065,67.62234032820282],[47.93018483285084,67.60041165316125],[47.887545742491625,67.59188383508803],[47.8656170674504,67.5760464586692],[47.83150579516314,67.55655430307701],[47.82175971736706,67.53706214748492],[47.84734317158225,67.52975258913831],[47.88023618414458,67.52853432941356],[47.897291820288515,67.51878825161748],[47.87779966469553,67.51391521271938],[47.85952576882738,67.51026043354426],[47.83272405488806,67.51269695299465],[47.82297797709198,67.476149161258],[47.84003361323521,67.476149161258],[47.858307509103255,67.46274830428864],[47.854652729929384,67.4286370320005],[47.83272405488806,67.39330749998948],[47.809577120121915,67.3689423054993],[47.83759709378616,67.36285100687655],[47.825414496541015,67.35554144852995],[47.793739743702815,67.35188666935483],[47.76328325058962,67.34214059155875],[47.76571977003866,67.31290235817046],[47.78033888673285,67.29584672202688],[47.764501510314545,67.28853716368027],[47.76328325058962,67.2763545664347],[47.773029328385704,67.24224329414842],[47.74257283527251,67.20935028158503],[47.69871548518917,67.19351290516619],[47.64998509620783,67.18863986626819],[47.6585129142798,67.1715842301255],[47.65120335593275,67.16061989260467],[47.688969407393074,67.14721903563346],[47.72673545885341,67.14234599673546],[47.77181106866159,67.12772688004127],[47.80226756177487,67.12529036059186],[47.82175971736706,67.11067124389768],[47.870490106348484,67.09483386747974],[47.88145444386967,67.08021475078378]]]]}},{"type":"Feature","properties":{"kind":"district","id":"uyezd-1897-669","name":"Холмогорский","provinceId":"gubernia-1897-93"},"geometry":{"type":"MultiPolygon","coordinates":[[[[40.20421415698846,63.72477786716899],[40.18041954693034,63.72001894515688],[40.14591736234553,63.72715732817411],[40.12569194379651,63.723588136665896],[40.09237948971426,63.706931909625354],[40.00552916300154,63.72001894515688],[39.95080155986763,63.71763948415079],[39.89012530421886,63.698603796104145],[39.6343332460922,63.52728260368525],[39.486806663730626,63.308372191147974],[39.54986238038522,63.29171596410832],[39.5748467209467,63.27030081505469],[39.66288677816207,63.26316243203836],[39.692630040735125,63.27743919807192],[39.766393331915594,63.29647488611856],[39.82350039605597,63.29528515561644],[39.915109644780344,63.21676294242386],[39.97578590042911,63.20248617638843],[40.063825957644475,63.206055367897534],[40.17804008592451,63.20367590689233],[40.29939259722203,63.17988129683269],[40.36006885287088,63.20129644588535],[40.40765807298713,63.19415806286901],[40.44453971857777,63.15846614778093],[40.60277387546513,63.152517495265734],[40.65512201759313,63.107307736156116],[40.71698800374516,63.06685689905673],[40.69795231569861,63.03949309748986],[40.64798363457572,62.993093607875366],[40.63370686854074,62.941935196250554],[40.63965552105567,62.89315624563094],[40.62180956351168,62.84675675601645],[40.59563549244764,62.827721067969804],[40.576599804401084,62.79797780539684],[40.6384657905524,62.76704481232167],[40.66107284611267,62.69942492606512],[40.68724691717662,62.6887173515388],[40.72888748477892,62.63755893991397],[40.78242535741019,62.62209244337555],[40.84072215205312,62.60662594683801],[40.87760379764296,62.576882684265925],[40.93946978379499,62.54713942169296],[40.97516169888227,62.52334481163324],[41.00371523095214,62.499550201575374],[41.042976337548524,62.47694532202061],[41.089375827162385,62.4650480169903],[41.12863693375797,62.48765289654693],[41.15956992683438,62.481704244031825],[41.18812345890426,62.44482259844243],[41.17860561488094,62.39842310882705],[41.19645157242422,62.3817668817874],[41.25950728907881,62.36154146323766],[41.33466128896306,62.39265657580743],[41.45482406975732,62.43548687391193],[41.52739763043523,62.412881994357164],[41.56903819803735,62.424779299385605],[41.635663106201136,62.430727951900714],[41.665406368773475,62.459281483971566],[41.665406368773475,62.47831717201821],[41.71537504989645,62.5116296260985],[41.74868750397789,62.51638854811149],[41.839107022199,62.613946449350806],[41.87479893728628,62.62108483236714],[41.87836812879538,62.64487944242589],[41.90216273885359,62.67462270499894],[41.92357788790598,62.67462270499894],[41.937854653940875,62.682950818519174],[41.92952654042091,62.6924686625416],[41.962838994502356,62.70912488958402],[41.97116710802312,62.73410923014488],[42.00328983160129,62.750765457184535],[41.979495221543075,62.76861141472817],[41.942613575952535,62.75314491819152],[41.89978327784776,62.751955187688516],[41.87836812879538,62.76385249271696],[41.85576324923973,62.76385249271696],[41.81412268163832,62.82214928735998],[41.774861575041854,62.838805514401415],[41.76058480900704,62.85546174144107],[41.812932951134954,62.89710230904434],[41.934285462432484,62.89710230904434],[41.934285462432484,62.93755314614373],[41.948562228467466,62.953019642680374],[42.01875632813946,62.95658883419037],[42.01994605864202,63.04819808291448],[41.9473724979641,63.049387813416594],[41.942613575952535,63.08151053699477],[41.952131419975764,63.10649487755741],[41.9473724979641,63.154084097674016],[41.93071627092347,63.19572466527551],[42.06872500926171,63.23617550237392],[42.14724722245447,63.23141658036368],[42.14367803094537,63.12196137409406],[42.18888779005588,63.10292568604742],[42.19126725106171,63.08864892001297],[42.21863105262902,63.07913107598965],[42.23290781866392,63.09221811152109],[42.275738116768686,63.07794134548656],[42.29477380481604,63.07794134548656],[42.31856841487425,63.08270026749777],[42.40541874158697,63.08270026749777],[42.531530174896155,63.076751614984445],[42.550565862942705,63.129099757112265],[42.79089142453121,63.120771643591056],[42.8123065735836,63.15884301968434],[42.855136871689076,63.15765328918223],[42.868223907220695,63.16717113320555],[42.89439797828474,63.16717113320555],[42.87655202074146,63.19334520427039],[42.78256331101116,63.190965743263405],[42.77185573648457,63.212380892317036],[42.76471735346717,63.230226849860586],[42.77661465849623,63.24926253790634],[42.824203878612664,63.26115984293665],[42.90629528331381,63.2778160699763],[42.95031531192184,63.29447229701694],[42.97054073047167,63.29209283601173],[42.99076614902069,63.27067768695997],[43.002663454049845,63.24450361589513],[43.04192456064622,63.23974469388302],[43.05977051819022,63.240934424387],[43.03240671662299,63.32540529009291],[42.987196957512396,63.45151672340218],[42.9170028578404,63.549074624641406],[42.77185573648457,63.726344469575494],[42.73378436039155,63.759656923656586],[42.64812376418131,63.78583099472143],[42.58625777802999,63.79772829974987],[42.536289096907815,63.80486668276807],[42.5053561038314,63.8191434488035],[42.48275122427654,63.83223048433503],[42.40660847208953,63.84531751986648],[42.29834299632434,63.87506078243953],[42.23528727966975,63.884578626462854],[42.15081641396286,63.88695808746886],[42.04730986020933,63.89171700948097],[42.03184336367108,63.91075269752761],[42.02827417216278,63.93692676859246],[42.046120129706864,63.970239222673634],[42.06872500926171,63.98689544971329],[42.06634554825588,64.01187979027513],[42.05801743473592,64.02734628681355],[42.06158662624422,64.06065874089474],[42.03422282467771,64.07612523743317],[42.01994605864202,64.09278146447284],[42.04968932121507,64.12371445754978],[42.07824285328495,64.16297556414607],[42.12583207340218,64.22722101130242],[42.11274503786976,64.23554912482362],[42.141298569939536,64.27124103990992],[42.163903449495194,64.30098430248289],[42.165093179997754,64.32239945153651],[42.12107315139052,64.38188597668245],[42.13772937843124,64.40449085623642],[42.16430304855827,64.42270032743448],[42.12980086397346,64.42151059693148],[42.07507326083963,64.44768466799633],[42.01677646619669,64.45601278151656],[41.89304449389334,64.45482305101275],[41.832368238244584,64.45601278151656],[41.79429686215147,64.47147927805409],[41.74194872002339,64.48932523559773],[41.66104704582489,64.49765334911893],[41.56705833609459,64.49646361861593],[41.501623158434256,64.48932523559773],[41.482587470387614,64.48575604408961],[41.47306962636438,64.46315116453289],[41.47069016535855,64.44411547648625],[41.44213663328877,64.43578736296611],[41.40525498769813,64.4250797884396],[41.4028755266923,64.40723383089694],[41.43380851976791,64.36202407178546],[41.458792860329396,64.3406089227337],[41.45522366882038,64.32395269569217],[41.369563072610845,64.2942094331192],[41.38740903015413,64.27398401457044],[41.38265010814247,64.2466202130026],[41.337440349031965,64.23591263847636],[41.30769708645873,64.21330775892142],[41.305317625452986,64.18356449634933],[41.27914355438894,64.16928773031312],[41.20538026320856,64.16095961679271],[41.179206192144605,64.15382123377637],[41.16254996510308,64.13954446773997],[41.149462929571456,64.1252677017064],[41.106632631466695,64.109801205167],[41.03762826229717,64.08600659511012],[41.00669526922155,64.06697090706348],[40.93769090005283,64.05269414102708],[40.86868653088331,64.04079683599863],[40.85084057333923,64.00986384292257],[40.82228704126943,63.982500041355706],[40.78421566517633,63.959895161800844],[40.749713480591524,63.94680812626932],[40.70212426047519,63.94918758727452],[40.650965848849744,63.959895161800844],[40.605756089739145,63.95513623978963],[40.57720255766927,63.93610055174299],[40.56768471364604,63.91111621118124],[40.52154960858846,63.903977828163036],[40.46801173595719,63.894459984139715],[40.40138682779421,63.87066537408185],[40.32405434510473,63.82069669296013],[40.29431108253158,63.7957123523974],[40.26337808945596,63.7623998983172],[40.24434240140941,63.73265663574414],[40.21578886933882,63.72432852222293],[40.20421415698846,63.72477786716899]]]]}},{"type":"Feature","properties":{"kind":"district","id":"uyezd-1897-670","name":"Шенкурский","provinceId":"gubernia-1897-93"},"geometry":{"type":"MultiPolygon","coordinates":[[[[41.25950728907881,62.36154146323766],[41.31661435321847,62.346074966699234],[41.35230626830655,62.33298793116769],[41.35706519031821,62.29610628557653],[41.397516027417055,62.283019250045086],[41.42487982898437,62.25446571797512],[41.42012090697271,62.22115326389305],[41.46176147457421,62.17832296578855],[41.50816096418808,62.16880512176523],[41.52838638273791,62.14738997271249],[41.56764748933428,62.13192347617406],[41.61166751794152,62.14025158969527],[41.65568754654956,62.13549266768405],[41.63784158900556,62.12240563215074],[41.61166751794152,62.117646710139525],[41.56526802832845,62.09980075259588],[41.51054042519391,62.106939135614084],[41.46652039658578,62.123595362653745],[41.436777134013525,62.105749405111084],[41.4236900984811,62.08076506454924],[41.42606955948693,62.05697045449138],[41.405844140937816,62.05459099348626],[41.396326296913784,62.042693688455955],[41.430828481498594,62.033175844432634],[41.48198689312403,62.02008880890119],[41.517678808211315,61.99510446834033],[41.523627460726246,61.9736893192867],[41.533145304749475,61.94394605671364],[41.56883721983675,61.9368076736973],[41.61047778743905,61.9368076736973],[41.62356482297067,61.92015144665587],[41.64141078051466,61.91182333313556],[41.64260051101722,61.88445953156771],[41.61047778743905,61.85590599949774],[41.591442099392495,61.83924977245809],[41.60809832643322,61.807127048879025],[41.65449781604708,61.75120971524121],[41.694948653145936,61.69767184261038],[41.73658922074823,61.68101561557073],[41.774164709575686,61.67074148906703],[41.82651285170369,61.61363442492622],[41.738472794488416,61.5708041268226],[41.68969384386871,61.54463005575785],[41.62663812721412,61.4827640696067],[41.615930552688326,61.450641346028526],[41.59451540363514,61.432795388483996],[41.59451540363514,61.41256996993524],[41.62306893570582,61.40305212591192],[41.644484084758204,61.38044724635529],[41.731334411470925,61.36617048032075],[41.769405787564025,61.38163697685927],[41.80509770265131,61.36617048032075],[41.84911773125934,61.36854994132587],[41.931209135960486,61.39829320389893],[41.97760862557436,61.426846735968894],[42.03709515071985,61.4399337715022],[42.05256164725802,61.450641346028526],[42.064458952287076,61.45896945954884],[42.112048172403505,61.46372838156006],[42.13346332145589,61.45777972904486],[42.1608271230232,61.433985118987],[42.29050774784069,61.39948293440193],[42.41304998964157,61.36379101931563],[42.458259748752084,61.367360210822866],[42.50703869937169,61.356652636297426],[42.54273061445897,61.3399964092559],[42.5379716924474,61.32690937372446],[42.55224845848229,61.31977099070626],[42.55224845848229,61.2971661111515],[42.586750643067006,61.31620179919814],[42.609355522621954,61.33404775674266],[42.617683636142715,61.37568832434407],[42.636719324189265,61.38163697685927],[42.65218582072752,61.39234455138559],[42.67003177827071,61.40900077842525],[42.68668800531144,61.40781104792225],[42.72000045939288,61.42208781395856],[42.75212318297186,61.443502963010324],[42.783056176047566,61.44707215451854],[42.85325027571956,61.50061002715025],[42.925823836397385,61.53511221173453],[42.97698224802291,61.53749167273965],[43.06502230523898,61.53987113374663],[43.092386106805506,61.54700951676297],[43.103093681332005,61.56247601330139],[43.13997532692264,61.58032197084592],[43.22087700112051,61.6053063114059],[43.25180999419614,61.61839334693921],[43.25418945520197,61.63267011297286],[43.25062026369366,61.657654453535585],[43.25299972469941,61.673120950072146],[43.28274298727255,61.68977717711367],[43.32200409386813,61.71119232616543],[43.363644661470424,61.73141774471517],[43.46120256270973,61.75283289376782],[43.58731399601812,61.78138642583778],[43.71461515983057,61.808750227404744],[43.77053249346696,61.84563187299591],[43.987063444997965,61.87775459657409],[44.039411587126054,61.896790284620735],[44.0798624242249,61.92891300819882],[44.0798624242249,61.94318977423522],[44.06915484969911,61.95865627077178],[43.973976409465635,62.01695306541481],[43.8669006642038,62.10142393112258],[43.79551683402845,62.10737258363769],[43.694389741280744,62.17280776129705],[43.6122983365796,62.21563805940244],[43.5742269604865,62.23586347795208],[43.545673428416706,62.25846835750694],[43.5599501944516,62.28940135058291],[43.56351938595991,62.30724730812655],[43.5563810029425,62.32866245717831],[43.539724775901774,62.344128953717714],[43.549242619925096,62.359595450254375],[43.62419564160875,62.39052844333132],[43.65155944317607,62.40480520936577],[43.71461515983057,62.41313332288608],[43.74316869190045,62.41551278389218],[43.80265521704594,62.440497124453934],[43.86452120319797,62.46310200400879],[43.94185368588745,62.440497124453934],[43.988253175500525,62.40837440087398],[44.04892943114929,62.40242574836065],[44.12745164434213,62.39290790433733],[44.14053867987376,62.4190819754003],[44.17504086445847,62.44882523797425],[44.23571712010723,62.45477389048847],[44.265460382680374,62.47856850054722],[44.285685801229405,62.54281394770348],[44.309480411287616,62.57731613228766],[44.355879900901485,62.63918211844067],[44.385623163474634,62.67725349453396],[44.41298696504114,62.72603244515357],[44.47247349018735,62.72246325364358],[44.54147785935616,62.72365298414658],[44.61643088103982,62.7319810976669],[44.4915091782339,62.755775707724766],[44.3832437024688,62.78789843130471],[44.33922367386076,62.84024657343254],[44.267839843686204,62.8604719919813],[44.16790248144107,62.92947636115055],[44.2226300845749,63.10198728407431],[44.11198514780396,63.16266353972246],[43.93947422488162,63.15552515670426],[43.74316869190045,63.16623273123058],[43.664646478707695,63.17337111424878],[43.53139666238101,63.213821951347185],[43.43621822214825,63.23999602241203],[43.39219819354021,63.23999602241203],[43.363644661470424,63.292344164539855],[43.29226083129587,63.280446859510434],[43.159011014969195,63.280446859510434],[43.10071422032627,63.25665224945355],[43.05977051819022,63.240934424387],[43.04192456064622,63.23974469388302],[43.002663454049845,63.24450361589513],[42.99076614902069,63.27067768695997],[42.97054073047167,63.29209283601173],[42.95031531192184,63.29447229701694],[42.90629528331381,63.2778160699763],[42.824203878612664,63.26115984293665],[42.77661465849623,63.24926253790634],[42.76471735346717,63.230226849860586],[42.77185573648457,63.212380892317036],[42.78256331101116,63.190965743263405],[42.87655202074146,63.19334520427039],[42.89439797828474,63.16717113320555],[42.868223907220695,63.16717113320555],[42.855136871689076,63.15765328918223],[42.8123065735836,63.15884301968434],[42.79089142453121,63.120771643591056],[42.550565862942705,63.129099757112265],[42.531530174896155,63.076751614984445],[42.40541874158697,63.08270026749777],[42.31856841487425,63.08270026749777],[42.29477380481604,63.07794134548656],[42.275738116768686,63.07794134548656],[42.23290781866392,63.09221811152109],[42.21863105262902,63.07913107598965],[42.19126725106171,63.08864892001297],[42.18888779005588,63.10292568604742],[42.14367803094537,63.12196137409406],[42.14724722245447,63.23141658036368],[42.06872500926171,63.23617550237392],[41.93071627092347,63.19572466527551],[41.9473724979641,63.154084097674016],[41.952131419975764,63.10649487755741],[41.942613575952535,63.08151053699477],[41.9473724979641,63.049387813416594],[42.01994605864202,63.04819808291448],[42.01875632813946,62.95658883419037],[41.948562228467466,62.953019642680374],[41.934285462432484,62.93755314614373],[41.934285462432484,62.89710230904434],[41.812932951134954,62.89710230904434],[41.76058480900704,62.85546174144107],[41.774861575041854,62.838805514401415],[41.81412268163832,62.82214928735998],[41.85576324923973,62.76385249271696],[41.87836812879538,62.76385249271696],[41.89978327784776,62.751955187688516],[41.942613575952535,62.75314491819152],[41.979495221543075,62.76861141472817],[42.00328983160129,62.750765457184535],[41.97116710802312,62.73410923014488],[41.962838994502356,62.70912488958402],[41.92952654042091,62.6924686625416],[41.937854653940875,62.682950818519174],[41.92357788790598,62.67462270499894],[41.90216273885359,62.67462270499894],[41.87836812879538,62.64487944242589],[41.87479893728628,62.62108483236714],[41.839107022199,62.613946449350806],[41.74868750397789,62.51638854811149],[41.71537504989645,62.5116296260985],[41.665406368773475,62.47831717201821],[41.665406368773475,62.459281483971566],[41.635663106201136,62.430727951900714],[41.56903819803735,62.424779299385605],[41.52739763043523,62.412881994357164],[41.45482406975732,62.43548687391193],[41.33466128896306,62.39265657580743],[41.25950728907881,62.36154146323766]]]]}},{"type":"Feature","properties":{"kind":"district","id":"uyezd-1897-671","name":"Пинежский","provinceId":"gubernia-1897-93"},"geometry":{"type":"MultiPolygon","coordinates":[[[[44.61643088103982,62.7319810976669],[44.83839640400411,62.75012081582824],[44.89907265965207,62.775105156390964],[45.00733813541797,62.81317653248425],[45.09180900112494,62.84054033405121],[45.20602312940427,62.846488986564545],[45.291683725614426,62.90240632020236],[45.30596049164941,62.97854907238795],[45.3238064491934,63.03565613652788],[45.30358103064358,63.0594507465876],[45.30833995265524,63.105850236201114],[45.47490222306327,63.14868053430561],[45.719986706663434,63.21173625095976],[45.833011104441,63.24385897453794],[45.91629223964462,63.248617896550044],[46.02812690691891,63.23910005252672],[46.15899726223975,63.22363355599007],[46.35887198672923,63.20102867643344],[46.431445547407144,63.2295822085034],[46.49688072506748,63.246238435544925],[46.63369973290246,63.23196166951038],[46.607525661838494,63.27717142862001],[46.67534030050475,63.29144819465455],[46.745534400176744,63.27955088962611],[46.8514204149361,63.28074062013],[46.958496160198735,63.28193035063123],[47.09174597652532,63.27241250660791],[47.13576600513265,63.27360223711189],[47.15837088468821,63.27955088962611],[47.10245355105111,63.32000172672451],[47.048915678419846,63.36759094684112],[47.03820810389405,63.42231854997681],[47.04058756489988,63.4556310040571],[47.065571905460565,63.487753727637056],[47.13576600513265,63.52463537322636],[47.1655092677057,63.5496197137882],[47.17145792022063,63.585311628876276],[47.15480169317911,63.62933165748378],[47.13814546613839,63.650746806535636],[47.13576600513265,63.66859276407918],[47.09174597652532,63.71261279268678],[47.02036214635005,63.76496093481637],[46.91887075416925,63.786029011137586],[46.796328512369165,63.83004903974597],[46.56671052530654,63.89786367841223],[46.39657906338932,63.94664262903193],[46.26213951656017,63.94664262903193],[46.18480703387068,63.96210912556849],[46.01824476346256,64.0192161897094],[45.911169018199935,64.04301079976726],[45.768401357850024,64.19410657363828],[46.00158853642184,64.25359309878333],[45.890943599650114,64.29761312739083],[45.758883513826795,64.36066884404588],[45.72438132924199,64.3785148015904],[45.67917157013148,64.42967321321521],[45.69463806666964,64.43919105723853],[45.6577564210791,64.47369324182361],[45.592321243418674,64.48678027735514],[45.5387833707874,64.50224677389268],[45.51974768274085,64.5177132704312],[45.51498876072919,64.54864626350628],[45.42677244714255,64.57971144886054],[45.37323457451198,64.6058855199253],[45.37323457451198,64.62730066897714],[45.282815056290076,64.64633635702378],[45.26853829025519,64.67370015859163],[45.050817608221536,64.71534072619303],[45.02583326766014,64.72604830071847],[44.99133108307613,64.77244779033296],[44.91042940887755,64.7914834783796],[44.790266628083295,64.86524676955919],[44.740297946961036,64.86881596106927],[44.6927087268439,64.86762623056529],[44.64987842873913,64.95566628778128],[44.61537624415441,65.00682469940787],[44.653447620248315,65.07225987706714],[44.66772438628321,65.09724421762898],[44.68438061332394,65.18528427484489],[44.70936495388462,65.25428864401326],[44.7236417199196,65.28998055910142],[44.74862606048109,65.31615463016439],[44.65701681175662,65.33875950972103],[44.590391903593726,65.34827735374435],[44.52138753442421,65.38991792134584],[44.45595235676378,65.42323037542702],[44.36791229954851,65.45535309900511],[44.30128739138481,65.47438878705175],[44.24299059674259,65.47438878705175],[44.13472512097669,65.46487094302843],[44.065720751807966,65.48509636157817],[44.00623422666247,65.50889097163781],[43.914624977937294,65.51008070213992],[43.86822548832423,65.51246016314504],[43.852758991785976,65.52911639018656],[43.83967195625364,65.5469623477311],[43.857517913797636,65.63381267444399],[43.86465629681513,65.68973000808002],[43.80398004116628,65.71471434864176],[43.72426809747096,65.74921653322596],[43.644556153775646,65.7218527316581],[43.51606525946072,65.71471434864176],[43.20673532870349,65.69686839109822],[43.08419308690261,65.74802680272295],[42.94737407906772,65.8087030583711],[42.754637737595644,65.8087030583711],[42.60807252614535,65.80397744131906],[42.49385839786531,65.62908705739028],[42.38440319159757,65.61481029135574],[42.29279394287248,65.57079026274725],[42.2261690347095,65.54937511369549],[42.1250419419618,65.52201131212765],[41.93230560048971,65.4660939784917],[41.834747699250315,65.43635071591775],[41.70149788292373,65.40422799233869],[41.60750917319352,65.37686419077173],[41.55159183955634,65.35901823322907],[41.60869890369679,65.26027060148773],[41.59323240715864,65.23290679991979],[41.61107836470262,65.21268138136926],[41.712205457450324,65.2007840763417],[41.74432818102922,65.1900765018144],[41.77645090460747,65.18293811879806],[41.78953794013981,65.1412975511948],[41.78834820963654,65.12345159365213],[41.73956925901764,65.1032261751024],[41.73837952851437,65.09132887007209],[41.78953794013981,65.09013913956909],[41.79905578416313,65.07824183454065],[41.78358928762488,65.06396506850531],[41.800245514665605,65.05682668548889],[41.85497311780023,65.05087803297369],[41.87995745836092,65.03184234492704],[41.992981856138485,64.97354555028411],[41.97513589859449,64.95569959274145],[41.989412664629384,64.94499201821503],[42.04889918977487,64.95688932324259],[42.19880523314218,64.93190498268173],[42.19999496364554,64.91167956413297],[42.13099059447602,64.90454118111477],[42.12742140296763,64.88431576256512],[42.09886787089775,64.87955684055488],[42.10838571492107,64.81888058490586],[42.08697056586868,64.79746543585232],[42.04057107625482,64.78437840032069],[41.995361317144315,64.77842974780567],[41.98108455110942,64.74987621573571],[41.92397748696895,64.7439275632214],[41.89661368540165,64.72965079718588],[41.89304449389334,64.71299457014624],[41.91089045143734,64.7022869956199],[41.94658236652461,64.7022869956199],[41.987033203623554,64.71656376165444],[42.00844835267593,64.71418430064932],[42.03224296273406,64.71656376165444],[42.05841703379811,64.73203025819288],[42.0512786507807,64.70823564813412],[42.07150406933053,64.70704591763112],[42.0929192183829,64.70585618712812],[42.12385221145853,64.70109726511592],[42.23211768722443,64.6939588820996],[42.276137715831666,64.6915794210926],[42.314209091925576,64.68087184656628],[42.311829630919746,64.65826696701151],[42.341572893492085,64.63685181795877],[42.346331815503746,64.61424693840391],[42.33562424097795,64.60234963337547],[42.29279394287248,64.59521125035727],[42.26899933281426,64.5749858318086],[42.27732744633502,64.55713987426398],[42.28684529035826,64.53929391672044],[42.27732744633502,64.50360200163227],[42.26661987180843,64.47623820006629],[42.254722566779364,64.45244359000657],[42.21427172968043,64.44173601548113],[42.16430304855827,64.42270032743448],[42.13772937843124,64.40449085623642],[42.12107315139052,64.38188597668245],[42.165093179997754,64.32239945153651],[42.163903449495194,64.30098430248289],[42.141298569939536,64.27124103990992],[42.11274503786976,64.23554912482362],[42.12583207340218,64.22722101130242],[42.07824285328495,64.16297556414607],[42.04968932121507,64.12371445754978],[42.01994605864202,64.09278146447284],[42.03422282467771,64.07612523743317],[42.06158662624422,64.06065874089474],[42.05801743473592,64.02734628681355],[42.06634554825588,64.01187979027513],[42.06872500926171,63.98689544971329],[42.046120129706864,63.970239222673634],[42.02827417216278,63.93692676859246],[42.03184336367108,63.91075269752761],[42.04730986020933,63.89171700948097],[42.15081641396286,63.88695808746886],[42.23528727966975,63.884578626462854],[42.29834299632434,63.87506078243953],[42.40660847208953,63.84531751986648],[42.48275122427654,63.83223048433503],[42.5053561038314,63.8191434488035],[42.536289096907815,63.80486668276807],[42.58625777802999,63.79772829974987],[42.64812376418131,63.78583099472143],[42.73378436039155,63.759656923656586],[42.77185573648457,63.726344469575494],[42.9170028578404,63.549074624641406],[42.987196957512396,63.45151672340218],[43.03240671662299,63.32540529009291],[43.05977051819022,63.240934424387],[43.10071422032627,63.25665224945355],[43.159011014969195,63.280446859510434],[43.29226083129587,63.280446859510434],[43.363644661470424,63.292344164539855],[43.39219819354021,63.23999602241203],[43.43621822214825,63.23999602241203],[43.53139666238101,63.213821951347185],[43.664646478707695,63.17337111424878],[43.74316869190045,63.16623273123058],[43.93947422488162,63.15552515670426],[44.11198514780396,63.16266353972246],[44.2226300845749,63.10198728407431],[44.16790248144107,62.92947636115055],[44.267839843686204,62.8604719919813],[44.33922367386076,62.84024657343254],[44.3832437024688,62.78789843130471],[44.4915091782339,62.755775707724766],[44.61643088103982,62.7319810976669]]]]}}]}
