{"type":"FeatureCollection","features":[{"type":"Feature","properties":{"kind":"province","id":"gubernia-1897-98","name":"Тобольская губерния"},"geometry":{"type":"MultiPolygon","coordinates":[[[[75.59772996774848,54.13961081731621],[75.59772996774844,54.32758823677612],[75.61200673378325,54.4608380531035],[75.60248888976028,54.57743164238857],[75.6048683507662,54.73923499078414],[75.54300236461444,54.89389995616329],[75.45734176840419,54.879623190128754],[75.37644009420657,54.92721241024624],[75.30743572503705,55.081877375623705],[75.40975254828803,55.14612282278175],[75.40023470426426,55.20322988692256],[75.43592661935162,55.234162879996845],[75.58821212372467,55.29602886614887],[75.75477439413342,55.319823476206736],[75.71908247904605,55.36027431330603],[75.61914511680101,55.40310461141142],[75.50731044952707,55.614876640929694],[75.42967931020891,55.74999673319236],[75.51296044541324,55.854693017448],[75.63193349570493,55.87610816650154],[75.74614762398478,55.983183911763284],[75.72235301392621,56.02601420986868],[75.75090654599582,56.071223968978295],[75.83180822019423,56.1188131890949],[75.91270989439263,56.161643487200294],[75.90557151137479,56.197335402287564],[76.01026779563178,56.313928991573434],[76.16493276101083,56.35200036766672],[76.23869605219139,56.373415516718566],[76.24821389621506,56.43290204186539],[76.28390581130243,56.449558268905136],[76.28152635029652,56.52094209908138],[76.26249066224987,56.59470539026185],[76.22441928615659,56.62563838333702],[76.17207114402859,56.689883830494175],[76.11496407988786,56.7993390367637],[76.10068731385306,56.90165586001423],[76.02930348367842,57.056320825391595],[76.04358024971313,57.10866896752031],[76.11496407988786,57.17291441467755],[76.1863479100633,57.239539322841686],[76.06975432077762,57.239539322841686],[75.9341250434452,57.239539322841686],[75.83180822019423,57.27999015994098],[75.81277253214759,57.31330261402216],[75.84370552522391,57.384686444196625],[75.78183953907215,57.49176218945925],[75.73662977996102,57.57266386365704],[75.5486523605006,57.56552548063973],[75.43681769322676,57.56790494164582],[75.3487776360105,57.56314601963372],[75.26549650080698,57.57266386365704],[75.08703692536943,57.62977092779786],[75.03230932223542,57.66070392087383],[75.02279147821174,57.71543152400686],[75.03468878324144,57.80823050323487],[75.09893423039831,57.87485541139722],[75.15604129453905,57.927203553525935],[75.12986722347465,57.98669007867285],[75.13462614548648,58.0461766038179],[75.110831535428,58.11280151198115],[75.14414398950936,58.12945773902267],[75.20125105364929,58.11518097298724],[75.23218404672552,58.12945773902267],[75.23218404672552,58.153252349080525],[75.26311703980106,58.24843078931285],[75.34401871399946,58.24605132830675],[75.40050344083016,58.32213940837849],[75.42191858988193,58.354262131958436],[75.41121101535605,58.39709243006294],[75.32198122763768,58.443491919676454],[75.27915092953263,58.49346060079915],[75.32911961065471,58.52201413286912],[75.48259484553077,58.56127523946452],[75.5397019096707,58.586259580027246],[75.4183493983738,58.657643410200734],[75.29342769556736,58.739734814902505],[75.37551910026876,58.78613430451602],[75.47188727100489,58.85394894318236],[75.69317714454675,58.95388630542679],[75.72886905963404,58.993147412023966],[75.72529986812592,59.09665396577749],[75.74314582566964,59.210868094057346],[75.7110231020904,59.23942162612731],[75.67890037851195,59.285821115739935],[75.80025288980957,59.34649737138896],[75.82523723037025,59.44286554212518],[75.78954531528288,59.47855745721246],[75.83237561338801,59.528526138335074],[75.87877510300197,59.582064010966874],[75.93945135865081,59.632032692089496],[76.03581952938615,59.59990996851052],[76.09292659352607,59.65344784114134],[76.13218770012236,59.71769328829939],[76.48910685099735,59.70698571377217],[76.79605732074945,59.70698571377217],[77.03162396032693,59.71769328829939],[77.16725323765854,59.61418673454594],[77.49561885646321,59.62132511756228],[77.85967639035525,59.60704835152774],[77.92392183751294,59.64274026661493],[78.02742839126691,59.62132511756228],[78.2130263497214,59.54994128738693],[78.34865562705373,59.57849481945689],[78.54853035154304,59.528526138335074],[78.67702124585841,59.57135643644055],[78.83049648073447,59.56421805342324],[78.89831111940036,59.435727159107074],[79.06963231182006,59.38932766949436],[79.20526158915247,59.367912520440726],[79.31233733441528,59.3143746478099],[79.40513631364249,59.32865141384533],[79.47652014381721,59.33578979686353],[79.7120867833946,59.28939030724993],[79.85128525223513,59.25369839216087],[79.94765342297126,59.23585243461733],[80.10112865784731,59.25726758367095],[80.17608167953088,59.35006656289718],[80.2974341908285,59.510680180790544],[80.3795255955299,59.65344784114134],[80.43306346816091,59.753385203385776],[80.49017053230084,59.81763065054381],[80.62104088762132,60.05022296386328],[80.69718363980789,60.283410142435095],[80.74477285992485,60.430936724796126],[80.83043345613439,60.48804378893695],[81.00175464855408,60.59274007319348],[81.27301320321882,60.71647204549666],[81.5347539138607,60.80689156371679],[81.94402120686297,60.94014138004426],[82.30569927974909,61.040078742288685],[82.60551136648425,61.116221494475255],[82.67106403796538,61.13891280383438],[82.72924333878697,61.15905179258065],[82.64834166458857,61.282783764883824],[82.52936861429768,61.33513190701254],[82.47226155015775,61.39699789316368],[82.39135987595942,61.44934603529239],[82.34852957785422,61.5397655535135],[82.21052083951597,61.70632782392207],[82.05347641313179,61.82530087421216],[81.87739629870018,61.96806853456295],[81.68228049622199,62.09655942887824],[81.48240577173189,62.26312169928494],[81.27301320321882,62.405889359634756],[81.1635579969509,62.51058564389226],[81.0160314145896,62.6057640841245],[80.7114604058435,62.796120964590926],[80.38309478703874,63.02930814316282],[79.92147935190766,63.33863807392024],[79.67401540730131,63.5040106138258],[79.35040871050856,63.677711267251674],[79.32360320795748,63.68836426059484],[79.23128433387376,63.72505345712035],[79.23842271689108,63.78929890427751],[79.22165706647611,63.810721679807834],[79.19559241878576,63.844026507412316],[79.045686375419,63.83926758540021],[79.0076149993258,63.8820978835056],[78.9243338641214,63.90351303255736],[78.9175105005134,63.92671246882378],[78.91243655909204,63.94396386965586],[78.83867326791159,63.97965578474393],[78.7363564446606,63.967758479714604],[78.71256183460275,64.02486554385541],[78.64355746543359,64.0629369199487],[78.59358878431107,64.11528506207652],[78.64355746543359,64.16525374319914],[78.62452177738703,64.22711972935126],[78.58882986229983,64.25329380041512],[78.59001959280245,64.27351921896432],[78.59120932330507,64.29374463751353],[78.49365142206602,64.32943655260081],[78.4103702868623,64.32943655260081],[78.3699194497631,64.365128467688],[78.39133459881575,64.47220421295151],[78.34612483970443,64.53407019910178],[78.24142855544818,64.55310588714842],[78.21287502337822,64.56738265318472],[78.1724241862791,64.57452103620196],[78.13673227119182,64.61021295128835],[78.03679490894677,64.63876648335919],[77.9654110787717,64.63638702235407],[77.8892683265853,64.64352540537129],[77.8131255743989,64.70063246951034],[77.7527750804125,64.72579778845646],[77.68377071124331,64.73769509348588],[77.56003873894042,64.76624862555673],[77.54576197290507,64.79956107963791],[77.61238688106823,64.8780832928296],[77.61952526408626,64.92567251294807],[77.59573065402759,64.97088227205857],[77.50769059681187,65.0279893361985],[77.43630676663679,65.12792669844205],[77.38157916350298,65.21120783364584],[77.32447209936313,65.32304250092146],[77.26260611321135,65.32304250092146],[77.23643204214741,65.2849711248273],[77.26260611321135,65.22786406068737],[77.30067748930446,65.15885969151802],[77.27212395723467,65.13506508145927],[77.21739635410086,65.17313645755256],[77.15077144593778,65.29210950784451],[77.06986977173929,65.32066303991448],[77.02228055162277,65.34683711097844],[76.86999504724918,65.33018088393878],[76.78195499003346,65.31352465689726],[76.69629439382373,65.32066303991448],[76.52973212341561,65.30162735186784],[76.46072775424653,65.31828357890936],[76.5249732014044,65.33493980594902],[76.61301325861933,65.3420781889681],[76.74150415293425,65.34683711097844],[76.7962317560688,65.36587279902508],[76.86761558624318,65.36587279902508],[76.97231187050025,65.38728794807871],[77.04845462268662,65.3777701040544],[77.11983845286181,65.40394417511837],[77.1626687509663,65.45629231724796],[77.15553036794898,65.48960477132914],[77.16028928996101,65.5157788423931],[77.13887414090846,65.53005560842755],[77.06749031073326,65.59192159457967],[77.00086540257021,65.62523404866076],[76.86523612523797,65.66092596374804],[76.83192367115598,65.71089464487065],[76.85095935920262,65.7394481769416],[76.86523612523797,65.76324278699848],[76.79385229506278,65.78227847504512],[76.77481660701625,65.8251087731505],[76.63680786867798,65.84652392220413],[76.58683918755537,65.86080068823867],[76.60349541459601,65.90363098634406],[76.58445972654937,65.93456397941824],[76.41551799513604,65.92028721338372],[76.38934392407137,65.94646128444768],[76.33223685993153,65.97739427752364],[76.25847356875116,65.9631175114892],[76.19184866058808,65.98215319953584],[76.13950051845956,66.03688080266966],[76.15377728449408,66.07257271775782],[76.12284429141891,66.11540301586135],[76.1680540505294,66.14871546994439],[76.15853620650608,66.1891663070428],[76.27512979579177,66.2296171441412],[76.30130386685565,66.32479558437441],[76.32509847691432,66.38904103153254],[76.34651362596688,66.42235348561374],[76.28464763981509,66.44852755667759],[76.29178602283233,66.48659893277087],[76.3964823070894,66.56274168495744],[76.52259374039832,66.64126389815101],[76.62729002465466,66.65078174217345],[76.70819169885308,66.68647365726162],[76.8033701390861,66.7721342534715],[76.95089672144769,66.80306724654747],[76.9961064805581,66.86255377169252],[77.06273138872206,66.92204029683943],[77.05797246670994,66.9910446660069],[77.06035192771597,67.0386338861245],[76.9580351044649,67.06956687920135],[76.89378965730785,67.0505311911547],[76.85333882020865,67.0505311911547],[76.79385229506278,67.06956687920135],[76.80812906109813,67.10763825529287],[76.89378965730785,67.11477663831008],[76.96517348748222,67.10049987227555],[77.06986977173929,67.10287933328253],[77.13173575789034,67.12905340434648],[77.13649467990234,67.18378100747944],[77.15553036794898,67.2194729225676],[77.16742767297833,67.25278537664869],[77.08176707676861,67.2979951357593],[77.08890545978593,67.35034327788888],[77.11745899185581,67.40031195900971],[77.19360174404218,67.45028064013243],[77.04845462268662,67.47169578918508],[76.98658863653486,67.52404393131289],[77.01752162961074,67.59542776148922],[77.0865259987799,67.64301698160486],[77.10318222582046,67.68822674071546],[77.14125360191366,67.73343649982596],[77.18884282203089,67.76436949290203],[77.16980713398434,67.80244086899532],[77.18884282203089,67.8428917060946],[77.1959812050483,67.91189607526394],[77.19836066605421,67.94996745135722],[77.0865259987799,67.94520852934514],[77.02941893464009,68.01659235952137],[77.05083408369273,68.05228427460767],[77.10318222582046,68.07131996265431],[77.14601252392566,68.11177079975548],[77.13649467990234,68.14746271484088],[77.09604384280314,68.1664984028885],[77.10080276481517,68.19029301294538],[77.1959812050483,68.21884654501633],[77.33161048238043,68.2497795380923],[77.3149542553399,68.28309199217347],[77.26498557421738,68.29974821921499],[77.23643204214741,68.34257851731851],[77.17694551700166,68.35685528335492],[77.15315090694298,68.3806498934118],[77.18884282203089,68.3949266594482],[77.24594988617073,68.39016773743612],[77.28878018427514,68.40682396447754],[77.28878018427514,68.43537749654661],[77.23405258114138,68.44489534057082],[77.20549904907153,68.45441318459325],[77.26736503522338,68.48296671666321],[77.22453473711806,68.53769431979802],[77.12221791386702,68.52341755376162],[77.03893677866341,68.54245324180826],[76.96993240949422,68.54007378080314],[76.90568696233717,68.54721216382038],[76.81764690512145,68.53531485879105],[76.73912469192896,68.57100677387922],[76.67012032275989,68.5757656958913],[76.65108463471324,68.59480138393795],[76.69629439382373,68.61383707198459],[76.77957552902745,68.62573437701393],[76.75102199695758,68.67094413612452],[76.54400888945096,68.73043066126957],[76.50117859134576,68.7827788033974],[76.51307589637508,68.80657341345614],[76.47024559826986,68.82085017949069],[76.40124122910069,68.81609125748125],[76.3203395549022,68.82322964049855],[76.12284429141891,68.8303680235149],[76.02766585118516,68.85892155558398],[75.89441603485892,68.83750640653221],[75.79923759462599,68.81133233546825],[75.73499214746812,68.78991718641461],[75.83730897071919,68.77801988138707],[75.89679549586495,68.78753772540949],[75.97531770905744,68.78039934239229],[76.08001399331368,68.79229664742161],[76.21326380963993,68.77326095937497],[76.26323249076245,68.75184581032133],[76.15139782348888,68.73994850529378],[76.02290692917396,68.75422527132832],[75.86348304178304,68.75898419334042],[75.83255004870716,68.742327966299],[75.71833592042748,68.76136365434564],[75.68502346634551,68.73281012227469],[75.56842987705991,68.742327966299],[75.51132281292016,68.7375690442868],[75.44469790475699,68.74708688831109],[75.26861779032555,68.71615389523504],[75.19247503813918,68.71377443422804],[74.97594408660854,68.68046198014687],[74.89742187341614,68.65666737008812],[74.66423469484485,68.64714952606579],[74.52860541751261,68.63525222103635],[74.40963236722101,68.60193976695518],[74.38107883515104,68.53293539778494],[74.35966368609849,68.46155156761048],[74.42628859426154,68.40206504246544],[74.5738151766231,68.32354282927187],[74.73323906401401,68.14508325383665],[74.8831451073807,68.13318594880644],[75.01639492370774,68.16173948087541],[75.03543061175438,68.14270379282877],[75.00687707968441,68.08797618969584],[75.00449761867839,68.05466373561465],[74.96642624258521,68.04038696957835],[74.9735646256025,68.00231559348506],[74.9354932495093,67.91665499727605],[74.94025217152134,67.80482033000132],[74.99735923566118,67.71440081177931],[75.0449484557777,67.67870889669302],[75.1282295909813,67.64063752059974],[75.11633228595278,67.60732506651856],[75.04732791678362,67.59304830048225],[75.02115384571903,67.57163315143049],[74.79748451117106,67.56449476841317],[74.72134175898469,67.5787715344477],[74.52622595650661,67.57163315143049],[74.36204314710449,67.54783854137165],[74.27876201189997,67.4931109382387],[74.23117279178354,67.41458872504701],[74.19072195468425,67.29085675274197],[74.11457920249785,67.1790220854691],[74.04081591131748,67.0814641842289],[74.04081591131748,67.0338749641123],[73.96467315913029,67.01721873707264],[73.90042771197324,66.96962951695514],[73.75766005162376,66.96011167293271],[73.6482048453554,66.93869652387909],[73.6077540082562,66.89348676476857],[73.5744415541742,66.88396892074614],[73.54350856109824,66.8577948496804],[73.43167389382475,66.83637970062864],[73.40074090074877,66.81258509056991],[73.32221868755637,66.79354940252327],[73.25797324039922,66.79116994151815],[73.13186180709039,66.76975479246629],[72.95816115366415,66.73644233838334],[72.87963894047175,66.71740665033846],[72.86298271343112,66.70312988430214],[72.76780427319818,66.68409419625729],[72.64883122290648,66.66505850821065],[72.58934469776064,66.62698713211647],[72.43705919338785,66.61508982708713],[72.39422889528264,66.56036222395232],[72.31332722108414,66.54132653590568],[72.26335853996162,66.51753192584695],[72.26097907895641,66.48897839377787],[72.32046560410146,66.41997402460862],[72.36805482421869,66.38904103153254],[72.43230027137584,66.34145181141594],[72.38946997327054,66.34621073342893],[72.3347423701368,66.34621073342893],[72.38471105125932,66.2724474422466],[72.43943865439306,66.23913498816552],[72.55603224367866,66.1391976259201],[72.72735343609898,66.02022457562813],[72.88439786248378,65.89887206433195],[72.97005845869349,65.691858956824],[73.00575037378059,65.58002428955025],[73.07951366496187,65.50864045937578],[73.0961698920024,65.44439501221864],[72.95578169265895,65.5062609983688],[72.84632648639058,65.57288590653303],[72.76066589018006,65.6442697367074],[72.69404098201699,65.69423841783099],[72.60600092480126,65.8298676951627],[72.54651439965542,65.92504613539592],[72.45133595942238,65.97263535551153],[72.37043428522398,66.0559164907163],[72.24194339090985,66.06305487373353],[72.09203734754229,66.10112624982682],[72.03017136139042,66.14157708692709],[71.98258214127391,66.20106361207223],[71.98972052429122,66.23437606615332],[71.95640807021005,66.27006798124148],[71.91119831109873,66.31051881833989],[71.91595723311084,66.35096965543926],[71.88264477902885,66.40807671957919],[71.81126094885448,66.43663025165004],[71.68752897655077,66.42949186863095],[71.56141754324184,66.42473294662071],[71.4567212589856,66.4033177975671],[71.31633305964124,66.38190264851434],[71.07124857604072,66.38428210952046],[70.96893175279047,66.39855887555676],[70.80712840439355,66.37714372650314],[70.62628936795082,66.38190264851434],[70.58345906984559,66.38904103153254],[70.53349038872307,66.37952318751012],[70.40262003340285,66.38666157052742],[70.31933889819842,66.38428210952046],[70.2241604579655,66.39379995354466],[70.01238842844677,66.46280432271399],[69.91958944921903,66.45090701768459],[69.79347801591011,66.47232216673635],[69.70305849768837,66.45566593969669],[69.60312113544333,66.44138917366038],[69.49128646816976,66.46994270573123],[69.44369724805324,66.50087569880728],[69.3842107229074,66.51991138685392],[69.29855012669768,66.53418815288848],[69.20813060847595,66.5865362950162],[69.15816192735342,66.63888443714401],[69.17957707640608,66.66981743022009],[69.2295457575286,66.68885311826674],[69.22240737451057,66.72692449436002],[69.1938538424406,66.75547802642998],[69.10343432421888,66.7673753314593],[69.112952168243,66.80306724654747],[69.20337168646392,66.81972347358712],[69.24858144557516,66.81972347358712],[69.38183126190138,66.83162077861655],[69.503183773199,66.80068778554048],[69.58646490840279,66.80544670755259],[69.56029083733884,66.82210293459411],[69.46749185811109,66.85303592767016],[69.47938916314043,66.86969215470984],[69.54363461029749,66.8601743106874],[69.6673665826012,66.83637970062864],[69.75302717881091,66.82210293459411],[69.84820561904394,66.84113862264076],[69.9457635202829,66.85303592767016],[69.99811166241143,66.87683053772705],[70.04808034353405,66.87683053772705],[70.13612040074977,66.8577948496804],[70.20750423092485,66.85541538867528],[70.27888806109922,66.82210293459411],[70.37168704032698,66.78403155850083],[70.46686548056,66.78641101950595],[70.53111092771707,66.80068778554048],[70.62628936795082,66.80544670755259],[70.7428829572365,66.81020562956479],[70.80474894338755,66.79830832453536],[70.85947654652209,66.817344012582],[70.88327115657995,66.8601743106874],[70.94989606474383,66.87920999873404],[71.01652097290699,66.89824568678068],[71.07838695905883,66.88396892074614],[71.11883779615724,66.88634838175136],[71.24494922946616,66.92204029683943],[71.36630174076386,66.97438843896725],[71.44958287596828,66.97676789997237],[71.48527479105546,66.93155814086185],[71.54476131620132,66.91490191382033],[71.58759161430572,66.92679921884977],[71.61138622436438,66.97676789997237],[71.6613549054869,66.98152682198457],[71.69228789856288,66.96487059494305],[71.68514951554477,66.94345544589129],[71.76129226773196,66.91252245281521],[71.83267609790633,66.93869652387909],[71.83743501991844,66.9934241270139],[71.91119831109873,67.06004903517626],[72.01827405636101,67.08384364523589],[72.07062219848963,67.09574095026343],[72.0158945953558,67.11477663831008],[72.03968920541365,67.13381232635672],[72.0944168085482,67.1314328653516],[72.14676495067602,67.13381232635672],[72.177697943752,67.15760693641548],[72.15866225570535,67.20281669552608],[72.17055956073469,67.22185238357272],[72.20387201481577,67.22185238357272],[72.22766662487443,67.18378100747944],[72.24908177392709,67.18378100747944],[72.28239422800826,67.26230322067298],[72.18721578777522,67.25992375966601],[72.10393465257152,67.26706214268322],[72.13962656765871,67.2979951357593],[72.20863093682787,67.33606651185258],[72.23718446889775,67.32416920682314],[72.31094776007814,67.33368705084746],[72.33712183114281,67.31703082380594],[72.47037164746902,67.35748166090619],[72.51558140658025,67.40269142001671],[72.50606356255702,67.45741902314964],[72.55127332166754,67.48121363320936],[72.60124200278997,67.48121363320936],[72.64883122290648,67.47169578918508],[72.6916615210117,67.49549039924392],[72.67738475497636,67.52642339231988],[72.6892820600057,67.55497692438897],[72.73211235811019,67.56687422941829],[72.75590696816884,67.60256614450645],[72.77256319520939,67.63111967657554],[72.82967025934914,67.64063752059974],[72.89629516751302,67.6620526696515],[73.00099145176937,67.6668115916637],[73.05809851590921,67.68346781870513],[73.11520558004895,67.77150787591924],[73.17945102720682,67.82385601804796],[73.19848671525347,67.87382469917065],[73.34363383660903,67.89999877023453],[73.34363383660903,67.9333112243157],[73.36504898566159,67.94996745135722],[73.32221868755637,67.99041828845563],[73.20800455927679,68.00707451549715],[73.16279480016547,68.05942265762499],[73.16279480016547,68.08559672868884],[73.15327695614224,68.13080648780033],[73.09854935300841,68.13080648780033],[73.08903150898509,68.1569805588642],[73.13186180709039,68.19029301294538],[73.1294823460843,68.23074385004566],[73.14613857312493,68.26881522613894],[73.0961698920024,68.34257851731851],[73.19134833223535,68.3806498934118],[73.31983922655036,68.3830293544188],[73.40074090074877,68.40206504246544],[73.46498634790584,68.46631048962269],[73.52447287305168,68.4686899506278],[73.55302640512156,68.44251587956384],[73.59823616423287,68.45441318459325],[73.60537454725016,68.49724348269953],[73.61727185227952,68.5543505468377],[73.58157993719232,68.59004246192586],[73.53161125606971,68.63763168204147],[73.45546850388251,68.654287909083],[73.36504898566159,68.65904683109511],[73.25797324039922,68.67570305813476],[73.17231264418879,68.67094413612452],[73.10568773602563,68.67808251914175],[73.04620121087987,68.67570305813476],[72.87963894047175,68.68522090215907],[72.80587564929138,68.71853335624016],[72.71069720905834,68.72567173925748],[72.60600092480126,68.742327966299],[72.4941662575277,68.85178317256666],[72.46799218646294,68.91602861972478],[72.47275110847504,68.95409999581807],[72.54413493865013,68.99693029392346],[72.51796086758554,69.04214005303405],[72.43943865439306,69.08972927314969],[72.4180235053413,69.15159525930181],[72.43467973238185,69.20394340142954],[72.43467973238185,69.26105046557043],[72.4989251795389,69.29674238065675],[72.50606356255702,69.37526459385029],[72.42278242735252,69.40619758692627],[72.35377805818344,69.39667974290205],[72.28239422800826,69.36336728882088],[72.23242554688574,69.41095650893661],[72.26573800096772,69.45378680704198],[72.3347423701368,69.43475111899534],[72.39660835628865,69.43475111899534],[72.43943865439306,69.4633046510662],[72.38471105125932,69.5442063252631],[72.41564404433521,69.58465716236239],[72.39422889528264,69.61559015543844],[72.42754134936453,69.6512820705266],[72.4204029663465,69.71552751768377],[72.44895649841638,69.7773935038358],[72.42278242735252,69.8130854189221],[72.43467973238185,69.84877733401026],[72.48226895249836,69.88684871010355],[72.5393760166382,69.93205846921504],[72.46323326445172,69.99154499436008],[72.45609488143441,70.07482612956397],[72.43467973238185,70.13431265470902],[72.46799218646294,70.14620995973834],[72.5322376336209,70.19379917985592],[72.52271978959757,70.21045540689559],[72.39422889528264,70.19379917985592],[72.36805482421869,70.22235271192491],[72.30380937706082,70.24852678298888],[72.22528716386842,70.27470085405272],[72.25146123493309,70.29373654209937],[72.30380937706082,70.28183923707093],[72.375193207236,70.25566516600608],[72.46799218646294,70.23900893896644],[72.4989251795389,70.25328570500096],[72.43705919338785,70.32704899618145],[72.41088512232318,70.38177659931625],[72.4608538034457,70.40795067038022],[72.54651439965542,70.42936581943198],[72.63931337888326,70.45791935150282],[72.73211235811019,70.46029881250794],[72.76304535118607,70.48409342256679],[72.73211235811019,70.5388210257015],[72.7368712801222,70.57213347978268],[72.69404098201699,70.62210216090627],[72.71545613106964,70.65065569297437],[72.70355882604031,70.71014221812038],[72.70355882604031,70.79580281433117],[72.6583490669298,70.84101257344176],[72.63693391787714,70.88384287154528],[72.60362146379597,70.8886017935574],[72.56555008770198,70.92191424763857],[72.5774473927313,70.95046777970953],[72.57982685373732,70.98140077278637],[72.46323326445172,71.0337489149142],[72.39660835628865,71.03850783692454],[72.34663967516613,70.99091861680793],[72.2562201569444,70.97426238976915],[72.16580063872266,70.95760616272673],[72.23718446889775,71.00281592183725],[72.30618883806692,71.03136945390722],[72.33712183114281,71.05992298597815],[72.32284506510746,71.07895867402479],[72.24908177392709,71.08847651804714],[72.19197470978725,71.10275328408167],[72.05396597144909,71.1194095111232],[72.00161782932055,71.14558358218707],[71.92071615512205,71.16461927023371],[71.83505555891233,71.21934687336852],[71.78746633879582,71.24552094443249],[71.73273873566208,71.25979771046693],[71.6994262815801,71.28835124253786],[71.73273873566208,71.2931101645481],[71.75891280672595,71.28121285952055],[71.79222526080792,71.28597178153089],[71.76843065074927,71.33356100164838],[71.73511819666729,71.3359404626535],[71.70180574258612,71.31928423561473],[71.537622933184,71.29786908656021],[71.47575694703224,71.31452531360173],[71.5043104791021,71.32880207963626],[71.61614514637648,71.3359404626535],[71.6542165224696,71.3478377676829],[71.76367172873717,71.35735561170623],[71.79936364382516,71.37639129975287],[71.75653334571993,71.43587782489791],[71.6994262815801,71.51440003809148],[71.72560035264397,71.55009195317777],[71.63756029542824,71.63337308838344],[71.68514951554477,71.63813201039378],[71.73273873566208,71.60481955631258],[71.78984579980184,71.59054279027805],[71.83029663690104,71.61195793932981],[71.7398771186794,71.68810069151638],[71.65659598347489,71.7880380537608],[71.74701550169661,71.76186398269695],[71.83029663690104,71.72617206760967],[71.91357777210483,71.72379260660367],[71.98972052429122,71.71665422358635],[72.06824273748362,71.73331045062699],[72.08965788653627,71.89035487701311],[72.15628279469934,71.90463164304765],[72.15628279469934,71.93080571411161],[72.16580063872266,71.9688770902049],[72.14676495067602,72.00694846629818],[72.17293902174069,72.04977876440445],[72.22528716386842,72.061676069432],[72.2562201569444,72.09736798452016],[72.26335853996162,72.14019828262369],[72.32998344812557,72.16399289268244],[72.41088512232318,72.1949258857585],[72.37757266824201,72.21872049581725],[72.43705919338785,72.25441241090354],[72.48702787450958,72.33531408510223],[72.55841170468474,72.39480061025003],[72.66548744994702,72.50425581651601],[72.6916615210117,72.5518450366335],[72.72735343609898,72.58277802970954],[72.78921942225074,72.58991641272678],[72.82253187633191,72.60895210077342],[72.73449181911619,72.62322886680795],[72.68690259899968,72.63988509384947],[72.7749426562154,72.66130024290123],[72.80349618828537,72.69223323597731],[72.88915678449499,72.68747431396511],[72.98909414674003,72.70888946301874],[73.06047797691522,72.71364838502907],[73.02716552283323,72.74696083911292],[73.16041533916027,72.76361706615168],[73.19134833223535,72.75171976112236],[73.24607593536999,72.770755449169],[73.22704024732334,72.79455005922863],[73.10330827501963,72.81834466928561],[72.96767899768747,72.82786251330981],[72.85108540840179,72.8231035912977],[72.72021505308157,72.83738035733225],[72.6178982298306,72.84927766236157],[72.54651439965542,72.85403658437377],[72.48464841350437,72.8659338894031],[72.39660835628865,72.85403658437377],[72.29429153303758,72.8635544283961],[72.18007740475801,72.88021065543762],[72.12772926262937,72.88021065543762],[71.98258214127391,72.89924634348426],[71.92547507713417,72.91828203153091],[71.76843065074927,72.91352310951882],[71.72560035264397,72.93731771957755],[71.65183706146368,72.94683556360177],[71.52810508916076,72.93017933656034],[71.43054718792092,72.92066149253603],[71.31395359863524,72.91590257052579],[71.15928863325644,72.89686688247915],[71.05459234900017,72.88259011644274],[70.95465498675512,72.84927766236157],[70.92372199367915,72.8659338894031],[70.98558797983101,72.9063847265015],[70.99034690184311,72.93017933656034],[70.89040953959807,72.93493825857243],[70.8618560075281,72.94445610259478],[70.77381595031238,72.94445610259478],[70.66674020505002,72.97300963466571],[70.61439206292148,72.97300963466571],[70.48590116860665,72.98966586170539],[70.41213787742618,72.98252747868807],[70.33599512523898,73.0039426277417],[70.25271399003536,73.0039426277417],[70.17419177684287,72.99204532271236],[70.06949549258661,72.98966586170539],[69.9838348963761,72.97300963466571],[69.88865645614305,72.95635340762419],[69.824411008986,72.95873286862931],[69.88389753413185,72.98490693969505],[69.84344669703265,73.02535777679356],[69.90055376117239,73.04201400383498],[69.95290190330093,73.04201400383498],[70.03380357749862,73.0515318478574],[70.08853118063325,73.02535777679356],[70.18133015986018,73.02297831578834],[70.2289193799767,73.039634542828],[70.1884685428783,73.07770591892128],[70.0266651944814,73.09674160696792],[69.91958944921903,73.0848443019386],[69.74350933478759,73.09674160696792],[69.68640227064785,73.12053621702677],[69.63643358952523,73.10150052898013],[69.65308981656585,73.07056753590405],[69.64595143354855,73.03249615981076],[69.56504975935013,72.98252747868807],[69.45321509207656,72.94445610259478],[69.40086694994802,72.89924634348426],[69.21526899149326,72.81120628626829],[69.17005923238275,72.78265275419832],[69.25334036758645,72.77551437118109],[69.27951443865032,72.76361706615168],[69.2676171336218,72.74934030011724],[69.1486440833302,72.7374429950878],[69.1557824663474,72.71126892402395],[69.14388516131808,72.65892078189611],[69.11771109025422,72.61133156177854],[69.13674677830086,72.58277802970954],[69.20337168646392,72.57326018568526],[69.22002791350528,72.53756827059895],[69.1890949204294,72.53518880959197],[69.10105486321368,72.54708611462138],[69.06060402611448,72.53042988757986],[69.06060402611448,72.5090147385281],[69.00825588398584,72.46618444042272],[69.00349696197463,72.43287198634152],[68.96780504688664,72.40907737628456],[68.93211313179945,72.30676055303323],[68.89404175570625,72.27582755995718],[68.8702471456476,72.21158211280002],[68.81076062050175,72.17351073670673],[68.78696601044399,72.09974744552528],[68.68702864819893,72.04501984239147],[68.66799296015229,71.96649762919968],[68.62516266204699,71.93080571411161],[68.61326535701846,71.8760781109768],[68.55853775388391,71.82848889086108],[68.55853775388391,71.77614074873325],[68.44194416459831,71.76186398269695],[68.36104249039983,71.7404488336442],[68.33962734134806,71.70237745755091],[68.16592668792183,71.68810069151638],[68.13023477283464,71.6547882374353],[68.0398152546129,71.63099362737645],[68.01364118354904,71.59292225128317],[67.81614592006494,71.5619892582072],[67.74000316787856,71.51202057708448],[67.64482472764553,71.49060542803272],[67.65672203267405,71.47156973998608],[67.82328430308218,71.49536435004484],[67.90180651627466,71.52867680412601],[67.93987789236786,71.50964111607937],[67.92560112633332,71.48584650602064],[67.84231999112882,71.46205189596365],[67.85183783515214,71.42635998087559],[67.79948969302441,71.41208321484103],[67.75190047290789,71.45253405193944],[67.6400658056335,71.44063674691003],[67.6353068836222,71.41684213685127],[67.61151227356363,71.40018590981163],[67.53536952137725,71.45967243495667],[67.41163754907353,71.43111890288768],[67.34263317990516,71.4334983638928],[67.20700390257213,71.40970375383407],[67.13799953340305,71.36211453371746],[67.00712917808292,71.3406993846657],[66.96905780198963,71.31214585259474],[66.90957127684388,71.28299745527421],[66.85008475169802,71.21518281660796],[66.78821876554616,71.1794909015198],[66.82629014163936,71.15688602196494],[66.93336588690164,71.15212709995284],[66.95478103595428,71.11762491536953],[66.92146858187311,71.07479461726416],[66.78940849604953,70.97723671602583],[66.69492603485418,70.90652243382193],[66.6399222298651,70.88513206521472],[66.60936456042698,70.8713811139678],[66.62005974473068,70.85915804619165],[66.65520106458385,70.84540709494286],[66.68728661749441,70.83623979411277],[66.72242793734827,70.82248884286489],[66.69339815138252,70.80873789161885],[66.6704798993041,70.79345905689752],[66.69187026791008,70.78581963953908],[66.74534618942671,70.790403289956],[66.82632401343744,70.80568212467368],[66.87368840106755,70.81179365856313],[66.95466622507988,70.81790519244993],[67.01578156395549,70.8194330759197],[67.03411616561976,70.80262635773038],[67.07995266977511,70.78123598912137],[67.11967764004625,70.77359657176116],[67.09675938796701,70.73387160149473],[67.12731705740522,70.71553699983178],[67.11356610615812,70.6910908642794],[67.1212055235179,70.6651168452581],[67.13648435823735,70.62386399151816],[67.14565165906869,70.58566690471619],[67.17773721197776,70.56733230305599],[67.21899006571894,70.55510923527888],[67.25565926904606,70.53371886667449],[67.27399387070722,70.51080061459287],[67.31066307403435,70.50316119723354],[67.32899767569782,70.4848265955707],[67.36566687902254,70.47107564432643],[67.41455915012583,70.46190834349821],[67.43289375178787,70.44510162530062],[67.40844761623538,70.4282949071112],[67.37788994679798,70.40843242197482],[67.34427651041648,70.42218337322626],[67.30913519056341,70.45426892613338],[67.28316117154016,70.44968527571842],[67.281633288067,70.42676702363954],[67.26024291946253,70.41454395586427],[67.24649196821463,70.38704205337035],[67.2510756186303,70.36106803434818],[67.2235737161362,70.33967766574371],[67.21593429877572,70.312175763248],[67.19912758058462,70.29842481199834],[67.17009779461958,70.2862017442221],[67.12731705740522,70.25258830784148],[67.11203822268567,70.23578158965215],[67.13037282434924,70.232725822706],[67.16093049378664,70.2311979392371],[67.22968525002352,70.22814217229096],[67.26329868640575,70.22814217229096],[67.24954773515793,70.21439122104314],[67.24954773515793,70.18994508549352],[67.2510756186303,70.17313836730597],[67.27246598723798,70.15327588216675],[67.34122074347246,70.1334133970349],[67.30302365667538,70.12882974661444],[67.26024291946253,70.12424609620214],[67.24496408474307,70.09827207717811],[67.25260350210195,70.07535382509923],[67.2541313855736,70.04632403913365],[67.23885255085486,70.03715673830357],[67.24801985168628,70.01118271928138],[67.23121313349517,70.00507118539008],[67.20523911447344,70.01729425316898],[67.14106800865302,70.00507118539008],[67.10134303838348,70.0142384862238],[67.05856230116984,70.00659906886634],[67.02189309784362,70.01576636969457],[67.02036521437115,70.04326827219124],[67.04328346645039,70.07993747551517],[67.01119791354053,70.08452112593207],[66.97911236062916,70.06007499038155],[66.93480373994396,70.03562885483005],[66.88285570189898,69.99590388456184],[66.86299321676536,69.96840198206615],[66.82174036302177,69.95617891429265],[66.80034999441659,69.92714912832523],[66.82174036302177,69.90728664318974],[66.814100945662,69.87978474069405],[66.82174036302177,69.8690895563923],[66.80646152830383,69.8385318869532],[66.78354327622549,69.80491845057259],[66.80340576135981,69.78658384890511],[66.81562882913445,69.75755406294408],[66.83701919774131,69.74838676211132],[66.86604898370867,69.7361636943333],[66.84313073162934,69.71477332572883],[66.84313073162934,69.69185507365005],[66.83701919774131,69.65976952073922],[66.83396343079801,69.62462820088517],[66.83549131426966,69.57726381325665],[66.84924226551675,69.56351286201063],[66.85840956634969,69.53753884298933],[66.87674416801086,69.51462059091045],[66.90424607050656,69.508509057021],[66.9332758564723,69.5023975231343],[66.96230564243885,69.49017445535807],[66.98216812757317,69.50545329007585],[66.96841717632617,69.53448307604141],[66.92716432258419,69.57420804631326],[66.8859114688422,69.58643111408675],[66.8721605175959,69.62004455047011],[66.87827205148331,69.63073973477462],[66.9164691382812,69.6185166669975],[66.95008257466262,69.6185166669975],[66.97147294326948,69.6368512686631],[66.97147294326948,69.65976952073922],[66.95924987549483,69.68421565628975],[66.97605659368675,69.68879930670666],[66.99439119534861,69.68574353976513],[67.02342098131446,69.66893682157206],[67.05550653422662,69.65060221990913],[67.09523150449456,69.65060221990913],[67.13342859129173,69.64907433643748],[67.16093049378664,69.63532338518966],[67.16093049378664,69.62157243394356],[67.17009779461958,69.60782148269388],[67.20218334753014,69.60782148269388],[67.27704963765284,69.59712629839302],[67.32135825833734,69.57879169673106],[67.34274862694491,69.55587344464766],[67.36261111207932,69.53142730909988],[67.40844761623538,69.508509057021],[67.45122835344975,69.50086963966079],[67.49553697413575,69.49323022230146],[67.50928792538284,69.508509057021],[67.47720237247307,69.53753884298933],[67.46192353775282,69.55281767770613],[67.48484178983355,69.55281767770613],[67.51539945927016,69.54365037687327],[67.53678982787774,69.5360109595176],[67.57040326425926,69.52531577521043],[67.58720998245036,69.50545329007585],[67.58568209897871,69.47336773716509],[67.58415421550785,69.44586583467117],[67.57498691467572,69.42905911648175],[67.57804268161902,69.40308509745869],[67.54595712870997,69.36794377760367],[67.54290136176515,69.34349764205581],[67.54442924523832,69.3159957395601],[67.56276384690028,69.30071690484056],[67.5581801964838,69.28849383706618],[67.57193114773241,69.25335251721205],[67.59484939981013,69.22279484777305],[67.63915802049533,69.18154199403122],[67.68957817506876,69.1570958584807],[67.69416182548443,69.1372333733461],[67.74916563047262,69.09598051960528],[67.79041848421389,69.06847861710958],[67.83931075531638,69.04556036503257],[67.9065376280808,69.01041904517658],[67.93556741404575,68.98597290962604],[67.93556741404575,68.9691661914367],[67.95848566612428,68.96305465754814],[68.01654523805729,68.96305465754814],[68.0639096256882,68.94930370630024],[68.0394634901366,68.94166428894093],[68.00737793722755,68.94166428894093],[68.07613269346213,68.904995085617],[68.09141152818079,68.89277201783898],[68.14947110011468,68.87902106659295],[68.21822585635078,68.87443741618065],[68.31448251508095,68.85457493104154],[68.34198441757435,68.8362403293786],[68.36948632006926,68.8362403293786],[68.40768340686714,68.83318456243617],[68.43060165894644,68.81943361118829],[68.45810356144055,68.8102663103582],[68.49630064823924,68.82401726160423],[68.56505540447542,68.84387974673882],[68.60936402515902,68.85610281451497],[68.60936402515902,68.87902106659295],[68.60936402515902,68.89124413436733],[68.62769862682339,68.88666048395228],[68.65061687890261,68.88360471700614],[68.69339761611536,68.88818836742846],[68.74076200374478,68.89124413436733],[68.80493310956439,68.8958277847869],[68.83701866247415,68.90652296908686],[68.85229749719201,68.90805085255852],[68.85688114760856,68.90346720214347],[68.84618596330557,68.87443741618065],[68.86604844844071,68.86068646493277],[68.89507823440645,68.85457493104154],[68.92563590384546,68.84387974673882],[68.94244262203807,68.84540763021234],[68.98827912619423,68.8576306979867],[69.05245023201465,68.87596529965055],[69.11050980394694,68.89735566825678],[69.1563463081047,68.91416238644797],[69.18232032712635,68.91569026991786],[69.17009725935091,68.88207683353724],[69.15481842463296,68.85610281451497],[69.10592615353127,68.84387974673882],[69.09064731881261,68.82707302854762],[69.05245023201465,68.80873842688467],[69.00661372785619,68.79804324258205],[68.98216759230691,68.78582017480589],[69.00050219396967,68.7797086409191],[69.04328293118323,68.78734805827844],[69.09370308575504,68.79804324258205],[69.12426075519404,68.79804324258205],[69.16551360893524,68.8148499607696],[69.2006549287891,68.82401726160423],[69.23426836517132,68.83165667896267],[69.26024238419457,68.83012879549278],[69.26329815113867,68.81790572771664],[69.21593376350856,68.80873842688467],[69.16245784199273,68.79040382522183],[69.09675885269985,68.78123652439085],[69.05856176590197,68.76748557314295],[69.00508584438614,68.76290192272613],[68.9684166410599,68.73998367064902],[68.93785897162081,68.71553753509673],[68.89966188482222,68.68956351607544],[68.82937924511518,68.65289431274957],[68.81410041039572,68.62844817720091],[68.76673602276722,68.58566743998833],[68.73159470291255,68.54441458624481],[68.69034184917055,68.50927326639246],[68.64603322848694,68.47565983000918],[68.62005920946362,68.46190887876128],[68.64297746154284,68.4420463936249],[68.67200724750779,68.44051851015317],[68.71173221777741,68.43287909279385],[68.71020433430647,68.4007935398831],[68.7224274020796,68.38245893822025],[68.77131967318128,68.37023587044587],[68.7193716351371,68.35954068614413],[68.67964666486756,68.35648491919798],[68.66436783014802,68.3473176183679],[68.66742359709372,68.32134359934393],[68.67353513098024,68.29536958032168],[68.61547555904714,68.30453688115452],[68.57269482183429,68.3137041819846],[68.50394006559821,68.29842534726782],[68.44129684325014,68.27856286213321],[68.41685070769856,68.2464773092215],[68.37406997048501,68.2495330761649],[68.35573536882215,68.2342542414435],[68.28392484564284,68.21286387283911],[68.25031140925984,68.18383408687167],[68.20905855551855,68.16397160173895],[68.17391723566476,68.13188604882819],[68.15863840094522,68.09980049591647],[68.12808073150862,68.08452166119693],[68.10974612984506,68.10591202980592],[68.11738554720483,68.14105334966095],[68.15099898358545,68.16702736868226],[68.15099898358545,68.20522445547978],[68.14794321664223,68.23578212491975],[68.09905094554047,68.26939556130037],[68.05932597527092,68.27856286213321],[68.04557502402383,68.29078592990848],[68.0639096256882,68.29078592990848],[68.08377211082102,68.29078592990848],[68.10974612984506,68.29689746379607],[68.11585766373238,68.30300899768463],[68.08529999429427,68.30759264809782],[68.04557502402383,68.30759264809782],[68.0394634901366,68.31523206545714],[68.0669653926307,68.32134359934393],[68.08682787776664,68.33203878364844],[68.07002115957633,68.33203878364844],[68.06238174221504,68.34578973489624],[68.08988364470994,68.34578973489624],[68.1082182463711,68.34578973489624],[68.14335956622728,68.35648491919798],[68.13419226539594,68.37634740433258],[68.10210671248609,68.38245893822025],[68.07002115957633,68.39926565641323],[68.08224422735016,68.40843295724154],[68.09752306206971,68.42218390849033],[68.09141152818079,68.42829544237702],[68.06085385874418,68.42829544237702],[68.00890582069911,68.43746274320986],[67.99668275292368,68.44510216057009],[68.00279428681029,68.45426946140284],[67.947790481822,68.45732522834624],[67.87903572558511,68.45885311181611],[67.84236652226039,68.47107617959227],[67.81486461976549,68.48177136389587],[67.75374928088917,68.48482713084016],[67.7155521940912,68.48024348042236],[67.69263394201357,68.48941078125698],[67.72013584450607,68.50774538291805],[67.75680504783318,68.50927326639246],[67.83931075531638,68.50163384903135],[67.86834054128212,68.49246654819851],[67.89431456030377,68.48482713084016],[67.92792799668688,68.49093866472873],[67.91417704543818,68.50163384903135],[67.89737032724787,68.51996845069607],[67.82861557101178,68.54135881929867],[67.82097615365281,68.56733283832457],[67.82708768754094,68.57038860526612],[67.85000593961936,68.57344437221039],[67.88514725947402,68.5627491879059],[67.89889821072103,68.57344437221039],[67.85764535697834,68.6009462747052],[67.82403192059692,68.62997606067077],[67.79653001810192,68.62997606067077],[67.71708007756285,68.64678277886198],[67.66513203952027,68.66664526399657],[67.57498691467572,68.67581256482754],[67.4833139063604,68.67886833177272],[67.40539184929288,68.69873081690642],[67.31677460792238,68.71095388468436],[67.22662948308022,68.73234425328882],[67.18079297892257,68.75373462189782],[67.14259589212548,68.79651535910853],[67.11662187310134,68.83929609632199],[67.05856230116984,68.84846339715386],[67.00661426312325,68.84693551368221],[66.89355088620196,68.86068646493277],[66.76368079108947,68.88207683353724],[66.7010375687415,68.88207683353724],[66.59866937612391,68.88360471700614],[66.47796658184204,68.88971625089559],[66.3526801371453,68.904995085617],[66.27934173049346,68.9218018038082],[66.18155718829242,68.94319217241079],[66.11585819899955,68.9691661914367],[66.05321497665147,68.99819597740228],[65.97376503611241,69.01041904517658],[65.90806604681961,69.01805846253501],[65.84236705752755,69.04403248155904],[65.79805843684225,69.04403248155904],[65.7247200301897,69.03792094766959],[65.6697162252006,69.05319978238914],[65.62082395409965,69.07306226752641],[65.58721051771823,69.0883411022487],[65.5367903631449,69.09750840307515],[65.51234422759322,69.11584300473987],[65.53526247967244,69.11584300473987],[65.57193168299958,69.11889877168326],[65.61471242021321,69.10514782043359],[65.6223518375721,69.09445263613273],[65.64068643923406,69.09445263613273],[65.66054892437008,69.09750840307515],[65.67582775908953,69.08681321877252],[65.69569024422395,69.07459015099815],[65.70485754505458,69.08070168488484],[65.73235944754947,69.08070168488484],[65.7552776996286,69.06847861710958],[65.79194690295333,69.07611803447068],[65.81944880544992,69.0883411022487],[65.77972383517869,69.09445263613273],[65.71555272936067,69.10667570390703],[65.6697162252006,69.1234824220983],[65.61318453674076,69.1234824220983],[65.52762306231347,69.1372333733461],[65.44664523830275,69.1341776064028],[65.37177894817773,69.14945644112235],[65.28927324069625,69.16320739236838],[65.24190885306524,69.16320739236838],[65.1716262133584,69.18612564444902],[65.07078590421165,69.21057177999867],[65.04633976866157,69.22279484777305],[65.02189363310988,69.24418521638106],[64.98216866284113,69.23349003207754],[64.94549945951562,69.20904389652694],[64.92410909090884,69.18612564444902],[64.94702734298647,69.17848622708792],[64.94549945951562,69.1616795088985],[64.89507930494149,69.15251220806566],[64.8706331693906,69.1372333733461],[64.84007549995249,69.12501030557084],[64.78048804454855,69.10056417002032],[64.72548423955945,69.08528533529893],[64.72889937964342,69.06639171445386],[64.7574529117133,69.043786834899],[64.81218051484792,69.01523330283001],[64.79433455730384,68.99024896226817],[64.87523623150243,68.97359273522673],[64.94543033117452,68.94503920315677],[64.99182982078759,68.90934728807039],[64.97398386324438,68.88436294750863],[64.97636332425013,68.87365537298231],[65.04060877140728,68.85342995443257],[65.0644033814655,68.82844561387083],[65.1726688572314,68.77966666325298],[65.18813535376876,68.74873367017604],[65.18258327808832,68.71427554968521],[65.21351627116474,68.68810147862037],[65.26229522178363,68.66549659906471],[65.35390447050801,68.614338187439],[65.36937096704627,68.58340519436383],[65.40506288213354,68.56436950631719],[65.45384183275314,68.50964190318247],[65.49786186136119,68.4810883711134],[65.52998458494017,68.46324241356976],[65.50500024437868,68.44182726451622],[65.50024132236702,68.41684292395527],[65.48596455633212,68.39185858339529],[65.47049805979395,68.37520235635385],[65.47406725130305,68.35735639881023],[65.49905159186375,68.34426936327868],[65.52046674091693,68.32166448372206],[65.55734838650667,68.26217795857612],[65.59304030159396,68.23124496550005],[65.60136841511472,68.21101954695129],[65.57519434405076,68.18246601488133],[65.50975916639034,68.15391248281136],[65.48596455633212,68.1170308372202],[65.44551371923328,68.09323622716235],[65.44551371923328,68.0753902696188],[65.40030396012187,68.04207781553761],[65.37294015855537,68.00281670894124],[65.37888881106949,67.9861604818998],[65.43956506671826,67.97069398536314],[65.52760512393442,67.95998641083682],[65.56805596103327,67.96474533284795],[65.60255814561808,67.96474533284795],[65.63230140819041,67.95403775832162],[65.6679933232777,67.95641721932684],[65.7274798484239,67.94570964480131],[65.79053556507849,67.95284802781951],[65.85121182072726,67.9445199142983],[65.9297340339193,67.91834584323355],[65.99278975057389,67.92072530423955],[66.05465573672521,67.90287934669689],[66.09510657382486,67.90287934669689],[66.13674714142635,67.89574096367869],[66.19266447506345,67.87551554512905],[66.20575151059587,67.86361824010052],[66.2438228866889,67.84815174356208],[66.26642776624455,67.82911605551544],[66.26642776624455,67.79223440992605],[66.26523803574128,67.7660603388613],[66.26285857473545,67.72204031025282],[66.23073585115657,67.68872785617164],[66.19266447506345,67.66612297661686],[66.14507525494703,67.63162079203171],[66.1284190279063,67.59473914644063],[66.08796819080746,67.54833965682703],[66.00944597761462,67.5031298977174],[65.91783672889024,67.46981744363435],[65.81908909714828,67.44364337257139],[65.76436149401454,67.41390010999841],[65.7167722738973,67.36988008138994],[65.69059820283336,67.3163422087591],[65.66085494026021,67.27708110216281],[65.60136841511472,67.21640484651468],[65.5287948544369,67.14383128583631],[65.496672130858,67.10457017924003],[65.49548240035544,67.07601664717006],[65.50618997488124,67.05936042013032],[65.54783054248344,67.04746311510098],[65.59660949310314,67.03080688806035],[65.63706033020199,67.01653012202404],[65.66204467076348,66.99868416448138],[65.65133709623697,66.98559712894807],[65.6227835641671,66.97845874593075],[65.58709164907982,66.98083820693773],[65.56329703902169,66.97132036291441],[65.56210730851834,66.95942305788411],[65.5704354220391,66.94276683084445],[65.55853811701003,66.93562844782625],[65.52046674091693,66.93562844782625],[65.47168779029722,66.95228467486777],[65.4205293786717,66.95466413587289],[65.38602719408698,66.94157710034145],[65.35985312302294,66.91302356827148],[65.32535093843822,66.87257273117211],[65.24325953373707,66.85948569563968],[65.11833783093117,66.84639866010727],[65.03624642623011,66.83093216357061],[64.92084256744751,66.77977375194402],[64.79354140363577,66.75954833339436],[64.63768670775345,66.75478941138404],[64.52228284897085,66.74289210635382],[64.38189464962677,66.68935423372291],[64.22960914525363,66.67388773718447],[64.09516959842449,66.65842124064783],[63.95597112958288,66.63581636109119],[63.820341852250465,66.61321148153544],[63.71802502900029,66.58346821896336],[63.66567688687141,66.57989902745524],[63.58953413468528,66.5537249563904],[63.53361680104808,66.51565358029711],[63.49435569445171,66.50851519727891],[63.4039361762306,66.49066923973625],[63.37776210516655,66.45854651615808],[63.37538264416072,66.40857783503449],[63.315896119014525,66.34314265737521],[63.2088203737527,66.22654906808927],[63.15528250112142,66.21465176305905],[63.08508840144934,66.22892852909447],[62.997048344233264,66.2336874511057],[62.95659750713433,66.17895984797266],[62.967305081660925,66.1551652379148],[62.94232074109944,66.14088847187848],[62.922095322549524,66.11471440081462],[62.91495693953212,66.06950464170491],[62.86498825840995,66.02667434359863],[62.8316758043285,65.98860296750534],[62.82453742131101,65.94220347789272],[62.820968229801906,65.90175264079335],[62.785276314714636,65.8755785697285],[62.71151302353425,65.85297369017373],[62.655595689897055,65.86011207319184],[62.58540159022506,65.85297369017373],[62.45572096540678,65.8327482716231],[62.342696567630014,65.82204069709856],[62.284399772987,65.83155854112188],[62.25108731890555,65.82560988860678],[62.22362233312559,65.80849996461164],[62.08442386428477,65.77399778002658],[62.028506530647675,65.75972101399203],[61.942845934438225,65.71927017689177],[61.89049779230943,65.64669661621429],[61.79412962157339,65.59077928257825],[61.70133064234645,65.54556952346687],[61.6192392376453,65.50273922536147],[61.49907645685035,65.44920135273055],[61.44791804522481,65.40637105462613],[61.38724178957676,65.35521264300132],[61.337273108453886,65.342125607468],[61.26588927827933,65.30524396187774],[61.19926437011554,65.28501854332808],[61.13858811446758,65.23623959270847],[61.0648248232864,65.18389145058066],[60.99344099311185,65.1565276490137],[60.88755497835258,65.11012815939921],[60.7685819280608,65.07919516632413],[60.669834296318925,65.07324651380989],[60.52706663596902,65.07324651380989],[60.483046607360976,65.05302109525928],[60.42831900422715,64.99948322262844],[60.355745443549324,64.95189400251184],[60.26651565583069,64.91144316541246],[60.14873233604146,64.87337178931918],[60.0809176973753,64.85314637076954],[60.02619009424147,64.82816203020955],[59.983359796136796,64.78890092361327],[59.96338976,64.74584165],[59.94316434,64.70301135],[59.90985189,64.66850917000001],[59.8908162,64.63162752],[59.86226267,64.58284857],[59.82895021,64.56738207000001],[59.76589449,64.54953612],[59.731392310000004,64.53763881],[59.70640797,64.51146474000001],[59.674285250000004,64.49123932],[59.65524956,64.46387552],[59.65405983,64.44483983],[59.676664710000004,64.39368142000001],[59.671905790000004,64.3341949],[59.64335225,64.28898514000001],[59.6374036,64.24734457],[59.64454198,64.20808346],[59.69332093,64.17358128000001],[59.82300156,64.15216613],[59.88843674,64.14502775],[59.90866216,64.1081461],[59.894385390000004,64.07364392],[59.81824264,64.03914173],[59.7623253,64.00701901000001],[59.736151230000004,63.96061952],[59.68499282,63.91422003],[59.58743492,63.93563518],[59.53151759,63.96061952],[59.54341489,63.93206599],[59.510102440000004,63.9130303],[59.514861360000005,63.88328704],[59.563640310000004,63.82261078],[59.53032786,63.74884749],[59.55055327,63.707206920000004],[59.5398457,63.62392579],[59.50058459,63.51209112],[59.514861360000005,63.487106780000005],[59.50296405,63.45260459],[59.47441052,63.43475864],[59.46846187,63.40858456],[59.44585699,63.378841300000005],[59.43039049,63.34076993],[59.37923208,63.31102666],[59.36257585,63.263437440000004],[59.22337739,63.12661844],[59.15794221,63.095685440000004],[59.14247571,63.06356272],[59.16032167,63.033819460000004],[59.236464420000004,62.99098916],[59.33402232,62.95291778],[59.38161154,62.95886643],[59.4268213,62.95886643],[59.455374830000004,62.92079506],[59.454185100000004,62.88867234],[59.42206238,62.867257190000004],[59.42325211,62.79825282],[59.412983600000004,62.7425143],[59.3856198,62.70444292],[59.39989657,62.66756128],[59.465331750000004,62.64138721],[59.44034741,62.59855691],[59.44867552,62.56167526],[59.49507501,62.53431146],[59.57121776,62.51408604],[59.58787399,62.48434278],[59.578356140000004,62.44151248],[59.58787399,62.40225137],[59.57240749,62.35347242],[59.50578258,62.31778051],[59.45819336,62.27495021],[59.4516679950498,62.232480821055105],[59.47665233561129,62.20273755848214],[59.46951395259433,62.16347645188674],[59.45642691706164,62.11826669277525],[59.455237186558726,62.07662612517375],[59.482600988126045,62.0540212456181],[59.467134491588325,62.01476013902172],[59.446248111647634,61.97992012972649],[59.50216544528536,61.96326390268674],[59.5604622399282,61.95612551966863],[59.64850229714366,61.94303848413709],[59.761526694920505,61.92400279608957],[59.84123863861591,61.906156838545925],[59.870981901188436,61.87522384547084],[59.928088965328364,61.813357859319694],[59.99709333449788,61.757440525682775],[60.06966689517553,61.70985130556528],[60.173173448929504,61.64084693639691],[60.26240323664788,61.580170680747884],[60.382566017442485,61.507597120069434],[60.50986718125414,61.43026463738075],[60.6645321466332,61.33627592765063],[60.78469492742781,61.26370236697218],[60.989328573928944,61.14472931668023],[61.16659841886348,61.03170491890435],[61.227274674512245,60.99839246482131],[61.23385503775834,60.99423052567432],[61.366473143352785,60.910352407607185],[61.52351756973776,60.80327666234464],[61.69959768416929,60.674785768029366],[61.798345315911426,60.589125171819475],[61.87686752910392,60.51893107214801],[61.88519564262388,60.50108511460437],[61.873298337594996,60.44635751146966],[61.85545238005127,60.352368801739445],[61.85426264954835,60.283364432569215],[61.849503727536515,60.23577521245261],[61.84593453602759,60.16320165177514],[61.829278308986865,60.12869946719184],[61.77811989736178,60.09657674361277],[61.74480744328034,60.06564375053583],[61.723392294227864,60.02757237444254],[61.67818253511682,59.95023989175385],[61.71982310271894,59.92406582068999],[61.774550705852945,59.894322558117025],[61.78882747188775,59.87052794805916],[61.78763774138475,59.84792306850342],[61.76979178384111,59.813420883918255],[61.726961485736695,59.742037053743886],[61.66985442159686,59.63972023049335],[61.634162506508694,59.584992627358545],[61.65200846405233,59.53264448522984],[61.67699280461382,59.46839903807269],[61.70673606718714,59.39344601639001],[61.721012833221856,59.347046526776495],[61.73885879076558,59.29945730665989],[61.773360975349945,59.264955122074724],[61.81619127345507,59.23283239849566],[61.85902157156019,59.21022751894001],[61.89947240865939,59.19357129190026],[61.95063082028448,59.190002100390274],[62.049378452026616,59.18405344787605],[62.12433147371018,59.181673986870045],[62.1671617718153,59.20546859692968],[62.28494509160319,59.200709674917576],[62.3789338013342,59.18762263938604],[62.44317924849118,59.16263829882429],[62.50504523464294,59.13051557524523],[62.547875532748066,59.09244419915194],[62.569290681800624,59.05794201456687],[62.55858310727395,59.0353371350129],[62.52170146168366,58.99012737590151],[62.54668580224506,58.947297077797],[62.590705830852386,58.898518127177304],[62.61569017141378,58.85687755957403],[62.60974151889903,58.82713429700293],[62.60498259688799,58.78787319040566],[62.57167014280574,58.7640785803478],[62.52051173118066,58.734335317774836],[62.52051173118066,58.69983313318967],[62.54192688023322,58.668900140113706],[62.532409036210346,58.629639033517414],[62.52883984470142,58.59156765742413],[62.5657214902917,58.55944493384595],[62.57523933431467,58.5344605932842],[62.569290681800624,58.508286522221134],[62.53597822771838,58.48211245115726],[62.519322000677654,58.44404107506398],[62.50861442615177,58.401210776957704],[62.526460383695415,58.37741616689985],[62.574049603811666,58.344103712818665],[62.63591558996343,58.3107912587366],[62.658520469519,58.278668535157536],[62.651382086501236,58.24535608107635],[62.63115666795159,58.20966416598917],[62.62044909342571,58.14660844933404],[62.63115666795159,58.09782949871531],[62.626265553661916,58.028472616803775],[62.65481908573233,58.02490342529565],[62.69645965333373,58.02728288630166],[62.74166941244478,58.008247198254125],[62.78687917155582,57.98683204920236],[62.838037583180906,57.97612447467693],[62.87610895927419,57.95827851713152],[62.93321602341412,57.932104446067555],[62.94749278944883,57.89522280047825],[62.97366686051332,57.91425848852392],[63.01649715861836,57.932104446067555],[63.06646583974052,57.938053098583644],[63.09858856331897,57.9570887866294],[63.134280478407135,57.946381212102985],[63.18186969852329,57.91425848852392],[63.25206379819511,57.91187902751791],[63.31749897585571,57.89879199198638],[63.341293585914194,57.91663794953001],[63.42457472111781,57.89046387846615],[63.42457472111781,57.87261792092251],[63.497148281796164,57.860720615893094],[63.54830669342134,57.847633580361645],[63.5947061830353,57.855961693880985],[63.648244055666304,57.84525411935555],[63.66490028270702,57.83335681432711],[63.63872621164263,57.80956220426836],[63.65895163019227,57.791716246724725],[63.720817616344036,57.791716246724725],[63.787442524507554,57.765542175660855],[63.84098039713856,57.773870289180195],[63.85525716317345,57.75959352314477],[63.88975934775781,57.75840379264265],[63.89570800027256,57.74531675711113],[63.97304048296214,57.71319403353206],[64.03966539112494,57.68226104045608],[64.09082380275083,57.69296861498241],[64.12889517884412,57.68226104045608],[64.13127463985003,57.66917400492456],[64.11580814331151,57.642999933860686],[64.15744871091371,57.641810203356705],[64.17648439896035,57.61087721028162],[64.21098658354472,57.60373882726342],[64.24429903762689,57.60611828826951],[64.28950879673712,57.5942209832401],[64.3382877473571,57.57637502569655],[64.3537542438949,57.535924188597164],[64.38944615898217,57.54663176312349],[64.42626843891831,57.53796769725629],[64.45012241463102,57.53235499708896],[64.48462459921538,57.5097501175333],[64.46201971965982,57.5014220040121],[64.4584505281517,57.48238631596634],[64.43108672658438,57.45502251439849],[64.45250187563695,57.42765871283153],[64.44060457060726,57.418140868809104],[64.4061023860229,57.405053833277655],[64.3668412794267,57.40743329428189],[64.32995963383641,57.39434625875035],[64.30497529327565,57.375310570704684],[64.26571418667945,57.355085152154956],[64.20860712253952,57.334859733605306],[64.16458709393149,57.32058296756988],[64.14555140588485,57.34080838611864],[64.10391083828272,57.33129054209532],[64.1265157178382,57.309875393043555],[64.1403652616411,57.28217140942704],[64.14869337516106,57.236961650317426],[64.17486744622545,57.207218387744454],[64.2188874748336,57.1798545861766],[64.27123561696158,57.142972940587214],[64.32953241160452,57.17033674215328],[64.3925881282592,57.191751891205044],[64.40924435529992,57.16319835913508],[64.43898761787244,57.13702428807122],[64.40924435529992,57.10728102549816],[64.37474217071556,57.0787274934282],[64.44374653988427,57.057312344376435],[64.5115611785501,57.03232800381557],[64.5650990511819,57.02043069878616],[64.62101638481892,56.99425662772229],[64.66265695242103,56.96451336514834],[64.70905644203427,56.92525225855205],[64.72214347756687,56.890750073967865],[64.72690239957791,56.8610068113949],[64.73017783046905,56.824683310978784],[64.75278271002381,56.82349358047667],[64.76824920656233,56.827062771984885],[64.78133624209414,56.81754492796245],[64.79561300812894,56.819924388968545],[64.81464869617558,56.81278600595034],[64.83487411472514,56.82349358047667],[64.86699683830446,56.82349358047667],[64.89079144836215,56.840149807516326],[64.88722225685322,56.848477921037535],[64.895550370374,56.85561630405574],[64.91577578892355,56.85323684304964],[64.9360012074732,56.844908729528434],[64.949088243005,56.83301142449999],[64.949088243005,56.80326816192702],[64.90387848389466,56.78304274337738],[64.93957039898211,56.750920019798315],[64.89674010087691,56.72117675722623],[64.82892546221117,56.678346459120846],[64.78014651159123,56.64860319654779],[64.74802378801277,56.64027508302756],[64.65522480878548,56.62123939498181],[64.56361556006038,56.61172155095662],[64.50769822642347,56.58197828838454],[64.4327452047399,56.57246044436122],[64.38515598462365,56.541527451286136],[64.36612029657701,56.521302032736486],[64.4172787082021,56.47490254312289],[64.44702197077461,56.449918202561136],[64.42084789971102,56.441590089039934],[64.43393493524282,56.42374413149629],[64.45059116228354,56.42374413149629],[64.49223172988576,56.43326197551961],[64.50769822642347,56.41660574847995],[64.49104199938274,56.40470844345054],[64.51959553145306,56.388052216409015],[64.57432313458708,56.39162140791909],[64.6040663971596,56.363067875849126],[64.62786100721809,56.33094515227006],[64.63856858174395,56.286925123662556],[64.67307076632912,56.285735393158575],[64.70400375940466,56.26907916611892],[64.74445459650386,56.24171536455019],[64.82297680969626,56.221489946002315],[64.8693762993095,56.19888506644657],[64.91101686691171,56.17390072588482],[64.92767309395242,56.14772665481998],[64.93243201596427,56.11679366174391],[64.96217527853759,56.09537851269215],[64.97883150557831,56.059686597604966],[64.96812393105164,56.0228049520138],[64.95265743451392,55.99901034195594],[64.9229141719413,55.99068222843651],[64.90625794489986,55.9787849234062],[64.84558168925182,55.965697887874754],[64.79680273863185,55.94071354731292],[64.81107950466745,55.909780554237834],[64.8170281571815,55.87408863915064],[64.79918219963787,55.79794588696407],[64.80751031315853,55.752736127852586],[64.80826816719744,55.71019269968478],[64.82611412474063,55.69234674214026],[64.84990873479939,55.67806997610572],[64.8772725363666,55.659034288059075],[64.84633954329064,55.63286021699512],[64.79399140116209,55.610255337439376],[64.79756059267075,55.584081266375506],[64.75948921657755,55.57575315285519],[64.75354056406289,55.55790719531164],[64.70595134394637,55.568614769837964],[64.6619313153385,55.5805120748673],[64.67620808137386,55.47343632960387],[64.6976232304257,55.41157034345361],[64.72617676249558,55.37111950635334],[64.7559200250689,55.348514626797595],[64.80469897568807,55.32353028623763],[64.82016547222597,55.28902810165255],[64.75473029456626,55.262854030588684],[64.6952437694205,55.24619780354716],[64.7107102659584,55.2152648104711],[64.74759191154823,55.17124478186359],[64.74997137255423,55.13436313627429],[64.73212541501024,55.09748149068401],[64.74997137255423,55.08082526364249],[64.72498703199301,55.06892795861316],[64.68929511690584,55.05346146207562],[64.74521245054302,55.02609766050777],[64.80707843669407,55.01063116397014],[64.80350924518541,54.991595475923496],[64.77138652160689,54.983267362404156],[64.77019679110344,54.96661113536263],[64.79875032317412,54.961852213350525],[64.86418550083383,54.97731870988905],[64.91296445145379,54.97255978787783],[64.99029693414283,54.957093291340286],[65.03312723224803,54.959472752345405],[65.09023429638788,54.97137005737474],[65.10094187091457,54.959472752345405],[65.09261375739389,54.93924733379665],[65.07357806934725,54.909504071222706],[65.09142402689125,54.891658113679156],[65.11997755896112,54.87381215613463],[65.12711594197843,54.84168943255645],[65.11759809795511,54.82265374450981],[65.09142402689125,54.80599751747015],[65.10689052342914,54.78458236841652],[65.11640836745246,54.753649375340466],[65.13663378600175,54.71795746025417],[65.11759809795511,54.68583473667421],[65.08785483538179,54.66204012661733],[65.0319375017454,54.643004438570685],[65.02241965772208,54.62158928951706],[64.99624558665741,54.61207144549463],[64.97364070710219,54.578758991411675],[65.0164710052075,54.55853357286291],[65.04264507627127,54.563292494875014],[65.09023429638788,54.55734384235982],[65.14139270801377,54.58470764392678],[65.19968950265616,54.58113845241857],[65.25441710579,54.57043087789224],[65.31322357342512,54.59468134109737],[65.40602255265242,54.56612780902829],[65.45361177276946,54.58754295808014],[65.46075015578722,54.62085541216132],[65.49406260986858,54.63989110020886],[65.75104439849781,54.60657864612767],[65.79149523559701,54.63513217819675],[65.81766930666141,54.694618703341796],[65.86763798778358,54.71603385239543],[65.94378073997015,54.704136547366005],[65.94140127896415,54.62085541216132],[66.07703055629656,54.6517884052373],[66.2816642027985,54.70175708636],[66.49581569332261,54.72555169641785],[66.59337359456165,54.72555169641785],[66.67665472976607,54.735069540441174],[66.8527348441976,54.785038221563795],[66.91698029135448,54.761243611505044],[67.08354256176322,54.80407390961132],[67.20489507306004,54.80407390961132],[67.2643815982058,54.811212292627744],[67.27627890323548,54.846904207714935],[67.32862704536358,54.87466458611655],[67.44760009565526,54.855628898070805],[67.56895260695198,54.855628898070805],[67.70934080629624,54.88656189114589],[67.78786301948873,54.89607973517009],[67.85686738865755,54.95794572132124],[67.94014852386178,54.97460194836276],[67.99963504900772,54.94842787729703],[68.09243402823492,54.9460484162928],[68.28041144769534,54.96270464333246],[68.3946255759752,54.979360870373085],[68.47314778916768,54.936530572269476],[68.50408078224392,54.89607973517009],[68.57070569040681,54.83897267102928],[68.68967874069851,54.834213749017174],[68.84434370607748,54.83183428801294],[68.95855783435734,54.87942350812866],[69.06325411861422,54.92225380623316],[69.10608441671855,54.92225380623316],[69.16081201985256,54.931771650257375],[69.23219585002799,55.003155480431836],[69.25123153807463,55.05312416155356],[69.28930291416792,55.05312416155356],[69.35830728333664,55.003155480431836],[69.41303488647065,54.993637636408515],[69.46300356759362,54.97460194836276],[69.5248695537446,54.88894135215198],[69.60815068894891,54.89607973517009],[69.70332912918204,54.92225380623316],[69.7913691863983,54.931771650257375],[69.8722708605959,54.931771650257375],[69.9769671448528,54.97698140936699],[69.98172606686462,55.0245706294836],[70.04835097502743,55.04836523954323],[70.08880181212673,55.04360631753113],[70.23204539960119,55.024770311484666],[70.2605989316708,55.010493545449236],[70.32008545681656,54.93197133225657],[70.36053629391576,54.93435079326267],[70.44381742912009,54.953386481310204],[70.47712988320153,54.94386863728599],[70.5532726353881,54.965283786339526],[70.58420562846435,55.00811408444314],[70.5128217982889,55.115189829706665],[70.50568341527185,55.18181473786902],[70.54613425237106,55.20560934792688],[70.66510730266195,55.191332581893235],[70.710317061773,55.13422551775241],[70.79835711898845,55.14612282278175],[70.83642849508173,55.17467635485171],[70.87212041016981,55.193712042899236],[70.92684801330381,55.15088174479385],[70.96016046738518,55.122328212723],[71.11006651075239,55.19609150390356],[71.27424932015514,55.25081910703828],[71.39560183145194,55.27937263910913],[71.46698566162739,55.21512719195109],[71.52647218677252,55.18657365988113],[71.71207014522773,55.20560934792866],[71.81914589048982,55.14850228378784],[71.83580211753055,55.09853360266514],[71.88577079865343,55.067600609589164],[72.06423037409017,55.0913952196488],[72.14989097030042,55.06284168757795],[72.280761325621,55.09615414165913],[72.35214515579564,55.14136390077053],[72.4140111419474,55.14850228378784],[72.54964041927983,55.158020127810275],[72.66385454755968,55.17943527686381],[72.77806867583944,55.14850228378784],[72.87562657707858,55.12708713473599],[72.98984070535843,55.12708713473599],[73.10167537263227,55.14374336177573],[73.15164405375523,55.13184605674632],[73.15164405375523,55.05094438254942],[73.1992332738714,55.024770311484666],[73.27299656505197,55.04380599953042],[73.36341608327413,55.06046222657186],[73.46811236753022,55.005734623437135],[73.56329080776344,54.962904325333525],[73.67274601403136,54.92483294924024],[73.80837529136379,54.89389995616329],[73.92734834165547,54.853449119063995],[74.11056683910485,54.76778852285499],[74.34613347868144,54.67023062161569],[74.56504389121818,54.56791379836525],[74.76253915470235,54.41086937198],[74.79823106978964,54.37755691789882],[74.83868190688892,54.34900338582886],[74.94575765215093,54.256204406600766],[75.05759231942487,54.17292327139697],[75.09804315652399,54.113436746251836],[75.17418590871057,54.0634680651292],[75.28126165397254,54.087262675187944],[75.40975254828805,54.12533405128123],[75.44782392438134,54.11343674625181],[75.59772996774848,54.13961081731621]]]]}},{"type":"Feature","properties":{"kind":"district","id":"uyezd-1897-495","name":"Березовский","provinceId":"gubernia-1897-98"},"geometry":{"type":"MultiPolygon","coordinates":[[[[59.446248111647634,61.97992012972649],[59.50216544528536,61.96326390268674],[59.5604622399282,61.95612551966863],[59.64850229714366,61.94303848413709],[59.761526694920505,61.92400279608957],[59.84123863861591,61.906156838545925],[59.870981901188436,61.87522384547084],[59.928088965328364,61.813357859319694],[59.99709333449788,61.757440525682775],[60.06966689517553,61.70985130556528],[60.173173448929504,61.64084693639691],[60.26240323664788,61.580170680747884],[60.382566017442485,61.507597120069434],[60.50986718125414,61.43026463738075],[60.6645321466332,61.33627592765063],[60.78469492742781,61.26370236697218],[60.989328573928944,61.14472931668023],[61.16659841886348,61.03170491890435],[61.227274674512245,60.99839246482131],[61.23385503775831,60.99423052567431],[61.27825104488409,61.0053295274556],[61.50429984043806,61.06005713059041],[61.749384324038665,61.117164194730336],[62.03254018373239,61.181409641888465],[62.18244622709916,61.18854802490569],[62.44656639874633,61.19092748591081],[62.8772488408017,61.193306946916024],[63.312690204869,61.20520425194535],[63.65533258970866,61.17903018088148],[63.81951539911077,61.198065868928126],[63.96228305946023,61.193306946916024],[64.0764971877407,61.16475341484606],[64.16691670596244,61.1385793437821],[64.3096843663119,61.112405272718235],[64.45007256565624,61.08861066265949],[64.61187591405226,61.045780364555874],[64.7070543542853,61.0053295274556],[64.78319710647249,60.98391437840384],[65.02352266806099,60.94108408029845],[65.36378559189455,60.893494860182734],[65.48037918118024,60.86256186710668],[65.73022258679276,60.795936958942534],[65.97530707039338,60.71979420675686],[66.11093634772561,60.676963908651466],[66.25370400807509,60.63413361054607],[66.63441776900794,60.508022177236896],[66.73673459225898,60.48422756717992],[66.86998440858514,60.51040163824379],[66.98657799787082,60.53419624830262],[67.10317158715642,60.51040163824379],[67.24593924750677,60.48422756717992],[67.40536313489687,60.453294574103865],[67.58620217134032,60.498504333214456],[67.84080449896416,60.56512924137682],[68.22389772090303,60.66268714261693],[68.42377244539233,60.74120935580871],[68.58557579378923,60.80069588095464],[68.70692830508605,60.85542348408945],[68.74499968117934,60.91253054822938],[68.7259639931327,60.972017073374424],[68.65695962396362,61.01008844946771],[68.64268285792897,61.06005713059041],[68.56416064473657,61.17189179786417],[68.57605794976591,61.30514161419067],[68.56654010574259,61.41935574247052],[68.5356071126667,61.60257423991884],[68.5356071126667,61.71916782920559],[68.49515627556741,61.90476578766088],[68.47136166550885,62.02373883795097],[68.50229465858473,62.040395064992495],[68.65933908496953,61.95235500777651],[68.79258890129576,61.883350638607254],[69.02101715785574,61.76437758831618],[69.41124876281191,61.53832879276159],[69.66347162942974,61.39080221040153],[69.78244467972135,61.32655676324252],[69.8490695878845,61.29324430916134],[69.9728015601882,61.32417730223731],[70.06798000042116,61.309900536202775],[70.127466525567,61.26707023809738],[70.33923855508564,61.31703891922008],[70.49152405945921,61.48122172862166],[70.82464860027545,61.84527926251397],[71.1601526020971,62.2164751794235],[71.53372798001254,62.58053271331571],[71.81688383970635,62.63288085544353],[72.72345848292743,62.78992528182878],[73.62289474313127,62.9326929421786],[74.48188016623672,63.07784006353451],[75.42890564655701,63.218228262878235],[76.60911830544859,63.380031611274696],[77.59183570085614,63.51328142760119],[78.79822243081247,63.665566931975306],[79.23128433387376,63.72505345712035],[79.23842271689108,63.78929890427751],[79.19559241878576,63.844026507412316],[79.045686375419,63.83926758540021],[79.0076149993258,63.8820978835056],[78.9243338641214,63.90351303255736],[78.91243655909204,63.94396386965586],[78.83867326791159,63.97965578474393],[78.7363564446606,63.967758479714604],[78.71256183460275,64.02486554385541],[78.64355746543359,64.0629369199487],[78.59358878431107,64.11528506207652],[78.64355746543359,64.16525374319914],[78.62452177738703,64.22711972935126],[78.58882986229983,64.25329380041512],[78.59120932330507,64.29374463751353],[78.49365142206602,64.32943655260081],[78.4103702868623,64.32943655260081],[78.3699194497631,64.365128467688],[78.39133459881575,64.47220421295151],[78.34612483970443,64.53407019910178],[78.24142855544818,64.55310588714842],[78.21287502337822,64.56738265318472],[78.1724241862791,64.57452103620196],[78.13673227119182,64.61021295128835],[78.03679490894677,64.63876648335919],[77.9654110787717,64.63638702235407],[77.8892683265853,64.64352540537129],[77.8131255743989,64.70063246951034],[77.7527750804125,64.72579778845646],[77.68377071124331,64.73769509348588],[77.56003873894042,64.76624862555673],[77.54576197290507,64.79956107963791],[77.61238688106823,64.8780832928296],[77.61952526408626,64.92567251294807],[77.59573065402759,64.97088227205857],[77.50769059681187,65.0279893361985],[77.43630676663679,65.12792669844205],[77.38157916350298,65.21120783364584],[77.32447209936313,65.32304250092146],[77.26260611321135,65.32304250092146],[77.23643204214741,65.2849711248273],[77.26260611321135,65.22786406068737],[77.30067748930446,65.15885969151802],[77.27212395723467,65.13506508145927],[77.21739635410086,65.17313645755256],[77.15077144593778,65.29210950784451],[77.06986977173929,65.32066303991448],[77.02228055162277,65.34683711097844],[76.86999504724918,65.33018088393878],[76.78195499003346,65.31352465689726],[76.69629439382373,65.32066303991448],[76.52973212341561,65.30162735186784],[76.46072775424653,65.31828357890936],[76.5249732014044,65.33493980594902],[76.61301325861933,65.3420781889681],[76.74150415293425,65.34683711097844],[76.7962317560688,65.36587279902508],[76.86761558624318,65.36587279902508],[76.97231187050025,65.38728794807871],[77.04845462268662,65.3777701040544],[77.11983845286181,65.40394417511837],[77.1626687509663,65.45629231724796],[77.15553036794898,65.48960477132914],[77.16028928996101,65.5157788423931],[77.13887414090846,65.53005560842755],[77.06749031073326,65.59192159457967],[77.00086540257021,65.62523404866076],[76.86523612523797,65.66092596374804],[76.83192367115598,65.71089464487065],[76.85095935920262,65.7394481769416],[76.86523612523797,65.76324278699848],[76.79385229506278,65.78227847504512],[76.77481660701625,65.8251087731505],[76.63680786867798,65.84652392220413],[76.58683918755537,65.86080068823867],[76.60349541459601,65.90363098634406],[76.58445972654937,65.93456397941824],[76.41551799513604,65.92028721338372],[76.38934392407137,65.94646128444768],[76.33223685993153,65.97739427752364],[76.25847356875116,65.9631175114892],[76.19184866058808,65.98215319953584],[76.13950051845956,66.03688080266966],[76.15377728449408,66.07257271775782],[76.12284429141891,66.11540301586135],[76.1680540505294,66.14871546994439],[76.15853620650608,66.1891663070428],[76.27512979579177,66.2296171441412],[76.30130386685565,66.32479558437441],[76.32509847691432,66.38904103153254],[76.34651362596688,66.42235348561374],[76.28464763981509,66.44852755667759],[76.29178602283233,66.48659893277087],[76.3964823070894,66.56274168495744],[76.52259374039832,66.64126389815101],[76.62729002465466,66.65078174217345],[76.70819169885308,66.68647365726162],[76.8033701390861,66.7721342534715],[76.95089672144769,66.80306724654747],[76.9961064805581,66.86255377169252],[77.06273138872206,66.92204029683943],[77.05797246670994,66.9910446660069],[77.06035192771597,67.0386338861245],[76.9580351044649,67.06956687920135],[76.89378965730785,67.0505311911547],[76.85333882020865,67.0505311911547],[76.79385229506278,67.06956687920135],[76.80812906109813,67.10763825529287],[76.89378965730785,67.11477663831008],[76.96517348748222,67.10049987227555],[77.06986977173929,67.10287933328253],[77.13173575789034,67.12905340434648],[77.13649467990234,67.18378100747944],[77.15553036794898,67.2194729225676],[77.16742767297833,67.25278537664869],[77.08176707676861,67.2979951357593],[77.08890545978593,67.35034327788888],[77.11745899185581,67.40031195900971],[77.19360174404218,67.45028064013243],[77.04845462268662,67.47169578918508],[76.98658863653486,67.52404393131289],[77.01752162961074,67.59542776148922],[77.0865259987799,67.64301698160486],[77.10318222582046,67.68822674071546],[77.14125360191366,67.73343649982596],[77.18884282203089,67.76436949290203],[77.16980713398434,67.80244086899532],[77.18884282203089,67.8428917060946],[77.1959812050483,67.91189607526394],[77.19836066605421,67.94996745135722],[77.0865259987799,67.94520852934514],[77.02941893464009,68.01659235952137],[77.05083408369273,68.05228427460767],[77.10318222582046,68.07131996265431],[77.14601252392566,68.11177079975548],[77.13649467990234,68.14746271484088],[77.09604384280314,68.1664984028885],[77.10080276481517,68.19029301294538],[77.1959812050483,68.21884654501633],[77.33161048238043,68.2497795380923],[77.3149542553399,68.28309199217347],[77.26498557421738,68.29974821921499],[77.23643204214741,68.34257851731851],[77.17694551700166,68.35685528335492],[77.15315090694298,68.3806498934118],[77.18884282203089,68.3949266594482],[77.24594988617073,68.39016773743612],[77.28878018427514,68.40682396447754],[77.28878018427514,68.43537749654661],[77.23405258114138,68.44489534057082],[77.20549904907153,68.45441318459325],[77.26736503522338,68.48296671666321],[77.22453473711806,68.53769431979802],[77.12221791386702,68.52341755376162],[77.03893677866341,68.54245324180826],[76.96993240949422,68.54007378080314],[76.90568696233717,68.54721216382038],[76.81764690512145,68.53531485879105],[76.73912469192896,68.57100677387922],[76.67012032275989,68.5757656958913],[76.65108463471324,68.59480138393795],[76.69629439382373,68.61383707198459],[76.77957552902745,68.62573437701393],[76.75102199695758,68.67094413612452],[76.54400888945096,68.73043066126957],[76.50117859134576,68.7827788033974],[76.51307589637508,68.80657341345614],[76.47024559826986,68.82085017949069],[76.40124122910069,68.81609125748125],[76.3203395549022,68.82322964049855],[76.12284429141891,68.8303680235149],[76.02766585118516,68.85892155558398],[75.89441603485892,68.83750640653221],[75.79923759462599,68.81133233546825],[75.73499214746812,68.78991718641461],[75.83730897071919,68.77801988138707],[75.89679549586495,68.78753772540949],[75.97531770905744,68.78039934239229],[76.08001399331368,68.79229664742161],[76.21326380963993,68.77326095937497],[76.26323249076245,68.75184581032133],[76.15139782348888,68.73994850529378],[76.02290692917396,68.75422527132832],[75.86348304178304,68.75898419334042],[75.83255004870716,68.742327966299],[75.71833592042748,68.76136365434564],[75.68502346634551,68.73281012227469],[75.56842987705991,68.742327966299],[75.51132281292016,68.7375690442868],[75.44469790475699,68.74708688831109],[75.26861779032555,68.71615389523504],[75.19247503813918,68.71377443422804],[74.97594408660854,68.68046198014687],[74.89742187341614,68.65666737008812],[74.66423469484485,68.64714952606579],[74.52860541751261,68.63525222103635],[74.40963236722101,68.60193976695518],[74.38107883515104,68.53293539778494],[74.35966368609849,68.46155156761048],[74.42628859426154,68.40206504246544],[74.5738151766231,68.32354282927187],[74.73323906401401,68.14508325383665],[74.8831451073807,68.13318594880644],[75.01639492370774,68.16173948087541],[75.03543061175438,68.14270379282877],[75.00687707968441,68.08797618969584],[75.00449761867839,68.05466373561465],[74.96642624258521,68.04038696957835],[74.9735646256025,68.00231559348506],[74.9354932495093,67.91665499727605],[74.94025217152134,67.80482033000132],[74.99735923566118,67.71440081177931],[75.0449484557777,67.67870889669302],[75.1282295909813,67.64063752059974],[75.11633228595278,67.60732506651856],[75.04732791678362,67.59304830048225],[75.02115384571903,67.57163315143049],[74.79748451117106,67.56449476841317],[74.72134175898469,67.5787715344477],[74.52622595650661,67.57163315143049],[74.36204314710449,67.54783854137165],[74.27876201189997,67.4931109382387],[74.23117279178354,67.41458872504701],[74.19072195468425,67.29085675274197],[74.11457920249785,67.1790220854691],[74.04081591131748,67.0814641842289],[74.04081591131748,67.0338749641123],[73.96467315913029,67.01721873707264],[73.90042771197324,66.96962951695514],[73.75766005162376,66.96011167293271],[73.6482048453554,66.93869652387909],[73.6077540082562,66.89348676476857],[73.5744415541742,66.88396892074614],[73.54350856109824,66.8577948496804],[73.43167389382475,66.83637970062864],[73.40074090074877,66.81258509056991],[73.32221868755637,66.79354940252327],[73.25797324039922,66.79116994151815],[73.13186180709039,66.76975479246629],[72.95816115366415,66.73644233838334],[72.87963894047175,66.71740665033846],[72.86298271343112,66.70312988430214],[72.76780427319818,66.68409419625729],[72.64883122290648,66.66505850821065],[72.58934469776064,66.62698713211647],[72.43705919338785,66.61508982708713],[72.39422889528264,66.56036222395232],[72.31332722108414,66.54132653590568],[72.26335853996162,66.51753192584695],[72.26097907895641,66.48897839377787],[72.32046560410146,66.41997402460862],[72.36805482421869,66.38904103153254],[72.43230027137584,66.34145181141594],[72.38946997327054,66.34621073342893],[72.3347423701368,66.34621073342893],[72.38471105125932,66.2724474422466],[72.43943865439306,66.23913498816552],[72.55603224367866,66.1391976259201],[72.72735343609898,66.02022457562813],[72.88439786248378,65.89887206433195],[72.97005845869349,65.691858956824],[73.00575037378059,65.58002428955025],[73.07951366496187,65.50864045937578],[73.0961698920024,65.44439501221864],[72.95578169265895,65.5062609983688],[72.84632648639058,65.57288590653303],[72.76066589018006,65.6442697367074],[72.69404098201699,65.69423841783099],[72.60600092480126,65.8298676951627],[72.54651439965542,65.92504613539592],[72.45133595942238,65.97263535551153],[72.37043428522398,66.0559164907163],[72.24194339090985,66.06305487373353],[72.09203734754229,66.10112624982682],[72.03017136139042,66.14157708692709],[71.98258214127391,66.20106361207223],[71.98972052429122,66.23437606615332],[71.95640807021005,66.27006798124148],[71.91119831109873,66.31051881833989],[71.91595723311084,66.35096965543926],[71.88264477902885,66.40807671957919],[71.81126094885448,66.43663025165004],[71.68752897655077,66.42949186863095],[71.56141754324184,66.42473294662071],[71.4567212589856,66.4033177975671],[71.31633305964124,66.38190264851434],[71.07124857604072,66.38428210952046],[70.96893175279047,66.39855887555676],[70.80712840439355,66.37714372650314],[70.62628936795082,66.38190264851434],[70.58345906984559,66.38904103153254],[70.53349038872307,66.37952318751012],[70.40262003340285,66.38666157052742],[70.31933889819842,66.38428210952046],[70.2241604579655,66.39379995354466],[70.01238842844677,66.46280432271399],[69.91958944921903,66.45090701768459],[69.79347801591011,66.47232216673635],[69.70305849768837,66.45566593969669],[69.60312113544333,66.44138917366038],[69.49128646816976,66.46994270573123],[69.44369724805324,66.50087569880728],[69.3842107229074,66.51991138685392],[69.29855012669768,66.53418815288848],[69.20813060847595,66.5865362950162],[69.15816192735342,66.63888443714401],[69.17957707640608,66.66981743022009],[69.2295457575286,66.68885311826674],[69.22240737451057,66.72692449436002],[69.1938538424406,66.75547802642998],[69.10343432421888,66.7673753314593],[69.112952168243,66.80306724654747],[69.20337168646392,66.81972347358712],[69.24858144557516,66.81972347358712],[69.38183126190138,66.83162077861655],[69.503183773199,66.80068778554048],[69.58646490840279,66.80544670755259],[69.56029083733884,66.82210293459411],[69.46749185811109,66.85303592767016],[69.47938916314043,66.86969215470984],[69.54363461029749,66.8601743106874],[69.6673665826012,66.83637970062864],[69.75302717881091,66.82210293459411],[69.84820561904394,66.84113862264076],[69.9457635202829,66.85303592767016],[69.99811166241143,66.87683053772705],[70.04808034353405,66.87683053772705],[70.13612040074977,66.8577948496804],[70.20750423092485,66.85541538867528],[70.27888806109922,66.82210293459411],[70.37168704032698,66.78403155850083],[70.46686548056,66.78641101950595],[70.53111092771707,66.80068778554048],[70.62628936795082,66.80544670755259],[70.7428829572365,66.81020562956479],[70.80474894338755,66.79830832453536],[70.85947654652209,66.817344012582],[70.88327115657995,66.8601743106874],[70.94989606474383,66.87920999873404],[71.01652097290699,66.89824568678068],[71.07838695905883,66.88396892074614],[71.11883779615724,66.88634838175136],[71.24494922946616,66.92204029683943],[71.36630174076386,66.97438843896725],[71.44958287596828,66.97676789997237],[71.48527479105546,66.93155814086185],[71.54476131620132,66.91490191382033],[71.58759161430572,66.92679921884977],[71.61138622436438,66.97676789997237],[71.6613549054869,66.98152682198457],[71.69228789856288,66.96487059494305],[71.68514951554477,66.94345544589129],[71.76129226773196,66.91252245281521],[71.83267609790633,66.93869652387909],[71.83743501991844,66.9934241270139],[71.91119831109873,67.06004903517626],[72.01827405636101,67.08384364523589],[72.07062219848963,67.09574095026343],[72.0158945953558,67.11477663831008],[72.03968920541365,67.13381232635672],[72.0944168085482,67.1314328653516],[72.14676495067602,67.13381232635672],[72.177697943752,67.15760693641548],[72.15866225570535,67.20281669552608],[72.17055956073469,67.22185238357272],[72.20387201481577,67.22185238357272],[72.22766662487443,67.18378100747944],[72.24908177392709,67.18378100747944],[72.28239422800826,67.26230322067298],[72.18721578777522,67.25992375966601],[72.10393465257152,67.26706214268322],[72.13962656765871,67.2979951357593],[72.20863093682787,67.33606651185258],[72.23718446889775,67.32416920682314],[72.31094776007814,67.33368705084746],[72.33712183114281,67.31703082380594],[72.47037164746902,67.35748166090619],[72.51558140658025,67.40269142001671],[72.50606356255702,67.45741902314964],[72.55127332166754,67.48121363320936],[72.60124200278997,67.48121363320936],[72.64883122290648,67.47169578918508],[72.6916615210117,67.49549039924392],[72.67738475497636,67.52642339231988],[72.6892820600057,67.55497692438897],[72.73211235811019,67.56687422941829],[72.75590696816884,67.60256614450645],[72.77256319520939,67.63111967657554],[72.82967025934914,67.64063752059974],[72.89629516751302,67.6620526696515],[73.00099145176937,67.6668115916637],[73.05809851590921,67.68346781870513],[73.11520558004895,67.77150787591924],[73.17945102720682,67.82385601804796],[73.19848671525347,67.87382469917065],[73.34363383660903,67.89999877023453],[73.34363383660903,67.9333112243157],[73.36504898566159,67.94996745135722],[73.32221868755637,67.99041828845563],[73.20800455927679,68.00707451549715],[73.16279480016547,68.05942265762499],[73.16279480016547,68.08559672868884],[73.15327695614224,68.13080648780033],[73.09854935300841,68.13080648780033],[73.08903150898509,68.1569805588642],[73.13186180709039,68.19029301294538],[73.1294823460843,68.23074385004566],[73.14613857312493,68.26881522613894],[73.0961698920024,68.34257851731851],[73.19134833223535,68.3806498934118],[73.31983922655036,68.3830293544188],[73.40074090074877,68.40206504246544],[73.46498634790584,68.46631048962269],[73.52447287305168,68.4686899506278],[73.55302640512156,68.44251587956384],[73.59823616423287,68.45441318459325],[73.60537454725016,68.49724348269953],[73.61727185227952,68.5543505468377],[73.58157993719232,68.59004246192586],[73.53161125606971,68.63763168204147],[73.45546850388251,68.654287909083],[73.36504898566159,68.65904683109511],[73.25797324039922,68.67570305813476],[73.17231264418879,68.67094413612452],[73.10568773602563,68.67808251914175],[73.04620121087987,68.67570305813476],[72.87963894047175,68.68522090215907],[72.80587564929138,68.71853335624016],[72.71069720905834,68.72567173925748],[72.60600092480126,68.742327966299],[72.4941662575277,68.85178317256666],[72.46799218646294,68.91602861972478],[72.47275110847504,68.95409999581807],[72.54413493865013,68.99693029392346],[72.51796086758554,69.04214005303405],[72.43943865439306,69.08972927314969],[72.4180235053413,69.15159525930181],[72.43467973238185,69.20394340142954],[72.43467973238185,69.26105046557043],[72.4989251795389,69.29674238065675],[72.50606356255702,69.37526459385029],[72.42278242735252,69.40619758692627],[72.35377805818344,69.39667974290205],[72.28239422800826,69.36336728882088],[72.23242554688574,69.41095650893661],[72.26573800096772,69.45378680704198],[72.3347423701368,69.43475111899534],[72.39660835628865,69.43475111899534],[72.43943865439306,69.4633046510662],[72.38471105125932,69.5442063252631],[72.41564404433521,69.58465716236239],[72.39422889528264,69.61559015543844],[72.42754134936453,69.6512820705266],[72.4204029663465,69.71552751768377],[72.44895649841638,69.7773935038358],[72.42278242735252,69.8130854189221],[72.43467973238185,69.84877733401026],[72.48226895249836,69.88684871010355],[72.5393760166382,69.93205846921504],[72.46323326445172,69.99154499436008],[72.45609488143441,70.07482612956397],[72.43467973238185,70.13431265470902],[72.46799218646294,70.14620995973834],[72.5322376336209,70.19379917985592],[72.52271978959757,70.21045540689559],[72.39422889528264,70.19379917985592],[72.36805482421869,70.22235271192491],[72.30380937706082,70.24852678298888],[72.22528716386842,70.27470085405272],[72.25146123493309,70.29373654209937],[72.30380937706082,70.28183923707093],[72.375193207236,70.25566516600608],[72.46799218646294,70.23900893896644],[72.4989251795389,70.25328570500096],[72.43705919338785,70.32704899618145],[72.41088512232318,70.38177659931625],[72.4608538034457,70.40795067038022],[72.54651439965542,70.42936581943198],[72.63931337888326,70.45791935150282],[72.73211235811019,70.46029881250794],[72.76304535118607,70.48409342256679],[72.73211235811019,70.5388210257015],[72.7368712801222,70.57213347978268],[72.69404098201699,70.62210216090627],[72.71545613106964,70.65065569297437],[72.70355882604031,70.71014221812038],[72.70355882604031,70.79580281433117],[72.6583490669298,70.84101257344176],[72.63693391787714,70.88384287154528],[72.60362146379597,70.8886017935574],[72.56555008770198,70.92191424763857],[72.5774473927313,70.95046777970953],[72.57982685373732,70.98140077278637],[72.46323326445172,71.0337489149142],[72.39660835628865,71.03850783692454],[72.34663967516613,70.99091861680793],[72.2562201569444,70.97426238976915],[72.16580063872266,70.95760616272673],[72.23718446889775,71.00281592183725],[72.30618883806692,71.03136945390722],[72.33712183114281,71.05992298597815],[72.32284506510746,71.07895867402479],[72.24908177392709,71.08847651804714],[72.19197470978725,71.10275328408167],[72.05396597144909,71.1194095111232],[72.00161782932055,71.14558358218707],[71.92071615512205,71.16461927023371],[71.83505555891233,71.21934687336852],[71.78746633879582,71.24552094443249],[71.73273873566208,71.25979771046693],[71.6994262815801,71.28835124253786],[71.73273873566208,71.2931101645481],[71.75891280672595,71.28121285952055],[71.79222526080792,71.28597178153089],[71.76843065074927,71.33356100164838],[71.73511819666729,71.3359404626535],[71.70180574258612,71.31928423561473],[71.537622933184,71.29786908656021],[71.47575694703224,71.31452531360173],[71.5043104791021,71.32880207963626],[71.61614514637648,71.3359404626535],[71.6542165224696,71.3478377676829],[71.76367172873717,71.35735561170623],[71.79936364382516,71.37639129975287],[71.75653334571993,71.43587782489791],[71.6994262815801,71.51440003809148],[71.72560035264397,71.55009195317777],[71.63756029542824,71.63337308838344],[71.68514951554477,71.63813201039378],[71.73273873566208,71.60481955631258],[71.78984579980184,71.59054279027805],[71.83029663690104,71.61195793932981],[71.7398771186794,71.68810069151638],[71.65659598347489,71.7880380537608],[71.74701550169661,71.76186398269695],[71.83029663690104,71.72617206760967],[71.91357777210483,71.72379260660367],[71.98972052429122,71.71665422358635],[72.06824273748362,71.73331045062699],[72.08965788653627,71.89035487701311],[72.15628279469934,71.90463164304765],[72.15628279469934,71.93080571411161],[72.16580063872266,71.9688770902049],[72.14676495067602,72.00694846629818],[72.17293902174069,72.04977876440445],[72.22528716386842,72.061676069432],[72.2562201569444,72.09736798452016],[72.26335853996162,72.14019828262369],[72.32998344812557,72.16399289268244],[72.41088512232318,72.1949258857585],[72.37757266824201,72.21872049581725],[72.43705919338785,72.25441241090354],[72.48702787450958,72.33531408510223],[72.55841170468474,72.39480061025003],[72.66548744994702,72.50425581651601],[72.6916615210117,72.5518450366335],[72.72735343609898,72.58277802970954],[72.78921942225074,72.58991641272678],[72.82253187633191,72.60895210077342],[72.73449181911619,72.62322886680795],[72.68690259899968,72.63988509384947],[72.7749426562154,72.66130024290123],[72.80349618828537,72.69223323597731],[72.88915678449499,72.68747431396511],[72.98909414674003,72.70888946301874],[73.06047797691522,72.71364838502907],[73.02716552283323,72.74696083911292],[73.16041533916027,72.76361706615168],[73.19134833223535,72.75171976112236],[73.24607593536999,72.770755449169],[73.22704024732334,72.79455005922863],[73.10330827501963,72.81834466928561],[72.96767899768747,72.82786251330981],[72.85108540840179,72.8231035912977],[72.72021505308157,72.83738035733225],[72.6178982298306,72.84927766236157],[72.54651439965542,72.85403658437377],[72.48464841350437,72.8659338894031],[72.39660835628865,72.85403658437377],[72.29429153303758,72.8635544283961],[72.18007740475801,72.88021065543762],[72.12772926262937,72.88021065543762],[71.98258214127391,72.89924634348426],[71.92547507713417,72.91828203153091],[71.76843065074927,72.91352310951882],[71.72560035264397,72.93731771957755],[71.65183706146368,72.94683556360177],[71.52810508916076,72.93017933656034],[71.43054718792092,72.92066149253603],[71.31395359863524,72.91590257052579],[71.15928863325644,72.89686688247915],[71.05459234900017,72.88259011644274],[70.95465498675512,72.84927766236157],[70.92372199367915,72.8659338894031],[70.98558797983101,72.9063847265015],[70.99034690184311,72.93017933656034],[70.89040953959807,72.93493825857243],[70.8618560075281,72.94445610259478],[70.77381595031238,72.94445610259478],[70.66674020505002,72.97300963466571],[70.61439206292148,72.97300963466571],[70.48590116860665,72.98966586170539],[70.41213787742618,72.98252747868807],[70.33599512523898,73.0039426277417],[70.25271399003536,73.0039426277417],[70.17419177684287,72.99204532271236],[70.06949549258661,72.98966586170539],[69.9838348963761,72.97300963466571],[69.88865645614305,72.95635340762419],[69.824411008986,72.95873286862931],[69.88389753413185,72.98490693969505],[69.84344669703265,73.02535777679356],[69.90055376117239,73.04201400383498],[69.95290190330093,73.04201400383498],[70.03380357749862,73.0515318478574],[70.08853118063325,73.02535777679356],[70.18133015986018,73.02297831578834],[70.2289193799767,73.039634542828],[70.1884685428783,73.07770591892128],[70.0266651944814,73.09674160696792],[69.91958944921903,73.0848443019386],[69.74350933478759,73.09674160696792],[69.68640227064785,73.12053621702677],[69.63643358952523,73.10150052898013],[69.65308981656585,73.07056753590405],[69.64595143354855,73.03249615981076],[69.56504975935013,72.98252747868807],[69.45321509207656,72.94445610259478],[69.40086694994802,72.89924634348426],[69.21526899149326,72.81120628626829],[69.17005923238275,72.78265275419832],[69.25334036758645,72.77551437118109],[69.27951443865032,72.76361706615168],[69.2676171336218,72.74934030011724],[69.1486440833302,72.7374429950878],[69.1557824663474,72.71126892402395],[69.14388516131808,72.65892078189611],[69.11771109025422,72.61133156177854],[69.13674677830086,72.58277802970954],[69.20337168646392,72.57326018568526],[69.22002791350528,72.53756827059895],[69.1890949204294,72.53518880959197],[69.10105486321368,72.54708611462138],[69.06060402611448,72.53042988757986],[69.06060402611448,72.5090147385281],[69.00825588398584,72.46618444042272],[69.00349696197463,72.43287198634152],[68.96780504688664,72.40907737628456],[68.93211313179945,72.30676055303323],[68.89404175570625,72.27582755995718],[68.8702471456476,72.21158211280002],[68.81076062050175,72.17351073670673],[68.78696601044399,72.09974744552528],[68.68702864819893,72.04501984239147],[68.66799296015229,71.96649762919968],[68.62516266204699,71.93080571411161],[68.61326535701846,71.8760781109768],[68.55853775388391,71.82848889086108],[68.55853775388391,71.77614074873325],[68.44194416459831,71.76186398269695],[68.36104249039983,71.7404488336442],[68.33962734134806,71.70237745755091],[68.16592668792183,71.68810069151638],[68.13023477283464,71.6547882374353],[68.0398152546129,71.63099362737645],[68.01364118354904,71.59292225128317],[67.81614592006494,71.5619892582072],[67.74000316787856,71.51202057708448],[67.64482472764553,71.49060542803272],[67.65672203267405,71.47156973998608],[67.82328430308218,71.49536435004484],[67.90180651627466,71.52867680412601],[67.93987789236786,71.50964111607937],[67.92560112633332,71.48584650602064],[67.84231999112882,71.46205189596365],[67.85183783515214,71.42635998087559],[67.79948969302441,71.41208321484103],[67.75190047290789,71.45253405193944],[67.6400658056335,71.44063674691003],[67.6353068836222,71.41684213685127],[67.61151227356363,71.40018590981163],[67.53536952137725,71.45967243495667],[67.41163754907353,71.43111890288768],[67.34263317990516,71.4334983638928],[67.20700390257213,71.40970375383407],[67.13799953340305,71.36211453371746],[67.00712917808292,71.3406993846657],[66.96905780198963,71.31214585259474],[66.90957127684388,71.28299745527421],[66.85008475169802,71.21518281660796],[66.78821876554616,71.1794909015198],[66.82629014163936,71.15688602196494],[66.93336588690164,71.15212709995284],[66.95478103595428,71.11762491536953],[66.92146858187311,71.07479461726416],[66.78940849604953,70.97723671602583],[66.69492603485418,70.90652243382193],[66.6399222298651,70.88513206521472],[66.60936456042698,70.8713811139678],[66.62005974473068,70.85915804619165],[66.65520106458385,70.84540709494286],[66.68728661749441,70.83623979411277],[66.72242793734827,70.82248884286489],[66.69339815138252,70.80873789161885],[66.6704798993041,70.79345905689752],[66.69187026791008,70.78581963953908],[66.74534618942671,70.790403289956],[66.82632401343744,70.80568212467368],[66.87368840106755,70.81179365856313],[66.95466622507988,70.81790519244993],[67.01578156395549,70.8194330759197],[67.03411616561976,70.80262635773038],[67.07995266977511,70.78123598912137],[67.11967764004625,70.77359657176116],[67.09675938796701,70.73387160149473],[67.12731705740522,70.71553699983178],[67.11356610615812,70.6910908642794],[67.1212055235179,70.6651168452581],[67.13648435823735,70.62386399151816],[67.14565165906869,70.58566690471619],[67.17773721197776,70.56733230305599],[67.21899006571894,70.55510923527888],[67.25565926904606,70.53371886667449],[67.27399387070722,70.51080061459287],[67.31066307403435,70.50316119723354],[67.32899767569782,70.4848265955707],[67.36566687902254,70.47107564432643],[67.41455915012583,70.46190834349821],[67.43289375178787,70.44510162530062],[67.40844761623538,70.4282949071112],[67.37788994679798,70.40843242197482],[67.34427651041648,70.42218337322626],[67.30913519056341,70.45426892613338],[67.28316117154016,70.44968527571842],[67.281633288067,70.42676702363954],[67.26024291946253,70.41454395586427],[67.24649196821463,70.38704205337035],[67.2510756186303,70.36106803434818],[67.2235737161362,70.33967766574371],[67.21593429877572,70.312175763248],[67.19912758058462,70.29842481199834],[67.17009779461958,70.2862017442221],[67.12731705740522,70.25258830784148],[67.11203822268567,70.23578158965215],[67.13037282434924,70.232725822706],[67.16093049378664,70.2311979392371],[67.22968525002352,70.22814217229096],[67.26329868640575,70.22814217229096],[67.24954773515793,70.21439122104314],[67.24954773515793,70.18994508549352],[67.2510756186303,70.17313836730597],[67.27246598723798,70.15327588216675],[67.34122074347246,70.1334133970349],[67.30302365667538,70.12882974661444],[67.26024291946253,70.12424609620214],[67.24496408474307,70.09827207717811],[67.25260350210195,70.07535382509923],[67.2541313855736,70.04632403913365],[67.23885255085486,70.03715673830357],[67.24801985168628,70.01118271928138],[67.23121313349517,70.00507118539008],[67.20523911447344,70.01729425316898],[67.14106800865302,70.00507118539008],[67.10134303838348,70.0142384862238],[67.05856230116984,70.00659906886634],[67.02189309784362,70.01576636969457],[67.02036521437115,70.04326827219124],[67.04328346645039,70.07993747551517],[67.01119791354053,70.08452112593207],[66.97911236062916,70.06007499038155],[66.93480373994396,70.03562885483005],[66.88285570189898,69.99590388456184],[66.86299321676536,69.96840198206615],[66.82174036302177,69.95617891429265],[66.80034999441659,69.92714912832523],[66.82174036302177,69.90728664318974],[66.814100945662,69.87978474069405],[66.82174036302177,69.8690895563923],[66.80646152830383,69.8385318869532],[66.78354327622549,69.80491845057259],[66.80340576135981,69.78658384890511],[66.81562882913445,69.75755406294408],[66.83701919774131,69.74838676211132],[66.86604898370867,69.7361636943333],[66.84313073162934,69.71477332572883],[66.84313073162934,69.69185507365005],[66.83701919774131,69.65976952073922],[66.83396343079801,69.62462820088517],[66.83549131426966,69.57726381325665],[66.84924226551675,69.56351286201063],[66.85840956634969,69.53753884298933],[66.87674416801086,69.51462059091045],[66.90424607050656,69.508509057021],[66.9332758564723,69.5023975231343],[66.96230564243885,69.49017445535807],[66.98216812757317,69.50545329007585],[66.96841717632617,69.53448307604141],[66.92716432258419,69.57420804631326],[66.8859114688422,69.58643111408675],[66.8721605175959,69.62004455047011],[66.87827205148331,69.63073973477462],[66.9164691382812,69.6185166669975],[66.95008257466262,69.6185166669975],[66.97147294326948,69.6368512686631],[66.97147294326948,69.65976952073922],[66.95924987549483,69.68421565628975],[66.97605659368675,69.68879930670666],[66.99439119534861,69.68574353976513],[67.02342098131446,69.66893682157206],[67.05550653422662,69.65060221990913],[67.09523150449456,69.65060221990913],[67.13342859129173,69.64907433643748],[67.16093049378664,69.63532338518966],[67.16093049378664,69.62157243394356],[67.17009779461958,69.60782148269388],[67.20218334753014,69.60782148269388],[67.27704963765284,69.59712629839302],[67.32135825833734,69.57879169673106],[67.34274862694491,69.55587344464766],[67.36261111207932,69.53142730909988],[67.40844761623538,69.508509057021],[67.45122835344975,69.50086963966079],[67.49553697413575,69.49323022230146],[67.50928792538284,69.508509057021],[67.47720237247307,69.53753884298933],[67.46192353775282,69.55281767770613],[67.48484178983355,69.55281767770613],[67.51539945927016,69.54365037687327],[67.53678982787774,69.5360109595176],[67.57040326425926,69.52531577521043],[67.58720998245036,69.50545329007585],[67.58568209897871,69.47336773716509],[67.58415421550785,69.44586583467117],[67.57498691467572,69.42905911648175],[67.57804268161902,69.40308509745869],[67.54595712870997,69.36794377760367],[67.54290136176515,69.34349764205581],[67.54442924523832,69.3159957395601],[67.56276384690028,69.30071690484056],[67.5581801964838,69.28849383706618],[67.57193114773241,69.25335251721205],[67.59484939981013,69.22279484777305],[67.63915802049533,69.18154199403122],[67.68957817506876,69.1570958584807],[67.69416182548443,69.1372333733461],[67.74916563047262,69.09598051960528],[67.79041848421389,69.06847861710958],[67.83931075531638,69.04556036503257],[67.9065376280808,69.01041904517658],[67.93556741404575,68.98597290962604],[67.93556741404575,68.9691661914367],[67.95848566612428,68.96305465754814],[68.01654523805729,68.96305465754814],[68.0639096256882,68.94930370630024],[68.0394634901366,68.94166428894093],[68.00737793722755,68.94166428894093],[68.07613269346213,68.904995085617],[68.09141152818079,68.89277201783898],[68.14947110011468,68.87902106659295],[68.21822585635078,68.87443741618065],[68.31448251508095,68.85457493104154],[68.34198441757435,68.8362403293786],[68.36948632006926,68.8362403293786],[68.40768340686714,68.83318456243617],[68.43060165894644,68.81943361118829],[68.45810356144055,68.8102663103582],[68.49630064823924,68.82401726160423],[68.56505540447542,68.84387974673882],[68.60936402515902,68.85610281451497],[68.60936402515902,68.87902106659295],[68.60936402515902,68.89124413436733],[68.62769862682339,68.88666048395228],[68.65061687890261,68.88360471700614],[68.69339761611536,68.88818836742846],[68.74076200374478,68.89124413436733],[68.80493310956439,68.8958277847869],[68.83701866247415,68.90652296908686],[68.85229749719201,68.90805085255852],[68.85688114760856,68.90346720214347],[68.84618596330557,68.87443741618065],[68.86604844844071,68.86068646493277],[68.89507823440645,68.85457493104154],[68.92563590384546,68.84387974673882],[68.94244262203807,68.84540763021234],[68.98827912619423,68.8576306979867],[69.05245023201465,68.87596529965055],[69.11050980394694,68.89735566825678],[69.1563463081047,68.91416238644797],[69.18232032712635,68.91569026991786],[69.17009725935091,68.88207683353724],[69.15481842463296,68.85610281451497],[69.10592615353127,68.84387974673882],[69.09064731881261,68.82707302854762],[69.05245023201465,68.80873842688467],[69.00661372785619,68.79804324258205],[68.98216759230691,68.78582017480589],[69.00050219396967,68.7797086409191],[69.04328293118323,68.78734805827844],[69.09370308575504,68.79804324258205],[69.12426075519404,68.79804324258205],[69.16551360893524,68.8148499607696],[69.2006549287891,68.82401726160423],[69.23426836517132,68.83165667896267],[69.26024238419457,68.83012879549278],[69.26329815113867,68.81790572771664],[69.21593376350856,68.80873842688467],[69.16245784199273,68.79040382522183],[69.09675885269985,68.78123652439085],[69.05856176590197,68.76748557314295],[69.00508584438614,68.76290192272613],[68.9684166410599,68.73998367064902],[68.93785897162081,68.71553753509673],[68.89966188482222,68.68956351607544],[68.82937924511518,68.65289431274957],[68.81410041039572,68.62844817720091],[68.76673602276722,68.58566743998833],[68.73159470291255,68.54441458624481],[68.69034184917055,68.50927326639246],[68.64603322848694,68.47565983000918],[68.62005920946362,68.46190887876128],[68.64297746154284,68.4420463936249],[68.67200724750779,68.44051851015317],[68.71173221777741,68.43287909279385],[68.71020433430647,68.4007935398831],[68.7224274020796,68.38245893822025],[68.77131967318128,68.37023587044587],[68.7193716351371,68.35954068614413],[68.67964666486756,68.35648491919798],[68.66436783014802,68.3473176183679],[68.66742359709372,68.32134359934393],[68.67353513098024,68.29536958032168],[68.61547555904714,68.30453688115452],[68.57269482183429,68.3137041819846],[68.50394006559821,68.29842534726782],[68.44129684325014,68.27856286213321],[68.41685070769856,68.2464773092215],[68.37406997048501,68.2495330761649],[68.35573536882215,68.2342542414435],[68.28392484564284,68.21286387283911],[68.25031140925984,68.18383408687167],[68.20905855551855,68.16397160173895],[68.17391723566476,68.13188604882819],[68.15863840094522,68.09980049591647],[68.12808073150862,68.08452166119693],[68.10974612984506,68.10591202980592],[68.11738554720483,68.14105334966095],[68.15099898358545,68.16702736868226],[68.15099898358545,68.20522445547978],[68.14794321664223,68.23578212491975],[68.09905094554047,68.26939556130037],[68.05932597527092,68.27856286213321],[68.04557502402383,68.29078592990848],[68.0639096256882,68.29078592990848],[68.08377211082102,68.29078592990848],[68.10974612984506,68.29689746379607],[68.11585766373238,68.30300899768463],[68.08529999429427,68.30759264809782],[68.04557502402383,68.30759264809782],[68.0394634901366,68.31523206545714],[68.0669653926307,68.32134359934393],[68.08682787776664,68.33203878364844],[68.07002115957633,68.33203878364844],[68.06238174221504,68.34578973489624],[68.08988364470994,68.34578973489624],[68.1082182463711,68.34578973489624],[68.14335956622728,68.35648491919798],[68.13419226539594,68.37634740433258],[68.10210671248609,68.38245893822025],[68.07002115957633,68.39926565641323],[68.08224422735016,68.40843295724154],[68.09752306206971,68.42218390849033],[68.09141152818079,68.42829544237702],[68.06085385874418,68.42829544237702],[68.00890582069911,68.43746274320986],[67.99668275292368,68.44510216057009],[68.00279428681029,68.45426946140284],[67.947790481822,68.45732522834624],[67.87903572558511,68.45885311181611],[67.84236652226039,68.47107617959227],[67.81486461976549,68.48177136389587],[67.75374928088917,68.48482713084016],[67.7155521940912,68.48024348042236],[67.69263394201357,68.48941078125698],[67.72013584450607,68.50774538291805],[67.75680504783318,68.50927326639246],[67.83931075531638,68.50163384903135],[67.86834054128212,68.49246654819851],[67.89431456030377,68.48482713084016],[67.92792799668688,68.49093866472873],[67.91417704543818,68.50163384903135],[67.89737032724787,68.51996845069607],[67.82861557101178,68.54135881929867],[67.82097615365281,68.56733283832457],[67.82708768754094,68.57038860526612],[67.85000593961936,68.57344437221039],[67.88514725947402,68.5627491879059],[67.89889821072103,68.57344437221039],[67.85764535697834,68.6009462747052],[67.82403192059692,68.62997606067077],[67.79653001810192,68.62997606067077],[67.71708007756285,68.64678277886198],[67.66513203952027,68.66664526399657],[67.57498691467572,68.67581256482754],[67.4833139063604,68.67886833177272],[67.40539184929288,68.69873081690642],[67.31677460792238,68.71095388468436],[67.22662948308022,68.73234425328882],[67.18079297892257,68.75373462189782],[67.14259589212548,68.79651535910853],[67.11662187310134,68.83929609632199],[67.05856230116984,68.84846339715386],[67.00661426312325,68.84693551368221],[66.89355088620196,68.86068646493277],[66.76368079108947,68.88207683353724],[66.7010375687415,68.88207683353724],[66.59866937612391,68.88360471700614],[66.47796658184204,68.88971625089559],[66.3526801371453,68.904995085617],[66.27934173049346,68.9218018038082],[66.18155718829242,68.94319217241079],[66.11585819899955,68.9691661914367],[66.05321497665147,68.99819597740228],[65.97376503611241,69.01041904517658],[65.90806604681961,69.01805846253501],[65.84236705752755,69.04403248155904],[65.79805843684225,69.04403248155904],[65.7247200301897,69.03792094766959],[65.6697162252006,69.05319978238914],[65.62082395409965,69.07306226752641],[65.58721051771823,69.0883411022487],[65.5367903631449,69.09750840307515],[65.51234422759322,69.11584300473987],[65.53526247967244,69.11584300473987],[65.57193168299958,69.11889877168326],[65.61471242021321,69.10514782043359],[65.6223518375721,69.09445263613273],[65.64068643923406,69.09445263613273],[65.66054892437008,69.09750840307515],[65.67582775908953,69.08681321877252],[65.69569024422395,69.07459015099815],[65.70485754505458,69.08070168488484],[65.73235944754947,69.08070168488484],[65.7552776996286,69.06847861710958],[65.79194690295333,69.07611803447068],[65.81944880544992,69.0883411022487],[65.77972383517869,69.09445263613273],[65.71555272936067,69.10667570390703],[65.6697162252006,69.1234824220983],[65.61318453674076,69.1234824220983],[65.52762306231347,69.1372333733461],[65.44664523830275,69.1341776064028],[65.37177894817773,69.14945644112235],[65.28927324069625,69.16320739236838],[65.24190885306524,69.16320739236838],[65.1716262133584,69.18612564444902],[65.07078590421165,69.21057177999867],[65.04633976866157,69.22279484777305],[65.02189363310988,69.24418521638106],[64.98216866284113,69.23349003207754],[64.94549945951562,69.20904389652694],[64.92410909090884,69.18612564444902],[64.94702734298647,69.17848622708792],[64.94549945951562,69.1616795088985],[64.89507930494149,69.15251220806566],[64.8706331693906,69.1372333733461],[64.84007549995249,69.12501030557084],[64.78048804454855,69.10056417002032],[64.72548423955945,69.08528533529893],[64.72889937964342,69.06639171445386],[64.7574529117133,69.043786834899],[64.81218051484792,69.01523330283001],[64.79433455730384,68.99024896226817],[64.87523623150243,68.97359273522673],[64.94543033117452,68.94503920315677],[64.99182982078759,68.90934728807039],[64.97398386324438,68.88436294750863],[64.97636332425013,68.87365537298231],[65.04060877140728,68.85342995443257],[65.0644033814655,68.82844561387083],[65.1726688572314,68.77966666325298],[65.18813535376876,68.74873367017604],[65.18258327808832,68.71427554968521],[65.21351627116474,68.68810147862037],[65.26229522178363,68.66549659906471],[65.35390447050801,68.614338187439],[65.36937096704627,68.58340519436383],[65.40506288213354,68.56436950631719],[65.45384183275314,68.50964190318247],[65.49786186136119,68.4810883711134],[65.52998458494017,68.46324241356976],[65.50500024437868,68.44182726451622],[65.50024132236702,68.41684292395527],[65.48596455633212,68.39185858339529],[65.47049805979395,68.37520235635385],[65.47406725130305,68.35735639881023],[65.49905159186375,68.34426936327868],[65.52046674091693,68.32166448372206],[65.55734838650667,68.26217795857612],[65.59304030159396,68.23124496550005],[65.60136841511472,68.21101954695129],[65.57519434405076,68.18246601488133],[65.50975916639034,68.15391248281136],[65.48596455633212,68.1170308372202],[65.44551371923328,68.09323622716235],[65.44551371923328,68.0753902696188],[65.40030396012187,68.04207781553761],[65.37294015855537,68.00281670894124],[65.37888881106949,67.9861604818998],[65.43956506671826,67.97069398536314],[65.52760512393442,67.95998641083682],[65.56805596103327,67.96474533284795],[65.60255814561808,67.96474533284795],[65.63230140819041,67.95403775832162],[65.6679933232777,67.95641721932684],[65.7274798484239,67.94570964480131],[65.79053556507849,67.95284802781951],[65.85121182072726,67.9445199142983],[65.9297340339193,67.91834584323355],[65.99278975057389,67.92072530423955],[66.05465573672521,67.90287934669689],[66.09510657382486,67.90287934669689],[66.13674714142635,67.89574096367869],[66.19266447506345,67.87551554512905],[66.20575151059587,67.86361824010052],[66.2438228866889,67.84815174356208],[66.26642776624455,67.82911605551544],[66.26642776624455,67.79223440992605],[66.26523803574128,67.7660603388613],[66.26285857473545,67.72204031025282],[66.23073585115657,67.68872785617164],[66.19266447506345,67.66612297661686],[66.14507525494703,67.63162079203171],[66.1284190279063,67.59473914644063],[66.08796819080746,67.54833965682703],[66.00944597761462,67.5031298977174],[65.91783672889024,67.46981744363435],[65.81908909714828,67.44364337257139],[65.76436149401454,67.41390010999841],[65.7167722738973,67.36988008138994],[65.69059820283336,67.3163422087591],[65.66085494026021,67.27708110216281],[65.60136841511472,67.21640484651468],[65.5287948544369,67.14383128583631],[65.496672130858,67.10457017924003],[65.49548240035544,67.07601664717006],[65.50618997488124,67.05936042013032],[65.54783054248344,67.04746311510098],[65.59660949310314,67.03080688806035],[65.63706033020199,67.01653012202404],[65.66204467076348,66.99868416448138],[65.65133709623697,66.98559712894807],[65.6227835641671,66.97845874593075],[65.58709164907982,66.98083820693773],[65.56329703902169,66.97132036291441],[65.56210730851834,66.95942305788411],[65.5704354220391,66.94276683084445],[65.55853811701003,66.93562844782625],[65.52046674091693,66.93562844782625],[65.47168779029722,66.95228467486777],[65.4205293786717,66.95466413587289],[65.38602719408698,66.94157710034145],[65.35985312302294,66.91302356827148],[65.32535093843822,66.87257273117211],[65.24325953373707,66.85948569563968],[65.11833783093117,66.84639866010727],[65.03624642623011,66.83093216357061],[64.92084256744751,66.77977375194402],[64.79354140363577,66.75954833339436],[64.63768670775345,66.75478941138404],[64.52228284897085,66.74289210635382],[64.38189464962677,66.68935423372291],[64.22960914525363,66.67388773718447],[64.09516959842449,66.65842124064783],[63.95597112958288,66.63581636109119],[63.820341852250465,66.61321148153544],[63.71802502900029,66.58346821896336],[63.66567688687141,66.57989902745524],[63.58953413468528,66.5537249563904],[63.53361680104808,66.51565358029711],[63.49435569445171,66.50851519727891],[63.4039361762306,66.49066923973625],[63.37776210516655,66.45854651615808],[63.37538264416072,66.40857783503449],[63.315896119014525,66.34314265737521],[63.2088203737527,66.22654906808927],[63.15528250112142,66.21465176305905],[63.08508840144934,66.22892852909447],[62.997048344233264,66.2336874511057],[62.95659750713433,66.17895984797266],[62.967305081660925,66.1551652379148],[62.94232074109944,66.14088847187848],[62.922095322549524,66.11471440081462],[62.91495693953212,66.06950464170491],[62.86498825840995,66.02667434359863],[62.8316758043285,65.98860296750534],[62.82453742131101,65.94220347789272],[62.820968229801906,65.90175264079335],[62.785276314714636,65.8755785697285],[62.71151302353425,65.85297369017373],[62.655595689897055,65.86011207319184],[62.58540159022506,65.85297369017373],[62.45572096540678,65.8327482716231],[62.342696567630014,65.82204069709856],[62.284399772987,65.83155854112188],[62.25108731890555,65.82560988860678],[62.22362233312559,65.80849996461164],[62.08442386428477,65.77399778002658],[62.028506530647675,65.75972101399203],[61.942845934438225,65.71927017689177],[61.89049779230943,65.64669661621429],[61.79412962157339,65.59077928257825],[61.70133064234645,65.54556952346687],[61.6192392376453,65.50273922536147],[61.49907645685035,65.44920135273055],[61.44791804522481,65.40637105462613],[61.38724178957676,65.35521264300132],[61.337273108453886,65.342125607468],[61.26588927827933,65.30524396187774],[61.19926437011554,65.28501854332808],[61.13858811446758,65.23623959270847],[61.0648248232864,65.18389145058066],[60.99344099311185,65.1565276490137],[60.88755497835258,65.11012815939921],[60.7685819280608,65.07919516632413],[60.669834296318925,65.07324651380989],[60.52706663596902,65.07324651380989],[60.483046607360976,65.05302109525928],[60.42831900422715,64.99948322262844],[60.355745443549324,64.95189400251184],[60.26651565583069,64.91144316541246],[60.14873233604146,64.87337178931918],[60.0809176973753,64.85314637076954],[60.02619009424147,64.82816203020955],[59.983359796136796,64.78890092361327],[59.96338975836272,64.74584165026684],[59.943164339812895,64.70301135216323],[59.90985188573144,64.66850916757718],[59.8908161976849,64.63162752198699],[59.86226266561502,64.5828485713673],[59.82895021153277,64.56738207482975],[59.76589449487898,64.54953611728611],[59.73139231029417,64.53763881225767],[59.70640796973278,64.51146474119282],[59.6742852461538,64.49123932264318],[59.65524955810724,64.4638755210772],[59.654059827604684,64.44483983303056],[59.67666470715963,64.39368142140395],[59.67190578514797,64.33419489625794],[59.64335225307819,64.28898513714832],[59.637403600564056,64.24734456954681],[59.64454198358146,64.20808346294965],[59.693320934201154,64.17358127836545],[59.823001559018635,64.1521661293136],[59.88843673667907,64.14502774629548],[59.908662155228086,64.10814610070432],[59.89438538919319,64.07364391612103],[59.818242637006975,64.03914173153498],[59.76232530336988,64.00701900795778],[59.73615123230583,63.960619518343286],[59.68499282068039,63.91422002873057],[59.587434919440994,63.93563517778145],[59.53151758580469,63.960619518343286],[59.54341489083376,63.93206598627332],[59.51010243675151,63.91303029822668],[59.51486135876317,63.88328703565362],[59.563640309382876,63.82261078000468],[59.53032785530142,63.74884748882501],[59.55055327385125,63.70720692122174],[59.53984569932466,63.62392578601883],[59.50058459272827,63.512091118744095],[59.51486135876317,63.48710677818323],[59.502964053734104,63.45260459359816],[59.47441052166424,63.434758636055406],[59.468461869150104,63.408584564990655],[59.445856989594446,63.37884130241858],[59.430390493056194,63.34076992632431],[59.37923208143147,63.31102666375223],[59.362575854390826,63.26343744363474],[59.22337738554923,63.126618435799145],[59.15794220788881,63.09568544272406],[59.14247571135135,63.06356271914588],[59.16032166889464,63.033819456572914],[59.23646442108165,62.99098915846753],[59.33402232232015,62.952917782375124],[59.3816115424373,62.95886643488846],[59.42682130154789,62.95886643488846],[59.45537483361777,62.92079505879518],[59.45418510311521,62.88867233521709],[59.42206237953623,62.86725718616523],[59.4232521100387,62.79825281699598],[59.41298360488079,62.74251429854935],[59.385619803314285,62.70444292245607],[59.39989656934918,62.6675612768649],[59.4653317470096,62.64138720580104],[59.44034740644811,62.59855690769653],[59.44867551996808,62.56167526210537],[59.49507500958194,62.534311460538405],[59.571217761768864,62.51408604198876],[59.587873988809676,62.48434277941757],[59.578356144786355,62.44151248131129],[59.587873988809676,62.402251374715],[59.572407492271424,62.3534724240953],[59.50578258410853,62.31778050900812],[59.45819336399211,62.27495021090361],[59.4516679950498,62.232480821055105],[59.47665233561129,62.20273755848214],[59.46951395259433,62.16347645188674],[59.45642691706164,62.11826669277525],[59.455237186558726,62.07662612517375],[59.482600988126045,62.0540212456181],[59.467134491588325,62.01476013902172],[59.446248111647634,61.97992012972649]]]]}},{"type":"Feature","properties":{"kind":"district","id":"uyezd-1897-496","name":"Тюменский","provinceId":"gubernia-1897-98"},"geometry":{"type":"MultiPolygon","coordinates":[[[[64.1403652616411,57.28217140942704],[64.14869337516106,57.236961650317426],[64.17486744622545,57.207218387744454],[64.2188874748336,57.1798545861766],[64.27123561696158,57.142972940587214],[64.32953241160452,57.17033674215328],[64.3925881282592,57.191751891205044],[64.40924435529992,57.16319835913508],[64.43898761787244,57.13702428807122],[64.40924435529992,57.10728102549816],[64.37474217071556,57.0787274934282],[64.44374653988427,57.057312344376435],[64.5115611785501,57.03232800381557],[64.5650990511819,57.02043069878616],[64.62101638481892,56.99425662772229],[64.66265695242103,56.96451336514834],[64.70905644203427,56.92525225855205],[64.72214347756687,56.890750073967865],[64.72690239957791,56.8610068113949],[64.73017783046905,56.824683310978784],[64.7686795158319,56.867242858036676],[64.88051418310584,56.90769369513597],[64.99710777239162,56.848207169989145],[65.12083974469435,56.84106878697272],[65.22791548995716,56.857725014012466],[65.25171010001564,56.91959100016538],[65.36116530628365,56.87200178004878],[65.49203566160415,56.84582770898305],[65.62290601692473,56.84582770898305],[65.73474068419857,56.80537687188553],[65.92033864265387,56.848207169989145],[66.01075816087516,56.762546573779254],[66.05358845898027,56.77682333981468],[66.08928037406773,56.82917148194339],[66.16066420424238,56.848207169989145],[66.19159719731782,56.95290345424657],[66.23680695642895,57.02904620643314],[66.28915509855703,57.012389979391614],[66.36053892873248,57.04808189447889],[66.42002545387832,57.07901488755486],[66.47237359600632,57.090912192584284],[66.57231095825138,57.076635426548854],[66.6960429305542,57.086153270572176],[66.803118675817,57.13136302968357],[66.87926142800349,57.169434405776855],[66.92685064811974,57.18609063281838],[67.0148907053359,57.183711171812284],[67.06723884746398,57.11708626364815],[67.21714489083112,57.15515763974143],[67.27425195497105,57.183711171812284],[67.26684918739771,57.21464416488746],[67.28826433644956,57.245577157963424],[67.33109463455469,57.31696098813789],[67.42865253579373,57.34313505920185],[67.52383097602694,57.39548320133056],[67.62852726028383,57.45259026547137],[67.70229055146447,57.50017948558798],[67.72846462252808,57.59773738682631],[67.65470133134743,57.654844450965356],[67.4928979829514,57.75002289119945],[67.36916601064797,57.82378618238002],[67.28588487544435,57.88803162953717],[67.16215290314082,57.90230839557259],[67.07649230693058,57.90468785657869],[67.00510847675594,57.94513869367798],[66.96703710066265,57.9879689917816],[66.81951051830134,58.00462521882312],[66.74098830510886,58.05459389994573],[66.67436339694525,58.07838851000359],[66.57594100401109,58.07708348483904],[66.4593474147254,58.05090941377419],[66.33323598141666,58.03187372572844],[66.19046832106658,58.04139156975176],[66.14049963994441,58.04377103075785],[66.07149527077569,58.048529952768185],[66.00962928462393,58.03663264773965],[65.95490168148991,58.03425318673365],[65.8335491701923,57.984284505610944],[65.76692426202861,57.95335151253586],[65.57180845955124,57.927177441471905],[65.49090678535282,57.929556902478],[65.37193373506113,57.94383366851165],[65.29817044388048,57.908141753424374],[65.10543410240822,57.81772223520238],[64.84131393076125,57.72254379497005],[64.60574729118377,57.64878050378958],[64.42728771574632,57.60119128367209],[64.42626843891823,57.537967697256114],[64.45012241463102,57.53235499708896],[64.48462459921538,57.5097501175333],[64.46201971965982,57.5014220040121],[64.4584505281517,57.48238631596634],[64.43108672658438,57.45502251439849],[64.45250187563695,57.42765871283153],[64.44060457060726,57.418140868809104],[64.4061023860229,57.405053833277655],[64.3668412794267,57.40743329428189],[64.32995963383641,57.39434625875035],[64.30497529327565,57.375310570704684],[64.26571418667945,57.355085152154956],[64.20860712253952,57.334859733605306],[64.16458709393149,57.32058296756988],[64.14555140588485,57.34080838611864],[64.10391083828272,57.33129054209532],[64.1265157178382,57.309875393043555],[64.1403652616411,57.28217140942704]]]]}},{"type":"Feature","properties":{"kind":"district","id":"uyezd-1897-497","name":"Сургутский","provinceId":"gubernia-1897-98"},"geometry":{"type":"MultiPolygon","coordinates":[[[[82.72924333878697,61.15905179258065],[82.64834166458857,61.282783764883824],[82.52936861429768,61.33513190701254],[82.47226155015775,61.39699789316368],[82.39135987595942,61.44934603529239],[82.34852957785422,61.5397655535135],[82.21052083951597,61.70632782392207],[82.05347641313179,61.82530087421216],[81.87739629870018,61.96806853456295],[81.68228049622199,62.09655942887824],[81.48240577173189,62.26312169928494],[81.27301320321882,62.405889359634756],[81.1635579969509,62.51058564389226],[81.0160314145896,62.6057640841245],[80.7114604058435,62.796120964590926],[80.38309478703874,63.02930814316282],[79.92147935190766,63.33863807392024],[79.67401540730131,63.5040106138258],[79.35040871050856,63.677711267251674],[79.23128433387376,63.72505345712035],[78.79822243081247,63.665566931975306],[77.59183570085614,63.51328142760119],[76.60911830544859,63.380031611274696],[75.42890564655701,63.218228262878235],[74.48188016623672,63.07784006353451],[73.62289474313127,62.9326929421786],[72.72345848292743,62.78992528182878],[71.81688383970635,62.63288085544353],[71.53372798001254,62.58053271331571],[71.1601526020971,62.2164751794235],[70.82464860027545,61.84527926251397],[70.49152405945921,61.48122172862166],[70.33923855508564,61.31703891922008],[70.127466525567,61.26707023809738],[70.15141246196788,61.229245892252905],[70.15617138397971,61.20545128219327],[70.21327844811964,61.18165667213542],[70.2727649732655,61.19117451615962],[70.3274925763995,61.18403613314151],[70.3941174845631,61.19593343816995],[70.4202915556267,61.16975936710608],[70.37032287450462,61.00557655770353],[70.31559527137061,60.87708566339002],[70.24897036320701,60.79618398919135],[70.14427407895091,60.69148770493393],[70.19900168208493,60.605827108724924],[70.34652826444605,60.39643454021097],[70.42742993864447,60.27984095092688],[70.52498783988368,60.13945275158218],[70.660617117216,60.0561716163775],[70.73675986940258,60.001444013244466],[70.99374165803252,59.96575209815728],[71.19361638252182,59.93957802709155],[71.37445541896528,59.87295311892919],[71.71709780380475,59.74684168562089],[72.02642773456279,59.62310971331772],[72.25723545212841,59.532690195095725],[72.42855664454811,59.449409059890954],[72.5737037659034,59.358989541668954],[72.64270813507292,59.31377978255934],[72.54277077282786,59.23287810836155],[72.42617718354218,59.149596973156775],[72.34051658733193,59.09248990901596],[72.22630245905208,59.00444985180184],[72.29292736721568,58.9806552417422],[72.3619317363845,58.97113739771888],[72.41427987851259,58.98303470274821],[72.47376640365835,58.96637847570855],[72.56656538288644,58.96637847570855],[72.62129298602045,58.952101709672235],[72.72360980927053,58.97113739771888],[72.75692226335278,58.952101709672235],[72.84496232056823,58.94734278766102],[72.9187256117488,58.90927141156774],[72.98297105890647,58.88547680150988],[73.07101111612194,58.87120003547445],[73.12811818026186,58.87833841849168],[73.16856901736098,58.923548177603166],[73.24471176954755,58.9306865606195],[73.29468045066963,58.90689195056164],[73.37796158587405,58.899753567545304],[73.59211307639895,58.86406165245625],[73.69442989964983,58.82836973736906],[73.75391642479568,58.823610815358734],[73.83481809899328,58.79505728328788],[73.91334031218578,58.79505728328788],[73.94665276626722,58.78791890026968],[74.03469282348338,58.79743674429389],[74.11083557566995,58.78553943926545],[74.17983994483868,58.76650375121792],[74.2369470089786,58.77364213423603],[74.27501838507189,58.72843237512463],[74.40112981838135,58.714155609089204],[74.44396011648647,58.692740460037356],[74.49630825861456,58.692740460037356],[74.55341532275449,58.63563339589654],[74.58672777683584,58.62373609086899],[74.65097322399353,58.576146870751494],[74.7675668132793,58.50952196258913],[74.90081662960571,58.47620950850617],[74.941267466705,58.42624082738436],[75.06024051699589,58.43813813241289],[75.10782973711285,58.38816945129108],[75.14828057421207,58.38578999028507],[75.21728494338079,58.359615919220225],[75.33387853266656,58.34058023117447],[75.40050344083016,58.32213940837849],[75.42191858988193,58.354262131958436],[75.41121101535605,58.39709243006294],[75.32198122763768,58.443491919676454],[75.27915092953263,58.49346060079915],[75.32911961065471,58.52201413286912],[75.48259484553077,58.56127523946452],[75.5397019096707,58.586259580027246],[75.4183493983738,58.657643410200734],[75.29342769556736,58.739734814902505],[75.37551910026876,58.78613430451602],[75.47188727100489,58.85394894318236],[75.69317714454675,58.95388630542679],[75.72886905963404,58.993147412023966],[75.72529986812592,59.09665396577749],[75.74314582566964,59.210868094057346],[75.7110231020904,59.23942162612731],[75.67890037851195,59.285821115739935],[75.80025288980957,59.34649737138896],[75.82523723037025,59.44286554212518],[75.78954531528288,59.47855745721246],[75.83237561338801,59.528526138335074],[75.87877510300197,59.582064010966874],[75.93945135865081,59.632032692089496],[76.03581952938615,59.59990996851052],[76.09292659352607,59.65344784114134],[76.13218770012236,59.71769328829939],[76.48910685099735,59.70698571377217],[76.79605732074945,59.70698571377217],[77.03162396032693,59.71769328829939],[77.16725323765854,59.61418673454594],[77.49561885646321,59.62132511756228],[77.85967639035525,59.60704835152774],[77.92392183751294,59.64274026661493],[78.02742839126691,59.62132511756228],[78.2130263497214,59.54994128738693],[78.34865562705373,59.57849481945689],[78.54853035154304,59.528526138335074],[78.67702124585841,59.57135643644055],[78.83049648073447,59.56421805342324],[78.89831111940036,59.435727159107074],[79.06963231182006,59.38932766949436],[79.20526158915247,59.367912520440726],[79.31233733441528,59.3143746478099],[79.40513631364249,59.32865141384533],[79.47652014381721,59.33578979686353],[79.7120867833946,59.28939030724993],[79.85128525223513,59.25369839216087],[79.94765342297126,59.23585243461733],[80.10112865784731,59.25726758367095],[80.17608167953088,59.35006656289718],[80.2974341908285,59.510680180790544],[80.3795255955299,59.65344784114134],[80.43306346816091,59.753385203385776],[80.49017053230084,59.81763065054381],[80.62104088762132,60.05022296386328],[80.69718363980789,60.283410142435095],[80.74477285992485,60.430936724796126],[80.83043345613439,60.48804378893695],[81.00175464855408,60.59274007319348],[81.27301320321882,60.71647204549666],[81.5347539138607,60.80689156371679],[81.94402120686297,60.94014138004426],[82.30569927974909,61.040078742288685],[82.60551136648425,61.116221494475255],[82.67106403796538,61.13891280383438],[82.72924333878697,61.15905179258065]]]]}},{"type":"Feature","properties":{"kind":"district","id":"uyezd-1897-580","name":"Туринский","provinceId":"gubernia-1897-98"},"geometry":{"type":"MultiPolygon","coordinates":[[[[61.23385503775831,60.99423052567431],[61.366473143352785,60.910352407607185],[61.52351756973776,60.80327666234464],[61.69959768416929,60.674785768029366],[61.798345315911426,60.589125171819475],[61.87686752910392,60.51893107214801],[61.88519564262388,60.50108511460437],[61.873298337594996,60.44635751146966],[61.85545238005127,60.352368801739445],[61.85426264954835,60.283364432569215],[61.849503727536515,60.23577521245261],[61.84593453602759,60.16320165177514],[61.829278308986865,60.12869946719184],[61.77811989736178,60.09657674361277],[61.74480744328034,60.06564375053583],[61.723392294227864,60.02757237444254],[61.67818253511682,59.95023989175385],[61.71982310271894,59.92406582068999],[61.774550705852945,59.894322558117025],[61.78882747188775,59.87052794805916],[61.78763774138475,59.84792306850342],[61.76979178384111,59.813420883918255],[61.726961485736695,59.742037053743886],[61.66985442159686,59.63972023049335],[61.634162506508694,59.584992627358545],[61.65200846405233,59.53264448522984],[61.67699280461382,59.46839903807269],[61.70673606718714,59.39344601639001],[61.721012833221856,59.347046526776495],[61.73885879076558,59.29945730665989],[61.773360975349945,59.264955122074724],[61.81619127345507,59.23283239849566],[61.85902157156019,59.21022751894001],[61.89947240865939,59.19357129190026],[61.95063082028448,59.190002100390274],[62.049378452026616,59.18405344787605],[62.12433147371018,59.181673986870045],[62.1671617718153,59.20546859692968],[62.28494509160319,59.200709674917576],[62.3789338013342,59.18762263938604],[62.44317924849118,59.16263829882429],[62.50504523464294,59.13051557524523],[62.547875532748066,59.09244419915194],[62.569290681800624,59.05794201456687],[62.55858310727395,59.0353371350129],[62.52170146168366,58.99012737590151],[62.54668580224506,58.947297077797],[62.590705830852386,58.898518127177304],[62.61569017141378,58.85687755957403],[62.60974151889903,58.82713429700293],[62.60498259688799,58.78787319040566],[62.57167014280574,58.7640785803478],[62.52051173118066,58.734335317774836],[62.52051173118066,58.69983313318967],[62.54192688023322,58.668900140113706],[62.532409036210346,58.629639033517414],[62.52883984470142,58.59156765742413],[62.5657214902917,58.55944493384595],[62.57523933431467,58.5344605932842],[62.569290681800624,58.508286522221134],[62.53597822771838,58.48211245115726],[62.519322000677654,58.44404107506398],[62.50861442615177,58.401210776957704],[62.526460383695415,58.37741616689985],[62.574049603811666,58.344103712818665],[62.63591558996343,58.3107912587366],[62.658520469519,58.278668535157536],[62.651382086501236,58.24535608107635],[62.63115666795159,58.20966416598917],[62.62044909342571,58.14660844933404],[62.63115666795159,58.09782949871531],[62.626265553661916,58.028472616803775],[62.65481908573233,58.02490342529565],[62.69645965333373,58.02728288630166],[62.74166941244478,58.008247198254125],[62.78687917155582,57.98683204920236],[62.838037583180906,57.97612447467693],[62.87610895927419,57.95827851713152],[62.93321602341412,57.932104446067555],[62.94749278944883,57.89522280047825],[62.97366686051332,57.91425848852392],[63.01649715861836,57.932104446067555],[63.06646583974052,57.938053098583644],[63.09858856331897,57.9570887866294],[63.134280478407135,57.946381212102985],[63.18186969852329,57.91425848852392],[63.25206379819511,57.91187902751791],[63.31749897585571,57.89879199198638],[63.341293585914194,57.91663794953001],[63.42457472111781,57.89046387846615],[63.42457472111781,57.87261792092251],[63.497148281796164,57.860720615893094],[63.54830669342134,57.847633580361645],[63.5947061830353,57.855961693880985],[63.648244055666304,57.84525411935555],[63.66490028270702,57.83335681432711],[63.63872621164263,57.80956220426836],[63.65895163019227,57.791716246724725],[63.720817616344036,57.791716246724725],[63.787442524507554,57.765542175660855],[63.84098039713856,57.773870289180195],[63.85525716317345,57.75959352314477],[63.88975934775781,57.75840379264265],[63.89570800027256,57.74531675711113],[63.97304048296214,57.71319403353206],[64.03966539112494,57.68226104045608],[64.09082380275083,57.69296861498241],[64.12889517884412,57.68226104045608],[64.13127463985003,57.66917400492456],[64.11580814331151,57.642999933860686],[64.15744871091371,57.641810203356705],[64.17648439896035,57.61087721028162],[64.21098658354472,57.60373882726342],[64.24429903762689,57.60611828826951],[64.28950879673712,57.5942209832401],[64.3382877473571,57.57637502569655],[64.3537542438949,57.535924188597164],[64.38944615898217,57.54663176312349],[64.42626843891823,57.537967697256114],[64.42728771574632,57.60119128367209],[64.60574729118377,57.64878050378958],[64.84131393076125,57.72254379497005],[65.10543410240822,57.81772223520238],[65.29817044388048,57.908141753424374],[65.37193373506113,57.94383366851165],[65.49090678535282,57.929556902478],[65.57180845955124,57.927177441471905],[65.76692426202861,57.95335151253586],[65.8335491701923,57.984284505610944],[65.95490168148991,58.03425318673365],[66.00962928462393,58.03663264773965],[66.07149527077569,58.048529952768185],[66.14049963994441,58.04377103075785],[66.19046832106658,58.04139156975176],[66.33323598141666,58.03187372572844],[66.4593474147254,58.05090941377419],[66.57594100401109,58.07708348483904],[66.41175819460915,58.08660132886147],[66.111946107874,58.18891815211279],[65.9120713833847,58.24840467725793],[65.89303569533806,58.31978850743417],[65.64081282871996,58.529181075946354],[65.41476403316625,58.71239957339546],[65.16730008856,58.926551063920634],[65.06022434329718,59.02648842616506],[65.09353679737943,59.10501063935773],[65.01501458418686,59.154979320480344],[65.05308596028014,59.223983689648804],[65.09353679737943,59.312023746863815],[65.27913475583384,59.44051464117909],[65.28151421683985,59.47858601727238],[65.22202769169391,59.59280014555223],[65.22202769169391,59.683219663774224],[65.29341152186865,59.79981325306018],[65.32672397595009,59.80695163607652],[65.36955427405522,59.79505433104808],[65.42428187718922,59.7641213379729],[65.43617918221882,59.72367050087361],[65.63605390670811,59.690358046792426],[65.7526474959939,59.666563436732794],[65.82165186516342,59.69511696880276],[65.85020539723294,59.773639181996224],[65.74788857398205,59.83312570714136],[65.71219665889468,59.8140900190956],[65.66222797777252,59.78553648702476],[65.59798253061483,59.78553648702476],[65.55991115452154,59.80457217507228],[65.56942899854532,59.837884629153464],[65.55039331049868,59.88071492725885],[65.6193976796674,59.92830414737546],[65.52421923943419,59.9830317505084],[65.53611654446307,60.151973481923065],[65.60274145262667,60.18290647499904],[65.82641078717454,60.26856707120893],[66.0453211997112,60.35422766741793],[66.16191478899697,60.37802227747579],[66.25233430721826,60.397057965522436],[66.22378077514874,60.42799095859849],[66.16191478899697,60.456544490669344],[66.04770066071711,60.49461586676263],[66.0310444336764,60.55648185291378],[66.05959796574601,60.60407107303038],[66.11093634772561,60.676963908651466],[65.97530707039338,60.71979420675686],[65.73022258679276,60.795936958942534],[65.48037918118024,60.86256186710668],[65.36378559189455,60.893494860182734],[65.02352266806099,60.94108408029845],[64.78319710647249,60.98391437840384],[64.7070543542853,61.0053295274556],[64.61187591405226,61.045780364555874],[64.45007256565624,61.08861066265949],[64.3096843663119,61.112405272718235],[64.16691670596244,61.1385793437821],[64.0764971877407,61.16475341484606],[63.96228305946023,61.193306946916024],[63.81951539911077,61.198065868928126],[63.65533258970866,61.17903018088148],[63.312690204869,61.20520425194535],[62.8772488408017,61.193306946916024],[62.44656639874633,61.19092748591081],[62.18244622709916,61.18854802490569],[62.03254018373239,61.181409641888465],[61.749384324038665,61.117164194730336],[61.50429984043806,61.06005713059041],[61.27825104488409,61.0053295274556],[61.23385503775831,60.99423052567431]]]]}},{"type":"Feature","properties":{"kind":"district","id":"uyezd-1897-581","name":"Тарский","provinceId":"gubernia-1897-98"},"geometry":{"type":"MultiPolygon","coordinates":[[[[72.22630245905208,59.00444985180184],[72.05798306494745,58.87422903384595],[71.83669319140569,58.71242568544949],[71.60588547384005,58.53872503202459],[71.43218482041435,58.40071629368599],[71.1752030317844,58.20084156919713],[70.96581046327144,58.04141768180579],[70.91346232114334,57.99620792269528],[70.97532830729511,57.917685709502614],[71.05147105948168,57.84392241832214],[71.17996195379625,57.87961433340933],[71.22041279089545,57.85344026234546],[71.20137710284881,57.82488673027639],[71.05622998149272,57.79157427619343],[70.98246669031207,57.7392261340656],[70.95153369723663,57.708293140990435],[70.85159633499158,57.64642715483751],[70.74452058972958,57.59645847371668],[70.74452058972958,57.56790494164582],[70.72072597967109,57.536971948569764],[70.64458322748452,57.513177338511014],[70.58509670233867,57.456070274371086],[70.51609233316987,57.45369081336597],[70.45422634701809,57.43941404733143],[70.40663712690113,57.40134267123815],[70.39473982187234,57.35613291212755],[70.41853443193082,57.294266925974625],[70.47088257405882,57.24905716686501],[70.54702532624539,57.251436627871016],[70.57795831932091,57.222883095800164],[70.63982430547269,57.22764201781227],[70.65885999351933,57.19670902473629],[70.6136502344082,57.175293875684446],[70.62316807843196,57.1514992656257],[70.58271724133276,57.12532519456183],[70.51847179417499,57.144360882607586],[70.41615497092481,57.1062895065143],[70.3614273677909,57.12294573355574],[70.2829051545984,57.1062895065143],[70.19248563637623,57.07773597444434],[70.15679372128895,57.008731605275884],[70.21152132442288,56.994454839240454],[70.27814623258656,56.994454839240454],[70.33287383572058,56.9302093920833],[70.27100784956872,56.87310232794427],[70.31145868666792,56.81837472480946],[70.39949874388418,56.77792388771016],[70.50181556713434,56.71605790155813],[70.58033778032674,56.67084814244842],[70.76831519978725,56.677986525464846],[70.89680609410262,56.66608922043632],[71.0189057663799,56.64354774247654],[71.05147105948168,56.63753568836546],[71.12761381166825,56.6161205393137],[71.21565386888362,56.601843773278276],[71.32035015314051,56.64229461037757],[71.42504643739659,56.66846868144241],[71.50118918958316,56.63991514937156],[71.61302385685701,56.632776766355136],[71.66061307697406,56.54235724813314],[71.70106391407326,56.49000910600443],[71.77720666625974,56.48762964499842],[71.82717534738191,56.50190641103384],[71.87238510649296,56.525701021091706],[71.93663055364985,56.54949563115045],[71.97470192974313,56.5328394041107],[72.03894737690081,56.551875092156465],[72.08177767500602,56.54949563115045],[72.12460797311115,56.49476802801742],[72.2626167114486,56.50904479405196],[72.28165239949524,56.49238856701142],[72.25785778943755,56.461455573934465],[72.3292416196122,56.45431719091813],[72.44583520889806,56.42100473683517],[72.57670556421856,56.38293336074189],[72.60287963528295,56.33534414062528],[72.68378130948057,56.318687913585535],[72.73850891261537,56.328205757608856],[72.72661160758568,56.359138750684025],[72.65522777741104,56.35200036766672],[72.64570993338728,56.371036055712466],[72.70043753652209,56.399589587783325],[72.73612945160944,56.399589587783325],[72.75992406166714,56.399589587783325],[72.7813392107197,56.42100473683517],[72.80037489876634,56.42814311985329],[72.81227220379593,56.41386635381786],[72.79085705474346,56.36865659470824],[72.78847759373745,56.35437982867281],[72.82892843083665,56.33534414062528],[72.9288657930817,56.34724144565461],[73.03356207733779,56.33058521861496],[73.00262908426235,56.206853246310885],[73.10494590751253,56.16402294820639],[73.2215394967982,56.13784887714243],[73.29054386596782,56.13308995513033],[73.35240985211958,56.11167480607767],[73.41189637726463,56.11643372808889],[73.47852128542823,56.11643372808889],[73.52135158353336,56.092639118031926],[73.59511487471401,56.090259657025825],[73.65222193885394,56.06884450797229],[73.73074415204643,56.08312127400771],[73.76881552813971,56.030773131879],[73.859235046361,56.02125528785657],[73.93775725955348,56.04742935892044],[73.97582863564676,55.99032229478139],[74.13525252303758,55.96414822371575],[74.14477036706054,55.907041159576714],[74.325609403504,55.830898407389256],[74.43982353178386,55.780929726267445],[74.58259119213314,55.7190637401163],[74.64207771727908,55.74761727218626],[74.8300551367403,55.74523781118025],[75.15842075554417,55.74523781118025],[75.42967931020891,55.74999673319236],[75.51296044541324,55.854693017448],[75.63193349570493,55.87610816650154],[75.74614762398478,55.983183911763284],[75.72235301392621,56.02601420986868],[75.75090654599582,56.071223968978295],[75.83180822019423,56.1188131890949],[75.91270989439263,56.161643487200294],[75.90557151137479,56.197335402287564],[76.01026779563178,56.313928991573434],[76.16493276101083,56.35200036766672],[76.23869605219139,56.373415516718566],[76.24821389621506,56.43290204186539],[76.28390581130243,56.449558268905136],[76.28152635029652,56.52094209908138],[76.26249066224987,56.59470539026185],[76.22441928615659,56.62563838333702],[76.17207114402859,56.689883830494175],[76.11496407988786,56.7993390367637],[76.10068731385306,56.90165586001423],[76.02930348367842,57.056320825391595],[76.04358024971313,57.10866896752031],[76.11496407988786,57.17291441467755],[76.1863479100633,57.239539322841686],[76.06975432077762,57.239539322841686],[75.9341250434452,57.239539322841686],[75.83180822019423,57.27999015994098],[75.81277253214759,57.31330261402216],[75.84370552522391,57.384686444196625],[75.78183953907215,57.49176218945925],[75.73662977996102,57.57266386365704],[75.5486523605006,57.56552548063973],[75.43681769322676,57.56790494164582],[75.3487776360105,57.56314601963372],[75.26549650080698,57.57266386365704],[75.08703692536943,57.62977092779786],[75.03230932223542,57.66070392087383],[75.02279147821174,57.71543152400686],[75.03468878324144,57.80823050323487],[75.09893423039831,57.87485541139722],[75.15604129453905,57.927203553525935],[75.12986722347465,57.98669007867285],[75.13462614548648,58.0461766038179],[75.110831535428,58.11280151198115],[75.14414398950936,58.12945773902267],[75.20125105364929,58.11518097298724],[75.23218404672552,58.12945773902267],[75.23218404672552,58.153252349080525],[75.26311703980106,58.24843078931285],[75.34401871399946,58.24605132830675],[75.40050344083016,58.32213940837849],[75.33387853266656,58.34058023117447],[75.21728494338079,58.359615919220225],[75.14828057421207,58.38578999028507],[75.10782973711285,58.38816945129108],[75.06024051699589,58.43813813241289],[74.941267466705,58.42624082738436],[74.90081662960571,58.47620950850617],[74.7675668132793,58.50952196258913],[74.65097322399353,58.576146870751494],[74.58672777683584,58.62373609086899],[74.55341532275449,58.63563339589654],[74.49630825861456,58.692740460037356],[74.44396011648647,58.692740460037356],[74.40112981838135,58.714155609089204],[74.27501838507189,58.72843237512463],[74.2369470089786,58.77364213423603],[74.17983994483868,58.76650375121792],[74.11083557566995,58.78553943926545],[74.03469282348338,58.79743674429389],[73.94665276626722,58.78791890026968],[73.91334031218578,58.79505728328788],[73.83481809899328,58.79505728328788],[73.75391642479568,58.823610815358734],[73.69442989964983,58.82836973736906],[73.59211307639895,58.86406165245625],[73.37796158587405,58.899753567545304],[73.29468045066963,58.90689195056164],[73.24471176954755,58.9306865606195],[73.16856901736098,58.923548177603166],[73.12811818026186,58.87833841849168],[73.07101111612194,58.87120003547445],[72.98297105890647,58.88547680150988],[72.9187256117488,58.90927141156774],[72.84496232056823,58.94734278766102],[72.75692226335278,58.952101709672235],[72.72360980927053,58.97113739771888],[72.62129298602045,58.952101709672235],[72.56656538288644,58.96637847570855],[72.47376640365835,58.96637847570855],[72.41427987851259,58.98303470274821],[72.3619317363845,58.97113739771888],[72.29292736721568,58.9806552417422],[72.22630245905208,59.00444985180184]]]]}},{"type":"Feature","properties":{"kind":"district","id":"uyezd-1897-582","name":"Тобольский","provinceId":"gubernia-1897-98"},"geometry":{"type":"MultiPolygon","coordinates":[[[[66.11093634772561,60.676963908651466],[66.05959796574601,60.60407107303038],[66.0310444336764,60.55648185291378],[66.04770066071711,60.49461586676263],[66.16191478899697,60.456544490669344],[66.22378077514874,60.42799095859849],[66.25233430721826,60.397057965522436],[66.16191478899697,60.37802227747579],[66.0453211997112,60.35422766741793],[65.82641078717454,60.26856707120893],[65.60274145262667,60.18290647499904],[65.53611654446307,60.151973481923065],[65.52421923943419,59.9830317505084],[65.6193976796674,59.92830414737546],[65.55039331049868,59.88071492725885],[65.56942899854532,59.837884629153464],[65.55991115452154,59.80457217507228],[65.59798253061483,59.78553648702476],[65.66222797777252,59.78553648702476],[65.71219665889468,59.8140900190956],[65.74788857398205,59.83312570714136],[65.85020539723294,59.773639181996224],[65.82165186516342,59.69511696880276],[65.7526474959939,59.666563436732794],[65.63605390670811,59.690358046792426],[65.43617918221882,59.72367050087361],[65.42428187718922,59.7641213379729],[65.36955427405522,59.79505433104808],[65.32672397595009,59.80695163607652],[65.29341152186865,59.79981325306018],[65.22202769169391,59.683219663774224],[65.22202769169391,59.59280014555223],[65.28151421683985,59.47858601727238],[65.27913475583384,59.44051464117909],[65.09353679737943,59.312023746863815],[65.05308596028014,59.223983689648804],[65.01501458418686,59.154979320480344],[65.09353679737943,59.10501063935773],[65.06022434329718,59.02648842616506],[65.16730008856,58.926551063920634],[65.41476403316625,58.71239957339546],[65.64081282871996,58.529181075946354],[65.89303569533806,58.31978850743417],[65.9120713833847,58.24840467725793],[66.111946107874,58.18891815211279],[66.41175819460915,58.08660132886147],[66.57594100401109,58.07708348483904],[66.67436339694525,58.07838851000359],[66.74098830510886,58.05459389994573],[66.81951051830134,58.00462521882312],[66.96703710066265,57.9879689917816],[67.00510847675594,57.94513869367798],[67.07649230693058,57.90468785657869],[67.16215290314082,57.90230839557259],[67.28588487544435,57.88803162953717],[67.36916601064797,57.82378618238002],[67.4928979829514,57.75002289119945],[67.65470133134743,57.654844450965356],[67.72846462252808,57.59773738682631],[67.70229055146447,57.50017948558798],[67.62852726028383,57.45259026547137],[67.52383097602694,57.39548320133056],[67.42865253579373,57.34313505920185],[67.33109463455469,57.31696098813789],[67.28826433644956,57.245577157963424],[67.26684918739771,57.21464416488746],[67.27425195497105,57.183711171812284],[67.3599125511813,57.18609063281838],[67.50030075052474,57.21702362589258],[67.55740781466467,57.19084955482871],[67.62403272282828,57.178952249799295],[67.75728253915477,57.162296022758746],[67.86673774542271,57.15753710074753],[67.97619295169072,57.12898356867757],[68.12847845606377,57.11470680264214],[68.22127743529178,57.07901488755486],[68.28790234345468,57.08139434856096],[68.37118347865899,57.095671114596385],[68.46636191889212,57.06949704353243],[68.56629928113718,57.093291653590285],[68.61388850125343,57.07187650453852],[68.63019221555257,57.03997410142258],[68.69205820170443,57.03997410142258],[68.71109388975098,57.06138925047434],[68.76344203187907,57.03759464041737],[68.7943750249554,57.01617949136383],[68.82768747903684,57.020938413376825],[68.88955346518861,56.99238488130597],[68.95379891234549,56.99476434231198],[68.98235244441581,57.028076796393165],[69.07277196263719,57.032835718405266],[69.27264668712719,57.02331787438106],[69.35592782233073,57.05187140645102],[69.3916197374181,57.05900978947011],[69.38448135440113,57.130393619643684],[69.43445003552321,57.130393619643684],[69.48441871664619,57.06138925047434],[69.57721769587339,57.03521517941137],[69.6723961361066,56.99238488130597],[69.71046751219988,56.97096973225412],[69.76995403734573,56.916242129119404],[69.82944056249158,56.92338051213751],[69.91986008071287,56.87341183101401],[70.08642235112072,56.78775123480412],[70.18635971336577,56.825822610897404],[70.2434667775057,56.825822610897404],[70.26726138756418,56.81154584486287],[70.31145868666792,56.81837472480946],[70.27100784956872,56.87310232794427],[70.33287383572058,56.9302093920833],[70.27814623258656,56.994454839240454],[70.21152132442288,56.994454839240454],[70.15679372128895,57.008731605275884],[70.19248563637623,57.07773597444434],[70.2829051545984,57.1062895065143],[70.3614273677909,57.12294573355574],[70.41615497092481,57.1062895065143],[70.51847179417499,57.144360882607586],[70.58271724133276,57.12532519456183],[70.62316807843196,57.1514992656257],[70.6136502344082,57.175293875684446],[70.65885999351933,57.19670902473629],[70.63982430547269,57.22764201781227],[70.57795831932091,57.222883095800164],[70.54702532624539,57.251436627871016],[70.47088257405882,57.24905716686501],[70.41853443193082,57.294266925974625],[70.39473982187234,57.35613291212755],[70.40663712690113,57.40134267123815],[70.45422634701809,57.43941404733143],[70.51609233316987,57.45369081336597],[70.58509670233867,57.456070274371086],[70.64458322748452,57.513177338511014],[70.72072597967109,57.536971948569764],[70.74452058972958,57.56790494164582],[70.74452058972958,57.59645847371668],[70.85159633499158,57.64642715483751],[70.95153369723663,57.708293140990435],[70.98246669031207,57.7392261340656],[71.05622998149272,57.79157427619343],[71.20137710284881,57.82488673027639],[71.22041279089545,57.85344026234546],[71.17996195379625,57.87961433340933],[71.05147105948168,57.84392241832214],[70.97532830729511,57.917685709502614],[70.91346232114334,57.99620792269528],[70.96581046327144,58.04141768180579],[71.1752030317844,58.20084156919713],[71.43218482041435,58.40071629368599],[71.60588547384005,58.53872503202459],[71.83669319140569,58.71242568544949],[72.05798306494745,58.87422903384595],[72.22630245905208,59.00444985180184],[72.34051658733193,59.09248990901596],[72.42617718354218,59.149596973156775],[72.54277077282786,59.23287810836155],[72.64270813507292,59.31377978255934],[72.5737037659034,59.358989541668954],[72.42855664454811,59.449409059890954],[72.25723545212841,59.532690195095725],[72.02642773456279,59.62310971331772],[71.71709780380475,59.74684168562089],[71.37445541896528,59.87295311892919],[71.19361638252182,59.93957802709155],[70.99374165803252,59.96575209815728],[70.73675986940258,60.001444013244466],[70.660617117216,60.0561716163775],[70.52498783988368,60.13945275158218],[70.42742993864447,60.27984095092688],[70.34652826444605,60.39643454021097],[70.19900168208493,60.605827108724924],[70.14427407895091,60.69148770493393],[70.24897036320701,60.79618398919135],[70.31559527137061,60.87708566339002],[70.37032287450462,61.00557655770353],[70.4202915556267,61.16975936710608],[70.3941174845631,61.19593343816995],[70.3274925763995,61.18403613314151],[70.2727649732655,61.19117451615962],[70.21327844811964,61.18165667213542],[70.15617138397971,61.20545128219327],[70.15141246196788,61.229245892252905],[70.127466525567,61.26707023809738],[70.06798000042116,61.309900536202775],[69.9728015601882,61.32417730223731],[69.8490695878845,61.29324430916134],[69.78244467972135,61.32655676324252],[69.66347162942974,61.39080221040153],[69.41124876281191,61.53832879276159],[69.02101715785574,61.76437758831618],[68.79258890129576,61.883350638607254],[68.65933908496953,61.95235500777651],[68.50229465858473,62.040395064992495],[68.47136166550885,62.02373883795097],[68.49515627556741,61.90476578766088],[68.5356071126667,61.71916782920559],[68.5356071126667,61.60257423991884],[68.56654010574259,61.41935574247052],[68.57605794976591,61.30514161419067],[68.56416064473657,61.17189179786417],[68.64268285792897,61.06005713059041],[68.65695962396362,61.01008844946771],[68.7259639931327,60.972017073374424],[68.74499968117934,60.91253054822938],[68.70692830508605,60.85542348408945],[68.58557579378923,60.80069588095464],[68.42377244539233,60.74120935580871],[68.22389772090303,60.66268714261693],[67.84080449896416,60.56512924137682],[67.58620217134032,60.498504333214456],[67.40536313489687,60.453294574103865],[67.24593924750677,60.48422756717992],[67.10317158715642,60.51040163824379],[66.98657799787082,60.53419624830262],[66.86998440858514,60.51040163824379],[66.73673459225898,60.48422756717992],[66.63441776900794,60.508022177236896],[66.25370400807509,60.63413361054607],[66.11093634772561,60.676963908651466]]]]}},{"type":"Feature","properties":{"kind":"district","id":"uyezd-1897-822","name":"Тюкалинский","provinceId":"gubernia-1897-98"},"geometry":{"type":"MultiPolygon","coordinates":[[[[71.0189057663799,56.64354774247654],[71.04582106359472,56.59521457533267],[71.10530758874056,56.58569673130846],[71.12910219879903,56.547625355215175],[71.1243432767872,56.50955397912189],[71.06247729063624,56.46434422001129],[70.9934729214667,56.414375538889566],[70.86498202715205,56.41199607788347],[70.79597765798324,56.385822006818714],[70.72221436680188,56.37154524078417],[70.72221436680188,56.29064356658639],[70.6436921536094,56.262090034516426],[70.59610293349314,56.243054346468895],[70.60562077751611,56.21450081439982],[70.63417430958643,56.15025536724258],[70.62465646556275,56.090768842095756],[70.58896455047538,56.06221531002668],[70.64845107562131,56.014626089909186],[70.67700460769154,55.97179579180468],[70.72221436680188,55.938483337722616],[70.7245938278078,55.91944764967597],[70.68176352970268,55.90279142263534],[70.59610293349314,55.928965493699295],[70.56041101840586,55.90992980565354],[70.58896455047538,55.89089411760601],[70.58658508946955,55.86709950754815],[70.61513862153978,55.81713082642545],[70.68890191272043,55.84092543648508],[70.80073657999436,55.83854597547908],[70.819772268041,55.812371904415116],[70.81025442401804,55.788577294355484],[70.69128137372635,55.76002376228641],[70.60086185550506,55.724331847199224],[70.59610293349314,55.68626047110594],[70.61275916053395,55.62677394595902],[70.64845107562131,55.57680526483641],[70.63893323159834,55.52207766170249],[70.58420562846435,55.47448844158588],[70.52233964231257,55.417381377446844],[70.52947802532962,55.33647970324817],[70.43667904610233,55.246060185026174],[70.31770599581064,55.103292524677244],[70.23204539960119,55.024770311484666],[70.2605989316708,55.010493545449236],[70.32008545681656,54.93197133225657],[70.36053629391576,54.93435079326267],[70.44381742912009,54.953386481310204],[70.47712988320153,54.94386863728599],[70.5532726353881,54.965283786339526],[70.58420562846435,55.00811408444314],[70.5128217982889,55.115189829706665],[70.50568341527185,55.18181473786902],[70.54613425237106,55.20560934792688],[70.66510730266195,55.191332581893235],[70.710317061773,55.13422551775241],[70.79835711898845,55.14612282278175],[70.83642849508173,55.17467635485171],[70.87212041016981,55.193712042899236],[70.92684801330381,55.15088174479385],[70.96016046738518,55.122328212723],[71.11006651075239,55.19609150390356],[71.27424932015514,55.25081910703828],[71.39560183145194,55.27937263910913],[71.46698566162739,55.21512719195109],[71.52647218677252,55.18657365988113],[71.71207014522773,55.20560934792866],[71.81914589048982,55.14850228378784],[71.83580211753055,55.09853360266514],[71.88577079865343,55.067600609589164],[72.06423037409017,55.0913952196488],[72.14989097030042,55.06284168757795],[72.280761325621,55.09615414165913],[72.35214515579564,55.14136390077053],[72.4140111419474,55.14850228378784],[72.54964041927983,55.158020127810275],[72.66385454755968,55.17943527686381],[72.77806867583944,55.14850228378784],[72.87562657707858,55.12708713473599],[72.98984070535843,55.12708713473599],[73.10167537263227,55.14374336177573],[73.15164405375523,55.13184605674632],[73.15164405375523,55.05094438254942],[73.1992332738714,55.024770311484666],[73.27299656505197,55.04380599953042],[73.36341608327413,55.06046222657186],[73.46811236753022,55.005734623437135],[73.56329080776344,54.962904325333525],[73.67274601403136,54.92483294924024],[73.80837529136379,54.89389995616329],[73.92734834165547,54.853449119063995],[74.11056683910485,54.76778852285499],[74.34613347868144,54.67023062161569],[74.56504389121818,54.56791379836525],[74.76253915470235,54.41086937198],[74.79823106978964,54.37755691789882],[74.83868190688892,54.34900338582886],[74.94575765215093,54.256204406600766],[75.05759231942487,54.17292327139697],[75.09804315652399,54.113436746251836],[75.17418590871056,54.06346806512922],[75.28126165397256,54.08726267518797],[75.40975254828803,54.12533405128126],[75.44782392438131,54.113436746251836],[75.59772996774844,54.13961081731579],[75.59772996774844,54.32758823677612],[75.61200673378325,54.4608380531035],[75.60248888976028,54.57743164238857],[75.6048683507662,54.73923499078414],[75.54300236461444,54.89389995616329],[75.45734176840419,54.879623190128754],[75.37644009420657,54.92721241024624],[75.30743572503705,55.081877375623705],[75.40975254828803,55.14612282278175],[75.40023470426426,55.20322988692256],[75.43592661935162,55.234162879996845],[75.58821212372467,55.29602886614887],[75.75477439413342,55.319823476206736],[75.71908247904605,55.36027431330603],[75.61914511680101,55.40310461141142],[75.50731044952707,55.614876640929694],[75.42967931020891,55.74999673319236],[75.15842075554417,55.74523781118025],[74.8300551367403,55.74523781118025],[74.64207771727908,55.74761727218626],[74.58259119213314,55.7190637401163],[74.43982353178386,55.780929726267445],[74.325609403504,55.830898407389256],[74.14477036706054,55.907041159576714],[74.13525252303758,55.96414822371575],[73.97582863564676,55.99032229478139],[73.93775725955348,56.04742935892044],[73.859235046361,56.02125528785657],[73.76881552813971,56.030773131879],[73.73074415204643,56.08312127400771],[73.65222193885394,56.06884450797229],[73.59511487471401,56.090259657025825],[73.52135158353336,56.092639118031926],[73.47852128542823,56.11643372808889],[73.41189637726463,56.11643372808889],[73.35240985211958,56.11167480607767],[73.29054386596782,56.13308995513033],[73.2215394967982,56.13784887714243],[73.10494590751253,56.16402294820639],[73.00262908426235,56.206853246310885],[73.03356207733779,56.33058521861496],[72.9288657930817,56.34724144565461],[72.82892843083665,56.33534414062528],[72.78847759373745,56.35437982867281],[72.79085705474346,56.36865659470824],[72.81227220379593,56.41386635381786],[72.80037489876634,56.42814311985329],[72.7813392107197,56.42100473683517],[72.75992406166714,56.399589587783325],[72.73612945160944,56.399589587783325],[72.70043753652209,56.399589587783325],[72.64570993338728,56.371036055712466],[72.65522777741104,56.35200036766672],[72.72661160758568,56.359138750684025],[72.73850891261537,56.328205757608856],[72.68378130948057,56.318687913585535],[72.60287963528295,56.33534414062528],[72.57670556421856,56.38293336074189],[72.44583520889806,56.42100473683517],[72.3292416196122,56.45431719091813],[72.25785778943755,56.461455573934465],[72.28165239949524,56.49238856701142],[72.2626167114486,56.50904479405196],[72.12460797311115,56.49476802801742],[72.08177767500602,56.54949563115045],[72.03894737690081,56.551875092156465],[71.97470192974313,56.5328394041107],[71.93663055364985,56.54949563115045],[71.87238510649296,56.525701021091706],[71.82717534738191,56.50190641103384],[71.77720666625974,56.48762964499842],[71.70106391407326,56.49000910600443],[71.66061307697406,56.54235724813314],[71.61302385685701,56.632776766355136],[71.50118918958316,56.63991514937156],[71.42504643739659,56.66846868144241],[71.32035015314051,56.64229461037757],[71.21565386888362,56.601843773278276],[71.12761381166825,56.6161205393137],[71.05147105948168,56.63753568836546],[71.0189057663799,56.64354774247654]]]]}},{"type":"Feature","properties":{"kind":"district","id":"uyezd-1897-825","name":"Ишимский","provinceId":"gubernia-1897-98"},"geometry":{"type":"MultiPolygon","coordinates":[[[[70.31145868666792,56.81837472480946],[70.26726138756418,56.81154584486287],[70.2434667775057,56.825822610897404],[70.18635971336577,56.825822610897404],[70.08642235112072,56.78775123480412],[69.91986008071287,56.87341183101401],[69.82944056249158,56.92338051213751],[69.76995403734573,56.916242129119404],[69.71046751219988,56.97096973225412],[69.6723961361066,56.99238488130597],[69.57721769587339,57.03521517941137],[69.48441871664619,57.06138925047434],[69.43445003552321,57.130393619643684],[69.38448135440113,57.130393619643684],[69.3916197374181,57.05900978947011],[69.35592782233073,57.05187140645102],[69.27264668712719,57.02331787438106],[69.07277196263719,57.032835718405266],[68.98235244441581,57.028076796393165],[68.95379891234549,56.99476434231198],[68.88955346518861,56.99238488130597],[68.82768747903684,57.020938413376825],[68.7943750249554,57.01617949136383],[68.76344203187907,57.03759464041737],[68.71109388975098,57.06138925047434],[68.69205820170443,57.03997410142258],[68.63019221555257,57.03997410142258],[68.54691108034834,57.0042821863353],[68.47790671117951,56.94479566118937],[68.47314778916768,56.851996681961275],[68.29468821373094,56.81154584486287],[68.1828535464563,56.785371773798026],[68.05674211314765,56.74254147569441],[67.99963504900772,56.70209063859512],[67.95918421190842,56.6449835744543],[67.96394313392035,56.60453273735581],[67.95680475090259,56.55694351723832],[67.97346097794323,56.5141132191347],[67.9425279848678,56.476041843041415],[67.84734954463458,56.44034992795423],[67.77834517546586,56.395140168841856],[67.70934080629624,56.378483941801306],[67.68316673523265,56.359448253754664],[67.63319805410967,56.26902873553356],[67.59988560002832,56.1905065223409],[67.52612230884766,56.104845926131006],[67.43332332962046,56.019185329921115],[67.34766273341022,55.931145272706104],[67.33782578948332,55.91236565248214],[67.32148866234573,55.8811765915834],[67.3452832724042,55.8335873714659],[67.40239033654413,55.73602947022757],[67.46901524470773,55.64560995200557],[67.56895260695198,55.49570390863845],[67.64509535913855,55.40528439041645],[67.63319805410967,55.30534702817202],[67.59036775600455,55.231583736991546],[67.56419368494095,55.162579367823085],[67.58798829499862,55.06502146658298],[67.45473847867223,55.0317090125018],[67.3191092013398,54.98649925339031],[67.32862704536358,54.87466458611655],[67.44760009565526,54.855628898070805],[67.56895260695198,54.855628898070805],[67.70934080629624,54.88656189114589],[67.78786301948873,54.89607973517009],[67.85686738865755,54.95794572132124],[67.94014852386178,54.97460194836276],[67.99963504900772,54.94842787729703],[68.09243402823492,54.9460484162928],[68.28041144769534,54.96270464333246],[68.3946255759752,54.979360870373085],[68.47314778916768,54.936530572269476],[68.50408078224392,54.89607973517009],[68.57070569040681,54.83897267102928],[68.68967874069851,54.834213749017174],[68.84434370607748,54.83183428801294],[68.95855783435734,54.87942350812866],[69.06325411861422,54.92225380623316],[69.10608441671855,54.92225380623316],[69.16081201985256,54.931771650257375],[69.23219585002799,55.003155480431836],[69.25123153807463,55.05312416155356],[69.28930291416792,55.05312416155356],[69.35830728333664,55.003155480431836],[69.41303488647065,54.993637636408515],[69.46300356759362,54.97460194836276],[69.5248695537446,54.88894135215198],[69.60815068894891,54.89607973517009],[69.70332912918204,54.92225380623316],[69.7913691863983,54.931771650257375],[69.8722708605959,54.931771650257375],[69.9769671448528,54.97698140936699],[69.98172606686462,55.0245706294836],[70.04835097502743,55.04836523954323],[70.08880181212673,55.04360631753113],[70.23204539960119,55.024770311484666],[70.31770599581064,55.103292524677244],[70.43667904610233,55.246060185026174],[70.52947802532962,55.33647970324817],[70.52233964231257,55.417381377446844],[70.58420562846435,55.47448844158588],[70.63893323159834,55.52207766170249],[70.64845107562131,55.57680526483641],[70.61275916053395,55.62677394595902],[70.59610293349314,55.68626047110594],[70.60086185550506,55.724331847199224],[70.69128137372635,55.76002376228641],[70.81025442401804,55.788577294355484],[70.819772268041,55.812371904415116],[70.80073657999436,55.83854597547908],[70.68890191272043,55.84092543648508],[70.61513862153978,55.81713082642545],[70.58658508946955,55.86709950754815],[70.58896455047538,55.89089411760601],[70.56041101840586,55.90992980565354],[70.59610293349314,55.928965493699295],[70.68176352970268,55.90279142263534],[70.7245938278078,55.91944764967597],[70.72221436680188,55.938483337722616],[70.67700460769154,55.97179579180468],[70.64845107562131,56.014626089909186],[70.58896455047538,56.06221531002668],[70.62465646556275,56.090768842095756],[70.63417430958643,56.15025536724258],[70.60562077751611,56.21450081439982],[70.59610293349314,56.243054346468895],[70.6436921536094,56.262090034516426],[70.72221436680188,56.29064356658639],[70.72221436680188,56.37154524078417],[70.79597765798324,56.385822006818714],[70.86498202715205,56.41199607788347],[70.9934729214667,56.414375538889566],[71.06247729063624,56.46434422001129],[71.1243432767872,56.50955397912189],[71.12910219879903,56.547625355215175],[71.10530758874056,56.58569673130846],[71.04582106359472,56.59521457533267],[71.0189057663799,56.64354774247654],[70.89680609410262,56.66608922043632],[70.76831519978725,56.677986525464846],[70.58033778032674,56.67084814244842],[70.50181556713434,56.71605790155813],[70.39949874388418,56.77792388771016],[70.31145868666792,56.81837472480946]]]]}},{"type":"Feature","properties":{"kind":"district","id":"uyezd-1897-826","name":"Курганский","provinceId":"gubernia-1897-98"},"geometry":{"type":"MultiPolygon","coordinates":[[[[67.33782578948332,55.91236565248214],[67.30721189631092,55.91290273832691],[67.21203345607779,55.89386705028116],[66.98360519951818,55.82724214211791],[66.82418131212728,55.779652922001304],[66.77659209201111,55.73920208490201],[66.7218644888771,55.760617233953774],[66.67665472976607,55.81058591507647],[66.61716820462013,55.79868861004706],[66.51485138136925,55.83438052513611],[66.39349887007243,55.80582699306615],[66.25311067072809,55.8248626811119],[66.14365546446017,55.90338489430448],[65.9889904990812,55.998563334536804],[65.88905313683614,56.05329093767161],[65.74152655447493,56.162746143940254],[65.64634811424172,56.250786201156146],[65.5107188369093,56.28171919423132],[65.38222794259474,56.28409865523733],[65.25135758727336,56.2650629671898],[65.12762561497063,56.26030404517947],[65.07527747284263,56.2650629671898],[65.02530879171965,56.24364781813804],[64.95392496154501,56.248406740150145],[64.82297680969626,56.221489946002315],[64.8693762993095,56.19888506644657],[64.91101686691171,56.17390072588482],[64.92767309395242,56.14772665481998],[64.93243201596427,56.11679366174391],[64.96217527853759,56.09537851269215],[64.97883150557831,56.059686597604966],[64.96812393105164,56.0228049520138],[64.95265743451392,55.99901034195594],[64.9229141719413,55.99068222843651],[64.90625794489986,55.9787849234062],[64.84558168925182,55.965697887874754],[64.79680273863185,55.94071354731292],[64.81107950466745,55.909780554237834],[64.8170281571815,55.87408863915064],[64.79918219963787,55.79794588696407],[64.80751031315853,55.752736127852586],[64.80826816719744,55.71019269968478],[64.82611412474063,55.69234674214026],[64.84990873479939,55.67806997610572],[64.8772725363666,55.659034288059075],[64.84633954329064,55.63286021699512],[64.79399140116209,55.610255337439376],[64.79756059267075,55.584081266375506],[64.75948921657755,55.57575315285519],[64.75354056406289,55.55790719531164],[64.70595134394637,55.568614769837964],[64.6619313153385,55.5805120748673],[64.67620808137386,55.47343632960387],[64.6976232304257,55.41157034345361],[64.72617676249558,55.37111950635334],[64.7559200250689,55.348514626797595],[64.80469897568807,55.32353028623763],[64.82016547222597,55.28902810165255],[64.75473029456626,55.262854030588684],[64.6952437694205,55.24619780354716],[64.7107102659584,55.2152648104711],[64.74759191154823,55.17124478186359],[64.74997137255423,55.13436313627429],[64.73212541501024,55.09748149068401],[64.74997137255423,55.08082526364249],[64.72498703199301,55.06892795861316],[64.68929511690584,55.05346146207562],[64.74521245054302,55.02609766050777],[64.80707843669407,55.01063116397014],[64.80350924518541,54.991595475923496],[64.77138652160689,54.983267362404156],[64.77019679110344,54.96661113536263],[64.79875032317412,54.961852213350525],[64.86418550083383,54.97731870988905],[64.91296445145379,54.97255978787783],[64.99029693414283,54.957093291340286],[65.03312723224803,54.959472752345405],[65.09023429638788,54.97137005737474],[65.10094187091457,54.959472752345405],[65.09261375739389,54.93924733379665],[65.07357806934725,54.909504071222706],[65.09142402689125,54.891658113679156],[65.11997755896112,54.87381215613463],[65.12711594197843,54.84168943255645],[65.11759809795511,54.82265374450981],[65.09142402689125,54.80599751747015],[65.10689052342914,54.78458236841652],[65.11640836745246,54.753649375340466],[65.13663378600175,54.71795746025417],[65.11759809795511,54.68583473667421],[65.08785483538179,54.66204012661733],[65.0319375017454,54.643004438570685],[65.02241965772208,54.62158928951706],[64.99624558665741,54.61207144549463],[64.97364070710219,54.578758991411675],[65.0164710052075,54.55853357286291],[65.04264507627127,54.563292494875014],[65.09023429638788,54.55734384235982],[65.14139270801377,54.58470764392678],[65.19968950265616,54.58113845241857],[65.25441710579,54.57043087789224],[65.31322357342512,54.59468134109737],[65.40602255265242,54.56612780902829],[65.45361177276946,54.58754295808014],[65.46075015578722,54.62085541216132],[65.49406260986858,54.63989110020886],[65.75104439849781,54.60657864612767],[65.79149523559701,54.63513217819675],[65.81766930666141,54.694618703341796],[65.86763798778358,54.71603385239543],[65.94378073997015,54.704136547366005],[65.94140127896415,54.62085541216132],[66.07703055629656,54.6517884052373],[66.2816642027985,54.70175708636],[66.49581569332261,54.72555169641785],[66.59337359456165,54.72555169641785],[66.67665472976607,54.735069540441174],[66.8527348441976,54.785038221563795],[66.91698029135448,54.761243611505044],[67.08354256176322,54.80407390961132],[67.20489507306004,54.80407390961132],[67.2643815982058,54.811212292627744],[67.27627890323548,54.846904207714935],[67.32862704536358,54.87466458611655],[67.3191092013398,54.98649925339031],[67.45473847867223,55.0317090125018],[67.58798829499862,55.06502146658298],[67.56419368494095,55.162579367823085],[67.59036775600455,55.231583736991546],[67.63319805410967,55.30534702817202],[67.64509535913855,55.40528439041645],[67.56895260695198,55.49570390863845],[67.46901524470773,55.64560995200557],[67.40239033654413,55.73602947022757],[67.3452832724042,55.8335873714659],[67.32148866234573,55.8811765915834],[67.33782578948332,55.91236565248214]]]]}},{"type":"Feature","properties":{"kind":"district","id":"uyezd-1897-827","name":"Ялуторовский","provinceId":"gubernia-1897-98"},"geometry":{"type":"MultiPolygon","coordinates":[[[[68.63019221555257,57.03997410142258],[68.61388850125343,57.07187650453852],[68.56629928113718,57.093291653590285],[68.46636191889212,57.06949704353243],[68.37118347865899,57.095671114596385],[68.28790234345468,57.08139434856096],[68.22127743529178,57.07901488755486],[68.12847845606377,57.11470680264214],[67.97619295169072,57.12898356867757],[67.86673774542271,57.15753710074753],[67.75728253915477,57.162296022758746],[67.62403272282828,57.178952249799295],[67.55740781466467,57.19084955482871],[67.50030075052474,57.21702362589258],[67.3599125511813,57.18609063281838],[67.27425195497105,57.183711171812284],[67.21714489083112,57.15515763974143],[67.06723884746398,57.11708626364815],[67.0148907053359,57.183711171812284],[66.92685064811974,57.18609063281838],[66.87926142800349,57.169434405776855],[66.803118675817,57.13136302968357],[66.6960429305542,57.086153270572176],[66.57231095825138,57.076635426548854],[66.47237359600632,57.090912192584284],[66.42002545387832,57.07901488755486],[66.36053892873248,57.04808189447889],[66.28915509855703,57.012389979391614],[66.23680695642895,57.02904620643314],[66.19159719731782,56.95290345424657],[66.16066420424238,56.848207169989145],[66.08928037406773,56.82917148194339],[66.05358845898027,56.77682333981468],[66.01075816087516,56.762546573779254],[65.92033864265387,56.848207169989145],[65.73474068419857,56.80537687188553],[65.62290601692473,56.84582770898305],[65.49203566160415,56.84582770898305],[65.36116530628365,56.87200178004878],[65.25171010001564,56.91959100016538],[65.22791548995716,56.857725014012466],[65.12083974469435,56.84106878697272],[64.99710777239162,56.848207169989145],[64.88051418310584,56.90769369513597],[64.7686795158319,56.867242858036676],[64.73017783046905,56.824683310978784],[64.75278271002381,56.82349358047667],[64.76824920656233,56.827062771984885],[64.78133624209414,56.81754492796245],[64.79561300812894,56.819924388968545],[64.81464869617558,56.81278600595034],[64.83487411472514,56.82349358047667],[64.86699683830446,56.82349358047667],[64.89079144836215,56.840149807516326],[64.88722225685322,56.848477921037535],[64.895550370374,56.85561630405574],[64.91577578892355,56.85323684304964],[64.9360012074732,56.844908729528434],[64.949088243005,56.83301142449999],[64.949088243005,56.80326816192702],[64.90387848389466,56.78304274337738],[64.93957039898211,56.750920019798315],[64.89674010087691,56.72117675722623],[64.82892546221117,56.678346459120846],[64.78014651159123,56.64860319654779],[64.74802378801277,56.64027508302756],[64.65522480878548,56.62123939498181],[64.56361556006038,56.61172155095662],[64.50769822642347,56.58197828838454],[64.4327452047399,56.57246044436122],[64.38515598462365,56.541527451286136],[64.36612029657701,56.521302032736486],[64.4172787082021,56.47490254312289],[64.44702197077461,56.449918202561136],[64.42084789971102,56.441590089039934],[64.43393493524282,56.42374413149629],[64.45059116228354,56.42374413149629],[64.49223172988576,56.43326197551961],[64.50769822642347,56.41660574847995],[64.49104199938274,56.40470844345054],[64.51959553145306,56.388052216409015],[64.57432313458708,56.39162140791909],[64.6040663971596,56.363067875849126],[64.62786100721809,56.33094515227006],[64.63856858174395,56.286925123662556],[64.67307076632912,56.285735393158575],[64.70400375940466,56.26907916611892],[64.74445459650386,56.24171536455019],[64.82297680969626,56.221489946002315],[64.95392496154501,56.248406740150145],[65.02530879171965,56.24364781813804],[65.07527747284263,56.2650629671898],[65.12762561497063,56.26030404517947],[65.25135758727336,56.2650629671898],[65.38222794259474,56.28409865523733],[65.5107188369093,56.28171919423132],[65.64634811424172,56.250786201156146],[65.74152655447493,56.162746143940254],[65.88905313683614,56.05329093767161],[65.9889904990812,55.998563334536804],[66.14365546446017,55.90338489430448],[66.25311067072809,55.8248626811119],[66.39349887007243,55.80582699306615],[66.51485138136925,55.83438052513611],[66.61716820462013,55.79868861004706],[66.67665472976607,55.81058591507647],[66.7218644888771,55.760617233953774],[66.77659209201111,55.73920208490201],[66.82418131212728,55.779652922001304],[66.98360519951818,55.82724214211791],[67.21203345607779,55.89386705028116],[67.30721189631092,55.91290273832691],[67.33782578948332,55.91236565248214],[67.34766273341022,55.931145272706104],[67.43332332962046,56.019185329921115],[67.52612230884766,56.104845926131006],[67.59988560002832,56.1905065223409],[67.63319805410967,56.26902873553356],[67.68316673523265,56.359448253754664],[67.70934080629624,56.378483941801306],[67.77834517546586,56.395140168841856],[67.84734954463458,56.44034992795423],[67.9425279848678,56.476041843041415],[67.97346097794323,56.5141132191347],[67.95680475090259,56.55694351723832],[67.96394313392035,56.60453273735581],[67.95918421190842,56.6449835744543],[67.99963504900772,56.70209063859512],[68.05674211314765,56.74254147569441],[68.1828535464563,56.785371773798026],[68.29468821373094,56.81154584486287],[68.47314778916768,56.851996681961275],[68.47790671117951,56.94479566118937],[68.54691108034834,57.0042821863353],[68.63019221555257,57.03997410142258]]]]}}]}
