{"type":"FeatureCollection","features":[{"type":"Feature","properties":{"kind":"province","id":"gubernia-1897-96","name":"Енисейская губерния"},"geometry":{"type":"MultiPolygon","coordinates":[[[[82.67106403796538,61.13891280383438],[82.78602337881307,61.08282551806225],[83.27500261551164,60.947196240730634],[83.78182780975331,60.79729019736172],[84.36003683417017,60.62953819645104],[84.82403173030663,60.47963215308391],[85.02390645479673,60.41538670592676],[85.20593522174293,60.25477308803241],[85.20236603023419,60.101297853157156],[85.25590390286537,59.9335458522455],[85.2880266264439,59.91213070319374],[85.64137658580944,59.8978539371592],[85.98044977914034,59.887146362632876],[86.40518356868105,59.78007061737024],[86.79065625162592,59.6729948721077],[87.17969812607934,59.644441340036764],[87.62584706467182,59.60874942495046],[87.74363038446096,59.44813580705612],[87.92565915140698,59.20186159295285],[88.53599089940245,59.23041512502371],[88.45746868621005,59.06623231562026],[88.71088128333044,58.91989546376223],[88.72515804936577,58.89134193169325],[88.45033030319273,58.82709648453422],[88.25759396171995,58.65934448362444],[87.95064349196828,58.42734703555563],[87.84713693821458,58.31670209878398],[87.87212127877588,58.28814856671491],[87.89353642782844,58.141811714855095],[88.15408740796624,58.11682737429423],[88.56811362298097,58.06685869317153],[88.80724945406692,58.06328950166332],[88.97857064648706,58.07042788468063],[89.05709285967946,58.031166778085236],[89.12133830683652,57.98119809696253],[89.19629132852036,57.93479860734804],[89.50324179827193,57.95621375640078],[89.56748724542989,57.89196830924452],[89.6103175435343,57.863414777173574],[89.62816350107829,57.81701528756006],[89.71739328879747,57.788461755490985],[89.704741677238,57.75303724312412],[89.69954733125347,57.7384930743674],[89.63530188409561,57.688524393245224],[89.54485433974108,57.63870956370555],[89.44134778598738,57.59587926560105],[89.35568718977775,57.55304896749655],[89.31999527469038,57.399573732619515],[89.39851748788251,57.310343944900524],[89.5341467652153,57.156868710025265],[89.71617553216122,56.95342479402731],[89.81968208591493,56.939148027991884],[89.92675783117703,56.942717219500985],[89.9624497462644,56.89988692139471],[90.01598761889583,56.88561015536017],[90.04097195945661,56.83207228272934],[90.09450983208806,56.79994955915028],[90.07666387454398,56.71785815444949],[90.0516795339832,56.632197558238616],[90.03026438493082,56.59650564315143],[89.98743408682597,56.58579806862599],[89.958880554756,56.54296777052149],[90.12306336415794,56.389492535644465],[90.30509213110386,56.20746376869924],[90.19801638584177,56.161064279085636],[90.08023306605308,56.12894155550657],[90.04811034247402,56.09681883192751],[90.0588179170007,56.04328095929668],[89.99814166135175,56.03971176778758],[89.88392753307225,55.996881469682194],[89.79826693686175,56.004019852699415],[89.75186744724859,55.98260470364765],[89.68048361707386,55.943343597052255],[89.55556191426777,55.93263602252593],[89.49488565861883,55.925497639507725],[89.44491697749656,55.88980572441956],[89.39137910486512,55.8683905753678],[89.3164260831812,55.87195976687602],[89.35568718977775,55.8255602772633],[89.33070284921618,55.797006745193336],[89.25574982753315,55.75417644708884],[89.0915670181305,55.69706938294891],[89.12012055020037,55.614977978246344],[88.98806046437679,55.58642444617638],[88.83458522950073,55.51504061600191],[88.73464786725613,55.45436436035288],[88.6704024200989,55.400826487722945],[88.6668332285897,55.35442699810845],[88.60615697294085,55.27590478491588],[88.56332667483599,55.26876640189856],[88.5419115257836,55.22593610379406],[88.59544939841497,55.1545522736196],[88.64184888802893,55.01535380477711],[88.71323271820374,54.922554825549895],[88.77747816536099,54.86901695291907],[88.7881857398875,54.79763312274461],[88.7703397823435,54.754802824639214],[88.69895595216876,54.694126568990185],[88.65255646255481,54.64058869635936],[88.63471050501153,54.59062001523675],[88.64687306499876,54.554132335276364],[88.65612565406391,54.5263745680804],[88.64898727104642,54.43714478036149],[88.62400293048493,54.41572963130787],[88.63114131350243,54.35505337565972],[88.58831101539757,54.26225439643163],[88.50265041918786,54.230131672854434],[88.4455433550473,54.222993289837206],[88.4455433550473,54.19087056625814],[88.49908122767876,54.18016299173084],[88.58117263238007,54.18373218323994],[88.62400293048493,54.16231703418818],[88.62757212199324,54.12662511910001],[88.6668332285897,54.10877916155638],[88.70252514367706,54.10877916155638],[88.71323271820374,54.151609459660875],[88.80603169743077,54.19443975776724],[88.8774155276055,54.25511601341441],[88.93095340023696,54.237270055870766],[89.01304480493836,54.14447107664454],[89.04159833700815,54.148040268151775],[89.07372106058722,54.165886225696305],[89.17008923132263,54.165886225696305],[89.20578114641,54.12305592759091],[89.25574982753315,54.080225629486414],[89.23790386998907,54.01598018232838],[89.20935033791919,53.955303926681125],[89.12368974170947,53.96601150120656],[89.08085944360462,53.919612011593046],[89.08442863511301,53.87678171348766],[89.11298216718288,53.830382223874054],[89.16652003981433,53.81253626633131],[89.2022119549017,53.81967464934861],[89.24186963833193,53.788345079437896],[89.20974691475367,53.73837639831528],[89.22045448927955,53.71339205775442],[89.25971559587602,53.695546100209896],[89.2775615534193,53.64200822757995],[89.34537619208564,53.63130065305363],[89.3882064901905,53.63843903607085],[89.43103678829536,53.63843903607085],[89.48457466092671,53.64557741908905],[89.52383576752327,53.670561759649914],[89.56666606562804,53.684838525684455],[89.63448070429448,53.720530440772535],[89.67374181089014,53.70982286624532],[89.73441806653908,53.677700142666254],[89.78438674766133,53.695546100209896],[89.77724836464384,53.71339205775442],[89.86290896085356,53.73123801529797],[89.87718572688846,53.70982286624532],[89.86290896085356,53.677700142666254],[89.8058018967138,53.57776278042182],[89.8165094712404,53.49924056723013],[89.74869483257397,53.36004209838844],[89.74869483257397,53.310073417266715],[89.68444938541673,53.256535544635],[89.59878878920702,53.17444413993421],[89.55238929959314,53.11733707579428],[89.41319083075199,53.10662950126698],[89.36322214962972,52.988846181479886],[89.41676002226038,52.9353083088472],[89.52383576752327,52.9353083088472],[89.60235798071541,52.92816992583086],[89.66102656614041,52.899504856526605],[89.68511860882471,52.78305998355334],[89.7373180346402,52.6907071532642],[89.80357115202138,52.638507727448086],[89.87986262052037,52.62043869543595],[89.95615408902006,52.54013188648882],[90.01638419572961,52.514032173581654],[90.01995338723871,52.46417502969324],[90.08419883439595,52.41777554008061],[90.1448750900448,52.360668475940685],[90.26265840983358,52.27500787972982],[90.29478113341176,52.146516985414536],[90.33761143151733,52.08940992127559],[90.30905789944674,52.039441240152],[90.3590265805698,52.01088770808204],[90.32155282113764,52.00022990884831],[90.28110198403844,51.97643529878947],[90.25730737398041,51.92408715666076],[90.25492791297485,51.81701141139911],[90.25016899096292,51.707556205131354],[90.11929863564207,51.7289713541841],[90.05029426647299,51.726591893177115],[90.00508450736257,51.70041782211413],[89.92418283316398,51.588583154840286],[89.88135253505922,51.562409083774554],[89.82186600991382,51.5838242328273],[89.77189732879076,51.58144477182218],[89.74810271873281,51.52195824667704],[89.68385727157558,51.51244040265283],[89.56726368228962,51.47674848756466],[89.47684416406807,51.488645792594085],[89.34359434774166,51.493404714607074],[89.28410782259554,51.53385555170459],[89.16989369431596,51.54337339572791],[89.01522872893716,51.61475722590326],[88.95336274278549,51.60999830389214],[88.94146543775607,51.54575285673401],[88.86294322456396,51.54099393472279],[88.86944028592646,51.53004806589573],[88.87847336923613,51.51482965567995],[88.92804583682246,51.486502531344094],[88.9617545044394,51.467240435562445],[89.00238932048238,51.42566062379801],[89.06407132769039,51.36254415130681],[89.06883024970239,51.24833002302695],[89.04979456165549,51.2245354129682],[89.03075887360859,51.20074080290945],[89.014102646568,51.150772121787725],[89.0343560601901,51.14108570657727],[89.06883024970239,51.124598050723776],[89.06645078869593,51.10318290167024],[89.052174022661,51.091285596641704],[89.03789725662608,51.07938829161317],[89.042656178638,51.06035260356613],[89.04741510064991,51.04131691551909],[89.13545515786512,50.996107156407604],[89.13751603491559,50.98897335123307],[89.16638815094143,50.88903141114595],[89.17366857367578,50.879609687607314],[89.20683898804066,50.83668326901724],[89.26156659117402,50.8152681199645],[89.28298174022723,50.72484860174339],[89.34960664839002,50.65108531056292],[89.45430293264656,50.5535274093245],[89.47333862069354,50.5130765722252],[89.5185483798038,50.503558728201],[89.59707059299683,50.52973279926566],[89.62810449202385,50.52707916433707],[89.640001797053,50.46521317818406],[89.70424724421088,50.42714180209077],[89.70900616622208,50.37955258197417],[89.637622336047,50.34148120588088],[89.61858664800036,50.27485629771852],[89.58527419391925,50.26533845369431],[89.51864928575611,50.296271446770284],[89.44012707256371,50.289133063753056],[89.3544664763532,50.24630276564767],[89.29735941221344,50.1701600134611],[89.30925671724276,50.12257079334538],[89.34732809333588,50.11067348831605],[89.46868060463356,50.11067348831605],[89.50675198072685,50.089258339264205],[89.50675198072685,50.065463729204566],[89.44012707256371,50.02501289210616],[89.42585030652833,49.989320977018],[89.44250653356892,49.922696068855636],[89.52102874676132,49.87986577075024],[89.60469242284793,49.917163320377476],[89.72019261510636,49.94690211823983],[89.86168035062288,49.95433395045885],[89.94830549481667,49.967336897398255],[90.02049311497818,50.002612909084625],[90.01183060055878,50.04898930542929],[90.04648065823629,50.07494053077148],[90.19951841297868,50.11013759802579],[90.28036854755955,50.11939568758046],[90.34678115810814,50.178605077195336],[90.50559392246345,50.23589428066327],[90.58933156185076,50.2322002781883],[90.65574417239935,50.22111655353924],[90.72504428775439,50.258052285706135],[90.71638177333502,50.30602595888012],[90.76258185023838,50.335524189098486],[90.86941952807737,50.3484239087197],[90.90695709056136,50.38341977483546],[90.92716962420657,50.41838983699254],[91.18127004717505,50.436784770424865],[91.31987027788513,50.47722847352631],[91.40938292688536,50.47355320207052],[91.49312056627271,50.54333450561319],[91.65193333062801,50.59102019850262],[91.72123344598305,50.704537543910924],[91.87427120072539,50.73013254164168],[92.07350903237115,50.699051082908134],[92.2496468255652,50.72464907596176],[92.3131719313073,50.76484625498282],[92.33049696014606,50.879765508813435],[92.37669703704942,50.88340910771403],[92.44022214279155,50.805008928771336],[92.52973479179181,50.7885829139768],[92.59037239272743,50.79086465016629],[92.61058492637262,50.76530284280902],[92.60769742156619,50.721450091258944],[92.65967250808247,50.7123089315287],[92.73186012824397,50.7086519684145],[92.76362268111501,50.757996902892856],[92.78094770995376,50.794515196414885],[92.8589103397282,50.80546512454939],[93.01483559927703,50.7799113007049],[93.03216062811579,50.72327810926005],[92.98884805601887,50.67572646186873],[93.02638561850287,50.62995824704354],[93.0956857338579,50.60064318453735],[93.27182352705196,50.60430856651052],[93.39887373853618,50.62812659087169],[93.74248681050491,50.591478480543486],[94.1178624353447,50.59331156409569],[94.2622376756677,50.57864489702923],[94.32576278140981,50.516260587665876],[94.36618784870025,50.40044789640708],[94.39217539195838,50.232662044149066],[94.42393794482943,50.199403464089215],[94.49323806018448,50.184614430490775],[94.52788811786199,50.164272029959804],[94.54810065150723,50.12170993027224],[94.59718823321703,50.07725692178834],[94.61162575724936,50.05316098491205],[94.64338831012039,50.03832669917183],[94.73867596873357,50.04389009358422],[94.7877635504434,50.05130694991191],[94.99855140131494,50.04203570041638],[95.02165143976663,49.97708680298159],[95.09961406954106,49.960371469717074],[95.42301460786454,49.956656162842286],[95.4923147232196,49.921346447718925],[95.52696478089713,49.90275199256752],[95.55583982896172,49.917628130226845],[95.57605236260693,49.943650331017494],[95.62513994431677,49.95294056927284],[95.70887758370411,49.960371469717074],[95.7955027278979,49.960371469717074],[95.78106520386558,49.98451397667021],[95.75219015580099,50.00864437283888],[95.77817769905914,50.02348782862124],[95.83592779518833,50.03647209109345],[95.89656539612398,50.027197976107935],[95.91677792976921,49.99936488435013],[95.95720299705962,49.97708680298159],[95.99762806435008,49.96780122340868],[96.01784059799529,50.001220925354424],[96.0611531700922,50.00678861844605],[96.1275657806408,49.98637059093669],[96.27236281536727,49.96997965088717],[96.3710665881425,49.911342273578825],[96.46217776301195,49.886888967456706],[96.53810374206981,49.94066988315488],[96.59884452531614,49.926008308796014],[96.63680751484507,49.891780620158734],[96.78106687505502,49.916231447659946],[96.97847442060552,49.87221103468424],[97.02403000804024,49.818353767372955],[97.26699314102545,49.74972135703574],[97.38847470751804,49.77424409397557],[97.5934748509743,49.84773789696938],[97.5934748509743,49.926008308796014],[97.75291940699584,49.96509592848026],[97.82125278814792,49.93089599588029],[97.8971787672058,49.94066988315488],[98.07180851903891,50.06755005997164],[98.27680866249517,50.29121045822383],[98.32236424992992,50.48484714761841],[98.16291969390836,50.58136910192161],[98.03384552951,50.63437201779485],[98.00347513788684,50.71136060596191],[97.97134541796862,50.8302762020651],[97.99123527249711,50.88354193077243],[97.87101913898881,50.96729433489025],[97.87101913898881,51.03498349366841],[97.94694511804668,51.197827715994954],[97.98490810757563,51.37984826497666],[98.08614274631945,51.450877381881895],[98.22534037459222,51.478470016047886],[98.24432186935671,51.576878980414335],[98.3139206834931,51.663302986388416],[98.43413681700139,51.74956245834071],[98.56700728035267,51.80436923709274],[98.72518640338991,51.86301693535667],[98.78845805260482,51.948895443879884],[98.83907537197673,52.07740548735915],[98.85172970181969,52.13181342791465],[98.92549006353606,52.14539137215357],[98.75959850540391,52.226095373406736],[98.7881520374738,52.2546489054767],[98.64776383812989,52.28796135955788],[98.61921030606003,52.30699704760541],[98.65014329913546,52.33793004068049],[98.70351960342704,52.368863033756554],[98.77490343360178,52.46166201298456],[98.77014451158985,52.621085900374034],[98.92243001596307,52.71864380161334],[98.92956839898056,52.7471973336833],[98.69638122040955,52.84951415693472],[98.43701997077423,52.96848720722571],[97.81360118724625,53.0136969663363],[97.65655676086189,53.142187860650694],[97.6494183778444,53.2016743857976],[97.59707023571578,53.249263605913235],[97.37102144016225,53.3277858191059],[97.11641911253805,53.401549110286375],[96.86657570692569,53.487209706496266],[96.78674391098554,53.603540274651124],[96.92594237982661,53.674924104826474],[97.12938629582493,53.767723084053586],[97.28999991371847,53.849814488754376],[97.3792297014372,53.846245297247144],[97.4755978721735,53.89264478686074],[97.54341251083984,53.921198318930706],[97.60765795799708,53.97116700005243],[97.5719660429098,53.996151340613295],[97.5826736174356,54.02827406419236],[97.64334987308453,54.071104362296865],[97.72187208627668,54.08895031984139],[97.74685642683825,54.18531849057672],[97.73614885231156,54.24956393773485],[97.6968877457159,54.32094776790932],[97.71473370325918,54.38519321506735],[97.75042561834735,54.44230027920728],[97.85393217210034,54.48869976882088],[97.87177812964443,54.64574419520524],[97.83251702304787,54.681436110293404],[97.81110187399548,54.763527514994195],[97.83608621455697,54.78851185555506],[97.82894783153957,54.82063457913412],[97.84679378908285,54.86346487723863],[97.89319327869681,54.884880026292166],[97.95386953434574,54.97410981400938],[97.97528468339813,55.081185559271916],[97.93602357680166,55.152569389448246],[97.96457710887145,55.17398453850001],[97.98956144943303,55.24536836867448],[97.9074700447317,55.302475432814404],[97.89676247020591,55.35244411393702],[97.85036298059195,55.377428454497974],[97.82894783153957,55.459519859198764],[97.84679378908285,55.548749646917756],[97.81467106550458,55.59514913653126],[97.73614885231156,55.63084105161943],[97.75756400136484,55.69865569028568],[97.63978068157614,55.855700116670036],[97.5826736174356,55.8913920317582],[97.67547259666351,55.94849909589725],[97.72187208627668,56.012744543054396],[97.82180944852207,56.03059050059804],[97.88248570417012,56.05557484116068],[97.95386953434574,56.059144032668],[98.13946749279998,56.06985160719521],[98.22869728051879,56.101974330774276],[98.35361898332488,56.20548088452692],[98.58204723988477,56.20191169301782],[98.79262953890057,56.05557484116068],[99.11028758317927,56.06628241568611],[99.5171754151759,56.005606160037175],[99.67065065005195,56.0234521175817],[99.717050139666,56.04486726663346],[99.79200316134894,56.112681905300605],[99.87052537454197,56.14837382038699],[99.96689354527828,56.25901875715863],[100.14178392920671,56.458893481648374],[100.22387533390724,56.53027731182284],[100.49870308008109,56.81224344101427],[100.55937933572993,56.88719646269783],[100.5772252932733,56.95144190985596],[100.57008691025581,57.02639493153855],[100.60220963383479,57.112055527749334],[100.70214699607939,57.22626965602919],[100.71642376211437,57.29051510318554],[100.74140810267595,57.329776209782715],[100.76282325172834,57.44042114655347],[100.73070052814927,57.51894335974613],[100.67359346400953,57.554635274832435],[100.64503993193965,57.61531153048146],[100.63555011404894,57.688524393245224],[100.6034273904705,57.745631457384704],[100.71764151875009,57.93479860734804],[100.87825513664363,58.22033392804856],[100.985330881906,58.405931886503865],[101.04600713755511,58.413070269521086],[101.17449803187013,58.480884908186454],[101.26015862807984,58.502300057238216],[101.33511164976359,58.48802329120376],[101.47074092709582,58.52371520629095],[101.56353990632276,58.53442278081816],[101.58852424688406,58.562976312887244],[101.63492373649794,58.57368388741365],[101.75627624779564,58.6771904411671],[101.79553735439148,58.67005205814987],[101.86692118456656,58.70574397323706],[101.9168898656891,58.70574397323706],[102.07393429207399,58.71288235625437],[102.17387165431823,58.69146720720252],[102.32734688919437,58.69146720720252],[102.36303880428237,58.65934448362444],[102.48082212407061,58.66648286664166],[102.49866808161461,58.684328824184405],[102.55220595424579,58.684328824184405],[102.68426604006937,58.73429750530791],[102.96980136076918,58.76285103737699],[103.63724017290431,58.83780405906144],[104.00843608981384,58.86992678263962],[104.15834213318071,58.85921920811329],[104.35821685767073,58.88420354867415],[104.41889311331921,58.92346465527133],[104.53667643310817,59.00555605997212],[104.65802894440507,59.037678783551186],[104.67587490194907,59.07693989014659],[104.74725873212425,59.08764746467389],[104.80079660475533,59.12690857126929],[104.82578094531665,59.191154018426445],[104.88288800945648,59.23041512502371],[104.9007339669996,59.29466057218086],[104.87931881794783,59.326783295759924],[104.9078723500177,59.3589060193381],[104.91501073303502,59.39459793442617],[104.8650420519124,59.419582274987036],[104.85433447738652,59.44813580705612],[104.72227439156293,59.44813580705612],[104.67230571044041,59.48739691365249],[104.53310724159961,59.49453529666972],[104.42246230482787,59.51951963723245],[104.39390877275791,59.56234993533597],[104.3510784746534,59.576626701372376],[104.34750928314484,59.61588780796777],[104.31538655956551,59.644441340036764],[104.26541787844378,59.6729948721077],[104.18332647374193,59.66228729758129],[104.1155118350762,59.69084082965223],[104.06554315395368,59.687271638142235],[103.9941593237785,59.648010531546745],[103.91920630209476,59.6694256805986],[103.85426663560067,59.68656040701678],[104.01488025349394,60.000649259786826],[104.15407872233502,60.31473811255553],[104.24687770156294,60.55744313515058],[104.35038425531664,60.73590271058856],[104.40035293643899,60.87510117942928],[104.48244434113951,60.99645369072556],[104.58238170338491,61.164205691637136],[104.67874987412122,61.36408041612776],[104.80724076843575,61.378357182161324],[105.02496145046894,61.460448586863095],[105.23911294099395,61.56752433212483],[105.23911294099395,61.62820058777476],[105.28908162211621,61.685307651914684],[105.31049677116869,61.78524501415902],[105.36760383530844,61.81736773773808],[105.38188060134411,61.863767227350706],[105.45683362302725,61.9101667169644],[105.5175098786761,61.928012674508835],[105.52464826169359,61.963704589597],[105.52464826169359,62.002965696192405],[105.57818613432511,62.04222680278869],[105.64956996449973,62.07434952636687],[105.64600077299059,62.14216416503321],[105.68883107109622,62.234963144261215],[105.7280921776919,62.29207020840016],[105.84230630597227,62.381299996119154],[105.82802953993729,62.41342271969822],[105.79233762484915,62.466960592329045],[105.81018358239322,62.50265250741721],[105.7959068163583,62.56689795457356],[105.89584417860294,62.64185097625713],[105.86729064653298,62.68111208285342],[105.81375277390242,62.702527231906075],[105.81732196541071,62.7239423809597],[105.85658307200725,62.773911062081424],[105.86372145502474,62.83815650923955],[105.84944468898976,62.88455599885316],[105.87799822105973,62.930955488465784],[105.91369013614701,62.95593982902753],[105.88156741256796,62.99520093562391],[105.87799822105973,63.04160042523742],[105.76735328428845,63.095138297868246],[105.77806085881417,63.14153778748194],[105.67455430506124,63.20935242614908],[105.64243158148224,63.26645949028901],[105.67098511355215,63.319997362919835],[105.57945577255168,63.38144819560506],[105.54733304897258,63.40643253616592],[105.47594921879823,63.581322920094806],[105.44023196191745,63.65334296265752],[105.25822853676414,64.02033347567068],[105.1009308907117,64.35065853238069],[105.0083851311523,64.54500462745537],[104.94397142210964,64.67249009326957],[104.83706393873297,64.8840778207869],[104.64789678876872,65.21958182260826],[104.55866700105037,65.38554922776528],[104.46943721333201,65.5515166329223],[104.31596197845585,65.81206761306107],[104.23983510859401,65.93226793389594],[104.18033270112363,66.02621910358633],[104.30168521242052,66.16184838091706],[104.55509780954173,66.44381451010858],[104.61914655927866,66.5112342466735],[104.75854172554045,66.65796600063268],[104.90736884056913,66.81931128421557],[105.14044521697588,67.07199221564778],[105.26953775839355,67.21112528806472],[105.46167245276297,67.41820379199635],[105.66532524341874,67.65579871442797],[105.7400693904454,67.74300021929237],[106.01846632812709,67.98927443339562],[106.35040113844076,68.32120924370798],[106.51815313935154,68.47468447858408],[106.68590514026232,68.62815971346018],[107.00254486544704,68.92535664850185],[107.09279297225976,69.01006320489621],[107.39617425050284,69.2777525680531],[107.6781403796939,69.53830354819098],[107.7552357383903,69.52545432174124],[107.8280464230615,69.51331920762905],[108.02792114755079,69.52402678215635],[108.09216659470866,69.48476567555909],[108.15373497217224,69.48160832286881],[108.23136506354973,69.47762729254195],[108.4419473625656,69.51688839913909],[108.58471502291513,69.50261163310277],[108.71320591723014,69.51688839913909],[108.80243570494844,69.5597186972427],[108.93806498228139,69.5597186972427],[109.14864728129737,69.602548995348],[109.20363876664184,69.59739354359742],[109.26286140957706,69.59184142082275],[109.36636801631272,69.59529164104666],[109.36993715483942,69.59541061233087],[109.44489017652313,69.57756465478634],[109.49485885764568,69.58827222931356],[109.51627400669753,69.62039495289173],[109.5983654113993,69.63467171892627],[109.67331843308233,69.67036363401444],[109.81965528494123,69.6882095915579],[109.88158889750231,69.67413377052152],[109.89817749813375,69.67036363401444],[110.00882243490474,69.72033231513696],[110.26580422353453,69.74531665569782],[110.56918550177761,69.75602423022512],[110.59060065083025,69.7881469538033],[110.63343094893537,69.7881469538033],[110.66198448100528,69.75959342173245],[110.72622992816241,69.75245503871523],[110.7869061838108,69.75959342173245],[110.84044405644198,69.75959342173245],[110.8939819290739,69.83097725190869],[110.88803352858201,69.8306557167469],[110.76192184325032,69.82383886888978],[110.7869061838108,69.86309997548598],[110.9368122271784,69.88808431604862],[111.03674958942344,69.91306865660957],[111.04031878093218,69.95232976320577],[111.1438253346858,69.95589895471487],[111.24902503784921,70.00323882113845],[111.28659299503528,70.0201444018722],[111.37584558586829,70.0235771938267],[111.37939197426311,70.02371359338032],[111.62209699685769,70.0094368273449],[111.68634244401466,69.94876057169587],[111.75415708268127,69.98445248678404],[111.85766363643489,69.9701757207495],[111.9540318071713,69.89165350755594],[112.18246006373056,69.89522269906584],[112.32879691558941,69.90949946510047],[112.43230346934303,69.90593027359235],[112.62536857877178,69.92150004048084],[112.65359334288513,69.92377623113501],[112.64288576835918,69.94876057169587],[112.62352254965643,69.95313291140299],[112.53224083158733,69.97374491225753],[112.55365598063992,70.03085197639844],[112.47156457593894,70.08082065751945],[112.41802670330776,70.17361963674728],[112.27168985144965,70.20931155183544],[112.27168985144965,70.24857265843093],[112.32879691558941,70.30211053106176],[112.29310500050138,70.3199564886054],[112.20030602127446,70.35564840369356],[112.21815197881847,70.41275546783349],[112.13962976562607,70.49127768102518],[112.14319895713464,70.53410797913057],[112.21101359580035,70.55552312818331],[112.30381257502819,70.56266151120053],[112.35378125615063,70.5947842347796],[112.232428744853,70.64475291590222],[112.23599793636174,70.69829078853392],[112.23182059604513,70.70360740348222],[112.19673682976583,70.74825946965485],[112.25741308541438,70.78395138474302],[112.35378125615063,70.84819683190017],[112.54651759762277,70.85176602340927],[112.69285444948162,70.86604278944381],[112.71962402156322,70.85743828413193],[112.79279181172586,70.83392006586554],[113.0426352173385,70.87318117246103],[113.07832713242567,70.91958066207464],[113.18183368617946,70.94456500263728],[113.19611045221473,70.96598015168912],[113.17283275573428,70.9869300785208],[113.16041853712682,70.99810287526712],[113.1996796437233,71.03022559884619],[113.24607913333642,71.03736398186359],[113.28534023993308,71.09090185449521],[113.27820185691587,71.13373215260079],[113.40669275123071,71.19797759975793],[113.40133896396749,71.20452111752384],[113.37457002765137,71.23723870635334],[113.44595385782662,71.35859121765041],[113.44595385782662,71.40142151575571],[113.53312595111117,71.43290032722024],[113.57444475214146,71.44782100537039],[113.60299828421142,71.52277402705377],[113.67668380235945,71.55040609635861],[113.71721241249094,71.56560432515757],[113.735058370035,71.63341896382452],[113.83499573227999,71.68695683645633],[113.963486626595,71.75120228361348],[114.14908458504976,71.77975581568265],[114.34895930953905,71.8011709647352],[114.34895930953905,71.83686287982337],[114.30832837137861,71.85452850511003],[114.26686790483808,71.87255479490976],[114.17763811711956,71.83686287982337],[114.12766943599712,71.81187853926251],[114.01702449922618,71.85470883736603],[114.05271641431335,71.95107700810323],[114.0092995789585,71.98323762688432],[113.95634824357688,72.02246083827778],[113.8921027964198,72.02603002978688],[113.83856492378862,72.07956790241771],[113.82785734926193,72.12239820052301],[113.65296696533386,72.16879769013563],[113.62441388740571,72.18715324023307],[113.60299828421142,72.20092041371568],[113.44595385782662,72.23304313729297],[113.43405664110036,72.2346294328568],[113.39241598519544,72.24018152031196],[113.35672407010827,72.27944262690745],[113.40312355972134,72.35082645708192],[113.53518364554492,72.40793352122185],[113.69936645494784,72.45433301083634],[113.78145785964881,72.45076381932724],[113.89567198792855,72.472178968379],[114.04557803129597,72.48288654290523],[114.14551539354028,72.5150092664843],[114.15622296806697,72.53999360704516],[114.07412980946333,72.56547079419907],[114.05271641431335,72.5721163306252],[113.8921027964198,72.59353147967705],[113.76361190210497,72.6185158202389],[113.68162661470927,72.62876398116322],[113.62084424175544,72.63636177778235],[113.52760150375477,72.65120083269616],[113.51619564826586,72.65301601015199],[113.41982747752932,72.69227711674739],[113.2913365832144,72.73867660636098],[113.1949684124788,72.83147558558899],[113.16284568890028,72.89215184123802],[113.30561334924974,72.92784375632618],[113.40198151998543,72.96710486292159],[113.45195020110795,73.05276545913058],[113.430535052056,73.15984120439313],[113.34130526433692,73.2026715024995],[113.14856892286494,73.249070992113],[113.00937045402404,73.27762452418209],[113.23422951907456,73.29547048172573],[113.35915122188092,73.27405533267397],[113.47693454166917,73.26334775814755],[113.53047241430035,73.28119371569119],[113.51262645675715,73.30974724776026],[113.54831837184435,73.35614673737476],[113.3341668813197,73.41325380151468],[113.26992143416264,73.48463763168914],[113.35915122188092,73.60242095147801],[113.44124262658207,73.6952199307061],[113.1342921568304,73.80586486747598],[112.84875683613049,73.90580222972129],[112.73811189935965,73.955770910844],[112.67029726069313,74.02358554951024],[112.58106747297477,74.02715474101845],[112.55965232392211,73.97004767687852],[112.60248262202661,73.91650980424761],[112.70598917578023,73.85226435708957],[112.75952704841141,73.81300325049506],[112.78094219746407,73.77374214389779],[112.69528160125435,73.7309118457924],[112.57392908995665,73.71663507975786],[112.23128670511709,73.6952199307061],[111.8922135117861,73.70949669674064],[111.63523172315703,73.7344810373015],[111.43535699866693,73.77731133540689],[111.25332823172083,73.84155678256414],[111.178375210037,73.90223303821219],[111.20335955059831,73.94863252782667],[111.27117418926483,73.96647848537032],[111.3425580194399,73.93792495329946],[111.46747972224547,73.98075525140486],[111.5424327439293,74.01644716649302],[111.44606457319371,74.06998503912385],[111.32471206189601,74.06998503912385],[111.14982167796721,74.04856989007253],[111.04631512421342,73.99860120894938],[111.01062320912632,73.955770910844],[111.11056057137128,73.89866384670407],[111.07486865628418,73.86654112312588],[110.99991563460034,73.8594027401091],[110.87856312330274,73.92007899575583],[110.75364142049638,73.94149414480945],[110.53235154695443,73.94149414480945],[110.36459954604365,73.96290929386122],[110.1076177574138,73.95220171933578],[109.96128090555568,73.92007899575583],[109.87205111783652,73.8272800165296],[109.70072992541718,73.7309118457924],[109.65076124429456,73.67380478165248],[109.67574558485587,73.61312852600354],[109.76497537257424,73.55959065337262],[109.8898970753805,73.52389873828544],[109.9255889904677,73.5524522703554],[110.14687886401036,73.57743661091715],[110.47881367432333,73.61669771751255],[110.6037353771296,73.64882044109162],[110.8036101016189,73.70592750523154],[110.9071166553726,73.7344810373015],[111.06773027326606,73.72377346277518],[111.1069913798627,73.69878912221432],[111.05345350723152,73.66309720712616],[110.93567018744248,73.66309720712616],[110.79647171860168,73.66309720712616],[110.7607798035144,73.63454367505707],[110.66084244126935,73.60242095147801],[110.6465656752341,73.58457499393447],[110.5965969941115,73.55602146186361],[110.43955256772749,73.53817550431997],[110.32890763095575,73.52032954677722],[110.29321571586857,73.50248358923368],[110.40029146113085,73.49534520621636],[110.42170661018349,73.47393005716273],[110.31106167341257,73.44894571660275],[110.25038541776335,73.45251490811097],[110.08263341685259,73.4203921845319],[109.92915818197635,73.39540784397104],[109.72928345748706,73.41325380151468],[109.55439307355817,73.47749924867183],[109.42590217924324,73.5488830788463],[109.35808754057753,73.54531388733808],[109.31525724247231,73.52032954677722],[109.32953400850765,73.48106844018004],[109.31525724247231,73.43109975905921],[109.35808754057753,73.39540784397104],[108.99759919819397,73.32402401379657],[108.8548315378445,73.32045482228747],[108.66209519637162,73.29190129021663],[108.4907740039522,73.28833209870841],[108.33016038605874,73.28833209870841],[108.3087452370061,73.24193260909578],[108.3515755351114,73.2347942260767],[108.43366693981245,73.24550180060302],[108.50505076998682,73.22408665155037],[108.39797502472446,73.18482554495586],[108.26591493890088,73.20980988551584],[108.10173212949877,73.21337907702494],[107.84475034086891,73.16697958741044],[107.594906935257,73.16697958741044],[107.4557084664161,73.13485686383315],[107.22371101834747,73.15270282137591],[106.97743680424439,73.11701090628961],[106.83466914389403,73.09916494874508],[106.45633484396728,73.1812563534472],[106.32784394965236,73.14556443835859],[106.21362982137268,73.11701090628961],[106.23147577891596,73.08488818271054],[106.18150709779415,73.00993516102697],[106.33498233266958,72.91713618179888],[106.4991651420725,72.8743058836935],[106.60624088733486,72.82790639408087],[106.21006062986412,72.8743058836935],[106.0815697355491,72.90642860727256],[106.00661671386536,72.82790639408087],[105.8816950110591,72.82076801106355],[105.80674198937525,72.79578367050091],[105.65326675449982,72.76009175541462],[105.57831373281608,72.73510741485278],[105.17856428383668,72.74224579787008],[105.16071832629268,72.68870792524015],[105.00724309141646,72.60304732902928],[104.78238402636593,72.54594026488935],[104.44688002454359,72.50310996678397],[104.20417500194898,72.48526400924041],[104.15777551233512,72.55664783941666],[104.40048053492973,72.59590894601206],[104.59678606791117,72.67800035071285],[104.95727441029392,72.74938418088732],[105.24280973099374,72.81362962804455],[105.58188292432473,72.87073669218448],[105.91738692614699,72.98495082046433],[105.97092479877817,73.07418060818422],[106.12083084214494,73.20980988551584],[106.37067424775758,73.26691694965665],[106.76685450522832,73.31688563077935],[106.98100599575295,73.37756188642794],[107.00242114480561,73.44894571660275],[106.87749944199933,73.52032954677722],[106.87749944199933,73.55602146186361],[106.95959084670031,73.58814418544357],[107.07023578347133,73.57743661091715],[107.2379877843829,73.53460631281176],[107.44143170038086,73.53103712130266],[107.63059885034419,73.51676035526812],[107.7162594465547,73.47749924867183],[107.84831953237828,73.47036086565461],[108.10173212949877,73.48820682319914],[108.32659119455009,73.55959065337262],[108.54788106809204,73.66309720712616],[108.62283408977578,73.77017295238967],[108.85126234633576,73.81657244200328],[109.02972192177249,73.83798759105504],[109.16535119910473,73.8772486976522],[109.30098047643769,74.03786231554479],[109.42233298773459,74.10567695421103],[109.59365418015481,74.15207644382464],[109.85063596878386,74.20204512494725],[110.0290955442214,74.27699814663082],[110.25038541776335,74.36979712585891],[110.51093639790186,74.41619661547153],[110.55733588751573,74.4554577220679],[110.6465656752341,74.4911496371551],[110.88927069782942,74.5411183182778],[111.08914542231872,74.59822538241772],[111.27474338077349,74.60536376543496],[111.38181912603585,74.66960921259219],[111.67092363824423,74.69459355315483],[111.856521596699,74.74099304276844],[112.06353470420632,74.83022283048645],[112.26340942869642,74.90160666066092],[112.50611445129093,74.93016019273186],[112.78451138897263,74.95871372480084],[113.09860024174242,75.05508189553804],[113.2734906256712,75.169296023817],[113.34130526433692,75.25495662002778],[113.45195020110795,75.32990964171037],[113.45195020110795,75.3941550888685],[113.47693454166917,75.43698538697389],[113.64825573408939,75.61901415391999],[113.59471786145821,75.69753636711178],[113.67680926615927,75.8010429208662],[113.76960824538709,75.85101160198703],[113.78745420293029,75.90454947461875],[113.87311479913991,75.96879492177598],[113.78745420293029,76.06873228402131],[113.60185624447553,76.12583934816124],[113.53047241430035,76.16510045475663],[113.40198151998622,76.19722317833569],[113.31989011528516,76.2935913490728],[113.30561334924974,76.35783679623005],[113.12715377381238,76.4292206264054],[112.96654015591884,76.54343475468525],[112.76309623992007,76.51131203110529],[112.55965232392211,76.52558879713983],[112.35620840792345,76.50417364808798],[112.29553215227494,76.53986556317615],[112.03498117213644,76.59697262731518],[111.84938321368168,76.61124939335106],[111.70661555333221,76.6469413084378],[111.60310899957851,76.63980292542058],[111.54957112694733,76.61481858485972],[111.07843784779274,76.54343475468525],[110.76434899502314,76.54700394619337],[110.42170661018349,76.51131203110529],[110.13617128948368,76.53629637166615],[109.78995971313546,76.59340343580608],[109.5258395414883,76.58983424429788],[108.98689162366809,76.56841909524522],[108.59784974921456,76.55057313770247],[108.3087452370061,76.56484990373701],[108.04462506535893,76.56128071222791],[107.64487561637952,76.57912666977155],[107.3771862532237,76.55771152071979],[107.1773115287337,76.54343475468525],[107.0381130598928,76.47918930752623],[106.69190148354457,76.43635900942262],[106.27073688551252,76.36854437075637],[105.85314147898913,76.30072973209012],[105.4462536469924,76.19365398682748],[105.57474454130742,76.37925194528181],[105.7246505846742,76.44349739243994],[105.81031118088471,76.55057313770247],[106.07086216102242,76.6576488829651],[106.1422459911976,76.71475594710547],[106.23147577891596,76.7825705857695],[106.5063035250898,76.83610845840123],[106.55270301470368,76.88607713952383],[106.43491969491464,76.88250794801482],[106.37424343926622,76.91106148008568],[106.238614161934,76.88250794801482],[106.18150709779415,76.88964633103205],[106.33498233266958,76.96816854422471],[106.30285960909106,76.98601450176925],[106.17793790628478,76.95032258668108],[106.09584650158372,76.9574609696983],[106.01018590537402,76.921769054612],[105.9245253091643,76.98958369327825],[106.08870811856642,77.03241399138187],[106.13510760818028,77.03241399138187],[106.22076820439,77.0502599489264],[106.15295356572348,77.13235135362719],[106.34568990719626,77.15733569418805],[106.42421212038876,77.12878216211809],[106.52058029112435,77.13592054513539],[106.3778126307748,77.2358579073816],[106.41350454586198,77.31081092906427],[106.3421207156877,77.35007203566146],[106.30285960909106,77.42502505734502],[106.15295356572348,77.47499373846763],[105.86027986200644,77.5463775686421],[105.59972888186864,77.56065433467664],[105.41056173190451,77.59277705825481],[105.05721177253898,77.62489978183388],[104.73241534524331,77.64631493088653],[104.46472598208759,77.67129927144838],[104.23272853401895,77.65345331390517],[103.93648563879326,77.59277705825481],[103.7508876803385,77.57493110071118],[103.59741244546225,77.56779271769395],[103.48319831718267,77.62489978183388],[103.34756903984963,77.59277705825481],[103.20837057100874,77.51782403657126],[102.99778827199276,77.45000939790499],[102.80862112202934,77.38933314225686],[102.51951660982095,77.30367254604697],[102.26610401270047,77.22515033285528],[102.10549039480621,77.17875084324167],[102.0983520117889,77.13592054513539],[102.23041209761249,77.0538291404355],[102.25896562968245,77.01813722534733],[102.12333635235021,76.97887611875193],[101.84493941466842,76.9574609696983],[101.6986025628095,76.93247662913744],[101.64863388168698,76.88964633103205],[101.6022343920731,76.87180037348939],[101.49515864681082,76.83253926689213],[101.58438843452991,76.81826250085759],[101.74857124393202,76.83610845840123],[101.78783235052786,76.81826250085759],[101.72001771186214,76.7897089687885],[101.6986025628095,76.75758624520856],[101.58795762603856,76.73260190464858],[101.45589754021498,76.76472462822586],[101.37380613551393,76.75401705370044],[101.35239098646127,76.72189433012225],[101.31312987986472,76.70761756408594],[101.29528392232143,76.68620241503409],[101.42377481663645,76.66478726598233],[101.59152681754722,76.6433721169287],[101.6629106477224,76.62552615938604],[101.6022343920731,76.60054181882518],[101.39165209305712,76.61481858485972],[101.3238374543914,76.63623373391148],[101.23460766667303,76.62909535089416],[101.22390009214635,76.57912666977155],[101.15608545348063,76.53272718015883],[101.09897838933999,76.4756201160189],[100.9490723459733,76.44349739243994],[100.67067540829072,76.44349739243994],[100.28877191685531,76.44706658394806],[99.90686842541919,76.4684817329999],[99.55708765756222,76.48632769054532],[99.38219727363422,76.48275849903622],[99.20730688970534,76.45420496696536],[99.18232254914412,76.43278981791352],[99.29296748591506,76.42208224338764],[99.44644272079128,76.40423628584267],[99.55351846605365,76.39352871131634],[99.54638008303634,76.34712922170274],[99.6713017858418,76.30429892359912],[99.6891477433858,76.27217620001917],[99.83191540373535,76.25433024247651],[99.82834621222669,76.19365398682748],[99.74982399903429,76.1543928802303],[99.83905378675338,76.09371662458217],[99.86760731882325,76.0187636028986],[99.87474570184057,75.95451815574145],[99.75339319054375,75.91525704914605],[99.60348714717608,75.90098028310965],[99.55708765756222,75.86885755953156],[99.45001191229986,75.86171917651478],[99.34293616703758,75.8403040274607],[99.26084476233652,75.8367348359525],[99.2893982944064,75.87242675104066],[99.40004323117742,75.89741109160063],[99.5071189764397,75.94024138970691],[99.58921038114084,76.02233279440681],[99.69985531791257,76.03660956044357],[99.73554723299966,76.06516309251221],[99.532103317001,76.09014743307307],[99.47856544436982,76.12583934816124],[99.5499492745449,76.17580802928384],[99.51068816794835,76.19722317833569],[99.4285967632473,76.17937722079294],[99.34293616703758,76.19365398682748],[99.34650535854624,76.22934590191565],[99.22158365573988,76.24005347644153],[99.03241650577655,76.22220751889655],[98.96817105861949,76.22934590191565],[99.00386297370667,76.26860700851016],[98.7932806746906,76.24362266795019],[98.61482109925394,76.2007923698447],[98.48633020493902,76.18651560381026],[98.56485241813142,76.1615312632493],[98.36854688514998,76.1543928802303],[98.28288628894026,76.15796207173932],[98.18651811820388,76.1508236887221],[98.05088884087164,76.12583934816124],[98.1758105436779,76.1079933906167],[98.35427011911544,76.1079933906167],[98.50060697097356,76.1151317736358],[98.3328549700628,76.06873228402131],[98.25790194837904,76.07230147552943],[98.24005599083506,76.04374794346089],[98.1758105436779,76.04017875195045],[98.09014994746819,76.0508863264781],[98.00092015974911,76.0508863264781],[97.9402439041007,76.09014743307307],[97.81532220129435,76.09014743307307],[97.70110807301475,76.0508863264781],[97.82959896732969,76.03304036893314],[97.86529088241687,75.98664087932052],[97.82602977582103,75.96165653875867],[97.75464594564593,75.95094896423235],[97.69040049848887,75.98664087932052],[97.52264849757731,75.95451815574145],[97.497664157016,75.93667219819781],[97.43341870985894,75.9259646236706],[97.42984951835028,75.95451815574145],[97.36203487968376,75.97593330479322],[97.51551011455999,75.99734845384684],[97.53335607210398,76.02233279440681],[97.23711317687749,75.99021007082952],[97.19428287877308,75.96522573026688],[97.14788338915912,75.94737977272413],[97.05508440993218,75.93310300668959],[97.05865360144084,75.88313432556609],[96.98370057975701,75.87599594254878],[96.87662483449473,75.8403040274607],[96.82665615337211,75.8403040274607],[96.78739504677556,75.82245806991796],[96.67675011000463,75.80818130388342],[96.60893547133891,75.81175049539164],[96.68388849302185,75.8367348359525],[96.79810262130233,75.90098028310965],[96.81237938733688,75.95808734724957],[96.70887283358316,75.9795024963032],[96.60536627983025,76.04017875195045],[96.4269067043928,76.04017875195045],[96.38050721477893,76.02233279440681],[96.45902942797133,75.98664087932052],[96.43047589590137,75.96165653875867],[96.32696934214775,75.99377926233774],[96.123525426149,75.95808734724957],[96.03786482993928,75.93310300668959],[96.02358806390474,75.85814998500612],[95.97718857429088,75.86171917651478],[95.86654363751994,75.89384190009243],[95.94506585071234,75.94737977272413],[96.01288048937798,75.99734845384684],[96.18777087330686,76.0508863264781],[96.30912338460377,76.05802470949587],[96.25201632046392,76.07587066703853],[96.31269257611241,76.09728581609038],[96.41976832137469,76.08657824156485],[96.46616781098857,76.07943985854673],[96.48758296004121,76.11870096514392],[96.31983095913044,76.12583934816124],[96.23060117141137,76.12583934816124],[96.08426431955324,76.13297773117846],[95.9664809997642,76.14368530570478],[95.784452232818,76.1543928802303],[95.6452537639772,76.15796207173932],[95.57386993380281,76.12227015665302],[95.49534772061041,76.11870096514392],[95.31688814517297,76.14011611419576],[95.17768967633207,76.1151317736358],[95.06704473956034,76.13654692268756],[94.98495333485928,76.18294641230116],[94.78150941886132,76.19365398682748],[94.7136947801948,76.16866964626662],[94.89572354714092,76.1615312632493],[94.89929273864956,76.14011611419576],[94.77437103584322,76.14011611419576],[94.85646244054436,76.1115625821267],[94.73867912075602,76.10085500759939],[94.68514124812484,76.1115625821267],[94.58520388587979,76.09371662458217],[94.53880439626602,76.1115625821267],[94.6280341839851,76.14011611419576],[94.64231095001963,76.15796207173932],[94.45314380005621,76.1508236887221],[94.33536048026805,76.17580802928384],[94.27111503311019,76.1508236887221],[94.14976252181329,76.1543928802303],[94.12477818125198,76.16510045475663],[93.94631860581453,76.17223883777572],[93.68576762567602,76.16866964626662],[93.68576762567602,76.15796207173932],[93.94631860581453,76.1508236887221],[93.93918022279722,76.12583934816124],[94.16047009633917,76.12227015665302],[94.18188524539183,76.10085500759939],[94.02484081900693,76.07587066703853],[93.82139690300826,76.07943985854673],[93.76428983886842,76.1079933906167],[93.60367622097496,76.1151317736358],[93.54656915683513,76.13297773117846],[93.50373885872992,76.12940853967034],[93.52158481627382,76.09728581609038],[93.45733936911604,76.08300905005584],[93.39309392195898,76.08300905005584],[93.43949341157285,76.1115625821267],[93.34669443234503,76.1115625821267],[93.28601817669662,76.12940853967034],[93.22177272953955,76.12227015665302],[93.27887979367931,76.09371662458217],[93.22534192104813,76.07587066703853],[93.18608081445157,76.09014743307307],[93.11469698427639,76.09014743307307],[93.11826617578585,76.06516309251221],[93.21106515501279,76.04017875195045],[93.27174141066128,76.02233279440681],[93.15038889936439,76.00448683686406],[93.06472830315467,76.0151944113895],[92.97192932392693,76.02590198591591],[92.91839145129575,76.0187636028986],[92.93266821733108,75.99734845384684],[92.86485357866457,75.96522573026688],[92.92196064280441,75.94381058121503],[92.96122174940096,75.9259646236706],[92.90054549375175,75.89384190009243],[92.92196064280441,75.8867035170751],[93.03617477108479,75.90454947461875],[93.0968510267332,75.90454947461875],[93.22177272953955,75.89384190009243],[93.29315655971385,75.91525704914605],[93.15752728238161,75.96165653875867],[93.40380149648486,75.9795024963032],[93.46447775213407,75.92953381518059],[93.52872319929114,75.92953381518059],[93.60010702946632,75.91168785763605],[93.6536449020975,75.90811866612695],[93.67862924265872,75.91882624065329],[93.63936813606216,75.94737977272413],[93.68933681718468,75.96165653875867],[93.74287468981578,75.94381058121503],[93.93561103128864,75.95808734724957],[94.06053273409412,75.98307168781052],[94.12834737276064,75.96165653875867],[94.14976252181329,75.94381058121503],[94.06767111711223,75.94381058121503],[93.91062669072734,75.91525704914605],[93.85708881809624,75.92239543216327],[93.78927417942973,75.90454947461875],[93.69290600869334,75.87956513405788],[93.60367622097496,75.85814998500612],[93.39309392195898,75.8403040274607],[93.12897375031173,75.8331656444434],[93.00762123901411,75.82245806991796],[93.03260557957533,75.78319696332078],[92.81488489754204,75.76892019728623],[92.59002583249152,75.74393585672627],[92.504365236281,75.76535100577803],[92.3401824268789,75.74750504823439],[92.10818497881026,75.74036666521717],[92.01895519109189,75.71538232465532],[91.95114055242617,75.71895151616354],[91.98683246751337,75.74750504823439],[91.86904914772431,75.72252070767264],[91.71200472134032,75.68325960107724],[91.57280625249862,75.66184445202362],[91.52640676288475,75.68682879258536],[91.41576182611382,75.67612121805992],[91.43003859214916,75.65827526051682],[91.37293152800932,75.64042930297185],[91.3229628468868,75.67255202655136],[91.15521084597522,75.64756768598907],[91.08382701580085,75.66541364353404],[90.99816641959123,75.65827526051682],[91.01244318562576,75.62615253693731],[90.94819773846869,75.61901415391999],[90.79829169510103,75.58332223883193],[90.7126310988914,75.58689143034005],[90.64481646022489,75.5761838558146],[90.65195484324211,75.59402981335735],[90.48063365082278,75.60116819637645],[90.5306023319453,75.5761838558146],[90.34500437349054,75.54763032374376],[90.26648216029814,75.53335355770922],[90.38069628857772,75.49052325960471],[90.28075892633268,75.46910811055118],[90.1915291386143,75.46910811055118],[90.12014530843922,75.46910811055118],[90.08802258486068,75.4869540680966],[90.03091552072085,75.47267730206019],[89.89171705187995,75.47267730206019],[89.81319483868755,75.49766164262203],[89.73110343398649,75.49052325960471],[89.63116607174145,75.49052325960471],[89.48482921988253,75.45483134451663],[89.53479790100496,75.42627781244757],[89.43129134725135,75.40486266339394],[89.34206155953298,75.38701670585128],[89.3206464104804,75.41913942943025],[89.3741842831115,75.44055457848211],[89.2778161123751,75.45483134451663],[89.1564636010783,75.40486266339394],[88.9744348341321,75.40486266339394],[88.92446615300966,75.38344751434218],[89.04224947279862,75.37273993981674],[89.03154189827194,75.35489398227132],[89.0351110897806,75.32990964171037],[88.95301968507945,75.32277125869315],[88.8602207058526,75.30135610964139],[88.78883687567733,75.262095003045],[88.8352363652913,75.24424904550146],[88.68533032192371,75.2085571304133],[88.55327023610013,75.22640308795692],[88.44619449083777,75.22640308795692],[88.52828589553883,75.19784955588786],[88.43191772480243,75.18000359834421],[88.43548691631189,75.16215764079969],[88.55327023610013,75.16215764079969],[88.56397781062601,75.14788087476427],[88.47831721441631,75.13360410872973],[88.43191772480243,75.10505057666064],[88.3391187455755,75.10505057666064],[88.2962884474702,75.15858844929059],[88.11782887203354,75.11575815118707],[88.0178915097885,75.11575815118707],[87.92866172206932,75.08720461911612],[87.8608470834037,75.11575815118707],[87.52534308158127,75.11218895967797],[87.35759108067059,75.11218895967797],[87.26836129295222,75.0836354276071],[87.37543703821459,75.05508189553804],[87.24694614389965,75.0300975549762],[87.12916282411052,75.02295917195808],[86.99353354677837,74.96942129932725],[86.8186431628503,74.96228291630995],[86.74369014116654,74.93372938424086],[86.5045543100806,74.9444369587663],[86.39390937330887,74.98369806536179],[86.27255686201197,74.97299049083627],[86.35107907520437,74.94086776725818],[86.25828009597663,74.93016019273186],[86.22258818088945,74.95514453329272],[86.10837405260985,74.94086776725818],[86.1904654573109,74.90517585217002],[86.09052809506586,74.90160666066092],[86.16191192524103,74.87305312859193],[86.1048048611012,74.85877636255739],[85.97631396678626,74.86234555406463],[85.86566903001444,74.82665363897833],[85.72290136966498,74.82308444746923],[85.70862460363045,74.88376070311826],[85.58727209233284,74.85877636255739],[85.49804230461447,74.86948393708371],[85.41952009142197,74.83379202199467],[85.30887515465025,74.81237687294379],[85.31958272917693,74.79096172389016],[85.4694887725437,74.80523848992613],[85.66579430552524,74.78025414936384],[85.68720945457788,74.75883900031208],[85.75859328475218,74.74099304276844],[85.84068468945404,74.69816274466305],[85.75145490173495,74.65890163806667],[85.69434783759512,74.65176325504855],[85.60511804987674,74.62320972297992],[85.5480109857361,74.63748648901402],[85.530165028193,74.69102436164573],[85.42308928293063,74.7160087022066],[85.35170545275545,74.75526980880298],[85.29459838861571,74.75526980880298],[85.32315192068559,74.7160087022066],[85.24462970749319,74.69459355315483],[85.21964536693187,74.65533244655765],[85.10543123865237,74.62677891448858],[85.10543123865237,74.60536376543496],[85.13398477072225,74.5839486163832],[85.16967668580943,74.54825670129503],[85.19109183486201,74.47330367961146],[85.08401608959973,74.43047338150794],[85.11613881317825,74.34481278529707],[85.05189336602119,74.28056733813902],[85.05189336602119,74.25915218908717],[85.19823021787931,74.27699814663082],[85.30173677163302,74.2662905721045],[85.42308928293063,74.25201380606995],[85.45521200650926,74.14493806080732],[85.41238170840396,74.13066129477288],[85.50161149612312,74.06998503912385],[85.51945745366632,74.0093087834757],[85.56585694328018,73.97004767687852],[85.53373421970166,73.93435576179213],[85.58727209233284,73.9129406127386],[85.64794834798124,73.93078657028215],[85.77287005078752,73.89152546368675],[85.82283873191004,73.84512597407226],[85.87280741303256,73.8272800165296],[85.92634528566374,73.74161942031881],[85.94062205169828,73.6952199307061],[85.86566903001444,73.74161942031881],[85.78000843380482,73.80229567596874],[85.66579430552524,73.8594027401091],[85.56228775177154,73.88795627217765],[85.39453575086075,73.89866384670407],[85.31601353766835,73.89509465519497],[85.26604485654583,73.9129406127386],[85.12327719619549,73.92364818726493],[85.04832417451254,73.89509465519497],[85.01620145093321,73.85226435708957],[84.95552519528471,73.8237108250205],[84.82703430096979,73.80229567596874],[84.70568178967288,73.81300325049506],[84.64500553402368,73.79158810144143],[84.68069744911166,73.7344810373015],[84.65928230005902,73.70235831372342],[84.47011515009568,73.70592750523154],[84.27380961711415,73.70949669674064],[84.14888791430869,73.7344810373015],[83.91332127473139,73.68808154768888],[83.70987735873273,73.68094316466978],[83.51714101726064,73.6952199307061],[83.31726629277054,73.66309720712616],[83.24588246259538,73.67023559014568],[83.20305216449096,73.6416820580744],[83.13523752582444,73.66666639863526],[83.00317744000085,73.64882044109162],[82.90324007775581,73.65595882410892],[82.72478050231915,73.6452512495835],[82.55345930989893,73.65238963260072],[82.50705982028506,73.63097448354895],[82.43210679860202,73.63097448354895],[82.40355326653216,73.66666639863526],[82.2857699467431,73.67737397316246],[82.21081692505928,73.65238963260072],[82.21795530807739,73.62383610052986],[82.03949573263993,73.6452512495835],[81.96811190246476,73.63454367505707],[81.82177505060665,73.60599014298623],[81.76823717797546,73.60955933449533],[81.66473062422175,73.60242095147801],[81.65759224120373,73.58457499393447],[81.62190032611655,73.58457499393447],[81.52553215538015,73.60599014298623],[81.46842509124039,73.60242095147801],[81.50768619783695,73.56672903639127],[81.45057913369631,73.55602146186538],[81.35778015446938,73.58814418544357],[81.29353470731232,73.57386741940903],[81.18288977054058,73.598851759969],[81.09009079131356,73.598851759969],[81.12221351489208,73.57029822789993],[81.20073572808448,73.57029822789993],[81.24713521769844,73.55602146186538],[81.15790542997928,73.54174469582907],[81.09009079131356,73.55602146186538],[80.92233879040279,73.5952825684599],[80.8688009177708,73.57029822789993],[80.8081246621224,73.57743661091715],[80.67963376780747,73.57029822789993],[80.57612721405377,73.51319116376],[80.62966508668495,73.49534520621636],[80.59397317159775,73.47393005716273],[80.61895751215897,73.45965329112819],[80.71889487440403,73.47749924867183],[80.73674083194722,73.44894571660275],[80.68320295931603,73.42396137604011],[80.67963376780747,73.39540784397104],[80.62966508668495,73.38826946095382],[80.67249538479015,73.34186997133932],[80.63323427819441,73.31331643927025],[80.5904039800891,73.27762452418209],[80.57969640556323,73.25620937513033],[80.48332823482683,73.22051746004216],[80.47618985180951,73.16697958741044],[80.40123683012577,73.15627201288501],[80.29059189335474,73.14913362986769],[80.24062321223231,73.12058009779685],[80.37268329805589,73.1063033317623],[80.42265197917833,73.11701090628961],[80.45834389426552,73.1063033317623],[80.44049793672153,73.07774979969322],[80.52972772444069,73.0670422251669],[80.60468074612444,73.03848869309606],[80.68677215082549,72.9706740544298],[80.65821861875563,72.93855133085073],[80.63680346970305,72.89215184123802],[80.68677215082549,72.87073669218626],[80.70461810836869,72.84218316011541],[80.8081246621224,72.80292205352045],[80.79741708759651,72.76723013843184],[80.81526304513962,72.73867660636098],[80.76529436401799,72.69227711674739],[80.82597061966639,72.67800035071285],[80.8331090026837,72.65301601015199],[80.74031002345667,72.6101857120466],[80.78670951306984,72.55307864790667],[80.82240142815782,72.53166349885491],[80.81526304513962,72.49597158376675],[80.84738576871904,72.44600290264502],[80.93661555643732,72.41744937057408],[81.05796806773502,72.40317260453953],[81.27568874976832,72.38889583850509],[81.39347206955657,72.38175745548777],[81.54337811292415,72.36748068945145],[81.71469930534347,72.37461907247055],[81.92528160435955,72.35320392341693],[82.07518764772712,72.32465039134784],[82.1644174354454,72.30323524229422],[82.250078031656,72.26754332720792],[82.3214618618303,72.23898979513707],[82.33930781937428,72.20329788005077],[82.31075428730432,72.16046758194538],[82.34287701088294,72.11049890082178],[82.2857699467431,72.10336051780448],[82.2250936910947,72.10692970931358],[82.25721641467324,72.06766860271817],[82.33573862786564,72.06766860271817],[82.37499973446148,72.06409941120819],[82.32503105333976,72.03911507064733],[82.34287701088294,72.01056153857824],[82.38570730898816,72.02126911310457],[82.41783003256668,72.04268426215643],[82.442814373128,72.03911507064733],[82.43567599011068,72.01056153857824],[82.51776739481174,71.9356085168938],[82.56773607593426,71.853517112193],[82.63911990610865,71.86065549521022],[82.6248431400741,71.87493226124477],[82.63911990610865,71.88920902728117],[82.72478050231915,71.88920902728117],[82.764041608915,71.89634741029839],[82.7818875664589,71.87850145275475],[82.88896331172127,71.88563983577207],[82.9639163334051,71.87136306973753],[83.05671531263204,71.87136306973753],[83.20662135599962,71.87136306973753],[83.23160569656083,71.853517112193],[83.42791122954148,71.83924034615846],[83.51000263424262,71.82139438861482],[83.55640212385649,71.78570247352675],[83.55283293234784,71.73216460089495],[83.513571825752,71.7178878348604],[83.54212535782186,71.68933430279142],[83.61350918799624,71.6714883452469],[83.68489301817142,71.64293481317782],[83.71701574174995,71.58225855752879],[83.6956005926973,71.55727421696704],[83.7027389757154,71.51087472735254],[83.65277029459288,71.48232119528348],[83.57067888989182,71.45733685472261],[83.48858748519078,71.44306008868807],[83.48858748519078,71.4073681735999],[83.45289557010278,71.35026110945998],[83.38865012294572,71.32884596040822],[83.3565273993672,71.27887727928551],[83.23160569656083,71.25032374721467],[83.1209607597899,71.21463183212748],[83.22089812203416,71.15038638497023],[83.28157437768336,71.0932793208303],[83.24945165410483,71.07186417177854],[83.1566526748771,71.08971012932219],[83.1566526748771,71.07186417177854],[83.21019054750818,71.0397414481986],[83.26372842013936,71.03617225669038],[83.32440467578786,71.05758740574223],[83.3208354842792,71.02903387367316],[83.5028642512253,70.97906519255045],[83.5028642512253,70.93266570293596],[83.54212535782186,70.90054297935876],[83.624216762523,70.86842025577882],[83.68132382666276,70.80774400012979],[83.75270765683794,70.71851421241266],[83.65633948610154,70.71137582939356],[83.7205849332586,70.67925310581539],[83.71701574174995,70.64356119072909],[83.75270765683794,70.61143846714914],[83.78483038041647,70.55433140300921],[83.75627684834659,70.54005463697467],[83.79553795494235,70.51863948792291],[83.83122987003034,70.45796323227388],[83.77055361438113,70.43297889171204],[83.80267633795967,70.40442535964306],[83.77055361438113,70.37587182757211],[83.61350918799624,70.29021123136222],[83.45646476161144,70.26879608231046],[83.2780051861747,70.26879608231046],[83.1138223767718,70.29021123136222],[82.99246986547489,70.30091880588864],[82.9567779503869,70.27236527381956],[83.01745420603619,70.19384306062601],[83.09597641922868,70.12602842195976],[83.13523752582444,70.06892135781983],[83.02459258905351,70.02252186820711],[82.89253250322983,70.0118142936799],[82.77474918344168,70.03322944273353],[82.78902594947621,70.06535216631073],[82.64982748063532,70.1010440813989],[82.58558203347746,70.12959761346886],[82.56773607593426,70.20455063515331],[82.69265777873973,70.26879608231046],[82.72478050231915,70.33661072097671],[82.70693454477517,70.38301021058943],[82.64982748063532,70.38301021058943],[82.59628960800414,70.44368646623934],[82.52847496933762,70.47937838132565],[82.41069164954946,70.54362382848377],[82.32503105333976,70.60430008413182],[82.22866288260336,70.61500765865824],[82.250078031656,70.66140714827175],[82.22866288260336,70.6863914888327],[82.13229471186688,70.66497633978085],[82.01451139207863,70.65069957374631],[81.94312756190354,70.61143846714914],[81.90386645530769,70.60786927564092],[81.85032858267651,70.61857685016636],[81.86817454021971,70.63999199921999],[81.92885079586901,70.67568391430629],[81.9645427109562,70.71137582939356],[82.06091088169259,70.7327909784472],[82.12515632884966,70.76491370202616],[82.08946441376246,70.81845157465611],[82.1287255203583,70.9112505538842],[82.09303360527112,70.97192680953323],[82.06804926470981,71.04687983121582],[82.15727905242818,71.14324800195301],[82.23223207411192,71.16466315100477],[82.33930781937428,71.20392425760204],[82.5034906287764,71.23961617268834],[82.61413556554814,71.29672323682827],[82.764041608915,71.32170757738913],[82.92465522680837,71.3538303009682],[83.08883803621057,71.39309140756536],[83.04957692961473,71.47875200377437],[83.12809914280722,71.5358590679143],[83.26372842013936,71.60010451507154],[83.26729761164802,71.6250888556324],[83.30655871824466,71.66078077072048],[83.29942033522656,71.70361106882596],[83.20305216449096,71.72859540938683],[83.08169965319325,71.72859540938683],[82.92465522680837,71.74287217542135],[82.78545675796757,71.73216460089495],[82.54989011839027,71.69647268580864],[82.3642921599355,71.6679191537378],[82.26078560618188,71.68219591977233],[82.103741179797,71.64650400468604],[81.96811190246476,71.66078077072048],[81.88245130625505,71.64650400468604],[81.65759224120373,71.67505753675502],[81.59691598555523,71.70718026033497],[81.43987155917043,71.70718026033497],[81.37919530352202,71.68219591977233],[81.2257200686458,71.68933430279142],[81.04726049320834,71.72859540938683],[80.9116312158761,71.78213328201853],[80.85809334324492,71.8499479206839],[80.70818729987735,71.89277821878929],[80.50474338387947,71.91776255935015],[80.34056057447728,71.95702366594742],[80.16210099903982,72.00342315556102],[80.0942863603733,72.04982264517365],[79.94438031700653,72.08551456026181],[79.94438031700653,72.11406809233088],[79.84801214627014,72.13191404987444],[79.80161265665626,72.15689839043628],[79.74807478402508,72.13548324138442],[79.6338606557455,72.1640367734535],[79.66955257083268,72.18902111401437],[79.62315308121882,72.22828222061074],[79.55176925104443,72.21400545457621],[79.47324703785203,72.22471302910253],[79.41970916522085,72.2568357526816],[79.33404856901035,72.2425589866475],[79.26623393034463,72.27825090173336],[79.17700414262626,72.28895847625968],[79.04494405680268,72.30323524229422],[78.99140618417069,72.33178877436517],[78.89146882192652,72.31037362531153],[78.8165158002427,72.32465039134784],[78.74513197006752,72.32108119983786],[78.66660975687512,72.31394281682063],[78.57024158613953,72.31751200833062],[78.4417506918246,72.2925276677679],[78.46316584087717,72.26397413569882],[78.43461230880729,72.22471302910253],[78.34181332957955,72.19199544027289],[78.21332243526453,72.1539240641796],[78.1786986004557,72.10688582854256],[78.12159153631595,72.08547067948982],[78.1382477633573,72.04739930339653],[78.12635045832796,72.01408684931535],[78.18821644447902,71.96411816819274],[78.10731477028132,71.97839493422728],[78.04544878412956,72.01170738831023],[77.98358279797762,72.0735733744605],[77.90268112378001,72.0902296015029],[77.85747136466878,72.1259215165892],[77.71946262633045,72.14257774363072],[77.66949394520873,72.17113127569971],[77.57431550497498,72.20682319078787],[77.57431550497498,72.25679187191058],[77.64331987414405,72.29724270900898],[77.65759664017939,72.31865785806261],[77.70756532130193,72.34007300711437],[77.70756532130193,72.36386761717311],[77.74563669739511,72.38052384421277],[77.8193999885755,72.42335414231816],[77.72422154834256,72.45190767438812],[77.65997610118549,72.42335414231816],[77.52434682385245,72.41621575930094],[77.48865490876527,72.39955953225942],[77.51244951882393,72.37100600019043],[77.40775323456685,72.30200163102108],[77.40775323456685,72.27582755995722],[77.34826670942101,72.2234794178294],[77.3411283264037,72.18778750274123],[77.42678892261341,72.15685450966517],[77.47199868172473,72.1306804386013],[77.49103436977127,72.08547067948982],[77.35540509243904,72.02836361534989],[77.27450341824063,72.01408684931535],[77.26022665220529,71.96649762919972],[77.20787851007756,71.95697978517542],[77.13411521889637,71.96411816819274],[77.05321354469868,71.95697978517542],[76.96041456547094,71.96887709020484],[76.8652361252379,71.98315385623938],[76.8200263661266,72.03074307635687],[76.71295062086432,72.03074307635687],[76.6629819397418,72.09736798452012],[76.61301325862007,72.11640367256676],[76.62015164163738,72.15923397067039],[76.41075907312396,72.20682319078787],[76.35841093099614,72.26630971593292],[76.41789745614199,72.30676055303319],[76.35127254797811,72.36624707817823],[76.28702710082105,72.41145683728884],[76.3060627888676,72.42335414231816],[76.3869644630661,72.46142551841243],[76.3869644630661,72.47808174545209],[76.28940656182706,72.48759958947629],[76.16329512851814,72.49711743349873],[76.11808536940683,72.5280504265747],[76.15139782348881,72.55184503663354],[76.25133518573386,72.5732601856853],[76.29178602283227,72.5827780297095],[76.23229949768731,72.63512617183733],[76.14187997946549,72.68747431396515],[76.09191129834305,72.75885814413962],[76.0704961492904,72.82310359129765],[76.16091566751213,72.8516571233686],[76.189469199582,72.88496957744978],[76.14425944047159,72.9373177195775],[76.05859884426107,72.97063017365869],[76.05621938325586,73.00632208874686],[76.11808536940683,73.04439346484014],[76.21326380963987,73.06104969188166],[76.27037087378042,73.0753264579162],[76.24181734171054,73.09674160696797],[76.12998267443616,73.09674160696797],[76.02290692917389,73.11101837300251],[75.93962579396938,73.12529513903971],[75.84920627574846,73.09198268495587],[75.84206789273034,73.070567535904],[75.76354567953794,73.04439346484014],[75.73499214746806,73.0205988547814],[75.53511742297876,73.00870154975198],[75.35665784754131,73.00156316673475],[75.12347066897003,73.0253577767935],[74.92121648347472,73.0158399327693],[74.81414073821236,73.0158399327693],[74.68089092188542,73.03725508182292],[74.61188655271624,73.02773723779862],[74.50243134644788,73.03487562081594],[74.34538692006308,73.05867023087468],[74.31207446598198,73.03249615981072],[74.34062799805177,73.00870154975198],[74.40963236722094,72.99204532271231],[74.4286680552675,72.97300963466567],[74.48101619739603,72.95873286862937],[74.61664547472836,72.94683556360181],[74.7189622979786,72.93493825857239],[74.795105050165,72.93969718058273],[74.84745319229354,72.9373177195775],[74.9497700155446,72.91828203153086],[75.06636360483019,72.91590257052574],[75.18533665512189,72.91590257052574],[75.31620701044201,72.89924634348422],[75.3875908406172,72.87545173342548],[75.45183628777426,72.82548305230287],[75.52084065694342,72.74696083911296],[75.5065638909089,72.70888946301878],[75.54225580599608,72.6708180869255],[75.54225580599608,72.61609048379069],[75.63505478522382,72.5780191076974],[75.76116621853274,72.53042988757991],[75.86348304178298,72.51139419953327],[75.91821064491754,72.45428713539334],[75.89203657385295,72.43525144734848],[75.73499214746806,72.41859522030606],[75.68502346634554,72.39480061025007],[75.7159564594215,72.36148815616613],[75.75402783551462,72.35434977314891],[75.89441603485896,72.37100600019043],[75.97055878704535,72.39004168823708],[76.01576854615658,72.36386761717311],[75.994353397104,72.34007300711437],[76.05146046124376,72.32103731906773],[76.0276658511851,72.29010432599166],[76.03956315621443,72.2544124109036],[76.0300453121911,72.23061780084662],[76.14187997946549,72.10688582854256],[76.09904968136028,72.06405553043805],[76.10142914236629,72.03788145937419],[76.22278165366319,72.01646631032057],[76.16329512851814,71.9902922392566],[76.19898704360533,71.97125655120996],[76.32985739892626,71.97601547322206],[76.51069643536901,71.96887709020484],[76.56542403850275,71.92366733109434],[76.5463883504562,71.88797541600617],[76.62015164163738,71.85942188393709],[76.65346409571848,71.82372996884892],[76.62015164163738,71.79517643677994],[76.55828565548553,71.78089967074354],[76.508316974363,71.7594845216909],[76.54400888945091,71.72141314559761],[76.50355805235169,71.6904801525243],[76.34175470395488,71.72855152861571],[76.1823308165647,71.73568991163303],[76.15377728449482,71.766622904709],[76.20374596561655,71.79755589778506],[76.19184866058802,71.81421212482658],[75.98245609207468,71.80231481979716],[75.88727765184164,71.82372996884892],[75.76592514054394,71.80231481979716],[75.62077801918848,71.80231481979716],[75.51370227392611,71.8213505078438],[75.44945682676905,71.86180134494221],[75.45659520978636,71.89273433801827],[75.4280416777164,71.94746194115308],[75.47801035883893,71.96887709020484],[75.57556826007797,71.98791277825148],[75.6636083172937,71.99743062227392],[75.63743424622902,72.02122523233267],[75.58270664309528,72.03550199836721],[75.5493941890133,72.0735733744605],[75.5541531110254,72.10688582854256],[75.51370227392611,72.14971612664795],[75.53035850096674,72.21158211279997],[75.49466658587956,72.28296594297444],[75.45183628777426,72.3043810920262],[75.40900598966985,72.33769354610925],[75.31620701044201,72.4090773762846],[75.33048377647745,72.45666659639934],[75.30193024440749,72.48284066746419],[75.29241240038417,72.5280504265747],[75.16868042808053,72.62084940580279],[75.27575617334281,72.66605916491339],[75.21864910920307,72.73030461207054],[75.21626964819697,72.79217059822169],[75.11871174695793,72.83975981833918],[75.04970737778885,72.83975981833918],[74.99260031364909,72.83262143532195],[74.94739055453859,72.8421392793443],[74.77606936211916,72.85641604537884],[74.72372121999062,72.87783119443246],[74.66185523383878,72.86355442839616],[74.61426601372226,72.84927766236162],[74.6404400847862,72.81596520827955],[74.81889966022366,72.77075544916895],[74.90931917844539,72.68747431396515],[74.97356462560245,72.58991641272682],[74.9545289375558,72.51139419953327],[75.01639492370775,72.4090773762846],[75.07112252684149,72.37576492220253],[75.07112252684149,72.33055516309017],[75.1139528249468,72.29486324800386],[75.14012689601057,72.24489456688116],[75.08064037086481,72.18302858072913],[75.09491713690015,72.16161343167737],[75.08301983187083,72.11164475055378],[74.97594408660846,72.0735733744605],[74.8736272633574,72.07595283546836],[74.78082828413046,72.07119391345528],[74.64757846780424,72.05929660842595],[74.5904714036636,72.03074307635687],[74.49053404141935,72.00694846629813],[74.45246266532615,71.98553331724636],[74.35966368609841,71.94746194115308],[74.34776638106908,71.90701110405281],[74.37394045213375,71.87607811097675],[74.32159231000522,71.86180134494221],[74.2787620119,71.87131918896651],[74.20499872071962,71.87131918896651],[74.2335522527895,71.9046316430477],[74.1954808766963,71.940323558134],[74.06461052137527,71.92604679209946],[73.89328932895594,71.91414948707003],[73.76479843464101,71.90701110405281],[73.6410664623381,71.87607811097675],[73.60537454725012,71.84038619589045],[73.4816425749472,71.79993535879018],[73.39360251773148,71.7618639826969],[73.3555311416383,71.69523907453365],[73.3602900636495,71.65240877643012],[73.33173653157964,71.6309936273765],[73.35315168063228,71.57388656323657],[73.25321431838724,71.52629734312085],[73.15089749513689,71.4620518959637],[73.11282611904369,71.44063674691007],[73.12948234608432,71.40494483182377],[73.18420994921806,71.40494483182377],[73.31270084353308,71.3621145337174],[73.34363383660896,71.34545830667864],[73.41977658879536,71.34307884567076],[73.46022742589456,71.30738693058446],[73.49829880198776,71.29548962555513],[73.54112910009306,71.27407447650151],[73.57206209316894,71.20507010733402],[73.54826748311028,71.16937819224586],[73.58871832020957,71.13130681615257],[73.68389676044252,71.10989166710081],[73.7576600516237,71.08371759603509],[73.87901256292061,71.09323544005929],[73.91470447800859,71.07419975201265],[74.09792297545725,71.07419975201265],[74.17882464965575,71.0504051419539],[74.26448524586537,71.00995430485452],[74.30731554396988,70.96712400675189],[74.29541823894135,70.95046777970947],[74.3096950049759,70.93381155266795],[74.38345829615707,70.9195347866334],[74.4286680552675,70.90049909858676],[74.41439128923216,70.86718664450568],[74.30255662195866,70.84339203444684],[74.2787620119,70.8291152684124],[74.17406572764365,70.82673580740541],[74.13599435155045,70.81959742438809],[74.15740950060311,70.79342335332423],[74.10506135847457,70.76486982125515],[74.13361489054445,70.7315573671722],[74.2335522527895,70.6839681470556],[74.2740030898887,70.64113784895109],[74.23593171379551,70.58878970682238],[74.28590039491803,70.52930318167724],[74.2311727917835,70.45791935150287],[74.1931014156903,70.40557120937504],[74.14551219557377,70.36749983328176],[74.05271321634595,70.2913570810942],[73.97181154214834,70.22473217293194],[73.88377148493262,70.19855810186621],[73.89804825096715,70.12241534967964],[73.92660178303711,70.08910289559846],[73.88853040694383,70.0581699025224],[73.84570010883942,70.01533960441887],[73.84094118682741,69.9796476893307],[73.88377148493262,69.932058469215],[73.90042771197317,69.87495140507417],[73.8742536409093,69.83450056797577],[73.83142334280409,69.73694266673557],[73.69341460446584,69.67507668058354],[73.65772268937864,69.65366153153168],[73.67675837742529,69.59179554537965],[73.7148297535184,69.5394474032537],[73.79097250570479,69.50137602715952],[73.82666442079278,69.45854572905414],[73.91470447800859,69.42999219698319],[73.97657046415955,69.38240297686757],[73.97657046415955,69.3514699837915],[74.04557483332873,69.28246561462215],[74.04557483332873,69.19918447941748],[74.01940076226485,69.17776933036562],[74.05509267735205,69.14683633728966],[74.08840513143393,69.13018011025],[74.17644518864965,69.05165789705644],[74.21689602574887,69.03024274800468],[74.28352093391202,69.04689897504434],[74.36204314710442,69.05879628007366],[74.4358064382848,69.09924711717393],[74.46435997035476,69.14445687628454],[74.54526164455318,69.15635418131386],[74.65233738981554,69.15159525930176],[74.7498952910545,69.1611131033242],[74.84745319229354,69.14921579829664],[74.94501109353259,69.14921579829664],[75.06636360483019,69.19204609640016],[75.15440366204601,69.19204609640016],[75.29479186138946,69.18490771338294],[75.34000162050067,69.19918447941748],[75.3542783865353,69.24201477752375],[75.31382754943601,69.28722453663435],[75.24720264127293,69.3514699837915],[75.27575617334281,69.36336728882092],[75.32096593245413,69.3467110617794],[75.3542783865353,69.32053699071544],[75.41376491168106,69.3015013026688],[75.50180496889678,69.23725585551077],[75.68026454433424,69.24439423852887],[75.84444735373644,69.24439423852887],[75.88489819083564,69.22297908947623],[76.05146046124376,69.22535855048223],[76.15853620650613,69.24439423852887],[76.22516111466919,69.28008615361703],[76.42741530016451,69.27056830959283],[76.49166074732237,69.27056830959283],[76.56304457749755,69.27532723160493],[76.701053315835,69.28722453663435],[76.78909337305072,69.3110191466931],[76.88903073529576,69.34909052278638],[77.0698697717393,69.37050567183815],[77.1055616868264,69.39667974290201],[77.2578471912,69.40619758692631],[77.4244094616082,69.41571543094865],[77.54338251189901,69.38478243787269],[77.67901178923125,69.36098782781394],[77.82891783259882,69.31577806870334],[77.89078381875068,69.23725585551077],[77.93599357786118,69.11590334421359],[77.96454710993106,69.08497035113763],[78.05734608915888,69.042140053034],[78.13348884134528,68.96599730084743],[78.31194841678273,68.93030538575927],[78.34526087086383,68.88747508765388],[78.44281877210287,68.83512694552793],[78.50468475825473,68.83750640653216],[78.53561775133069,68.79705556943375],[78.5379972123367,68.76612257635769],[78.49754637523749,68.76136365434559],[78.53561775133069,68.72567173925742],[78.55703290038325,68.67094413612448],[78.60938104251099,68.64001114304851],[78.59034535446443,68.5900424619258],[78.54989451736523,68.50914078772713],[78.58320697144721,68.4092034254827],[78.54751505636003,68.37589097140152],[78.52847936831338,68.25929738211468],[78.4594749991442,68.2212260060214],[78.45471607713219,68.19029301294543],[78.56417128340057,68.06180211863192],[78.63555511357575,68.03562804756805],[78.67362648966893,68.00945397650233],[78.70218002173881,67.9666236783987],[78.72359517079147,67.92379338029332],[78.75690762487255,67.87858362118281],[78.74976924185533,67.823856018048],[78.70931840475603,67.79768194698404],[78.66410864564561,67.7762667979314],[78.65459080162229,67.75009272686744],[78.60462212049977,67.71915973379147],[78.53323829032459,67.69298566272751],[78.47613122618485,67.65729374763944],[78.4118857790277,67.647775903617],[78.29529218974139,67.62874021557036],[78.2548413526429,67.5978072224943],[78.27149757968344,67.55973584640101],[78.25008243063088,67.52880285332505],[78.221528898561,67.47883417220234],[78.15014506838583,67.40982980303397],[78.12872991933318,67.36937896593557],[78.1786986004557,67.28133890871958],[78.2548413526429,67.24326753262629],[78.32384572181198,67.23137022759697],[78.43330092807955,67.23612914960907],[78.53085882931859,67.22661130558477],[78.64269349659297,67.20757561753813],[78.77118439090798,67.21471400055545],[78.89015744119959,67.21471400055545],[79.0138894135025,67.20281669552602],[78.98057695942052,67.18853992949148],[78.89015744119959,67.17902208546914],[78.79735846197175,67.18616046848636],[78.66886756765683,67.16712478043972],[78.56417128340057,67.16950424144484],[78.38809116896913,67.15760693641552],[78.35001979287593,67.14333017038098],[78.39285009098035,67.12905340434644],[78.46661338216153,67.13143286535156],[78.50706421926081,67.12191502132922],[78.55703290038325,67.10049987227559],[78.66172918463961,67.06718741819353],[78.71883624877935,67.06718741819353],[78.82353253303572,67.05766957417109],[78.9353672003101,67.04101334712956],[79.01864833551372,67.02197765908292],[79.15903653485796,67.00770089304838],[79.23755874805046,66.97200897796031],[79.43981293354577,66.99104466600696],[79.53737083478481,67.0148392760657],[79.66110280708851,67.00770089304838],[79.83242399950785,67.01721873707268],[79.93236136175291,66.9791473609794],[80.13699500825422,66.95535275092065],[80.29403943463912,66.92679921884971],[80.4106330239247,66.90300460879283],[80.53912391823972,66.89586622577374],[80.67713265657797,66.88396892074618],[80.81038247290411,66.86731269370466],[80.90318145213193,66.87207161571676],[81.0459491124814,66.84827700565802],[81.1220918646678,66.82448239559928],[81.19109623383696,66.82210293459416],[81.25772114200004,66.80544670755263],[81.4076271853676,66.80782616855961],[81.65985005198544,66.7959288635302],[81.67888574003209,66.77927263648867],[81.6051224488517,66.76975479246633],[81.51232346962388,66.76737533145935],[81.38383257530975,66.76737533145935],[81.22202922691284,66.75547802642993],[81.160163240761,66.76499587045423],[81.0863999495807,66.76499587045423],[81.04119019047019,66.78403155850087],[80.88414576408529,66.77451371447657],[80.76041379178159,66.75785748743691],[80.67475319557187,66.71978611134274],[80.53436499622762,66.70788880631332],[80.35114649877895,66.6555406641855],[80.25596805854592,66.65316120318037],[80.19886099440616,66.62698713211651],[80.127477164231,66.60795144406987],[79.9680532768401,66.5675006069696],[79.88239268063037,66.51991138685388],[79.82052669447853,66.45804540070185],[79.75152232531016,66.35810803845654],[79.73724555927491,66.31765720135715],[79.78483477939133,66.29148313029329],[79.8490802265492,66.29148313029329],[79.87049537560105,66.27958582526387],[79.70869202720495,66.20106361207218],[79.68489741714629,66.16537169698401],[79.71820987122827,66.14395654793225],[79.78959370140345,66.13919762592015],[79.82052669447853,66.11778247686838],[79.74200448128693,66.11064409385106],[79.73724555927491,66.0844700227872],[79.82528561649063,66.06305487373358],[79.76341963033869,66.04639864669392],[79.74914286430423,66.02022457562819],[79.78959370140345,66.00118888758333],[79.88001321962437,65.99642996557033],[79.9704327378461,65.99167104355823],[80.10130309316712,65.98929158255301],[80.19410207239406,65.9345639794183],[80.27976266860458,65.88459529829746],[80.37732056984353,65.87745691527837],[80.40349464090748,65.84176500019207],[80.4843963151059,65.8155909291281],[80.57957475533892,65.78703739705726],[80.6414407414907,65.75134548197096],[80.71520403267117,65.76324278699852],[80.76517271379369,65.74896602096398],[80.80086462888087,65.72279194990001],[80.87700738106727,65.72517141090523],[80.93411444520783,65.71327410587767],[81.05784641751073,65.72279194990001],[81.11495348165057,65.70613572285859],[81.11495348165057,65.67758219078863],[81.15540431874977,65.6680643467653],[81.23630599294818,65.68710003481195],[81.28627467407071,65.65854650274198],[81.34576119921576,65.6680643467653],[81.38383257530975,65.66330542475497],[81.39572988033828,65.63713135369012],[81.46711371051346,65.64902865872044],[81.63367598092158,65.62285458765656],[81.716957116126,65.59905997759684],[81.7645463362425,65.5752653675381],[81.88113992552819,65.55860914049843],[82.00249243682501,65.49912261535152],[82.17381362924523,65.49436369334128],[82.1976082393031,65.45867177825312],[82.1214654871167,65.42535932417194],[82.10718872108217,65.37301118204235],[82.14526009717535,65.29448896885056],[82.20474662232121,65.24452028772883],[82.29040721853083,65.20644891163555],[82.24995638143172,65.17551591855958],[82.16667524622792,65.18027484057168],[82.03342542990097,65.19693106761135],[81.85734531546953,65.26831489778581],[81.70981873310797,65.31590411790242],[81.5599126897412,65.34921657198537],[81.47901101554278,65.40394417511831],[81.34100227720454,65.46105123925824],[81.23630599294818,65.52291722541027],[81.2029935388663,65.55385021848633],[81.10305617662124,65.57288590653297],[80.95790905526567,65.60857782162203],[80.82465923893953,65.60619836061416],[80.71282457166515,65.6252340486608],[80.49867308114042,65.62285458765656],[80.41777140694202,65.63237243167802],[80.2916599736331,65.62285458765656],[80.2512091365339,65.63951081469534],[80.17268692334142,65.63475189268412],[80.10606201517834,65.64664919771344],[79.97281219885211,65.6276135096668],[79.9299819007469,65.63713135369012],[79.86335699258383,65.63713135369012],[79.77293747436201,65.64664919771344],[79.63730819702985,65.64426973670744],[79.59447789892536,65.6680643467653],[79.52785299076149,65.69661787883615],[79.46360754360443,65.69185895682405],[79.4112594014758,65.72279194990001],[79.3755674863887,65.78227847504516],[79.31132203923156,65.80369362409878],[79.25897389710302,65.85128284421441],[79.19948737195726,65.87269799326803],[79.18283114491662,65.8941131423198],[79.11382677574754,65.90838990835434],[79.0971705487062,65.95835858947704],[79.02578671853182,65.96311751148914],[79.0138894135025,66.00594780959365],[78.89729582421681,66.01546565361697],[78.80687630599508,66.03688080266961],[78.79735846197175,66.05591649071626],[78.83305037705895,66.07733163976812],[78.81163522800719,66.12254139888049],[78.74738978084932,66.15347439195469],[78.71645678777335,66.20106361207218],[78.65697026262751,66.23199660514824],[78.69028271670949,66.29624205230539],[78.62841673055763,66.32003666236413],[78.49040799222018,66.30575989632783],[78.416644701039,66.30575989632783],[78.30481003376462,66.28910366928817],[78.19535482749704,66.27720636425875],[78.11921207530986,66.27720636425875],[78.00261848602426,66.28672420828119],[77.91219896780333,66.23675552716034],[77.91933735082056,66.17013061899611],[77.897922201768,66.1201619378735],[77.75753400242374,66.0749521787629],[77.63856095213285,66.04639864669392],[77.5410030508938,66.02260403663419],[77.51244951882393,65.97501481651857],[77.68139125023734,65.84890338320929],[77.64569933515007,65.75372494297608],[77.64807879615617,65.6204751266487],[77.55765927793435,65.55860914049843],[77.52434682385245,65.51101992038095],[77.56241819994565,65.42773878517706],[77.55290035592233,65.35159603299049],[77.84557405963946,65.23500244370463],[77.87650705271534,65.19217214559924],[77.86936866969812,65.16123915252504],[77.89316327975669,65.11602939341267],[77.97406495395435,65.08033747832641],[77.97406495395435,65.06368125128489],[77.93599357786115,65.01609203116908],[77.95027034389649,64.98277957708622],[77.92171681182663,64.95660550602226],[77.81464106656426,64.92091359093507],[77.7551545414184,64.86142706579002],[77.73135993135975,64.82097622868976],[77.7527750804125,64.72579778845646],[77.8131255743989,64.70063246951034],[77.8892683265853,64.64352540537129],[77.9654110787717,64.63638702235407],[78.03679490894677,64.63876648335919],[78.13673227119182,64.61021295128835],[78.1724241862791,64.57452103620196],[78.21287502337822,64.56738265318472],[78.24142855544818,64.55310588714842],[78.34612483970443,64.53407019910178],[78.39133459881575,64.47220421295151],[78.3699194497631,64.365128467688],[78.4103702868623,64.32943655260081],[78.49365142206602,64.32943655260081],[78.59120932330507,64.29374463751353],[78.59001959280245,64.27351921896432],[78.58882986229983,64.25329380041512],[78.62452177738703,64.22711972935126],[78.64355746543359,64.16525374319914],[78.59358878431107,64.11528506207652],[78.64355746543359,64.0629369199487],[78.71256183460275,64.02486554385541],[78.7363564446606,63.967758479714604],[78.83867326791159,63.97965578474393],[78.91243655909204,63.94396386965586],[78.9175105005134,63.92671246882378],[78.9243338641214,63.90351303255736],[79.0076149993258,63.8820978835056],[79.045686375419,63.83926758540021],[79.19559241878576,63.844026507412316],[79.22165706647611,63.810721679807834],[79.23842271689108,63.78929890427751],[79.23128433387376,63.72505345712035],[79.32360320795748,63.68836426059484],[79.35040871050856,63.677711267251674],[79.67401540730131,63.5040106138258],[79.92147935190766,63.33863807392024],[80.38309478703874,63.02930814316282],[80.7114604058435,62.796120964590926],[81.0160314145896,62.6057640841245],[81.1635579969509,62.51058564389226],[81.27301320321882,62.405889359634756],[81.48240577173189,62.26312169928494],[81.68228049622199,62.09655942887824],[81.87739629870018,61.96806853456295],[82.05347641313179,61.82530087421216],[82.21052083951597,61.70632782392207],[82.34852957785422,61.5397655535135],[82.39135987595942,61.44934603529239],[82.47226155015775,61.39699789316368],[82.52936861429768,61.33513190701254],[82.64834166458857,61.282783764883824],[82.72924333878697,61.15905179258065],[82.67106403796538,61.13891280383438]]]]}},{"type":"Feature","properties":{"kind":"district","id":"uyezd-1897-498","name":"Енисейский","provinceId":"gubernia-1897-96"},"geometry":{"type":"MultiPolygon","coordinates":[[[[82.67106403796538,61.13891280383438],[82.78602337881307,61.08282551806225],[83.27500261551164,60.947196240730634],[83.78182780975331,60.79729019736172],[84.36003683417017,60.62953819645104],[84.82403173030663,60.47963215308391],[85.02390645479673,60.41538670592676],[85.20593522174293,60.25477308803241],[85.20236603023419,60.101297853157156],[85.25590390286537,59.9335458522455],[85.2880266264439,59.91213070319374],[85.64137658580944,59.8978539371592],[85.98044977914034,59.887146362632876],[86.40518356868105,59.78007061737024],[86.79065625162592,59.6729948721077],[87.17969812607934,59.644441340036764],[87.62584706467182,59.60874942495046],[87.74363038446096,59.44813580705612],[87.92565915140698,59.20186159295285],[88.53599089940245,59.23041512502371],[88.45746868621005,59.06623231562026],[88.71088128333044,58.91989546376223],[88.72515804936577,58.89134193169325],[88.45033030319273,58.82709648453422],[88.25759396171995,58.65934448362444],[87.95064349196828,58.42734703555563],[87.84713693821458,58.31670209878398],[87.87212127877588,58.28814856671491],[87.89353642782844,58.141811714855095],[88.15408740796624,58.11682737429423],[88.56811362298097,58.06685869317153],[88.80724945406692,58.06328950166332],[88.97857064648706,58.07042788468063],[89.05709285967946,58.031166778085236],[89.12133830683652,57.98119809696253],[89.19629132852036,57.93479860734804],[89.50324179827193,57.95621375640078],[89.56748724542989,57.89196830924452],[89.6103175435343,57.863414777173574],[89.62816350107829,57.81701528756006],[89.71739328879747,57.788461755490985],[89.704741677238,57.75303724312412],[89.69954733125347,57.7384930743674],[89.63530188409551,57.688524393244776],[89.80662307651583,57.720647116824736],[90.00649780100504,57.75633903191103],[90.1849573764425,57.77061579794557],[90.32772503679284,57.799169330016426],[90.5133229952476,57.83843043661182],[90.54187652731748,57.69209358475379],[90.59541439994867,57.65997086117571],[90.61682954900122,57.58858703100124],[90.66322903861439,57.57431026496492],[90.64895227257976,57.51006481780769],[90.69178257068427,57.456526945175966],[90.76673559236801,57.456526945175966],[90.79528912443797,57.43868098763233],[90.89522648668301,57.44225017914143],[90.99516384892807,57.4279734131069],[91.03085576401517,57.39941988103604],[91.16291584983875,57.34588200840611],[91.19503857341728,57.2994825187925],[91.3056835101891,57.26022141219532],[91.34851380829352,57.21025273107262],[91.43060521299466,57.174560815986325],[91.51983500071374,57.10317698581186],[91.80537032141275,57.099607794302756],[91.91601525818457,57.017516389601965],[92.21225815341027,57.05677749619737],[92.42640964393482,57.08890021977554],[92.66554547502076,57.12459213486362],[92.84043585894965,57.142438092406366],[92.84757424196688,57.08176183675823],[92.96178837024647,57.092469411285535],[93.00461866835177,57.1138845603373],[93.07957169003551,57.092469411285535],[93.18664743529787,57.08890021977554],[93.29729237206881,57.09603860279277],[93.38295296827852,57.08890021977554],[93.4543367984537,57.06391587921459],[93.55784335220731,57.04606992167104],[93.6363655653998,57.04250073016283],[93.71131858708274,57.21382192258261],[93.79697918329326,57.37800473198419],[93.9326084606255,57.52077239233499],[94.10036046153627,57.68495520173657],[94.26097407942973,57.799169330016426],[94.35020386714889,57.74920064889372],[94.44300284637583,57.71350873380564],[94.5250942510769,57.699231967771105],[94.6107548472866,57.70637035078833],[94.69641544349712,57.70637035078833],[94.7927836142327,57.68495520173657],[94.85702906139058,57.64569409514117],[94.9855199557055,57.65283247815839],[95.09616489247652,57.65640166966571],[95.18539468019489,57.63855571212208],[95.23179416980875,57.62070975457844],[95.3067471914925,57.63141732910485],[95.34243910657969,57.66354005268481],[95.46736080938595,57.71350873380564],[95.52089868201713,57.71350873380564],[95.59942089520953,57.72778549984196],[95.7421885555591,57.71350873380564],[95.89566379043524,57.702801159281094],[96.05984659983744,57.720647116824736],[96.16335315359115,57.75276984040193],[96.27042889885342,57.75276984040193],[96.34181272902859,57.709939542298315],[96.39535060165977,57.68138601022747],[96.45245766579953,57.699231967771105],[96.55239502804457,57.72778549984196],[96.6202096667103,57.717077925315635],[96.6808859223596,57.67067843570203],[96.79510005063909,57.58501783949214],[96.90574498741012,57.52434158384222],[97.06992779681222,57.51006481780769],[97.19484949961858,57.477942094229505],[97.2983560533722,57.477942094229505],[97.39472422410869,57.485080477246825],[97.49109239484427,57.492218860264046],[97.57318379954533,57.58501783949214],[97.79804286459665,57.827722862085494],[97.95151809947289,57.96692133092799],[98.16923878150618,58.141811714855095],[98.38339027203082,58.30599452425757],[98.93661495588637,58.2346106940831],[99.53980832086452,58.181072821452275],[99.85032798212556,58.15965767239865],[100.09660219622882,58.016890012050695],[100.37856832541998,57.83843043661182],[100.56416628387466,57.720647116824736],[100.63555011404902,57.688524393244776],[100.6034273904705,57.745631457384704],[100.71764151875009,57.93479860734804],[100.87825513664363,58.22033392804856],[100.985330881906,58.405931886503865],[101.04600713755511,58.413070269521086],[101.17449803187013,58.480884908186454],[101.26015862807984,58.502300057238216],[101.33511164976359,58.48802329120376],[101.47074092709582,58.52371520629095],[101.56353990632276,58.53442278081816],[101.58852424688406,58.562976312887244],[101.63492373649794,58.57368388741365],[101.75627624779564,58.6771904411671],[101.79553735439148,58.67005205814987],[101.86692118456656,58.70574397323706],[101.9168898656891,58.70574397323706],[102.07393429207399,58.71288235625437],[102.17387165431823,58.69146720720252],[102.32734688919437,58.69146720720252],[102.36303880428237,58.65934448362444],[102.48082212407061,58.66648286664166],[102.49866808161461,58.684328824184405],[102.55220595424579,58.684328824184405],[102.68426604006937,58.73429750530791],[102.96980136076918,58.76285103737699],[103.63724017290431,58.83780405906144],[104.00843608981384,58.86992678263962],[104.15834213318071,58.85921920811329],[104.35821685767073,58.88420354867415],[104.41889311331921,58.92346465527133],[104.53667643310817,59.00555605997212],[104.65802894440507,59.037678783551186],[104.67587490194907,59.07693989014659],[104.74725873212425,59.08764746467389],[104.80079660475533,59.12690857126929],[104.82578094531665,59.191154018426445],[104.88288800945648,59.23041512502371],[104.9007339669996,59.29466057218086],[104.87931881794783,59.326783295759924],[104.9078723500177,59.3589060193381],[104.91501073303502,59.39459793442617],[104.8650420519124,59.419582274987036],[104.85433447738652,59.44813580705612],[104.72227439156293,59.44813580705612],[104.67230571044041,59.48739691365249],[104.53310724159961,59.49453529666972],[104.42246230482787,59.51951963723245],[104.39390877275791,59.56234993533597],[104.3510784746534,59.576626701372376],[104.34750928314484,59.61588780796777],[104.31538655956551,59.644441340036764],[104.26541787844378,59.6729948721077],[104.18332647374193,59.66228729758129],[104.1155118350762,59.69084082965223],[104.06554315395368,59.687271638142235],[103.9941593237785,59.648010531546745],[103.91920630209476,59.6694256805986],[103.8542666356004,59.68656040701633],[103.70436059223353,59.693698790034446],[103.57586969791825,59.74366747115626],[103.48307071869114,59.82575887585794],[103.38670254795483,59.85431240792791],[103.18682782346562,59.87215836547243],[103.05119854613294,59.89000432301607],[102.89058492823939,59.922127046593175],[102.81206271504716,59.96495734469866],[102.69427939525856,59.96495734469866],[102.65144909715372,59.986372493751304],[102.57649607546979,59.986372493751304],[102.47298952171609,60.03634117487303],[102.32308347834922,60.068463898452094],[102.07324007273685,60.05775632392675],[101.93761079540417,60.09701743052206],[101.77342798600233,60.10415581354026],[101.61995275112628,60.111294196556685],[101.42721640965375,60.12557096259202],[101.28087955779519,60.16483206918929],[101.1630962380065,60.13270934561022],[100.9596523220081,60.157693686171086],[100.77762355506225,60.11843257957578],[100.69196295885254,60.136278537119324],[100.45282712776606,60.16840126069661],[100.4028584466438,60.154124494661986],[100.33861299948656,60.17197045220571],[100.15658423254064,60.17197045220571],[100.07806201934761,60.150555303152885],[99.91744840145407,60.16483206918929],[99.80323427317457,60.18624721824105],[99.70686610243825,60.157693686171086],[99.59265197415876,60.150555303152885],[99.5426832930365,60.18624721824105],[99.47129946286097,60.20409317578469],[99.41062320721284,60.17197045220571],[99.35708533458138,60.16840126069661],[99.26785554686256,60.20409317578469],[99.16791818461805,60.257631048415604],[99.0037353752154,60.24692347389008],[98.87881367240922,60.28975377199458],[98.77530711865631,60.33615326160819],[98.61112430925358,60.31830730406455],[98.54687886209643,60.382552751222676],[98.45407988286843,60.386121942731776],[98.38269605269369,60.40396790027444],[98.1364218385906,60.41824466630898],[98.02934609332851,60.443229006871704],[97.99722336974953,60.47892092195801],[98.0471920508718,60.54673556062524],[97.9472546886272,60.607411816272304],[97.86159409241668,60.59670424174696],[97.74737996413718,60.59313505023786],[97.6295966443485,60.603842624765164],[97.55821281417384,60.66094968890509],[97.47612140947253,60.7037799870095],[97.37261485571872,60.685934029465955],[97.2976618340357,60.700210795500396],[97.21557042933438,60.75374866813122],[97.15132498217713,60.76802543416585],[97.09778710954568,60.82513249830578],[97.04424923691424,60.846547647359316],[97.02640327937095,60.87867037093838],[97.06209519445832,60.90365471149836],[97.02283408786185,60.97503854167371],[96.9692962152304,61.003592073743675],[96.90505076807317,60.97860773318281],[96.8729280444949,61.02857641430552],[96.83723612940673,61.067837520901804],[96.76228310772379,61.04999156335728],[96.71945280961893,61.078545095427245],[96.67662251151327,61.12137539353165],[96.7658522992321,61.16777488314624],[96.7587139162146,61.1963284152162],[96.70160685207485,61.20703598974154],[96.6516381709525,61.228451138795265],[96.65877655396999,61.27485062840877],[96.56954676625118,61.3319576925487],[96.45890182947998,61.41404909724949],[96.45890182947998,61.49257131044216],[96.39108719081364,61.51755565100302],[96.36610285025286,61.55681675760029],[96.23404276442928,61.5996470557039],[96.14481297671047,61.64247735381018],[96.13410540218467,61.696015226440025],[96.04844480597416,61.685307651914684],[96.01632208239599,61.71386118398465],[96.05558318899165,61.770968248124575],[96.04130642295667,61.80309097170364],[95.93423067769466,61.81736773773808],[95.85570846450244,61.87090561036891],[95.82715493243256,61.9529970150697],[95.680818080574,62.01724246222783],[95.59158829285528,61.99582731317429],[95.52377365418884,61.931581866017936],[95.48094335608398,61.90302833394797],[95.38100599383938,61.924443482999735],[95.2489459080158,61.86733641885981],[95.16328531180528,61.87090561036891],[95.0347944174908,61.853059652825365],[94.9205802892113,61.83521369528074],[94.79565858640512,61.853059652825365],[94.69215203265142,61.842352078298944],[94.55295356381035,61.924443482999735],[94.25314147707573,61.928012674508835],[94.14963492332193,61.90659752545707],[94.05683594409481,61.931581866017936],[93.95332939034111,61.924443482999735],[93.87480717714817,61.86019803584357],[93.7427470913253,61.80666016321078],[93.57499509041355,61.79952178019454],[93.46791934515146,61.767399056615474],[93.38225874894184,61.79595258868544],[93.23592189708327,61.79238339717634],[93.14312291785535,61.81379854622898],[93.02890878957577,61.78881420566724],[92.93254061883955,61.781675822649916],[92.78620376698099,61.82093692924718],[92.71481993680625,61.88875156791353],[92.52208359533364,61.917305099982514],[92.37574674347508,61.93872024903436],[92.3579007859318,62.02438084524425],[92.2436866576515,62.08505710089328],[92.22940989161651,62.19213284615583],[92.12590333786281,62.234963144261215],[91.95815133695186,62.27065505934938],[91.89033669828623,62.245670718786656],[91.8082452935849,62.26708586784028],[91.68689278228712,62.28850101689302],[91.60837056909499,62.26708586784028],[91.4977256323237,62.156440931069525],[91.39778827007918,62.12431820749046],[91.26929737576461,62.14573335654222],[91.19434435408078,62.1350257820159],[91.19077516257168,62.070780334859634],[91.24788222671143,62.010104079210606],[91.1693600135193,61.849490461317146],[91.2764357587821,61.79238339717634],[91.30855848236037,61.74955309907085],[91.24788222671143,61.73170714152731],[91.1693600135193,61.74955309907085],[91.10511456636205,61.73884552454551],[91.10511456636205,61.692446034930924],[91.03729992769563,61.688876843423785],[90.9480701399768,61.65318492833562],[90.88739388432867,61.65318492833562],[90.82314843717143,61.696015226440025],[90.58044341457665,61.73884552454551],[90.53404392496269,61.78524501415902],[90.46622928629625,61.767399056615474],[90.40198383913902,61.781675822649916],[90.29490809387693,61.74598390756371],[90.20567830615819,61.703153609457345],[90.16641719956174,61.66032331135382],[90.0807566033521,61.613923821740215],[90.11644851843938,61.54253999156397],[90.0807566033521,61.51755565100302],[89.92371217696686,61.49970969346036],[89.70599149493366,61.460448586863095],[89.56322383458411,61.428325863284115],[89.17418196013075,61.45687939535408],[88.76015574511663,61.51755565100302],[88.43892850932883,61.546109183072986],[87.78576646322895,61.59250867268659],[87.51450790856421,61.610354630231114],[87.5287846745992,61.66746169437104],[87.5216462915817,61.73170714152731],[87.47881599347693,61.781675822649916],[87.51093871705511,61.80309097170364],[87.50736952554672,61.849490461317146],[87.45740084442446,61.849490461317146],[87.4110013548105,61.87447480187801],[87.46810841895025,61.90659752545707],[87.4110013548105,61.94585863205248],[87.31820237558338,61.963704589597],[87.23254177937297,61.94585863205248],[87.14688118316333,61.93515105752704],[87.0862049275144,61.917305099982514],[87.02909786337456,61.928012674508835],[86.94343726716494,61.90302833394797],[86.90060696906008,61.842352078298944],[86.81494637284965,61.80666016321078],[86.72571658513164,61.79238339717634],[86.63648679741283,61.74955309907085],[86.61150245685134,61.706722800966446],[86.60079488232554,61.68173846040558],[86.59722569081636,61.65318492833562],[86.52227266913252,61.606785438722014],[86.51513428611503,61.56395514061663],[86.47587317951937,61.55681675760029],[86.36879743425646,61.58180109816115],[86.26172168899446,61.63533897079198],[86.08326211355683,61.65675411984472],[85.99403232583882,61.621062204756555],[85.87981819755852,61.624631396265656],[85.75489649475234,61.62820058777476],[85.59785206836798,61.606785438722014],[85.54788338724563,61.55324756609119],[85.43366925896534,61.56038594910753],[85.2552096835285,61.52112484251212],[85.17668747033558,61.53897080005487],[85.03035061847702,61.43546424630223],[84.89829053265333,61.41047990574039],[84.86973700058347,61.35694203310956],[84.77693802135634,61.342665267074224],[84.71269257419911,61.36764960763509],[84.60204763742792,61.35337284160046],[84.52709461574408,61.385495565179525],[84.32721989125406,61.39620313970505],[83.90962448473155,61.47829454440762],[83.6526426961018,61.510417267984906],[83.57055129140048,61.546109183072986],[83.48132150368174,61.54253999156397],[83.42421443954191,61.4711561613904],[83.3242770772973,61.424756671775015],[83.28144677919164,61.42118748026769],[83.26003163013927,61.385495565179525],[83.27787758768335,61.34980365009136],[83.17080184242124,61.306973351987835],[83.09584882073742,61.26414305388147],[82.96378873491375,61.25700467086523],[82.85671298965093,61.22131275577706],[82.72924333878697,61.15905179258065],[82.67106403796538,61.13891280383438]]]]}},{"type":"Feature","properties":{"kind":"district","id":"uyezd-1897-499","name":"Канский","provinceId":"gubernia-1897-96"},"geometry":{"type":"MultiPolygon","coordinates":[[[[93.35675087108123,55.084754750781016],[93.39244278616869,55.084754750781016],[93.52093368048388,54.995524963062024],[93.77791546911284,54.98838658004569],[93.86357606532336,54.94555628193942],[93.9278215124806,54.94912547344852],[93.99206695963784,54.98838658004569],[94.02775887472521,55.04192445267652],[94.07415836433917,55.09189313379922],[94.15624976904049,55.081185559271916],[94.34184772749472,54.995524963062024],[94.45963104728341,54.95269466495753],[94.80227343212279,55.02764768664109],[94.86294968777173,54.8991567923267],[95.06282441226175,54.85275730271319],[94.9985789651045,54.69571287632883],[95.05211683773516,54.624329046152496],[94.96645624152544,54.55294521597901],[94.90934917738569,54.47799219429358],[95.14491581696306,54.36020887450649],[95.4268819461536,54.328086150927426],[95.71955564987073,54.217441214155784],[95.83376977815023,54.160334150015856],[96.05149046018441,54.19602606510402],[95.9622606724656,54.067535170789625],[96.21567326958618,54.067535170789625],[96.44767071765526,54.063965979280525],[96.20139650355128,53.846245297247144],[96.11930509884986,53.78913823310722],[96.16213539695552,53.774861467070906],[96.26564195070843,53.7391695519846],[96.4905010157601,53.74273874349362],[96.56188484593476,53.72132359444008],[96.67609897421434,53.64637057275651],[96.78674391098554,53.603540274651124],[96.92594237982661,53.674924104826474],[97.12938629582493,53.767723084053586],[97.28999991371847,53.849814488754376],[97.3792297014372,53.846245297247144],[97.4755978721735,53.89264478686074],[97.54341251083984,53.921198318930706],[97.60765795799708,53.97116700005243],[97.5719660429098,53.996151340613295],[97.5826736174356,54.02827406419236],[97.64334987308453,54.071104362296865],[97.72187208627668,54.08895031984139],[97.74685642683825,54.18531849057672],[97.73614885231156,54.24956393773485],[97.6968877457159,54.32094776790932],[97.71473370325918,54.38519321506735],[97.75042561834735,54.44230027920728],[97.85393217210034,54.48869976882088],[97.87177812964443,54.64574419520524],[97.83251702304787,54.681436110293404],[97.81110187399548,54.763527514994195],[97.83608621455697,54.78851185555506],[97.82894783153957,54.82063457913412],[97.84679378908285,54.86346487723863],[97.89319327869681,54.884880026292166],[97.95386953434574,54.97410981400938],[97.97528468339813,55.081185559271916],[97.93602357680166,55.152569389448246],[97.96457710887145,55.17398453850001],[97.98956144943303,55.24536836867448],[97.9074700447317,55.302475432814404],[97.89676247020591,55.35244411393702],[97.85036298059195,55.377428454497974],[97.82894783153957,55.459519859198764],[97.84679378908285,55.548749646917756],[97.81467106550458,55.59514913653126],[97.73614885231156,55.63084105161943],[97.75756400136484,55.69865569028568],[97.63978068157614,55.855700116670036],[97.5826736174356,55.8913920317582],[97.67547259666351,55.94849909589725],[97.72187208627668,56.012744543054396],[97.82180944852207,56.03059050059804],[97.88248570417012,56.05557484116068],[97.95386953434574,56.059144032668],[98.13946749279998,56.06985160719521],[98.22869728051879,56.101974330774276],[98.35361898332488,56.20548088452692],[98.58204723988477,56.20191169301782],[98.79262953890057,56.05557484116068],[99.11028758317927,56.06628241568611],[99.5171754151759,56.005606160037175],[99.67065065005195,56.0234521175817],[99.717050139666,56.04486726663346],[99.79200316134894,56.112681905300605],[99.87052537454197,56.14837382038699],[99.96689354527828,56.25901875715863],[100.14178392920671,56.458893481648374],[100.22387533390724,56.53027731182284],[100.49870308008109,56.81224344101427],[100.55937933572993,56.88719646269783],[100.5772252932733,56.95144190985596],[100.57008691025581,57.02639493153855],[100.60220963383479,57.112055527749334],[100.70214699607939,57.22626965602919],[100.71642376211437,57.29051510318554],[100.74140810267595,57.329776209782715],[100.76282325172834,57.44042114655347],[100.73070052814927,57.51894335974613],[100.67359346400953,57.554635274832435],[100.64503993193965,57.61531153048146],[100.63555011404902,57.688524393244776],[100.56416628387466,57.720647116824736],[100.37856832541998,57.83843043661182],[100.09660219622882,58.016890012050695],[99.85032798212556,58.15965767239865],[99.53980832086452,58.181072821452275],[98.93661495588637,58.2346106940831],[98.38339027203082,58.30599452425757],[98.16923878150618,58.141811714855095],[97.95151809947289,57.96692133092799],[97.79804286459665,57.827722862085494],[97.57318379954533,57.58501783949214],[97.49109239484427,57.492218860264046],[97.39472422410869,57.485080477246825],[97.2983560533722,57.477942094229505],[97.19484949961858,57.477942094229505],[97.06992779681222,57.51006481780769],[96.90574498741012,57.52434158384222],[96.79510005063909,57.58501783949214],[96.6808859223596,57.67067843570203],[96.6202096667103,57.717077925315635],[96.55239502804457,57.72778549984196],[96.45245766579953,57.699231967771105],[96.39535060165977,57.68138601022747],[96.34181272902859,57.709939542298315],[96.27042889885342,57.75276984040193],[96.16335315359115,57.75276984040193],[96.05984659983744,57.720647116824736],[95.89566379043524,57.702801159281094],[95.7421885555591,57.71350873380564],[95.59942089520953,57.72778549984196],[95.52089868201713,57.71350873380564],[95.46736080938595,57.71350873380564],[95.34243910657969,57.66354005268481],[95.3067471914925,57.63141732910485],[95.23179416980875,57.62070975457844],[95.18539468019489,57.63855571212208],[95.09616489247652,57.65640166966571],[94.9855199557055,57.65283247815839],[94.85702906139058,57.64569409514117],[94.7927836142327,57.68495520173657],[94.69641544349712,57.70637035078833],[94.6107548472866,57.70637035078833],[94.5250942510769,57.699231967771105],[94.44300284637583,57.71350873380564],[94.35020386714889,57.74920064889372],[94.26097407942973,57.799169330016426],[94.10036046153627,57.68495520173657],[93.9326084606255,57.52077239233499],[93.79697918329326,57.37800473198419],[93.71131858708274,57.21382192258261],[93.6363655653998,57.04250073016283],[93.55784335220731,57.04606992167104],[93.4543367984537,57.06391587921459],[93.39244278616869,57.001410590977684],[93.39244278616869,56.922888377785995],[93.43170389276516,56.88362727118873],[93.47810338237903,56.88005807967963],[93.57090236160623,56.8300893985579],[93.61730185122019,56.8300893985579],[93.65299376630756,56.7801207174352],[93.7029624474299,56.76227475989067],[93.73508517100808,56.69802931273441],[93.82431495872689,56.67304497217355],[93.87785283135825,56.58381518445367],[93.84929929928846,56.548123269366485],[93.9278215124806,56.48030863070112],[93.9385290870072,56.380371268456685],[93.92068312946311,56.24117279961499],[93.89569878890163,56.0234521175817],[93.94923666153298,56.03059050059804],[93.90997555493652,55.8878228402491],[93.94209827851549,55.79859305253011],[93.98492857662035,55.75219356291748],[93.94566747002469,55.63441024312765],[94.02418968321682,55.620133477092125],[94.00634372567274,55.559457221444966],[94.03132806623431,55.5273344978659],[93.85643768230587,55.5237653063568],[93.79576142665692,55.44881228467332],[93.73508517100808,55.459519859198764],[93.67083972385083,55.459519859198764],[93.6173018512194,55.384566837515194],[93.57090236160623,55.3952744120425],[93.53877963802725,55.2596451347099],[93.43884227578256,55.18469211302545],[93.39244278616869,55.13829262341184],[93.35675087108123,55.084754750781016]]]]}},{"type":"Feature","properties":{"kind":"district","id":"uyezd-1897-500","name":"Ачинский","provinceId":"gubernia-1897-96"},"geometry":{"type":"MultiPolygon","coordinates":[[[[93.39244278616869,55.13829262341184],[93.1854296786611,55.24735125284592],[93.04266201831173,55.32587346603849],[92.91060193248815,55.31159670000395],[92.8713408258916,55.34728861509025],[92.88918678343576,55.37227295565298],[92.8570640598567,55.42224163677568],[92.8713408258916,55.45436436035288],[92.82494133627851,55.49719465845827],[92.82851052778673,55.55073253109008],[92.81066457024353,55.582855254669056],[92.71072720799813,55.63282393579087],[92.70715801648974,55.700638574456235],[92.4287610788076,55.64710070182541],[92.22531716280928,55.618547169755445],[92.02544243831927,55.614977978246344],[91.8898131609873,55.64353151031631],[91.80058337326848,55.8219910857542],[91.83984447986424,55.91479006498229],[91.8898131609873,56.004019852699415],[91.95048941663535,56.125372363998366],[91.6792308619707,56.125372363998366],[91.58286269123438,56.12894155550657],[91.61498541481345,56.18604861964562],[91.63283137235753,56.232448109260105],[91.6792308619707,56.34666223753996],[91.7684606496895,56.400200110171674],[91.79701418175938,56.460876365818834],[91.82199852232087,56.485860706381565],[91.85769043740832,56.56438291957423],[91.89338235249559,56.59650564315143],[91.91122831003968,56.65004351578412],[91.93978184210964,56.66788947332678],[91.92550507607466,56.74284249501035],[91.86125962891663,56.80351875065938],[91.83627528835585,56.87490258083385],[91.85769043740832,56.91773287893923],[91.91601525818457,57.017516389601965],[91.80537032141275,57.099607794302756],[91.51983500071374,57.10317698581186],[91.43060521299466,57.174560815986325],[91.34851380829352,57.21025273107262],[91.3056835101891,57.26022141219532],[91.19503857341728,57.2994825187925],[91.16291584983875,57.34588200840611],[91.03085576401517,57.39941988103604],[90.99516384892807,57.4279734131069],[90.89522648668301,57.44225017914143],[90.79528912443797,57.43868098763233],[90.76673559236801,57.456526945175966],[90.69178257068427,57.456526945175966],[90.64895227257976,57.51006481780769],[90.66322903861439,57.57431026496492],[90.61682954900122,57.58858703100124],[90.59541439994867,57.65997086117571],[90.54187652731748,57.69209358475379],[90.5133229952476,57.83843043661182],[90.32772503679284,57.799169330016426],[90.1849573764425,57.77061579794557],[90.00649780100504,57.75633903191103],[89.80662307651583,57.720647116824736],[89.63530188409551,57.688524393244776],[89.54485433974108,57.63870956370555],[89.44134778598738,57.59587926560105],[89.35568718977775,57.55304896749655],[89.31999527469038,57.399573732619515],[89.39851748788251,57.310343944900524],[89.5341467652153,57.156868710025265],[89.71617553216122,56.95342479402731],[89.81968208591493,56.939148027991884],[89.92675783117703,56.942717219500985],[89.9624497462644,56.89988692139471],[90.01598761889583,56.88561015536017],[90.04097195945661,56.83207228272934],[90.09450983208806,56.79994955915028],[90.07666387454398,56.71785815444949],[90.0516795339832,56.632197558238616],[90.03026438493082,56.59650564315143],[89.98743408682597,56.58579806862599],[89.958880554756,56.54296777052149],[90.12306336415794,56.389492535644465],[90.30509213110386,56.20746376869924],[90.19801638584177,56.161064279085636],[90.08023306605308,56.12894155550657],[90.04811034247402,56.09681883192751],[90.0588179170007,56.04328095929668],[89.99814166135175,56.03971176778758],[89.88392753307225,55.996881469682194],[89.79826693686175,56.004019852699415],[89.75186744724859,55.98260470364765],[89.68048361707386,55.943343597052255],[89.55556191426777,55.93263602252593],[89.49488565861883,55.925497639507725],[89.44491697749656,55.88980572441956],[89.39137910486512,55.8683905753678],[89.3164260831812,55.87195976687602],[89.35568718977775,55.8255602772633],[89.33070284921618,55.797006745193336],[89.25574982753315,55.75417644708884],[89.0915670181305,55.69706938294891],[89.12012055020037,55.614977978246344],[88.98806046437679,55.58642444617638],[88.83458522950073,55.51504061600191],[88.73464786725613,55.45436436035288],[88.6704024200989,55.400826487722945],[88.6668332285897,55.35442699810845],[88.60615697294085,55.27590478491588],[88.56332667483599,55.26876640189856],[88.5419115257836,55.22593610379406],[88.59544939841497,55.1545522736196],[88.64184888802893,55.01535380477711],[88.71323271820374,54.922554825549895],[88.77747816536099,54.86901695291907],[88.7881857398875,54.79763312274461],[88.7703397823435,54.754802824639214],[88.69895595216876,54.694126568990185],[88.65255646255481,54.64058869635936],[88.63471050501153,54.59062001523675],[88.64687306499876,54.554132335276364],[88.65612565406391,54.5263745680804],[88.64898727104642,54.43714478036149],[88.62400293048493,54.41572963130787],[88.63114131350243,54.35505337565972],[88.58831101539757,54.26225439643163],[88.50265041918786,54.230131672854434],[88.4455433550473,54.222993289837206],[88.4455433550473,54.19087056625814],[88.49908122767876,54.18016299173084],[88.58117263238007,54.18373218323994],[88.62400293048493,54.16231703418818],[88.62757212199324,54.12662511910001],[88.6668332285897,54.10877916155638],[88.70252514367706,54.10877916155638],[88.71323271820374,54.151609459660875],[88.80603169743077,54.19443975776724],[88.8774155276055,54.25511601341441],[88.93095340023696,54.237270055870766],[89.01304480493836,54.14447107664454],[89.04159833700815,54.148040268151775],[89.07372106058722,54.165886225696305],[89.17008923132263,54.165886225696305],[89.20578114641,54.12305592759091],[89.25574982753315,54.080225629486414],[89.23790386998907,54.01598018232838],[89.20935033791919,53.955303926681125],[89.12368974170947,53.96601150120656],[89.08085944360462,53.919612011593046],[89.08442863511301,53.87678171348766],[89.11298216718288,53.830382223874054],[89.16652003981433,53.81253626633131],[89.2022119549017,53.81967464934861],[89.24186963833193,53.788345079437896],[89.34537619208564,53.806191036982426],[89.40605244773458,53.84545214357782],[89.41319083075199,53.89185163319232],[89.47743627790922,53.95966627185768],[89.43460597980446,54.002496569962176],[89.42746759678697,54.03818848505034],[89.44888274583944,54.0596036341021],[89.50598980997918,54.066742017120305],[89.50598980997918,54.10957231522481],[89.47743627790922,54.148833421821095],[89.47386708640093,54.16667937936474],[89.42389840527787,54.18452533690926],[89.40605244773458,54.23806320954009],[89.40605244773458,54.302308656698216],[89.42746759678697,54.34513895480272],[89.42746759678697,54.373692486872685],[89.48814385243591,54.4236611679953],[89.56309687411894,54.43436874252163],[89.57023525713643,54.455783891573475],[89.62377312976778,54.455783891573475],[89.7130029174866,54.53073691325695],[89.68088019390763,54.63067427550138],[89.75226402408308,54.72347325472947],[89.8093710882229,54.759165169817635],[89.81294027973121,54.830548999992104],[89.85933976934517,54.89122525564105],[89.93786198253738,54.94119393676286],[89.94500036555488,55.0054393839209],[89.98783066365965,55.05540806504173],[90.08062964288756,55.06254644806083],[90.19484377116716,55.06611563956815],[90.19841296267626,55.09823836314722],[90.28407355888596,55.09466917163812],[90.39828768716546,55.0910999801299],[90.54819373053321,55.07325402258626],[90.66240785881271,55.07325402258626],[90.72308411446166,55.10537674616533],[90.7980371361455,55.12679189521718],[90.71594573144417,55.17319138483069],[90.76234522105733,55.22316006595428],[90.69096139088259,55.248144406515145],[90.95151237102155,55.294543896128744],[91.08714164835342,55.251713598024246],[91.2192017341771,55.20531410840975],[91.28344718133434,55.144637852760724],[91.36196939452728,55.155345427287145],[91.39766130961473,55.19103734237522],[91.61538199164794,55.216021682937054],[91.69390420484015,55.216021682937054],[91.79384156708477,55.27669793858422],[91.9723011425223,55.237436831988816],[92.00799305760975,55.16962219332159],[92.05796173873202,55.144637852760724],[92.12577637739835,55.13036108672619],[92.1793142500298,55.069684831077254],[92.30423595283598,55.016146958446335],[92.47555714525524,54.934055553744656],[92.81106114707723,55.10537674616533],[93.11801161682934,55.09466917163812],[93.35675087108123,55.084754750781016],[93.39244278616869,55.13829262341184]]]]}},{"type":"Feature","properties":{"kind":"district","id":"uyezd-1897-549","name":"Минусинский","provinceId":"gubernia-1897-96"},"geometry":{"type":"MultiPolygon","coordinates":[[[[90.41970283621785,52.01088770808204],[90.44468717677942,52.13224021938],[90.46253313432271,52.214331624080884],[90.52677858148074,52.24288515615085],[90.55176292204152,52.27143868822169],[90.57674726260309,52.27500787972982],[90.60530079467297,52.307130603308885],[90.64456190126944,52.371376050465145],[90.69096139088259,52.39992958253511],[90.70523815691757,52.43562149762327],[90.7873295616189,52.442759880641475],[90.85514420028524,52.48202098723688],[90.84086743425034,52.514143710815944],[90.90511288140759,52.549835625904024],[91.00148105214389,52.57838915797399],[91.03717296723117,52.63906541362124],[91.15495628701986,52.68903409474483],[91.30486233038673,52.73900277586744],[91.46547594828027,52.73543358435834],[91.67605824729688,52.753279541901094],[91.82596429066373,52.763987116428304],[91.93304003592584,52.753279541901094],[92.03654658967955,52.78183307397106],[92.26497484623943,52.763987116428304],[92.39346574055472,52.72472600983113],[92.46841876223783,52.763987116428304],[92.6076172310789,52.763987116428304],[92.76109246595496,52.73543358435834],[92.83247629613041,52.64620379663935],[92.87887578574365,52.603373498534935],[93.00736668005894,52.67475732870931],[93.22508736209214,52.767556307937404],[93.53560702335264,52.86749367018183],[93.75332770538664,52.86749367018183],[93.8996645572452,52.89247801074269],[94.00674030250731,52.88890881923359],[94.09597009022612,52.985276989970785],[94.16378472889247,53.09949111825064],[94.21018421850562,53.160167373898695],[94.36365945338167,53.245827970108586],[94.58494932692416,53.377888055932075],[94.70987102973025,53.41714916252837],[94.99183715892079,53.442133503090204],[95.37374065035672,53.47068703516017],[95.66641435407385,53.59560873796546],[95.85558150403719,53.69911529171988],[95.85915069554638,53.73480720680618],[95.8305971634765,53.79548346245521],[96.11930509884986,53.78913823310722],[96.20139650355128,53.846245297247144],[96.44767071765526,54.063965979280525],[96.21567326958618,54.067535170789625],[95.9622606724656,54.067535170789625],[96.05149046018441,54.19602606510402],[95.83376977815023,54.160334150015856],[95.71955564987073,54.217441214155784],[95.4268819461536,54.328086150927426],[95.14491581696306,54.36020887450649],[94.90934917738569,54.47799219429358],[94.96645624152544,54.55294521597901],[95.05211683773516,54.624329046152496],[94.9985789651045,54.69571287632883],[95.06282441226175,54.85275730271319],[94.86294968777173,54.8991567923267],[94.80227343212279,55.02764768664109],[94.45963104728341,54.95269466495753],[94.34184772749472,54.995524963062024],[94.15624976904049,55.081185559271916],[94.07415836433917,55.09189313379922],[94.02775887472521,55.04192445267652],[93.99206695963784,54.98838658004569],[93.9278215124806,54.94912547344852],[93.86357606532336,54.94555628193942],[93.77791546911284,54.98838658004569],[93.52093368048388,54.995524963062024],[93.39244278616869,55.084754750781016],[93.35675087108123,55.084754750781016],[93.11801161682934,55.09466917163812],[92.81106114707723,55.10537674616533],[92.47555714525524,54.934055553744656],[92.30423595283598,55.016146958446335],[92.1793142500298,55.069684831077254],[92.12577637739835,55.13036108672619],[92.05796173873202,55.144637852760724],[92.00799305760975,55.16962219332159],[91.9723011425223,55.237436831988816],[91.79384156708477,55.27669793858422],[91.69390420484015,55.216021682937054],[91.61538199164794,55.216021682937054],[91.39766130961473,55.19103734237522],[91.36196939452728,55.155345427287145],[91.28344718133434,55.144637852760724],[91.2192017341771,55.20531410840975],[91.08714164835342,55.251713598024246],[90.95151237102155,55.294543896128744],[90.69096139088259,55.248144406515145],[90.76234522105733,55.22316006595428],[90.71594573144417,55.17319138483069],[90.7980371361455,55.12679189521718],[90.72308411446166,55.10537674616533],[90.66240785881271,55.07325402258626],[90.54819373053321,55.07325402258626],[90.39828768716546,55.0910999801299],[90.28407355888596,55.09466917163812],[90.19841296267626,55.09823836314722],[90.19484377116716,55.06611563956815],[90.08062964288756,55.06254644806083],[89.98783066365965,55.05540806504173],[89.94500036555488,55.0054393839209],[89.93786198253738,54.94119393676286],[89.85933976934517,54.89122525564105],[89.81294027973121,54.830548999992104],[89.8093710882229,54.759165169817635],[89.75226402408308,54.72347325472947],[89.68088019390763,54.63067427550138],[89.7130029174866,54.53073691325695],[89.62377312976778,54.455783891573475],[89.57023525713643,54.455783891573475],[89.56309687411894,54.43436874252163],[89.48814385243591,54.4236611679953],[89.42746759678697,54.373692486872685],[89.42746759678697,54.34513895480272],[89.40605244773458,54.302308656698216],[89.40605244773458,54.23806320954009],[89.42389840527787,54.18452533690926],[89.47386708640093,54.16667937936474],[89.47743627790922,54.148833421821095],[89.50598980997918,54.10957231522481],[89.50598980997918,54.066742017120305],[89.44888274583944,54.0596036341021],[89.42746759678697,54.03818848505034],[89.43460597980446,54.002496569962176],[89.47743627790922,53.95966627185768],[89.41319083075199,53.89185163319232],[89.40605244773458,53.84545214357782],[89.34537619208564,53.806191036982426],[89.24186963833193,53.788345079437896],[89.20974691475367,53.73837639831528],[89.22045448927955,53.71339205775442],[89.25971559587602,53.695546100209896],[89.2775615534193,53.64200822757995],[89.34537619208564,53.63130065305363],[89.3882064901905,53.63843903607085],[89.43103678829536,53.63843903607085],[89.48457466092671,53.64557741908905],[89.52383576752327,53.670561759649914],[89.56666606562804,53.684838525684455],[89.63448070429448,53.720530440772535],[89.67374181089014,53.70982286624532],[89.73441806653908,53.677700142666254],[89.78438674766133,53.695546100209896],[89.77724836464384,53.71339205775442],[89.86290896085356,53.73123801529797],[89.87718572688846,53.70982286624532],[89.86290896085356,53.677700142666254],[89.8058018967138,53.57776278042182],[89.8165094712404,53.49924056723013],[89.74869483257397,53.36004209838844],[89.74869483257397,53.310073417266715],[89.68444938541673,53.256535544635],[89.59878878920702,53.17444413993421],[89.55238929959314,53.11733707579428],[89.41319083075199,53.10662950126698],[89.36322214962972,52.988846181479886],[89.41676002226038,52.9353083088472],[89.52383576752327,52.9353083088472],[89.60235798071541,52.92816992583086],[89.66102656614041,52.899504856526605],[89.68511860882471,52.78305998355334],[89.7373180346402,52.6907071532642],[89.80357115202138,52.638507727448086],[89.87986262052037,52.62043869543595],[89.95615408902006,52.54013188648882],[90.01638419572961,52.514032173581654],[90.01995338723871,52.46417502969324],[90.08419883439595,52.41777554008061],[90.1448750900448,52.360668475940685],[90.26265840983358,52.27500787972982],[90.29478113341176,52.146516985414536],[90.33761143151733,52.08940992127559],[90.30905789944674,52.039441240152],[90.3590265805698,52.01088770808204],[90.41970283621785,52.01088770808204]]]]}},{"type":"Feature","properties":{"kind":"district","id":"uyezd-1897-550","name":"Ур-Янхайский край","provinceId":"gubernia-1897-96"},"geometry":{"type":"MultiPolygon","coordinates":[[[[90.3590265805698,52.01088770808204],[90.32155282113764,52.00022990884831],[90.28110198403844,51.97643529878947],[90.25730737398041,51.92408715666076],[90.25492791297485,51.81701141139911],[90.25016899096292,51.707556205131354],[90.11929863564207,51.7289713541841],[90.05029426647299,51.726591893177115],[90.00508450736257,51.70041782211413],[89.92418283316398,51.588583154840286],[89.88135253505922,51.562409083774554],[89.82186600991382,51.5838242328273],[89.77189732879076,51.58144477182218],[89.74810271873281,51.52195824667704],[89.68385727157558,51.51244040265283],[89.56726368228962,51.47674848756466],[89.47684416406807,51.488645792594085],[89.34359434774166,51.493404714607074],[89.28410782259554,51.53385555170459],[89.16989369431596,51.54337339572791],[89.01522872893716,51.61475722590326],[88.95336274278549,51.60999830389214],[88.94146543775607,51.54575285673401],[88.86294322456394,51.54099393472279],[88.87847336923613,51.51482965567995],[88.9617545044394,51.467240435562445],[89.06407132769039,51.36254415130681],[89.06883024970239,51.24833002302695],[89.03075887360859,51.20074080290945],[89.014102646568,51.150772121787725],[89.06883024970239,51.124598050723776],[89.06645078869593,51.10318290167024],[89.03789725662608,51.07938829161317],[89.04741510064991,51.04131691551909],[89.13545515786512,50.996107156407604],[89.16638815094143,50.88903141114595],[89.20683898804066,50.83668326901724],[89.26156659117402,50.8152681199645],[89.28298174022723,50.72484860174339],[89.34960664839002,50.65108531056292],[89.45430293264656,50.5535274093245],[89.47333862069354,50.5130765722252],[89.5185483798038,50.503558728201],[89.59707059299683,50.52973279926566],[89.62810449202385,50.52707916433707],[89.640001797053,50.46521317818406],[89.70424724421088,50.42714180209077],[89.70900616622208,50.37955258197417],[89.637622336047,50.34148120588088],[89.61858664800036,50.27485629771852],[89.58527419391925,50.26533845369431],[89.51864928575611,50.296271446770284],[89.44012707256371,50.289133063753056],[89.3544664763532,50.24630276564767],[89.29735941221344,50.1701600134611],[89.30925671724276,50.12257079334538],[89.34732809333588,50.11067348831605],[89.46868060463356,50.11067348831605],[89.50675198072685,50.089258339264205],[89.50675198072685,50.065463729204566],[89.44012707256371,50.02501289210616],[89.42585030652833,49.989320977018],[89.44250653356892,49.922696068855636],[89.52102874676132,49.87986577075024],[89.60469242284793,49.917163320377476],[89.72019261510636,49.94690211823983],[89.86168035062288,49.95433395045885],[89.94830549481667,49.967336897398255],[90.02049311497818,50.002612909084625],[90.01183060055878,50.04898930542929],[90.04648065823629,50.07494053077148],[90.19951841297868,50.11013759802579],[90.28036854755955,50.11939568758046],[90.34678115810814,50.178605077195336],[90.50559392246345,50.23589428066327],[90.58933156185076,50.2322002781883],[90.65574417239935,50.22111655353924],[90.72504428775439,50.258052285706135],[90.71638177333502,50.30602595888012],[90.76258185023838,50.335524189098486],[90.86941952807737,50.3484239087197],[90.90695709056136,50.38341977483546],[90.92716962420657,50.41838983699254],[91.18127004717505,50.436784770424865],[91.31987027788513,50.47722847352631],[91.40938292688536,50.47355320207052],[91.49312056627271,50.54333450561319],[91.65193333062801,50.59102019850262],[91.72123344598305,50.704537543910924],[91.87427120072539,50.73013254164168],[92.07350903237115,50.699051082908134],[92.2496468255652,50.72464907596176],[92.3131719313073,50.76484625498282],[92.33049696014606,50.879765508813435],[92.37669703704942,50.88340910771403],[92.44022214279155,50.805008928771336],[92.52973479179181,50.7885829139768],[92.59037239272743,50.79086465016629],[92.61058492637262,50.76530284280902],[92.60769742156619,50.721450091258944],[92.65967250808247,50.7123089315287],[92.73186012824397,50.7086519684145],[92.76362268111501,50.757996902892856],[92.78094770995376,50.794515196414885],[92.8589103397282,50.80546512454939],[93.01483559927703,50.7799113007049],[93.03216062811579,50.72327810926005],[92.98884805601887,50.67572646186873],[93.02638561850287,50.62995824704354],[93.0956857338579,50.60064318453735],[93.27182352705196,50.60430856651052],[93.39887373853618,50.62812659087169],[93.74248681050491,50.591478480543486],[94.1178624353447,50.59331156409569],[94.2622376756677,50.57864489702923],[94.32576278140981,50.516260587665876],[94.36618784870025,50.40044789640708],[94.39217539195838,50.232662044149066],[94.42393794482943,50.199403464089215],[94.49323806018448,50.184614430490775],[94.52788811786199,50.164272029959804],[94.54810065150723,50.12170993027224],[94.59718823321703,50.07725692178834],[94.61162575724936,50.05316098491205],[94.64338831012039,50.03832669917183],[94.73867596873357,50.04389009358422],[94.7877635504434,50.05130694991191],[94.99855140131494,50.04203570041638],[95.02165143976663,49.97708680298159],[95.09961406954106,49.960371469717074],[95.42301460786454,49.956656162842286],[95.4923147232196,49.921346447718925],[95.52696478089713,49.90275199256752],[95.55583982896172,49.917628130226845],[95.57605236260693,49.943650331017494],[95.62513994431677,49.95294056927284],[95.70887758370411,49.960371469717074],[95.7955027278979,49.960371469717074],[95.78106520386558,49.98451397667021],[95.75219015580099,50.00864437283888],[95.77817769905914,50.02348782862124],[95.83592779518833,50.03647209109345],[95.89656539612398,50.027197976107935],[95.91677792976921,49.99936488435013],[95.95720299705962,49.97708680298159],[95.99762806435008,49.96780122340868],[96.01784059799529,50.001220925354424],[96.0611531700922,50.00678861844605],[96.1275657806408,49.98637059093669],[96.27236281536727,49.96997965088717],[96.3710665881425,49.911342273578825],[96.46217776301195,49.886888967456706],[96.53810374206981,49.94066988315488],[96.59884452531614,49.926008308796014],[96.63680751484507,49.891780620158734],[96.78106687505502,49.916231447659946],[96.97847442060552,49.87221103468424],[97.02403000804024,49.818353767372955],[97.26699314102545,49.74972135703574],[97.38847470751804,49.77424409397557],[97.5934748509743,49.84773789696938],[97.5934748509743,49.926008308796014],[97.75291940699584,49.96509592848026],[97.82125278814792,49.93089599588029],[97.8971787672058,49.94066988315488],[98.07180851903891,50.06755005997164],[98.27680866249517,50.29121045822383],[98.32236424992992,50.48484714761841],[98.16291969390836,50.58136910192161],[98.03384552951,50.63437201779485],[98.00347513788684,50.71136060596191],[97.97134541796862,50.8302762020651],[97.99123527249711,50.88354193077243],[97.87101913898881,50.96729433489025],[97.87101913898881,51.03498349366841],[97.94694511804667,51.197827715994954],[97.98490810757563,51.37984826497666],[98.08614274631945,51.450877381881895],[98.22534037459222,51.478470016047886],[98.24432186935671,51.576878980414335],[98.3139206834931,51.663302986388416],[98.43413681700137,51.74956245834071],[98.56700728035267,51.80436923709274],[98.72518640338991,51.86301693535667],[98.78845805260482,51.948895443879884],[98.83907537197673,52.07740548735915],[98.85172970181968,52.13181342791465],[98.92549006353605,52.145391372153576],[98.75959850540391,52.226095373406736],[98.7881520374738,52.2546489054767],[98.64776383812989,52.28796135955788],[98.61921030606003,52.30699704760541],[98.65014329913546,52.33793004068049],[98.70351960342704,52.36886303375647],[98.77490343360178,52.46166201298456],[98.77014451158985,52.621085900374034],[98.92243001596307,52.71864380161334],[98.92956839898056,52.7471973336833],[98.69638122040955,52.84951415693472],[98.43701997077423,52.96848720722571],[97.81360118724625,53.0136969663363],[97.65655676086189,53.142187860650694],[97.6494183778444,53.2016743857976],[97.59707023571578,53.249263605913235],[97.37102144016225,53.3277858191059],[97.11641911253805,53.401549110286375],[96.86657570692569,53.487209706496266],[96.78674391098554,53.603540274651124],[96.67609897421434,53.64637057275651],[96.56188484593476,53.72132359444008],[96.4905010157601,53.74273874349362],[96.26564195070843,53.7391695519846],[96.16213539695552,53.774861467070906],[96.11930509884986,53.78913823310722],[95.8305971634765,53.79548346245521],[95.85915069554638,53.73480720680618],[95.85558150403719,53.69911529171988],[95.66641435407385,53.59560873796546],[95.37374065035672,53.47068703516017],[94.99183715892079,53.442133503090204],[94.70987102973025,53.41714916252837],[94.58494932692416,53.377888055932075],[94.36365945338167,53.245827970108586],[94.21018421850562,53.160167373898695],[94.16378472889247,53.09949111825064],[94.09597009022612,52.985276989970785],[94.00674030250731,52.88890881923359],[93.8996645572452,52.89247801074269],[93.75332770538664,52.86749367018183],[93.53560702335264,52.86749367018183],[93.22508736209214,52.767556307937404],[93.00736668005894,52.67475732870931],[92.87887578574365,52.603373498534935],[92.88420408627928,52.49135432078308],[93.30536868431089,52.47469809374253],[93.30536868431089,52.453282944689796],[93.17925725100197,52.274823369251905],[93.18163671200834,52.23437253215252],[93.15308317993838,52.13205570890209],[93.00793605858264,52.07256918375695],[92.7890256460458,51.98690858754617],[92.65101690770827,51.97977020452895],[92.49159302031755,51.93456044541834],[92.26316476375766,51.85841769323267],[92.07042842228515,51.817966856132486],[91.57312107206687,51.79893116808584],[91.46604532680486,51.89648906932506],[91.22096084320363,51.87745338127931],[90.96397905457466,51.87745338127931],[90.90211306842299,51.90362745234326],[90.83072923824746,51.98690858754617],[90.69034103890357,51.97977020452895],[90.63323397476381,52.02973888565245],[90.56422960559465,52.05829241772241],[90.49046631441435,52.02973888565245],[90.41970283621785,52.01088770808204],[90.3590265805698,52.01088770808204]]]]}},{"type":"Feature","properties":{"kind":"district","id":"uyezd-1897-583","name":"Дудинский участок","provinceId":"gubernia-1897-96"},"geometry":{"type":"MultiPolygon","coordinates":[[[[78.05734608915888,69.042140053034],[78.41433919949048,69.12784652468513],[79.03180933050318,69.2456298444731],[79.9954910378641,69.39910507935022],[80.71646772263122,69.49547325008555],[81.25541564045152,69.54544193120816],[81.65516508943092,69.5597186972427],[82.63669275433583,69.59897980383997],[83.70388101545117,69.62396414439995],[83.76812646260832,69.57756465478634],[83.89304816541458,69.54901112271726],[83.83237190976538,69.49904244159465],[83.86449463334472,69.45978133499916],[83.96800118709842,69.5133192076291],[84.03938501727279,69.50618082461187],[84.19286025214903,69.5097500161201],[84.31421276344665,69.50618082461187],[84.49624153039196,69.57756465478634],[84.6996854463907,69.65965605948801],[84.76750008505722,69.70248635759252],[84.8924217878627,69.70248635759252],[85.03518944821305,69.69891716608528],[85.20294144912381,69.62753333590895],[85.42066213115703,69.5240267821564],[85.52059949340216,69.5097500161201],[85.62410604715578,69.45264295198017],[85.80970400561054,69.40981265387654],[85.88108783578572,69.35270558973662],[85.78115047354068,69.29916771710491],[85.67050553676965,69.22778388693044],[85.66693634526108,69.16710763128141],[85.79542723957601,69.13498490770235],[85.96317924048678,69.063601077527],[85.98102519803078,69.02433997093071],[85.8917954103116,68.97437128980978],[85.82398077164588,68.94581775773892],[85.69905906883962,68.86729554454635],[85.72047421789226,68.78520413984644],[85.77758128203202,68.74594303324918],[85.84182672918908,68.67455920307472],[86.03813226217052,68.621021330443],[86.22729941213395,68.56034507479397],[86.30225243381777,68.49966881914592],[86.32009839136089,68.37831630784787],[86.43788171114993,68.32834762672702],[86.50212715830699,68.24625622202437],[86.44145090265859,68.178441583359],[86.35579030644887,68.12133451921908],[86.309390816835,68.07493502960459],[86.31296000834365,68.00355119943012],[86.39148222153605,67.97142847585204],[86.51997311585099,67.90004464567757],[86.59492613753481,67.82152243248402],[86.59135694602615,67.76441536834409],[86.55923422244683,67.70730830420416],[86.45929686020257,67.60380175045152],[86.37363626399207,67.5466946863116],[86.34865192343075,67.44675732406539],[86.3879130300274,67.33611238729463],[86.51283473283375,67.26472855711928],[86.69129430827041,67.25402098259384],[86.71627864883163,67.1862063439276],[86.70557107430575,67.08983817319218],[86.67701754223587,67.01845434301593],[86.71984784034109,66.95777808736788],[86.71270945732297,66.90067102322884],[86.79837005353268,66.79002608645712],[86.86261550069064,66.72934983080906],[86.83763116012933,66.65796600063273],[86.73412460637562,66.6472584261064],[86.6056337120607,66.63655085158008],[86.51997311585099,66.61513570252832],[86.5092655413251,66.54375187235385],[86.48071200925433,66.45809127614298],[86.56280341395629,66.43667612709122],[86.8055084365508,66.45095289312576],[87.1017513317765,66.48307561670394],[87.2659341411786,66.45452208463398],[87.42297856756349,66.38313825445951],[87.59073056847417,66.2974776582505],[87.61928410054495,66.26892412617966],[87.59429975998363,66.22609382807427],[87.54076188735255,66.23323221109327],[87.45510129114203,66.21895544505695],[87.43011695058073,66.14400242337338],[87.45867048265059,66.03692667811085],[87.59073056847417,66.0190807205672],[87.78703610145571,66.02978829509352],[87.94051133633194,66.04763425263806],[88.03687950706754,66.00480395453266],[88.07257142215552,65.95840446491916],[88.00118759198035,65.86917467720104],[87.92980376180518,65.8370519536211],[87.85485074012144,65.8370519536211],[87.83343559106957,65.78708327250025],[87.77989771843839,65.74782216590388],[87.82629720805156,65.71926863383302],[87.92266537878795,65.7085610593067],[88.05472546461154,65.72640701685035],[88.25460018910164,65.76923731495485],[88.30813806173272,65.81206761306112],[88.47945925415215,65.81920599607835],[88.64721125506293,65.82634437909566],[89.00056121442925,65.82634437909566],[88.97557687386795,65.87631306021828],[89.08979100214762,65.90486659228735],[89.23969704551511,65.86560548569194],[89.43243338698719,65.73711459137756],[89.56092428130212,65.68714591025494],[89.87144394256323,65.67643833572853],[89.92141262368567,65.61576208008047],[89.96781211329883,65.58007016499143],[89.97495049631685,65.51225552632606],[89.94639696424699,65.45871765369425],[89.96781211329883,65.40517978106342],[89.94996615575563,65.34807271692439],[89.88215151708911,65.305242418819],[89.89642828312445,65.24099697166184],[89.97495049631685,65.15890556696105],[90.03562675196535,65.0839525452766],[90.01064241140405,64.9947227575585],[90.10344139063098,64.91263135285594],[90.23550147645456,64.83767833117237],[90.33900803020828,64.75558692647246],[90.48534488206728,64.7163258198752],[90.89937109708193,64.64137279819172],[90.92792462915189,64.57355815952636],[91.06712309799279,64.53429705292909],[91.12423016213253,64.4950359463328],[91.31696650360453,64.47718998878916],[91.39905790830558,64.4522056482283],[91.54182556865594,64.4522056482283],[91.62034778184834,64.43435969068555],[91.80951493181176,64.4486364567201],[91.98083612423109,64.43792888219376],[92.10218863552879,64.39509858408837],[92.20569518928251,64.39152939258017],[92.20569518928251,64.33799151994845],[92.32704770058011,64.34869909447477],[92.4055699137718,64.37725262654563],[92.42698506282446,64.43792888219376],[92.5197840420522,64.44506726521108],[92.74821229861136,64.44149807370286],[92.83744208633054,64.39509858408837],[92.9195334910316,64.38439100956293],[93.01590166176798,64.42722130766833],[93.12654659853892,64.4058061586147],[93.23362234380129,64.37725262654563],[93.35497485509819,64.35940666900207],[93.54414200506231,64.31657637089668],[93.80112379369146,64.25590011524766],[93.95459902856769,64.23091577468581],[94.00813690119878,64.18808547658229],[94.08308992288262,64.19165466809042],[94.2758262643546,64.20593143412495],[94.39004039263499,64.18808547658229],[94.5363772444932,64.20950062563405],[94.67557571333401,64.18808547658229],[94.72197520294787,64.23805415770313],[94.78978984161448,64.25590011524766],[94.8932963953681,64.25590011524766],[94.98252618308648,64.1381167954596],[95.0753251623134,64.088148114336],[95.21095443964644,64.05959458226701],[95.41439835564441,64.03817943321339],[95.47150541978425,64.04888700773971],[95.63211903767841,64.03461024170517],[95.75704074048397,63.97036479454802],[95.82842457065915,63.98107236907346],[95.94977708195675,63.90611934738989],[96.05328363570976,63.88470419833813],[96.17820533851594,63.91325773040809],[96.2495891686912,63.90611934738989],[96.35309572244482,63.87756581532082],[96.52798610637291,63.870427432303586],[96.69930729879304,63.80975117665368],[96.81709061858129,63.80618198514635],[96.920597172335,63.81688955967276],[97.0241037260887,63.80618198514635],[97.13474866285964,63.870427432303586],[97.30963904678842,63.85615066626906],[97.50594457976916,63.87399662381269],[97.68083496369795,63.83473551721542],[97.82003343253885,63.8311663257073],[97.90926322025801,63.791905219110035],[97.9984930079763,63.788336027601915],[98.0770152211687,63.75621330402373],[98.18052177492241,63.75621330402373],[98.21978288151826,63.791905219110035],[98.19122934944838,63.820458751180894],[98.12698390229131,63.88470419833813],[98.25190560509758,63.91325773040809],[98.38753488242982,63.92753449644351],[98.53030254277928,63.97393398605614],[98.5731328408845,64.03104105019607],[98.67307020312874,64.07387134830155],[98.85866816158351,64.11670164640694],[98.93362118326735,64.14882436998502],[99.04783531154773,64.15953194451144],[99.26912518508968,64.17380871054588],[99.36192416431741,64.19879305110773],[99.58321403785928,64.19879305110773],[99.77595037933136,64.15596275300234],[99.93299480571616,64.15596275300234],[100.06505489153975,64.18808547658229],[100.22566850943329,64.26660768977398],[100.31846748866103,64.2701768812822],[100.39342051034485,64.30229960486214],[100.55403412823831,64.30229960486214],[100.62898714992134,64.24876173223035],[100.7896007678156,64.23805415770313],[100.86455378949864,64.17380871054588],[100.96806034325226,64.1416859869678],[101.05372093946197,64.19165466809042],[101.15008911019837,64.20950062563405],[101.23218051489943,64.19879305110773],[101.32854868563581,64.1416859869678],[101.41064009033695,64.12027083791595],[101.50343906956469,64.1416859869678],[101.5212850271079,64.1809470935632],[101.57125370823042,64.21306981714227],[101.66048349594878,64.26660768977398],[101.82109711384304,64.2701768812822],[101.82823549686036,64.20236224261683],[101.97814154022704,64.14525517847592],[102.03881779587634,64.05959458226701],[102.2601076694182,64.06673296528423],[102.39216775524179,64.03104105019607],[102.53136622408277,64.03461024170517],[102.63844196934504,64.06673296528423],[102.78120962969531,64.12027083791595],[102.89185456646632,64.10599407187964],[102.9382540560802,64.08457892282787],[102.99536112021994,64.09885568886241],[103.0596065673771,64.08100973131877],[103.13099039755218,64.08100973131877],[103.17025150414803,64.0096259011443],[103.25234290884988,63.96679560303892],[103.38083380316401,63.89898096437267],[103.52003227200571,63.88827338984723],[103.66993831537248,63.83473551721542],[103.67350750688193,63.741936537989204],[103.78772163516143,63.66341432479564],[103.90193576344112,63.67412189932294],[103.98759635965074,63.702675431392024],[104.06254938133458,63.66698351630386],[104.12322563698386,63.66698351630386],[104.15891755207096,63.6919678568665],[104.1553483605624,63.724090580443786],[104.21245542470214,63.724090580443786],[104.36593065957838,63.6955370483747],[104.45516044729666,63.699106239883804],[104.49085236238385,63.67769109083018],[104.50512912841918,63.64199917574388],[104.56580538406769,63.638429984234776],[104.68715789536529,63.57418453707763],[104.78709525761035,63.56347696255122],[104.85847908778472,63.52778504746314],[105.01909270567818,63.52778504746314],[105.12616845094054,63.50280070690316],[105.18684470658975,63.45283202578047],[105.2689361112908,63.43141687672683],[105.27964368581678,63.399294153148745],[105.37244266504452,63.38858657862242],[105.42241134616704,63.35289466353426],[105.52234870841129,63.35646385504336],[105.57945577255184,63.3814481956051],[105.54733304897259,63.406432536165966],[105.47594921879822,63.58132292009485],[105.25822853676412,64.02033347567064],[105.0083851311523,64.54500462745541],[104.83706393873295,64.88407782078686],[104.64789678876873,65.21958182260822],[104.469437213332,65.55151663292234],[104.31596197845586,65.81206761306112],[104.18033270112362,66.0262191035863],[104.30168521242052,66.16184838091702],[104.5550978095417,66.44381451010854],[104.75854172554047,66.65796600063273],[105.14044521697588,67.07199221564774],[105.46167245276288,67.41820379199632],[105.74006939044538,67.74300021929233],[106.01846632812709,67.9892744333956],[106.35040113844077,68.32120924370794],[106.6859051402623,68.62815971346022],[107.09279297225973,69.01006320489617],[107.39617425050284,69.27775256805306],[107.6781403796939,69.53830354819094],[107.82804642306148,69.5133192076291],[108.02792114755079,69.5240267821564],[108.09216659470864,69.48476567555913],[108.23136506354953,69.47762729254191],[108.44194736256551,69.51688839913909],[108.58471502291508,69.50261163310277],[108.71320591723,69.51688839913909],[108.80243570494837,69.5597186972427],[108.93806498228132,69.5597186972427],[109.14864728129739,69.60254899534809],[109.26286140957697,69.59184142082266],[109.36993715483933,69.59541061233087],[109.44489017652309,69.57756465478634],[109.49485885764561,69.58827222931356],[109.51627400669746,69.62039495289173],[109.59836541139923,69.63467171892627],[109.67331843308226,69.67036363401444],[109.81965528494118,69.68820959155798],[109.89817749813366,69.67036363401444],[110.0088224349046,69.72033231513704],[110.26580422353445,69.7453166556979],[110.56918550177755,69.75602423022521],[110.59060065083011,69.7881469538033],[110.63343094893533,69.7881469538033],[110.66198448100519,69.75959342173245],[110.72622992816235,69.75245503871523],[110.78690618381076,69.75959342173245],[110.84044405644194,69.75959342173245],[110.89398192907383,69.83097725190869],[110.76192184325025,69.8238388688897],[110.78690618381076,69.86309997548598],[110.93681222717834,69.88808431604862],[111.03674958942338,69.91306865660957],[111.04031878093204,69.95232976320585],[111.14382533468566,69.95589895471495],[111.2865929950352,70.02014440187212],[111.37939197426303,70.02371359338032],[111.62209699685755,70.0094368273449],[111.68634244401461,69.94876057169587],[111.75415708268113,69.98445248678404],[111.85766363643475,69.9701757207495],[111.95403180717123,69.89165350755594],[112.1824600637305,69.89522269906593],[112.32879691558932,69.90949946510047],[112.43230346934294,69.90593027359226],[112.65359334288499,69.92377623113501],[112.64288576835911,69.94876057169587],[112.53224083158729,69.97374491225762],[112.55365598063985,70.03085197639844],[112.47156457593888,70.08082065751937],[112.4180267033077,70.17361963674736],[112.27168985144958,70.20931155183553],[112.27168985144958,70.24857265843093],[112.32879691558932,70.30211053106176],[112.29310500050134,70.3199564886054],[112.2003060212744,70.35564840369356],[112.2181519788184,70.41275546783349],[112.139629765626,70.49127768102518],[112.14319895713456,70.53410797913057],[112.21101359580028,70.55552312818331],[112.3038125750281,70.56266151120053],[112.35378125615054,70.5947842347796],[112.23242874485294,70.64475291590222],[112.23599793636168,70.69829078853401],[112.19673682976574,70.74825946965485],[112.25741308541424,70.78395138474302],[112.35378125615054,70.84819683190017],[112.54651759762262,70.85176602340927],[112.69285444948154,70.86604278944381],[112.79279181172579,70.83392006586563],[113.04263521733841,70.87318117246103],[113.07832713242561,70.91958066207464],[113.18183368617932,70.94456500263728],[113.19611045221465,70.96598015168912],[113.16041853712676,70.99810287526721],[113.19967964372321,71.03022559884627],[113.24607913333638,71.03736398186359],[113.28534023993302,71.0909018544953],[113.2782018569158,71.1337321526007],[113.40669275123072,71.19797759975793],[113.3745700276513,71.23723870635334],[113.44595385782648,71.35859121765041],[113.44595385782648,71.4014215157558],[113.5744447521414,71.4478210053703],[113.60299828421137,71.52277402705386],[113.71721241249087,71.56560432515748],[113.73505837003495,71.63341896382461],[113.8349957322799,71.68695683645633],[113.96348662659493,71.75120228361357],[114.14908458504969,71.77975581568265],[114.348959309539,71.80117096473529],[114.348959309539,71.83686287982346],[114.26686790483794,71.87255479490976],[114.17763811711947,71.83686287982346],[114.12766943599703,71.8118785392626],[114.01702449922611,71.85470883736612],[114.0527164143133,71.95107700810331],[113.95634824357681,72.02246083827778],[113.89210279641975,72.02603002978688],[113.83856492378857,72.07956790241771],[113.82785734926189,72.1223982005231],[113.6529669653338,72.16879769013572],[113.60299828421137,72.20092041371568],[113.44595385782648,72.23304313729297],[113.3924159851953,72.24018152031205],[113.3567240701082,72.27944262690745],[113.40312355972127,72.35082645708192],[113.53518364554485,72.40793352122185],[113.69936645494776,72.45433301083634],[113.78145785964873,72.45076381932724],[113.89567198792841,72.472178968379],[114.04557803129589,72.48288654290532],[114.14551539354024,72.51500926648438],[114.15622296806691,72.53999360704525],[114.0527164143133,72.5721163306252],[113.89210279641975,72.59353147967705],[113.76361190210483,72.61851582023881],[113.62084424175536,72.63636177778244],[113.5161956482658,72.65301601015199],[113.41982747752932,72.69227711674739],[113.2913365832144,72.73867660636098],[113.1949684124788,72.83147558558899],[113.16284568890028,72.89215184123802],[113.30561334924974,72.92784375632618],[113.40198151998543,72.96710486292159],[113.45195020110795,73.05276545913058],[113.430535052056,73.15984120439313],[113.34130526433692,73.2026715024995],[113.14856892286494,73.249070992113],[113.00937045402404,73.27762452418209],[113.23422951907456,73.29547048172573],[113.35915122188092,73.27405533267397],[113.47693454166917,73.26334775814755],[113.53047241430035,73.28119371569119],[113.51262645675715,73.30974724776026],[113.54831837184435,73.35614673737476],[113.3341668813197,73.41325380151468],[113.26992143416264,73.48463763168914],[113.35915122188092,73.60242095147801],[113.44124262658207,73.6952199307061],[113.1342921568304,73.80586486747598],[112.84875683613049,73.90580222972129],[112.73811189935965,73.955770910844],[112.67029726069313,74.02358554951024],[112.58106747297477,74.02715474101845],[112.55965232392211,73.97004767687852],[112.60248262202661,73.91650980424761],[112.70598917578023,73.85226435708957],[112.75952704841141,73.81300325049506],[112.78094219746407,73.77374214389779],[112.69528160125435,73.7309118457924],[112.57392908995665,73.71663507975786],[112.23128670511709,73.6952199307061],[111.8922135117861,73.70949669674064],[111.63523172315703,73.7344810373015],[111.43535699866693,73.77731133540689],[111.25332823172083,73.84155678256414],[111.178375210037,73.90223303821219],[111.20335955059831,73.94863252782667],[111.27117418926483,73.96647848537032],[111.3425580194399,73.93792495329946],[111.46747972224547,73.98075525140486],[111.5424327439293,74.01644716649302],[111.44606457319371,74.06998503912385],[111.32471206189601,74.06998503912385],[111.14982167796721,74.04856989007253],[111.04631512421342,73.99860120894938],[111.01062320912632,73.955770910844],[111.11056057137128,73.89866384670407],[111.07486865628418,73.86654112312588],[110.99991563460034,73.8594027401091],[110.87856312330274,73.92007899575583],[110.75364142049638,73.94149414480945],[110.53235154695443,73.94149414480945],[110.36459954604365,73.96290929386122],[110.1076177574138,73.95220171933578],[109.96128090555568,73.92007899575583],[109.87205111783652,73.8272800165296],[109.70072992541718,73.7309118457924],[109.65076124429456,73.67380478165248],[109.67574558485587,73.61312852600354],[109.76497537257424,73.55959065337262],[109.8898970753805,73.52389873828544],[109.9255889904677,73.5524522703554],[110.14687886401036,73.57743661091715],[110.47881367432333,73.61669771751255],[110.6037353771296,73.64882044109162],[110.8036101016189,73.70592750523154],[110.9071166553726,73.7344810373015],[111.06773027326606,73.72377346277518],[111.1069913798627,73.69878912221432],[111.05345350723152,73.66309720712616],[110.93567018744248,73.66309720712616],[110.79647171860168,73.66309720712616],[110.7607798035144,73.63454367505707],[110.66084244126935,73.60242095147801],[110.6465656752341,73.58457499393447],[110.5965969941115,73.55602146186361],[110.43955256772749,73.53817550431997],[110.32890763095575,73.52032954677722],[110.29321571586857,73.50248358923368],[110.40029146113085,73.49534520621636],[110.42170661018349,73.47393005716273],[110.31106167341257,73.44894571660275],[110.25038541776335,73.45251490811097],[110.08263341685259,73.4203921845319],[109.92915818197635,73.39540784397104],[109.72928345748706,73.41325380151468],[109.55439307355817,73.47749924867183],[109.42590217924324,73.5488830788463],[109.35808754057753,73.54531388733808],[109.31525724247231,73.52032954677722],[109.32953400850765,73.48106844018004],[109.31525724247231,73.43109975905921],[109.35808754057753,73.39540784397104],[108.99759919819397,73.32402401379657],[108.8548315378445,73.32045482228747],[108.66209519637162,73.29190129021663],[108.4907740039522,73.28833209870841],[108.33016038605874,73.28833209870841],[108.3087452370061,73.24193260909578],[108.3515755351114,73.2347942260767],[108.43366693981245,73.24550180060302],[108.50505076998682,73.22408665155037],[108.39797502472446,73.18482554495586],[108.26591493890088,73.20980988551584],[108.10173212949877,73.21337907702494],[107.84475034086891,73.16697958741044],[107.594906935257,73.16697958741044],[107.4557084664161,73.13485686383315],[107.22371101834747,73.15270282137591],[106.97743680424439,73.11701090628961],[106.83466914389403,73.09916494874508],[106.45633484396728,73.1812563534472],[106.32784394965236,73.14556443835859],[106.21362982137268,73.11701090628961],[106.23147577891596,73.08488818271054],[106.18150709779415,73.00993516102697],[106.33498233266958,72.91713618179888],[106.4991651420725,72.8743058836935],[106.60624088733486,72.82790639408087],[106.21006062986412,72.8743058836935],[106.0815697355491,72.90642860727256],[106.00661671386536,72.82790639408087],[105.8816950110591,72.82076801106355],[105.80674198937525,72.79578367050091],[105.65326675449982,72.76009175541462],[105.57831373281608,72.73510741485278],[105.17856428383668,72.74224579787008],[105.16071832629268,72.68870792524015],[105.00724309141646,72.60304732902928],[104.78238402636593,72.54594026488935],[104.44688002454359,72.50310996678397],[104.20417500194898,72.48526400924041],[104.15777551233512,72.55664783941666],[104.40048053492973,72.59590894601206],[104.59678606791117,72.67800035071285],[104.95727441029392,72.74938418088732],[105.24280973099374,72.81362962804455],[105.58188292432473,72.87073669218448],[105.91738692614699,72.98495082046433],[105.97092479877817,73.07418060818422],[106.12083084214494,73.20980988551584],[106.37067424775758,73.26691694965665],[106.76685450522832,73.31688563077935],[106.98100599575295,73.37756188642794],[107.00242114480561,73.44894571660275],[106.87749944199933,73.52032954677722],[106.87749944199933,73.55602146186361],[106.95959084670031,73.58814418544357],[107.07023578347133,73.57743661091715],[107.2379877843829,73.53460631281176],[107.44143170038086,73.53103712130266],[107.63059885034419,73.51676035526812],[107.7162594465547,73.47749924867183],[107.84831953237828,73.47036086565461],[108.10173212949877,73.48820682319914],[108.32659119455009,73.55959065337262],[108.54788106809204,73.66309720712616],[108.62283408977578,73.77017295238967],[108.85126234633576,73.81657244200328],[109.02972192177249,73.83798759105504],[109.16535119910473,73.8772486976522],[109.30098047643769,74.03786231554479],[109.42233298773459,74.10567695421103],[109.59365418015481,74.15207644382464],[109.85063596878386,74.20204512494725],[110.0290955442214,74.27699814663082],[110.25038541776335,74.36979712585891],[110.51093639790186,74.41619661547153],[110.55733588751573,74.4554577220679],[110.6465656752341,74.4911496371551],[110.88927069782942,74.5411183182778],[111.08914542231872,74.59822538241772],[111.27474338077349,74.60536376543496],[111.38181912603585,74.66960921259219],[111.67092363824423,74.69459355315483],[111.856521596699,74.74099304276844],[112.06353470420632,74.83022283048645],[112.26340942869642,74.90160666066092],[112.50611445129093,74.93016019273186],[112.78451138897263,74.95871372480084],[113.09860024174242,75.05508189553804],[113.2734906256712,75.169296023817],[113.34130526433692,75.25495662002778],[113.45195020110795,75.32990964171037],[113.45195020110795,75.3941550888685],[113.47693454166917,75.43698538697389],[113.64825573408939,75.61901415391999],[113.59471786145821,75.69753636711178],[113.67680926615927,75.8010429208662],[113.76960824538709,75.85101160198703],[113.78745420293029,75.90454947461875],[113.87311479913991,75.96879492177598],[113.78745420293029,76.06873228402131],[113.60185624447553,76.12583934816124],[113.53047241430035,76.16510045475663],[113.40198151998622,76.19722317833569],[113.31989011528516,76.2935913490728],[113.30561334924974,76.35783679623005],[113.12715377381238,76.4292206264054],[112.96654015591884,76.54343475468525],[112.76309623992007,76.51131203110529],[112.55965232392211,76.52558879713983],[112.35620840792345,76.50417364808798],[112.29553215227494,76.53986556317615],[112.03498117213644,76.59697262731518],[111.84938321368168,76.61124939335106],[111.70661555333221,76.6469413084378],[111.60310899957851,76.63980292542058],[111.54957112694733,76.61481858485972],[111.07843784779274,76.54343475468525],[110.76434899502314,76.54700394619337],[110.42170661018349,76.51131203110529],[110.13617128948368,76.53629637166615],[109.78995971313546,76.59340343580608],[109.5258395414883,76.58983424429788],[108.98689162366809,76.56841909524522],[108.59784974921456,76.55057313770247],[108.3087452370061,76.56484990373701],[108.04462506535893,76.56128071222791],[107.64487561637952,76.57912666977155],[107.3771862532237,76.55771152071979],[107.1773115287337,76.54343475468525],[107.0381130598928,76.47918930752623],[106.69190148354457,76.43635900942262],[106.27073688551252,76.36854437075637],[105.85314147898913,76.30072973209012],[105.4462536469924,76.19365398682748],[105.57474454130742,76.37925194528181],[105.7246505846742,76.44349739243994],[105.81031118088471,76.55057313770247],[106.07086216102242,76.6576488829651],[106.1422459911976,76.71475594710547],[106.23147577891596,76.7825705857695],[106.5063035250898,76.83610845840123],[106.55270301470368,76.88607713952383],[106.43491969491464,76.88250794801482],[106.37424343926622,76.91106148008568],[106.238614161934,76.88250794801482],[106.18150709779415,76.88964633103205],[106.33498233266958,76.96816854422471],[106.30285960909106,76.98601450176925],[106.17793790628478,76.95032258668108],[106.09584650158372,76.9574609696983],[106.01018590537402,76.921769054612],[105.9245253091643,76.98958369327825],[106.08870811856642,77.03241399138187],[106.13510760818028,77.03241399138187],[106.22076820439,77.0502599489264],[106.15295356572348,77.13235135362719],[106.34568990719626,77.15733569418805],[106.42421212038876,77.12878216211809],[106.52058029112435,77.13592054513539],[106.3778126307748,77.2358579073816],[106.41350454586198,77.31081092906427],[106.3421207156877,77.35007203566146],[106.30285960909106,77.42502505734502],[106.15295356572348,77.47499373846763],[105.86027986200644,77.5463775686421],[105.59972888186864,77.56065433467664],[105.41056173190451,77.59277705825481],[105.05721177253898,77.62489978183388],[104.73241534524331,77.64631493088653],[104.46472598208759,77.67129927144838],[104.23272853401895,77.65345331390517],[103.93648563879326,77.59277705825481],[103.7508876803385,77.57493110071118],[103.59741244546225,77.56779271769395],[103.48319831718267,77.62489978183388],[103.34756903984963,77.59277705825481],[103.20837057100874,77.51782403657126],[102.99778827199276,77.45000939790499],[102.80862112202934,77.38933314225686],[102.51951660982095,77.30367254604697],[102.26610401270047,77.22515033285528],[102.10549039480621,77.17875084324167],[102.0983520117889,77.13592054513539],[102.23041209761249,77.0538291404355],[102.25896562968245,77.01813722534733],[102.12333635235021,76.97887611875193],[101.84493941466842,76.9574609696983],[101.6986025628095,76.93247662913744],[101.64863388168698,76.88964633103205],[101.6022343920731,76.87180037348939],[101.49515864681082,76.83253926689213],[101.58438843452991,76.81826250085759],[101.74857124393202,76.83610845840123],[101.78783235052786,76.81826250085759],[101.72001771186214,76.7897089687885],[101.6986025628095,76.75758624520856],[101.58795762603856,76.73260190464858],[101.45589754021498,76.76472462822586],[101.37380613551393,76.75401705370044],[101.35239098646127,76.72189433012225],[101.31312987986472,76.70761756408594],[101.29528392232143,76.68620241503409],[101.42377481663645,76.66478726598233],[101.59152681754722,76.6433721169287],[101.6629106477224,76.62552615938604],[101.6022343920731,76.60054181882518],[101.39165209305712,76.61481858485972],[101.3238374543914,76.63623373391148],[101.23460766667303,76.62909535089416],[101.22390009214635,76.57912666977155],[101.15608545348063,76.53272718015883],[101.09897838933999,76.4756201160189],[100.9490723459733,76.44349739243994],[100.67067540829072,76.44349739243994],[100.28877191685531,76.44706658394806],[99.90686842541919,76.4684817329999],[99.55708765756222,76.48632769054532],[99.38219727363422,76.48275849903622],[99.20730688970534,76.45420496696536],[99.18232254914412,76.43278981791352],[99.29296748591506,76.42208224338764],[99.44644272079128,76.40423628584267],[99.55351846605365,76.39352871131634],[99.54638008303634,76.34712922170274],[99.6713017858418,76.30429892359912],[99.6891477433858,76.27217620001917],[99.83191540373535,76.25433024247651],[99.82834621222669,76.19365398682748],[99.74982399903429,76.1543928802303],[99.83905378675338,76.09371662458217],[99.86760731882325,76.0187636028986],[99.87474570184057,75.95451815574145],[99.75339319054375,75.91525704914605],[99.60348714717608,75.90098028310965],[99.55708765756222,75.86885755953156],[99.45001191229986,75.86171917651478],[99.34293616703758,75.8403040274607],[99.26084476233652,75.8367348359525],[99.2893982944064,75.87242675104066],[99.40004323117742,75.89741109160063],[99.5071189764397,75.94024138970691],[99.58921038114084,76.02233279440681],[99.69985531791257,76.03660956044357],[99.73554723299966,76.06516309251221],[99.532103317001,76.09014743307307],[99.47856544436982,76.12583934816124],[99.5499492745449,76.17580802928384],[99.51068816794835,76.19722317833569],[99.4285967632473,76.17937722079294],[99.34293616703758,76.19365398682748],[99.34650535854624,76.22934590191565],[99.22158365573988,76.24005347644153],[99.03241650577655,76.22220751889655],[98.96817105861949,76.22934590191565],[99.00386297370667,76.26860700851016],[98.7932806746906,76.24362266795019],[98.61482109925394,76.2007923698447],[98.48633020493902,76.18651560381026],[98.56485241813142,76.1615312632493],[98.36854688514998,76.1543928802303],[98.28288628894026,76.15796207173932],[98.18651811820388,76.1508236887221],[98.05088884087164,76.12583934816124],[98.1758105436779,76.1079933906167],[98.35427011911544,76.1079933906167],[98.50060697097356,76.1151317736358],[98.3328549700628,76.06873228402131],[98.25790194837904,76.07230147552943],[98.24005599083506,76.04374794346089],[98.1758105436779,76.04017875195045],[98.09014994746819,76.0508863264781],[98.00092015974911,76.0508863264781],[97.9402439041007,76.09014743307307],[97.81532220129435,76.09014743307307],[97.70110807301475,76.0508863264781],[97.82959896732969,76.03304036893314],[97.86529088241687,75.98664087932052],[97.82602977582103,75.96165653875867],[97.75464594564593,75.95094896423235],[97.69040049848887,75.98664087932052],[97.52264849757731,75.95451815574145],[97.497664157016,75.93667219819781],[97.43341870985894,75.9259646236706],[97.42984951835028,75.95451815574145],[97.36203487968376,75.97593330479322],[97.51551011455999,75.99734845384684],[97.53335607210398,76.02233279440681],[97.23711317687749,75.99021007082952],[97.19428287877308,75.96522573026688],[97.14788338915912,75.94737977272413],[97.05508440993218,75.93310300668959],[97.05865360144084,75.88313432556609],[96.98370057975701,75.87599594254878],[96.87662483449473,75.8403040274607],[96.82665615337211,75.8403040274607],[96.78739504677556,75.82245806991796],[96.67675011000463,75.80818130388342],[96.60893547133891,75.81175049539164],[96.68388849302185,75.8367348359525],[96.79810262130233,75.90098028310965],[96.81237938733688,75.95808734724957],[96.70887283358316,75.9795024963032],[96.60536627983025,76.04017875195045],[96.4269067043928,76.04017875195045],[96.38050721477893,76.02233279440681],[96.45902942797133,75.98664087932052],[96.43047589590137,75.96165653875867],[96.32696934214775,75.99377926233774],[96.123525426149,75.95808734724957],[96.03786482993928,75.93310300668959],[96.02358806390474,75.85814998500612],[95.97718857429088,75.86171917651478],[95.86654363751994,75.89384190009243],[95.94506585071234,75.94737977272413],[96.01288048937798,75.99734845384684],[96.18777087330686,76.0508863264781],[96.30912338460377,76.05802470949587],[96.25201632046392,76.07587066703853],[96.31269257611241,76.09728581609038],[96.41976832137469,76.08657824156485],[96.46616781098857,76.07943985854673],[96.48758296004121,76.11870096514392],[96.31983095913044,76.12583934816124],[96.23060117141137,76.12583934816124],[96.08426431955324,76.13297773117846],[95.9664809997642,76.14368530570478],[95.784452232818,76.1543928802303],[95.6452537639772,76.15796207173932],[95.57386993380281,76.12227015665302],[95.49534772061041,76.11870096514392],[95.31688814517297,76.14011611419576],[95.17768967633207,76.1151317736358],[95.06704473956034,76.13654692268756],[94.98495333485928,76.18294641230116],[94.78150941886132,76.19365398682748],[94.7136947801948,76.16866964626662],[94.89572354714092,76.1615312632493],[94.89929273864956,76.14011611419576],[94.77437103584322,76.14011611419576],[94.85646244054436,76.1115625821267],[94.73867912075602,76.10085500759939],[94.68514124812484,76.1115625821267],[94.58520388587979,76.09371662458217],[94.53880439626602,76.1115625821267],[94.6280341839851,76.14011611419576],[94.64231095001963,76.15796207173932],[94.45314380005621,76.1508236887221],[94.33536048026805,76.17580802928384],[94.27111503311019,76.1508236887221],[94.14976252181329,76.1543928802303],[94.12477818125198,76.16510045475663],[93.94631860581453,76.17223883777572],[93.68576762567602,76.16866964626662],[93.68576762567602,76.15796207173932],[93.94631860581453,76.1508236887221],[93.93918022279722,76.12583934816124],[94.16047009633917,76.12227015665302],[94.18188524539183,76.10085500759939],[94.02484081900693,76.07587066703853],[93.82139690300826,76.07943985854673],[93.76428983886842,76.1079933906167],[93.60367622097496,76.1151317736358],[93.54656915683513,76.13297773117846],[93.50373885872992,76.12940853967034],[93.52158481627382,76.09728581609038],[93.45733936911604,76.08300905005584],[93.39309392195898,76.08300905005584],[93.43949341157285,76.1115625821267],[93.34669443234503,76.1115625821267],[93.28601817669662,76.12940853967034],[93.22177272953955,76.12227015665302],[93.27887979367931,76.09371662458217],[93.22534192104813,76.07587066703853],[93.18608081445157,76.09014743307307],[93.11469698427639,76.09014743307307],[93.11826617578585,76.06516309251221],[93.21106515501279,76.04017875195045],[93.27174141066128,76.02233279440681],[93.15038889936439,76.00448683686406],[93.06472830315467,76.0151944113895],[92.97192932392693,76.02590198591591],[92.91839145129575,76.0187636028986],[92.93266821733108,75.99734845384684],[92.86485357866457,75.96522573026688],[92.92196064280441,75.94381058121503],[92.96122174940096,75.9259646236706],[92.90054549375175,75.89384190009243],[92.92196064280441,75.8867035170751],[93.03617477108479,75.90454947461875],[93.0968510267332,75.90454947461875],[93.22177272953955,75.89384190009243],[93.29315655971385,75.91525704914605],[93.15752728238161,75.96165653875867],[93.40380149648486,75.9795024963032],[93.46447775213407,75.92953381518059],[93.52872319929114,75.92953381518059],[93.60010702946632,75.91168785763605],[93.6536449020975,75.90811866612695],[93.67862924265872,75.91882624065329],[93.63936813606216,75.94737977272413],[93.68933681718468,75.96165653875867],[93.74287468981578,75.94381058121503],[93.93561103128864,75.95808734724957],[94.06053273409412,75.98307168781052],[94.12834737276064,75.96165653875867],[94.14976252181329,75.94381058121503],[94.06767111711223,75.94381058121503],[93.91062669072734,75.91525704914605],[93.85708881809624,75.92239543216327],[93.78927417942973,75.90454947461875],[93.69290600869334,75.87956513405788],[93.60367622097496,75.85814998500612],[93.39309392195898,75.8403040274607],[93.12897375031173,75.8331656444434],[93.00762123901411,75.82245806991796],[93.03260557957533,75.78319696332078],[92.81488489754204,75.76892019728623],[92.59002583249152,75.74393585672627],[92.504365236281,75.76535100577803],[92.3401824268789,75.74750504823439],[92.10818497881026,75.74036666521717],[92.01895519109189,75.71538232465532],[91.95114055242617,75.71895151616354],[91.98683246751337,75.74750504823439],[91.86904914772431,75.72252070767264],[91.71200472134032,75.68325960107724],[91.57280625249862,75.66184445202362],[91.52640676288475,75.68682879258536],[91.41576182611382,75.67612121805992],[91.43003859214916,75.65827526051682],[91.37293152800932,75.64042930297185],[91.3229628468868,75.67255202655136],[91.15521084597522,75.64756768598907],[91.08382701580085,75.66541364353404],[90.99816641959123,75.65827526051682],[91.01244318562576,75.62615253693731],[90.94819773846869,75.61901415391999],[90.79829169510103,75.58332223883193],[90.7126310988914,75.58689143034005],[90.64481646022489,75.5761838558146],[90.65195484324211,75.59402981335735],[90.48063365082278,75.60116819637645],[90.5306023319453,75.5761838558146],[90.34500437349054,75.54763032374376],[90.26648216029814,75.53335355770922],[90.38069628857772,75.49052325960471],[90.28075892633268,75.46910811055118],[90.1915291386143,75.46910811055118],[90.12014530843922,75.46910811055118],[90.08802258486068,75.4869540680966],[90.03091552072085,75.47267730206019],[89.89171705187995,75.47267730206019],[89.81319483868755,75.49766164262203],[89.73110343398649,75.49052325960471],[89.63116607174145,75.49052325960471],[89.48482921988253,75.45483134451663],[89.53479790100496,75.42627781244757],[89.43129134725135,75.40486266339394],[89.34206155953298,75.38701670585128],[89.3206464104804,75.41913942943025],[89.3741842831115,75.44055457848211],[89.2778161123751,75.45483134451663],[89.1564636010783,75.40486266339394],[88.9744348341321,75.40486266339394],[88.92446615300966,75.38344751434218],[89.04224947279862,75.37273993981674],[89.03154189827194,75.35489398227132],[89.0351110897806,75.32990964171037],[88.95301968507945,75.32277125869315],[88.8602207058526,75.30135610964139],[88.78883687567733,75.262095003045],[88.8352363652913,75.24424904550146],[88.68533032192371,75.2085571304133],[88.55327023610013,75.22640308795692],[88.44619449083777,75.22640308795692],[88.52828589553883,75.19784955588786],[88.43191772480243,75.18000359834421],[88.43548691631189,75.16215764079969],[88.55327023610013,75.16215764079969],[88.56397781062601,75.14788087476427],[88.47831721441631,75.13360410872973],[88.43191772480243,75.10505057666064],[88.3391187455755,75.10505057666064],[88.2962884474702,75.15858844929059],[88.11782887203354,75.11575815118707],[88.0178915097885,75.11575815118707],[87.92866172206932,75.08720461911612],[87.8608470834037,75.11575815118707],[87.52534308158127,75.11218895967797],[87.35759108067059,75.11218895967797],[87.26836129295222,75.0836354276071],[87.37543703821459,75.05508189553804],[87.24694614389965,75.0300975549762],[87.12916282411052,75.02295917195808],[86.99353354677837,74.96942129932725],[86.8186431628503,74.96228291630995],[86.74369014116654,74.93372938424086],[86.5045543100806,74.9444369587663],[86.39390937330887,74.98369806536179],[86.27255686201197,74.97299049083627],[86.35107907520437,74.94086776725818],[86.25828009597663,74.93016019273186],[86.22258818088945,74.95514453329272],[86.10837405260985,74.94086776725818],[86.1904654573109,74.90517585217002],[86.09052809506586,74.90160666066092],[86.16191192524103,74.87305312859193],[86.1048048611012,74.85877636255739],[85.97631396678626,74.86234555406463],[85.86566903001444,74.82665363897833],[85.72290136966498,74.82308444746923],[85.70862460363045,74.88376070311826],[85.58727209233284,74.85877636255739],[85.49804230461447,74.86948393708371],[85.41952009142197,74.83379202199467],[85.30887515465025,74.81237687294379],[85.31958272917693,74.79096172389016],[85.4694887725437,74.80523848992613],[85.66579430552524,74.78025414936384],[85.68720945457788,74.75883900031208],[85.75859328475218,74.74099304276844],[85.84068468945404,74.69816274466305],[85.75145490173495,74.65890163806667],[85.69434783759512,74.65176325504855],[85.60511804987674,74.62320972297992],[85.5480109857361,74.63748648901402],[85.530165028193,74.69102436164573],[85.42308928293063,74.7160087022066],[85.35170545275545,74.75526980880298],[85.29459838861571,74.75526980880298],[85.32315192068559,74.7160087022066],[85.24462970749319,74.69459355315483],[85.21964536693187,74.65533244655765],[85.10543123865237,74.62677891448858],[85.10543123865237,74.60536376543496],[85.13398477072225,74.5839486163832],[85.16967668580943,74.54825670129503],[85.19109183486201,74.47330367961146],[85.08401608959973,74.43047338150794],[85.11613881317825,74.34481278529707],[85.05189336602119,74.28056733813902],[85.05189336602119,74.25915218908717],[85.19823021787931,74.27699814663082],[85.30173677163302,74.2662905721045],[85.42308928293063,74.25201380606995],[85.45521200650926,74.14493806080732],[85.41238170840396,74.13066129477288],[85.50161149612312,74.06998503912385],[85.51945745366632,74.0093087834757],[85.56585694328018,73.97004767687852],[85.53373421970166,73.93435576179213],[85.58727209233284,73.9129406127386],[85.64794834798124,73.93078657028215],[85.77287005078752,73.89152546368675],[85.82283873191004,73.84512597407226],[85.87280741303256,73.8272800165296],[85.92634528566374,73.74161942031881],[85.94062205169828,73.6952199307061],[85.86566903001444,73.74161942031881],[85.78000843380482,73.80229567596874],[85.66579430552524,73.8594027401091],[85.56228775177154,73.88795627217765],[85.39453575086075,73.89866384670407],[85.31601353766835,73.89509465519497],[85.26604485654583,73.9129406127386],[85.12327719619549,73.92364818726493],[85.04832417451254,73.89509465519497],[85.01620145093321,73.85226435708957],[84.95552519528471,73.8237108250205],[84.82703430096979,73.80229567596874],[84.70568178967288,73.81300325049506],[84.64500553402368,73.79158810144143],[84.68069744911166,73.7344810373015],[84.65928230005902,73.70235831372342],[84.47011515009568,73.70592750523154],[84.27380961711415,73.70949669674064],[84.14888791430869,73.7344810373015],[83.91332127473139,73.68808154768888],[83.70987735873273,73.68094316466978],[83.51714101726064,73.6952199307061],[83.31726629277054,73.66309720712616],[83.24588246259538,73.67023559014568],[83.20305216449096,73.6416820580744],[83.13523752582444,73.66666639863526],[83.00317744000085,73.64882044109162],[82.90324007775581,73.65595882410892],[82.72478050231915,73.6452512495835],[82.55345930989893,73.65238963260072],[82.50705982028506,73.63097448354895],[82.43210679860202,73.63097448354895],[82.40355326653216,73.66666639863526],[82.2857699467431,73.67737397316246],[82.21081692505928,73.65238963260072],[82.21795530807739,73.62383610052986],[82.03949573263993,73.6452512495835],[81.96811190246476,73.63454367505707],[81.82177505060665,73.60599014298623],[81.76823717797546,73.60955933449533],[81.66473062422175,73.60242095147801],[81.65759224120373,73.58457499393447],[81.62190032611655,73.58457499393447],[81.52553215538015,73.60599014298623],[81.46842509124039,73.60242095147801],[81.50768619783695,73.56672903639127],[81.45057913369631,73.55602146186538],[81.35778015446938,73.58814418544357],[81.29353470731232,73.57386741940903],[81.18288977054058,73.598851759969],[81.09009079131356,73.598851759969],[81.12221351489208,73.57029822789993],[81.20073572808448,73.57029822789993],[81.24713521769844,73.55602146186538],[81.15790542997928,73.54174469582907],[81.09009079131356,73.55602146186538],[80.92233879040279,73.5952825684599],[80.8688009177708,73.57029822789993],[80.8081246621224,73.57743661091715],[80.67963376780747,73.57029822789993],[80.57612721405377,73.51319116376],[80.62966508668495,73.49534520621636],[80.59397317159775,73.47393005716273],[80.61895751215897,73.45965329112819],[80.71889487440403,73.47749924867183],[80.73674083194722,73.44894571660275],[80.68320295931603,73.42396137604011],[80.67963376780747,73.39540784397104],[80.62966508668495,73.38826946095382],[80.67249538479015,73.34186997133932],[80.63323427819441,73.31331643927025],[80.5904039800891,73.27762452418209],[80.57969640556323,73.25620937513033],[80.48332823482683,73.22051746004216],[80.47618985180951,73.16697958741044],[80.40123683012577,73.15627201288501],[80.29059189335474,73.14913362986769],[80.24062321223231,73.12058009779685],[80.37268329805589,73.1063033317623],[80.42265197917833,73.11701090628961],[80.45834389426552,73.1063033317623],[80.44049793672153,73.07774979969322],[80.52972772444069,73.0670422251669],[80.60468074612444,73.03848869309606],[80.68677215082549,72.9706740544298],[80.65821861875563,72.93855133085073],[80.63680346970305,72.89215184123802],[80.68677215082549,72.87073669218626],[80.70461810836869,72.84218316011541],[80.8081246621224,72.80292205352045],[80.79741708759651,72.76723013843184],[80.81526304513962,72.73867660636098],[80.76529436401799,72.69227711674739],[80.82597061966639,72.67800035071285],[80.8331090026837,72.65301601015199],[80.74031002345667,72.6101857120466],[80.78670951306984,72.55307864790667],[80.82240142815782,72.53166349885491],[80.81526304513962,72.49597158376675],[80.84738576871904,72.44600290264502],[80.93661555643732,72.41744937057408],[81.05796806773502,72.40317260453953],[81.27568874976832,72.38889583850509],[81.39347206955657,72.38175745548777],[81.54337811292415,72.36748068945145],[81.71469930534347,72.37461907247055],[81.92528160435955,72.35320392341693],[82.07518764772712,72.32465039134784],[82.1644174354454,72.30323524229422],[82.250078031656,72.26754332720792],[82.3214618618303,72.23898979513707],[82.33930781937428,72.20329788005077],[82.31075428730432,72.16046758194538],[82.34287701088294,72.11049890082178],[82.2857699467431,72.10336051780448],[82.2250936910947,72.10692970931358],[82.25721641467324,72.06766860271817],[82.33573862786564,72.06766860271817],[82.37499973446148,72.06409941120819],[82.32503105333976,72.03911507064733],[82.34287701088294,72.01056153857824],[82.38570730898816,72.02126911310457],[82.41783003256668,72.04268426215643],[82.442814373128,72.03911507064733],[82.43567599011068,72.01056153857824],[82.51776739481174,71.9356085168938],[82.56773607593426,71.853517112193],[82.63911990610865,71.86065549521022],[82.6248431400741,71.87493226124477],[82.63911990610865,71.88920902728117],[82.72478050231915,71.88920902728117],[82.764041608915,71.89634741029839],[82.7818875664589,71.87850145275475],[82.88896331172127,71.88563983577207],[82.9639163334051,71.87136306973753],[83.05671531263204,71.87136306973753],[83.20662135599962,71.87136306973753],[83.23160569656083,71.853517112193],[83.42791122954148,71.83924034615846],[83.51000263424262,71.82139438861482],[83.55640212385649,71.78570247352675],[83.55283293234784,71.73216460089495],[83.513571825752,71.7178878348604],[83.54212535782186,71.68933430279142],[83.61350918799624,71.6714883452469],[83.68489301817142,71.64293481317782],[83.71701574174995,71.58225855752879],[83.6956005926973,71.55727421696704],[83.7027389757154,71.51087472735254],[83.65277029459288,71.48232119528348],[83.57067888989182,71.45733685472261],[83.48858748519078,71.44306008868807],[83.48858748519078,71.4073681735999],[83.45289557010278,71.35026110945998],[83.38865012294572,71.32884596040822],[83.3565273993672,71.27887727928551],[83.23160569656083,71.25032374721467],[83.1209607597899,71.21463183212748],[83.22089812203416,71.15038638497023],[83.28157437768336,71.0932793208303],[83.24945165410483,71.07186417177854],[83.1566526748771,71.08971012932219],[83.1566526748771,71.07186417177854],[83.21019054750818,71.0397414481986],[83.26372842013936,71.03617225669038],[83.32440467578786,71.05758740574223],[83.3208354842792,71.02903387367316],[83.5028642512253,70.97906519255045],[83.5028642512253,70.93266570293596],[83.54212535782186,70.90054297935876],[83.624216762523,70.86842025577882],[83.68132382666276,70.80774400012979],[83.75270765683794,70.71851421241266],[83.65633948610154,70.71137582939356],[83.7205849332586,70.67925310581539],[83.71701574174995,70.64356119072909],[83.75270765683794,70.61143846714914],[83.78483038041647,70.55433140300921],[83.75627684834659,70.54005463697467],[83.79553795494235,70.51863948792291],[83.83122987003034,70.45796323227388],[83.77055361438113,70.43297889171204],[83.80267633795967,70.40442535964306],[83.77055361438113,70.37587182757211],[83.61350918799624,70.29021123136222],[83.45646476161144,70.26879608231046],[83.2780051861747,70.26879608231046],[83.1138223767718,70.29021123136222],[82.99246986547489,70.30091880588864],[82.9567779503869,70.27236527381956],[83.01745420603619,70.19384306062601],[83.09597641922868,70.12602842195976],[83.13523752582444,70.06892135781983],[83.02459258905351,70.02252186820711],[82.89253250322983,70.0118142936799],[82.77474918344168,70.03322944273353],[82.78902594947621,70.06535216631073],[82.64982748063532,70.1010440813989],[82.58558203347746,70.12959761346886],[82.56773607593426,70.20455063515331],[82.69265777873973,70.26879608231046],[82.72478050231915,70.33661072097671],[82.70693454477517,70.38301021058943],[82.64982748063532,70.38301021058943],[82.59628960800414,70.44368646623934],[82.52847496933762,70.47937838132565],[82.41069164954946,70.54362382848377],[82.32503105333976,70.60430008413182],[82.22866288260336,70.61500765865824],[82.250078031656,70.66140714827175],[82.22866288260336,70.6863914888327],[82.13229471186688,70.66497633978085],[82.01451139207863,70.65069957374631],[81.94312756190354,70.61143846714914],[81.90386645530769,70.60786927564092],[81.85032858267651,70.61857685016636],[81.86817454021971,70.63999199921999],[81.92885079586901,70.67568391430629],[81.9645427109562,70.71137582939356],[82.06091088169259,70.7327909784472],[82.12515632884966,70.76491370202616],[82.08946441376246,70.81845157465611],[82.1287255203583,70.9112505538842],[82.09303360527112,70.97192680953323],[82.06804926470981,71.04687983121582],[82.15727905242818,71.14324800195301],[82.23223207411192,71.16466315100477],[82.33930781937428,71.20392425760204],[82.5034906287764,71.23961617268834],[82.61413556554814,71.29672323682827],[82.764041608915,71.32170757738913],[82.92465522680837,71.3538303009682],[83.08883803621057,71.39309140756536],[83.04957692961473,71.47875200377437],[83.12809914280722,71.5358590679143],[83.26372842013936,71.60010451507154],[83.26729761164802,71.6250888556324],[83.30655871824466,71.66078077072048],[83.29942033522656,71.70361106882596],[83.20305216449096,71.72859540938683],[83.08169965319325,71.72859540938683],[82.92465522680837,71.74287217542135],[82.78545675796757,71.73216460089495],[82.54989011839027,71.69647268580864],[82.3642921599355,71.6679191537378],[82.26078560618188,71.68219591977233],[82.103741179797,71.64650400468604],[81.96811190246476,71.66078077072048],[81.88245130625505,71.64650400468604],[81.65759224120373,71.67505753675502],[81.59691598555523,71.70718026033497],[81.43987155917043,71.70718026033497],[81.37919530352202,71.68219591977233],[81.2257200686458,71.68933430279142],[81.04726049320834,71.72859540938683],[80.9116312158761,71.78213328201853],[80.85809334324492,71.8499479206839],[80.70818729987735,71.89277821878929],[80.50474338387947,71.91776255935015],[80.34056057447728,71.95702366594742],[80.16210099903982,72.00342315556102],[80.0942863603733,72.04982264517365],[79.94438031700653,72.08551456026181],[79.94438031700653,72.11406809233088],[79.84801214627014,72.13191404987444],[79.80161265665626,72.15689839043628],[79.74807478402508,72.13548324138442],[79.6338606557455,72.1640367734535],[79.66955257083268,72.18902111401437],[79.62315308121882,72.22828222061074],[79.55176925104443,72.21400545457621],[79.47324703785203,72.22471302910253],[79.41970916522085,72.2568357526816],[79.33404856901035,72.2425589866475],[79.26623393034463,72.27825090173336],[79.17700414262626,72.28895847625968],[79.04494405680268,72.30323524229422],[78.99140618417069,72.33178877436517],[78.89146882192652,72.31037362531153],[78.8165158002427,72.32465039134784],[78.74513197006752,72.32108119983786],[78.66660975687512,72.31394281682063],[78.57024158613953,72.31751200833062],[78.4417506918246,72.2925276677679],[78.46316584087717,72.26397413569882],[78.43461230880729,72.22471302910253],[78.34181332957955,72.19199544027289],[78.21332243526453,72.1539240641796],[78.1786986004557,72.10688582854256],[78.12159153631595,72.08547067948982],[78.1382477633573,72.04739930339653],[78.12635045832796,72.01408684931535],[78.18821644447902,71.96411816819274],[78.10731477028132,71.97839493422728],[78.04544878412956,72.01170738831023],[77.98358279797762,72.0735733744605],[77.90268112378001,72.0902296015029],[77.85747136466878,72.1259215165892],[77.71946262633045,72.14257774363072],[77.66949394520873,72.17113127569971],[77.57431550497498,72.20682319078787],[77.57431550497498,72.25679187191058],[77.64331987414405,72.29724270900898],[77.65759664017939,72.31865785806261],[77.70756532130193,72.34007300711437],[77.70756532130193,72.36386761717311],[77.74563669739511,72.38052384421277],[77.8193999885755,72.42335414231816],[77.72422154834256,72.45190767438812],[77.65997610118549,72.42335414231816],[77.52434682385245,72.41621575930094],[77.48865490876527,72.39955953225942],[77.51244951882393,72.37100600019043],[77.40775323456685,72.30200163102108],[77.40775323456685,72.27582755995722],[77.34826670942101,72.2234794178294],[77.3411283264037,72.18778750274123],[77.42678892261341,72.15685450966517],[77.47199868172473,72.1306804386013],[77.49103436977127,72.08547067948982],[77.35540509243904,72.02836361534989],[77.27450341824063,72.01408684931535],[77.26022665220529,71.96649762919972],[77.20787851007756,71.95697978517542],[77.13411521889637,71.96411816819274],[77.05321354469868,71.95697978517542],[76.96041456547094,71.96887709020484],[76.8652361252379,71.98315385623938],[76.8200263661266,72.03074307635687],[76.71295062086432,72.03074307635687],[76.6629819397418,72.09736798452012],[76.61301325862007,72.11640367256676],[76.62015164163738,72.15923397067039],[76.41075907312396,72.20682319078787],[76.35841093099614,72.26630971593292],[76.41789745614199,72.30676055303319],[76.35127254797811,72.36624707817823],[76.28702710082105,72.41145683728884],[76.3060627888676,72.42335414231816],[76.3869644630661,72.46142551841243],[76.3869644630661,72.47808174545209],[76.28940656182706,72.48759958947629],[76.16329512851814,72.49711743349873],[76.11808536940683,72.5280504265747],[76.15139782348881,72.55184503663354],[76.25133518573386,72.5732601856853],[76.29178602283227,72.5827780297095],[76.23229949768731,72.63512617183733],[76.14187997946549,72.68747431396515],[76.09191129834305,72.75885814413962],[76.0704961492904,72.82310359129765],[76.16091566751213,72.8516571233686],[76.189469199582,72.88496957744978],[76.14425944047159,72.9373177195775],[76.05859884426107,72.97063017365869],[76.05621938325586,73.00632208874686],[76.11808536940683,73.04439346484014],[76.21326380963987,73.06104969188166],[76.27037087378042,73.0753264579162],[76.24181734171054,73.09674160696797],[76.12998267443616,73.09674160696797],[76.02290692917389,73.11101837300251],[75.93962579396938,73.12529513903971],[75.84920627574846,73.09198268495587],[75.84206789273034,73.070567535904],[75.76354567953794,73.04439346484014],[75.73499214746806,73.0205988547814],[75.53511742297876,73.00870154975198],[75.35665784754131,73.00156316673475],[75.12347066897003,73.0253577767935],[74.92121648347472,73.0158399327693],[74.81414073821236,73.0158399327693],[74.68089092188542,73.03725508182292],[74.61188655271624,73.02773723779862],[74.50243134644788,73.03487562081594],[74.34538692006308,73.05867023087468],[74.31207446598198,73.03249615981072],[74.34062799805177,73.00870154975198],[74.40963236722094,72.99204532271231],[74.4286680552675,72.97300963466567],[74.48101619739603,72.95873286862937],[74.61664547472836,72.94683556360181],[74.7189622979786,72.93493825857239],[74.795105050165,72.93969718058273],[74.84745319229354,72.9373177195775],[74.9497700155446,72.91828203153086],[75.06636360483019,72.91590257052574],[75.18533665512189,72.91590257052574],[75.31620701044201,72.89924634348422],[75.3875908406172,72.87545173342548],[75.45183628777426,72.82548305230287],[75.52084065694342,72.74696083911296],[75.5065638909089,72.70888946301878],[75.54225580599608,72.6708180869255],[75.54225580599608,72.61609048379069],[75.63505478522382,72.5780191076974],[75.76116621853274,72.53042988757991],[75.86348304178298,72.51139419953327],[75.91821064491754,72.45428713539334],[75.89203657385295,72.43525144734848],[75.73499214746806,72.41859522030606],[75.68502346634554,72.39480061025007],[75.7159564594215,72.36148815616613],[75.75402783551462,72.35434977314891],[75.89441603485896,72.37100600019043],[75.97055878704535,72.39004168823708],[76.01576854615658,72.36386761717311],[75.994353397104,72.34007300711437],[76.05146046124376,72.32103731906773],[76.0276658511851,72.29010432599166],[76.03956315621443,72.2544124109036],[76.0300453121911,72.23061780084662],[76.14187997946549,72.10688582854256],[76.09904968136028,72.06405553043805],[76.10142914236629,72.03788145937419],[76.22278165366319,72.01646631032057],[76.16329512851814,71.9902922392566],[76.19898704360533,71.97125655120996],[76.32985739892626,71.97601547322206],[76.51069643536901,71.96887709020484],[76.56542403850275,71.92366733109434],[76.5463883504562,71.88797541600617],[76.62015164163738,71.85942188393709],[76.65346409571848,71.82372996884892],[76.62015164163738,71.79517643677994],[76.55828565548553,71.78089967074354],[76.508316974363,71.7594845216909],[76.54400888945091,71.72141314559761],[76.50355805235169,71.6904801525243],[76.34175470395488,71.72855152861571],[76.1823308165647,71.73568991163303],[76.15377728449482,71.766622904709],[76.20374596561655,71.79755589778506],[76.19184866058802,71.81421212482658],[75.98245609207468,71.80231481979716],[75.88727765184164,71.82372996884892],[75.76592514054394,71.80231481979716],[75.62077801918848,71.80231481979716],[75.51370227392611,71.8213505078438],[75.44945682676905,71.86180134494221],[75.45659520978636,71.89273433801827],[75.4280416777164,71.94746194115308],[75.47801035883893,71.96887709020484],[75.57556826007797,71.98791277825148],[75.6636083172937,71.99743062227392],[75.63743424622902,72.02122523233267],[75.58270664309528,72.03550199836721],[75.5493941890133,72.0735733744605],[75.5541531110254,72.10688582854256],[75.51370227392611,72.14971612664795],[75.53035850096674,72.21158211279997],[75.49466658587956,72.28296594297444],[75.45183628777426,72.3043810920262],[75.40900598966985,72.33769354610925],[75.31620701044201,72.4090773762846],[75.33048377647745,72.45666659639934],[75.30193024440749,72.48284066746419],[75.29241240038417,72.5280504265747],[75.16868042808053,72.62084940580279],[75.27575617334281,72.66605916491339],[75.21864910920307,72.73030461207054],[75.21626964819697,72.79217059822169],[75.11871174695793,72.83975981833918],[75.04970737778885,72.83975981833918],[74.99260031364909,72.83262143532195],[74.94739055453859,72.8421392793443],[74.77606936211916,72.85641604537884],[74.72372121999062,72.87783119443246],[74.66185523383878,72.86355442839616],[74.61426601372226,72.84927766236162],[74.6404400847862,72.81596520827955],[74.81889966022366,72.77075544916895],[74.90931917844539,72.68747431396515],[74.97356462560245,72.58991641272682],[74.9545289375558,72.51139419953327],[75.01639492370775,72.4090773762846],[75.07112252684149,72.37576492220253],[75.07112252684149,72.33055516309017],[75.1139528249468,72.29486324800386],[75.14012689601057,72.24489456688116],[75.08064037086481,72.18302858072913],[75.09491713690015,72.16161343167737],[75.08301983187083,72.11164475055378],[74.97594408660846,72.0735733744605],[74.8736272633574,72.07595283546836],[74.78082828413046,72.07119391345528],[74.64757846780424,72.05929660842595],[74.5904714036636,72.03074307635687],[74.49053404141935,72.00694846629813],[74.45246266532615,71.98553331724636],[74.35966368609841,71.94746194115308],[74.34776638106908,71.90701110405281],[74.37394045213375,71.87607811097675],[74.32159231000522,71.86180134494221],[74.2787620119,71.87131918896651],[74.20499872071962,71.87131918896651],[74.2335522527895,71.9046316430477],[74.1954808766963,71.940323558134],[74.06461052137527,71.92604679209946],[73.89328932895594,71.91414948707003],[73.76479843464101,71.90701110405281],[73.6410664623381,71.87607811097675],[73.60537454725012,71.84038619589045],[73.4816425749472,71.79993535879018],[73.39360251773148,71.7618639826969],[73.3555311416383,71.69523907453365],[73.3602900636495,71.65240877643012],[73.33173653157964,71.6309936273765],[73.35315168063228,71.57388656323657],[73.25321431838724,71.52629734312085],[73.15089749513689,71.4620518959637],[73.11282611904369,71.44063674691007],[73.12948234608432,71.40494483182377],[73.18420994921806,71.40494483182377],[73.31270084353308,71.3621145337174],[73.34363383660896,71.34545830667864],[73.41977658879536,71.34307884567076],[73.46022742589456,71.30738693058446],[73.49829880198776,71.29548962555513],[73.54112910009306,71.27407447650151],[73.57206209316894,71.20507010733402],[73.54826748311028,71.16937819224586],[73.58871832020957,71.13130681615257],[73.68389676044252,71.10989166710081],[73.7576600516237,71.08371759603509],[73.87901256292061,71.09323544005929],[73.91470447800859,71.07419975201265],[74.09792297545725,71.07419975201265],[74.17882464965575,71.0504051419539],[74.26448524586537,71.00995430485452],[74.30731554396988,70.96712400675189],[74.29541823894135,70.95046777970947],[74.3096950049759,70.93381155266795],[74.38345829615707,70.9195347866334],[74.4286680552675,70.90049909858676],[74.41439128923216,70.86718664450568],[74.30255662195866,70.84339203444684],[74.2787620119,70.8291152684124],[74.17406572764365,70.82673580740541],[74.13599435155045,70.81959742438809],[74.15740950060311,70.79342335332423],[74.10506135847457,70.76486982125515],[74.13361489054445,70.7315573671722],[74.2335522527895,70.6839681470556],[74.2740030898887,70.64113784895109],[74.23593171379551,70.58878970682238],[74.28590039491803,70.52930318167724],[74.2311727917835,70.45791935150287],[74.1931014156903,70.40557120937504],[74.14551219557377,70.36749983328176],[74.05271321634595,70.2913570810942],[73.97181154214834,70.22473217293194],[73.88377148493262,70.19855810186621],[73.89804825096715,70.12241534967964],[73.92660178303711,70.08910289559846],[73.88853040694383,70.0581699025224],[73.84570010883942,70.01533960441887],[73.84094118682741,69.9796476893307],[73.88377148493262,69.932058469215],[73.90042771197317,69.87495140507417],[73.8742536409093,69.83450056797577],[73.83142334280409,69.73694266673557],[73.69341460446584,69.67507668058354],[73.65772268937864,69.65366153153168],[73.67675837742529,69.59179554537965],[73.7148297535184,69.5394474032537],[73.79097250570479,69.50137602715952],[73.82666442079278,69.45854572905414],[73.91470447800859,69.42999219698319],[73.97657046415955,69.38240297686757],[73.97657046415955,69.3514699837915],[74.04557483332873,69.28246561462215],[74.04557483332873,69.19918447941748],[74.01940076226485,69.17776933036562],[74.05509267735205,69.14683633728966],[74.08840513143393,69.13018011025],[74.17644518864965,69.05165789705644],[74.21689602574887,69.03024274800468],[74.28352093391202,69.04689897504434],[74.36204314710442,69.05879628007366],[74.4358064382848,69.09924711717393],[74.46435997035476,69.14445687628454],[74.54526164455318,69.15635418131386],[74.65233738981554,69.15159525930176],[74.7498952910545,69.1611131033242],[74.84745319229354,69.14921579829664],[74.94501109353259,69.14921579829664],[75.06636360483019,69.19204609640016],[75.15440366204601,69.19204609640016],[75.29479186138946,69.18490771338294],[75.34000162050067,69.19918447941748],[75.3542783865353,69.24201477752375],[75.31382754943601,69.28722453663435],[75.24720264127293,69.3514699837915],[75.27575617334281,69.36336728882092],[75.32096593245413,69.3467110617794],[75.3542783865353,69.32053699071544],[75.41376491168106,69.3015013026688],[75.50180496889678,69.23725585551077],[75.68026454433424,69.24439423852887],[75.84444735373644,69.24439423852887],[75.88489819083564,69.22297908947623],[76.05146046124376,69.22535855048223],[76.15853620650613,69.24439423852887],[76.22516111466919,69.28008615361703],[76.42741530016451,69.27056830959283],[76.49166074732237,69.27056830959283],[76.56304457749755,69.27532723160493],[76.701053315835,69.28722453663435],[76.78909337305072,69.3110191466931],[76.88903073529576,69.34909052278638],[77.0698697717393,69.37050567183815],[77.1055616868264,69.39667974290201],[77.2578471912,69.40619758692631],[77.4244094616082,69.41571543094865],[77.54338251189901,69.38478243787269],[77.67901178923125,69.36098782781394],[77.82891783259882,69.31577806870334],[77.89078381875068,69.23725585551077],[77.93599357786118,69.11590334421359],[77.96454710993106,69.08497035113763],[78.05734608915888,69.042140053034]]]]}},{"type":"Feature","properties":{"kind":"district","id":"uyezd-1897-584","name":"Тазовский участок","provinceId":"gubernia-1897-96"},"geometry":{"type":"MultiPolygon","coordinates":[[[[77.97406495395474,65.08033747832725],[78.02187392583453,65.07824289059866],[78.18962592674548,65.14605752926403],[78.2788557144643,65.12464238021128],[78.32525520407825,65.08895046512498],[78.37165469369141,65.08538127361588],[78.44303852386614,65.06396612456412],[78.52156073705916,65.05682774154592],[78.72857384456577,65.09965803965042],[78.8106652492671,65.07110450758046],[78.93915614358238,65.05325855003682],[79.15687682561568,65.07824289059866],[79.70296312645347,65.13178076322949],[80.46677010932527,65.19602621038761],[80.78085896209487,65.21030297642118],[81.1877467940915,65.21744135943938],[81.53752756194926,65.21387216793028],[81.90158509584103,65.21387216793028],[82.00152245808563,65.17818025284309],[82.2477966721888,65.14962672077313],[82.32274969387264,65.19959540189485],[82.23708909766302,65.2781176150884],[82.50834765232767,65.29596357263196],[82.8902511437636,65.30667114715837],[83.30784655028691,65.33879387073645],[83.9788545539308,65.4030393178937],[84.43214187554148,65.41374689242092],[84.69983123869712,65.42088527543724],[85.03136947217614,65.4016512989747],[85.33831994192825,65.38677966768772],[85.43111892115536,65.38677966768772],[85.5025027513309,65.39034885919682],[85.55604062396154,65.38677966768772],[85.61314768810209,65.42604077428312],[85.68810070978512,65.43674834881043],[85.7059466673292,65.47244026389673],[85.84514513617027,65.52240894502032],[85.87369866824015,65.56880843463384],[86.0271739031162,65.57237762614204],[86.10212692480005,65.59022358368568],[86.15923398893979,65.65446903084373],[86.3519703304124,65.71157609498366],[86.40550820304306,65.75797558459725],[86.51258394830586,65.76154477610547],[86.60538292753297,65.75440639308815],[86.6731975661994,65.80794426571897],[86.84451875861875,65.83292860628171],[86.93731773784666,65.82222103175538],[87.0087015680214,65.84720537231624],[87.13362327082748,65.85791294684168],[87.22285305854629,65.85434375533258],[87.30851365475591,65.85434375533258],[87.38703586794814,65.84006698929804],[87.55478786885918,65.8614821383499],[87.59404897545565,65.84006698929804],[87.71540148675264,65.84006698929804],[87.81533884899804,65.8757589043862],[87.85103076408532,65.8650513298589],[87.85485074012144,65.8370519536211],[87.92980376180518,65.8370519536211],[88.00118759198035,65.86917467720104],[88.07257142215552,65.95840446491916],[88.03687950706754,66.00480395453266],[87.94051133633194,66.04763425263806],[87.78703610145571,66.02978829509352],[87.59073056847417,66.0190807205672],[87.45867048265059,66.03692667811085],[87.43011695058073,66.14400242337338],[87.45510129114203,66.21895544505695],[87.54076188735255,66.23323221109327],[87.59429975998363,66.22609382807427],[87.61928410054495,66.26892412617966],[87.59073056847417,66.2974776582505],[87.42297856756349,66.38313825445951],[87.2659341411786,66.45452208463398],[87.1017513317765,66.48307561670394],[86.8055084365508,66.45095289312576],[86.56280341395629,66.43667612709122],[86.48071200925433,66.45809127614298],[86.5092655413251,66.54375187235385],[86.51997311585099,66.61513570252832],[86.6056337120607,66.63655085158008],[86.73412460637562,66.6472584261064],[86.83763116012933,66.65796600063273],[86.86261550069064,66.72934983080906],[86.79837005353268,66.79002608645712],[86.71270945732297,66.90067102322884],[86.71984784034109,66.95777808736788],[86.67701754223587,67.01845434301593],[86.70557107430575,67.08983817319218],[86.71627864883163,67.1862063439276],[86.69129430827041,67.25402098259384],[86.51283473283375,67.26472855711928],[86.3879130300274,67.33611238729463],[86.34865192343075,67.44675732406539],[86.37363626399207,67.5466946863116],[86.45929686020257,67.60380175045152],[86.55923422244683,67.70730830420416],[86.59135694602615,67.76441536834409],[86.59492613753481,67.82152243248402],[86.51997311585099,67.90004464567757],[86.39148222153605,67.97142847585204],[86.31296000834365,68.00355119943012],[86.309390816835,68.07493502960459],[86.35579030644887,68.12133451921908],[86.44145090265859,68.178441583359],[86.50212715830699,68.24625622202437],[86.43788171114993,68.32834762672702],[86.32009839136089,68.37831630784787],[86.30225243381777,68.49966881914592],[86.22729941213395,68.56034507479397],[86.03813226217052,68.621021330443],[85.84182672918908,68.67455920307472],[85.77758128203202,68.74594303324918],[85.72047421789226,68.78520413984644],[85.69905906883962,68.86729554454635],[85.82398077164588,68.94581775773892],[85.8917954103116,68.97437128980978],[85.98102519803078,69.02433997093071],[85.96317924048678,69.063601077527],[85.79542723957601,69.13498490770235],[85.66693634526108,69.16710763128141],[85.67050553676965,69.22778388693044],[85.78115047354068,69.29916771710491],[85.88108783578572,69.35270558973662],[85.80970400561054,69.40981265387654],[85.62410604715578,69.45264295198017],[85.52059949340216,69.5097500161201],[85.42066213115703,69.5240267821564],[85.20294144912381,69.62753333590895],[85.03518944821305,69.69891716608528],[84.8924217878627,69.70248635759252],[84.76750008505722,69.70248635759252],[84.6996854463907,69.65965605948801],[84.49624153039196,69.57756465478634],[84.31421276344665,69.50618082461187],[84.19286025214903,69.5097500161201],[84.03938501727279,69.50618082461187],[83.96800118709842,69.5133192076291],[83.86449463334472,69.45978133499916],[83.83237190976538,69.49904244159465],[83.89304816541458,69.54901112271726],[83.76812646260832,69.57756465478634],[83.70388101545117,69.62396414439995],[82.63669275433583,69.59897980383997],[81.65516508943092,69.5597186972427],[81.25541564045152,69.54544193120816],[80.71646772263122,69.49547325008555],[79.9954910378641,69.39910507935022],[79.03180933050318,69.2456298444731],[78.41433919949048,69.12784652468513],[78.05734608915888,69.042140053034],[78.13348884134528,68.96599730084743],[78.31194841678273,68.93030538575927],[78.34526087086383,68.88747508765388],[78.44281877210287,68.83512694552793],[78.50468475825473,68.83750640653216],[78.53561775133069,68.79705556943375],[78.5379972123367,68.76612257635769],[78.49754637523749,68.76136365434559],[78.53561775133069,68.72567173925742],[78.55703290038325,68.67094413612448],[78.60938104251099,68.64001114304851],[78.59034535446443,68.5900424619258],[78.54989451736523,68.50914078772713],[78.58320697144721,68.4092034254827],[78.54751505636003,68.37589097140152],[78.52847936831338,68.25929738211468],[78.4594749991442,68.2212260060214],[78.45471607713219,68.19029301294543],[78.56417128340057,68.06180211863192],[78.63555511357575,68.03562804756805],[78.67362648966893,68.00945397650233],[78.70218002173881,67.9666236783987],[78.72359517079147,67.92379338029332],[78.75690762487255,67.87858362118281],[78.74976924185533,67.823856018048],[78.70931840475603,67.79768194698404],[78.66410864564561,67.7762667979314],[78.65459080162229,67.75009272686744],[78.60462212049977,67.71915973379147],[78.53323829032459,67.69298566272751],[78.47613122618485,67.65729374763944],[78.4118857790277,67.647775903617],[78.29529218974139,67.62874021557036],[78.2548413526429,67.5978072224943],[78.27149757968344,67.55973584640101],[78.25008243063088,67.52880285332505],[78.221528898561,67.47883417220234],[78.15014506838583,67.40982980303397],[78.12872991933318,67.36937896593557],[78.1786986004557,67.28133890871958],[78.2548413526429,67.24326753262629],[78.32384572181198,67.23137022759697],[78.43330092807955,67.23612914960907],[78.53085882931859,67.22661130558477],[78.64269349659297,67.20757561753813],[78.77118439090798,67.21471400055545],[78.89015744119959,67.21471400055545],[79.0138894135025,67.20281669552602],[78.98057695942052,67.18853992949148],[78.89015744119959,67.17902208546914],[78.79735846197175,67.18616046848636],[78.66886756765683,67.16712478043972],[78.56417128340057,67.16950424144484],[78.38809116896913,67.15760693641552],[78.35001979287593,67.14333017038098],[78.39285009098035,67.12905340434644],[78.46661338216153,67.13143286535156],[78.50706421926081,67.12191502132922],[78.55703290038325,67.10049987227559],[78.66172918463961,67.06718741819353],[78.71883624877935,67.06718741819353],[78.82353253303572,67.05766957417109],[78.9353672003101,67.04101334712956],[79.01864833551372,67.02197765908292],[79.15903653485796,67.00770089304838],[79.23755874805046,66.97200897796031],[79.43981293354577,66.99104466600696],[79.53737083478481,67.0148392760657],[79.66110280708851,67.00770089304838],[79.83242399950785,67.01721873707268],[79.93236136175291,66.9791473609794],[80.13699500825422,66.95535275092065],[80.29403943463912,66.92679921884971],[80.4106330239247,66.90300460879283],[80.53912391823972,66.89586622577374],[80.67713265657797,66.88396892074618],[80.81038247290411,66.86731269370466],[80.90318145213193,66.87207161571676],[81.0459491124814,66.84827700565802],[81.1220918646678,66.82448239559928],[81.19109623383696,66.82210293459416],[81.25772114200004,66.80544670755263],[81.4076271853676,66.80782616855961],[81.65985005198544,66.7959288635302],[81.67888574003209,66.77927263648867],[81.6051224488517,66.76975479246633],[81.51232346962388,66.76737533145935],[81.38383257530975,66.76737533145935],[81.22202922691284,66.75547802642993],[81.160163240761,66.76499587045423],[81.0863999495807,66.76499587045423],[81.04119019047019,66.78403155850087],[80.88414576408529,66.77451371447657],[80.76041379178159,66.75785748743691],[80.67475319557187,66.71978611134274],[80.53436499622762,66.70788880631332],[80.35114649877895,66.6555406641855],[80.25596805854592,66.65316120318037],[80.19886099440616,66.62698713211651],[80.127477164231,66.60795144406987],[79.9680532768401,66.5675006069696],[79.88239268063037,66.51991138685388],[79.82052669447853,66.45804540070185],[79.75152232531016,66.35810803845654],[79.73724555927491,66.31765720135715],[79.78483477939133,66.29148313029329],[79.8490802265492,66.29148313029329],[79.87049537560105,66.27958582526387],[79.70869202720495,66.20106361207218],[79.68489741714629,66.16537169698401],[79.71820987122827,66.14395654793225],[79.78959370140345,66.13919762592015],[79.82052669447853,66.11778247686838],[79.74200448128693,66.11064409385106],[79.73724555927491,66.0844700227872],[79.82528561649063,66.06305487373358],[79.76341963033869,66.04639864669392],[79.74914286430423,66.02022457562819],[79.78959370140345,66.00118888758333],[79.88001321962437,65.99642996557033],[79.9704327378461,65.99167104355823],[80.10130309316712,65.98929158255301],[80.19410207239406,65.9345639794183],[80.27976266860458,65.88459529829746],[80.37732056984353,65.87745691527837],[80.40349464090748,65.84176500019207],[80.4843963151059,65.8155909291281],[80.57957475533892,65.78703739705726],[80.6414407414907,65.75134548197096],[80.71520403267117,65.76324278699852],[80.76517271379369,65.74896602096398],[80.80086462888087,65.72279194990001],[80.87700738106727,65.72517141090523],[80.93411444520783,65.71327410587767],[81.05784641751073,65.72279194990001],[81.11495348165057,65.70613572285859],[81.11495348165057,65.67758219078863],[81.15540431874977,65.6680643467653],[81.23630599294818,65.68710003481195],[81.28627467407071,65.65854650274198],[81.34576119921576,65.6680643467653],[81.38383257530975,65.66330542475497],[81.39572988033828,65.63713135369012],[81.46711371051346,65.64902865872044],[81.63367598092158,65.62285458765656],[81.716957116126,65.59905997759684],[81.7645463362425,65.5752653675381],[81.88113992552819,65.55860914049843],[82.00249243682501,65.49912261535152],[82.17381362924523,65.49436369334128],[82.1976082393031,65.45867177825312],[82.1214654871167,65.42535932417194],[82.10718872108217,65.37301118204235],[82.14526009717535,65.29448896885056],[82.20474662232121,65.24452028772883],[82.29040721853083,65.20644891163555],[82.24995638143172,65.17551591855958],[82.16667524622792,65.18027484057168],[82.03342542990097,65.19693106761135],[81.85734531546953,65.26831489778581],[81.70981873310797,65.31590411790242],[81.5599126897412,65.34921657198537],[81.47901101554278,65.40394417511831],[81.34100227720454,65.46105123925824],[81.23630599294818,65.52291722541027],[81.2029935388663,65.55385021848633],[81.10305617662124,65.57288590653297],[80.95790905526567,65.60857782162203],[80.82465923893953,65.60619836061416],[80.71282457166515,65.6252340486608],[80.49867308114042,65.62285458765656],[80.41777140694202,65.63237243167802],[80.2916599736331,65.62285458765656],[80.2512091365339,65.63951081469534],[80.17268692334142,65.63475189268412],[80.10606201517834,65.64664919771344],[79.97281219885211,65.6276135096668],[79.9299819007469,65.63713135369012],[79.86335699258383,65.63713135369012],[79.77293747436201,65.64664919771344],[79.63730819702985,65.64426973670744],[79.59447789892536,65.6680643467653],[79.52785299076149,65.69661787883615],[79.46360754360443,65.69185895682405],[79.4112594014758,65.72279194990001],[79.3755674863887,65.78227847504516],[79.31132203923156,65.80369362409878],[79.25897389710302,65.85128284421441],[79.19948737195726,65.87269799326803],[79.18283114491662,65.8941131423198],[79.11382677574754,65.90838990835434],[79.0971705487062,65.95835858947704],[79.02578671853182,65.96311751148914],[79.0138894135025,66.00594780959365],[78.89729582421681,66.01546565361697],[78.80687630599508,66.03688080266961],[78.79735846197175,66.05591649071626],[78.83305037705895,66.07733163976812],[78.81163522800719,66.12254139888049],[78.74738978084932,66.15347439195469],[78.71645678777335,66.20106361207218],[78.65697026262751,66.23199660514824],[78.69028271670949,66.29624205230539],[78.62841673055763,66.32003666236413],[78.49040799222018,66.30575989632783],[78.416644701039,66.30575989632783],[78.30481003376462,66.28910366928817],[78.19535482749704,66.27720636425875],[78.11921207530986,66.27720636425875],[78.00261848602426,66.28672420828119],[77.91219896780333,66.23675552716034],[77.91933735082056,66.17013061899611],[77.897922201768,66.1201619378735],[77.75753400242374,66.0749521787629],[77.63856095213285,66.04639864669392],[77.5410030508938,66.02260403663419],[77.51244951882393,65.97501481651857],[77.68139125023734,65.84890338320929],[77.64569933515007,65.75372494297608],[77.64807879615617,65.6204751266487],[77.55765927793435,65.55860914049843],[77.52434682385245,65.51101992038095],[77.56241819994565,65.42773878517706],[77.55290035592233,65.35159603299049],[77.84557405963946,65.23500244370463],[77.87650705271534,65.19217214559924],[77.86936866969812,65.16123915252504],[77.89316327975669,65.11602939341267],[77.97406495395474,65.08033747832725]]]]}},{"type":"Feature","properties":{"kind":"district","id":"uyezd-1897-585","name":"Верхне-Инбатский участок","provinceId":"gubernia-1897-96"},"geometry":{"type":"MultiPolygon","coordinates":[[[[77.97406495395474,65.08033747832725],[77.97406495395435,65.06368125128489],[77.93599357786115,65.01609203116908],[77.95027034389649,64.98277957708622],[77.92171681182663,64.95660550602226],[77.81464106656426,64.92091359093507],[77.7551545414184,64.86142706579002],[77.73135993135975,64.82097622868976],[77.7527750804125,64.72579778845646],[77.8131255743989,64.70063246951034],[77.8892683265853,64.64352540537129],[77.9654110787717,64.63638702235407],[78.03679490894677,64.63876648335919],[78.13673227119182,64.61021295128835],[78.1724241862791,64.57452103620196],[78.21287502337822,64.56738265318472],[78.24142855544818,64.55310588714842],[78.34612483970443,64.53407019910178],[78.39133459881575,64.47220421295151],[78.3699194497631,64.365128467688],[78.4103702868623,64.32943655260081],[78.49365142206602,64.32943655260081],[78.59120932330507,64.29374463751353],[78.58882986229983,64.25329380041512],[78.62452177738703,64.22711972935126],[78.64355746543359,64.16525374319914],[78.59358878431107,64.11528506207652],[78.64355746543359,64.0629369199487],[78.71256183460275,64.02486554385541],[78.7363564446606,63.967758479714604],[78.83867326791159,63.97965578474393],[78.91243655909204,63.94396386965586],[78.9243338641214,63.90351303255736],[79.0076149993258,63.8820978835056],[79.045686375419,63.83926758540021],[79.19559241878576,63.844026507412316],[79.23842271689108,63.78929890427751],[79.23128433387376,63.72505345712035],[79.35040871050856,63.677711267251674],[79.67401540730131,63.5040106138258],[79.92147935190766,63.33863807392024],[80.38309478703874,63.02930814316282],[80.7114604058435,62.796120964590926],[81.0160314145896,62.6057640841245],[81.1635579969509,62.51058564389226],[81.27301320321882,62.405889359634756],[81.48240577173189,62.26312169928494],[81.68228049622199,62.09655942887824],[81.87739629870018,61.96806853456295],[82.05347641313179,61.82530087421216],[82.21052083951597,61.70632782392207],[82.34852957785422,61.5397655535135],[82.39135987595942,61.44934603529239],[82.47226155015775,61.39699789316368],[82.52936861429768,61.33513190701254],[82.64834166458857,61.282783764883824],[82.72924333878697,61.15905179258065],[82.85671298965093,61.22131275577706],[82.96378873491375,61.25700467086523],[83.09584882073742,61.26414305388147],[83.17080184242124,61.306973351987835],[83.27787758768335,61.34980365009136],[83.26003163013927,61.385495565179525],[83.28144677919164,61.42118748026769],[83.3242770772973,61.424756671775015],[83.42421443954191,61.4711561613904],[83.48132150368174,61.54253999156397],[83.57055129140048,61.546109183072986],[83.6526426961018,61.510417267984906],[83.90962448473155,61.47829454440762],[84.32721989125406,61.39620313970505],[84.52709461574408,61.385495565179525],[84.60204763742792,61.35337284160046],[84.71269257419911,61.36764960763509],[84.77693802135634,61.342665267074224],[84.86973700058347,61.35694203310956],[84.89829053265333,61.41047990574039],[85.03035061847702,61.43546424630223],[85.17668747033558,61.53897080005487],[85.2552096835285,61.52112484251212],[85.43366925896534,61.56038594910753],[85.54788338724563,61.55324756609119],[85.59785206836798,61.606785438722014],[85.75489649475234,61.62820058777476],[85.87981819755852,61.624631396265656],[85.99403232583882,61.621062204756555],[86.08326211355683,61.65675411984472],[86.26172168899446,61.63533897079198],[86.36879743425646,61.58180109816115],[86.47587317951937,61.55681675760029],[86.51513428611503,61.56395514061663],[86.52227266913252,61.606785438722014],[86.59722569081636,61.65318492833562],[86.60079488232554,61.68173846040558],[86.61150245685134,61.706722800966446],[86.63648679741283,61.74955309907085],[86.72571658513164,61.79238339717634],[86.81494637284965,61.80666016321078],[86.90060696906008,61.842352078298944],[86.94343726716494,61.90302833394797],[87.02909786337456,61.928012674508835],[87.0862049275144,61.917305099982514],[87.14688118316333,61.93515105752704],[87.23254177937297,61.94585863205248],[87.31820237558338,61.963704589597],[87.4110013548105,61.94585863205248],[87.46810841895025,61.90659752545707],[87.4110013548105,61.87447480187801],[87.45740084442446,61.849490461317146],[87.50736952554672,61.849490461317146],[87.51093871705511,61.80309097170364],[87.47881599347693,61.781675822649916],[87.5216462915817,61.73170714152731],[87.5287846745992,61.66746169437104],[87.51450790856421,61.610354630231114],[87.78576646322895,61.59250867268659],[88.43892850932883,61.546109183072986],[88.76015574511663,61.51755565100302],[89.17418196013075,61.45687939535408],[89.56322383458411,61.428325863284115],[89.70599149493366,61.460448586863095],[89.92371217696686,61.49970969346036],[90.0807566033521,61.51755565100302],[90.11644851843938,61.54253999156397],[90.0807566033521,61.613923821740215],[90.16641719956174,61.66032331135382],[90.20567830615819,61.703153609457345],[90.29490809387693,61.74598390756371],[90.40198383913902,61.781675822649916],[90.46622928629625,61.767399056615474],[90.53404392496269,61.78524501415902],[90.58044341457665,61.73884552454551],[90.82314843717143,61.696015226440025],[90.88739388432867,61.65318492833562],[90.9480701399768,61.65318492833562],[91.03729992769563,61.688876843423785],[91.10511456636205,61.692446034930924],[91.10511456636205,61.73884552454551],[91.1693600135193,61.74955309907085],[91.24788222671143,61.73170714152731],[91.30855848236037,61.74955309907085],[91.2764357587821,61.79238339717634],[91.1693600135193,61.849490461317146],[91.24788222671143,62.010104079210606],[91.19077516257168,62.070780334859634],[91.19434435408078,62.1350257820159],[91.26929737576461,62.14573335654222],[91.39778827007918,62.12431820749046],[91.4977256323237,62.156440931069525],[91.60837056909499,62.26708586784028],[91.68689278228712,62.28850101689302],[91.8082452935849,62.26708586784028],[91.89033669828623,62.245670718786656],[91.95815133695186,62.27065505934938],[92.12590333786281,62.234963144261215],[92.22940989161651,62.19213284615583],[92.2436866576515,62.08505710089328],[92.3579007859318,62.02438084524425],[92.37574674347508,61.93872024903436],[92.52208359533364,61.917305099982514],[92.71481993680625,61.88875156791353],[92.78620376698099,61.82093692924718],[92.93254061883955,61.781675822649916],[93.02890878957577,61.78881420566724],[93.14312291785535,61.81379854622898],[93.23592189708327,61.79238339717634],[93.38225874894184,61.79595258868544],[93.46791934515146,61.767399056615474],[93.57499509041355,61.79952178019454],[93.7427470913253,61.80666016321078],[93.87480717714817,61.86019803584357],[93.95332939034111,61.924443482999735],[94.05683594409481,61.931581866017936],[94.14963492332193,61.90659752545707],[94.25314147707573,61.928012674508835],[94.55295356381035,61.924443482999735],[94.69215203265142,61.842352078298944],[94.79565858640512,61.853059652825365],[94.9205802892113,61.83521369528074],[95.0347944174908,61.853059652825365],[95.16328531180528,61.87090561036891],[95.2489459080158,61.86733641885981],[95.38100599383938,61.924443482999735],[95.48094335608398,61.90302833394797],[95.52377365418884,61.931581866017936],[95.59158829285528,61.99582731317429],[95.680818080574,62.01724246222783],[95.82715493243256,61.9529970150697],[95.85570846450244,61.87090561036891],[95.93423067769466,61.81736773773808],[96.04130642295667,61.80309097170364],[96.05558318899165,61.770968248124575],[96.01632208239599,61.71386118398465],[96.04844480597416,61.685307651914684],[96.13410540218467,61.696015226440025],[96.14481297671047,61.64247735381018],[96.23404276442928,61.5996470557039],[96.36610285025286,61.55681675760029],[96.39108719081364,61.51755565100302],[96.45890182947998,61.49257131044216],[96.45890182947998,61.41404909724949],[96.56954676625118,61.3319576925487],[96.65877655396999,61.27485062840877],[96.6516381709525,61.228451138795265],[96.70160685207485,61.20703598974154],[96.7587139162146,61.1963284152162],[96.7658522992321,61.16777488314624],[96.67662251151327,61.12137539353165],[96.71945280961893,61.078545095427245],[96.76228310772379,61.04999156335728],[96.83723612940673,61.067837520901804],[96.8729280444949,61.02857641430552],[96.90505076807317,60.97860773318281],[96.9692962152304,61.003592073743675],[97.02283408786185,60.97503854167371],[97.06209519445832,60.90365471149836],[97.02640327937095,60.87867037093838],[97.04424923691424,60.846547647359316],[97.09778710954568,60.82513249830578],[97.15132498217713,60.76802543416585],[97.21557042933438,60.75374866813122],[97.2976618340357,60.700210795500396],[97.37261485571872,60.685934029465955],[97.47612140947253,60.7037799870095],[97.55821281417384,60.66094968890509],[97.6295966443485,60.603842624765164],[97.74737996413718,60.59313505023786],[97.86159409241668,60.59670424174696],[97.9472546886272,60.607411816272304],[98.0471920508718,60.54673556062524],[97.99722336974953,60.47892092195801],[98.02934609332851,60.443229006871704],[98.1364218385906,60.41824466630898],[98.38269605269369,60.40396790027444],[98.45407988286843,60.386121942731776],[98.54687886209643,60.382552751222676],[98.61112430925358,60.31830730406455],[98.77530711865631,60.33615326160819],[98.87881367240922,60.28975377199458],[99.0037353752154,60.24692347389008],[99.16791818461805,60.257631048415604],[99.26785554686256,60.20409317578469],[99.35708533458138,60.16840126069661],[99.41062320721284,60.17197045220571],[99.47129946286097,60.20409317578469],[99.5426832930365,60.18624721824105],[99.59265197415876,60.150555303152885],[99.70686610243825,60.157693686171086],[99.80323427317457,60.18624721824105],[99.91744840145407,60.16483206918929],[100.07806201934761,60.150555303152885],[100.15658423254064,60.17197045220571],[100.33861299948656,60.17197045220571],[100.4028584466438,60.154124494661986],[100.45282712776606,60.16840126069661],[100.69196295885254,60.136278537119324],[100.77762355506225,60.11843257957578],[100.9596523220081,60.157693686171086],[101.1630962380065,60.13270934561022],[101.28087955779519,60.16483206918929],[101.42721640965375,60.12557096259202],[101.61995275112628,60.111294196556685],[101.77342798600233,60.10415581354026],[101.93761079540417,60.09701743052206],[102.07324007273685,60.05775632392675],[102.32308347834922,60.068463898452094],[102.47298952171609,60.03634117487303],[102.57649607546979,59.986372493751304],[102.65144909715372,59.986372493751304],[102.69427939525856,59.96495734469866],[102.81206271504716,59.96495734469866],[102.89058492823939,59.922127046593175],[103.05119854613294,59.89000432301607],[103.18682782346562,59.87215836547243],[103.38670254795483,59.85431240792791],[103.48307071869114,59.82575887585794],[103.57586969791825,59.74366747115626],[103.70436059223353,59.693698790034446],[103.8542666356004,59.68656040701633],[104.01488025349394,60.000649259786826],[104.15407872233502,60.31473811255553],[104.24687770156294,60.55744313515058],[104.35038425531664,60.73590271058856],[104.40035293643899,60.87510117942928],[104.48244434113951,60.99645369072556],[104.58238170338491,61.164205691637136],[104.67874987412122,61.36408041612776],[104.8072407684357,61.378357182161324],[105.02496145046891,61.460448586863095],[105.2391129409939,61.56752433212483],[105.2391129409939,61.62820058777476],[105.28908162211616,61.685307651914684],[105.31049677116863,61.78524501415902],[105.36760383530839,61.81736773773808],[105.38188060134408,61.863767227350706],[105.4568336230272,61.9101667169644],[105.51750987867605,61.928012674508835],[105.52464826169354,61.963704589597],[105.52464826169354,62.002965696192405],[105.57818613432508,62.04222680278869],[105.64956996449972,62.07434952636687],[105.64600077299053,62.14216416503321],[105.68883107109619,62.234963144261215],[105.72809217769185,62.29207020840016],[105.84230630597224,62.381299996119154],[105.82802953993726,62.41342271969822],[105.7923376248491,62.466960592329045],[105.81018358239318,62.50265250741721],[105.79590681635828,62.56689795457356],[105.89584417860289,62.64185097625713],[105.86729064653292,62.68111208285342],[105.81375277390237,62.702527231906075],[105.81732196541067,62.7239423809597],[105.85658307200723,62.773911062081424],[105.86372145502472,62.83815650923955],[105.84944468898973,62.88455599885316],[105.8779982210597,62.930955488465784],[105.91369013614697,62.95593982902753],[105.8815674125679,62.99520093562391],[105.8779982210597,63.04160042523742],[105.7673532842884,63.095138297868246],[105.77806085881411,63.14153778748194],[105.6745543050612,63.20935242614908],[105.64243158148223,63.26645949028901],[105.6709851135521,63.319997362919835],[105.57945577255184,63.3814481956051],[105.52234870841129,63.35646385504336],[105.42241134616704,63.35289466353426],[105.37244266504452,63.38858657862242],[105.27964368581678,63.399294153148745],[105.2689361112908,63.43141687672683],[105.18684470658975,63.45283202578047],[105.12616845094054,63.50280070690316],[105.01909270567818,63.52778504746314],[104.85847908778472,63.52778504746314],[104.78709525761035,63.56347696255122],[104.68715789536529,63.57418453707763],[104.56580538406769,63.638429984234776],[104.50512912841918,63.64199917574388],[104.49085236238385,63.67769109083018],[104.45516044729666,63.699106239883804],[104.36593065957838,63.6955370483747],[104.21245542470214,63.724090580443786],[104.1553483605624,63.724090580443786],[104.15891755207096,63.6919678568665],[104.12322563698386,63.66698351630386],[104.06254938133458,63.66698351630386],[103.98759635965074,63.702675431392024],[103.90193576344112,63.67412189932294],[103.78772163516143,63.66341432479564],[103.67350750688193,63.741936537989204],[103.66993831537248,63.83473551721542],[103.52003227200571,63.88827338984723],[103.38083380316401,63.89898096437267],[103.25234290884988,63.96679560303892],[103.17025150414803,64.0096259011443],[103.13099039755218,64.08100973131877],[103.0596065673771,64.08100973131877],[102.99536112021994,64.09885568886241],[102.9382540560802,64.08457892282787],[102.89185456646632,64.10599407187964],[102.78120962969531,64.12027083791595],[102.63844196934504,64.06673296528423],[102.53136622408277,64.03461024170517],[102.39216775524179,64.03104105019607],[102.2601076694182,64.06673296528423],[102.03881779587634,64.05959458226701],[101.97814154022704,64.14525517847592],[101.82823549686036,64.20236224261683],[101.82109711384304,64.2701768812822],[101.66048349594878,64.26660768977398],[101.57125370823042,64.21306981714227],[101.5212850271079,64.1809470935632],[101.50343906956469,64.1416859869678],[101.41064009033695,64.12027083791595],[101.32854868563581,64.1416859869678],[101.23218051489943,64.19879305110773],[101.15008911019837,64.20950062563405],[101.05372093946197,64.19165466809042],[100.96806034325226,64.1416859869678],[100.86455378949864,64.17380871054588],[100.7896007678156,64.23805415770313],[100.62898714992134,64.24876173223035],[100.55403412823831,64.30229960486214],[100.39342051034485,64.30229960486214],[100.31846748866103,64.2701768812822],[100.22566850943329,64.26660768977398],[100.06505489153975,64.18808547658229],[99.93299480571616,64.15596275300234],[99.77595037933136,64.15596275300234],[99.58321403785928,64.19879305110773],[99.36192416431741,64.19879305110773],[99.26912518508968,64.17380871054588],[99.04783531154773,64.15953194451144],[98.93362118326735,64.14882436998502],[98.85866816158351,64.11670164640694],[98.67307020312874,64.07387134830155],[98.5731328408845,64.03104105019607],[98.53030254277928,63.97393398605614],[98.38753488242982,63.92753449644351],[98.25190560509758,63.91325773040809],[98.12698390229131,63.88470419833813],[98.19122934944838,63.820458751180894],[98.21978288151826,63.791905219110035],[98.18052177492241,63.75621330402373],[98.0770152211687,63.75621330402373],[97.9984930079763,63.788336027601915],[97.90926322025801,63.791905219110035],[97.82003343253885,63.8311663257073],[97.68083496369795,63.83473551721542],[97.50594457976916,63.87399662381269],[97.30963904678842,63.85615066626906],[97.13474866285964,63.870427432303586],[97.0241037260887,63.80618198514635],[96.920597172335,63.81688955967276],[96.81709061858129,63.80618198514635],[96.69930729879304,63.80975117665368],[96.52798610637291,63.870427432303586],[96.35309572244482,63.87756581532082],[96.2495891686912,63.90611934738989],[96.17820533851594,63.91325773040809],[96.05328363570976,63.88470419833813],[95.94977708195675,63.90611934738989],[95.82842457065915,63.98107236907346],[95.75704074048397,63.97036479454802],[95.63211903767841,64.03461024170517],[95.47150541978425,64.04888700773971],[95.41439835564441,64.03817943321339],[95.21095443964644,64.05959458226701],[95.0753251623134,64.088148114336],[94.98252618308648,64.1381167954596],[94.8932963953681,64.25590011524766],[94.78978984161448,64.25590011524766],[94.72197520294787,64.23805415770313],[94.67557571333401,64.18808547658229],[94.5363772444932,64.20950062563405],[94.39004039263499,64.18808547658229],[94.2758262643546,64.20593143412495],[94.08308992288262,64.19165466809042],[94.00813690119878,64.18808547658229],[93.95459902856769,64.23091577468581],[93.80112379369146,64.25590011524766],[93.54414200506231,64.31657637089668],[93.35497485509819,64.35940666900207],[93.23362234380129,64.37725262654563],[93.12654659853892,64.4058061586147],[93.01590166176798,64.42722130766833],[92.9195334910316,64.38439100956293],[92.83744208633054,64.39509858408837],[92.74821229861136,64.44149807370286],[92.5197840420522,64.44506726521108],[92.42698506282446,64.43792888219376],[92.4055699137718,64.37725262654563],[92.32704770058011,64.34869909447477],[92.20569518928251,64.33799151994845],[92.20569518928251,64.39152939258017],[92.10218863552879,64.39509858408837],[91.98083612423109,64.43792888219376],[91.80951493181176,64.4486364567201],[91.62034778184834,64.43435969068555],[91.54182556865594,64.4522056482283],[91.39905790830558,64.4522056482283],[91.31696650360453,64.47718998878916],[91.12423016213253,64.4950359463328],[91.06712309799279,64.53429705292909],[90.92792462915189,64.57355815952636],[90.89937109708193,64.64137279819172],[90.48534488206728,64.7163258198752],[90.33900803020828,64.75558692647246],[90.23550147645456,64.83767833117237],[90.10344139063098,64.91263135285594],[90.01064241140405,64.9947227575585],[90.03562675196535,65.0839525452766],[89.97495049631685,65.15890556696105],[89.89642828312445,65.24099697166184],[89.88215151708911,65.305242418819],[89.94996615575563,65.34807271692439],[89.96781211329883,65.40517978106342],[89.94639696424699,65.45871765369425],[89.97495049631685,65.51225552632606],[89.96781211329883,65.58007016499143],[89.92141262368567,65.61576208008047],[89.87144394256323,65.67643833572853],[89.56092428130212,65.68714591025494],[89.43243338698719,65.73711459137756],[89.23969704551511,65.86560548569194],[89.08979100214762,65.90486659228735],[88.97557687386795,65.87631306021828],[89.00056121442925,65.82634437909566],[88.64721125506293,65.82634437909566],[88.47945925415215,65.81920599607835],[88.30813806173272,65.81206761306112],[88.25460018910164,65.76923731495485],[88.05472546461154,65.72640701685035],[87.92266537878795,65.7085610593067],[87.82629720805156,65.71926863383302],[87.77989771843839,65.74782216590388],[87.83343559106957,65.78708327250025],[87.85485074012144,65.8370519536211],[87.85103076408532,65.8650513298589],[87.81533884899804,65.8757589043862],[87.71540148675264,65.84006698929804],[87.59404897545565,65.84006698929804],[87.55478786885918,65.8614821383499],[87.38703586794814,65.84006698929804],[87.30851365475591,65.85434375533258],[87.22285305854629,65.85434375533258],[87.13362327082748,65.85791294684168],[87.0087015680214,65.84720537231624],[86.93731773784666,65.82222103175538],[86.84451875861875,65.83292860628171],[86.6731975661994,65.80794426571897],[86.60538292753297,65.75440639308815],[86.51258394830586,65.76154477610547],[86.40550820304306,65.75797558459725],[86.3519703304124,65.71157609498366],[86.15923398893979,65.65446903084373],[86.10212692480005,65.59022358368568],[86.0271739031162,65.57237762614204],[85.87369866824015,65.56880843463384],[85.84514513617027,65.52240894502032],[85.7059466673292,65.47244026389673],[85.68810070978512,65.43674834881043],[85.61314768810209,65.42604077428312],[85.55604062396154,65.38677966768772],[85.5025027513309,65.39034885919682],[85.43111892115536,65.38677966768772],[85.33831994192825,65.38677966768772],[85.03136947217614,65.4016512989747],[84.69983123869712,65.42088527543724],[84.43214187554148,65.41374689242092],[83.9788545539308,65.4030393178937],[83.30784655028691,65.33879387073645],[82.8902511437636,65.30667114715837],[82.50834765232767,65.29596357263196],[82.23708909766302,65.2781176150884],[82.32274969387264,65.19959540189485],[82.2477966721888,65.14962672077313],[82.00152245808563,65.17818025284309],[81.90158509584103,65.21387216793028],[81.53752756194926,65.21387216793028],[81.1877467940915,65.21744135943938],[80.78085896209487,65.21030297642118],[80.46677010932527,65.19602621038761],[79.70296312645347,65.13178076322949],[79.15687682561568,65.07824289059866],[78.93915614358238,65.05325855003682],[78.8106652492671,65.07110450758046],[78.72857384456577,65.09965803965042],[78.52156073705916,65.05682774154592],[78.44303852386614,65.06396612456412],[78.37165469369141,65.08538127361588],[78.32525520407825,65.08895046512498],[78.2788557144643,65.12464238021128],[78.18962592674548,65.14605752926403],[78.02187392583453,65.07824289059866],[77.97406495395474,65.08033747832725]]]]}},{"type":"Feature","properties":{"kind":"district","id":"uyezd-1897-594","name":"Усинский пограничный округ","provinceId":"gubernia-1897-96"},"geometry":{"type":"MultiPolygon","coordinates":[[[[90.41970283621785,52.01088770808204],[90.49046631441435,52.02973888565245],[90.56422960559465,52.05829241772241],[90.63323397476381,52.02973888565245],[90.69034103890357,51.97977020452895],[90.83072923824746,51.98690858754617],[90.90211306842299,51.90362745234326],[90.96397905457466,51.87745338127931],[91.22096084320363,51.87745338127931],[91.46604532680486,51.89648906932506],[91.57312107206687,51.79893116808584],[92.07042842228515,51.817966856132486],[92.26316476375766,51.85841769323267],[92.49159302031755,51.93456044541834],[92.65101690770827,51.97977020452895],[92.7890256460458,51.98690858754617],[93.00793605858264,52.07256918375695],[93.15308317993838,52.13205570890209],[93.18163671200834,52.23437253215252],[93.17925725100197,52.274823369251905],[93.30536868431089,52.453282944689796],[93.30536868431089,52.47469809374253],[92.88420408627928,52.49135432078308],[92.87887578574365,52.603373498534935],[92.83247629613041,52.64620379663935],[92.76109246595496,52.73543358435834],[92.6076172310789,52.763987116428304],[92.46841876223783,52.763987116428304],[92.39346574055472,52.72472600983113],[92.26497484623943,52.763987116428304],[92.03654658967955,52.78183307397106],[91.93304003592584,52.753279541901094],[91.82596429066373,52.763987116428304],[91.67605824729688,52.753279541901094],[91.46547594828027,52.73543358435834],[91.30486233038673,52.73900277586744],[91.15495628701986,52.68903409474483],[91.03717296723117,52.63906541362124],[91.00148105214389,52.57838915797399],[90.90511288140759,52.549835625904024],[90.84086743425034,52.514143710815944],[90.85514420028524,52.48202098723688],[90.7873295616189,52.442759880641475],[90.70523815691757,52.43562149762327],[90.69096139088259,52.39992958253511],[90.64456190126944,52.371376050465145],[90.60530079467297,52.307130603308885],[90.57674726260309,52.27500787972982],[90.55176292204152,52.27143868822169],[90.52677858148074,52.24288515615085],[90.46253313432271,52.214331624080884],[90.44468717677942,52.13224021938],[90.41970283621785,52.01088770808204]]]]}},{"type":"Feature","properties":{"kind":"district","id":"uyezd-1897-828","name":"Красноярский","provinceId":"gubernia-1897-96"},"geometry":{"type":"MultiPolygon","coordinates":[[[[91.91601525818457,57.017516389601965],[91.85769043740832,56.91773287893923],[91.83627528835585,56.87490258083385],[91.86125962891663,56.80351875065938],[91.92550507607466,56.74284249501035],[91.93978184210964,56.66788947332678],[91.91122831003968,56.65004351578412],[91.89338235249559,56.59650564315143],[91.85769043740832,56.56438291957423],[91.82199852232087,56.485860706381565],[91.79701418175938,56.460876365818834],[91.7684606496895,56.400200110171674],[91.6792308619707,56.34666223753996],[91.63283137235753,56.232448109260105],[91.61498541481345,56.18604861964562],[91.58286269123438,56.12894155550657],[91.6792308619707,56.125372363998366],[91.95048941663535,56.125372363998366],[91.8898131609873,56.004019852699415],[91.83984447986424,55.91479006498229],[91.80058337326848,55.8219910857542],[91.8898131609873,55.64353151031631],[92.02544243831927,55.614977978246344],[92.22531716280928,55.618547169755445],[92.4287610788076,55.64710070182541],[92.70715801648974,55.700638574456235],[92.71072720799813,55.63282393579087],[92.81066457024353,55.582855254669056],[92.82851052778673,55.55073253109008],[92.82494133627851,55.49719465845827],[92.8713408258916,55.45436436035288],[92.8570640598567,55.42224163677568],[92.88918678343576,55.37227295565298],[92.8713408258916,55.34728861509025],[92.91060193248815,55.31159670000395],[93.04266201831173,55.32587346603849],[93.1854296786611,55.24735125284592],[93.39244278616869,55.13829262341184],[93.43884227578256,55.18469211302545],[93.53877963802725,55.2596451347099],[93.57090236160623,55.3952744120425],[93.6173018512194,55.384566837515194],[93.67083972385083,55.459519859198764],[93.73508517100808,55.459519859198764],[93.79576142665692,55.44881228467332],[93.85643768230587,55.5237653063568],[94.03132806623431,55.5273344978659],[94.00634372567274,55.559457221444966],[94.02418968321682,55.620133477092125],[93.94566747002469,55.63441024312765],[93.98492857662035,55.75219356291748],[93.94209827851549,55.79859305253011],[93.90997555493652,55.8878228402491],[93.94923666153298,56.03059050059804],[93.89569878890163,56.0234521175817],[93.92068312946311,56.24117279961499],[93.9385290870072,56.380371268456685],[93.9278215124806,56.48030863070112],[93.84929929928846,56.548123269366485],[93.87785283135825,56.58381518445367],[93.82431495872689,56.67304497217355],[93.73508517100808,56.69802931273441],[93.7029624474299,56.76227475989067],[93.65299376630756,56.7801207174352],[93.61730185122019,56.8300893985579],[93.57090236160623,56.8300893985579],[93.47810338237903,56.88005807967963],[93.43170389276516,56.88362727118873],[93.39244278616869,56.922888377785995],[93.39244278616869,57.001410590977684],[93.4543367984537,57.06391587921459],[93.38295296827852,57.08890021977554],[93.29729237206881,57.09603860279277],[93.18664743529787,57.08890021977554],[93.07957169003551,57.092469411285535],[93.00461866835177,57.1138845603373],[92.96178837024647,57.092469411285535],[92.84757424196688,57.08176183675823],[92.84043585894965,57.142438092406366],[92.66554547502076,57.12459213486362],[92.42640964393482,57.08890021977554],[92.21225815341027,57.05677749619737],[91.91601525818457,57.017516389601965]]]]}}]}
