{"type":"FeatureCollection","features":[{"type":"Feature","properties":{"kind":"province","id":"gubernia-1897-75","name":"Тверская губерния"},"geometry":{"type":"MultiPolygon","coordinates":[[[[37.48627340666116,57.96921892148388],[37.46604798811134,58.00966975858317],[37.48389394565533,58.015618411096504],[37.49341178967865,58.04655140417346],[37.48270421515277,58.06082817020799],[37.46604798811134,58.06320763121311],[37.455340413585546,58.08700224127274],[37.47318637112954,58.091761163283074],[37.50055017269605,58.12864280887425],[37.5267242437601,58.15362714943599],[37.52910370476593,58.165524454463636],[37.48746313716443,58.17861148999597],[37.46842744911717,58.171473106978745],[37.455340413585546,58.17980122049906],[37.42797661201823,58.182180681505955],[37.41132038497751,58.196457447540496],[37.374438739386875,58.1988369085457],[37.37086954787857,58.21906232709535],[37.36016197335198,58.23809801514199],[37.34112628530542,58.277359121738286],[37.3732490088844,58.278548852241286],[37.38990523592513,58.30234346230012],[37.37086954787857,58.33208672487309],[37.372059278381045,58.35588133493095],[37.40418200196002,58.36658890945638],[37.416079306989076,58.3808656754927],[37.448202030568055,58.403470555047555],[37.513637208228474,58.409419207562664],[37.53743181828669,58.41774732108209],[37.56598535035648,58.40466028555056],[37.58977996041469,58.409419207562664],[37.62547187550197,58.4225062430942],[37.61714376198201,58.43797273963263],[37.63713091848744,58.4587498168348],[37.601439003400166,58.46945739136024],[37.62642334396085,58.48254442689178],[37.615715769435056,58.49087254041298],[37.582403315353616,58.4992006539333],[37.57169574082711,58.51347741996774],[37.544331939259706,58.52180553348806],[37.51458867668745,58.544410413044695],[37.48246595310847,58.55868717907923],[37.449153499026934,58.57296394511466],[37.43487673299214,58.57891259762799],[37.39680535689902,58.58962017215431],[37.37420047734328,58.609845590704055],[37.35278532829099,58.64553750579213],[37.31709341320371,58.65148615830546],[37.296867994653795,58.64434777528912],[37.279022037109804,58.65148615830546],[37.280211767613075,58.66576292434186],[37.298057725156355,58.6705218463521],[37.292109072642134,58.68003969037542],[37.295678264150524,58.691936995404845],[37.290919342138864,58.701454839428166],[37.27545284560151,58.701454839428166],[37.263555540572355,58.689557534398745],[37.25165823554329,58.691936995404845],[37.23500200850256,58.71097268345149],[37.2266738949818,58.72881864099512],[37.22429443397597,58.73714675451535],[37.20168955442032,58.74071594602534],[37.19336144090036,58.759751634071094],[37.18741278838534,58.78116678312472],[37.19574090190619,58.79663327966138],[37.192171710397,58.8120997761998],[37.16956683084214,58.832325194749544],[37.15172087329806,58.83470465575466],[37.135064646257334,58.853740343801306],[37.108890575193385,58.85202184418634],[37.09699327016423,58.85678076619844],[37.074388390608576,58.85678076619844],[37.06487054658534,58.84607319167212],[37.05178351105292,58.84607319167212],[37.04345539753296,58.830606695133596],[37.00657375194241,58.82822723412848],[36.96255372333437,58.824658042620264],[36.91377477271547,58.830606695133596],[36.86261636108995,58.82822723412848],[36.8328730985168,58.827037503625476],[36.81026821896114,58.816329929098174],[36.80431956644701,58.80324289356663],[36.78766333940629,58.80324289356663],[36.77457630387387,58.78182774451399],[36.80550929694957,58.77587909200065],[36.80669902745275,58.76517151747335],[36.79837091393208,58.735428254900384],[36.78171468689136,58.71996175836284],[36.7769557648797,58.7092541838374],[36.753161154821484,58.70568499232742],[36.73769465828332,58.71639256685374],[36.71984870074004,58.70330553132132],[36.70081301269349,58.69259795679588],[36.68058759414366,58.69854660931108],[36.65322379257634,58.69854660931108],[36.63894702654145,58.68902876528776],[36.62942918251813,58.67356226874924],[36.61277295547741,58.64381900617627],[36.600875650448344,58.62359358762663],[36.59135780642502,58.61764493511143],[36.58659888441345,58.598609247064786],[36.596116728436684,58.584332481030245],[36.578270770892686,58.57600436751002],[36.547337777816985,58.57005571499482],[36.52830208977052,58.54983029644518],[36.515215054238894,58.52722541689032],[36.49498963568898,58.511758920351895],[36.47714367814499,58.509379459346775],[36.45929772060171,58.49748215431735],[36.43550311054358,58.49748215431735],[36.420036614005326,58.517707572866996],[36.397431734449675,58.514138381358876],[36.385534429420524,58.5236562253822],[36.37125766338572,58.5224664948792],[36.373637124391465,58.506999998340675],[36.35579116684826,58.49391296280923],[36.32842736528086,58.48439511878591],[36.30463275522274,58.49272323230525],[36.29154571969032,58.495102693312234],[36.258233265608865,58.4820156577807],[36.218972159012495,58.47963619677371],[36.19874674046338,58.49034377130101],[36.17852132191355,58.498671884820354],[36.14163967632301,58.48558484928891],[36.10475803073237,58.4820156577807],[36.057168810616034,58.47963619677371],[36.033374200557816,58.47725673576771],[36.00363093798476,58.47844646627071],[35.99768228547054,58.49034377130101],[35.96555956189165,58.49272323230525],[35.96318010088582,58.508189728843675],[35.97031848390323,58.518897303370096],[35.95128279585667,58.520087033873985],[35.917970341775224,58.52722541689032],[35.89060654020791,58.520087033873985],[35.88227842668795,58.53198433890252],[35.84539678109731,58.53079460839854],[35.82636109305085,58.52603568638732],[35.78709998645438,58.5236562253822],[35.75854645438459,58.5236562253822],[35.76211564589298,58.54507137443396],[35.747838879858,58.53555353041064],[35.73356211382311,58.520087033873985],[35.73594157482894,58.503430806832554],[35.75616699337876,58.49153350180402],[35.747838879858,58.47606700526559],[35.747838879858,58.453462125710736],[35.719285347788215,58.45227239520773],[35.69311127672417,58.453462125710736],[35.67764478018601,58.44989293420075],[35.66217828364856,58.434426437664094],[35.63124529057214,58.430857246154105],[35.60745068051392,58.44156482068141],[35.58960472297073,58.440375090177426],[35.57294849592992,58.436805898669306],[35.562240921403415,58.44156482068141],[35.558671729895025,58.426098324142885],[35.57651768743831,58.423718863137765],[35.57651768743831,58.41658048011956],[35.54677442486516,58.41301128861144],[35.488477630222945,58.39992425307813],[35.43256029658584,58.3880269480496],[35.402817034012784,58.3880269480496],[35.355227813896356,58.39635506156992],[35.30882832428249,58.38088856503149],[35.27732249800182,58.37419082294219],[35.246389504926206,58.36348324841586],[35.257097079451995,58.35634486539766],[35.28208142001348,58.35396540439254],[35.28565061152179,58.33730917735102],[35.27137384548689,58.31946321980738],[35.258286809955266,58.32065295031136],[35.247579235428674,58.29447887924652],[35.259476540457825,58.277822652204996],[35.254717618446165,58.245699928626905],[35.235681930399615,58.240941006614804],[35.22497435587302,58.254028042148114],[35.20236947631817,58.2433204676217],[35.2083181288323,58.236182084603584],[35.17500567475085,58.21833612705995],[35.15121106469273,58.22547451007815],[35.12622672413116,58.205249091528415],[35.076258043008984,58.1981107085103],[35.057222354962434,58.189782594989985],[35.02153043987515,58.189782594989985],[34.98940771629627,58.20286963052152],[34.98702825529044,58.21476693555174],[34.9537158012089,58.21952585756206],[34.85734763047286,58.205249091528415],[34.800240566332405,58.22428477957506],[34.77525622577171,58.21476693555174],[34.76216919023929,58.213577205048736],[34.75503080722189,58.20643882203062],[34.707441587105464,58.18859286448698],[34.72885673615785,58.183833942475765],[34.75265134621606,58.18502367297877],[34.75146161571279,58.17312636794846],[34.78120487828593,58.16360852392514],[34.75503080722189,58.15290094939881],[34.72528754464875,58.14100364437037],[34.7371848496779,58.12672687833584],[34.73361565816951,58.10650145978619],[34.73599511917534,58.100552807270994],[34.71814916163126,58.080327388721344],[34.67531886352658,58.07437873620624],[34.63010910441598,58.0612917006747],[34.59560691983126,58.04939439564626],[34.58014042329301,58.04939439564626],[34.56586365725812,58.06010197017259],[34.52898201166837,58.05058412614927],[34.492100366077736,58.03154843810174],[34.49655773012173,58.00854680037813],[34.47633231157191,57.996649495348706],[34.48228096408675,57.96571650227362],[34.4941782691159,57.93954243120878],[34.50964476565335,57.920506743162136],[34.46324527604028,57.92288620416912],[34.42517389994637,57.90979916863759],[34.40613821189982,57.92169647366612],[34.34903114776016,57.914558090648804],[34.31452896317545,57.93121431768846],[34.27169866507059,57.92288620416912],[34.23481701948013,57.918127282157016],[34.26931920406484,57.90147105511549],[34.287165161608044,57.88719428908095],[34.27883704808808,57.86696887053131],[34.27407812607642,57.84912291298767],[34.291924083619705,57.839605068964346],[34.318098154684456,57.821759111421684],[34.32523653770195,57.8181899199117],[34.32166734619285,57.79915423186506],[34.29668300563216,57.79677477085985],[34.27407812607642,57.7836877353284],[34.24671432450919,57.77298016080208],[34.23719648048587,57.761082855771775],[34.20269429590107,57.761082855771775],[34.18841752986626,57.750375281245354],[34.201504565398594,57.73252932370181],[34.18603806886043,57.71944228817027],[34.158674267293826,57.70635525263883],[34.17295103332881,57.692078486602426],[34.183658607854596,57.677801720568866],[34.20269429590107,57.669473607047664],[34.21578133143349,57.64448926648582],[34.2431451330008,57.602848698884415],[34.22410944495425,57.596900046369214],[34.18960726036944,57.606417890392535],[34.164622919808046,57.602848698884415],[34.15034615377316,57.619504925925845],[34.1313104657266,57.624263847937954],[34.09680828114179,57.66709414604245],[34.08491097611273,57.66233522403034],[34.11584396918835,57.619504925925845],[34.09918774214762,57.61474600391463],[34.04446013901379,57.594520585364094],[34.000440110405755,57.58143354983256],[33.95879954280355,57.58500274134077],[33.95879954280355,57.55288001776171],[33.979024961353375,57.539792982230175],[33.986163344370866,57.52908540770474],[33.95879954280355,57.52075729418353],[33.9326254717395,57.50885998915509],[33.91358978369304,57.5064805281481],[33.8945540956464,57.47911672658212],[33.858862180559115,57.47197834356392],[33.824359995974405,57.457701577528496],[33.78747835038385,57.455322116522396],[33.75773508781142,57.42081993193919],[33.73513020825577,57.40297397439555],[33.669695030595435,57.38869720835915],[33.61615715796407,57.375610172827706],[33.57213712935683,57.37204098131949],[33.52335817873713,57.368471789809504],[33.509081412702244,57.375610172827706],[33.49004572465489,57.40416370489767],[33.475768958619994,57.40892262690889],[33.44483596554438,57.39702532187947],[33.4269900080011,57.40059451338857],[33.39129809291302,57.41725074042911],[33.36274456084323,57.42319939294431],[33.33894995078502,57.416061009927],[33.324673184750125,57.40297397439555],[33.33538075927592,57.39464586087435],[33.35679590832901,57.39464586087435],[33.35917536933484,57.38750747785615],[33.34846779480834,57.37442044232559],[33.327052645755955,57.37442044232559],[33.30325803569774,57.38631774735403],[33.28422234765119,57.39345613037223],[33.2663763901072,57.39345613037223],[33.273514773124596,57.40059451338857],[33.248530432563115,57.40654316590368],[33.23306393602566,57.40178424389255],[33.21878716999076,57.40892262690889],[33.18785417691515,57.40297397439555],[33.162869836353664,57.40178424389255],[33.158110914342004,57.39345613037223],[33.1545417228329,57.377989633832826],[33.13193684327805,57.368471789809504],[33.115280616237236,57.35300529327285],[33.102193580704906,57.3220723001959],[33.084347623160824,57.3220723001959],[33.0676913961201,57.3327798747232],[33.05460436058847,57.34110798824254],[33.02248163700959,57.363712867799265],[33.011774062483795,57.38750747785615],[32.987318491034806,57.399536975163755],[32.971851994496646,57.4257110462286],[32.92188331337447,57.43998781226402],[32.88143247627474,57.44236727327004],[32.835032986661666,57.432849429246716],[32.82313568163261,57.45188511729336],[32.79458214956193,57.45307484779547],[32.77911565302456,57.43760835125704],[32.72676751089577,57.423331585223394],[32.71130101435831,57.407865088684076],[32.675609099271036,57.40667535818196],[32.667280985750274,57.387639670134334],[32.660142602732876,57.36146559907047],[32.63396853166883,57.35313748555113],[32.64348637569206,57.34837856353894],[32.61493284362227,57.323394222978074],[32.58162038954083,57.318635300965965],[32.57091281501424,57.33053260599441],[32.532841438921125,57.329342875491406],[32.532841438921125,57.31387637895475],[32.536410630429515,57.30316880442754],[32.497149523833855,57.28651257738788],[32.47216518327237,57.26985635034636],[32.43409380717926,57.25438985380784],[32.40673000561195,57.23773362676818],[32.41148892762361,57.22226713022975],[32.39007377857122,57.20918009469822],[32.36865862951883,57.21393901671033],[32.33415644493412,57.20561090318823],[32.307982373870075,57.21869793872154],[32.27585965029119,57.243682279281515],[32.25087530972971,57.236543896265175],[32.24611638771805,57.22583632173787],[32.26039315375374,57.20561090318823],[32.2722904587828,57.19133413715369],[32.241357465706386,57.18300602363347],[32.21280393363659,57.18062656262737],[32.184250401566814,57.163970335586825],[32.155696869496936,57.171108718604046],[32.11405630189473,57.16634979659372],[32.05456977674923,57.14017572552896],[31.998652443112135,57.11757084597411],[32.01173947864376,57.108053001950786],[31.998652443112135,57.10210434943568],[31.96296052802486,57.109242732453794],[31.939165917966644,57.108053001950786],[31.920130229919277,57.07949946988086],[31.938348881110503,57.07082060050472],[31.944297533624813,57.061302756481396],[31.964522952174903,57.045836259942966],[31.971661335192394,57.02561084139421],[32.0097327112855,57.00776488384968],[32.038286243355465,57.00300596183847],[32.060891122911116,56.987539465299946],[32.0811165414605,56.987539465299946],[32.10967007353047,56.985160004294826],[32.09777276850096,56.94946808920764],[32.11799818705033,56.91853509613158],[32.15250037163541,56.899499408084935],[32.141792797109176,56.86499722350075],[32.16796686817277,56.85666910998043],[32.16201821565855,56.840012882939],[32.202469052757934,56.840012882939],[32.23816096784539,56.83763342193291],[32.24648908136526,56.81740800338326],[32.25957611689786,56.80670042885782],[32.251248003377185,56.79718258483352],[32.292888570979045,56.7876647408102],[32.29764749299097,56.77219824427355],[32.32620102506093,56.766249591759326],[32.332149677575245,56.746024173209676],[32.31430372003152,56.747213903711796],[32.29407830148222,56.744834442706676],[32.285750187961554,56.71509118013362],[32.30359614550528,56.7091425276194],[32.301216684499714,56.68534791756065],[32.28693991846473,56.660363576999785],[32.26671449991535,56.65084573297558],[32.25481719488593,56.62586139241374],[32.238160967845744,56.60325651285986],[32.26076584740038,56.596118129840775],[32.27980153544719,56.588979746823554],[32.29526803198536,56.583031094309334],[32.28337072695594,56.56875432827381],[32.31549345053474,56.54258025720995],[32.32977021656972,56.52235483866119],[32.341667521599135,56.52235483866119],[32.35475455713103,56.49142184558424],[32.39163620272086,56.49499103709423],[32.40115404674472,56.4795245405558],[32.432087039820246,56.48309373206392],[32.44517407535204,56.461678583013054],[32.47729679893075,56.46286831351428],[32.47491733792528,56.4807142710588],[32.49514275647457,56.48547319307002],[32.5260757495509,56.48547319307002],[32.55224982061459,56.508078072625764],[32.5712855086615,56.505698611619664],[32.60578769324577,56.508078072625764],[32.611736345760875,56.512836994636984],[32.628392572801424,56.512836994636984],[32.63791041682448,56.4747656185437],[32.653376913362735,56.47238615753849],[32.67241260140884,56.47000669653248],[32.68312017593507,56.45929912200704],[32.69382775046131,56.44859154747974],[32.71167370800504,56.45691966100006],[32.72832993504639,56.45216073898884],[32.774729424660165,56.43312505094309],[32.82112891427386,56.43193532044008],[32.848492715840635,56.446212086473736],[32.88061543941944,56.45572993049706],[32.91868681551246,56.45572993049706],[32.98412199317315,56.45572993049706],[33.02219336926625,56.45810939150395],[33.05431609284496,56.46286831351428],[33.078110702903,56.4747656185437],[33.084059355418105,56.48666292357392],[33.079300433406175,56.51997537765509],[33.103095043464215,56.525924030169406],[33.12451019251678,56.53425214368963],[33.160202107604235,56.55566729274237],[33.17685833464557,56.56042621475359],[33.2011670257847,56.55483007498157],[33.20592594779636,56.535794386934924],[33.21068486980802,56.48820516681832],[33.20592594779636,56.46797974826867],[33.23328974936367,56.45370298223315],[33.23091028835784,56.43823648569561],[33.23685894087277,56.41206241463175],[33.26541247294256,56.39778564859721],[33.26541247294256,56.38231915205878],[33.23328974936367,56.37993969105348],[33.20949513930546,56.34543750646752],[33.22972055785528,56.32164289641064],[33.22615136634618,56.306176399871234],[33.246376784896,56.303796938866114],[33.24875624590183,56.29665855584791],[33.22972055785528,56.28714071182459],[33.22972055785528,56.26691529327494],[33.24042813238107,56.25144879673829],[33.23566921036941,56.231223378188645],[33.22496163584362,56.221705534165324],[33.24875624590183,56.20029038511169],[33.286827621994945,56.19077254108837],[33.31419142356226,56.17054712254041],[33.34631414714043,56.17530604455172],[33.43078501284732,56.1657882005284],[33.464097466929566,56.155080626002075],[33.49978938201693,56.12890655493723],[33.5426196801217,56.12890655493723],[33.597347283255445,56.086076256832726],[33.600916474764546,56.04324595872734],[33.62828027633186,56.034917845208],[33.65564407789846,56.04205622822433],[33.68657707097408,56.06585083828388],[33.67705922695076,56.0753686823072],[33.6996641065065,56.10987086689059],[33.72583817757045,56.10987086689059],[33.74963278762867,56.11462978890269],[33.78413497221339,56.10749140588547],[33.80555012126577,56.12057844141691],[33.81863715679819,56.12057844141691],[33.84362149735888,56.10749140588547],[33.861467454902964,56.10749140588547],[33.900728561499335,56.10035302286727],[33.9649740086564,56.09559410085605],[33.984009696702955,56.10154275337027],[33.99352754072619,56.09202490934695],[34.02565026430516,56.086076256832726],[33.99590700173202,56.05752272476276],[33.99947619324121,56.04681515023644],[34.05697983421526,56.03253838420101],[34.0831539052793,56.01350269615437],[34.108138245840706,56.01469242665826],[34.120099628896654,56.01170208089321],[34.12241501187569,56.011123235148276],[34.14264043042551,56.011123235148276],[34.14264043042551,56.01707188766436],[34.13907123891641,56.02421027068158],[34.16405557947789,56.03372811470402],[34.17357342350121,56.0277794621898],[34.203316686074274,56.03134865369792],[34.22592156562912,56.01707188766436],[34.209265338588494,55.999225930119835],[34.17357342350121,55.979000511570185],[34.177142615009515,55.95877509302143],[34.202126955571,55.95996482352354],[34.21759345210916,55.94806751849501],[34.24971617568734,55.95639563201533],[34.27589024675139,55.95520590151135],[34.31634108385103,55.95758536251833],[34.35322272944087,55.96591347603865],[34.368689225979125,55.95282644050534],[34.380586531008184,55.932601021956586],[34.396053027546344,55.92427290843538],[34.44364224766278,55.92427290843538],[34.44364224766278,55.91594479491506],[34.47100604923009,55.91594479491506],[34.51145688632894,55.932601021956586],[34.538820687896255,55.93141129145358],[34.58165098600102,55.94330859648202],[34.59354829103009,55.94330859648202],[34.60187640455014,55.9004782983784],[34.63161966712286,55.8778734188219],[34.636378589135234,55.899288567875374],[34.633999128128664,55.92308317793322],[34.656604007684564,55.92308317793322],[34.65541427718165,55.90285775938355],[34.6685013127136,55.89452964586417],[34.67801915673681,55.91237560340687],[34.68039861774258,55.939739404975626],[34.699434305789794,55.95520590151136],[34.73036729886525,55.963534015033474],[34.73155702936816,55.973051859054976],[34.75535163942618,55.974241589558915],[34.78866409350826,55.95758536251833],[34.799371668034325,55.973051859054976],[34.83506358312218,55.97662105056497],[34.848150618653335,55.96115455402651],[34.88384253374193,55.951636710003186],[34.88979118625565,55.98019024207406],[34.86599657619763,55.99446700810768],[34.88384253374193,55.996846469114644],[34.92905229285225,55.97900051157194],[34.97069286045456,55.98137997257618],[34.987349087495204,55.98851835559344],[35.01114369755322,55.986138894588294],[35.044456151634506,56.00160539112494],[35.08609671923682,55.9825697030783],[35.13368593935371,55.97781078106982],[35.14066298615085,55.97897362220097],[35.16223947142318,55.98256970307831],[35.187223811984566,56.002795121627955],[35.22886437958687,56.02540000118468],[35.224105457575206,56.04443568923132],[35.26455629467414,56.04562541973432],[35.30619686227635,56.04562541973432],[35.31333524529376,56.081317334820625],[35.305007131772996,56.08964544834094],[35.32166335881381,56.11938871091391],[35.282402252218134,56.11225032789757],[35.270504947189075,56.144373051475654],[35.31571470629959,56.164598470025396],[35.31571470629959,56.17887523605993],[35.3430785078669,56.18125469706505],[35.34783742987856,56.20029038511169],[35.32285308931708,56.2086184986329],[35.32880174183121,56.240741222210985],[35.34426823836946,56.25144879673829],[35.414462338041545,56.25144879673829],[35.429928834579705,56.24550014422318],[35.46681048016946,56.25144879673829],[35.48584616821601,56.26215637126461],[35.52993963697898,56.27402430023085],[35.551354786031276,56.2990086407926],[35.59061589262774,56.312095676324134],[35.60846185017094,56.31804432883924],[35.59180562313021,56.329941633867776],[35.58942616212438,56.36682327945894],[35.61916942469753,56.38110004549348],[35.66675864481387,56.36563354895585],[35.695312176883746,56.37753085398438],[35.71553759543357,56.37396166247706],[35.71553759543357,56.36563354895585],[35.74766031901254,56.36206435744772],[35.760747354544165,56.36920274046406],[35.80238792214637,56.364443818453736],[35.8011981916431,56.38466923700249],[35.832131184719515,56.397756272534025],[35.86068471678931,56.410843308067335],[35.834510645725345,56.42630980460399],[35.834099380860074,56.444052945931645],[35.85194533840327,56.438104293417425],[35.88644752298808,56.41311995285558],[35.942364856625176,56.38456642078562],[35.96615946668312,56.37385884626018],[35.962590275175,56.39170480380382],[35.968538927689224,56.39765345631893],[35.993523268250705,56.39170480380382],[36.04349194937288,56.45238105945187],[36.03754329685874,56.45951944247007],[36.04825087138454,56.47141674749851],[36.06847628993436,56.46308863397829],[36.08037359496342,56.46903728649339],[36.095840091500875,56.465468094985184],[36.11130658803913,56.47022701699551],[36.144619042120574,56.46784755599039],[36.151757425138065,56.48093459152183],[36.150567694635505,56.504729201581554],[36.166034191172955,56.507108662586674],[36.167223921676225,56.521385428621215],[36.17912122670538,56.527334081136324],[36.196967184249374,56.528523811638436],[36.23265909933665,56.54280057767484],[36.294525085487976,56.56183626572148],[36.305232660014475,56.57611303175602],[36.325458078563585,56.57492330125293],[36.323078617557755,56.5642157267266],[36.33735538359265,56.5642157267266],[36.34806295811924,56.582061684269355],[36.412308405276306,56.59395898929957],[36.438482476340354,56.585630875779344],[36.449190050866946,56.597528180807785],[36.487261426960046,56.590389797791445],[36.49439980997745,56.60585629432899],[36.52533280305387,56.60942548583721],[36.53128145556809,56.61537413835231],[36.557587718910234,56.62489198237563],[36.58138232896836,56.61537413835231],[36.60874613053576,56.63678928740416],[36.63492020159972,56.65344551444559],[36.65276615914371,56.671291471989235],[36.68964780473355,56.68318877701866],[36.694406726745925,56.65939416695893],[36.74318567736482,56.671291471989235],[36.74675486887401,56.65344551444559],[36.725339719821626,56.64511740092439],[36.731288372335754,56.63559955690107],[36.846692231118354,56.57730276225814],[36.88833279872065,56.58325141477236],[36.91688633079043,56.56897464873782],[36.95376797638098,56.57373357074904],[36.97518312543336,56.5594568047145],[36.98232150845077,56.54518003867996],[37.051325877620286,56.53328273365152],[37.0715512961694,56.529713542141536],[37.09772536723416,56.53209300314852],[37.09296644522179,56.54636976918306],[37.10605348075421,56.56183626572148],[37.13222755181816,56.579682223264236],[37.13460701282399,56.601097372316],[37.12270970779493,56.60585629432899],[37.12270970779493,56.62489198237563],[37.10724321125748,56.63916874840928],[37.11795078578327,56.64511740092439],[37.15245297036799,56.64987632293561],[37.15364270087055,56.661773627965914],[37.12746862980659,56.666532549977134],[37.13698647382982,56.673670932995336],[37.15840162288221,56.68556823802378],[37.19528326847276,56.69746554305222],[37.20718057350191,56.70698338707554],[37.22467401830389,56.713813321443915],[37.26750431640945,56.703105746919455],[37.291298926467576,56.69239817239215],[37.32699084155485,56.69715709440426],[37.362682756642215,56.71024412993579],[37.38171844468869,56.713813321443915],[37.42811793430255,56.69239817239215],[37.4364460478234,56.66503437082617],[37.46143038838409,56.66622410132731],[37.46380984938983,56.64599868277953],[37.479276345928085,56.63767056925832],[37.48760445944804,56.617445150709564],[37.503070955986296,56.61625542020647],[37.497122303472075,56.60435811517617],[37.509019608501184,56.59603000165768],[37.54709098459429,56.60911703718833],[37.59705966571646,56.65075760478973],[37.6482180773419,56.663844640322154],[37.63870023331867,56.68882898088391],[37.64702834683863,56.73284900949052],[37.620854275774676,56.763782002566586],[37.73863759556381,56.75545388904716],[37.75529382260462,56.73879766200572],[37.801693312217694,56.73641820100052],[37.801693312217694,56.70310574691942],[37.836195496802404,56.66860356233426],[37.87664633390135,56.685259789373916],[37.978963157152315,56.71143386043876],[38.01465507223959,56.7292798179824],[38.01584480274286,56.748315506029044],[38.0527264483327,56.759023080555366],[38.05391617883597,56.78757661262533],[38.03725995179525,56.79947391765377],[38.04796752632104,56.829217180226834],[38.115782164987294,56.830406910729835],[38.143145966554606,56.84944259877648],[38.143145966554606,56.88156532235643],[38.18597626465929,56.89465235788796],[38.19311464767678,56.90892912392241],[38.184786534156814,56.918446967945734],[38.184786534156814,56.93034427297604],[38.19787356968844,56.94105184750245],[38.20025303069427,56.95294915253089],[38.15861246309286,56.97555403208566],[38.16813030711609,56.983882145605975],[38.19311464767678,56.992210259127184],[38.22166817974736,57.012435677676834],[38.22285791024992,57.02314325220227],[38.24903198131396,57.03385082672868],[38.25022171181723,57.062404358798645],[38.2621190168463,57.08025031634317],[38.24308332879974,57.08619896885651],[38.23237575427315,57.104044926400064],[38.23118602377068,57.12308061444671],[38.20382222220337,57.15877252953575],[38.17288922912766,57.173049295569406],[38.138387044542945,57.16591091255307],[38.163371385104426,57.20517201914936],[38.191924917174305,57.23253582071534],[38.23713467628481,57.245622856248744],[38.282344435395416,57.259899622282305],[38.30138012344268,57.28012504083195],[38.297810931933576,57.29678126787347],[38.30494931495107,57.31343749491313],[38.300190392939406,57.3526986015095],[38.25973955584047,57.37768294207126],[38.22285791024992,57.34793967949829],[38.18359680365354,57.340801296481956],[38.137197314039675,57.327714260948554],[38.1050745904615,57.325334799943434],[38.0872286329175,57.336042374469756],[38.08484917191167,57.36459590653972],[38.05153671783014,57.36459590653972],[38.02298318576035,57.3491294100013],[38.007516689222186,57.326524530446434],[37.96944531312899,57.36340617603672],[37.94089178105921,57.36935482855094],[37.90519986597193,57.39195970810668],[37.86117983736389,57.401477552129116],[37.86950795088386,57.412185126656325],[37.821566218025495,57.438667646369126],[37.819186757019665,57.458893064918776],[37.827514870540426,57.47198010045031],[37.819186757019665,57.49220551899995],[37.77397699790916,57.50410282403026],[37.721628855781155,57.517189859561796],[37.66928071365315,57.54574339163176],[37.64191691208584,57.54812285263688],[37.62288122403929,57.5588304271632],[37.5943276919695,57.570727732191735],[37.58243038693955,57.58619422873105],[37.56101523788716,57.601660725267706],[37.562204968390525,57.61593749130411],[37.60027634448355,57.64092183186399],[37.65262448661163,57.67661374695216],[37.672849905161456,57.68256239946736],[37.664521791640695,57.6897007824837],[37.65619367812073,57.70397754851912],[37.60265580548938,57.71825431455366],[37.581240656437075,57.73491054159509],[37.547928202355635,57.73491054159509],[37.53246170581738,57.753946229641734],[37.54197954984061,57.76822299567627],[37.49558006022674,57.78963814472812],[37.46821625866032,57.80510464126655],[37.46583679765449,57.821760868308075],[37.50390817374759,57.8312787123314],[37.536030897326484,57.8312787123314],[37.56101523788716,57.849124669874946],[37.56577415989882,57.86459116641258],[37.55149739386393,57.88362685445922],[37.55149739386393,57.893144698482544],[37.53484116682321,57.893144698482544],[37.52651305330325,57.906231734013986],[37.48368275519768,57.90861119502097],[37.46583679765449,57.92764688306761],[37.48368275519768,57.94906203212035],[37.505097904250064,57.94430311010727],[37.51937467028576,57.94430311010727],[37.53008224481155,57.95620041513757],[37.51223628726835,57.95620041513757],[37.48627340666116,57.96921892148388]],[[35.35148006154175,56.309716215318005],[35.31459841595112,56.2978189102896],[35.301511380418695,56.2978189102896],[35.35148006154175,56.309716215318005]]]]}},{"type":"Feature","properties":{"kind":"district","id":"uyezd-1897-37","name":"Весьегонский","provinceId":"gubernia-1897-75"},"geometry":{"type":"MultiPolygon","coordinates":[[[[35.235681930399615,58.240941006614804],[35.27099521023297,58.21430340508414],[35.26623628822139,58.1988369085457],[35.287651437273695,58.182180681505955],[35.28170278475956,58.165524454463636],[35.292410359285356,58.1524374189321],[35.290030898279525,58.13816065289757],[35.38877853002219,58.13578119189245],[35.46849047371751,58.13459146138935],[35.47681858723747,58.115555773342706],[35.54463322590372,58.114366042839706],[35.547012686909554,58.10365846831249],[35.56128945294444,58.10365846831249],[35.581514871494264,58.1084173903246],[35.61125813406662,58.098899546301276],[35.61482732557572,58.084622780265846],[35.6398116661372,58.07986385825463],[35.66003708468631,58.08105358875764],[35.702867382791084,58.07748439724942],[35.745697680896555,58.0667768227231],[35.76949229095477,58.07391520573944],[35.78376905698967,58.08105358875764],[35.80042528403039,58.07986385825463],[35.81708151107111,58.08343304976276],[35.83254800760936,58.08343304976276],[35.84087612112933,58.091761163283074],[35.888465341246466,58.11793523434792],[35.93010590884788,58.12745307837124],[35.95746971041528,58.13102226987937],[35.96222863242685,58.14648876641788],[35.98245405097667,58.14648876641788],[36.01100758304655,58.13816065289757],[36.039561115116335,58.14172984440577],[36.08477087422693,58.151247688429095],[36.14901632138479,58.15719634094421],[36.185897966974636,58.12983253937725],[36.22991799558267,58.11079685132972],[36.254902336144156,58.09414062428917],[36.2882147902256,58.091761163283074],[36.295353173243,58.11317631233581],[36.31914778330122,58.12745307837124],[36.36078835090343,58.1524374189321],[36.37625484744168,58.165524454463636],[36.43336191158134,58.14054011390269],[36.475002479183544,58.160765532452416],[36.51307385527666,58.16671418496753],[36.53567873483231,58.17266283748263],[36.57256038042206,58.16790391547053],[36.58683714645704,58.17742175949385],[36.627287983556684,58.17742175949385],[36.67487720367312,58.17980122049906],[36.67963612568478,58.1988369085457],[36.70105127473707,58.21073421357504],[36.706999927252,58.18456014251028],[36.717707501777795,58.17266283748263],[36.752209686362605,58.17266283748263],[36.753399416865875,58.186939603517175],[36.77600429642072,58.186939603517175],[36.786711870947315,58.17861148999597],[36.80574755899396,58.17861148999597],[36.8009886369823,58.15838607144721],[36.8188345945255,58.16671418496753],[36.81407567251384,58.1524374189321],[36.82597297754299,58.14291957490878],[36.81764486402302,58.098899546301276],[36.82002432502877,58.08343304976276],[36.84381893508698,58.07272547523643],[36.8569059706194,58.06082817020799],[36.908064382244135,58.06915628372822],[36.929479531297225,58.05368978718979],[36.919961687273904,58.03346436864014],[36.950894680349606,58.038223290653136],[36.942566566828845,58.02394652461682],[36.974689290407824,58.027515716126814],[36.977068751413654,58.01204921958829],[36.99729416996348,57.99896218405685],[37.0103812054951,57.98230595701533],[37.01989904951833,57.98111622651321],[37.03536554605658,57.98468541802053],[37.055590964605614,57.98825460953052],[37.087713688184586,57.97516757399721],[37.086523957682026,57.96208053846568],[37.14720021333008,57.94423458092204],[37.170994823389,57.954942155448364],[37.19003051143555,57.94542431142504],[37.19359970294394,57.9323372758936],[37.243568384066826,57.94423458092204],[37.247137575575216,57.95613188595057],[37.229291618031226,57.95970107746056],[37.23167107903777,57.972788112992006],[37.3244700582647,57.98944434003353],[37.38514631391347,57.960890807963565],[37.420838229000736,57.971598382489],[37.44344310855648,57.96564972997389],[37.48627340666116,57.96921892148388],[37.46604798811134,58.00966975858317],[37.48389394565533,58.015618411096504],[37.49341178967865,58.04655140417346],[37.48270421515277,58.06082817020799],[37.46604798811134,58.06320763121311],[37.455340413585546,58.08700224127274],[37.47318637112954,58.091761163283074],[37.50055017269605,58.12864280887425],[37.5267242437601,58.15362714943599],[37.52910370476593,58.165524454463636],[37.48746313716443,58.17861148999597],[37.46842744911717,58.171473106978745],[37.455340413585546,58.17980122049906],[37.42797661201823,58.182180681505955],[37.41132038497751,58.196457447540496],[37.374438739386875,58.1988369085457],[37.37086954787857,58.21906232709535],[37.36016197335198,58.23809801514199],[37.34112628530542,58.277359121738286],[37.3732490088844,58.278548852241286],[37.38990523592513,58.30234346230012],[37.37086954787857,58.33208672487309],[37.372059278381045,58.35588133493095],[37.40418200196002,58.36658890945638],[37.416079306989076,58.3808656754927],[37.448202030568055,58.403470555047555],[37.513637208228474,58.409419207562664],[37.53743181828669,58.41774732108209],[37.56598535035648,58.40466028555056],[37.58977996041469,58.409419207562664],[37.62547187550197,58.4225062430942],[37.61714376198201,58.43797273963263],[37.63713091848744,58.4587498168348],[37.601439003400166,58.46945739136024],[37.62642334396085,58.48254442689178],[37.615715769435056,58.49087254041298],[37.582403315353616,58.4992006539333],[37.57169574082711,58.51347741996774],[37.544331939259706,58.52180553348806],[37.51458867668745,58.544410413044695],[37.48246595310847,58.55868717907923],[37.449153499026934,58.57296394511466],[37.43487673299214,58.57891259762799],[37.39680535689902,58.58962017215431],[37.37420047734328,58.609845590704055],[37.35278532829099,58.64553750579213],[37.31709341320371,58.65148615830546],[37.296867994653795,58.64434777528912],[37.279022037109804,58.65148615830546],[37.280211767613075,58.66576292434186],[37.298057725156355,58.6705218463521],[37.292109072642134,58.68003969037542],[37.295678264150524,58.691936995404845],[37.290919342138864,58.701454839428166],[37.27545284560151,58.701454839428166],[37.263555540572355,58.689557534398745],[37.25165823554329,58.691936995404845],[37.23500200850256,58.71097268345149],[37.2266738949818,58.72881864099512],[37.22429443397597,58.73714675451535],[37.20168955442032,58.74071594602534],[37.19336144090036,58.759751634071094],[37.18741278838534,58.78116678312472],[37.19574090190619,58.79663327966138],[37.192171710397,58.8120997761998],[37.16956683084214,58.832325194749544],[37.15172087329806,58.83470465575466],[37.135064646257334,58.853740343801306],[37.108890575193385,58.85202184418634],[37.09699327016423,58.85678076619844],[37.074388390608576,58.85678076619844],[37.06487054658534,58.84607319167212],[37.05178351105292,58.84607319167212],[37.04345539753296,58.830606695133596],[37.00657375194241,58.82822723412848],[36.96255372333437,58.824658042620264],[36.91377477271547,58.830606695133596],[36.86261636108995,58.82822723412848],[36.8328730985168,58.827037503625476],[36.81026821896114,58.816329929098174],[36.80431956644701,58.80324289356663],[36.78766333940629,58.80324289356663],[36.77457630387387,58.78182774451399],[36.80550929694957,58.77587909200065],[36.80669902745275,58.76517151747335],[36.79837091393208,58.735428254900384],[36.78171468689136,58.71996175836284],[36.7769557648797,58.7092541838374],[36.753161154821484,58.70568499232742],[36.73769465828332,58.71639256685374],[36.71984870074004,58.70330553132132],[36.70081301269349,58.69259795679588],[36.68058759414366,58.69854660931108],[36.65322379257634,58.69854660931108],[36.63894702654145,58.68902876528776],[36.62942918251813,58.67356226874924],[36.61277295547741,58.64381900617627],[36.600875650448344,58.62359358762663],[36.59135780642502,58.61764493511143],[36.58659888441345,58.598609247064786],[36.596116728436684,58.584332481030245],[36.578270770892686,58.57600436751002],[36.547337777816985,58.57005571499482],[36.52830208977052,58.54983029644518],[36.515215054238894,58.52722541689032],[36.49498963568898,58.511758920351895],[36.47714367814499,58.509379459346775],[36.45929772060171,58.49748215431735],[36.43550311054358,58.49748215431735],[36.420036614005326,58.517707572866996],[36.397431734449675,58.514138381358876],[36.385534429420524,58.5236562253822],[36.37125766338572,58.5224664948792],[36.373637124391465,58.506999998340675],[36.35579116684826,58.49391296280923],[36.32842736528086,58.48439511878591],[36.30463275522274,58.49272323230525],[36.29154571969032,58.495102693312234],[36.258233265608865,58.4820156577807],[36.218972159012495,58.47963619677371],[36.19874674046338,58.49034377130101],[36.17852132191355,58.498671884820354],[36.14163967632301,58.48558484928891],[36.10475803073237,58.4820156577807],[36.057168810616034,58.47963619677371],[36.033374200557816,58.47725673576771],[36.00363093798476,58.47844646627071],[35.99768228547054,58.49034377130101],[35.96555956189165,58.49272323230525],[35.96318010088582,58.508189728843675],[35.97031848390323,58.518897303370096],[35.95128279585667,58.520087033873985],[35.917970341775224,58.52722541689032],[35.89060654020791,58.520087033873985],[35.88227842668795,58.53198433890252],[35.84539678109731,58.53079460839854],[35.82636109305085,58.52603568638732],[35.78709998645438,58.5236562253822],[35.75854645438459,58.5236562253822],[35.76211564589298,58.54507137443396],[35.747838879858,58.53555353041064],[35.73356211382311,58.520087033873985],[35.73594157482894,58.503430806832554],[35.75616699337876,58.49153350180402],[35.747838879858,58.47606700526559],[35.747838879858,58.453462125710736],[35.719285347788215,58.45227239520773],[35.69311127672417,58.453462125710736],[35.67764478018601,58.44989293420075],[35.66217828364856,58.434426437664094],[35.63124529057214,58.430857246154105],[35.60745068051392,58.44156482068141],[35.58960472297073,58.440375090177426],[35.57294849592992,58.436805898669306],[35.562240921403415,58.44156482068141],[35.558671729895025,58.426098324142885],[35.57651768743831,58.423718863137765],[35.57651768743831,58.41658048011956],[35.54677442486516,58.41301128861144],[35.488477630222945,58.39992425307813],[35.43256029658584,58.3880269480496],[35.402817034012784,58.3880269480496],[35.355227813896356,58.39635506156992],[35.30882832428249,58.38088856503149],[35.27732249800182,58.37419082294219],[35.246389504926206,58.36348324841586],[35.257097079451995,58.35634486539766],[35.28208142001348,58.35396540439254],[35.28565061152179,58.33730917735102],[35.27137384548689,58.31946321980738],[35.258286809955266,58.32065295031136],[35.247579235428674,58.29447887924652],[35.259476540457825,58.277822652204996],[35.254717618446165,58.245699928626905],[35.235681930399615,58.240941006614804]]]]}},{"type":"Feature","properties":{"kind":"district","id":"uyezd-1897-38","name":"Кашинский","provinceId":"gubernia-1897-75"},"geometry":{"type":"MultiPolygon","coordinates":[[[[37.821566218025495,57.438667646369126],[37.819186757019665,57.458893064918776],[37.827514870540426,57.47198010045031],[37.819186757019665,57.49220551899995],[37.77397699790916,57.50410282403026],[37.721628855781155,57.517189859561796],[37.66928071365315,57.54574339163176],[37.64191691208584,57.54812285263688],[37.62288122403929,57.5588304271632],[37.5943276919695,57.570727732191735],[37.58243038693955,57.58619422873105],[37.56101523788716,57.601660725267706],[37.562204968390525,57.61593749130411],[37.60027634448355,57.64092183186399],[37.65262448661163,57.67661374695216],[37.672849905161456,57.68256239946736],[37.664521791640695,57.6897007824837],[37.65619367812073,57.70397754851912],[37.60265580548938,57.71825431455366],[37.581240656437075,57.73491054159509],[37.547928202355635,57.73491054159509],[37.53246170581738,57.753946229641734],[37.54197954984061,57.76822299567627],[37.49558006022674,57.78963814472812],[37.46821625866032,57.80510464126655],[37.46583679765449,57.821760868308075],[37.50390817374759,57.8312787123314],[37.536030897326484,57.8312787123314],[37.56101523788716,57.849124669874946],[37.56577415989882,57.86459116641258],[37.55149739386393,57.88362685445922],[37.55149739386393,57.893144698482544],[37.53484116682321,57.893144698482544],[37.52651305330325,57.906231734013986],[37.48368275519768,57.90861119502097],[37.46583679765449,57.92764688306761],[37.48368275519768,57.94906203212035],[37.505097904250064,57.94430311010727],[37.51937467028576,57.94430311010727],[37.53008224481155,57.95620041513757],[37.51223628726835,57.95620041513757],[37.48627340666116,57.96921892148388],[37.44344310855648,57.96564972997389],[37.420838229000736,57.971598382489],[37.38514631391347,57.960890807963565],[37.3244700582647,57.98944434003353],[37.23167107903777,57.972788112992006],[37.229291618031226,57.95970107746056],[37.247137575575216,57.95613188595057],[37.243568384066826,57.94423458092204],[37.19359970294394,57.9323372758936],[37.17673228544628,57.92526742206063],[37.1826809379605,57.9133701170313],[37.205285817516156,57.91693930854031],[37.22313177505935,57.91099065602609],[37.24454692411173,57.896713889990664],[37.23740854109424,57.875298740938014],[37.20647554801863,57.87648847144102],[37.152937675387264,57.88243712395612],[37.10415872476845,57.88600631546434],[37.09107168923603,57.8717295494298],[37.12557387382084,57.86340143590948],[37.10653818577428,57.84079655635472],[37.11486629929425,57.82770952082141],[37.111297107785944,57.80510464126655],[37.122004682311655,57.79796625825021],[37.133901987340806,57.78368949221479],[37.113676568791774,57.747997577126625],[37.131522526334976,57.747997577126625],[37.131522526334976,57.738479733103304],[37.160076058404755,57.736100272097204],[37.200526895504495,57.736100272097204],[37.229080427574374,57.733720811092084],[37.20647554801863,57.72420296706876],[37.148178753375696,57.730151619583964],[37.11486629929425,57.72777215857698],[37.11486629929425,57.72182350606364],[37.05775923515459,57.69802889600392],[37.06251815716625,57.68494186047248],[37.038723547108034,57.67423428594704],[37.06727707917791,57.6528191368943],[37.07203600118948,57.64211156236797],[37.09345115024186,57.64092183186399],[37.11605602979752,57.596901803256486],[37.133901987340806,57.596901803256486],[37.14223010086157,57.57191746269474],[37.06489761817208,57.48982605799395],[37.09464088074513,57.48149794447363],[37.02087758956404,57.46960063944519],[37.01730839805565,57.45651360391188],[36.989944596488336,57.46127252592399],[36.970908908441785,57.425580610837685],[36.986375404979235,57.41606276681436],[36.986375404979235,57.40654492279104],[36.962580794921024,57.41130384480217],[36.92212995782208,57.41011411429916],[36.92212995782208,57.39345788725764],[36.89833534776396,57.37918112122408],[36.89714561726069,57.361335163679556],[36.86740235468834,57.364904355187676],[36.847176936138425,57.358955702674436],[36.842418014126764,57.34467893663803],[36.856694780161746,57.33635082311771],[36.853125588653356,57.32326378758627],[36.86026397167085,57.31374594356295],[36.89833534776396,57.30779729104775],[36.92331968832464,57.32088432658115],[36.94116564586872,57.32088432658115],[36.94235537637199,57.30422809953963],[36.9875651354826,57.295899986018426],[36.994703518499996,57.284002680989985],[37.02206732006731,57.288761603001106],[37.038723547108034,57.28162321998477],[37.04943112163383,57.26020807093212],[37.06846680968038,57.25663887942302],[37.11486629929425,57.26020807093212],[37.15650686689646,57.24355184389149],[37.168404171925516,57.22689561685006],[37.22194204455688,57.21975723383186],[37.24811611562083,57.21975723383186],[37.26120315115325,57.2387929218785],[37.28499776121147,57.24355184389149],[37.312361562777895,57.25306968791481],[37.33377671183037,57.2518799574118],[37.35043293887189,57.25782860992514],[37.36946862691836,57.2447415743936],[37.38493512345581,57.23284426936516],[37.36946862691836,57.22689561685006],[37.37303781842675,57.21737777282674],[37.386124853959174,57.21737777282674],[37.400401619994064,57.21261885081552],[37.40991946401729,57.203101006792195],[37.37898647094168,57.19120370176189],[37.381365931947514,57.17335774421914],[37.39445296747904,57.1614604391907],[37.41705784703478,57.14718367315439],[37.430144882567205,57.137665829131066],[37.41348865552568,57.13290690711896],[37.38969404546747,57.122199332594406],[37.39445296747904,57.112681488571084],[37.40991946401729,57.107922566558],[37.44204218759627,57.107922566558],[37.46345733664866,57.09840472253468],[37.46940598916279,57.0746101124778],[37.52413359229742,57.0746101124778],[37.543169280343974,57.09483553102656],[37.57172281241375,57.107922566558],[37.61812230202763,57.115060949576204],[37.65143475610907,57.14956313416039],[37.66928071365315,57.18168585773857],[37.68712667119635,57.207859928803416],[37.7061623592429,57.21737777282674],[37.70140343723124,57.2399826523815],[37.697834245722945,57.285192411492986],[37.693075323711284,57.32921244010138],[37.704972628740435,57.353007050159235],[37.732336430306944,57.354196780661354],[37.7513721183543,57.36847354669776],[37.75018238785094,57.37918112122408],[37.7727872674066,57.40416546178406],[37.78944349444741,57.4243908803337],[37.821566218025495,57.438667646369126]]]]}},{"type":"Feature","properties":{"kind":"district","id":"uyezd-1897-39","name":"Калязинский","provinceId":"gubernia-1897-75"},"geometry":{"type":"MultiPolygon","coordinates":[[[[37.46940598916279,57.0746101124778],[37.451912544360724,57.057645436786544],[37.42335901229094,57.0409892097468],[37.37814925318034,57.02433298270537],[37.37576979217451,57.01005621667083],[37.36387248714544,56.98269241510387],[37.406702785250125,56.98269241510387],[37.44596389184659,56.99815891164239],[37.469758501904806,56.99102052862419],[37.48879418995127,56.97793349309265],[37.47808661542477,56.952949152530906],[37.47808661542477,56.923205889957934],[37.469758501904806,56.90773939341942],[37.44358443084076,56.89108316637976],[37.388856827706135,56.89108316637976],[37.36863140915702,56.88156532235644],[37.36149302613961,56.862529634309794],[37.34840599060719,56.83159664123285],[37.310334614514176,56.82326852771351],[37.28059135194103,56.81375068369019],[37.256796741882816,56.79233553463656],[37.234191862327165,56.79114580413355],[37.234191862327165,56.773299846589914],[37.21872536578971,56.77092038558382],[37.224674018303844,56.75426415854416],[37.240140514842096,56.753074428040264],[37.249658358865325,56.74831550602905],[37.224674018303844,56.713813321443894],[37.26750431640941,56.703105746919434],[37.29129892646753,56.69239817239213],[37.32699084155481,56.69715709440423],[37.36268275664217,56.71024412993577],[37.381718444688644,56.713813321443894],[37.428117934302506,56.69239817239213],[37.43644604782336,56.66503437082615],[37.461430388384045,56.66622410132729],[37.46380984938979,56.645998682779506],[37.47927634592804,56.6376705692583],[37.487604459448,56.61744515070954],[37.50307095598625,56.61625542020644],[37.49712230347203,56.60435811517614],[37.509019608501184,56.5960300016568],[37.54709098459429,56.609117037188334],[37.59705966571646,56.650757604789746],[37.6482180773419,56.66384464032217],[37.63870023331867,56.68882898088391],[37.64702834683863,56.732849009490536],[37.620854275774676,56.76378200256659],[37.73863759556381,56.75545388904716],[37.75529382260462,56.73879766200573],[37.801693312217694,56.73641820100052],[37.801693312217694,56.703105746919434],[37.836195496802404,56.66860356233427],[37.87664633390135,56.68525978937393],[37.978963157152315,56.711433860438774],[38.01465507223959,56.72927981798241],[38.01584480274286,56.74831550602905],[38.0527264483327,56.75902308055538],[38.05391617883597,56.787576612625344],[38.03725995179525,56.799473917653785],[38.04796752632104,56.829217180226834],[38.115782164987294,56.83040691072984],[38.143145966554606,56.849442598776484],[38.143145966554606,56.88156532235644],[38.18597626465929,56.89465235788797],[38.19311464767678,56.90892912392242],[38.184786534156814,56.91844696794574],[38.184786534156814,56.93034427297604],[38.19787356968844,56.941051847502465],[38.20025303069427,56.952949152530906],[38.15861246309286,56.97555403208567],[38.16813030711609,56.98388214560599],[38.19311464767678,56.99221025912719],[38.22166817974736,57.012435677676834],[38.22285791024992,57.023143252202274],[38.24903198131396,57.03385082672869],[38.25022171181723,57.06240435879865],[38.2621190168463,57.08025031634318],[38.24308332879974,57.08619896885651],[38.23237575427315,57.104044926400064],[38.23118602377068,57.12308061444671],[38.20382222220337,57.15877252953575],[38.17288922912766,57.173049295569406],[38.138387044542945,57.16591091255307],[38.163371385104426,57.20517201914936],[38.191924917174305,57.23253582071534],[38.23713467628481,57.245622856248744],[38.282344435395416,57.259899622282305],[38.30138012344268,57.28012504083195],[38.297810931933576,57.29678126787347],[38.30494931495107,57.31343749491313],[38.300190392939406,57.3526986015095],[38.25973955584047,57.37768294207126],[38.22285791024992,57.34793967949829],[38.18359680365354,57.340801296481956],[38.137197314039675,57.327714260948554],[38.1050745904615,57.325334799943434],[38.0872286329175,57.336042374469756],[38.08484917191167,57.36459590653972],[38.05153671783014,57.36459590653972],[38.02298318576035,57.3491294100013],[38.007516689222186,57.326524530446434],[37.96944531312899,57.36340617603672],[37.94089178105921,57.36935482855094],[37.90519986597193,57.39195970810668],[37.86117983736389,57.401477552129116],[37.86950795088386,57.412185126656325],[37.821566218025495,57.438667646369126],[37.78944349444741,57.4243908803337],[37.7727872674066,57.40416546178406],[37.75018238785094,57.37918112122408],[37.7513721183543,57.36847354669776],[37.732336430306944,57.354196780661354],[37.704972628740435,57.353007050159235],[37.693075323711284,57.32921244010138],[37.697834245722945,57.285192411492986],[37.70140343723124,57.2399826523815],[37.7061623592429,57.21737777282674],[37.68712667119635,57.207859928803416],[37.66928071365315,57.18168585773857],[37.65143475610907,57.14956313416039],[37.61812230202763,57.115060949576204],[37.57172281241375,57.107922566558],[37.543169280343974,57.09483553102656],[37.52413359229742,57.0746101124778],[37.46940598916279,57.0746101124778]]]]}},{"type":"Feature","properties":{"kind":"district","id":"uyezd-1897-40","name":"Осташковский","provinceId":"gubernia-1897-75"},"geometry":{"type":"MultiPolygon","coordinates":[[[[33.92995774299074,56.8435820744471],[33.879989061868216,56.832874499921665],[33.86214310432449,56.8459615354532],[33.872850678850725,56.86499722350073],[33.901404210920774,56.88403291154737],[33.90259394142306,56.93162213166309],[33.93352693449948,56.9411399756873],[33.91687070745814,56.96255512473906],[33.908542593938265,57.00419569234145],[33.8942658279032,57.01966218887988],[33.847866338289506,57.0291800329032],[33.81931280621954,57.02323138038898],[33.787190082640834,57.00657515334754],[33.74911870654772,57.01133407535876],[33.714616521962654,57.005385422844455],[33.69082191190452,57.0291800329032],[33.70390894743642,57.06487194798959],[33.72532409648889,57.07201033100681],[33.768154394593836,57.06844113949869],[33.77529277761133,57.080338444528905],[33.761016011576345,57.08985628855134],[33.76349747999544,57.101536296871885],[33.761118018989876,57.13841794246306],[33.72542610390242,57.15864336101181],[33.70995960736426,57.161022822017024],[33.706390415855516,57.172920127047334],[33.69330338032363,57.180058510064555],[33.671888231271154,57.18362770157277],[33.64452442970357,57.19433527609998],[33.6361963161837,57.21337096414574],[33.639765507692445,57.22169907766694],[33.65642173473299,57.22288880816994],[33.66118065674492,57.23597584370148],[33.65523200422981,57.2443039572217],[33.68021634479103,57.2443039572217],[33.68021634479103,57.256201262251125],[33.67069850076797,57.265719106274446],[33.68497526680304,57.27880614180687],[33.68735472780852,57.28832398583019],[33.7016314938435,57.28951371633231],[33.70876987686099,57.30854940437983],[33.698062302334755,57.31568778739715],[33.7016314938435,57.329964553432575],[33.738513139434225,57.329964553432575],[33.738513139434225,57.31449805689405],[33.753979635972385,57.30141102136261],[33.76587694100101,57.31211859588893],[33.78134343753917,57.326395361922586],[33.805138047597296,57.326395361922586],[33.83845050167919,57.36803592952586],[33.78134343753917,57.37993323455341],[33.75873855798352,57.39539973109273],[33.73513020825577,57.40297397439555],[33.669695030595435,57.38869720835915],[33.61615715796407,57.375610172827706],[33.57213712935683,57.37204098131949],[33.52335817873713,57.368471789809504],[33.509081412702244,57.375610172827706],[33.49004572465489,57.40416370489767],[33.475768958619994,57.40892262690889],[33.44483596554438,57.39702532187947],[33.4269900080011,57.40059451338857],[33.39129809291302,57.41725074042911],[33.36274456084323,57.42319939294431],[33.33894995078502,57.416061009927],[33.324673184750125,57.40297397439555],[33.33538075927592,57.39464586087435],[33.35679590832901,57.39464586087435],[33.35917536933484,57.38750747785615],[33.34846779480834,57.37442044232559],[33.327052645755955,57.37442044232559],[33.30325803569774,57.38631774735403],[33.28422234765119,57.39345613037223],[33.2663763901072,57.39345613037223],[33.273514773124596,57.40059451338857],[33.248530432563115,57.40654316590368],[33.23306393602566,57.40178424389255],[33.21878716999076,57.40892262690889],[33.18785417691515,57.40297397439555],[33.162869836353664,57.40178424389255],[33.158110914342004,57.39345613037223],[33.1545417228329,57.377989633832826],[33.13193684327805,57.368471789809504],[33.115280616237236,57.35300529327285],[33.102193580704906,57.3220723001959],[33.084347623160824,57.3220723001959],[33.0676913961201,57.3327798747232],[33.05460436058847,57.34110798824254],[33.02248163700959,57.363712867799265],[33.011774062483795,57.38750747785615],[32.987318491034806,57.399536975163755],[32.971851994496646,57.4257110462286],[32.92188331337447,57.43998781226402],[32.88143247627474,57.44236727327004],[32.835032986661666,57.432849429246716],[32.82313568163261,57.45188511729336],[32.79458214956193,57.45307484779547],[32.77911565302456,57.43760835125704],[32.72676751089577,57.423331585223394],[32.71130101435831,57.407865088684076],[32.675609099271036,57.40667535818196],[32.667280985750274,57.387639670134334],[32.660142602732876,57.36146559907047],[32.63396853166883,57.35313748555113],[32.64348637569206,57.34837856353894],[32.61493284362227,57.323394222978074],[32.58162038954083,57.318635300965965],[32.57091281501424,57.33053260599441],[32.532841438921125,57.329342875491406],[32.532841438921125,57.31387637895475],[32.536410630429515,57.30316880442754],[32.497149523833855,57.28651257738788],[32.47216518327237,57.26985635034636],[32.43409380717926,57.25438985380784],[32.40673000561195,57.23773362676818],[32.41148892762361,57.22226713022975],[32.39007377857122,57.20918009469822],[32.36865862951883,57.21393901671033],[32.33415644493412,57.20561090318823],[32.307982373870075,57.21869793872154],[32.27585965029119,57.243682279281515],[32.25087530972971,57.236543896265175],[32.24611638771805,57.22583632173787],[32.26039315375374,57.20561090318823],[32.2722904587828,57.19133413715369],[32.241357465706386,57.18300602363347],[32.21280393363659,57.18062656262737],[32.184250401566814,57.163970335586825],[32.155696869496936,57.171108718604046],[32.11405630189473,57.16634979659372],[32.05456977674923,57.14017572552896],[31.998652443112135,57.11757084597411],[32.01173947864376,57.108053001950786],[31.998652443112135,57.10210434943568],[31.96296052802486,57.109242732453794],[31.939165917966644,57.108053001950786],[31.92013022991929,57.07949946988082],[31.938348881110503,57.070820600504696],[31.944297533624813,57.061302756481375],[31.964522952174903,57.045836259942945],[31.971661335192394,57.02561084139418],[32.0097327112855,57.00776488384966],[32.038286243355465,57.00300596183844],[32.060891122911116,56.987539465299925],[32.0811165414605,56.987539465299925],[32.10967007353047,56.985160004294805],[32.09777276850096,56.94946808920761],[32.11799818705033,56.918535096131556],[32.15250037163541,56.899499408084914],[32.141792797109176,56.86499722350073],[32.16796686817277,56.856669109980416],[32.16201821565855,56.84001288293898],[32.202469052757934,56.84001288293898],[32.23816096784539,56.83763342193288],[32.24648908136526,56.817408003383235],[32.25957611689786,56.806700428857795],[32.251248003377185,56.7971825848335],[32.292888570979045,56.78766474081018],[32.29764749299097,56.772198244273525],[32.32620102506093,56.766249591759305],[32.332149677575245,56.74602417320966],[32.31430372003152,56.747213903711774],[32.29407830148222,56.744834442706654],[32.285750187961554,56.7150911801336],[32.30359614550528,56.70914252761938],[32.301216684499714,56.685347917560634],[32.28693991846473,56.66036357699977],[32.26671449991535,56.650845732975554],[32.25481719488593,56.62586139241372],[32.23816096784539,56.60325651285984],[32.260765847400336,56.59611812984075],[32.27980153544715,56.588979746823526],[32.295268031985316,56.583031094309305],[32.283370726955894,56.56875432827379],[32.315493450534696,56.54258025720992],[32.32977021656968,56.522354838661165],[32.34166752159909,56.522354838661165],[32.35475455713099,56.49142184558421],[32.39163620272082,56.49499103709421],[32.40115404674468,56.47952454055577],[32.4320870398202,56.4830937320639],[32.445174075352,56.461678583013025],[32.47729679893071,56.46286831351425],[32.474917337925234,56.48071427105878],[32.49514275647453,56.48547319306999],[32.526075749550856,56.48547319306999],[32.55224982061455,56.508078072625736],[32.571285508661454,56.50569861161964],[32.60578769324573,56.508078072625736],[32.61173634576083,56.512836994636956],[32.62839257280138,56.512836994636956],[32.63791041682444,56.47476561854367],[32.65337691336269,56.472386157538466],[32.672412601408794,56.47000669653245],[32.68312017593503,56.45929912200702],[32.69382775046127,56.448591547479715],[32.711673708004994,56.45691966100003],[32.72832993504635,56.452160738988816],[32.77472942466012,56.43312505094306],[32.821128914273814,56.43193532044006],[32.84849271584059,56.44621208647371],[32.880615439419394,56.45572993049703],[32.918686815512416,56.45572993049703],[32.984121993173105,56.45572993049703],[33.022193369266205,56.458109391503925],[33.054316092844914,56.46286831351425],[33.078110702902954,56.47476561854367],[33.08405935541806,56.48666292357389],[33.07930043340613,56.51997537765507],[33.10309504346417,56.52592403016938],[33.12451019251674,56.534252143689606],[33.16020210760419,56.55566729274234],[33.17685833464553,56.56042621475356],[33.166150760119294,56.57589271129288],[33.18518644816541,56.584220824812306],[33.226827015767256,56.57351325028687],[33.254190817334845,56.57351325028687],[33.33390276102962,56.58541055531531],[33.38625090315851,56.609205165374064],[33.44811688930966,56.63537923643801],[33.51474179747272,56.653225193980674],[33.565900209098345,56.66274303800489],[33.59088454965965,56.65679438549067],[33.61824835122634,56.66155330750277],[33.65394026631389,56.650845732975554],[33.672975954360794,56.66274303800489],[33.69201164240779,56.66274303800489],[33.7050986779395,56.65441492448368],[33.71580625246583,56.665122499010984],[33.713426791460265,56.682968456553645],[33.69439110341327,56.694865761583955],[33.70985759995152,56.7139014496306],[33.70747813894516,56.725798754659124],[33.737221401518305,56.72817821566513],[33.77886196912007,56.72936794616814],[33.82764091973941,56.72460902415603],[33.89188636689683,56.71985010214482],[33.94423450902572,56.726988485162124],[33.983495615622004,56.735316598682445],[33.983495615622004,56.74840363421478],[33.958511275060786,56.76030093924331],[33.97278804109577,56.776957166284745],[33.97278804109577,56.78885447131327],[33.9454242395281,56.79123393231928],[33.94423450902572,56.79837231533748],[33.95970100556308,56.80907988986381],[33.93114747349312,56.83168476941955],[33.92995774299074,56.8435820744471]]]]}},{"type":"Feature","properties":{"kind":"district","id":"uyezd-1897-41","name":"Старицкий","provinceId":"gubernia-1897-75"},"geometry":{"type":"MultiPolygon","coordinates":[[[[33.983495615622004,56.735316598682445],[34.00946405425293,56.722552699829954],[34.03087920330531,56.709465664298506],[34.0630019268842,56.699947820275185],[34.093934919959906,56.69756835926998],[34.110591147000626,56.67258401870734],[34.11416033850973,56.64878940865037],[34.09750411146901,56.638081834124044],[34.096314380965644,56.624994798590734],[34.110591147000626,56.61309749356221],[34.09512465046318,56.60238991903588],[34.09512465046318,56.59049261400744],[34.103452763983135,56.576215847971035],[34.13676521806538,56.58454396149135],[34.13914467907121,56.573836386965915],[34.161749558626155,56.565508273444706],[34.152231714602834,56.555990429421385],[34.160559828123596,56.54171366338774],[34.18078524667262,56.53933420238084],[34.19387228220504,56.5179190533281],[34.21171823974903,56.51672932282599],[34.18554416868428,56.48698606025302],[34.17007767214692,56.47865794673359],[34.17007767214692,56.45843252818305],[34.18673389918755,56.44653522315364],[34.19625174321087,56.4346379181252],[34.18197497717598,56.42393034359887],[34.1986312042167,56.407274116557346],[34.20101066522253,56.39894600303703],[34.22956419729232,56.39418708102582],[34.26406638187713,56.425120074101876],[34.27834314791202,56.425120074101876],[34.30094802746767,56.43344818762219],[34.39136754568878,56.44177630114153],[34.39850592870627,56.425120074101876],[34.43300811329099,56.42036115209066],[34.44371568781758,56.43225845712008],[34.461561645360774,56.440586570640306],[34.47702814189903,56.42630980460399],[34.49487409944231,56.42036115209066],[34.49011517743065,56.40132546404402],[34.54603251106775,56.40132546404402],[34.56982712112597,56.407274116557346],[34.60908822772243,56.431068726616985],[34.63526229878639,56.43225845712008],[34.64359041230715,56.42274061309489],[34.630503376774726,56.400135733540125],[34.657867178342045,56.400135733540125],[34.651918525827114,56.37753085398438],[34.682851518903526,56.38110004549348],[34.70545639845838,56.40132546404402],[34.730440739019954,56.40132546404402],[34.73400993052826,56.395376811528905],[34.79111699466871,56.39656654203191],[34.82086025724097,56.39656654203191],[34.857741902831606,56.3918076200207],[34.8755878603756,56.41203303857034],[34.94102303803602,56.408463847060354],[34.994560910666586,56.40370492504914],[35.00526848519318,56.41679196058067],[35.025493903743,56.42036115209066],[35.036201478268794,56.417981691083675],[35.03144255625713,56.407274116557346],[35.04809878329786,56.39418708102582],[35.04809878329786,56.37753085398438],[35.06475501033858,56.36801300996106],[35.09687773391755,56.37753085398438],[35.134949110010666,56.37634112348226],[35.13375937950819,56.3918076200207],[35.15755398956632,56.39894600303703],[35.16350264208125,56.41441249957555],[35.17658967761287,56.41441249957555],[35.190866443647764,56.407274116557346],[35.24202485527329,56.39656654203191],[35.264629734828944,56.408463847060354],[35.291993536395466,56.408463847060354],[35.29675245840713,56.42274061309489],[35.31816760745951,56.42274061309489],[35.34077248701516,56.413222769073435],[35.345531409026734,56.40251519454702],[35.34910060053592,56.37872058448738],[35.32530599047771,56.363254087950736],[35.28485515337806,56.32756217286257],[35.27890650086384,56.30971621531804],[35.301511380418695,56.2978189102896],[35.31459841595112,56.2978189102896],[35.35148006154175,56.30971621531804],[35.345531409026734,56.31923405934136],[35.37170548009078,56.335890286382885],[35.39550009014899,56.335890286382885],[35.422863891716304,56.333510825377765],[35.44546877127196,56.312095676324134],[35.47283257283848,56.30614702381081],[35.50257583541162,56.28354214425417],[35.52993963697894,56.27402430023085],[35.55135478603123,56.29900864079261],[35.590615892627696,56.312095676324134],[35.6084618501709,56.31804432883925],[35.59180562313017,56.329941633867776],[35.58942616212434,56.36682327945894],[35.61916942469749,56.38110004549348],[35.666758644813825,56.365633548955856],[35.695312176883704,56.37753085398438],[35.715537595433524,56.37396166247706],[35.715537595433524,56.365633548955856],[35.747660319012496,56.36206435744773],[35.76074735454412,56.36920274046406],[35.80238792214633,56.364443818453736],[35.80119819164306,56.3846692370025],[35.83213118471947,56.397756272534025],[35.860684716789265,56.41084330806734],[35.8345106457253,56.42630980460399],[35.83409938086003,56.444052945931645],[35.8388583028716,56.46665782548828],[35.83528911136259,56.48331405252793],[35.81744315381931,56.4761756695116],[35.793648543761094,56.47736540001371],[35.791269082755264,56.48569351353492],[35.76985393370208,56.47736540001371],[35.755577167667276,56.47736540001371],[35.737731210124,56.473796208505505],[35.730592827106506,56.48331405252793],[35.71274686956251,56.47974486101883],[35.71869552207744,56.459519442470075],[35.66515764944608,56.452381059451874],[35.66277818844034,56.46427836448218],[35.64850142240536,56.46665782548828],[35.63541438687302,56.45832971196707],[35.609240315808975,56.45595025096186],[35.60805058530562,56.473796208505505],[35.64255276989043,56.484503783031826],[35.64969115290792,56.49521135755824],[35.599722471785654,56.50234974057457],[35.533097563621965,56.5535081521994],[35.541425677142726,56.5665951877327],[35.51882079758707,56.57730276225814],[35.49859537903805,56.57373357074904],[35.48074942149397,56.586820606281464],[35.47955969099141,56.62608171287775],[35.45576508093248,56.64868659243261],[35.41293478282771,56.690327160034904],[35.428401279365964,56.712932039591536],[35.411745052325244,56.7367266496485],[35.385570981260486,56.742675302163704],[35.39746828629035,56.74981368518182],[35.382001789752096,56.758141798701246],[35.36058664069971,56.75695206819815],[35.33203310862993,56.778367217251784],[35.27016712247789,56.783126139263],[35.20711140582321,56.78074667825788],[35.18093733475926,56.80692074932085],[35.16428110771854,56.81167967133296],[35.146846415039725,56.81059275704594],[35.13137991850236,56.79750572151441],[35.12067234397577,56.79750572151441],[35.10044692542665,56.804644104530745],[35.09449827291172,56.79750572151441],[35.10282638643248,56.7891776079932],[35.10282638643248,56.77847003346777],[35.06118581883028,56.76895218944445],[35.045719322292115,56.7891776079932],[35.02430417323964,56.782039224975975],[35.02430417323964,56.75705488441511],[34.95767926507675,56.7415883878766],[34.94935115155599,56.75586515391113],[34.96362791759097,56.76776245894144],[34.95411007356765,56.77490084195777],[34.91841815848037,56.75943434542113],[34.86725974685484,56.75229596240301],[34.86131109434071,56.76657272843843],[34.86963920786067,56.77728030296476],[34.86607001635237,56.78322895547987],[34.835137023275955,56.785608416485076],[34.817291065732675,56.77133165044965],[34.80301429969778,56.77133165044965],[34.80063483869195,56.780849494472974],[34.76613265410723,56.782039224975975],[34.76137373209557,56.804644104530745],[34.7637531931014,56.82486952308137],[34.73638939153409,56.82962844509258],[34.72449208650502,56.83319763660071],[34.735199661031615,56.84628467213402],[34.730440739019954,56.86175116867067],[34.676902866388595,56.856992246659544],[34.654297986832944,56.87364847370098],[34.625744454763066,56.892684161747624],[34.63645202928966,56.90577119727915],[34.60194984470494,56.91290958029727],[34.59957038369911,56.892684161747624],[34.56268873810856,56.885545778730396],[34.48178706391069,56.88197658722041],[34.45561299284664,56.89625335325583],[34.44371568781758,56.87364847370098],[34.380659971162984,56.866510090682866],[34.361624283116434,56.84152575012102],[34.3521064390924,56.8367668281107],[34.319983715514226,56.8355770976077],[34.29143018344435,56.84033601961891],[34.29024045294108,56.817731140064055],[34.2438409633273,56.82367979257739],[34.22718473628649,56.8355770976077],[34.202200395725804,56.853423055150444],[34.12367818253305,56.84509494163102],[34.098693841971475,56.85580251615734],[34.06419165738755,56.84866413313922],[34.03444839481441,56.84985386364223],[34.010653784756286,56.8367668281107],[33.971392678159816,56.84747440263622],[33.92995774299074,56.8435820744471],[33.93114747349312,56.83168476941955],[33.95970100556308,56.80907988986381],[33.94423450902572,56.79837231533748],[33.9454242395281,56.79123393231928],[33.97278804109577,56.78885447131327],[33.97278804109577,56.776957166284745],[33.958511275060786,56.76030093924331],[33.983495615622004,56.74840363421478],[33.983495615622004,56.735316598682445]]]]}},{"type":"Feature","properties":{"kind":"district","id":"uyezd-1897-42","name":"Новоторжский","provinceId":"gubernia-1897-75"},"geometry":{"type":"MultiPolygon","coordinates":[[[[35.52072943280068,57.36327700751278],[35.492175900730714,57.36089754650677],[35.431499645081956,57.37398458204008],[35.387479616474536,57.3787435040513],[35.338700665855285,57.408486766623376],[35.31609578629954,57.416814880145466],[35.28040387121209,57.420384071653686],[35.254229800147684,57.413245688635484],[35.24590168662782,57.39539973109273],[35.2399530341127,57.3787435040513],[35.24709141713019,57.36327700751278],[35.214968693551484,57.36327700751278],[35.20426111902525,57.36208727700978],[35.189984352990265,57.36922566002798],[35.1626205514234,57.36922566002798],[35.150723246394776,57.36684619902277],[35.120979983821634,57.3751743125422],[35.08647779923727,57.3775537735482],[35.063872919681614,57.36446673801676],[35.036509118114836,57.3751743125422],[35.0258015435886,57.36208727700978],[35.01271450805591,57.36208727700978],[35.01271450805591,57.35018997198134],[34.993678820009805,57.34543104997012],[34.97702259296845,57.352569432986456],[34.963935557436656,57.346620780472236],[34.949658791401674,57.352569432986456],[34.93300256436104,57.346620780472236],[34.90801822379982,57.35494889399255],[34.91872579832606,57.36446673801676],[34.89493118826802,57.3751743125422],[34.85923927318056,57.3751743125422],[34.85923927318056,57.35494889399255],[34.837824124128005,57.352569432986456],[34.800942478537365,57.346620780472236],[34.778337598981715,57.329964553432575],[34.7474046059061,57.332344014436806],[34.721230534841695,57.333533744939814],[34.68077969774312,57.32758509242559],[34.64151859114683,57.31806724840227],[34.60820613706494,57.32044670940827],[34.59987802354506,57.337102936449796],[34.59036017952121,57.35970781600554],[34.57727314398941,57.35970781600554],[34.56180664745116,57.329964553432575],[34.55228880342819,57.31092886538593],[34.547529881416175,57.27880614180687],[34.515407157837465,57.27285748929167],[34.48090497325319,57.255011531749005],[34.47257685973252,57.2383553047066],[34.45116171068005,57.23478611319838],[34.43212602263385,57.250252609736904],[34.404762221066264,57.24906287923292],[34.38810599402572,57.23121692169026],[34.3631216534645,57.21337096414574],[34.3369475824001,57.20504285062542],[34.33099892988571,57.180058510064555],[34.30720431982767,57.172920127047334],[34.28816863178067,57.174109857550334],[34.27508159624896,57.165781744030014],[34.27389186574569,57.15388443899971],[34.214405340600194,57.15269470849759],[34.2072669575827,57.174109857550334],[34.15848800696345,57.165781744030014],[34.15848800696345,57.155074169502804],[34.132313935898964,57.14912551698849],[34.12636528338466,57.155074169502804],[34.08829390729154,57.14436659497737],[34.087104176788365,57.13365902045007],[34.0454636091866,57.12176171542163],[34.0454636091866,57.13841794246306],[34.00501277208722,57.13722821196005],[33.99549492806416,57.13960767296615],[33.96218247398218,57.13127955944495],[33.94314678593528,57.11343360190042],[33.93243921140904,57.100346566368884],[33.89912675732795,57.08012114782012],[33.844399154193496,57.07655195631014],[33.842019693187936,57.109864410393094],[33.827742927152954,57.11700279341041],[33.79680993407733,57.11224387139919],[33.76349747999544,57.101536296871885],[33.761016011576345,57.08985628855134],[33.77529277761133,57.080338444528905],[33.768154394593836,57.06844113949869],[33.72532409648889,57.07201033100681],[33.70390894743642,57.06487194798959],[33.69082191190452,57.0291800329032],[33.714616521962654,57.005385422844455],[33.74911870654772,57.01133407535876],[33.787190082640834,57.00657515334754],[33.81931280621954,57.02323138038898],[33.847866338289506,57.0291800329032],[33.8942658279032,57.01966218887988],[33.908542593938265,57.00419569234145],[33.91687070745814,56.96255512473906],[33.93352693449948,56.9411399756873],[33.90259394142306,56.93162213166309],[33.901404210920774,56.88403291154737],[33.872850678850725,56.86499722350073],[33.86214310432449,56.8459615354532],[33.879989061868216,56.832874499921665],[33.92995774299074,56.8435820744471],[33.971392678159816,56.84747440263622],[34.010653784756286,56.8367668281107],[34.03444839481441,56.84985386364223],[34.06419165738755,56.84866413313922],[34.098693841971475,56.85580251615734],[34.12367818253305,56.84509494163102],[34.202200395725804,56.853423055150444],[34.22718473628649,56.8355770976077],[34.2438409633273,56.82367979257739],[34.29024045294108,56.817731140064055],[34.29143018344435,56.84033601961891],[34.319983715514226,56.8355770976077],[34.3521064390924,56.8367668281107],[34.361624283116434,56.84152575012102],[34.380659971162984,56.866510090682866],[34.44371568781758,56.87364847370098],[34.45561299284664,56.89625335325583],[34.48178706391069,56.88197658722041],[34.56268873810856,56.885545778730396],[34.59957038369911,56.892684161747624],[34.60194984470494,56.91290958029727],[34.63645202928966,56.90577119727915],[34.625744454763066,56.892684161747624],[34.654297986832944,56.87364847370098],[34.676902866388595,56.856992246659544],[34.730440739019954,56.86175116867067],[34.735199661031615,56.84628467213402],[34.72449208650502,56.83319763660071],[34.73638939153409,56.82962844509258],[34.7637531931014,56.82486952308137],[34.76137373209557,56.804644104530745],[34.76613265410723,56.782039224975975],[34.80063483869195,56.780849494472974],[34.80301429969778,56.77133165044965],[34.817291065732675,56.77133165044965],[34.835137023275955,56.785608416485076],[34.86607001635237,56.78322895547987],[34.86963920786067,56.77728030296476],[34.86131109434071,56.76657272843843],[34.86725974685484,56.75229596240301],[34.91841815848037,56.75943434542113],[34.95411007356765,56.77490084195777],[34.96362791759097,56.76776245894144],[34.94935115155599,56.75586515391113],[34.95767926507675,56.7415883878766],[35.02430417323964,56.75705488441511],[35.02430417323964,56.782039224975975],[35.045719322292115,56.7891776079932],[35.06118581883028,56.76895218944445],[35.10282638643248,56.77847003346777],[35.10282638643248,56.7891776079932],[35.09449827291172,56.79750572151441],[35.10044692542665,56.804644104530745],[35.12067234397577,56.79750572151441],[35.13137991850236,56.79750572151441],[35.146846415039725,56.81059275704594],[35.16428110771854,56.81167967133296],[35.20116275330908,56.834284550887816],[35.259459547952105,56.86640727446777],[35.32727418661827,56.900909459051064],[35.35820717969388,56.911617033577386],[35.45338561992665,56.90447865056105],[35.51763106708451,56.90447865056105],[35.49740564853469,56.92470406910893],[35.5140618755755,56.93779110464223],[35.55808190418354,56.94730894866555],[35.571168939715875,56.960395984197],[35.533097563621965,56.975862480735515],[35.52238998909617,56.98894951626696],[35.55570244317771,57.01274412632482],[35.57711759223,57.025831161858136],[35.592584088768255,57.056764154933305],[35.609240315808975,57.07342038197474],[35.604481393797315,57.09483553102659],[35.64493223089626,57.132906907118894],[35.70441875604175,57.1816858577386],[35.746059323643955,57.18049612723737],[35.76480125107254,57.195096029951856],[35.77193963409003,57.2069933349803],[35.75409367654675,57.2129419874946],[35.716022300452934,57.21175225699151],[35.69579688190382,57.23078794503815],[35.666053619330675,57.245064711074555],[35.67676119385727,57.25101336358789],[35.67676119385727,57.26053120761121],[35.6125157466994,57.26529012962331],[35.5780135621154,57.27599770414964],[35.53994218602149,57.299792314207494],[35.555408682559744,57.31525881074593],[35.555408682559744,57.32477665476925],[35.531614072501526,57.331915037785585],[35.54470110803315,57.343812342815895],[35.53994218602149,57.35689937834742],[35.52072943280068,57.36327700751278]]]]}},{"type":"Feature","properties":{"kind":"district","id":"uyezd-1897-43","name":"Бежецкий","provinceId":"gubernia-1897-75"},"geometry":{"type":"MultiPolygon","coordinates":[[[[35.746059323643955,57.18049612723737],[35.765095011690505,57.17811666623038],[35.796028004766924,57.13171717661767],[35.86860156544404,57.12695825460557],[35.906672941537856,57.07342038197474],[35.920949707572746,57.072230651470846],[35.93165728209854,57.093645800524385],[35.95545189215676,57.11625068007924],[35.98400542422743,57.11625068007924],[35.99114380724483,57.10673283605592],[35.99947192076479,57.1043533750508],[36.01612814780552,57.11863014108436],[36.05790090768592,57.115060949576204],[36.12333608534634,57.13290690711896],[36.151889617416124,57.13290690711896],[36.176873957977605,57.144804212149175],[36.205427490047484,57.15313232566949],[36.262534554187056,57.16978855271101],[36.319641618327516,57.17573720522435],[36.364851377438114,57.16859882220703],[36.34343622838573,57.18882424075677],[36.3446259588882,57.193583162768874],[36.361282185929014,57.193583162768874],[36.3898357179996,57.18168585773857],[36.42552763308687,57.190013971258885],[36.4386146686185,57.17930639673345],[36.458840087168326,57.17930639673345],[36.47906550571815,57.17692693572735],[36.50761903778802,57.18168585773857],[36.53974176136691,57.17811666623035],[36.57424394595091,57.17335774421914],[36.59446936450074,57.18644477975067],[36.62064343556479,57.18644477975067],[36.63492020159968,57.203101006792195],[36.65395588964623,57.19953181528398],[36.66942238618448,57.20904965930553],[36.66704292517865,57.22332642534184],[36.688458074231036,57.22808534735217],[36.69916564875754,57.24117238288548],[36.725339719821584,57.24831076590182],[36.7384267553532,57.26377726244024],[36.76341109591469,57.270915645458444],[36.77530840094376,57.31969459607806],[36.81337977703686,57.31493567406507],[36.831225734580855,57.32445351808839],[36.853125588653356,57.32326378758627],[36.856694780161746,57.33635082311771],[36.842418014126764,57.34467893663803],[36.847176936138425,57.358955702674436],[36.86740235468834,57.364904355187676],[36.89714561726069,57.361335163679556],[36.89833534776396,57.37918112122408],[36.92212995782208,57.39345788725764],[36.92212995782208,57.41011411429916],[36.962580794921024,57.41130384480217],[36.986375404979235,57.40654492279104],[36.986375404979235,57.41606276681436],[36.970908908441785,57.425580610837685],[36.989944596488336,57.46127252592399],[37.01730839805565,57.45651360391188],[37.02087758956404,57.46960063944519],[37.09464088074513,57.48149794447363],[37.06489761817208,57.48982605799395],[37.14223010086157,57.57191746269474],[37.133901987340806,57.596901803256486],[37.11605602979752,57.596901803256486],[37.09345115024186,57.64092183186399],[37.07203600118948,57.64211156236797],[37.06727707917791,57.6528191368943],[37.038723547108034,57.67423428594704],[37.06251815716625,57.68494186047248],[37.05775923515459,57.69802889600392],[37.11486629929425,57.72182350606364],[37.11486629929425,57.72777215857698],[37.148178753375696,57.730151619583964],[37.20647554801863,57.72420296706876],[37.229080427574374,57.733720811092084],[37.200526895504495,57.736100272097204],[37.160076058404755,57.736100272097204],[37.131522526334976,57.738479733103304],[37.131522526334976,57.747997577126625],[37.113676568791774,57.747997577126625],[37.133901987340806,57.78368949221479],[37.122004682311655,57.79796625825021],[37.111297107785944,57.80510464126655],[37.11486629929425,57.82770952082141],[37.10653818577428,57.84079655635472],[37.12557387382084,57.86340143590948],[37.09107168923603,57.8717295494298],[37.10415872476845,57.88600631546434],[37.152937675387264,57.88243712395612],[37.20647554801863,57.87648847144102],[37.23740854109424,57.875298740938014],[37.24454692411173,57.896713889990664],[37.22313177505935,57.91099065602609],[37.205285817516156,57.91693930854031],[37.1826809379605,57.9133701170313],[37.17673228544628,57.92526742206063],[37.19359970294394,57.9323372758936],[37.19003051143555,57.94542431142504],[37.170994823389,57.954942155448364],[37.14720021333008,57.94423458092204],[37.086523957682026,57.96208053846568],[37.087713688184586,57.97516757399721],[37.055590964605614,57.98825460953052],[37.03536554605658,57.98468541802053],[37.01989904951833,57.98111622651321],[37.0103812054951,57.98230595701533],[36.99729416996348,57.99896218405685],[36.977068751413654,58.01204921958829],[36.974689290407824,58.027515716126814],[36.942566566828845,58.02394652461682],[36.950894680349606,58.038223290653136],[36.919961687273904,58.03346436864014],[36.929479531297225,58.05368978718979],[36.908064382244135,58.06915628372822],[36.8569059706194,58.06082817020799],[36.84381893508698,58.07272547523643],[36.82002432502877,58.08343304976276],[36.81764486402302,58.098899546301276],[36.82597297754299,58.14291957490878],[36.81407567251384,58.1524374189321],[36.8188345945255,58.16671418496753],[36.8009886369823,58.15838607144721],[36.80574755899396,58.17861148999597],[36.786711870947315,58.17861148999597],[36.77600429642072,58.186939603517175],[36.753399416865875,58.186939603517175],[36.752209686362605,58.17266283748263],[36.717707501777795,58.17266283748263],[36.706999927252,58.18456014251028],[36.70105127473707,58.21073421357504],[36.67963612568478,58.1988369085457],[36.67487720367312,58.17980122049906],[36.627287983556684,58.17742175949385],[36.58683714645704,58.17742175949385],[36.57256038042206,58.16790391547053],[36.53567873483231,58.17266283748263],[36.51307385527666,58.16671418496753],[36.475002479183544,58.160765532452416],[36.43336191158134,58.14054011390269],[36.37625484744168,58.165524454463636],[36.36078835090343,58.1524374189321],[36.31914778330122,58.12745307837124],[36.295353173243,58.11317631233581],[36.2882147902256,58.091761163283074],[36.254902336144156,58.09414062428917],[36.22991799558267,58.11079685132972],[36.185897966974636,58.12983253937725],[36.14901632138479,58.15719634094421],[36.08477087422693,58.151247688429095],[36.039561115116335,58.14172984440577],[36.01100758304655,58.13816065289757],[35.98245405097667,58.14648876641788],[35.96222863242685,58.14648876641788],[35.95746971041528,58.13102226987937],[35.93010590884788,58.12745307837124],[35.888465341246466,58.11793523434792],[35.84087612112933,58.091761163283074],[35.83254800760936,58.08343304976276],[35.81708151107111,58.08343304976276],[35.80042528403039,58.07986385825463],[35.78376905698967,58.08105358875764],[35.76949229095477,58.07391520573944],[35.745697680896555,58.0667768227231],[35.75153715036622,58.039043933169566],[35.75510634187496,58.0152493231117],[35.7919879874656,58.018818514619824],[35.801505831488655,58.0128698621056],[35.79079825696242,58.00216228757839],[35.80745448400377,57.99621363506408],[35.80745448400377,57.97955740802265],[35.79079825696242,57.95695252846868],[35.78841879595686,57.93791684042115],[35.8050750229974,57.92364007438573],[35.8050750229974,57.90698384734607],[35.81816205853001,57.884378967790326],[35.80745448400377,57.84749732220004],[35.81459286702126,57.83916920867884],[35.83719774657611,57.8356000171716],[35.83957720758248,57.81775405962708],[35.8312490940618,57.792769719066214],[35.8050750229974,57.77730322252769],[35.78722906545367,57.78087241403591],[35.776521490927436,57.76302645649325],[35.75510634187496,57.75588807347593],[35.72893227081128,57.76064699548715],[35.70870685226119,57.75707780397894],[35.713465774273025,57.74755995995473],[35.70513766075244,57.73328319392019],[35.70989658276428,57.715437236375664],[35.740829575839896,57.697591278832114],[35.73726038433115,57.6868837043057],[35.71227604376993,57.67974532128936],[35.6956198167293,57.66308909424784],[35.67182520667126,57.655950711230616],[35.667066284659334,57.648812328213396],[35.69205062522055,57.639294484189094],[35.68610197270633,57.62025879614343],[35.713465774273025,57.60479229960491],[35.719414426787424,57.58694634206225],[35.738450114834336,57.575049037031945],[35.731311731816845,57.564341462506505],[35.753916611372496,57.551254426973195],[35.75867553338371,57.53697766093954],[35.769383107909945,57.52983927792232],[35.76105499438999,57.51675224238901],[35.770572838413045,57.50723439836658],[35.78365987394493,57.504854937359596],[35.77414202992179,57.489388440822054],[35.73488092332559,57.473921944285394],[35.681343050694316,57.47035275277541],[35.63256410007506,57.45607598674087],[35.58140568844935,57.43347110718513],[35.56118026990006,57.410866227629384],[35.56237000040325,57.38112296505642],[35.55047269537383,57.37160512103398],[35.52310889380705,57.37398458204008],[35.52072943280068,57.36327700751278],[35.53994218602149,57.35689937834742],[35.54470110803315,57.343812342815895],[35.531614072501526,57.331915037785585],[35.555408682559744,57.32477665476925],[35.555408682559744,57.31525881074593],[35.53994218602149,57.299792314207494],[35.5780135621154,57.27599770414964],[35.6125157466994,57.26529012962331],[35.67676119385727,57.26053120761121],[35.67676119385727,57.25101336358789],[35.666053619330675,57.245064711074555],[35.69579688190382,57.23078794503815],[35.716022300452934,57.21175225699151],[35.75409367654675,57.2129419874946],[35.77193963409003,57.2069933349803],[35.76480125107254,57.195096029951856],[35.746059323643955,57.18049612723737]]]]}},{"type":"Feature","properties":{"kind":"district","id":"uyezd-1897-273","name":"Зубцовский","provinceId":"gubernia-1897-75"},"geometry":{"type":"MultiPolygon","coordinates":[[[[34.120099628896654,56.01170208089321],[34.122415011875646,56.01112323514825],[34.142640430425466,56.01112323514825],[34.142640430425466,56.01707188766433],[34.139071238916365,56.02421027068155],[34.164055579477846,56.03372811470399],[34.17357342350117,56.02777946218977],[34.20331668607423,56.03134865369789],[34.22592156562908,56.01707188766433],[34.20926533858845,55.999225930119806],[34.17357342350117,55.979000511570156],[34.17714261500947,55.9587750930214],[34.20212695557096,55.959964823523514],[34.21759345210912,55.94806751849498],[34.2497161756873,55.9563956320153],[34.275890246751345,55.95520590151132],[34.316341083850986,55.9575853625183],[34.35322272944083,55.96591347603862],[34.36868922597908,55.95282644050531],[34.38058653100814,55.93260102195656],[34.3960530275463,55.92427290843535],[34.44364224766274,55.92427290843535],[34.44364224766274,55.915944794915035],[34.47100604923005,55.915944794915035],[34.5114568863289,55.93260102195656],[34.53882068789621,55.93141129145355],[34.58165098600098,55.94330859648199],[34.59354829103005,55.94330859648199],[34.6018764045501,55.900478298378374],[34.63161966712315,55.87787341882175],[34.63637858913481,55.899288567875374],[34.63399912812898,55.923083177933236],[34.65660400768472,55.923083177933236],[34.655414277181364,55.902857759383586],[34.668501312713786,55.89452964586327],[34.67801915673702,55.91237560340691],[34.68039861774285,55.93973940497476],[34.6994343057894,55.95520590151132],[34.73036729886502,55.96353401503164],[34.731557029368375,55.97305185905496],[34.75535163942651,55.97424158955796],[34.78866409350795,55.9575853625183],[34.79937166803454,55.97305185905496],[34.83506358312182,55.976621050564944],[34.84815061865344,55.96115455402652],[34.883842533741515,55.9516367100032],[34.88979118625565,55.980190242073164],[34.86599657619743,55.9944670081077],[34.883842533741515,55.996846469114686],[34.92905229285212,55.979000511570156],[34.97069286045432,55.981379972576164],[34.98734908749505,55.98851835559348],[35.011143697553265,55.986138894588265],[35.044456151634705,56.001605391124926],[35.08609671923692,55.98256970307828],[35.133685939353256,55.977810781068044],[35.140662986150744,55.97897362220192],[35.162239471423135,55.98256970307828],[35.18722381198452,56.002795121627926],[35.228864379586824,56.02540000118465],[35.22410545757516,56.04443568923129],[35.2645562946741,56.04562541973429],[35.30619686227631,56.04562541973429],[35.313335245293715,56.081317334820596],[35.30500713177295,56.08964544834091],[35.321663358813765,56.11938871091388],[35.28240225221809,56.11225032789754],[35.27050494718903,56.144373051475625],[35.315714706299545,56.16459847002537],[35.315714706299545,56.1788752360599],[35.343078507866856,56.18125469706502],[35.34783742987852,56.200290385111664],[35.322853089317036,56.20861849863287],[35.328801741831164,56.24074122221096],[35.344268238369416,56.25144879673826],[35.4144623380415,56.25144879673826],[35.42992883457966,56.24550014422315],[35.466810480169414,56.25144879673826],[35.485846168215964,56.26215637126458],[35.52993963697894,56.27402430023085],[35.50257583541162,56.28354214425417],[35.47283257283848,56.30614702381081],[35.44546877127196,56.312095676324134],[35.422863891716304,56.333510825377765],[35.39550009014899,56.335890286382885],[35.37170548009078,56.335890286382885],[35.345531409026734,56.31923405934136],[35.35148006154175,56.30971621531804],[35.31459841595112,56.2978189102896],[35.301511380418695,56.2978189102896],[35.27890650086384,56.30971621531804],[35.28485515337806,56.32756217286257],[35.32530599047771,56.363254087950736],[35.34910060053592,56.37872058448738],[35.345531409026734,56.40251519454702],[35.34077248701516,56.413222769073435],[35.31816760745951,56.42274061309489],[35.29675245840713,56.42274061309489],[35.291993536395466,56.408463847060354],[35.264629734828944,56.408463847060354],[35.24202485527329,56.39656654203191],[35.190866443647764,56.407274116557346],[35.17658967761287,56.41441249957555],[35.16350264208125,56.41441249957555],[35.15755398956632,56.39894600303703],[35.13375937950819,56.3918076200207],[35.134949110010666,56.37634112348226],[35.09687773391755,56.37753085398438],[35.06475501033858,56.36801300996106],[35.04809878329786,56.37753085398438],[35.04809878329786,56.39418708102582],[35.03144255625713,56.407274116557346],[35.036201478268794,56.417981691083675],[35.025493903743,56.42036115209066],[35.00526848519318,56.41679196058067],[34.994560910666586,56.40370492504914],[34.94102303803602,56.408463847060354],[34.8755878603756,56.41203303857034],[34.857741902831606,56.3918076200207],[34.82086025724097,56.39656654203191],[34.79111699466871,56.39656654203191],[34.73400993052826,56.395376811528905],[34.730440739019954,56.40132546404402],[34.70545639845838,56.40132546404402],[34.682851518903526,56.38110004549348],[34.651918525827114,56.37753085398438],[34.64470670265557,56.370421847029334],[34.63994778064391,56.34900669797757],[34.60782505706503,56.34186831495937],[34.55785637594276,56.33710939294726],[34.53406176588455,56.31688397439753],[34.53406176588455,56.296658555847884],[34.46624712721839,56.2597769102576],[34.444831978165205,56.22646445617651],[34.43888332565108,56.19553146310045],[34.435314134141976,56.16935739203658],[34.42698602062201,56.16935739203658],[34.41627844609542,56.18006496656379],[34.34846380742917,56.17530604455169],[34.35322272944083,56.16221900901838],[34.32704865837678,56.157460087007166],[34.315151353347716,56.1788752360599],[34.19141938104437,56.157460087007166],[34.19260911154764,56.139614129463524],[34.18071180651857,56.12057844141688],[34.17476315400364,56.09678383135902],[34.187850189536064,56.08488652633058],[34.16881450148951,56.076558412809376],[34.161676118472016,56.065850838283936],[34.130743125396314,56.058712455265734],[34.07958471377087,56.04443568923129],[34.05697983421522,56.03253838420098],[34.08315390527926,56.01350269615434],[34.108138245840664,56.01469242665823],[34.120099628896654,56.01170208089321]]]]}},{"type":"Feature","properties":{"kind":"district","id":"uyezd-1897-285","name":"Тверской","provinceId":"gubernia-1897-75"},"geometry":{"type":"MultiPolygon","coordinates":[[[[35.96615946668335,56.373858846259296],[35.96259027517496,56.39170480380382],[35.96853892768918,56.397653456318935],[35.99352326825066,56.39170480380382],[36.043491949372836,56.452381059451874],[36.0375432968587,56.459519442470075],[36.0482508713845,56.471416747498516],[36.06847628993432,56.46308863397829],[36.080373594963376,56.469037286493396],[36.09584009150083,56.465468094985184],[36.111306588039085,56.47022701699551],[36.14461904212053,56.46784755599039],[36.15175742513802,56.48093459152184],[36.15056769463546,56.50472920158156],[36.16603419117291,56.50710866258668],[36.16722392167618,56.521385428621215],[36.179121226705334,56.52733408113633],[36.19696718424933,56.52852381163844],[36.23265909933661,56.542800577674846],[36.29452508548793,56.56183626572149],[36.30523266001443,56.57611303175602],[36.32545807856354,56.57492330125294],[36.32307861755771,56.56421572672661],[36.33735538359261,56.56421572672661],[36.3480629581192,56.58206168426936],[36.412308405276264,56.59395898929958],[36.43848247634031,56.585630875779344],[36.4491900508669,56.597528180807785],[36.48726142696,56.59038979779145],[36.49439980997741,56.605856294328994],[36.52533280305383,56.60942548583721],[36.53128145556805,56.615374138352315],[36.55758771891019,56.62489198237561],[36.55758771891019,56.64392767042225],[36.51118822929632,56.658204436455904],[36.493342271753036,56.652255783942564],[36.46240927867743,56.658204436455904],[36.43623520761267,56.68080931601253],[36.38626652649041,56.69508608204707],[36.323210809835906,56.71769096160183],[36.326780001344915,56.741485571661556],[36.34819515039739,56.764090451216326],[36.38269733498211,56.75695206819822],[36.38388706548467,56.77836721725184],[36.40173302302866,56.8009720968066],[36.44694278213926,56.83904347289901],[36.42909682459518,56.890201884525595],[36.39578437051373,56.905668381062256],[36.367230838443945,56.94373975715554],[36.3410567673799,56.96277544520218],[36.26967293720455,57.01512358733178],[36.23873994412893,57.038918197389634],[36.23873994412893,57.052005232921175],[36.19353018501833,57.0662819989566],[36.18639180200093,57.052005232921175],[36.173304766468505,57.048436041412955],[36.161407461439445,57.061523076944496],[36.143561503896166,57.061523076944496],[36.128095007358,57.061523076944496],[36.128095007358,57.08055876499114],[36.10192093629395,57.10078418354078],[36.05790090768592,57.115060949576204],[36.01612814780552,57.11863014108436],[35.99947192076479,57.1043533750508],[35.99114380724483,57.10673283605592],[35.98400542422743,57.11625068007924],[35.95545189215676,57.11625068007924],[35.93165728209854,57.093645800524385],[35.920949707572746,57.072230651470846],[35.906672941537856,57.07342038197474],[35.86860156544404,57.12695825460557],[35.796028004766924,57.13171717661767],[35.765095011690505,57.17811666623038],[35.746059323643955,57.18049612723737],[35.70441875604175,57.1816858577386],[35.64493223089626,57.132906907118894],[35.604481393797315,57.09483553102659],[35.609240315808975,57.07342038197474],[35.592584088768255,57.056764154933305],[35.57711759223,57.025831161858136],[35.55570244317771,57.01274412632482],[35.52238998909617,56.98894951626696],[35.533097563621965,56.975862480735515],[35.571168939715875,56.960395984197],[35.55808190418354,56.94730894866555],[35.5140618755755,56.93779110464223],[35.49740564853469,56.92470406910893],[35.51763106708451,56.90447865056105],[35.45338561992665,56.90447865056105],[35.35820717969388,56.911617033577386],[35.32727418661827,56.900909459051064],[35.259459547952105,56.86640727446777],[35.20116275330908,56.834284550887816],[35.16428110771854,56.81167967133296],[35.18093733475926,56.80692074932085],[35.20711140582321,56.78074667825788],[35.27016712247789,56.783126139263],[35.33203310862993,56.778367217251784],[35.36058664069971,56.75695206819815],[35.382001789752096,56.758141798701246],[35.39746828629035,56.74981368518182],[35.385570981260486,56.742675302163704],[35.411745052325244,56.7367266496485],[35.428401279365964,56.712932039591536],[35.41293478282771,56.690327160034904],[35.45576508093248,56.64868659243261],[35.47955969099141,56.62608171287775],[35.48074942149397,56.586820606281464],[35.49859537903805,56.57373357074904],[35.51882079758707,56.57730276225814],[35.541425677142726,56.5665951877327],[35.533097563621965,56.5535081521994],[35.599722471785654,56.50234974057457],[35.64969115290792,56.49521135755824],[35.64255276989043,56.484503783031826],[35.60805058530562,56.473796208505505],[35.609240315808975,56.45595025096186],[35.63541438687302,56.45832971196707],[35.64850142240536,56.46665782548828],[35.66277818844034,56.46427836448218],[35.66515764944608,56.452381059451874],[35.71869552207744,56.459519442470075],[35.71274686956251,56.47974486101883],[35.730592827106506,56.48331405252793],[35.737731210124,56.473796208505505],[35.755577167667276,56.47736540001371],[35.76985393370208,56.47736540001371],[35.791269082755264,56.48569351353492],[35.793648543761094,56.47736540001371],[35.81744315381931,56.4761756695116],[35.83528911136259,56.48331405252793],[35.8388583028716,56.46665782548828],[35.83409938086003,56.444052945931645],[35.851945338403226,56.438104293417425],[35.886447522988036,56.41311995285558],[35.94236485662513,56.38456642078562],[35.96615946668335,56.373858846259296]]]]}},{"type":"Feature","properties":{"kind":"district","id":"uyezd-1897-294","name":"Корчевский","provinceId":"gubernia-1897-75"},"geometry":{"type":"MultiPolygon","coordinates":[[[[37.224674018303844,56.713813321443894],[37.249658358865325,56.74831550602905],[37.240140514842096,56.753074428040264],[37.224674018303844,56.75426415854416],[37.21872536578971,56.77092038558382],[37.234191862327165,56.773299846589914],[37.234191862327165,56.79114580413355],[37.256796741882816,56.79233553463656],[37.28059135194103,56.81375068369019],[37.310334614514176,56.82326852771351],[37.34840599060719,56.83159664123285],[37.36149302613961,56.862529634309794],[37.36863140915702,56.88156532235644],[37.388856827706135,56.89108316637976],[37.44358443084076,56.89108316637976],[37.469758501904806,56.90773939341942],[37.47808661542477,56.923205889957934],[37.47808661542477,56.952949152530906],[37.48879418995127,56.97793349309265],[37.469758501904806,56.99102052862419],[37.44596389184659,56.99815891164239],[37.406702785250125,56.98269241510387],[37.36387248714544,56.98269241510387],[37.37576979217451,57.01005621667083],[37.37814925318034,57.02433298270537],[37.42335901229094,57.0409892097468],[37.451912544360724,57.057645436786544],[37.46940598916279,57.0746101124778],[37.46345733664866,57.09840472253468],[37.44204218759627,57.107922566558],[37.40991946401729,57.107922566558],[37.39445296747904,57.112681488571084],[37.38969404546747,57.122199332594406],[37.41348865552568,57.13290690711896],[37.430144882567205,57.137665829131066],[37.41705784703478,57.14718367315439],[37.39445296747904,57.1614604391907],[37.381365931947514,57.17335774421914],[37.37898647094168,57.19120370176189],[37.40991946401729,57.203101006792195],[37.400401619994064,57.21261885081552],[37.386124853959174,57.21737777282674],[37.37303781842675,57.21737777282674],[37.36946862691836,57.22689561685006],[37.38493512345581,57.23284426936516],[37.36946862691836,57.2447415743936],[37.35043293887189,57.25782860992514],[37.33377671183037,57.2518799574118],[37.312361562777895,57.25306968791481],[37.28499776121147,57.24355184389149],[37.26120315115325,57.2387929218785],[37.24811611562083,57.21975723383186],[37.22194204455688,57.21975723383186],[37.168404171925516,57.22689561685006],[37.15650686689646,57.24355184389149],[37.11486629929425,57.26020807093212],[37.06846680968038,57.25663887942302],[37.04943112163383,57.26020807093212],[37.038723547108034,57.28162321998477],[37.02206732006731,57.288761603001106],[36.994703518499996,57.284002680989985],[36.9875651354826,57.295899986018426],[36.94235537637199,57.30422809953963],[36.94116564586872,57.32088432658115],[36.92331968832464,57.32088432658115],[36.89833534776396,57.30779729104775],[36.86026397167085,57.31374594356295],[36.853125588653356,57.32326378758627],[36.831225734580855,57.32445351808839],[36.81337977703686,57.31493567406507],[36.77530840094376,57.31969459607806],[36.76341109591469,57.270915645458444],[36.7384267553532,57.26377726244024],[36.725339719821584,57.24831076590182],[36.69916564875754,57.24117238288548],[36.688458074231036,57.22808534735217],[36.66704292517865,57.22332642534184],[36.66942238618448,57.20904965930553],[36.65395588964623,57.19953181528398],[36.63492020159968,57.203101006792195],[36.62064343556479,57.18644477975067],[36.59446936450074,57.18644477975067],[36.57424394595091,57.17335774421914],[36.53974176136691,57.17811666623035],[36.50761903778802,57.18168585773857],[36.47906550571815,57.17692693572735],[36.458840087168326,57.17930639673345],[36.4386146686185,57.17930639673345],[36.42552763308687,57.190013971258885],[36.3898357179996,57.18168585773857],[36.361282185929014,57.193583162768874],[36.3446259588882,57.193583162768874],[36.34343622838573,57.18882424075677],[36.364851377438114,57.16859882220703],[36.319641618327516,57.17573720522435],[36.262534554187056,57.16978855271101],[36.205427490047484,57.15313232566949],[36.176873957977605,57.144804212149175],[36.151889617416124,57.13290690711896],[36.12333608534634,57.13290690711896],[36.05790090768592,57.115060949576204],[36.10192093629395,57.10078418354078],[36.128095007358,57.08055876499114],[36.128095007358,57.061523076944496],[36.143561503896166,57.061523076944496],[36.161407461439445,57.061523076944496],[36.173304766468505,57.048436041412955],[36.18639180200093,57.052005232921175],[36.19353018501833,57.0662819989566],[36.23873994412893,57.052005232921175],[36.23873994412893,57.038918197389634],[36.26967293720455,57.01512358733178],[36.3410567673799,56.96277544520218],[36.367230838443945,56.94373975715554],[36.39578437051373,56.905668381062256],[36.42909682459518,56.890201884525595],[36.44694278213926,56.83904347289901],[36.40173302302866,56.8009720968066],[36.38388706548467,56.77836721725184],[36.38269733498211,56.75695206819822],[36.34819515039739,56.764090451216326],[36.326780001344915,56.741485571661556],[36.323210809835906,56.71769096160183],[36.38626652649041,56.69508608204707],[36.43623520761267,56.68080931601253],[36.46240927867743,56.658204436455904],[36.493342271753036,56.652255783942564],[36.51118822929632,56.658204436455904],[36.55758771891019,56.64392767042225],[36.55758771891019,56.62489198237561],[36.58138232896832,56.61537413835229],[36.60874613053572,56.63678928740414],[36.63492020159968,56.65344551444557],[36.65276615914367,56.67129147198921],[36.68964780473351,56.68318877701863],[36.69440672674588,56.659394166958904],[36.74318567736478,56.67129147198921],[36.746754868873964,56.65344551444557],[36.725339719821584,56.64511740092436],[36.73128837233571,56.63559955690104],[36.84669223111831,56.577302762258114],[36.888332798720604,56.583251414772334],[36.91688633079039,56.56897464873779],[36.95376797638094,56.57373357074901],[36.97518312543332,56.55945680471447],[36.982321508450724,56.54518003867994],[37.05132587762024,56.5332827336515],[37.07155129616936,56.52971354214151],[37.09772536723412,56.53209300314849],[37.09296644522175,56.54636976918303],[37.10605348075417,56.56183626572146],[37.13222755181812,56.579682223264214],[37.13460701282395,56.60109737231598],[37.12270970779489,56.605856294328966],[37.12270970779489,56.62489198237561],[37.10724321125744,56.63916874840926],[37.11795078578323,56.64511740092436],[37.152452970367946,56.64987632293558],[37.153642700870506,56.661773627965886],[37.12746862980655,56.666532549977106],[37.13698647382978,56.67367093299531],[37.15840162288217,56.68556823802375],[37.195283268472714,56.69746554305219],[37.207180573501866,56.70698338707551],[37.224674018303844,56.713813321443894]]]]}},{"type":"Feature","properties":{"kind":"district","id":"uyezd-1897-568","name":"Вышневолоцкий","provinceId":"gubernia-1897-75"},"geometry":{"type":"MultiPolygon","coordinates":[[[[35.52072943280068,57.36327700751278],[35.52310889380705,57.37398458204008],[35.55047269537383,57.37160512103398],[35.56237000040325,57.38112296505642],[35.56118026990006,57.410866227629384],[35.58140568844935,57.43347110718513],[35.63256410007506,57.45607598674087],[35.681343050694316,57.47035275277541],[35.73488092332559,57.473921944285394],[35.77414202992179,57.489388440822054],[35.78365987394493,57.504854937359596],[35.770572838413045,57.50723439836658],[35.76105499438999,57.51675224238901],[35.769383107909945,57.52983927792232],[35.75867553338371,57.53697766093954],[35.753916611372496,57.551254426973195],[35.731311731816845,57.564341462506505],[35.738450114834336,57.575049037031945],[35.719414426787424,57.58694634206225],[35.713465774273025,57.60479229960491],[35.68610197270633,57.62025879614343],[35.69205062522055,57.639294484189094],[35.667066284659334,57.648812328213396],[35.67182520667126,57.655950711230616],[35.6956198167293,57.66308909424784],[35.71227604376993,57.67974532128936],[35.73726038433115,57.6868837043057],[35.740829575839896,57.697591278832114],[35.70989658276428,57.715437236375664],[35.70513766075244,57.73328319392019],[35.713465774273025,57.74755995995473],[35.70870685226119,57.75707780397894],[35.72893227081128,57.76064699548715],[35.75510634187496,57.75588807347593],[35.776521490927436,57.76302645649325],[35.78722906545367,57.78087241403591],[35.8050750229974,57.77730322252769],[35.8312490940618,57.792769719066214],[35.83957720758248,57.81775405962708],[35.83719774657611,57.8356000171716],[35.81459286702126,57.83916920867884],[35.80745448400377,57.84749732220004],[35.81816205853001,57.884378967790326],[35.8050750229974,57.90698384734607],[35.8050750229974,57.92364007438573],[35.78841879595686,57.93791684042115],[35.79079825696242,57.95695252846868],[35.80745448400377,57.97955740802265],[35.80745448400377,57.99621363506408],[35.79079825696242,58.00216228757839],[35.801505831488655,58.0128698621056],[35.7919879874656,58.018818514619824],[35.75510634187496,58.0152493231117],[35.75153715036622,58.039043933169566],[35.745697680896555,58.0667768227231],[35.702867382791084,58.07748439724942],[35.66003708468631,58.08105358875764],[35.6398116661372,58.07986385825463],[35.61482732557572,58.084622780265846],[35.61125813406662,58.098899546301276],[35.581514871494264,58.1084173903246],[35.56128945294444,58.10365846831249],[35.547012686909554,58.10365846831249],[35.54463322590372,58.114366042839706],[35.47681858723747,58.115555773342706],[35.46849047371751,58.13459146138935],[35.38877853002219,58.13578119189245],[35.290030898279525,58.13816065289757],[35.292410359285356,58.1524374189321],[35.28170278475956,58.165524454463636],[35.287651437273695,58.182180681505955],[35.26623628822139,58.1988369085457],[35.27099521023297,58.21430340508414],[35.235681930399615,58.240941006614804],[35.22497435587302,58.254028042148114],[35.20236947631817,58.2433204676217],[35.2083181288323,58.236182084603584],[35.17500567475085,58.21833612705995],[35.15121106469273,58.22547451007815],[35.12622672413116,58.205249091528415],[35.076258043008984,58.1981107085103],[35.057222354962434,58.189782594989985],[35.02153043987515,58.189782594989985],[34.98940771629627,58.20286963052152],[34.98702825529044,58.21476693555174],[34.9537158012089,58.21952585756206],[34.85734763047286,58.205249091528415],[34.800240566332405,58.22428477957506],[34.77525622577171,58.21476693555174],[34.76216919023929,58.213577205048736],[34.75503080722189,58.20643882203062],[34.707441587105464,58.18859286448698],[34.72885673615785,58.183833942475765],[34.75265134621606,58.18502367297877],[34.75146161571279,58.17312636794846],[34.78120487828593,58.16360852392514],[34.75503080722189,58.15290094939881],[34.72528754464875,58.14100364437037],[34.7371848496779,58.12672687833584],[34.73361565816951,58.10650145978619],[34.73599511917534,58.100552807270994],[34.71814916163126,58.080327388721344],[34.67531886352658,58.07437873620624],[34.63010910441598,58.0612917006747],[34.59560691983126,58.04939439564626],[34.58014042329301,58.04939439564626],[34.56586365725812,58.06010197017259],[34.52898201166837,58.05058412614927],[34.492100366077736,58.03154843810174],[34.49655773012173,58.00854680037813],[34.47633231157191,57.996649495348706],[34.48228096408675,57.96571650227362],[34.4941782691159,57.93954243120878],[34.50964476565335,57.920506743162136],[34.46324527604028,57.92288620416912],[34.42517389994637,57.90979916863759],[34.40613821189982,57.92169647366612],[34.34903114776016,57.914558090648804],[34.31452896317545,57.93121431768846],[34.27169866507059,57.92288620416912],[34.23481701948013,57.918127282157016],[34.26931920406484,57.90147105511549],[34.287165161608044,57.88719428908095],[34.27883704808808,57.86696887053131],[34.27407812607642,57.84912291298767],[34.291924083619705,57.839605068964346],[34.318098154684456,57.821759111421684],[34.32523653770195,57.8181899199117],[34.32166734619285,57.79915423186506],[34.29668300563216,57.79677477085985],[34.27407812607642,57.7836877353284],[34.24671432450919,57.77298016080208],[34.23719648048587,57.761082855771775],[34.20269429590107,57.761082855771775],[34.18841752986626,57.750375281245354],[34.201504565398594,57.73252932370181],[34.18603806886043,57.71944228817027],[34.158674267293826,57.70635525263883],[34.17295103332881,57.692078486602426],[34.183658607854596,57.677801720568866],[34.20269429590107,57.669473607047664],[34.21578133143349,57.64448926648582],[34.2431451330008,57.602848698884415],[34.22410944495425,57.596900046369214],[34.18960726036944,57.606417890392535],[34.164622919808046,57.602848698884415],[34.15034615377316,57.619504925925845],[34.1313104657266,57.624263847937954],[34.09680828114179,57.66709414604245],[34.08491097611273,57.66233522403034],[34.11584396918835,57.619504925925845],[34.09918774214762,57.61474600391463],[34.04446013901379,57.594520585364094],[34.000440110405755,57.58143354983256],[33.95879954280355,57.58500274134077],[33.95879954280355,57.55288001776171],[33.979024961353375,57.539792982230175],[33.986163344370866,57.52908540770474],[33.95879954280355,57.52075729418353],[33.9326254717395,57.50885998915509],[33.91358978369304,57.5064805281481],[33.8945540956464,57.47911672658212],[33.858862180559115,57.47197834356392],[33.824359995974405,57.457701577528496],[33.78747835038385,57.455322116522396],[33.75773508781142,57.42081993193919],[33.73513020825577,57.40297397439555],[33.75873855798352,57.39539973109273],[33.78134343753917,57.37993323455341],[33.83845050167919,57.36803592952586],[33.805138047597296,57.326395361922586],[33.78134343753917,57.326395361922586],[33.76587694100101,57.31211859588893],[33.753979635972385,57.30141102136261],[33.738513139434225,57.31449805689405],[33.738513139434225,57.329964553432575],[33.7016314938435,57.329964553432575],[33.698062302334755,57.31568778739715],[33.70876987686099,57.30854940437983],[33.7016314938435,57.28951371633231],[33.68735472780852,57.28832398583019],[33.68497526680304,57.27880614180687],[33.67069850076797,57.265719106274446],[33.68021634479103,57.256201262251125],[33.68021634479103,57.2443039572217],[33.65523200422981,57.2443039572217],[33.66118065674492,57.23597584370148],[33.65642173473299,57.22288880816994],[33.639765507692445,57.22169907766694],[33.6361963161837,57.21337096414574],[33.64452442970357,57.19433527609998],[33.671888231271154,57.18362770157277],[33.69330338032363,57.180058510064555],[33.706390415855516,57.172920127047334],[33.70995960736426,57.161022822017024],[33.72542610390242,57.15864336101181],[33.761118018989876,57.13841794246306],[33.76349747999544,57.101536296871885],[33.79680993407733,57.11224387139919],[33.827742927152954,57.11700279341041],[33.842019693187936,57.109864410393094],[33.844399154193496,57.07655195631014],[33.89912675732795,57.08012114782012],[33.93243921140904,57.100346566368884],[33.94314678593528,57.11343360190042],[33.96218247398218,57.13127955944495],[33.99549492806416,57.13960767296615],[34.00501277208722,57.13722821196005],[34.0454636091866,57.13841794246306],[34.0454636091866,57.12176171542163],[34.087104176788365,57.13365902045007],[34.08829390729154,57.14436659497737],[34.12636528338466,57.155074169502804],[34.132313935898964,57.14912551698849],[34.15848800696345,57.155074169502804],[34.15848800696345,57.165781744030014],[34.2072669575827,57.174109857550334],[34.214405340600194,57.15269470849759],[34.27389186574569,57.15388443899971],[34.27508159624896,57.165781744030014],[34.28816863178067,57.174109857550334],[34.30720431982767,57.172920127047334],[34.33099892988571,57.180058510064555],[34.3369475824001,57.20504285062542],[34.3631216534645,57.21337096414574],[34.38810599402572,57.23121692169026],[34.404762221066264,57.24906287923292],[34.43212602263385,57.250252609736904],[34.45116171068005,57.23478611319838],[34.47257685973252,57.2383553047066],[34.48090497325319,57.255011531749005],[34.515407157837465,57.27285748929167],[34.547529881416175,57.27880614180687],[34.55228880342819,57.31092886538593],[34.56180664745116,57.329964553432575],[34.57727314398941,57.35970781600554],[34.59036017952121,57.35970781600554],[34.59987802354506,57.337102936449796],[34.60820613706494,57.32044670940827],[34.64151859114683,57.31806724840227],[34.68077969774312,57.32758509242559],[34.721230534841695,57.333533744939814],[34.7474046059061,57.332344014436806],[34.778337598981715,57.329964553432575],[34.800942478537365,57.346620780472236],[34.837824124128005,57.352569432986456],[34.85923927318056,57.35494889399255],[34.85923927318056,57.3751743125422],[34.89493118826802,57.3751743125422],[34.91872579832606,57.36446673801676],[34.90801822379982,57.35494889399255],[34.93300256436104,57.346620780472236],[34.949658791401674,57.352569432986456],[34.963935557436656,57.346620780472236],[34.97702259296845,57.352569432986456],[34.993678820009805,57.34543104997012],[35.01271450805591,57.35018997198134],[35.01271450805591,57.36208727700978],[35.0258015435886,57.36208727700978],[35.036509118114836,57.3751743125422],[35.063872919681614,57.36446673801676],[35.08647779923727,57.3775537735482],[35.120979983821634,57.3751743125422],[35.150723246394776,57.36684619902277],[35.1626205514234,57.36922566002798],[35.189984352990265,57.36922566002798],[35.20426111902525,57.36208727700978],[35.214968693551484,57.36327700751278],[35.24709141713019,57.36327700751278],[35.2399530341127,57.3787435040513],[35.24590168662782,57.39539973109273],[35.254229800147684,57.413245688635484],[35.28040387121209,57.420384071653686],[35.31609578629954,57.416814880145466],[35.338700665855285,57.408486766623376],[35.387479616474536,57.3787435040513],[35.431499645081956,57.37398458204008],[35.492175900730714,57.36089754650677],[35.52072943280068,57.36327700751278]]]]}},{"type":"Feature","properties":{"kind":"district","id":"uyezd-1897-672","name":"Ржевский","provinceId":"gubernia-1897-75"},"geometry":{"type":"MultiPolygon","coordinates":[[[[33.983495615622004,56.735316598682445],[33.94423450902572,56.726988485162124],[33.89188636689683,56.71985010214482],[33.82764091973941,56.72460902415603],[33.77886196912007,56.72936794616814],[33.737221401518305,56.72817821566513],[33.70747813894516,56.725798754659124],[33.70985759995152,56.7139014496306],[33.69439110341327,56.694865761583955],[33.713426791460265,56.682968456553645],[33.71580625246583,56.665122499010984],[33.7050986779395,56.65441492448368],[33.69201164240779,56.66274303800489],[33.672975954360794,56.66274303800489],[33.65394026631389,56.650845732975554],[33.61824835122634,56.66155330750277],[33.59088454965965,56.65679438549067],[33.565900209098345,56.66274303800489],[33.51474179747272,56.653225193980674],[33.44811688930966,56.63537923643801],[33.38625090315851,56.609205165374064],[33.33390276102962,56.58541055531531],[33.254190817334845,56.57351325028687],[33.226827015767256,56.57351325028687],[33.18518644816541,56.584220824812306],[33.166150760119294,56.57589271129288],[33.17685833464553,56.56042621475356],[33.201167025784656,56.554830074981524],[33.20592594779632,56.53579438693488],[33.21068486980798,56.488205166818275],[33.20592594779632,56.467979748268625],[33.23328974936363,56.45370298223311],[33.2309102883578,56.43823648569557],[33.23685894087273,56.412062414631706],[33.265412472942515,56.397785648597164],[33.265412472942515,56.382319152058734],[33.23328974936363,56.37993969105352],[33.20949513930542,56.34543750646756],[33.22972055785524,56.321642896410594],[33.22615136634614,56.30617639987119],[33.24637678489596,56.30379693886607],[33.24875624590179,56.29665855584787],[33.22972055785524,56.28714071182455],[33.22972055785524,56.2669152932749],[33.24042813238103,56.251448796738245],[33.235669210369366,56.2312233781886],[33.22496163584358,56.22170553416528],[33.24875624590179,56.20029038511165],[33.2868276219949,56.19077254108833],[33.314191423562214,56.170547122540455],[33.34631414714039,56.175306044551675],[33.43078501284728,56.165788200528354],[33.46409746692952,56.15508062600203],[33.499789382016885,56.12890655493719],[33.54261968012166,56.12890655493719],[33.5973472832554,56.08607625683268],[33.6009164747645,56.0432459587273],[33.628280276331814,56.03491784520796],[33.655644077898415,56.04205622822429],[33.68657707097404,56.06585083828392],[33.67705922695072,56.07536868230724],[33.69966410650646,56.109870866890546],[33.72583817757041,56.109870866890546],[33.74963278762863,56.11462978890265],[33.784134972213344,56.107491405885426],[33.805550121265725,56.12057844141687],[33.81863715679815,56.12057844141687],[33.84362149735884,56.107491405885426],[33.86146745490292,56.107491405885426],[33.90072856149929,56.100353022867225],[33.964974008656355,56.095594100856005],[33.98400969670291,56.101542753370225],[33.99352754072615,56.092024909346904],[34.02565026430512,56.08607625683268],[33.99590700173198,56.05752272476272],[33.999476193241165,56.0468151502364],[34.05697983421522,56.03253838420098],[34.07958471377087,56.04443568923129],[34.130743125396314,56.058712455265734],[34.161676118472016,56.065850838283936],[34.16881450148951,56.076558412809376],[34.187850189536064,56.08488652633058],[34.17476315400364,56.09678383135902],[34.18071180651857,56.12057844141688],[34.19260911154764,56.139614129463524],[34.19141938104437,56.157460087007166],[34.315151353347716,56.1788752360599],[34.32704865837678,56.157460087007166],[34.35322272944083,56.16221900901838],[34.34846380742917,56.17530604455169],[34.41627844609542,56.18006496656379],[34.42698602062201,56.16935739203658],[34.435314134141976,56.16935739203658],[34.43888332565108,56.19553146310045],[34.444831978165205,56.22646445617651],[34.46624712721839,56.2597769102576],[34.53406176588455,56.296658555847884],[34.53406176588455,56.31688397439753],[34.55785637594276,56.33710939294726],[34.60782505706503,56.34186831495937],[34.63994778064391,56.34900669797757],[34.64470670265557,56.370421847029334],[34.651918525827114,56.37753085398438],[34.657867178342045,56.400135733540125],[34.630503376774726,56.400135733540125],[34.64359041230715,56.42274061309489],[34.63526229878639,56.43225845712008],[34.60908822772243,56.431068726616985],[34.56982712112597,56.407274116557346],[34.54603251106775,56.40132546404402],[34.49011517743065,56.40132546404402],[34.49487409944231,56.42036115209066],[34.47702814189903,56.42630980460399],[34.461561645360774,56.440586570640306],[34.44371568781758,56.43225845712008],[34.43300811329099,56.42036115209066],[34.39850592870627,56.425120074101876],[34.39136754568878,56.44177630114153],[34.30094802746767,56.43344818762219],[34.27834314791202,56.425120074101876],[34.26406638187713,56.425120074101876],[34.22956419729232,56.39418708102582],[34.20101066522253,56.39894600303703],[34.1986312042167,56.407274116557346],[34.18197497717598,56.42393034359887],[34.19625174321087,56.4346379181252],[34.18673389918755,56.44653522315364],[34.17007767214692,56.45843252818305],[34.17007767214692,56.47865794673359],[34.18554416868428,56.48698606025302],[34.21171823974903,56.51672932282599],[34.19387228220504,56.5179190533281],[34.18078524667262,56.53933420238084],[34.160559828123596,56.54171366338774],[34.152231714602834,56.555990429421385],[34.161749558626155,56.565508273444706],[34.13914467907121,56.573836386965915],[34.13676521806538,56.58454396149135],[34.103452763983135,56.576215847971035],[34.09512465046318,56.59049261400744],[34.09512465046318,56.60238991903588],[34.110591147000626,56.61309749356221],[34.096314380965644,56.624994798590734],[34.09750411146901,56.638081834124044],[34.11416033850973,56.64878940865037],[34.110591147000626,56.67258401870734],[34.093934919959906,56.69756835926998],[34.0630019268842,56.699947820275185],[34.03087920330531,56.709465664298506],[34.00946405425293,56.722552699829954],[33.983495615622004,56.735316598682445]]]]}}]}
