{"type":"FeatureCollection","features":[{"type":"Feature","properties":{"kind":"province","id":"gubernia-1897-36","name":"Смоленская губерния"},"geometry":{"type":"MultiPolygon","coordinates":[[[[33.010496639835274,53.24066187955558],[33.01227451486167,53.25238190517847],[32.99442855731812,53.270227862721214],[32.96825448625354,53.27141759322422],[32.943270145692594,53.26665867121301],[32.91471661362219,53.26071001869789],[32.89211173406697,53.282125167749655],[32.87664523752926,53.3011608557963],[32.8944911950728,53.32257600484993],[32.91947553563456,53.32733492686204],[32.92899337965779,53.32019654384294],[32.961116103236144,53.32138627434595],[33.01703343687325,53.32376573535204],[33.038448585925536,53.34399115390258],[33.038448585925536,53.36659603345832],[33.04082804693137,53.388011182509196],[33.020602628381994,53.42489282809947],[33.02536155039356,53.44511824665001],[33.038448585925536,53.45701555167854],[33.03963831642845,53.467723126205755],[33.02655128089648,53.479620431235176],[33.04320750793711,53.49865611928092],[33.06224319598429,53.526019920848775],[33.0848480755395,53.5295891123569],[33.10150430258013,53.53910695638022],[33.08722753654524,53.56766048844929],[33.061053465481464,53.58312698498773],[33.05510481296618,53.60097294253225],[33.00751559285001,53.60097294253225],[32.98847990480364,53.620008630578894],[32.99323882681521,53.634285396613436],[33.01703343687325,53.64618270164285],[33.0634329264872,53.65808000667129],[33.105073494088785,53.6711670422046],[33.12529891263817,53.66759785069461],[33.13719621766794,53.64856216264797],[33.13481675666211,53.63785458812164],[33.149093522696916,53.621198361081014],[33.14671406169117,53.598593481526244],[33.16099082772598,53.5759886019705],[33.200251934321734,53.590265368005035],[33.24546169343277,53.58550644599382],[33.22761573588923,53.63904431862554],[33.214528700357334,53.67354650320883],[33.23713357991246,53.67354650320883],[33.25497953745601,53.65570054566617],[33.28710226103516,53.63666485761953],[33.31327633209894,53.63904431862554],[33.32398390662509,53.65094162365406],[33.331122289642494,53.67592596421582],[33.38703962327968,53.69734111326856],[33.41440342484717,53.69377192175857],[33.42511099937332,53.704479496285785],[33.453664531442925,53.716376801314226],[33.47745914150106,53.71994599282243],[33.51909970910335,53.713997340309106],[33.51077159558304,53.73065356734965],[33.515530517594605,53.74493033338419],[33.571447851231795,53.79846820601599],[33.620226801850784,53.84962661764072],[33.68923117101986,53.85319580914893],[33.66543656096182,53.867472575185246],[33.629744645874815,53.88412880222588],[33.636883028892214,53.90554395127853],[33.66543656096182,53.90197475976854],[33.68090305749955,53.90554395127853],[33.66662629146474,53.91982071731307],[33.67495440498506,53.93171802234249],[33.67019548297348,53.938856405359715],[33.6356932983893,53.9329077528446],[33.62617545436607,53.942425596868816],[33.65353925593276,53.95194344089214],[33.67376467448214,53.96384074592155],[33.66662629146474,53.994773738996635],[33.66543656096182,54.02927592358171],[33.640452220400874,54.047121881124454],[33.61903707134787,54.07091649118409],[33.631678838867515,54.08140922656368],[33.637627491382005,54.10163464511244],[33.629299377861685,54.115911411146975],[33.57814096623607,54.124239524668184],[33.53531066813166,54.15636224824725],[33.49010090902061,54.16350063126447],[33.47225495147707,54.17777739729901],[33.46392683795675,54.18967470232833],[33.47701387348864,54.19681308534565],[33.49248037002636,54.24083311395404],[33.54958743416646,54.24916122747347],[33.557915547686775,54.267007185018],[33.5805204272419,54.25867907149679],[33.61145342031823,54.25273041898257],[33.601935576294906,54.26938664602312],[33.631678838867515,54.277714759544324],[33.631678838867515,54.293181256081866],[33.69235509451628,54.3026991001043],[33.688785903007535,54.340770476197584],[33.695924286025026,54.362185625251215],[33.6864064420018,54.365754816759335],[33.678078328481476,54.3978775403384],[33.69711401652794,54.42643107240836],[33.73518539262149,54.438328377436804],[33.762549194188274,54.42167215039626],[33.81727679732255,54.447846221460125],[33.86843520894808,54.50019436358981],[33.92197308157873,54.55016304471154],[33.91840389006998,54.57752684627761],[33.9481471526433,54.588234420803936],[34.03380774885302,54.576337115775495],[34.05641262840814,54.56562954125006],[34.092104543496035,54.58347549879272],[34.10757104003376,54.58704469030093],[34.13017591958888,54.60489064784635],[34.144452685624486,54.598941995331145],[34.16586783467669,54.606080378348466],[34.21821597680513,54.61321876136569],[34.22892355133128,54.62273660538901],[34.27532304094444,54.61797768337779],[34.284840884968474,54.62630579689722],[34.27651277144736,54.63582364092054],[34.25271816138932,54.63701337142443],[34.23487220384577,54.64534148494386],[34.22535435982253,54.6631874424875],[34.21226732428985,54.684602591540155],[34.184903522723154,54.69174097455746],[34.18847271423181,54.70244854908468],[34.21821597680513,54.70601774059378],[34.278892232453096,54.69412043556348],[34.34075821860486,54.68698205254625],[34.369311750675266,54.688171783049256],[34.403813935259365,54.70006908807867],[34.43950585034726,54.71434585411312],[34.471628573925614,54.72267396763432],[34.462110729902385,54.69649989656957],[34.46924911291978,54.68222313053414],[34.48947453146908,54.68222313053414],[34.50732048901342,54.688171783049256],[34.52754590756281,54.683412861038036],[34.55966863114107,54.685792322044136],[34.58465297170282,54.69412043556348],[34.61082704276669,54.670325825505614],[34.66555464590097,54.679843669529916],[34.688159525456086,54.68936151355324],[34.70005683048506,54.70244854908468],[34.703626021993806,54.72743288964652],[34.757163894625165,54.72148423713132],[34.77619958267243,54.72267396763432],[34.80356338423921,54.720294506627425],[34.80594284524496,54.710776662604104],[34.82497853329133,54.71315612361012],[34.833306646811735,54.73933019467496],[34.8654293703908,54.73933019467496],[34.89279317195758,54.73695073366984],[34.89398290246049,54.72386369813644],[34.9011212854779,54.711966393108],[34.92372616503373,54.7179150456232],[34.92491589553664,54.73338154215976],[34.94157212257737,54.73576100316586],[34.96893592414406,54.7155355846171],[34.99629972571155,54.688171783049256],[35.02842244929,54.65247986796295],[35.04745813733638,54.64534148494386],[35.064114364377716,54.63225444941233],[35.06530409488063,54.654859328967184],[35.07839113041261,54.66080798148229],[35.08671924393293,54.67270528651082],[35.102185740470645,54.676274478020815],[35.121221428517025,54.68222313053414],[35.137877655558455,54.678653939026816],[35.16286199611941,54.68222313053414],[35.24138420931172,54.68698205254625],[35.2746966633937,54.664377172991394],[35.299681003954746,54.63939283242964],[35.325855075018524,54.64177229343565],[35.36511618161508,54.64534148494386],[35.39485944418769,54.63701337142443],[35.41032594072612,54.64058256293353],[35.41984378474935,54.64653121544687],[35.40794647972038,54.667946364499606],[35.38058267815279,54.67746420852293],[35.41865405424643,54.688171783049256],[35.42817189826967,54.70244854908468],[35.44363839480739,54.711966393108],[35.45553569983636,54.711966393108],[35.46981246587126,54.70839720159988],[35.48527896240968,54.68698205254625],[35.51621195548521,54.688171783049256],[35.538816835040336,54.70958693210199],[35.538816835040336,54.72386369813644],[35.51859141649104,54.72386369813644],[35.497176267438746,54.731002081153754],[35.48408923190686,54.741709655680964],[35.49955572844458,54.755986421715505],[35.47100219637408,54.76669399624281],[35.44720758631613,54.77859130127036],[35.39723890519343,54.77978103177425],[35.366305912117994,54.757176152219486],[35.34489076306569,54.755986421715505],[35.32942426652727,54.76312480473282],[35.32228588350986,54.77978103177425],[35.25566097534653,54.78572968428945],[35.22353825176826,54.79405779780879],[35.225917712774006,54.814283216358525],[35.204502563721704,54.826180521387855],[35.214020407745025,54.85473405345782],[35.237815017803065,54.86187243647513],[35.291352890434425,54.86782108899024],[35.31395776998954,54.898754082065324],[35.304439925966314,54.91184111759686],[35.32942426652727,54.948722763187135],[35.28540423791985,54.95586114620525],[35.28183504641119,54.983224947772214],[35.22472798227109,54.983224947772214],[35.18070795366296,55.00701955783007],[35.168810648633986,54.98560440877831],[35.140257116564285,54.99393252229952],[35.0914781659445,54.99512225280163],[35.08790897443585,55.00582982732706],[35.11646250650546,55.01772713235728],[35.112893314996796,55.0212963238655],[35.10694466248222,55.02367578487248],[35.11170358449388,55.0331936288958],[35.08196032192136,55.0248655153746],[35.08671924393293,55.03795255090604],[35.09623708795616,55.052229316942444],[35.05935544236615,55.06412662197],[35.033181371301566,55.07602392700031],[35.02247379677542,55.09743907605295],[35.014145683255194,55.12956179963024],[35.03437110180448,55.141459104660456],[35.052217059347946,55.1604947927071],[35.06530409488063,55.17596128924562],[35.08077059141844,55.17120236723254],[35.08671924393293,55.146218026672656],[35.105754931979305,55.12004395560692],[35.16524145712524,55.142648835162575],[35.16286199611943,55.177151019747726],[35.18903606718328,55.19261751628619],[35.20212310271597,55.18428940276499],[35.21164094673918,55.19142778578225],[35.20688202472758,55.20570455181769],[35.210451216236265,55.21522239584101],[35.21996906025947,55.209273743326776],[35.230676634785596,55.209273743326776],[35.236625287300114,55.22711970086948],[35.22353825176822,55.25091431092915],[35.25804043635236,55.26281161595671],[35.29016315993147,55.254483502437324],[35.35083941558025,55.23782727539674],[35.42698216776677,55.231878622881595],[35.453156238830616,55.242586197407945],[35.49717626743876,55.26757053796973],[35.51978114699392,55.27113972947791],[35.59116497716877,55.302072722553916],[35.61852877873636,55.32229814110356],[35.6566001548292,55.359179786692955],[35.70656883595181,55.34847221216752],[35.71608667997505,55.35561059518474],[35.73631209852434,55.36036951719596],[35.73631209852434,55.378215474740486],[35.70775856645473,55.39130251027202],[35.70299964444315,55.42104577284499],[35.68753314790544,55.4246149643532],[35.67801530388141,55.41628685083377],[35.66968719036109,55.42104577284499],[35.670876920864,55.43413280837652],[35.68753314790544,55.460306879441276],[35.62685689225658,55.45911714893916],[35.599493090689094,55.44008146089163],[35.562611445099165,55.46149660994526],[35.525729799508355,55.46744526245859],[35.54476548755482,55.49599879452855],[35.562611445099165,55.48291175899613],[35.584026594151375,55.48291175899613],[35.614959587226814,55.49005014201522],[35.61733904823345,55.53407017062184],[35.58759578566012,55.5186036740843],[35.57450875012823,55.51979340458641],[35.53762710453742,55.55905451118448],[35.497176267438746,55.591177234762654],[35.50907357246781,55.612592383814416],[35.525729799508355,55.607833461803196],[35.555473062081674,55.603074539791095],[35.56380117560208,55.614971844820516],[35.5721292891224,55.614971844820516],[35.56499090610491,55.63638699387228],[35.536437374034506,55.63400753286716],[35.51621195548521,55.63638699387228],[35.5078838419649,55.64947402940558],[35.52335033850261,55.66613025644622],[35.53762710453742,55.694683788515206],[35.530488721520015,55.71371947656185],[35.512642763976466,55.756549774668215],[35.47338165737991,55.761308696679436],[35.44720758631613,55.76249842718155],[35.4162745932406,55.76249842718155],[35.401997827205,55.757739505170335],[35.37701348664414,55.767257349193656],[35.38296213915862,55.7839135762342],[35.3532188765861,55.78510330673729],[35.340131841054124,55.77796492371909],[35.33061399703009,55.7862930372394],[35.31276803948663,55.7862930372394],[35.30800911747506,55.79819034226874],[35.27826585490244,55.79819034226874],[35.26636854987348,55.80889791679604],[35.27826585490244,55.81603629981326],[35.2746966633937,55.831502796351785],[35.259230166855275,55.831502796351785],[35.199743641710135,55.89098932149683],[35.2604198973581,55.89812770451405],[35.28183504641119,55.91954285356768],[35.29849127345183,55.93738881111043],[35.28421450741702,55.95642449915707],[35.209261485733364,55.93500935010522],[35.202123102715966,55.94333746362465],[35.192605258691934,55.93619908060734],[35.190225797686104,55.920732584069796],[35.1414468470672,55.96237315167218],[35.14066298615085,55.97897362220097],[35.13368593935371,55.97781078106982],[35.08609671923682,55.9825697030783],[35.044456151634506,56.00160539112494],[35.01114369755322,55.986138894588294],[34.987349087495204,55.98851835559344],[34.97069286045456,55.98137997257618],[34.92905229285225,55.97900051157194],[34.88384253374193,55.996846469114644],[34.86599657619763,55.99446700810768],[34.88979118625565,55.98019024207406],[34.88384253374193,55.951636710003186],[34.848150618653335,55.96115455402651],[34.83506358312218,55.97662105056497],[34.799371668034325,55.973051859054976],[34.78866409350826,55.95758536251833],[34.75535163942618,55.974241589558915],[34.73155702936816,55.973051859054976],[34.73036729886525,55.963534015033474],[34.699434305789794,55.95520590151136],[34.68039861774258,55.939739404975626],[34.67801915673681,55.91237560340687],[34.6685013127136,55.89452964586417],[34.65541427718165,55.90285775938355],[34.656604007684564,55.92308317793322],[34.633999128128664,55.92308317793322],[34.636378589135234,55.899288567875374],[34.63161966712286,55.8778734188219],[34.60187640455014,55.9004782983784],[34.59354829103009,55.94330859648202],[34.58165098600102,55.94330859648202],[34.538820687896255,55.93141129145358],[34.51145688632894,55.932601021956586],[34.47100604923009,55.91594479491506],[34.44364224766278,55.91594479491506],[34.44364224766278,55.92427290843538],[34.396053027546344,55.92427290843538],[34.380586531008184,55.932601021956586],[34.368689225979125,55.95282644050534],[34.35322272944087,55.96591347603865],[34.31634108385103,55.95758536251833],[34.27589024675139,55.95520590151135],[34.24971617568734,55.95639563201533],[34.21759345210916,55.94806751849501],[34.202126955571,55.95996482352354],[34.177142615009515,55.95877509302143],[34.17357342350121,55.979000511570185],[34.209265338588494,55.999225930119835],[34.22592156562912,56.01707188766436],[34.203316686074274,56.03134865369792],[34.17357342350121,56.0277794621898],[34.16405557947789,56.03372811470402],[34.13907123891641,56.02421027068158],[34.14264043042551,56.01707188766436],[34.14264043042551,56.011123235148276],[34.12241501187569,56.011123235148276],[34.120099628896654,56.01170208089321],[34.108138245840706,56.01469242665826],[34.0831539052793,56.01350269615437],[34.05697983421526,56.03253838420101],[33.99947619324121,56.04681515023644],[33.99590700173202,56.05752272476276],[34.02565026430516,56.086076256832726],[33.99352754072619,56.09202490934695],[33.984009696702955,56.10154275337027],[33.9649740086564,56.09559410085605],[33.900728561499335,56.10035302286727],[33.861467454902964,56.10749140588547],[33.84362149735888,56.10749140588547],[33.81863715679819,56.12057844141691],[33.80555012126577,56.12057844141691],[33.78413497221339,56.10749140588547],[33.74963278762867,56.11462978890269],[33.72583817757045,56.10987086689059],[33.6996641065065,56.10987086689059],[33.67705922695076,56.0753686823072],[33.68657707097408,56.06585083828388],[33.65564407789846,56.04205622822433],[33.62828027633186,56.034917845208],[33.600916474764546,56.04324595872734],[33.597347283255445,56.086076256832726],[33.5426196801217,56.12890655493723],[33.49978938201693,56.12890655493723],[33.464097466929566,56.155080626002075],[33.43078501284732,56.1657882005284],[33.34631414714043,56.17530604455172],[33.31419142356226,56.17054712254041],[33.286827621994945,56.19077254108837],[33.24875624590183,56.20029038511169],[33.22496163584362,56.221705534165324],[33.23566921036941,56.231223378188645],[33.24042813238107,56.25144879673829],[33.22972055785528,56.26691529327494],[33.22972055785528,56.28714071182459],[33.24875624590183,56.29665855584791],[33.246376784896,56.303796938866114],[33.22615136634618,56.306176399871234],[33.22972055785528,56.32164289641064],[33.20949513930546,56.34543750646752],[33.23328974936367,56.37993969105348],[33.26541247294256,56.38231915205878],[33.26541247294256,56.39778564859721],[33.23685894087277,56.41206241463175],[33.23091028835784,56.43823648569561],[33.23328974936367,56.45370298223315],[33.20592594779636,56.46797974826867],[33.21068486980802,56.48820516681832],[33.20592594779636,56.535794386934924],[33.2011670257847,56.55483007498157],[33.17685833464557,56.56042621475359],[33.160202107604235,56.55566729274237],[33.12451019251678,56.53425214368963],[33.103095043464215,56.525924030169406],[33.079300433406175,56.51997537765509],[33.084059355418105,56.48666292357392],[33.078110702903,56.4747656185437],[33.05431609284496,56.46286831351428],[33.02219336926625,56.45810939150395],[32.98412199317315,56.45572993049706],[32.91868681551246,56.45572993049706],[32.88061543941944,56.45572993049706],[32.848492715840635,56.446212086473736],[32.82112891427386,56.43193532044008],[32.774729424660165,56.43312505094309],[32.72832993504639,56.45216073898884],[32.71167370800504,56.45691966100006],[32.69382775046131,56.44859154747974],[32.68312017593507,56.45929912200704],[32.67241260140884,56.47000669653248],[32.653376913362735,56.47238615753849],[32.63791041682448,56.4747656185437],[32.628392572801424,56.512836994636984],[32.611736345760875,56.512836994636984],[32.60578769324577,56.508078072625764],[32.5712855086615,56.505698611619664],[32.55224982061459,56.508078072625764],[32.5260757495509,56.48547319307002],[32.49514275647457,56.48547319307002],[32.47491733792528,56.4807142710588],[32.47729679893075,56.46286831351428],[32.44517407535204,56.461678583013054],[32.432087039820246,56.48309373206392],[32.40115404674472,56.4795245405558],[32.39163620272086,56.49499103709423],[32.35475455713103,56.49142184558424],[32.341667521599135,56.52235483866119],[32.32977021656972,56.52235483866119],[32.31549345053474,56.54258025720995],[32.28337072695594,56.56875432827381],[32.29526803198536,56.583031094309334],[32.27980153544719,56.588979746823554],[32.26076584740038,56.596118129840775],[32.238160967845744,56.60325651285986],[32.22351713113815,56.60879833980467],[32.1902046770567,56.60522914829468],[32.155702492471896,56.544552892646635],[32.2389836276756,56.52670693510299],[32.22232740063488,56.49577394202693],[32.18306629403921,56.4458052609052],[32.12952842140794,56.4303387643658],[32.11406192486969,56.42320038134858],[32.12239003839045,56.41368253732526],[32.18544575504504,56.42676957285856],[32.205671173594155,56.42439011185256],[32.19734306007419,56.41368253732526],[32.174738180518446,56.40773388481104],[32.17116898901015,56.40059550179372],[32.18187656353594,56.394646849279496],[32.202101982085765,56.387508466262275],[32.154512761968626,56.36371385620255],[32.14618464844867,56.3494370901681],[32.155702492471896,56.324452749606266],[32.14380518744284,56.298278678543284],[32.13309761291633,56.27448406848454],[32.08669812330246,56.26615595496511],[32.06885216575918,56.247120266918465],[32.07480081827331,56.22808457887182],[32.07242135726748,56.19834131629885],[32.048626747209354,56.19596185529187],[32.01174510161952,56.180495358755216],[31.992709413572165,56.18168508925733],[31.980812108543102,56.17216724523401],[31.946309923959095,56.160269940205566],[31.96653534250821,56.136475330145934],[31.96772507301148,56.09840395405265],[31.97843264753727,56.087696379526236],[31.961776420496548,56.063901769469354],[31.943930462953265,56.05795311695327],[31.897530973339396,56.06152230846325],[31.851131483725528,56.05914284745627],[31.839234178696465,56.04367635091971],[31.804731994111748,56.05438392544603],[31.802352533105918,56.037727698404524],[31.80855085975919,56.00595733085906],[31.816878973279152,55.96431676325756],[31.787135710706806,55.96193730225244],[31.791894632718467,55.93576323118759],[31.76215137014532,55.903640507609424],[31.76215137014532,55.881035628052786],[31.74906433461299,55.86675886201825],[31.75144379561953,55.84534371296649],[31.765720561654422,55.83106694693018],[31.795463824226857,55.812031258883536],[31.827586547805744,55.792995570836894],[31.85495034937306,55.78823664882656],[31.849001696858128,55.77277015228715],[31.829966008811574,55.76801123027691],[31.764530831151152,55.7525447337384],[31.731218377069705,55.721611740662425],[31.738356760087107,55.68116090356402],[31.716941611034812,55.654986832499176],[31.70147511449656,55.631192222441314],[31.674111312930044,55.60144895986835],[31.622952901304515,55.57170569729627],[31.60748640476635,55.55385973975174],[31.581312333702307,55.54910081773964],[31.54681014911759,55.51816782466358],[31.501600390006992,55.49556294510872],[31.431406290334998,55.47414779605696],[31.3826273397153,55.46344022153063],[31.3374175806047,55.44202507247701],[31.307674318031644,55.42655857593947],[31.29458728250002,55.412281809904044],[31.2815002469676,55.407522887892824],[31.249377523388624,55.412281809904044],[31.219634260816367,55.421799653927366],[31.18394234572829,55.43488668946067],[31.143491508629353,55.43488668946067],[31.11969689857114,55.420609923424266],[31.103040671530415,55.418230462419146],[31.103040671530415,55.407522887892824],[31.12088662907441,55.3980050438695],[31.11969689857114,55.38610773884106],[31.091143366501353,55.36469258978832],[31.07686660046646,55.36707205079442],[31.054261720910716,55.36112339827922],[30.994775195765314,55.37896935582286],[30.985257351741993,55.38967693034918],[30.92339136558996,55.3980050438695],[30.891268642011784,55.37421043381164],[30.86033564893537,55.355174745765],[30.825833464351362,55.339708249226575],[30.8139361593223,55.32067256117993],[30.80124570062436,55.29436629783867],[30.822660849676744,55.28246899280836],[30.8452657292324,55.28246899280836],[30.885716566331247,55.26343330476172],[30.892854949348738,55.237259233698744],[30.90594198488107,55.23012085068054],[30.90237279337206,55.22298246766243],[30.915459828904392,55.20156731861058],[30.932116055945116,55.19442893559247],[30.944013360974267,55.17539324754583],[30.964238779523043,55.16468567302127],[30.98314780812717,55.170510213196394],[31.01289107069971,55.17645886570972],[31.022408914722973,55.168130752190336],[31.043824063775958,55.17407940470548],[31.071187865342722,55.16575129118428],[31.090223553389137,55.17407940470548],[31.10687978042978,55.170510213196394],[31.115207893950867,55.15266425565187],[31.13781277350597,55.138387489617344],[31.167556036078565,55.12292099307979],[31.18540199362286,55.12173126257767],[31.204437681669276,55.10150584402618],[31.20919660368088,55.083659886483474],[31.2329912137389,55.06343446793471],[31.230611752733125,55.04677824089231],[31.24369878826502,55.039639857875045],[31.224663100218606,55.01465551731326],[31.221093908709918,54.98729171574632],[31.241319327259248,54.96587656669362],[31.285339355867393,54.94922033965304],[31.31746207944576,54.940892226133656],[31.310323696428327,54.931374382110334],[31.29842639139929,54.92185653808701],[31.29842639139929,54.907579772052486],[31.324600462463934,54.89330300601614],[31.361482108053906,54.88140570098676],[31.39717402314176,54.86950839595829],[31.375758874088717,54.84928297740953],[31.361482108053906,54.833816480871064],[31.368620491071283,54.81478079282442],[31.434055668731673,54.800504026789895],[31.44357351275488,54.76362238119873],[31.464988661807922,54.76243265069661],[31.48045515834565,54.75291480667238],[31.482834619351422,54.741017501643],[31.505439498906583,54.72912019661362],[31.47688596683696,54.69461801202942],[31.481644888848564,54.680341245993986],[31.493207582173284,54.67061659334831],[31.493542193877545,54.66249528845128],[31.46855785331661,54.66606447995946],[31.45547081778392,54.67320286297672],[31.4316762077259,54.680341245993986],[31.42334809420555,54.69580774253245],[31.394794562135928,54.71008450856789],[31.373379413082887,54.70770504756183],[31.34244642000749,54.713653700076975],[31.312703157434157,54.70770504756183],[31.290098277878997,54.71127423907001],[31.275821511844185,54.70532558655577],[31.255596093294855,54.70532558655577],[31.197299298651842,54.68628989850913],[31.186591724125776,54.6720131324746],[31.15208953954084,54.67558232398278],[31.144348142434332,54.67476744007675],[31.156848461552478,54.666064479959495],[31.203247951166347,54.64821852241674],[31.206817142675092,54.6315622953762],[31.234180944241785,54.62680337336312],[31.246078249270848,54.595870380287145],[31.244888518767933,54.56969630922319],[31.256785823797795,54.55541954318865],[31.256785823797795,54.54233250765632],[31.265113937318024,54.50188167055782],[31.23299121373887,54.47094867748186],[31.231801483236044,54.441205414908794],[31.249647440779505,54.40551349982161],[31.247267979773763,54.387667542277086],[31.27344205083834,54.38171888976375],[31.301995582908038,54.365062662723204],[31.307944235422525,54.34602697467656],[31.323410731961044,54.32937074763415],[31.35196426403074,54.32342209512082],[31.38765617911775,54.32104263411472],[31.428107016217133,54.302006946068076],[31.461419470298402,54.307955598582296],[31.493542193877555,54.29724802405686],[31.529234108964566,54.275832875003324],[31.569684946064037,54.25917664796269],[31.58634117310467,54.24371015142515],[31.5887206341105,54.230623115892726],[31.613704974672164,54.23181284639671],[31.643448237244776,54.25322799544847],[31.66248392529124,54.26036637846569],[31.66010446428541,54.26750476148301],[31.6731914998173,54.28059179701445],[31.689847726858734,54.28178152751843],[31.686278535349988,54.296058293552974],[31.69341691836739,54.306765868080184],[31.71840125892843,54.304386407074176],[31.74219586898638,54.27940206651233],[31.76955967055396,54.26274583947179],[31.786215897594595,54.27464314450121],[31.796923472120653,54.31747344260562],[31.8076310466468,54.357924279704115],[31.834994848214293,54.37101131523654],[31.868307302295563,54.361493471213215],[31.93969113247047,54.33888859165747],[31.969434395043795,54.32937074763415],[32.0265414591839,54.307955598582296],[32.065802565779656,54.300817215565075],[32.078889601311545,54.27821233601022],[32.10268421137038,54.2686944919869],[32.13361720444582,54.25203826494449],[32.16336046701834,54.24252042092215],[32.17763723305394,54.23419230740094],[32.19786265160333,54.20325931432674],[32.21451887864396,54.19017227879432],[32.259728637755,54.1782749737649],[32.302558935859416,54.17113659074768],[32.3156459713921,54.14496251968372],[32.32873300692408,54.13068575364741],[32.33230219843283,54.10570141308743],[32.36204546100535,54.09856303007021],[32.36442492201118,54.08785545554291],[32.356096808490776,54.078337611519586],[32.33349192893574,54.074768420010486],[32.32040489340376,54.054543001461724],[32.32873300692408,54.04621488794052],[32.34538923396472,54.054543001461724],[32.38940926257284,54.050973809953604],[32.40368602860774,53.989107823801575],[32.416773064139626,53.94389806469097],[32.442947135203404,53.94032887318187],[32.45603417073609,53.92843156815255],[32.481018511297044,53.92843156815255],[32.48458770280579,53.917723993627106],[32.47744931978839,53.902257497088584],[32.434619021683176,53.89511911407136],[32.4286703691686,53.904636958094684],[32.40011683709899,53.89511911407136],[32.416773064139626,53.88322180904194],[32.465552014759325,53.852288815965],[32.48458770280579,53.827304475405114],[32.5131412348754,53.824925014399014],[32.498864468840594,53.79399202132393],[32.48934662481745,53.77852552478541],[32.49529527733185,53.75830010623488],[32.51908988739078,53.751161723217564],[32.51195150437248,53.7333157656749],[32.476259589285476,53.72617738265759],[32.483397972302875,53.70357250310194],[32.498864468840594,53.69881358108974],[32.49410554682902,53.68572654555741],[32.48220824179996,53.678588162540095],[32.45127524872452,53.682157354049195],[32.423911447157025,53.65122436097411],[32.432239560677345,53.60601460186174],[32.48696716381162,53.56080484275212],[32.55359207197487,53.528682119173055],[32.527418000911,53.50845670062429],[32.51790015688786,53.48942101257765],[32.541694766945895,53.47990316855433],[32.544074227951725,53.47157505503215],[32.56429964650101,53.462057211008826],[32.576196951529994,53.444211253466165],[32.57143802951842,53.42993448743074],[32.590473717565594,53.40613987737288],[32.60712994460623,53.40613987737288],[32.62854509365852,53.42160637391131],[32.67613431377531,53.42160637391131],[32.70825703735366,53.42993448743074],[32.73443110841833,53.443021522962184],[32.743948952441556,53.43231394843674],[32.741569491435726,53.40613987737288],[32.741569491435726,53.39186311133834],[32.73086191690958,53.36806850127871],[32.75108733545896,53.33594577770142],[32.69635973232469,53.33356631669541],[32.657098625728935,53.32761766418021],[32.63114157082468,53.31928430541397],[32.658505372391375,53.29667942585823],[32.66683348591249,53.28478212082881],[32.66445402490595,53.268125893788266],[32.698956209490845,53.26217724127493],[32.74654542960772,53.268125893788266],[32.77747842268316,53.24671074473641],[32.82387791229712,53.257418319262825],[32.88455416794588,53.255038858256725],[32.91191796951266,53.23005451769586],[32.959507189629534,53.23005451769586],[32.99995802672821,53.243141553228284],[33.010496639835274,53.24066187955558]]]]}},{"type":"Feature","properties":{"kind":"district","id":"uyezd-1897-265","name":"Рославский","provinceId":"gubernia-1897-36"},"geometry":{"type":"MultiPolygon","coordinates":[[[[32.34538923396472,54.054543001461724],[32.38940926257284,54.050973809953604],[32.40368602860774,53.989107823801575],[32.416773064139626,53.94389806469097],[32.442947135203404,53.94032887318187],[32.45603417073609,53.92843156815255],[32.481018511297044,53.92843156815255],[32.48458770280579,53.917723993627106],[32.47744931978839,53.902257497088584],[32.434619021683176,53.89511911407136],[32.4286703691686,53.904636958094684],[32.40011683709899,53.89511911407136],[32.416773064139626,53.88322180904194],[32.465552014759325,53.852288815965],[32.48458770280579,53.827304475405114],[32.5131412348754,53.824925014399014],[32.498864468840594,53.79399202132393],[32.48934662481745,53.77852552478541],[32.49529527733185,53.75830010623488],[32.51908988739078,53.751161723217564],[32.51195150437248,53.7333157656749],[32.476259589285476,53.72617738265759],[32.483397972302875,53.70357250310194],[32.498864468840594,53.69881358108974],[32.49410554682902,53.68572654555741],[32.48220824179996,53.678588162540095],[32.45127524872452,53.682157354049195],[32.423911447157025,53.65122436097411],[32.432239560677345,53.60601460186174],[32.48696716381162,53.56080484275212],[32.55359207197487,53.528682119173055],[32.527418000911,53.50845670062429],[32.51790015688786,53.48942101257765],[32.541694766945895,53.47990316855433],[32.544074227951725,53.47157505503215],[32.56429964650101,53.462057211008826],[32.576196951529994,53.444211253466165],[32.57143802951842,53.42993448743074],[32.590473717565594,53.40613987737288],[32.60712994460623,53.40613987737288],[32.62854509365852,53.42160637391131],[32.67613431377531,53.42160637391131],[32.70825703735366,53.42993448743074],[32.73443110841833,53.443021522962184],[32.743948952441556,53.43231394843674],[32.741569491435726,53.40613987737288],[32.741569491435726,53.39186311133834],[32.73086191690958,53.36806850127871],[32.75108733545896,53.33594577770142],[32.69635973232469,53.33356631669541],[32.657098625728935,53.32761766418021],[32.63114157082468,53.31928430541397],[32.658505372391375,53.29667942585823],[32.66683348591249,53.28478212082881],[32.66445402490595,53.268125893788266],[32.698956209490845,53.26217724127493],[32.74654542960772,53.268125893788266],[32.77747842268316,53.24671074473641],[32.82387791229712,53.257418319262825],[32.88455416794588,53.255038858256725],[32.91191796951266,53.23005451769586],[32.959507189629534,53.23005451769586],[32.99995802672821,53.243141553228284],[33.01049663983537,53.240661879555844],[33.01227451486167,53.25238190517847],[32.99442855731812,53.270227862721214],[32.96825448625354,53.27141759322422],[32.943270145692594,53.26665867121301],[32.91471661362219,53.26071001869789],[32.89211173406697,53.282125167749655],[32.87664523752926,53.3011608557963],[32.8944911950728,53.32257600484993],[32.91947553563456,53.32733492686204],[32.92899337965779,53.32019654384294],[32.961116103236144,53.32138627434595],[33.01703343687325,53.32376573535204],[33.038448585925536,53.34399115390258],[33.038448585925536,53.36659603345832],[33.04082804693137,53.388011182509196],[33.020602628381994,53.42489282809947],[33.02536155039356,53.44511824665001],[33.038448585925536,53.45701555167854],[33.03963831642845,53.467723126205755],[33.02655128089648,53.479620431235176],[33.04320750793711,53.49865611928092],[33.06224319598429,53.526019920848775],[33.0848480755395,53.5295891123569],[33.10150430258013,53.53910695638022],[33.08722753654524,53.56766048844929],[33.061053465481464,53.58312698498773],[33.05510481296618,53.60097294253225],[33.00751559285001,53.60097294253225],[32.98847990480364,53.620008630578894],[32.99323882681521,53.634285396613436],[33.01703343687325,53.64618270164285],[33.0634329264872,53.65808000667129],[33.105073494088785,53.6711670422046],[33.12529891263817,53.66759785069461],[33.13719621766794,53.64856216264797],[33.13481675666211,53.63785458812164],[33.149093522696916,53.621198361081014],[33.14671406169117,53.598593481526244],[33.16099082772598,53.5759886019705],[33.200251934321734,53.590265368005035],[33.24546169343277,53.58550644599382],[33.22761573588923,53.63904431862554],[33.214528700357334,53.67354650320883],[33.23713357991246,53.67354650320883],[33.25497953745601,53.65570054566617],[33.28710226103516,53.63666485761953],[33.31327633209894,53.63904431862554],[33.32398390662509,53.65094162365406],[33.331122289642494,53.67592596421582],[33.38703962327968,53.69734111326856],[33.41440342484717,53.69377192175857],[33.42511099937332,53.704479496285785],[33.453664531442925,53.716376801314226],[33.47745914150106,53.71994599282243],[33.51909970910335,53.713997340309106],[33.51077159558304,53.73065356734965],[33.515530517594605,53.74493033338419],[33.571447851231795,53.79846820601599],[33.620226801850784,53.84962661764072],[33.68923117101986,53.85319580914893],[33.66543656096182,53.867472575185246],[33.629744645874815,53.88412880222588],[33.636883028892214,53.90554395127853],[33.66543656096182,53.90197475976854],[33.68090305749955,53.90554395127853],[33.66662629146474,53.91982071731307],[33.67495440498506,53.93171802234249],[33.67019548297348,53.938856405359715],[33.6356932983893,53.9329077528446],[33.62617545436607,53.942425596868816],[33.65353925593276,53.95194344089214],[33.67376467448214,53.96384074592155],[33.66662629146474,53.994773738996635],[33.66543656096182,54.02927592358171],[33.640452220400874,54.047121881124454],[33.61903707134787,54.07091649118409],[33.58810407827243,54.063778108165],[33.56074027670574,54.056639725147775],[33.565499198717305,54.02927592358171],[33.520289439606266,54.01499915754539],[33.500064021056886,54.03165538458781],[33.48102833300971,54.02927592358171],[33.4524748009401,54.03046565408383],[33.43938776540813,54.01856834905449],[33.42035207736175,54.022137540564486],[33.40369585032032,54.03879376760503],[33.38822935378259,54.03760403710113],[33.36324501322164,54.05188080313745],[33.37276285724479,54.07567541319442],[33.37038339623905,54.08638298772075],[33.35253743869549,54.09590083174407],[33.35253743869549,54.10779813677348],[33.34301959467226,54.12088517230582],[33.31446606260185,54.13278247733524],[33.300189296567055,54.14586951286766],[33.30732767958445,54.16133600940431],[33.291861183046734,54.18394088896005],[33.2823433390235,54.1970279244915],[33.264497381479245,54.18394088896005],[33.24665142393569,54.18988954147427],[33.24189250192412,54.21011496002392],[33.216908161363165,54.220822534551225],[33.209769778345766,54.229150648070565],[33.19787247331671,54.23985822259787],[33.184785437784015,54.254134988632316],[33.15028325319983,54.256514449638416],[33.164560019234635,54.27317067667896],[33.113401607609106,54.28268852070228],[33.07889942302492,54.294585825730806],[33.02893074190231,54.311242052771355],[33.00394640134135,54.2981550172408],[32.98134152178544,54.30648313076014],[32.9575469117274,54.28268852070228],[32.96349556424188,54.26127337164963],[32.92661391865196,54.26960148517084],[32.889732273061234,54.27555013768506],[32.84333278344728,54.27436040718116],[32.8314354784183,54.28625771221138],[32.79931275483986,54.2874474427135],[32.78384625830214,54.294585825730806],[32.7529132652259,54.2922063647256],[32.74339542120267,54.281498790198384],[32.71484188913306,54.28030905969627],[32.69104727907431,54.28268852070228],[32.66011428599879,54.2922063647256],[32.62323264040806,54.28982690371959],[32.60538668286451,54.30767286126412],[32.574453689789074,54.311242052771355],[32.56850503727459,54.2981550172408],[32.50901851212874,54.2957755562347],[32.49474174609314,54.312431783275336],[32.46618821402344,54.30053447824503],[32.4423936039654,54.27436040718116],[32.39718384485436,54.28863717321748],[32.393614653345615,54.302913939252015],[32.407891419380505,54.319570166292564],[32.403132497368844,54.33146747132198],[32.38766600083113,54.325518818806785],[32.36744058228184,54.329088010315886],[32.36387139077309,54.311242052771355],[32.33293839769685,54.30053447824503],[32.33055893669111,54.32075989679468],[32.32580001467945,54.33860585433921],[32.29605675210693,54.30410366975413],[32.28296971657424,54.28625771221138],[32.22110373042327,54.27911932919416],[32.20682696438767,54.254134988632316],[32.187791276341294,54.2505657971233],[32.17763723305394,54.23419230740094],[32.19786265160333,54.20325931432674],[32.21451887864396,54.19017227879432],[32.259728637755,54.1782749737649],[32.302558935859416,54.17113659074768],[32.3156459713921,54.14496251968372],[32.32873300692408,54.13068575364741],[32.33230219843283,54.10570141308743],[32.36204546100535,54.09856303007021],[32.36442492201118,54.08785545554291],[32.356096808490776,54.078337611519586],[32.33349192893574,54.074768420010486],[32.32040489340376,54.054543001461724],[32.32873300692408,54.04621488794052],[32.34538923396472,54.054543001461724]]]]}},{"type":"Feature","properties":{"kind":"district","id":"uyezd-1897-266","name":"Краснинский","provinceId":"gubernia-1897-36"},"geometry":{"type":"MultiPolygon","coordinates":[[[[32.32580001467945,54.33860585433921],[32.30975605785051,54.3428855526481],[32.29904848332427,54.36430070169986],[32.333550667909336,54.378577467735376],[32.333550667909336,54.40594126930225],[32.326412284891845,54.42973587936099],[32.29904848332427,54.4356845318753],[32.27406414276296,54.43806399288042],[32.271684681757485,54.45234075891673],[32.302617674833016,54.459479141934054],[32.26811549024874,54.471376446962495],[32.25383872421376,54.50468890104367],[32.22647492264689,54.536811624623624],[32.19316246856499,54.548708929652065],[32.178885702529925,54.538001355126625],[32.16341920599256,54.542760277137845],[32.14319378744247,54.56655488719659],[32.12296836889318,54.57250353971081],[32.11820944688125,54.58440084473934],[32.10155321984071,54.58678030574633],[32.08489699280007,54.57964192272813],[32.04206669469512,54.57488300071602],[32.03135912016889,54.58321111423625],[32.01470289312755,54.58440084473934],[32.01232343212198,54.59748788027265],[31.987339091560763,54.60224680228387],[31.969493134017036,54.61414410731231],[31.946888254461292,54.616523568319295],[31.940939601946983,54.59986734127777],[31.93142175792393,54.59153922775657],[31.921903913900874,54.59391868876355],[31.917144991888946,54.60224680228387],[31.91952445289451,54.616523568319295],[31.904057956357146,54.609385185300205],[31.89216065132773,54.607005724295085],[31.89335038183091,54.61771329882052],[31.896919573339655,54.62604141234173],[31.87907361579584,54.634369525861956],[31.837433048193276,54.65221548340648],[31.791033558579585,54.6581641359207],[31.762480026509532,54.66054359692591],[31.762480026509532,54.683148476481655],[31.808879516123312,54.689097128995876],[31.850520083725876,54.699804703522204],[31.87312496328073,54.706943086540406],[31.887401729315712,54.72003012207185],[31.870745502275255,54.74025554062158],[31.856468736240185,54.7926036827503],[31.855279005737003,54.82234694532326],[31.85884819724575,54.850900477393225],[31.829104934673403,54.86041832141566],[31.779136253550877,54.88183347046831],[31.75415191298966,54.89016158398863],[31.69585511834655,54.86636697392988],[31.713701075890278,54.82234694532326],[31.650645359235952,54.82234694532326],[31.631609671189043,54.835433980854795],[31.591158834090372,54.84019290286592],[31.55070799699099,54.87350535694897],[31.493600932850974,54.8830232009714],[31.474565244804065,54.893730775496834],[31.449580904242847,54.89848969750983],[31.41745818066405,54.87588481795409],[31.39717402314176,54.86950839595829],[31.375758874088717,54.84928297740953],[31.361482108053906,54.833816480871064],[31.368620491071283,54.81478079282442],[31.434055668731673,54.800504026789895],[31.44357351275488,54.76362238119873],[31.464988661807922,54.76243265069661],[31.48045515834565,54.75291480667238],[31.482834619351422,54.741017501643],[31.505439498906583,54.72912019661362],[31.47688596683696,54.69461801202942],[31.481644888848564,54.680341245993986],[31.493207582173284,54.67061659334831],[31.493542193877545,54.66249528845128],[31.46855785331661,54.66606447995946],[31.45547081778392,54.67320286297672],[31.4316762077259,54.680341245993986],[31.42334809420555,54.69580774253245],[31.394794562135928,54.71008450856789],[31.373379413082887,54.70770504756183],[31.34244642000749,54.713653700076975],[31.312703157434157,54.70770504756183],[31.290098277878997,54.71127423907001],[31.275821511844185,54.70532558655577],[31.255596093294855,54.70532558655577],[31.197299298651842,54.68628989850913],[31.186591724125776,54.6720131324746],[31.15208953954084,54.67558232398278],[31.14434814243391,54.67476744007704],[31.156848461552478,54.666064479959495],[31.203247951166347,54.64821852241674],[31.206817142675092,54.6315622953762],[31.234180944241785,54.62680337336312],[31.246078249270848,54.595870380287145],[31.244888518767933,54.56969630922319],[31.256785823797795,54.55541954318865],[31.256785823797795,54.54233250765632],[31.265113937318024,54.50188167055782],[31.23299121373887,54.47094867748186],[31.231801483236044,54.441205414908794],[31.249647440779505,54.40551349982161],[31.247267979773763,54.387667542277086],[31.27344205083834,54.38171888976375],[31.301995582908038,54.365062662723204],[31.307944235422525,54.34602697467656],[31.323410731961044,54.32937074763415],[31.35196426403074,54.32342209512082],[31.38765617911775,54.32104263411472],[31.428107016217133,54.302006946068076],[31.461419470298402,54.307955598582296],[31.493542193877555,54.29724802405686],[31.529234108964566,54.275832875003324],[31.569684946064037,54.25917664796269],[31.58634117310467,54.24371015142515],[31.5887206341105,54.230623115892726],[31.613704974672164,54.23181284639671],[31.643448237244776,54.25322799544847],[31.66248392529124,54.26036637846569],[31.66010446428541,54.26750476148301],[31.6731914998173,54.28059179701445],[31.689847726858734,54.28178152751843],[31.686278535349988,54.296058293552974],[31.69341691836739,54.306765868080184],[31.71840125892843,54.304386407074176],[31.74219586898638,54.27940206651233],[31.76955967055396,54.26274583947179],[31.786215897594595,54.27464314450121],[31.796923472120653,54.31747344260562],[31.8076310466468,54.357924279704115],[31.834994848214293,54.37101131523654],[31.868307302295563,54.361493471213215],[31.93969113247047,54.33888859165747],[31.969434395043795,54.32937074763415],[32.0265414591839,54.307955598582296],[32.065802565779656,54.300817215565075],[32.078889601311545,54.27821233601022],[32.10268421137038,54.2686944919869],[32.13361720444582,54.25203826494449],[32.16336046701834,54.24252042092215],[32.17763723305394,54.23419230740094],[32.187791276341294,54.2505657971233],[32.20682696438767,54.254134988632316],[32.22110373042327,54.27911932919416],[32.28296971657424,54.28625771221138],[32.29605675210693,54.30410366975413],[32.32580001467945,54.33860585433921]]]]}},{"type":"Feature","properties":{"kind":"district","id":"uyezd-1897-268","name":"Дорогобужский","provinceId":"gubernia-1897-36"},"geometry":{"type":"MultiPolygon","coordinates":[[[[32.71806459607419,54.812447261083335],[32.861923203481325,54.810714024849425],[32.851215628955266,54.79167833680278],[32.83336967141172,54.78335022328335],[32.84407724593787,54.76550426573883],[32.860733472978495,54.75955561322372],[32.869061586498816,54.748848038698284],[32.87501023901331,54.731002081153754],[32.91427134560986,54.71315612361012],[32.98327571477894,54.738140464172844],[33.01896762986595,54.73576100316586],[33.07369523300022,54.7179150456232],[33.140320141163556,54.68698205254625],[33.1783915172572,54.70601774059378],[33.23192938988856,54.70244854908468],[33.2414472339117,54.72624315914254],[33.268811035478485,54.738140464172844],[33.275949418495976,54.7500377692004],[33.271190496484316,54.76907345724704],[33.309261872577956,54.78216049277946],[33.337815404647564,54.77740157076825],[33.380645702752865,54.760745343727606],[33.438942497395,54.761935074229726],[33.43775276689208,54.77502210976215],[33.46511656845966,54.78810914529368],[33.47939333449447,54.80714483334121],[33.49961875304385,54.81309348585543],[33.55196689517229,54.80357564183211],[33.54601824265781,54.78453995378547],[33.53293120712583,54.77145291825305],[33.54601824265781,54.76788372674493],[33.54006959014332,54.7500377692004],[33.54482851215489,54.73576100316586],[33.53412093762874,54.731002081153754],[33.57219231372167,54.69649989656957],[33.54839770366355,54.69531016606746],[33.59717665428333,54.6167879528739],[33.657852909932096,54.62868525790323],[33.68997563351045,54.64296202393963],[33.673319406469815,54.685792322044136],[33.660232370937926,54.685792322044136],[33.660232370937926,54.70244854908468],[33.695924286025026,54.70839720159988],[33.73756485362732,54.720294506627425],[33.78753353474923,54.720294506627425],[33.81251787531089,54.72981235065075],[33.83988167687767,54.73338154215976],[33.86248655643279,54.740519925177075],[33.8839017054858,54.74289938618308],[33.93149092560187,54.753606960710385],[33.96599311018686,54.746468577692184],[33.994546642256466,54.744089116687064],[34.01953098281821,54.746468577692184],[34.04094613187042,54.738140464172844],[34.07544831645541,54.72148423713132],[34.13374511109754,54.72386369813644],[34.187282983728984,54.728622620148634],[34.18847271423181,54.70244854908468],[34.21821597680513,54.70601774059378],[34.240820856360344,54.73219181165764],[34.259856544406716,54.744089116687064],[34.259856544406716,54.755986421715505],[34.19204190574055,54.758365882721606],[34.17062675668835,54.77502210976215],[34.169437026185435,54.78929887579669],[34.1456424161274,54.80833456384333],[34.14683214663032,54.821421599376635],[34.173006217694095,54.826180521387855],[34.177765139705755,54.8511648619497],[34.13969376361202,54.86663135848626],[34.115899153554075,54.86187243647513],[34.080207238466976,54.88090812452266],[34.063551011425545,54.86782108899024],[34.01001313879498,54.86425189748025],[34.018341252315295,54.87733893301356],[34.02785909633853,54.88447731603078],[34.05046397589365,54.88209785502478],[34.057602358911055,54.92492815312928],[34.07609145940879,54.95704080136147],[34.05403316740231,54.97013791223979],[33.99335691175355,54.972517373245886],[34.00287475577678,54.962999529222564],[33.96004445767237,54.957050876708344],[33.92554227308739,54.984414678276195],[33.8839017054858,55.00939901883608],[33.84345086838633,55.04628066442724],[33.81013841430514,55.060557430461785],[33.78158488223474,55.059367699959665],[33.760169733182444,55.04628066442724],[33.747082697650555,55.055798508450565],[33.72566754859835,55.06412662197],[33.68759617250462,55.062936891467885],[33.632868569370345,55.052229316942444],[33.56505393070418,55.065316352473005],[33.52341336310259,55.09149042353695],[33.48534198700904,55.133130991139254],[33.48534198700904,55.1581153317002],[33.45559872443643,55.17001263673042],[33.4532192634306,55.212842934834924],[33.47106522097424,55.217601856846144],[33.469875490471324,55.22949916187556],[33.47939333449447,55.23068889237945],[33.49485983103219,55.22355050936134],[33.513895519079455,55.23068889237945],[33.49129063952353,55.25567323293943],[33.4532192634306,55.280657573501266],[33.409199234822474,55.280657573501266],[33.34614351816797,55.294934339535715],[33.324728369115675,55.30326245305692],[33.33900513515048,55.31278029708024],[33.33424621313891,55.34609275116142],[33.33424621313891,55.39844089328925],[33.255723999946596,55.374646283231385],[33.253344538940766,55.3425235596533],[33.22241154586453,55.32943652412088],[33.18790936128043,55.32348787160568],[33.15340717669545,55.32110841059967],[33.14388933267222,55.294934339535715],[33.11652553110552,55.30326245305692],[33.093920651550405,55.30207272255303],[33.08202334652054,55.32705706311478],[33.06179792797125,55.33538517663598],[33.03800331791321,55.306831644565136],[33.053469814450935,55.26757053796973],[33.013018977351464,55.25686296344341],[33.00350113332823,55.23068889237945],[33.01182924684855,55.22355050936134],[33.02491628238133,55.23187862288157],[33.03681358741029,55.23425808388677],[33.039193048416124,55.20808401282282],[33.03086493489572,55.191427785782274],[33.03443412640446,55.18428940276496],[33.03205466539863,55.16406398421532],[32.93687622516498,55.15335640968988],[32.922599459130176,55.146218026672656],[32.91903026762143,55.133130991139254],[32.9452043386853,55.115285033595704],[32.97256814025279,55.09268015404085],[32.976137331761535,55.07364446599332],[32.93449676415915,55.03795255090604],[32.9166508066156,55.00464009682495],[32.935686494662065,54.980845486767095],[32.933307033656234,54.97370710374889],[32.917840537118515,54.972517373245886],[32.917840537118515,54.96537899022955],[32.90118431007788,54.96418925972557],[32.879769161024875,54.97370710374889],[32.86311293398424,54.97370710374889],[32.83931832392629,54.95348168519924],[32.80124694783257,54.94634330218193],[32.79410856481516,54.92968707514139],[32.73224257866349,54.9308768056435],[32.714396621120024,54.909461656592626],[32.69774039407939,54.904702734579544],[32.69774039407939,54.89756435156232],[32.68465335854741,54.889236238042],[32.67513551452418,54.87733893301356],[32.67513551452418,54.85830324496692],[32.65015117396251,54.86068270597302],[32.65253063496826,54.85235459245181],[32.63944359943637,54.84759567043962],[32.66323820949441,54.83926755692028],[32.66799713150598,54.82380106038185],[32.664427939997324,54.81309348585543],[32.71806459607419,54.812447261083335]]]]}},{"type":"Feature","properties":{"kind":"district","id":"uyezd-1897-269","name":"Смоленский","provinceId":"gubernia-1897-36"},"geometry":{"type":"MultiPolygon","coordinates":[[[[32.664427939997324,54.81309348585543],[32.63895889441652,54.80013864260129],[32.609215631843995,54.79537972058918],[32.60207724882659,54.776344032543435],[32.565195603235864,54.784672146064636],[32.56162641172712,54.79062079857797],[32.544970184686484,54.79418999008707],[32.539021532172,54.80370783411039],[32.516416652616876,54.81084621712762],[32.50570907809002,54.84296894070579],[32.48429392903772,54.847727862718784],[32.4616890494826,54.86200462875243],[32.45098147495645,54.88936843032117],[32.42123821238313,54.91554250138503],[32.39863333282801,54.934578189431676],[32.33200842466467,54.95123441647232],[32.29631650957686,54.97264956552408],[32.27728082153048,55.002392828098024],[32.28917812655946,55.02380797714979],[32.27728082153048,55.05355123972186],[32.2499170199637,55.04998204821365],[32.2285018709107,55.03689501268123],[32.183292111800455,55.011910672120365],[32.12618504766035,55.005962019605256],[32.107149359613885,54.9881160620625],[32.067888253017415,54.9904955230686],[32.063129331005754,55.01547986362858],[32.02862714642166,55.013100402624346],[32.04409364295938,54.996444175581935],[31.99888388384834,54.997633906085824],[31.93820762819949,55.000013367091924],[31.888238947077674,55.004772289103144],[31.85135730148686,55.004772289103144],[31.839459996457798,54.9869263315595],[31.81328592539322,54.97502902653017],[31.77045562728872,54.96194199099775],[31.77045562728872,54.95361387747744],[31.7906810458381,54.934578189431676],[31.78235293231778,54.92149115389837],[31.807337272878733,54.89650681333839],[31.84659837947529,54.87985058629785],[31.87158272003624,54.89293762182929],[31.90251571311248,54.89055816082329],[31.910843826632707,54.87866085579387],[31.910843826632707,54.86676355076543],[31.85884819724575,54.850900477393225],[31.855279005737003,54.82234694532326],[31.856468736240185,54.7926036827503],[31.870745502275255,54.74025554062158],[31.887401729315712,54.72003012207185],[31.87312496328073,54.706943086540406],[31.850520083725876,54.699804703522204],[31.808879516123312,54.689097128995876],[31.762480026509532,54.683148476481655],[31.762480026509532,54.66054359692591],[31.791033558579585,54.6581641359207],[31.837433048193276,54.65221548340648],[31.87907361579584,54.634369525861956],[31.896919573339655,54.62604141234173],[31.89335038183091,54.61771329882052],[31.89216065132773,54.607005724295085],[31.904057956357146,54.609385185300205],[31.91952445289451,54.616523568319295],[31.917144991888946,54.60224680228387],[31.921903913900874,54.59391868876355],[31.93142175792393,54.59153922775657],[31.940939601946983,54.59986734127777],[31.946888254461292,54.616523568319295],[31.969493134017036,54.61414410731231],[31.987339091560763,54.60224680228387],[32.01232343212198,54.59748788027265],[32.01470289312755,54.58440084473934],[32.03135912016889,54.58321111423625],[32.04206669469512,54.57488300071602],[32.08489699280007,54.57964192272813],[32.10155321984071,54.58678030574633],[32.11820944688125,54.58440084473934],[32.12296836889318,54.57250353971081],[32.14319378744247,54.56655488719659],[32.16341920599256,54.542760277137845],[32.178885702529925,54.538001355126625],[32.19316246856499,54.548708929652065],[32.22647492264689,54.536811624623624],[32.25383872421376,54.50468890104367],[32.26811549024874,54.471376446962495],[32.302617674833016,54.459479141934054],[32.271684681757485,54.45234075891673],[32.27406414276296,54.43806399288042],[32.29904848332427,54.4356845318753],[32.326412284891845,54.42973587936099],[32.333550667909336,54.40594126930225],[32.333550667909336,54.378577467735376],[32.29904848332427,54.36430070169986],[32.30975605785051,54.3428855526481],[32.32580001467945,54.33860585433921],[32.33055893669111,54.32075989679468],[32.33293839769685,54.30053447824503],[32.36387139077309,54.311242052771355],[32.36744058228184,54.329088010315886],[32.38766600083113,54.325518818806785],[32.403132497368844,54.33146747132198],[32.407891419380505,54.319570166292564],[32.393614653345615,54.302913939252015],[32.39718384485436,54.28863717321748],[32.4423936039654,54.27436040718116],[32.46618821402344,54.30053447824503],[32.49474174609314,54.312431783275336],[32.518091088138846,54.31340667463151],[32.524039740653336,54.33006290167215],[32.51690135763593,54.34909858971879],[32.480019712045916,54.37289319977665],[32.41815372589433,54.38835969631508],[32.39792830734495,54.42881053341348],[32.43243049192913,54.42286188090024],[32.45503537148426,54.42286188090024],[32.45503537148426,54.449035951964106],[32.46931213751986,54.449035951964106],[32.495486208583635,54.435948916431684],[32.538316506688936,54.449035951964106],[32.553783003226656,54.48115867554317],[32.556162464232486,54.518040321132474],[32.553783003226656,54.54064520068822],[32.61564898937833,54.54540412269944],[32.62635656390448,54.56562954125006],[32.6061311453551,54.588234420803936],[32.59423384032533,54.612029030862686],[32.57519815227895,54.61797768337779],[32.57519815227895,54.64653121544687],[32.562111116746976,54.69649989656957],[32.607320875858015,54.69055124405535],[32.62873602491031,54.68936151355324],[32.63944359943637,54.678653939026816],[32.64777171295668,54.675084747516834],[32.673945784021356,54.7048280100898],[32.71558635162294,54.745278847189184],[32.714396621120024,54.75955561322372],[32.70011985508522,54.77621184026613],[32.702499316090964,54.79643725881489],[32.71806459607419,54.812447261083335],[32.664427939997324,54.81309348585543]]]]}},{"type":"Feature","properties":{"kind":"district","id":"uyezd-1897-270","name":"Гжатский","provinceId":"gubernia-1897-36"},"geometry":{"type":"MultiPolygon","coordinates":[[[[34.782148235186924,55.34490302065933],[34.7845276961927,55.32705706311481],[34.80475311474203,55.29850353104666],[34.80118392323334,55.25567323293944],[34.84401422133783,55.244965658414],[34.85353206536183,55.22949916187554],[34.8987418244721,55.221171048356155],[34.91658778201639,55.230688892379476],[34.95227969710345,55.24734511942006],[34.9879716121913,55.23544781439068],[35.03794029331317,55.253293771933386],[35.059355442366154,55.24972458042521],[35.061734903371985,55.22711970086948],[35.036750562810255,55.209273743326776],[35.042699215324774,55.18547913326893],[35.06054517286907,55.18666886377105],[35.076011669406796,55.20332509081163],[35.09504735745321,55.210463473828895],[35.11289331499677,55.19380724678831],[35.145016038575875,55.19380724678831],[35.16286199611943,55.177151019747726],[35.18903606718328,55.19261751628619],[35.20212310271597,55.18428940276499],[35.21164094673918,55.19142778578225],[35.20688202472758,55.20570455181769],[35.210451216236265,55.21522239584101],[35.21996906025947,55.209273743326776],[35.230676634785596,55.209273743326776],[35.236625287300114,55.22711970086948],[35.22353825176822,55.25091431092915],[35.25804043635236,55.26281161595671],[35.29016315993147,55.254483502437324],[35.35083941558025,55.23782727539674],[35.42698216776677,55.231878622881595],[35.453156238830616,55.242586197407945],[35.49717626743876,55.26757053796973],[35.51978114699392,55.27113972947791],[35.59116497716877,55.30207272255302],[35.618528778736334,55.3222981411036],[35.656600154829164,55.35917978669295],[35.70656883595183,55.34847221216751],[35.716086679975035,55.35561059518477],[35.736312098524365,55.36036951719598],[35.736312098524365,55.3782154747405],[35.70775856645474,55.391302510272],[35.70299964444314,55.42104577284499],[35.68753314790541,55.42461496435317],[35.67801530388141,55.416286850833785],[35.66968719036112,55.42104577284499],[35.670876920863975,55.43413280837649],[35.68753314790541,55.460306879441305],[35.626856892256626,55.459117148939185],[35.59949309068912,55.44008146089163],[35.56261144509915,55.46149660994524],[35.52572979950838,55.46744526245857],[35.544765487554855,55.49599879452853],[35.56261144509915,55.482911758996124],[35.584026594151396,55.482911758996124],[35.61495958722685,55.49005014201521],[35.61733904823342,55.53407017062182],[35.587595785660085,55.51860367408426],[35.57450875012819,55.51979340458638],[35.53762710453742,55.55905451118451],[35.49717626743876,55.591177234762654],[35.5090735724678,55.612592383814444],[35.52572979950838,55.60783346180324],[35.55547306208172,55.60307453979112],[35.563801175602066,55.6149718448205],[35.57212928912236,55.6149718448205],[35.564990906104924,55.63638699387229],[35.536437374034506,55.634007532867145],[35.516211955485176,55.63638699387229],[35.50788384196488,55.64947402940561],[35.52335033850261,55.666130256446195],[35.53762710453742,55.69468378851525],[35.53048872151999,55.71371947656189],[35.51264276397649,55.7565497746682],[35.473381657379946,55.76130869667941],[35.4472075863161,55.76249842718153],[35.416274593240644,55.76249842718153],[35.40199782720504,55.75773950517032],[35.3770134866441,55.76725734919364],[35.38296213915862,55.78391357623423],[35.353218876586084,55.785103306737255],[35.34013184105413,55.77796492371908],[35.33061399703013,55.786293037239375],[35.31276803948663,55.786293037239375],[35.308009117475024,55.798190342268754],[35.278265854902486,55.798190342268754],[35.26636854987345,55.80889791679601],[35.278265854902486,55.81603629981328],[35.27469666339374,55.83150279635174],[35.259230166855275,55.83150279635174],[35.19974364171014,55.89098932149682],[35.26041989735813,55.89812770451408],[35.281835046411175,55.91954285356769],[35.298491273451816,55.937388811110395],[35.284214507417005,55.95642449915704],[35.20926148573335,55.93500935010525],[35.20212310271597,55.94333746362463],[35.19260525869197,55.936199080607366],[35.19022579768614,55.92073258406981],[35.141446847067186,55.96237315167218],[35.140662986150744,55.97897362220192],[35.133685939353256,55.977810781068044],[35.08609671923692,55.98256970307828],[35.044456151634705,56.001605391124926],[35.011143697553265,55.986138894588265],[34.98734908749505,55.98851835559348],[34.97069286045432,55.981379972576164],[34.92905229285212,55.979000511570156],[34.883842533741515,55.996846469114686],[34.86599657619743,55.9944670081077],[34.88979118625565,55.980190242073164],[34.883842533741515,55.9516367100032],[34.84815061865344,55.96115455402652],[34.83506358312182,55.976621050564944],[34.79937166803454,55.97305185905496],[34.78866409350795,55.9575853625183],[34.75535163942651,55.97424158955796],[34.731557029368375,55.97305185905496],[34.73036729886502,55.96353401503164],[34.6994343057894,55.95520590151132],[34.68039861774285,55.93973940497476],[34.67801915673702,55.91237560340691],[34.668501312713786,55.89452964586327],[34.655414277181364,55.902857759383586],[34.65660400768472,55.923083177933236],[34.63399912812898,55.923083177933236],[34.63637858913481,55.899288567875374],[34.63161966712315,55.87787341882175],[34.65127787986614,55.86957417244412],[34.66317518489518,55.87790228596441],[34.67745195092999,55.87790228596441],[34.67388275942125,55.86600498093503],[34.65246761036906,55.85410767590565],[34.62748326980733,55.85291794540262],[34.59298108522319,55.829123335345685],[34.56918647516511,55.78986222874937],[34.56799674466225,55.76249842718153],[34.57751458868546,55.7398935476258],[34.64413949684871,55.73632435611762],[34.66436491539804,55.707770824048566],[34.7095746745091,55.687545405497985],[34.77025093015709,55.61973076683171],[34.81189149775946,55.58284912124145],[34.85472179586469,55.57095181621207],[34.86067044837921,55.557864780679665],[34.76906119965423,55.53407017062182],[34.7619228166368,55.51741394358123],[34.7666817386484,55.503137177545796],[34.79523527071882,55.49837825553459],[34.79880446222751,55.481722028494005],[34.77857904367818,55.47696310648189],[34.765492008145486,55.4472198439089],[34.82140934178267,55.41985604234287],[34.82140934178267,55.404389545804406],[34.79880446222751,55.37583601373444],[34.80118392323334,55.35561059518477],[34.78809688770144,55.361559247699915],[34.782148235186924,55.34490302065933]]]]}},{"type":"Feature","properties":{"kind":"district","id":"uyezd-1897-271","name":"Вяземский","provinceId":"gubernia-1897-36"},"geometry":{"type":"MultiPolygon","coordinates":[[[[34.765492008145486,55.4472198439089],[34.74002296256468,55.441667768228406],[34.7209872745183,55.42858073269687],[34.71860781351247,55.41192450565633],[34.67815697641309,55.42858073269687],[34.6710185933956,55.48568779683778],[34.65198290534922,55.4844980663338],[34.63770613931442,55.47260076130536],[34.615101259758404,55.47616995281446],[34.612721798752666,55.50353375438044],[34.58178880567723,55.50472348488442],[34.58178880567723,55.4892569883459],[34.57465042265974,55.4809288748247],[34.54133796857776,55.48211860532868],[34.54252769908067,55.50829267639254],[34.52111255002846,55.51305159840376],[34.51873308902263,55.533277016954386],[34.502076861982005,55.54517432198283],[34.47114386890576,55.535656477959506],[34.458056833373874,55.535656477959506],[34.458056833373874,55.56064081852125],[34.474713060414416,55.56777920153759],[34.45448764186513,55.591573811597314],[34.424744379292605,55.591573811597314],[34.411657343760716,55.58205596757399],[34.39857030822803,55.55588189650826],[34.35455027962061,55.539225669467626],[34.29030483246311,55.519000250918864],[34.25104372586655,55.51067213739766],[34.23200803782017,55.54755378298883],[34.16062420764526,55.57610731505879],[34.13088094507274,55.57253812355067],[34.09518902998484,55.539225669467626],[34.08686091646452,55.5273283644383],[34.03094358282742,55.51305159840376],[34.02142573880419,55.505913215386535],[33.99525166774032,55.50353375438044],[33.98811328472212,55.514241328907744],[33.946472717120535,55.511861867901644],[33.96312894416117,55.48687752733989],[33.94171379510897,55.48687752733989],[33.913160263038556,55.496395371363214],[33.839396971857816,55.47973914432258],[33.81084343978821,55.492826179855],[33.78466936872434,55.47854941381868],[33.80489478727363,55.47735968331657],[33.81203317029112,55.453565073258716],[33.83582778034916,55.449995881749615],[33.82512020582301,55.41906288867355],[33.77991044671277,55.39288881760969],[33.82155101431435,55.38694016509449],[33.82630993632593,55.37385312956215],[33.80608451777655,55.366714746544844],[33.75611583665393,55.365525016042724],[33.72756230458424,55.350058519504294],[33.69187038949643,55.359576363528504],[33.65855793541516,55.377422321071165],[33.65022982189484,55.39169908710757],[33.619296828818605,55.39526827861569],[33.566948686690154,55.39288881760969],[33.580035722222846,55.375042860066046],[33.588363835743166,55.35838663302452],[33.580035722222846,55.34292013648796],[33.58360491373159,55.33102283145765],[33.566948686690154,55.315556334921],[33.56932814769679,55.294141185868256],[33.550292459649526,55.288192533353154],[33.54910272914661,55.25369034876799],[33.54315407663212,55.24179304373866],[33.513895519079455,55.23068889237945],[33.49485983103219,55.22355050936134],[33.47939333449447,55.23068889237945],[33.469875490471324,55.22949916187556],[33.47106522097424,55.217601856846144],[33.4532192634306,55.212842934834924],[33.45559872443643,55.17001263673042],[33.48534198700904,55.1581153317002],[33.48534198700904,55.133130991139254],[33.52341336310259,55.09149042353695],[33.56505393070418,55.065316352473005],[33.632868569370345,55.052229316942444],[33.68759617250462,55.062936891467885],[33.72566754859835,55.06412662197],[33.747082697650555,55.055798508450565],[33.760169733182444,55.04628066442724],[33.78158488223474,55.059367699959665],[33.81013841430514,55.060557430461785],[33.84345086838633,55.04628066442724],[33.8839017054858,55.00939901883608],[33.92554227308739,54.984414678276195],[33.96004445767237,54.957050876708344],[34.00287475577678,54.962999529222564],[33.99335691175355,54.972517373245886],[34.05403316740231,54.97013791223979],[34.07609145940879,54.95704080136147],[34.080207238466976,54.96418925972557],[34.11232996204533,54.982035217270095],[34.1456424161274,54.99869144431064],[34.18847271423181,54.99750171380764],[34.1944213667463,55.01653740185339],[34.16824729568252,55.03438335939792],[34.14088349411494,55.04033201191302],[34.12779645858305,55.054608777946676],[34.131365650091794,55.074834196496326],[34.161108912665114,55.09030069303484],[34.21821597680513,55.101008267560275],[34.28246142396184,55.110526111583596],[34.30982522552942,55.09743907605295],[34.35860417614912,55.09505961504695],[34.40143447425362,55.09743907605295],[34.419280431797084,55.12956179963024],[34.42403935380955,55.16763317572442],[34.47876695694302,55.2033250908116],[34.45735180789082,55.214032665338905],[34.47400803493136,55.21998131785224],[34.502561567001855,55.221171048356126],[34.533494560077294,55.22830943137345],[34.57394539717667,55.225929970367346],[34.57870431918833,55.23663754489279],[34.564427553153536,55.25567323293943],[34.55253024812376,55.26162188545462],[34.56085836164399,55.26638080746575],[34.58346324119991,55.26757053796973],[34.60963731226377,55.28184730400338],[34.644139496848666,55.297313800541815],[34.67626222042711,55.31515975808634],[34.722661710041066,55.31515975808634],[34.72980009305847,55.33062625462299],[34.761922816636826,55.34609275116142],[34.782148235186924,55.34490302065933],[34.78809688770144,55.361559247699915],[34.80118392323334,55.35561059518477],[34.79880446222751,55.37583601373444],[34.82140934178267,55.404389545804406],[34.82140934178267,55.41985604234287],[34.765492008145486,55.4472198439089]]]]}},{"type":"Feature","properties":{"kind":"district","id":"uyezd-1897-272","name":"Поречский","provinceId":"gubernia-1897-36"},"geometry":{"type":"MultiPolygon","coordinates":[[[[30.964238779523292,55.164685673019406],[30.98314780812717,55.170510213196394],[31.01289107069971,55.17645886570972],[31.022408914722973,55.168130752190336],[31.043824063775958,55.17407940470548],[31.071187865342722,55.16575129118428],[31.090223553389137,55.17407940470548],[31.10687978042978,55.170510213196394],[31.115207893950867,55.15266425565187],[31.13781277350597,55.138387489617344],[31.167556036078565,55.12292099307979],[31.18540199362286,55.12173126257767],[31.204437681669276,55.10150584402618],[31.20919660368088,55.083659886483474],[31.2329912137389,55.06343446793471],[31.230611752733125,55.04677824089231],[31.24369878826502,55.039639857875045],[31.224663100218606,55.01465551731326],[31.221093908709918,54.98729171574632],[31.241319327259248,54.96587656669362],[31.285339355867393,54.94922033965304],[31.31746207944576,54.940892226133656],[31.310323696428327,54.931374382110334],[31.29842639139929,54.92185653808701],[31.29842639139929,54.907579772052486],[31.324600462463934,54.89330300601614],[31.361482108053906,54.88140570098676],[31.39717402314176,54.86950839595829],[31.41745818066405,54.87588481795409],[31.449580904242847,54.89848969750983],[31.474565244804065,54.893730775496834],[31.493600932850974,54.8830232009714],[31.55070799699099,54.87350535694897],[31.591158834090372,54.84019290286592],[31.631609671189043,54.835433980854795],[31.650645359235952,54.82234694532326],[31.713701075890278,54.82234694532326],[31.69585511834655,54.86636697392988],[31.75415191298966,54.89016158398863],[31.779136253550877,54.88183347046831],[31.829104934673403,54.86041832141566],[31.85884819724575,54.850900477393225],[31.910843826632707,54.86676355076543],[31.910843826632707,54.87866085579387],[31.90251571311248,54.89055816082329],[31.87158272003624,54.89293762182929],[31.84659837947529,54.87985058629785],[31.807337272878733,54.89650681333839],[31.78235293231778,54.92149115389837],[31.7906810458381,54.934578189431676],[31.77045562728872,54.95361387747744],[31.77045562728872,54.96194199099775],[31.81328592539322,54.97502902653017],[31.839459996457798,54.9869263315595],[31.85135730148686,55.004772289103144],[31.84421891846946,55.01336478717895],[31.825183230422994,55.01217505667684],[31.80852700338165,55.01693397868805],[31.806147542375818,55.0335902057286],[31.77521454930038,55.04786697176402],[31.77283508829455,55.063333468302545],[31.75736859175683,55.062143737798564],[31.74190209521831,55.05024643276923],[31.74428155622414,55.0335902057286],[31.730004790189337,55.0383491277407],[31.722866407171935,55.03121074472348],[31.694312875102238,55.035969666734694],[31.68598476158192,55.045487510758015],[31.641964732973793,55.049056702267116],[31.636016080459306,55.07642050383497],[31.631257158447646,55.10616376640704],[31.649103115991284,55.11449187992825],[31.669328534540576,55.11449187992825],[31.68836422258775,55.135907028980014],[31.72167667666902,55.14780433400934],[31.751419939242343,55.15018379501455],[31.774024818797464,55.15137352551844],[31.79543996784967,55.16446056104998],[31.829942152434654,55.16327083054786],[31.85135730148686,55.14780433400934],[31.916792479147283,55.134717298477895],[31.956053585743838,55.16565029155209],[31.950104933228463,55.19063463211384],[31.915602748644368,55.19420382362294],[31.896567060597903,55.207290859154476],[31.90489517411822,55.217998433680805],[31.914413018141452,55.225136816698026],[31.896567060597903,55.24179304373866],[31.915602748644368,55.25131088776198],[31.944156280714065,55.25963900128319],[31.962002238258325,55.24417250474467],[31.979848195801786,55.23703412172745],[31.977468734796044,55.25250061826587],[31.973899543287388,55.26439792329529],[31.957243316246753,55.270346575808624],[31.967950890772812,55.27748495882771],[32.00364280585991,55.26915684530651],[31.992935231333764,55.279864419831945],[31.97865846529896,55.287002802851035],[31.984607117813447,55.31436660441702],[32.04885256497096,55.32269471793822],[32.096441785087826,55.33340229246464],[32.115477473134206,55.31793579592612],[32.142841274700984,55.31912552642824],[32.142841274700984,55.300089838381595],[32.15592831023287,55.287002802851035],[32.134513161180664,55.26320819279131],[32.111908281625546,55.279864419831945],[32.11309801212846,55.289382263855266],[32.103580168105225,55.297710377376475],[32.089303402069625,55.289382263855266],[32.09406232408119,55.281054150335834],[32.089303402069625,55.27153630631251],[32.14997965771839,55.23584439122533],[32.217794296384554,55.22870600820811],[32.239209445437645,55.20848058965748],[32.26300405549559,55.23108546921233],[32.293937048571124,55.26915684530651],[32.32843923315602,55.26677738430041],[32.308213814606724,55.288192533353154],[32.29155758756529,55.296520646874356],[32.32843923315602,55.32745363994944],[32.30583435360089,55.335781753468865],[32.27252189951882,55.34648932799608],[32.25943486398694,55.375042860066046],[32.20708672185849,55.40835531414723],[32.20589699135557,55.426201271690864],[32.230881331916436,55.422632080181764],[32.2427786369463,55.436908846218074],[32.2285018709107,55.461893186778056],[32.233260792922266,55.49044671884802],[32.22612240990487,55.515431059409856],[32.20589699135557,55.53684620846162],[32.220173757390384,55.55112297449705],[32.28560893505072,55.53803593896551],[32.31297273661829,55.55231270500005],[32.342715999190816,55.57967650656789],[32.31178300611538,55.596332733608534],[32.27966028253631,55.61655815215729],[32.27966028253631,55.63916303171303],[32.28441920454789,55.67961386881144],[32.31654192812695,55.69270090434475],[32.3772181837758,55.69508036534987],[32.386736027798946,55.71887497540773],[32.347474921202476,55.72482362792381],[32.28085001303914,55.758136082004995],[32.255865672478194,55.77479230904554],[32.255865672478194,55.79144853608617],[32.26895270801017,55.81167395463493],[32.293937048571124,55.828330181676364],[32.32130085013861,55.840227486705786],[32.3629414177402,55.84974533072911],[32.349457805373646,55.85926317475243],[32.30781723777206,55.86640155776965],[32.2685561311756,55.84974533072911],[32.238812868602984,55.836658295197566],[32.21501825854504,55.842606947711786],[32.203120953515175,55.85093506123122],[32.18884418748037,55.85807344425031],[32.190033917983286,55.87353994078696],[32.203120953515175,55.87710913229606],[32.21858745005369,55.90328320335993],[32.262607478661025,55.900903742354814],[32.274504783690084,55.913990777887236],[32.238812868602984,55.944923770961424],[32.24238206011173,55.982995147055604],[32.228105294076926,55.99846164359403],[32.20431068401809,55.99727191309014],[32.19479283999486,56.01154867912557],[32.154342002896186,56.021066523147994],[32.154342002896186,56.0293946366692],[32.13173712334036,56.03415355868131],[32.12578847082578,56.02701517566399],[32.061543023668364,56.038912480692524],[32.023471647575434,56.04129194169853],[31.98777973248762,56.048430324715845],[31.966364583435325,56.05080978572185],[31.943930462953265,56.05795311695327],[31.897530973339396,56.06152230846325],[31.851131483725528,56.05914284745627],[31.839234178696465,56.04367635091971],[31.804731994111748,56.05438392544603],[31.802352533105918,56.03772769840451],[31.80855085975919,56.00595733085906],[31.816878973279152,55.96431676325756],[31.787135710706806,55.96193730225244],[31.791894632718467,55.93576323118759],[31.76215137014532,55.903640507609424],[31.76215137014532,55.881035628052786],[31.74906433461299,55.86675886201825],[31.75144379561953,55.84534371296649],[31.765720561654422,55.83106694693018],[31.795463824226857,55.812031258883536],[31.827586547805744,55.792995570836894],[31.85495034937306,55.78823664882656],[31.849001696858128,55.77277015228715],[31.829966008811574,55.76801123027691],[31.764530831151152,55.7525447337384],[31.731218377069705,55.721611740662425],[31.738356760087107,55.68116090356402],[31.716941611034812,55.654986832499176],[31.70147511449656,55.631192222441314],[31.674111312930044,55.60144895986835],[31.622952901304515,55.57170569729627],[31.60748640476635,55.55385973975174],[31.581312333702307,55.54910081773964],[31.54681014911759,55.51816782466358],[31.501600390006992,55.49556294510872],[31.431406290334998,55.47414779605696],[31.3826273397153,55.46344022153063],[31.3374175806047,55.44202507247701],[31.307674318031644,55.42655857593947],[31.29458728250002,55.412281809904044],[31.2815002469676,55.407522887892824],[31.249377523388624,55.412281809904044],[31.219634260816367,55.421799653927366],[31.18394234572829,55.43488668946067],[31.143491508629353,55.43488668946067],[31.11969689857114,55.420609923424266],[31.103040671530415,55.418230462419146],[31.103040671530415,55.407522887892824],[31.12088662907441,55.3980050438695],[31.11969689857114,55.38610773884106],[31.091143366501353,55.36469258978832],[31.07686660046646,55.36707205079442],[31.054261720910716,55.36112339827922],[30.994775195765314,55.37896935582286],[30.985257351741993,55.38967693034918],[30.92339136558996,55.3980050438695],[30.891268642011784,55.37421043381164],[30.86033564893537,55.355174745765],[30.825833464351362,55.339708249226575],[30.8139361593223,55.32067256117993],[30.80124570062436,55.29436629783867],[30.822660849676744,55.28246899280836],[30.8452657292324,55.28246899280836],[30.885716566331247,55.26343330476172],[30.892854949348738,55.237259233698744],[30.90594198488107,55.23012085068054],[30.90237279337206,55.22298246766243],[30.915459828904392,55.20156731861058],[30.932116055945116,55.19442893559247],[30.944013360974267,55.17539324754583],[30.964238779523292,55.164685673019406]]]]}},{"type":"Feature","properties":{"kind":"district","id":"uyezd-1897-274","name":"Бельский","provinceId":"gubernia-1897-36"},"geometry":{"type":"MultiPolygon","coordinates":[[[[34.05697983421522,56.03253838420098],[33.999476193241165,56.0468151502364],[33.99590700173198,56.05752272476272],[34.02565026430512,56.08607625683268],[33.99352754072615,56.092024909346904],[33.98400969670291,56.101542753370225],[33.964974008656355,56.095594100856005],[33.90072856149929,56.100353022867225],[33.86146745490292,56.107491405885426],[33.84362149735884,56.107491405885426],[33.81863715679815,56.12057844141687],[33.805550121265725,56.12057844141687],[33.784134972213344,56.107491405885426],[33.74963278762863,56.11462978890265],[33.72583817757041,56.109870866890546],[33.69966410650646,56.109870866890546],[33.67705922695072,56.07536868230724],[33.68657707097404,56.06585083828392],[33.655644077898415,56.04205622822429],[33.628280276331814,56.03491784520796],[33.6009164747645,56.0432459587273],[33.5973472832554,56.08607625683268],[33.54261968012166,56.12890655493719],[33.499789382016885,56.12890655493719],[33.46409746692952,56.15508062600203],[33.43078501284728,56.165788200528354],[33.34631414714039,56.175306044551675],[33.314191423562214,56.170547122540455],[33.2868276219949,56.19077254108833],[33.24875624590179,56.20029038511165],[33.22496163584358,56.22170553416528],[33.235669210369366,56.2312233781886],[33.24042813238103,56.251448796738245],[33.22972055785524,56.2669152932749],[33.22972055785524,56.28714071182455],[33.24875624590179,56.29665855584787],[33.24637678489596,56.30379693886607],[33.22615136634614,56.30617639987119],[33.22972055785524,56.321642896410594],[33.20949513930542,56.34543750646756],[33.23328974936363,56.37993969105352],[33.265412472942515,56.382319152058734],[33.265412472942515,56.397785648597164],[33.23685894087273,56.412062414631706],[33.2309102883578,56.43823648569557],[33.23328974936363,56.45370298223311],[33.20592594779632,56.467979748268625],[33.21068486980798,56.488205166818275],[33.20592594779632,56.53579438693488],[33.201167025784656,56.554830074981524],[33.17685833464553,56.56042621475356],[33.16020210760419,56.55566729274234],[33.12451019251674,56.534252143689606],[33.10309504346417,56.52592403016938],[33.07930043340613,56.51997537765507],[33.08405935541806,56.48666292357389],[33.078110702902954,56.47476561854367],[33.054316092844914,56.46286831351425],[33.022193369266205,56.458109391503925],[32.984121993173105,56.45572993049703],[32.918686815512416,56.45572993049703],[32.880615439419394,56.45572993049703],[32.84849271584059,56.44621208647371],[32.821128914273814,56.43193532044006],[32.77472942466012,56.43312505094306],[32.72832993504635,56.452160738988816],[32.711673708004994,56.45691966100003],[32.69382775046127,56.448591547479715],[32.68312017593503,56.45929912200702],[32.672412601408794,56.47000669653245],[32.65337691336269,56.472386157538466],[32.63791041682444,56.47476561854367],[32.62839257280138,56.512836994636956],[32.61173634576083,56.512836994636956],[32.60578769324573,56.508078072625736],[32.571285508661454,56.50569861161964],[32.55224982061455,56.508078072625736],[32.526075749550856,56.48547319306999],[32.49514275647453,56.48547319306999],[32.474917337925234,56.48071427105878],[32.47729679893071,56.46286831351425],[32.445174075352,56.461678583013025],[32.4320870398202,56.4830937320639],[32.40115404674468,56.47952454055577],[32.39163620272082,56.49499103709421],[32.35475455713099,56.49142184558421],[32.34166752159909,56.522354838661165],[32.32977021656968,56.522354838661165],[32.315493450534696,56.54258025720992],[32.283370726955894,56.56875432827379],[32.295268031985316,56.583031094309305],[32.27980153544715,56.588979746823526],[32.260765847400336,56.59611812984075],[32.23816096784539,56.60325651285984],[32.22351713113815,56.60879833980467],[32.1902046770567,56.60522914829468],[32.155702492471896,56.544552892646635],[32.2389836276756,56.52670693510299],[32.22232740063488,56.49577394202693],[32.18306629403921,56.4458052609052],[32.12952842140794,56.4303387643658],[32.11406192486969,56.42320038134858],[32.12239003839045,56.41368253732526],[32.18544575504504,56.42676957285856],[32.205671173594155,56.42439011185256],[32.19734306007419,56.41368253732526],[32.174738180518446,56.40773388481104],[32.17116898901015,56.40059550179372],[32.18187656353594,56.394646849279496],[32.202101982085765,56.387508466262275],[32.154512761968626,56.36371385620255],[32.14618464844867,56.3494370901681],[32.155702492471896,56.324452749606266],[32.14380518744284,56.298278678543284],[32.13309761291633,56.27448406848454],[32.08669812330246,56.26615595496511],[32.06885216575918,56.247120266918465],[32.07480081827331,56.22808457887182],[32.07242135726748,56.19834131629885],[32.048626747209354,56.19596185529187],[32.01174510161952,56.180495358755216],[31.992709413572165,56.18168508925733],[31.980812108543102,56.17216724523401],[31.946309923959095,56.160269940205566],[31.96653534250821,56.136475330145934],[31.96772507301148,56.09840395405265],[31.97843264753727,56.087696379526236],[31.961776420496548,56.063901769469354],[31.943930462953265,56.05795311695327],[31.966364583435325,56.05080978572185],[31.98777973248762,56.048430324715845],[32.023471647575434,56.04129194169853],[32.061543023668364,56.038912480692524],[32.12578847082578,56.02701517566399],[32.13173712334036,56.03415355868131],[32.154342002896186,56.0293946366692],[32.154342002896186,56.021066523147994],[32.19479283999486,56.01154867912557],[32.20431068401809,55.99727191309014],[32.228105294076926,55.99846164359403],[32.24238206011173,55.982995147055604],[32.238812868602984,55.944923770961424],[32.274504783690084,55.913990777887236],[32.262607478661025,55.900903742354814],[32.21858745005369,55.90328320335993],[32.203120953515175,55.87710913229606],[32.190033917983286,55.87353994078696],[32.18884418748037,55.85807344425031],[32.203120953515175,55.85093506123122],[32.21501825854504,55.842606947711786],[32.238812868602984,55.836658295197566],[32.2685561311756,55.84974533072911],[32.30781723777206,55.86640155776965],[32.349457805373646,55.85926317475243],[32.3629414177402,55.84974533072911],[32.402202524336666,55.85093506123122],[32.43908416992668,55.844986408717],[32.44503282244116,55.82476099016726],[32.46406851048843,55.8092944936307],[32.460499318979686,55.79382799709218],[32.44384309193825,55.767653926028316],[32.490242581552295,55.71530578390049],[32.518796113622706,55.70221874836718],[32.50570907809002,55.64749114523424],[32.516416652616876,55.640352762215144],[32.47477608501449,55.59752246411065],[32.50095015607836,55.57253812355067],[32.57828263876775,55.603471116625755],[32.59969778782076,55.58562515908123],[32.63895889441652,55.523759172931065],[32.66156377397243,55.50829267639254],[32.693686497550786,55.49996456287134],[32.70082488056828,55.47379049180747],[32.69963515006536,55.442857498731414],[32.680599462018904,55.42501154118777],[32.644907546931094,55.41430396666233],[32.61278482335265,55.41311423615844],[32.59136967430044,55.371473668557925],[32.59136967430044,55.34292013648796],[32.64609727743401,55.33935094497886],[32.6877378450363,55.34173040598398],[32.72105029911757,55.350058519504294],[32.73889625666183,55.36433528553883],[32.76031140571413,55.375042860066046],[32.77815736325759,55.375042860066046],[32.776967632754676,55.35838663302452],[32.79957251231068,55.350058519504294],[32.80433143432225,55.32864337045156],[32.87690499499999,55.30841795190191],[32.97327316573585,55.32388444844034],[32.97446289623876,55.33221256196154],[32.9982575062968,55.34292013648796],[33.00182669780555,55.35243798051128],[32.991119123279404,55.35838663302452],[32.96851424372428,55.3512482500073],[32.96494505221553,55.36433528553883],[33.00301642830837,55.379801782077266],[33.0327596908817,55.379801782077266],[33.04584672641367,55.39645800911781],[33.05655430093982,55.39169908710757],[33.0613132229514,55.36433528553883],[33.05179537892816,55.34886878900218],[33.05417483993399,55.34054067548097],[33.06179792797125,55.33538517663598],[33.08202334652054,55.32705706311478],[33.093920651550405,55.30207272255303],[33.11652553110552,55.30326245305692],[33.14388933267222,55.294934339535715],[33.15340717669545,55.32110841059967],[33.18790936128043,55.32348787160568],[33.22241154586453,55.32943652412088],[33.253344538940766,55.3425235596533],[33.255723999946596,55.374646283231385],[33.33424621313891,55.39844089328925],[33.33424621313891,55.34609275116142],[33.33900513515048,55.31278029708024],[33.324728369115675,55.30326245305692],[33.34614351816797,55.294934339535715],[33.409199234822474,55.280657573501266],[33.4532192634306,55.280657573501266],[33.49129063952353,55.25567323293943],[33.513895519079455,55.23068889237945],[33.54315407663212,55.24179304373866],[33.54910272914661,55.25369034876799],[33.550292459649526,55.288192533353154],[33.56932814769679,55.294141185868256],[33.566948686690154,55.315556334921],[33.58360491373159,55.33102283145765],[33.580035722222846,55.34292013648796],[33.588363835743166,55.35838663302452],[33.580035722222846,55.375042860066046],[33.566948686690154,55.39288881760969],[33.619296828818605,55.39526827861569],[33.65022982189484,55.39169908710757],[33.65855793541516,55.377422321071165],[33.69187038949643,55.359576363528504],[33.72756230458424,55.350058519504294],[33.75611583665393,55.365525016042724],[33.80608451777655,55.366714746544844],[33.82630993632593,55.37385312956215],[33.82155101431435,55.38694016509449],[33.77991044671277,55.39288881760969],[33.82512020582301,55.41906288867355],[33.83582778034916,55.449995881749615],[33.81203317029112,55.453565073258716],[33.80489478727363,55.47735968331657],[33.78466936872434,55.47854941381868],[33.764443950174254,55.491636449352],[33.728752035087155,55.519000250918864],[33.74183907061913,55.522569442427084],[33.740649340116214,55.539225669467626],[33.74778772313361,55.55945108801736],[33.7394596096133,55.57372785405279],[33.75611583665393,55.596332733608534],[33.77158233319165,55.596332733608534],[33.76801314168291,55.608230038637856],[33.78347963822142,55.6225068046724],[33.80132559576498,55.62012734366639],[33.81679209230269,55.63797330121092],[33.81679209230269,55.65343979774748],[33.83582778034916,55.65700898925756],[33.84058670236073,55.677234407807205],[33.87032996493406,55.69745982635597],[33.9012629580095,55.7081674008814],[33.90602188002116,55.72839281943105],[33.86914023443114,55.73910039395835],[33.81917155330852,55.73315174144315],[33.79775640425623,55.74504904647168],[33.76087475866551,55.758136082004995],[33.75611583665393,55.77360257854164],[33.76920287218582,55.78668961407398],[33.8025153262678,55.79739718860128],[33.82274074481727,55.80096638010949],[33.84058670236073,55.81762260715004],[33.84891481588185,55.834278834190584],[33.8382072413549,55.847365869723006],[33.81203317029112,55.85093506123122],[33.80727424827946,55.86164263575755],[33.87032996493406,55.87235021028485],[33.89412457499209,55.89138589833149],[33.944093256114705,55.90328320335993],[33.964318674664085,55.912801047383255],[33.972646788184406,55.9294572744238],[33.95955975265251,55.94373404045931],[33.95955975265251,55.95920053699774],[33.96788786617283,55.96752865051708],[34.010718164278046,55.96752865051708],[34.071394419926804,55.99370272158104],[34.11898364004288,56.00322056560436],[34.120099628896654,56.01170208089321],[34.108138245840664,56.01469242665823],[34.08315390527926,56.01350269615434],[34.05697983421522,56.03253838420098]]]]}},{"type":"Feature","properties":{"kind":"district","id":"uyezd-1897-284","name":"Ельнинский","provinceId":"gubernia-1897-36"},"geometry":{"type":"MultiPolygon","coordinates":[[[[33.629299377861685,54.115911411146975],[33.57814096623607,54.124239524668184],[33.53531066813166,54.15636224824725],[33.49010090902061,54.16350063126447],[33.47225495147707,54.17777739729901],[33.46392683795675,54.18967470232833],[33.47701387348864,54.19681308534565],[33.49248037002636,54.24083311395404],[33.54958743416646,54.24916122747347],[33.557915547686775,54.267007185018],[33.5805204272419,54.25867907149679],[33.61145342031823,54.25273041898257],[33.601935576294906,54.26938664602312],[33.631678838867515,54.277714759544324],[33.631678838867515,54.293181256081866],[33.69235509451628,54.3026991001043],[33.688785903007535,54.340770476197584],[33.695924286025026,54.362185625251215],[33.6864064420018,54.365754816759335],[33.678078328481476,54.3978775403384],[33.69711401652794,54.42643107240836],[33.73518539262149,54.438328377436804],[33.762549194188274,54.42167215039626],[33.81727679732255,54.447846221460125],[33.86843520894808,54.50019436358981],[33.92197308157873,54.55016304471154],[33.91840389006998,54.57752684627761],[33.9481471526433,54.588234420803936],[34.03380774885302,54.576337115775495],[34.05641262840814,54.56562954125006],[34.092104543496035,54.58347549879272],[34.10757104003376,54.58704469030093],[34.13017591958888,54.60489064784635],[34.144452685624486,54.598941995331145],[34.16586783467669,54.606080378348466],[34.21821597680513,54.61321876136569],[34.22892355133128,54.62273660538901],[34.27532304094444,54.61797768337779],[34.284840884968474,54.62630579689722],[34.27651277144736,54.63582364092054],[34.25271816138932,54.63701337142443],[34.23487220384577,54.64534148494386],[34.22535435982253,54.6631874424875],[34.21226732428985,54.684602591540155],[34.184903522723154,54.69174097455746],[34.18847271423181,54.70244854908468],[34.187282983728984,54.728622620148634],[34.13374511109754,54.72386369813644],[34.07544831645541,54.72148423713132],[34.04094613187042,54.738140464172844],[34.01953098281821,54.746468577692184],[33.994546642256466,54.744089116687064],[33.96599311018686,54.746468577692184],[33.93149092560187,54.753606960710385],[33.8839017054858,54.74289938618308],[33.86248655643279,54.740519925177075],[33.83988167687767,54.73338154215976],[33.81251787531089,54.72981235065075],[33.78753353474923,54.720294506627425],[33.73756485362732,54.720294506627425],[33.695924286025026,54.70839720159988],[33.660232370937926,54.70244854908468],[33.660232370937926,54.685792322044136],[33.673319406469815,54.685792322044136],[33.68997563351045,54.64296202393963],[33.657852909932096,54.62868525790323],[33.59717665428333,54.6167879528739],[33.54839770366355,54.69531016606746],[33.57219231372167,54.69649989656957],[33.53412093762874,54.731002081153754],[33.54482851215489,54.73576100316586],[33.54006959014332,54.7500377692004],[33.54601824265781,54.76788372674493],[33.53293120712583,54.77145291825305],[33.54601824265781,54.78453995378547],[33.55196689517229,54.80357564183211],[33.49961875304385,54.81309348585543],[33.47939333449447,54.80714483334121],[33.46511656845966,54.78810914529368],[33.43775276689208,54.77502210976215],[33.438942497395,54.761935074229726],[33.380645702752865,54.760745343727606],[33.337815404647564,54.77740157076825],[33.309261872577956,54.78216049277946],[33.271190496484316,54.76907345724704],[33.275949418495976,54.7500377692004],[33.268811035478485,54.738140464172844],[33.2414472339117,54.72624315914254],[33.23192938988856,54.70244854908468],[33.1783915172572,54.70601774059378],[33.140320141163556,54.68698205254625],[33.07369523300022,54.7179150456232],[33.01896762986595,54.73576100316586],[32.98327571477894,54.738140464172844],[32.91427134560986,54.71315612361012],[32.87501023901331,54.731002081153754],[32.869061586498816,54.748848038698284],[32.860733472978495,54.75955561322372],[32.84407724593787,54.76550426573883],[32.83336967141172,54.78335022328335],[32.851215628955266,54.79167833680278],[32.861923203481325,54.810714024849425],[32.71806459607419,54.812447261083335],[32.702499316090964,54.79643725881489],[32.70011985508522,54.77621184026613],[32.714396621120024,54.75955561322372],[32.71558635162294,54.745278847189184],[32.673945784021356,54.7048280100898],[32.64777171295668,54.675084747516834],[32.63944359943637,54.678653939026816],[32.62873602491031,54.68936151355324],[32.607320875858015,54.69055124405535],[32.562111116746976,54.69649989656957],[32.57519815227895,54.64653121544687],[32.57519815227895,54.61797768337779],[32.59423384032533,54.612029030862686],[32.6061311453551,54.588234420803936],[32.62635656390448,54.56562954125006],[32.61564898937833,54.54540412269944],[32.553783003226656,54.54064520068822],[32.556162464232486,54.518040321132474],[32.553783003226656,54.48115867554317],[32.538316506688936,54.449035951964106],[32.495486208583635,54.435948916431684],[32.46931213751986,54.449035951964106],[32.45503537148426,54.449035951964106],[32.45503537148426,54.42286188090024],[32.43243049192913,54.42286188090024],[32.39792830734495,54.42881053341348],[32.41815372589433,54.38835969631508],[32.480019712045916,54.37289319977665],[32.51690135763593,54.34909858971879],[32.524039740653336,54.33006290167215],[32.518091088138846,54.31340667463151],[32.49474174609314,54.312431783275336],[32.50901851212874,54.2957755562347],[32.56850503727459,54.2981550172408],[32.574453689789074,54.311242052771355],[32.60538668286451,54.30767286126412],[32.62323264040806,54.28982690371959],[32.66011428599879,54.2922063647256],[32.69104727907431,54.28268852070228],[32.71484188913306,54.28030905969627],[32.74339542120267,54.281498790198384],[32.7529132652259,54.2922063647256],[32.78384625830214,54.294585825730806],[32.79931275483986,54.2874474427135],[32.8314354784183,54.28625771221138],[32.84333278344728,54.27436040718116],[32.889732273061234,54.27555013768506],[32.92661391865196,54.26960148517084],[32.96349556424188,54.26127337164963],[32.9575469117274,54.28268852070228],[32.98134152178544,54.30648313076014],[33.00394640134135,54.2981550172408],[33.02893074190231,54.311242052771355],[33.07889942302492,54.294585825730806],[33.113401607609106,54.28268852070228],[33.164560019234635,54.27317067667896],[33.15028325319983,54.256514449638416],[33.184785437784015,54.254134988632316],[33.19787247331671,54.23985822259787],[33.209769778345766,54.229150648070565],[33.216908161363165,54.220822534551225],[33.24189250192412,54.21011496002392],[33.24665142393569,54.18988954147427],[33.264497381479245,54.18394088896005],[33.2823433390235,54.1970279244915],[33.291861183046734,54.18394088896005],[33.30732767958445,54.16133600940431],[33.300189296567055,54.14586951286766],[33.31446606260185,54.13278247733524],[33.34301959467226,54.12088517230582],[33.35253743869549,54.10779813677348],[33.35253743869549,54.09590083174407],[33.37038339623905,54.08638298772075],[33.37276285724479,54.07567541319442],[33.36324501322164,54.05188080313745],[33.38822935378259,54.03760403710113],[33.40369585032032,54.03879376760503],[33.42035207736175,54.022137540564486],[33.43938776540813,54.01856834905449],[33.4524748009401,54.03046565408383],[33.48102833300971,54.02927592358171],[33.500064021056886,54.03165538458781],[33.520289439606266,54.01499915754539],[33.565499198717305,54.02927592358171],[33.56074027670574,54.056639725147775],[33.58810407827243,54.063778108165],[33.61903707134787,54.07091649118409],[33.631678838867515,54.08140922656368],[33.637627491382005,54.10163464511244],[33.629299377861685,54.115911411146975]]]]}},{"type":"Feature","properties":{"kind":"district","id":"uyezd-1897-744","name":"Юхновский","provinceId":"gubernia-1897-36"},"geometry":{"type":"MultiPolygon","coordinates":[[[[34.782148235186924,55.34490302065933],[34.761922816636826,55.34609275116142],[34.72980009305847,55.33062625462299],[34.722661710041066,55.31515975808634],[34.67626222042711,55.31515975808634],[34.644139496848666,55.297313800541815],[34.60963731226377,55.28184730400338],[34.58346324119991,55.26757053796973],[34.56085836164399,55.26638080746575],[34.55253024812376,55.26162188545462],[34.564427553153536,55.25567323293943],[34.57870431918833,55.23663754489279],[34.57394539717667,55.225929970367346],[34.533494560077294,55.22830943137345],[34.502561567001855,55.221171048356126],[34.47400803493136,55.21998131785224],[34.45735180789082,55.214032665338905],[34.47876695694302,55.2033250908116],[34.42403935380955,55.16763317572442],[34.419280431797084,55.12956179963024],[34.40143447425362,55.09743907605295],[34.35860417614912,55.09505961504695],[34.30982522552942,55.09743907605295],[34.28246142396184,55.110526111583596],[34.21821597680513,55.101008267560275],[34.161108912665114,55.09030069303484],[34.131365650091794,55.074834196496326],[34.12779645858305,55.054608777946676],[34.14088349411494,55.04033201191302],[34.16824729568252,55.03438335939792],[34.1944213667463,55.01653740185339],[34.18847271423181,54.99750171380764],[34.1456424161274,54.99869144431064],[34.11232996204533,54.982035217270095],[34.080207238466976,54.96418925972557],[34.07609145940879,54.95704080136147],[34.057602358911055,54.92492815312928],[34.05046397589365,54.88209785502478],[34.02785909633853,54.88447731603078],[34.018341252315295,54.87733893301356],[34.01001313879498,54.86425189748025],[34.063551011425545,54.86782108899024],[34.080207238466976,54.88090812452266],[34.115899153554075,54.86187243647513],[34.13969376361202,54.86663135848626],[34.177765139705755,54.8511648619497],[34.173006217694095,54.826180521387855],[34.14683214663032,54.821421599376635],[34.1456424161274,54.80833456384333],[34.169437026185435,54.78929887579669],[34.17062675668835,54.77502210976215],[34.19204190574055,54.758365882721606],[34.259856544406716,54.755986421715505],[34.259856544406716,54.744089116687064],[34.240820856360344,54.73219181165764],[34.21821597680513,54.70601774059378],[34.278892232453096,54.69412043556348],[34.34075821860486,54.68698205254625],[34.369311750675266,54.688171783049256],[34.403813935259365,54.70006908807867],[34.43950585034726,54.71434585411312],[34.471628573925614,54.72267396763432],[34.462110729902385,54.69649989656957],[34.46924911291978,54.68222313053414],[34.48947453146908,54.68222313053414],[34.50732048901342,54.688171783049256],[34.52754590756281,54.683412861038036],[34.55966863114107,54.685792322044136],[34.58465297170282,54.69412043556348],[34.61082704276669,54.670325825505614],[34.66555464590097,54.679843669529916],[34.688159525456086,54.68936151355324],[34.70005683048506,54.70244854908468],[34.703626021993806,54.72743288964652],[34.757163894625165,54.72148423713132],[34.77619958267243,54.72267396763432],[34.80356338423921,54.720294506627425],[34.80594284524496,54.710776662604104],[34.82497853329133,54.71315612361012],[34.833306646811735,54.73933019467496],[34.8654293703908,54.73933019467496],[34.89279317195758,54.73695073366984],[34.89398290246049,54.72386369813644],[34.9011212854779,54.711966393108],[34.92372616503373,54.7179150456232],[34.92491589553664,54.73338154215976],[34.94157212257737,54.73576100316586],[34.96893592414406,54.7155355846171],[34.99629972571155,54.688171783049256],[35.02842244929,54.65247986796295],[35.04745813733638,54.64534148494386],[35.064114364377716,54.63225444941233],[35.06530409488063,54.654859328967184],[35.07839113041261,54.66080798148229],[35.08671924393293,54.67270528651082],[35.102185740470645,54.676274478020815],[35.121221428517025,54.68222313053414],[35.137877655558455,54.678653939026816],[35.16286199611941,54.68222313053414],[35.24138420931172,54.68698205254625],[35.2746966633937,54.664377172991394],[35.299681003954746,54.63939283242964],[35.325855075018524,54.64177229343565],[35.36511618161508,54.64534148494386],[35.39485944418769,54.63701337142443],[35.41032594072612,54.64058256293353],[35.41984378474935,54.64653121544687],[35.40794647972038,54.667946364499606],[35.38058267815279,54.67746420852293],[35.41865405424643,54.688171783049256],[35.42817189826967,54.70244854908468],[35.44363839480739,54.711966393108],[35.45553569983636,54.711966393108],[35.46981246587126,54.70839720159988],[35.48527896240968,54.68698205254625],[35.51621195548521,54.688171783049256],[35.538816835040336,54.70958693210199],[35.538816835040336,54.72386369813644],[35.51859141649104,54.72386369813644],[35.497176267438746,54.731002081153754],[35.48408923190686,54.741709655680964],[35.49955572844458,54.755986421715505],[35.47100219637408,54.76669399624281],[35.44720758631613,54.77859130127036],[35.39723890519343,54.77978103177425],[35.366305912117994,54.757176152219486],[35.34489076306569,54.755986421715505],[35.32942426652727,54.76312480473282],[35.32228588350986,54.77978103177425],[35.25566097534653,54.78572968428945],[35.22353825176826,54.79405779780879],[35.225917712774006,54.814283216358525],[35.204502563721704,54.826180521387855],[35.214020407745025,54.85473405345782],[35.237815017803065,54.86187243647513],[35.291352890434425,54.86782108899024],[35.31395776998954,54.898754082065324],[35.304439925966314,54.91184111759686],[35.32942426652727,54.948722763187135],[35.28540423791985,54.95586114620525],[35.28183504641119,54.983224947772214],[35.22472798227109,54.983224947772214],[35.18070795366296,55.00701955783007],[35.168810648633986,54.98560440877831],[35.140257116564285,54.99393252229952],[35.0914781659445,54.99512225280163],[35.08790897443585,55.00582982732706],[35.11646250650546,55.01772713235728],[35.112893314996796,55.0212963238655],[35.10694466248222,55.02367578487248],[35.11170358449388,55.0331936288958],[35.08196032192136,55.0248655153746],[35.08671924393293,55.03795255090604],[35.09623708795616,55.052229316942444],[35.05935544236615,55.06412662197],[35.033181371301566,55.07602392700031],[35.02247379677542,55.09743907605295],[35.014145683255194,55.12956179963024],[35.03437110180448,55.141459104660456],[35.052217059347946,55.1604947927071],[35.06530409488063,55.17596128924562],[35.08077059141844,55.17120236723254],[35.08671924393293,55.146218026672656],[35.105754931979305,55.12004395560692],[35.16524145712524,55.142648835162575],[35.16286199611943,55.177151019747726],[35.145016038575875,55.19380724678831],[35.11289331499677,55.19380724678831],[35.09504735745321,55.210463473828895],[35.076011669406796,55.20332509081163],[35.06054517286907,55.18666886377105],[35.042699215324774,55.18547913326893],[35.036750562810255,55.209273743326776],[35.061734903371985,55.22711970086948],[35.059355442366154,55.24972458042521],[35.03794029331317,55.253293771933386],[34.9879716121913,55.23544781439068],[34.95227969710345,55.24734511942006],[34.91658778201639,55.230688892379476],[34.8987418244721,55.221171048356155],[34.85353206536183,55.22949916187554],[34.84401422133783,55.244965658414],[34.80118392323334,55.25567323293944],[34.80475311474203,55.29850353104666],[34.7845276961927,55.32705706311481],[34.782148235186924,55.34490302065933]]]]}},{"type":"Feature","properties":{"kind":"district","id":"uyezd-1897-745","name":"Сычевский","provinceId":"gubernia-1897-36"},"geometry":{"type":"MultiPolygon","coordinates":[[[[34.120099628896654,56.01170208089321],[34.11898364004288,56.00322056560436],[34.071394419926804,55.99370272158104],[34.010718164278046,55.96752865051708],[33.96788786617283,55.96752865051708],[33.95955975265251,55.95920053699774],[33.95955975265251,55.94373404045931],[33.972646788184406,55.9294572744238],[33.964318674664085,55.912801047383255],[33.944093256114705,55.90328320335993],[33.89412457499209,55.89138589833149],[33.87032996493406,55.87235021028485],[33.80727424827946,55.86164263575755],[33.81203317029112,55.85093506123122],[33.8382072413549,55.847365869723006],[33.84891481588185,55.834278834190584],[33.84058670236073,55.81762260715004],[33.82274074481727,55.80096638010949],[33.8025153262678,55.79739718860128],[33.76920287218582,55.78668961407398],[33.75611583665393,55.77360257854164],[33.76087475866551,55.758136082004995],[33.79775640425623,55.74504904647168],[33.81917155330852,55.73315174144315],[33.86914023443114,55.73910039395835],[33.90602188002116,55.72839281943105],[33.9012629580095,55.7081674008814],[33.87032996493406,55.69745982635597],[33.84058670236073,55.677234407807205],[33.83582778034916,55.65700898925756],[33.81679209230269,55.65343979774748],[33.81679209230269,55.63797330121092],[33.80132559576498,55.62012734366639],[33.78347963822142,55.6225068046724],[33.76801314168291,55.608230038637856],[33.77158233319165,55.596332733608534],[33.75611583665393,55.596332733608534],[33.7394596096133,55.57372785405279],[33.74778772313361,55.55945108801736],[33.740649340116214,55.539225669467626],[33.74183907061913,55.522569442427084],[33.728752035087155,55.519000250918864],[33.764443950174254,55.491636449352],[33.78466936872434,55.47854941381868],[33.81084343978821,55.492826179855],[33.839396971857816,55.47973914432258],[33.913160263038556,55.496395371363214],[33.94171379510897,55.48687752733989],[33.96312894416117,55.48687752733989],[33.946472717120535,55.511861867901644],[33.98811328472212,55.514241328907744],[33.99525166774032,55.50353375438044],[34.02142573880419,55.505913215386535],[34.03094358282742,55.51305159840376],[34.08686091646452,55.5273283644383],[34.09518902998484,55.539225669467626],[34.13088094507274,55.57253812355067],[34.16062420764526,55.57610731505879],[34.23200803782017,55.54755378298883],[34.25104372586655,55.51067213739766],[34.29030483246311,55.519000250918864],[34.35455027962061,55.539225669467626],[34.39857030822803,55.55588189650826],[34.411657343760716,55.58205596757399],[34.424744379292605,55.591573811597314],[34.45448764186513,55.591573811597314],[34.474713060414416,55.56777920153759],[34.458056833373874,55.56064081852125],[34.458056833373874,55.535656477959506],[34.47114386890576,55.535656477959506],[34.502076861982005,55.54517432198283],[34.51873308902263,55.533277016954386],[34.52111255002846,55.51305159840376],[34.54252769908067,55.50829267639254],[34.54133796857776,55.48211860532868],[34.57465042265974,55.4809288748247],[34.58178880567723,55.4892569883459],[34.58178880567723,55.50472348488442],[34.612721798752666,55.50353375438044],[34.615101259758404,55.47616995281446],[34.63770613931442,55.47260076130536],[34.65198290534922,55.4844980663338],[34.6710185933956,55.48568779683778],[34.67815697641309,55.42858073269687],[34.71860781351247,55.41192450565633],[34.7209872745183,55.42858073269687],[34.74002296256468,55.441667768228406],[34.765492008145486,55.4472198439089],[34.77857904367818,55.47696310648189],[34.79880446222751,55.481722028494005],[34.79523527071882,55.49837825553459],[34.7666817386484,55.503137177545796],[34.7619228166368,55.51741394358123],[34.76906119965423,55.53407017062182],[34.86067044837921,55.557864780679665],[34.85472179586469,55.57095181621207],[34.81189149775946,55.58284912124145],[34.77025093015709,55.61973076683171],[34.7095746745091,55.687545405497985],[34.66436491539804,55.707770824048566],[34.64413949684871,55.73632435611762],[34.57751458868546,55.7398935476258],[34.56799674466225,55.76249842718153],[34.56918647516511,55.78986222874937],[34.59298108522319,55.829123335345685],[34.62748326980733,55.85291794540262],[34.65246761036906,55.85410767590565],[34.67388275942125,55.86600498093503],[34.67745195092999,55.87790228596441],[34.66317518489518,55.87790228596441],[34.65127787986614,55.86957417244412],[34.63161966712315,55.87787341882175],[34.6018764045501,55.900478298378374],[34.59354829103005,55.94330859648199],[34.58165098600098,55.94330859648199],[34.53882068789621,55.93141129145355],[34.5114568863289,55.93260102195656],[34.47100604923005,55.915944794915035],[34.44364224766274,55.915944794915035],[34.44364224766274,55.92427290843535],[34.3960530275463,55.92427290843535],[34.38058653100814,55.93260102195656],[34.36868922597908,55.95282644050531],[34.35322272944083,55.96591347603862],[34.316341083850986,55.9575853625183],[34.275890246751345,55.95520590151132],[34.2497161756873,55.9563956320153],[34.21759345210912,55.94806751849498],[34.20212695557096,55.959964823523514],[34.17714261500947,55.9587750930214],[34.17357342350117,55.979000511570156],[34.20926533858845,55.999225930119806],[34.22592156562908,56.01707188766433],[34.20331668607423,56.03134865369789],[34.17357342350117,56.02777946218977],[34.164055579477846,56.03372811470399],[34.139071238916365,56.02421027068155],[34.142640430425466,56.01707188766433],[34.142640430425466,56.01112323514825],[34.122415011875646,56.01112323514825],[34.120099628896654,56.01170208089321]]]]}},{"type":"Feature","properties":{"kind":"district","id":"uyezd-1897-746","name":"Духовщинский","provinceId":"gubernia-1897-36"},"geometry":{"type":"MultiPolygon","coordinates":[[[[33.06179792797125,55.33538517663598],[33.05417483993399,55.34054067548097],[33.05179537892816,55.34886878900218],[33.0613132229514,55.36433528553883],[33.05655430093982,55.39169908710757],[33.04584672641367,55.39645800911781],[33.0327596908817,55.379801782077266],[33.00301642830837,55.379801782077266],[32.96494505221553,55.36433528553883],[32.96851424372428,55.3512482500073],[32.991119123279404,55.35838663302452],[33.00182669780555,55.35243798051128],[32.9982575062968,55.34292013648796],[32.97446289623876,55.33221256196154],[32.97327316573585,55.32388444844034],[32.87690499499999,55.30841795190191],[32.80433143432225,55.32864337045156],[32.79957251231068,55.350058519504294],[32.776967632754676,55.35838663302452],[32.77815736325759,55.375042860066046],[32.76031140571413,55.375042860066046],[32.73889625666183,55.36433528553883],[32.72105029911757,55.350058519504294],[32.6877378450363,55.34173040598398],[32.64609727743401,55.33935094497886],[32.59136967430044,55.34292013648796],[32.59136967430044,55.371473668557925],[32.61278482335265,55.41311423615844],[32.644907546931094,55.41430396666233],[32.680599462018904,55.42501154118777],[32.69963515006536,55.442857498731414],[32.70082488056828,55.47379049180747],[32.693686497550786,55.49996456287134],[32.66156377397243,55.50829267639254],[32.63895889441652,55.523759172931065],[32.59969778782076,55.58562515908123],[32.57828263876775,55.603471116625755],[32.50095015607836,55.57253812355067],[32.47477608501449,55.59752246411065],[32.516416652616876,55.640352762215144],[32.50570907809002,55.64749114523424],[32.518796113622706,55.70221874836718],[32.490242581552295,55.71530578390049],[32.44384309193825,55.767653926028316],[32.460499318979686,55.79382799709218],[32.46406851048843,55.8092944936307],[32.44503282244116,55.82476099016726],[32.43908416992668,55.844986408717],[32.402202524336666,55.85093506123122],[32.3629414177402,55.84974533072911],[32.32130085013861,55.840227486705786],[32.293937048571124,55.828330181676364],[32.26895270801017,55.81167395463493],[32.255865672478194,55.79144853608617],[32.255865672478194,55.77479230904554],[32.28085001303914,55.758136082004995],[32.347474921202476,55.72482362792381],[32.386736027798946,55.71887497540773],[32.3772181837758,55.69508036534987],[32.31654192812695,55.69270090434475],[32.28441920454789,55.67961386881144],[32.27966028253631,55.63916303171303],[32.27966028253631,55.61655815215729],[32.31178300611538,55.596332733608534],[32.342715999190816,55.57967650656789],[32.31297273661829,55.55231270500005],[32.28560893505072,55.53803593896551],[32.220173757390384,55.55112297449705],[32.20589699135557,55.53684620846162],[32.22612240990487,55.515431059409856],[32.233260792922266,55.49044671884802],[32.2285018709107,55.461893186778056],[32.2427786369463,55.436908846218074],[32.230881331916436,55.422632080181764],[32.20589699135557,55.426201271690864],[32.20708672185849,55.40835531414723],[32.25943486398694,55.375042860066046],[32.27252189951882,55.34648932799608],[32.30583435360089,55.335781753468865],[32.32843923315602,55.32745363994944],[32.29155758756529,55.296520646874356],[32.308213814606724,55.288192533353154],[32.32843923315602,55.26677738430041],[32.293937048571124,55.26915684530651],[32.26300405549559,55.23108546921233],[32.239209445437645,55.20848058965748],[32.217794296384554,55.22870600820811],[32.14997965771839,55.23584439122533],[32.089303402069625,55.27153630631251],[32.09406232408119,55.281054150335834],[32.089303402069625,55.289382263855266],[32.103580168105225,55.297710377376475],[32.11309801212846,55.289382263855266],[32.111908281625546,55.279864419831945],[32.134513161180664,55.26320819279131],[32.15592831023287,55.287002802851035],[32.142841274700984,55.300089838381595],[32.142841274700984,55.31912552642824],[32.115477473134206,55.31793579592612],[32.096441785087826,55.33340229246464],[32.04885256497096,55.32269471793822],[31.984607117813447,55.31436660441702],[31.97865846529896,55.287002802851035],[31.992935231333764,55.279864419831945],[32.00364280585991,55.26915684530651],[31.967950890772812,55.27748495882771],[31.957243316246753,55.270346575808624],[31.973899543287388,55.26439792329529],[31.977468734796044,55.25250061826587],[31.979848195801786,55.23703412172745],[31.962002238258325,55.24417250474467],[31.944156280714065,55.25963900128319],[31.915602748644368,55.25131088776198],[31.896567060597903,55.24179304373866],[31.914413018141452,55.225136816698026],[31.90489517411822,55.217998433680805],[31.896567060597903,55.207290859154476],[31.915602748644368,55.19420382362294],[31.950104933228463,55.19063463211384],[31.956053585743838,55.16565029155209],[31.916792479147283,55.134717298477895],[31.85135730148686,55.14780433400934],[31.829942152434654,55.16327083054786],[31.79543996784967,55.16446056104998],[31.774024818797464,55.15137352551844],[31.751419939242343,55.15018379501455],[31.72167667666902,55.14780433400934],[31.68836422258775,55.135907028980014],[31.669328534540576,55.11449187992825],[31.649103115991284,55.11449187992825],[31.631257158447646,55.10616376640704],[31.636016080459306,55.07642050383497],[31.641964732973793,55.049056702267116],[31.68598476158192,55.045487510758015],[31.694312875102238,55.035969666734694],[31.722866407171935,55.03121074472348],[31.730004790189337,55.0383491277407],[31.74428155622414,55.0335902057286],[31.74190209521831,55.05024643276923],[31.75736859175683,55.062143737798564],[31.77283508829455,55.063333468302545],[31.77521454930038,55.04786697176402],[31.806147542375818,55.0335902057286],[31.80852700338165,55.01693397868805],[31.825183230422994,55.01217505667684],[31.84421891846946,55.01336478717895],[31.85135730148686,55.004772289103144],[31.888238947077674,55.004772289103144],[31.93820762819949,55.000013367091924],[31.99888388384834,54.997633906085824],[32.04409364295938,54.996444175581935],[32.02862714642166,55.013100402624346],[32.063129331005754,55.01547986362858],[32.067888253017415,54.9904955230686],[32.107149359613885,54.9881160620625],[32.12618504766035,55.005962019605256],[32.183292111800455,55.011910672120365],[32.2285018709107,55.03689501268123],[32.2499170199637,55.04998204821365],[32.27728082153048,55.05355123972186],[32.28917812655946,55.02380797714979],[32.27728082153048,55.002392828098024],[32.29631650957686,54.97264956552408],[32.33200842466467,54.95123441647232],[32.39863333282801,54.934578189431676],[32.42123821238313,54.91554250138503],[32.45098147495645,54.88936843032117],[32.4616890494826,54.86200462875243],[32.48429392903772,54.847727862718784],[32.50570907809002,54.84296894070579],[32.516416652616876,54.81084621712762],[32.539021532172,54.80370783411039],[32.544970184686484,54.79418999008707],[32.56162641172712,54.79062079857797],[32.565195603235864,54.784672146064636],[32.60207724882659,54.776344032543435],[32.609215631843995,54.79537972058918],[32.63895889441652,54.80013864260129],[32.664427939997324,54.81309348585543],[32.66799713150598,54.82380106038185],[32.66323820949441,54.83926755692028],[32.63944359943637,54.84759567043962],[32.65253063496826,54.85235459245181],[32.65015117396251,54.86068270597302],[32.67513551452418,54.85830324496692],[32.67513551452418,54.87733893301356],[32.68465335854741,54.889236238042],[32.69774039407939,54.89756435156232],[32.69774039407939,54.904702734579544],[32.714396621120024,54.909461656592626],[32.73224257866349,54.9308768056435],[32.79410856481516,54.92968707514139],[32.80124694783257,54.94634330218193],[32.83931832392629,54.95348168519924],[32.86311293398424,54.97370710374889],[32.879769161024875,54.97370710374889],[32.90118431007788,54.96418925972557],[32.917840537118515,54.96537899022955],[32.917840537118515,54.972517373245886],[32.933307033656234,54.97370710374889],[32.935686494662065,54.980845486767095],[32.9166508066156,55.00464009682495],[32.93449676415915,55.03795255090604],[32.976137331761535,55.07364446599332],[32.97256814025279,55.09268015404085],[32.9452043386853,55.115285033595704],[32.91903026762143,55.133130991139254],[32.922599459130176,55.146218026672656],[32.93687622516498,55.15335640968988],[33.03205466539863,55.16406398421532],[33.03443412640446,55.18428940276496],[33.03086493489572,55.191427785782274],[33.039193048416124,55.20808401282282],[33.03681358741029,55.23425808388677],[33.02491628238133,55.23187862288157],[33.01182924684855,55.22355050936134],[33.00350113332823,55.23068889237945],[33.013018977351464,55.25686296344341],[33.053469814450935,55.26757053796973],[33.03800331791321,55.306831644565136],[33.06179792797125,55.33538517663598]]]]}}]}
