{"type":"FeatureCollection","features":[{"type":"Feature","properties":{"kind":"province","id":"gubernia-1897-74","name":"Новгородская губерния"},"geometry":{"type":"MultiPolygon","coordinates":[[[[31.920130229919277,57.07949946988086],[31.939165917966644,57.108053001950786],[31.96296052802486,57.109242732453794],[31.998652443112135,57.10210434943568],[32.01173947864376,57.108053001950786],[31.998652443112135,57.11757084597411],[32.05456977674923,57.14017572552896],[32.11405630189473,57.16634979659372],[32.155696869496936,57.171108718604046],[32.184250401566814,57.163970335586825],[32.21280393363659,57.18062656262737],[32.241357465706386,57.18300602363347],[32.2722904587828,57.19133413715369],[32.26039315375374,57.20561090318823],[32.24611638771805,57.22583632173787],[32.25087530972971,57.236543896265175],[32.27585965029119,57.243682279281515],[32.307982373870075,57.21869793872154],[32.33415644493412,57.20561090318823],[32.36865862951883,57.21393901671033],[32.39007377857122,57.20918009469822],[32.41148892762361,57.22226713022975],[32.40673000561195,57.23773362676818],[32.43409380717926,57.25438985380784],[32.47216518327237,57.26985635034636],[32.497149523833855,57.28651257738788],[32.536410630429515,57.30316880442754],[32.532841438921125,57.31387637895475],[32.532841438921125,57.329342875491406],[32.57091281501424,57.33053260599441],[32.58162038954083,57.318635300965965],[32.61493284362227,57.323394222978074],[32.64348637569206,57.34837856353894],[32.63396853166883,57.35313748555113],[32.660142602732876,57.36146559907047],[32.667280985750274,57.387639670134334],[32.675609099271036,57.40667535818196],[32.71130101435831,57.407865088684076],[32.72676751089577,57.423331585223394],[32.77911565302456,57.43760835125704],[32.79458214956193,57.45307484779547],[32.82313568163261,57.45188511729336],[32.835032986661666,57.432849429246716],[32.88143247627474,57.44236727327004],[32.92188331337447,57.43998781226402],[32.971851994496646,57.4257110462286],[32.987318491034806,57.399536975163755],[33.011774062483795,57.38750747785615],[33.02248163700959,57.363712867799265],[33.05460436058847,57.34110798824254],[33.0676913961201,57.3327798747232],[33.084347623160824,57.3220723001959],[33.102193580704906,57.3220723001959],[33.115280616237236,57.35300529327285],[33.13193684327805,57.368471789809504],[33.1545417228329,57.377989633832826],[33.158110914342004,57.39345613037223],[33.162869836353664,57.40178424389255],[33.18785417691515,57.40297397439555],[33.21878716999076,57.40892262690889],[33.23306393602566,57.40178424389255],[33.248530432563115,57.40654316590368],[33.273514773124596,57.40059451338857],[33.2663763901072,57.39345613037223],[33.28422234765119,57.39345613037223],[33.30325803569774,57.38631774735403],[33.327052645755955,57.37442044232559],[33.34846779480834,57.37442044232559],[33.35917536933484,57.38750747785615],[33.35679590832901,57.39464586087435],[33.33538075927592,57.39464586087435],[33.324673184750125,57.40297397439555],[33.33894995078502,57.416061009927],[33.36274456084323,57.42319939294431],[33.39129809291302,57.41725074042911],[33.4269900080011,57.40059451338857],[33.44483596554438,57.39702532187947],[33.475768958619994,57.40892262690889],[33.49004572465489,57.40416370489767],[33.509081412702244,57.375610172827706],[33.52335817873713,57.368471789809504],[33.57213712935683,57.37204098131949],[33.61615715796407,57.375610172827706],[33.669695030595435,57.38869720835915],[33.73513020825577,57.40297397439555],[33.75773508781142,57.42081993193919],[33.78747835038385,57.455322116522396],[33.824359995974405,57.457701577528496],[33.858862180559115,57.47197834356392],[33.8945540956464,57.47911672658212],[33.91358978369304,57.5064805281481],[33.9326254717395,57.50885998915509],[33.95879954280355,57.52075729418353],[33.986163344370866,57.52908540770474],[33.979024961353375,57.539792982230175],[33.95879954280355,57.55288001776171],[33.95879954280355,57.58500274134077],[34.000440110405755,57.58143354983256],[34.04446013901379,57.594520585364094],[34.09918774214762,57.61474600391463],[34.11584396918835,57.619504925925845],[34.08491097611273,57.66233522403034],[34.09680828114179,57.66709414604245],[34.1313104657266,57.624263847937954],[34.15034615377316,57.619504925925845],[34.164622919808046,57.602848698884415],[34.18960726036944,57.606417890392535],[34.22410944495425,57.596900046369214],[34.2431451330008,57.602848698884415],[34.21578133143349,57.64448926648582],[34.20269429590107,57.669473607047664],[34.183658607854596,57.677801720568866],[34.17295103332881,57.692078486602426],[34.158674267293826,57.70635525263883],[34.18603806886043,57.71944228817027],[34.201504565398594,57.73252932370181],[34.18841752986626,57.750375281245354],[34.20269429590107,57.761082855771775],[34.23719648048587,57.761082855771775],[34.24671432450919,57.77298016080208],[34.27407812607642,57.7836877353284],[34.29668300563216,57.79677477085985],[34.32166734619285,57.79915423186506],[34.32523653770195,57.8181899199117],[34.318098154684456,57.821759111421684],[34.291924083619705,57.839605068964346],[34.27407812607642,57.84912291298767],[34.27883704808808,57.86696887053131],[34.287165161608044,57.88719428908095],[34.26931920406484,57.90147105511549],[34.23481701948013,57.918127282157016],[34.27169866507059,57.92288620416912],[34.31452896317545,57.93121431768846],[34.34903114776016,57.914558090648804],[34.40613821189982,57.92169647366612],[34.42517389994637,57.90979916863759],[34.46324527604028,57.92288620416912],[34.50964476565335,57.920506743162136],[34.4941782691159,57.93954243120878],[34.48228096408675,57.96571650227362],[34.47633231157191,57.996649495348706],[34.49655773012173,58.00854680037813],[34.492100366077736,58.03154843810174],[34.52898201166837,58.05058412614927],[34.56586365725812,58.06010197017259],[34.58014042329301,58.04939439564626],[34.59560691983126,58.04939439564626],[34.63010910441598,58.0612917006747],[34.67531886352658,58.07437873620624],[34.71814916163126,58.080327388721344],[34.73599511917534,58.100552807270994],[34.73361565816951,58.10650145978619],[34.7371848496779,58.12672687833584],[34.72528754464875,58.14100364437037],[34.75503080722189,58.15290094939881],[34.78120487828593,58.16360852392514],[34.75146161571279,58.17312636794846],[34.75265134621606,58.18502367297877],[34.72885673615785,58.183833942475765],[34.707441587105464,58.18859286448698],[34.75503080722189,58.20643882203062],[34.76216919023929,58.213577205048736],[34.77525622577171,58.21476693555174],[34.800240566332405,58.22428477957506],[34.85734763047286,58.205249091528415],[34.9537158012089,58.21952585756206],[34.98702825529044,58.21476693555174],[34.98940771629627,58.20286963052152],[35.02153043987515,58.189782594989985],[35.057222354962434,58.189782594989985],[35.076258043008984,58.1981107085103],[35.12622672413116,58.205249091528415],[35.15121106469273,58.22547451007815],[35.17500567475085,58.21833612705995],[35.2083181288323,58.236182084603584],[35.20236947631817,58.2433204676217],[35.22497435587302,58.254028042148114],[35.235681930399615,58.240941006614804],[35.254717618446165,58.245699928626905],[35.259476540457825,58.277822652204996],[35.247579235428674,58.29447887924652],[35.258286809955266,58.32065295031136],[35.27137384548689,58.31946321980738],[35.28565061152179,58.33730917735102],[35.28208142001348,58.35396540439254],[35.257097079451995,58.35634486539766],[35.246389504926206,58.36348324841586],[35.27732249800182,58.37419082294219],[35.30882832428249,58.38088856503149],[35.355227813896356,58.39635506156992],[35.402817034012784,58.3880269480496],[35.43256029658584,58.3880269480496],[35.488477630222945,58.39992425307813],[35.54677442486516,58.41301128861144],[35.57651768743831,58.41658048011956],[35.57651768743831,58.423718863137765],[35.558671729895025,58.426098324142885],[35.562240921403415,58.44156482068141],[35.57294849592992,58.436805898669306],[35.58960472297073,58.440375090177426],[35.60745068051392,58.44156482068141],[35.63124529057214,58.430857246154105],[35.66217828364856,58.434426437664094],[35.67764478018601,58.44989293420075],[35.69311127672417,58.453462125710736],[35.719285347788215,58.45227239520773],[35.747838879858,58.453462125710736],[35.747838879858,58.47606700526559],[35.75616699337876,58.49153350180402],[35.73594157482894,58.503430806832554],[35.73356211382311,58.520087033873985],[35.747838879858,58.53555353041064],[35.76211564589298,58.54507137443396],[35.75854645438459,58.5236562253822],[35.78709998645438,58.5236562253822],[35.82636109305085,58.52603568638732],[35.84539678109731,58.53079460839854],[35.88227842668795,58.53198433890252],[35.89060654020791,58.520087033873985],[35.917970341775224,58.52722541689032],[35.95128279585667,58.520087033873985],[35.97031848390323,58.518897303370096],[35.96318010088582,58.508189728843675],[35.96555956189165,58.49272323230525],[35.99768228547054,58.49034377130101],[36.00363093798476,58.47844646627071],[36.033374200557816,58.47725673576771],[36.057168810616034,58.47963619677371],[36.10475803073237,58.4820156577807],[36.14163967632301,58.48558484928891],[36.17852132191355,58.498671884820354],[36.19874674046338,58.49034377130101],[36.218972159012495,58.47963619677371],[36.258233265608865,58.4820156577807],[36.29154571969032,58.495102693312234],[36.30463275522274,58.49272323230525],[36.32842736528086,58.48439511878591],[36.35579116684826,58.49391296280923],[36.373637124391465,58.506999998340675],[36.37125766338572,58.5224664948792],[36.385534429420524,58.5236562253822],[36.397431734449675,58.514138381358876],[36.420036614005326,58.517707572866996],[36.43550311054358,58.49748215431735],[36.45929772060171,58.49748215431735],[36.47714367814499,58.509379459346775],[36.49498963568898,58.511758920351895],[36.515215054238894,58.52722541689032],[36.52830208977052,58.54983029644518],[36.547337777816985,58.57005571499482],[36.578270770892686,58.57600436751002],[36.596116728436684,58.584332481030245],[36.58659888441345,58.598609247064786],[36.59135780642502,58.61764493511143],[36.600875650448344,58.62359358762663],[36.61277295547741,58.64381900617627],[36.62942918251813,58.67356226874924],[36.63894702654145,58.68902876528776],[36.65322379257634,58.69854660931108],[36.68058759414366,58.69854660931108],[36.70081301269349,58.69259795679588],[36.71984870074004,58.70330553132132],[36.73769465828332,58.71639256685374],[36.753161154821484,58.70568499232742],[36.7769557648797,58.7092541838374],[36.78171468689136,58.71996175836284],[36.79837091393208,58.735428254900384],[36.80669902745275,58.76517151747335],[36.80550929694957,58.77587909200065],[36.77457630387387,58.78182774451399],[36.78766333940629,58.80324289356663],[36.80431956644701,58.80324289356663],[36.81026821896114,58.816329929098174],[36.8328730985168,58.827037503625476],[36.86261636108995,58.82822723412848],[36.91377477271547,58.830606695133596],[36.96255372333437,58.824658042620264],[37.00657375194241,58.82822723412848],[37.04345539753296,58.830606695133596],[37.05178351105292,58.84607319167212],[37.06487054658534,58.84607319167212],[37.074388390608576,58.85678076619844],[37.09699327016423,58.85678076619844],[37.108890575193385,58.85202184418634],[37.135064646257334,58.853740343801306],[37.15172087329806,58.83470465575466],[37.16956683084214,58.832325194749544],[37.192171710397,58.8120997761998],[37.19574090190619,58.79663327966138],[37.18741278838534,58.78116678312472],[37.19336144090036,58.759751634071094],[37.20168955442032,58.74071594602534],[37.22429443397597,58.73714675451535],[37.2266738949818,58.72881864099512],[37.23500200850256,58.71097268345149],[37.25165823554329,58.691936995404845],[37.263555540572355,58.689557534398745],[37.27545284560151,58.701454839428166],[37.290919342138864,58.701454839428166],[37.295678264150524,58.691936995404845],[37.292109072642134,58.68003969037542],[37.298057725156355,58.6705218463521],[37.280211767613075,58.66576292434186],[37.279022037109804,58.65148615830546],[37.296867994653795,58.64434777528912],[37.31709341320371,58.65148615830546],[37.35278532829099,58.64553750579213],[37.37420047734328,58.609845590704055],[37.39680535689902,58.58962017215431],[37.43487673299214,58.57891259762799],[37.449153499026934,58.57296394511466],[37.48246595310847,58.55868717907923],[37.51458867668745,58.544410413044695],[37.544331939259706,58.52180553348806],[37.57169574082711,58.51347741996774],[37.582403315353616,58.4992006539333],[37.615715769435056,58.49087254041298],[37.62642334396085,58.48254442689178],[37.601439003400166,58.46945739136024],[37.63713091848744,58.4587498168348],[37.645459032008205,58.4920622709151],[37.66211525904893,58.50633903695141],[37.68472013860387,58.544410413044695],[37.70137636564459,58.59318936366253],[37.71327367067366,58.636019661768806],[37.73349908922357,58.63839912277402],[37.74896558576174,58.64434777528912],[37.76919100431085,58.6348299312658],[37.77989857883735,58.6288812787507],[37.808452110907226,58.63958885327702],[37.83462618197118,58.63958885327702],[37.86436944454432,58.612225051709174],[37.882215402088406,58.613414782212175],[37.911958664660666,58.6348299312658],[37.94289165773637,58.65267588880855],[37.95478896276623,58.66814238534698],[37.93932246622798,58.675280768365184],[37.98691168634441,58.684798612388505],[38.008326835396794,58.69312672590873],[37.990480877853514,58.696695917416946],[37.97977330332692,58.70502403093727],[38.0011884523793,58.71097268345149],[38.03450090646075,58.72049052747481],[38.05591605551385,58.72762891049203],[38.033311175958275,58.74904405954477],[38.04520848098734,58.756182442562974],[38.07495174356049,58.754992712059874],[38.104695006132744,58.764510556083195],[38.145145843232484,58.78473597463294],[38.168940453290695,58.79425381865626],[38.122540963676826,58.82042788972101],[38.15347395675244,58.850171152292205],[38.17131991429643,58.85255061329919],[38.183217219325584,58.85730953531041],[38.167750722787424,58.86920684033885],[38.12373069418018,58.86444791832763],[38.149904765244145,58.88348360637427],[38.167750722787424,58.90370902492391],[38.20463236837797,58.90489875542701],[38.21177075139546,58.917985790958454],[38.20463236837797,58.92988309598876],[38.23199616994529,58.93226255699388],[38.24151401396852,58.9417804010172],[38.26173943251763,58.94534959252542],[38.268877815535035,58.93464201799998],[38.29148269509078,58.93464201799998],[38.311708113640606,58.928693365485756],[38.3188464966581,58.9477290535324],[38.303380000119844,58.95962635856173],[38.304569730623115,58.97390312459538],[38.316467035652266,58.98223123811658],[38.3188464966581,58.991749082139904],[38.304569730623115,58.99293881264202],[38.299810808611454,59.00483611767144],[38.327174610178055,59.02863072773019],[38.39379952,59.034579380000004],[38.41402494,59.040528030000004],[38.410455750000004,59.05837399],[38.42354278,59.06908156],[38.44138874,59.0667021],[38.44019901,59.0821686],[38.44495793,59.10239402],[38.46161416,59.12380917],[38.47708065,59.13927566],[38.50801365,59.15593189],[38.54013637,59.16663947],[38.55084394,59.15474216],[38.578207750000004,59.1678292],[38.59129478,59.18567515],[38.60438182,59.19638273],[38.62222777,59.21184923],[38.635314810000004,59.21303896],[38.65554023,59.2225568],[38.70074999,59.2499206],[38.73287271,59.25348979],[38.77332355,59.2653871],[38.79116951,59.2653871],[38.804256540000004,59.25467952],[38.81615385,59.25586925],[38.855414950000004,59.27847413],[38.855414950000004,59.29156117],[38.82448196,59.2927509],[38.81734358,59.3046482],[38.87088145,59.33320174],[38.86374307,59.34152985],[38.86374307,59.35580662],[38.83043061,59.35104769],[38.76261597,59.34509904],[38.743580290000004,59.3474785],[38.71740622,59.3474785],[38.70193972,59.368893650000004],[38.68647322,59.3784115],[38.68766295,59.39863691],[38.61627912,59.43194937],[38.6115202,59.45455425],[38.638884,59.46764128],[38.7245446,59.47002074],[38.79582561,59.46589341],[38.83865591,59.46708314],[38.89933217,59.47065233],[38.94573166,59.47184206],[38.984992760000004,59.47779071],[38.96952627,59.49444694],[38.92907543,59.500395590000004],[38.89338351,59.4968264],[38.88981432,59.50872371],[38.86482998,59.51586209],[38.86364025,59.5241902],[38.8850554,59.53013885],[38.88981432,59.54798481],[38.93621381,59.56464104],[38.96476734,59.558692390000004],[39.00283872,59.60390215],[38.979044110000004,59.615799450000004],[38.979044110000004,59.6372146],[38.93383435,59.64673244],[38.924316510000004,59.669337320000004],[38.91955758,59.69551139],[38.94692139,59.69551139],[38.979044110000004,59.70859843],[38.96476734,59.73120331],[38.96833654,59.74429035],[38.95049058,59.75142873],[38.93621381,59.77046442],[38.89219378,59.76808496],[38.89338351,59.7895001],[38.91955758,59.81091525],[38.96119815,59.80734606],[38.98618249,59.82519202],[39.04447929,59.84422771],[39.09321755,59.846605180000005],[39.0671154,59.87511333],[39.0409154,59.90011333],[39.0433154,59.92041333],[39.0254154,59.94181333],[39.0112154,59.96081333],[39.0100154,60.021513330000005],[39.0040154,60.075013330000004],[38.9755154,60.091713330000005],[38.9505154,60.10601333],[38.9695154,60.172613330000004],[39.0385154,60.19281333],[39.0778154,60.22491333],[39.1004154,60.253513330000004],[39.1408154,60.25591333],[39.1860154,60.20831333],[39.258615400000004,60.23331333],[39.258615400000004,60.25711333],[39.3122154,60.268913330000004],[39.3300154,60.264213330000004],[39.3597154,60.26661333],[39.3835154,60.24871333],[39.4395154,60.253513330000004],[39.4240154,60.26781333],[39.4430154,60.29041333],[39.4978154,60.29041333],[39.5323154,60.32611333],[39.5215154,60.328413330000004],[39.5370154,60.34751333],[39.5608154,60.34751333],[39.5941154,60.377213330000004],[39.6251154,60.37481333],[39.6286154,60.393913330000004],[39.697615400000004,60.38551333],[39.7988154,60.36061333],[39.8190154,60.366513330000004],[39.9058154,60.34981333],[39.920120940000004,60.42243673],[39.98912531,60.43909296],[40.04385291,60.448610800000004],[40.02957614,60.4759746],[40.05218102,60.48549245],[40.05812968,60.498579480000004],[40.05456048,60.52832275],[40.01410965,60.53546113],[39.99745342,60.54259951],[39.99745342,60.57234278],[39.98793558,60.59375792],[39.94510528,60.59613739],[39.921310670000004,60.609224420000004],[39.89751606,60.6318293],[39.88204956,60.64372661],[39.89632633,60.65205472],[39.91179282,60.66038283],[39.89037767,60.66395202],[39.89037767,60.67228014],[39.86539333,60.68060825],[39.84992684,60.70321313],[39.815424650000004,60.71273097],[39.7940095,60.722248820000004],[39.82018358,60.72819747],[39.84278845,60.74009478],[39.88204956,60.75794073],[39.91179282,60.78887373],[39.923690130000004,60.81623753],[39.91060309,60.82337591],[39.91060309,60.83884241],[39.88918794,60.84836025],[39.88680848,60.87453432],[39.88204956,60.892380280000005],[39.88204956,60.90308786],[39.89275714,60.91974408],[39.84635764618494,60.93640030923143],[39.797578695565235,60.94948734476475],[39.74166136192814,60.964953841301394],[39.72024621287575,60.97923060733771],[39.68812348929687,60.97566141582772],[39.636965077671334,60.98755872085803],[39.62149858113398,61.02444036644742],[39.620308850630614,61.06251174254071],[39.629826694653936,61.08273716109035],[39.680985106279465,61.07797823907914],[39.68455429778848,61.09701392712578],[39.620308850630614,61.09939338813179],[39.52750987140368,61.11010096265731],[39.490628225813126,61.141033955733285],[39.4918179563156,61.17196694880837],[39.43114170066764,61.17791560132356],[39.35380921797815,61.1481723387506],[39.2824253878028,61.11723934567543],[39.20509290511332,61.11604961517242],[39.107535003874005,61.12437772869176],[39.06827389727834,61.12437772869176],[39.06232524476341,61.11010096265731],[39.03377171269362,61.1065317711491],[38.99451060609715,61.09820365762879],[38.96476734352481,61.12318799819062],[38.92788569793426,61.1446031472415],[38.881486208320396,61.16244910478505],[38.84579429323311,61.15887991327692],[38.82556887468329,61.16839775730024],[38.792256420601845,61.17196694880837],[38.794635881607675,61.16006964377993],[38.80534345613418,61.150551799756606],[38.791066690099285,61.142223686238154],[38.7660823495378,61.150551799756606],[38.755374775011205,61.14579287774539],[38.72920070394726,61.152931260761726],[38.719682859923935,61.16720802679813],[38.70611659512642,61.16506598498734],[38.697077980368235,61.16363883528814],[38.68161148383088,61.135085303218176],[38.663765526286795,61.11248042366332],[38.65186822125773,61.09939338813179],[38.66019633477849,61.09463446612066],[38.678042292321685,61.09939338813179],[38.687560136345006,61.08035770008426],[38.6946985193625,61.05537335952428],[38.68161148383088,61.054183629020386],[38.666144987292626,61.041096593487964],[38.64354010773776,61.03514794097552],[38.62331468918794,61.04228632399097],[38.59952007912973,61.05061443751218],[38.576915199574074,61.05180416801429],[38.550741128510026,61.04228632399097],[38.542413014989265,61.02563009695132],[38.547171937000925,60.999456025886474],[38.576915199574074,60.98161006834292],[38.55787951152752,60.97804087683471],[38.540033553983434,60.96971276331439],[38.504341638896165,60.97090249381651],[38.46983945431215,60.95543599727807],[38.47221891531798,60.94591815325475],[38.45913187978565,60.93402084822631],[38.45913187978565,60.91617489068179],[38.44485511375067,60.914985160178695],[38.44128592224157,60.92688246520811],[38.425819425704205,60.94353869224963],[38.40440427665182,60.94710788375776],[38.40083508514263,60.93759003973444],[38.419870773189274,60.924503004202016],[38.419870773189274,60.90784677716147],[38.40440427665182,60.900708394145134],[38.368712361563745,60.89475974162994],[38.32588206345898,60.8757240535833],[38.30089772289749,60.84360133000521],[38.27591338233681,60.815047797934355],[38.236652275740425,60.79363264888251],[38.1926322471323,60.78292507435618],[38.14861221852506,60.766268847314656],[38.14028410500439,60.756751003291335],[38.14385329651269,60.742474237257774],[38.18311440310907,60.73295639323445],[38.168837637074176,60.71748989669504],[38.190252786126564,60.703213130661396],[38.19501170813813,60.68655690361996],[38.17954521160077,60.67465959859143],[38.159319793050855,60.66633148507023],[38.11292030343699,60.68298771211175],[38.085556501870556,60.687746634122966],[38.04748512577665,60.678228790099645],[38.00346509716941,60.67465959859143],[37.97848075660793,60.687746634122966],[37.95944506856138,60.687746634122966],[37.92018396196491,60.67703905959664],[37.911855848444944,60.64134714450847],[37.901148273918444,60.63301903098816],[37.846420670784525,60.598516846403975],[37.840472018269594,60.58780927187854],[37.796451989661556,60.593757924391866],[37.78812387614168,60.60327576841519],[37.75838061356845,60.60327576841519],[37.75600115256262,60.59137846338577],[37.725068159487,60.58780927187854],[37.70722220194301,60.58186061936245],[37.695324896913945,60.592568193888866],[37.65130486830591,60.59732711590186],[37.64892540730008,60.61041415143339],[37.642976754785856,60.618742264953624],[37.62394106673939,60.61279361243851],[37.62869998875097,60.63896768350335],[37.642976754785856,60.64967525802879],[37.627510258247696,60.667521215573316],[37.61561295321863,60.687746634122966],[37.62869998875097,60.692505556135075],[37.629889719253526,60.69964393915141],[37.59419780416624,60.70440286116449],[37.55136750606148,60.71867962719805],[37.499019363932675,60.742474237257774],[37.44191229979302,60.73295639323445],[37.35744143408604,60.72700774071926],[37.343164668051145,60.69488501714117],[37.349113320565365,60.67465959859143],[37.35625170358357,60.65443418004179],[37.33840574603958,60.64253687501148],[37.26940137687005,60.61755253445062],[37.188499702672175,60.58186061936245],[37.1563769790932,60.5663941228258],[37.13020290802925,60.56282493131581],[37.1040288369652,60.54616870427704],[37.04295600448196,60.55740504791453],[37.03343816045873,60.57525100545817],[37.01440247241217,60.56692289193785],[36.983469479336556,60.571681813949866],[36.975141365815794,60.5919072324996],[36.95491594726677,60.615701842556575],[36.972761904809964,60.6252196865799],[36.976331096319065,60.63711699160913],[36.94063918123179,60.64306564412442],[36.90494726614371,60.638306722113114],[36.8740142730681,60.67518836770242],[36.824045591945925,60.688275403235906],[36.79192286836695,60.712070013293676],[36.768128258308735,60.70969055228767],[36.73957472623895,60.70017270826435],[36.70745200266006,60.70969055228767],[36.647965477514575,60.70731109128255],[36.58609949136245,60.70612136077857],[36.56825353381926,60.712070013293676],[36.55040757627518,60.71682893530587],[36.51352593068462,60.69779324725923],[36.509956739176324,60.6728089066973],[36.51114646967879,60.65258348814774],[36.53375134923445,60.63949645261621],[36.53613081024028,60.61808130356249],[36.524233505211214,60.574061274954985],[36.53137188822862,60.56335370042964],[36.52661296621696,60.55026666489633],[36.47307509358569,60.53361043785658],[36.45284967503666,60.50029798377549],[36.43976263950424,60.489590409249075],[36.41596802944603,60.45032930265181],[36.373137731341345,60.45270876365888],[36.35529177379726,60.44438065013759],[36.33506635524744,60.449139572148894],[36.32673824172748,60.43010388410225],[36.31841012820672,60.43010388410225],[36.296994979154334,60.44200118913247],[36.243457106522975,60.44319091963556],[36.17326300685098,60.47531364321374],[36.12686351723791,60.47531364321374],[36.08284348862988,60.45151903315579],[36.03049534650107,60.457467685669215],[35.97100882135574,60.459847146675216],[35.89010714715779,60.45032930265181],[35.88772768615196,60.39203250800897],[35.875830381122015,60.35277140141268],[35.880589303133675,60.33373571336604],[35.827051430503204,60.24093673413874],[35.78422113239763,60.19453724452532],[35.74496002580206,60.1778810174838],[35.7366319122813,60.157655598935925],[35.6878529616616,60.148137754912604],[35.63193562802441,60.13743018038619],[35.5867258689139,60.14694802440951],[35.55341341483245,60.167173442959246],[35.540326379300026,60.20048589704034],[35.51415230823608,60.239747003636715],[35.43919928655233,60.288525954256414],[35.34877976833131,60.33492544386993],[35.32141596676391,60.3194589473315],[35.310708392237316,60.29566433727355],[35.29048297368829,60.27305945771701],[35.25258295795522,60.25580102141072],[35.22402942588543,60.25104209939764],[35.19785535482103,60.24866263839252],[35.171681283757344,60.25342156040374],[35.17287101425973,60.24033452487211],[35.116953680622984,60.22248856732767],[35.06936446050682,60.237955063866195],[35.047949311454346,60.262939404427854],[35.000360091337384,60.28078536197069],[34.95752979323244,60.28673401448669],[34.9468222187062,60.306959433036425],[34.965857906753115,60.31647727705975],[34.963478445746745,60.32956431259031],[34.95158114071813,60.34622053963183],[34.95039141021495,60.37477407170179],[34.93016599166557,60.393809759747455],[34.93968383568871,60.41165571729189],[34.91350976462431,60.42355302232051],[34.89685353758368,60.41760436980629],[34.8433156649525,60.42236329181742],[34.81952105489446,60.43188113584172],[34.782639409303734,60.43307086634472],[34.76717291276637,60.43901951885894],[34.76003452974888,60.4259324833275],[34.72791180617017,60.428311944333416],[34.693409621585005,60.47114224243712],[34.66485608951504,60.50683415752617],[34.622025791410096,60.50564442702308],[34.608938755878214,60.51873146255461],[34.58871333732892,60.51992119305753],[34.5637289967677,60.5151622710464],[34.53636519520083,60.50564442702308],[34.53398573419456,60.49255739148977],[34.51613977665083,60.48898819998165],[34.50186301061576,60.48779846947846],[34.48996570558714,60.50088550501009],[34.4661710955283,60.504454696519986],[34.46260190401956,60.48779846947846],[34.44356621597345,60.49017793048465],[34.425720258429635,60.48422927797043],[34.39835645686205,60.49017793048465],[34.384079690827065,60.48303954746743],[34.316265052160816,60.477090894953115],[34.277003945564616,60.477090894953115],[34.267486101541564,60.4592449374085],[34.250829874501015,60.44496817137316],[34.25320933550658,60.43188113584172],[34.225845533939705,60.4164146393032],[34.2198968814254,60.38548164622723],[34.20918930689916,60.378343263210894],[34.18777415784669,60.386671376730234],[34.183015235834674,60.40927625628598],[34.165169278290946,60.4128454477941],[34.146914350886505,60.40633910910765],[34.111541033469734,60.38592697916556],[34.08774642341166,60.36451183011286],[34.08298750139977,60.34190695055713],[34.03539828128282,60.34190695055713],[33.99613717468742,60.349045333576214],[33.974722025634094,60.35499398609045],[33.937840380044236,60.34428641156319],[33.93427118853549,60.33119937602987],[33.948547954569676,60.3193020710014],[33.96401445110865,60.31335341848717],[33.96163499010231,60.27885123390297],[33.96401445110865,60.250297701833006],[33.98067067814924,60.250297701833006],[33.99970636619537,60.23483120529363],[33.969963103622206,60.231262013785454],[33.950927415576075,60.22531336127213],[33.94378903255853,60.20270848171549],[33.930701997026745,60.19081117668702],[33.90095873445358,60.19081117668702],[33.858128436349375,60.19913929020731],[33.834333826289765,60.18843171568187],[33.80697002472368,60.20508794272337],[33.81172894673483,60.219364708756984],[33.79983164170619,60.230072283282425],[33.740345116559865,60.24434904931877],[33.70584293197555,60.24434904931877],[33.65944344236186,60.24434904931877],[33.64992559833877,60.22531336127213],[33.67847913040873,60.21222632573881],[33.6689612863849,60.18962144618308],[33.673720208396844,60.16582683612614],[33.6677715558817,60.152739800592826],[33.65111532884117,60.14798087858162],[33.63564883230379,60.12656572953074],[33.64397694582368,60.11347869399742],[33.627320718783096,60.10515058047804],[33.56545473263196,60.10753004148319],[33.546419044585036,60.120617077014685],[33.510727129496786,60.120617077014685],[33.47503521441007,60.11942734651166],[33.44648168234011,60.100391658465924],[33.41911788077249,60.100391658465924],[33.417928150270086,60.11466842450045],[33.38461569618897,60.13489384305012],[33.35249297260947,60.12537599902771],[33.33345728456328,60.14084249556436],[33.30609348299572,60.143221956570414],[33.2787296814289,60.17058575813735],[33.25969399338197,60.17177548864038],[33.23351992231835,60.20389821222034],[33.14191067359326,60.19081117668702],[33.080044687442125,60.1729652191425],[33.07647549593338,60.153929531095855],[33.064578190904,60.13727330405618],[33.080044687442125,60.130134921038916],[33.11097768051769,60.0956327364529],[33.13953121258771,60.05042297734326],[33.16332582264579,60.021869445273296],[33.17998204968711,60.01948998426815],[33.18355124119586,59.99926456571757],[33.160946361640185,59.99450564370636],[33.11811606353518,59.979039147167896],[33.13001336856462,59.96238292012822],[33.15737717013144,59.94810615409369],[33.18474097169826,59.94215750157764],[33.18474097169826,59.9314499270522],[33.168084744657676,59.92074235252494],[33.13953121258771,59.905275855986474],[33.13477229057577,59.88624016794074],[33.10264956699706,59.881481245929535],[33.08837280096202,59.86839421039622],[33.039593850342726,59.861255827379864],[33.02412735380534,59.8541174443626],[33.00985058777036,59.84697906134352],[32.996763552237724,59.861255827379864],[32.965830559162214,59.86363528838501],[32.94917433212163,59.86958394089925],[32.9384667575946,59.861255827379864],[32.91110295602857,59.86363528838501],[32.905154303513484,59.881481245929535],[32.8873083459697,59.89694774246618],[32.86113427490528,59.91122450850071],[32.830201281829716,59.90884504749647],[32.823062898812225,59.89813747296921],[32.823062898812225,59.871963401907124],[32.802837480262156,59.86839421039622],[32.76119691266109,59.871963401907124],[32.73621257209987,59.85292771385957],[32.73502284159747,59.827943373297785],[32.76833529567864,59.818425529273554],[32.80997586328044,59.81009741575326],[32.82187316830982,59.80176930223388],[32.84923696987664,59.795820649719644],[32.870652118928376,59.774405500666944],[32.884928884964154,59.74466223809395],[32.88135969345541,59.719677897532165],[32.870652118928376,59.70540113149855],[32.870652118928376,59.686365443450995],[32.86232400540848,59.666140024901324],[32.8468575088703,59.66732975540435],[32.84090885635675,59.67922706043282],[32.830201281829716,59.67803732993161],[32.80997586328044,59.66732975540435],[32.73978176360862,59.65662218087891],[32.68981308248533,59.64829406735862],[32.6719671249424,59.63758649283136],[32.65888008940982,59.591187003216874],[32.65293143689627,59.545977244107235],[32.64698278438118,59.50552640700698],[32.630326557340595,59.48649071896034],[32.60415248627618,59.479352335944895],[32.574409223703015,59.47221395292581],[32.555373535656884,59.45555772588432],[32.4970767410137,59.45317826488099],[32.46614374793813,59.43176311582738],[32.44353886838246,59.43176311582738],[32.42212371932999,59.41748634979194],[32.400708570277516,59.41748634979194],[32.372155038207495,59.437711768341615],[32.34241177563433,59.447229612364026],[32.31504797406751,59.46150637840037],[32.2829252504888,59.47102422242551],[32.26745875395062,59.47102422242551],[32.272217675962565,59.427004193814355],[32.243664143892545,59.41867608029406],[32.21986953383447,59.41986581079982],[32.21511061182258,59.403209583757416],[32.20321330679394,59.391312278729856],[32.155624086676994,59.38060470420169],[32.13301920712212,59.391312278729856],[32.09494783102906,59.382984165207745],[32.049738071917716,59.37941497369866],[32.00333858230323,59.37822524319472],[31.997389929789676,59.39607120073924],[31.995010468783335,59.41748634979194],[31.960508284199022,59.41748634979194],[31.94266232665524,59.41272742778074],[31.92124717760197,59.41867608029406],[31.89864229804789,59.41153769727771],[31.895073106538348,59.391312278729856],[31.890314184526403,59.3687073991714],[31.878416879497763,59.34729225012052],[31.84272496441031,59.33063602307902],[31.801084396808506,59.32111817905479],[31.766582212223398,59.32468737056479],[31.745167063170925,59.305651682518146],[31.723751914118395,59.29851329950088],[31.72256218361599,59.284236533466355],[31.739218410656576,59.28780572497362],[31.766582212223398,59.28185707246121],[31.77610005624723,59.27233922843698],[31.759443829205907,59.24616515737216],[31.734459488645427,59.23783704385187],[31.697577843054773,59.22593973882249],[31.66902431098481,59.2045245897707],[31.64285023992113,59.177160788203764],[31.622624821371062,59.183109440718],[31.611917246845564,59.198575937256464],[31.63571185690364,59.22831919982946],[31.65355781444663,59.24735488787519],[31.616676168856714,59.25449327089245],[31.595261019803445,59.24616515737216],[31.56789721823742,59.25092407938337],[31.561948565722332,59.26758030642486],[31.544102608178605,59.274718689442125],[31.542912877675406,59.31516952654238],[31.563138296225475,59.33658467559326],[31.558379374213587,59.36751766866928],[31.56789721823742,59.381794434704716],[31.591691828295495,59.37703551269351],[31.609537785839223,59.381794434704716],[31.580984253768463,59.403209583757416],[31.57265614024857,59.42462473280921],[31.584553445278004,59.44009122934767],[31.576225331757314,59.45198853437614],[31.585743175780408,59.45674745638735],[31.591691828295495,59.469834491920665],[31.601209672318532,59.48768044946428],[31.59354252018869,59.52839567111823],[31.553091683089633,59.52244701860491],[31.548207798064652,59.506440392680815],[31.518589498504866,59.49984213904827],[31.50152946536491,59.5139691560189],[31.48646677492593,59.537913515141554],[31.453154320844476,59.537913515141554],[31.406754831230614,59.54267243715458],[31.3686834551375,59.547431359164875],[31.332991540050216,59.54267243715458],[31.309196929992027,59.54029297614852],[31.296109894459676,59.54981082017275],[31.26874609289314,59.5652773167094],[31.218777411770134,59.55338001168002],[31.171188191653755,59.53196486262823],[31.125978432543207,59.493893486534944],[31.071250829408598,59.4879448340198],[30.981771345164567,59.500664668778874],[30.948458891083114,59.481628980732225],[30.948458891083114,59.46854194520078],[30.919905359013327,59.46616248419557],[30.87112640839363,59.467352214697684],[30.849711259341245,59.45069598765714],[30.797363117213155,59.43166029961139],[30.781896620674992,59.41857326407808],[30.794983656207325,59.399537576031435],[30.791414464698313,59.3864505404999],[30.76167120212588,59.36622512194937],[30.7747582376575,59.34124078138851],[30.791414464698313,59.315066710325524],[30.804501500230646,59.30078994429001],[30.83067557129469,59.29841048328489],[30.862798294873578,59.30078994429001],[30.87826479141103,59.30078994429001],[30.896110748955113,59.28651317825556],[30.891351826943453,59.26985695121404],[30.87707506090847,59.26747749020892],[30.87826479141103,59.249631532665276],[30.86755721688524,59.22940611411563],[30.82829611028886,59.244872610652195],[30.810450152744778,59.246062341155294],[30.76643012413754,59.232975305623754],[30.750963627599376,59.21988827009231],[30.731927939552822,59.2091806955659],[30.71765117351784,59.20561150405591],[30.714081982008828,59.17943743299293],[30.697425754968016,59.14493524840786],[30.659574699338858,59.11774770321141],[30.61198547922172,59.102281206674846],[30.57034491162022,59.09395309315266],[30.529894074520573,59.0832455186282],[30.51085838647402,59.05350225605515],[30.45613078334019,59.04874333404304],[30.422818329257943,59.041604951026706],[30.40378264121219,59.05469198655824],[30.390695605679767,59.05350225605515],[30.377608570147345,59.04517414253492],[30.366900995621553,59.05112279504816],[30.369280456627383,59.06896875259269],[30.379988031153975,59.08562497963332],[30.366900995621553,59.091573632146655],[30.341916655060068,59.06064063907148],[30.344296116066698,59.026138454488276],[30.341916655060068,58.98449788688678],[30.35738315159832,58.97022112085055],[30.390695605679767,58.9773595038668],[30.413300485234622,58.9773595038668],[30.41211075473215,58.935718936267165],[30.440664286801937,58.92263190073395],[30.446612939316868,58.8928886381608],[30.472787010380912,58.876232411121144],[30.50847892546819,58.88456052464066],[30.529894074520573,58.871473489109036],[30.542981110052995,58.84529941804419],[30.588190869163505,58.82745346050153],[30.584621677655203,58.81317669446611],[30.597708713186737,58.782243701390044],[30.61674440123329,58.781053970886155],[30.652436316321367,58.785812892900125],[30.66552335185299,58.782243701390044],[30.66433362135052,58.7703463963616],[30.647677394308996,58.76082855233642],[30.633400628274103,58.7691566658586],[30.62269305374831,58.7655874743495],[30.62269305374831,58.75369016932008],[30.57034491162022,58.74298259479376],[30.551309223572957,58.74893124730798],[30.526324883011384,58.74655178630188],[30.46683835786598,58.72989555926045],[30.45494105283683,58.737033942280426],[30.444233478310327,58.737033942280426],[30.429956712275434,58.723946906747116],[30.418059407247082,58.7191879847351],[30.375229109141515,58.717998254231915],[30.372849648136484,58.726326367752236],[30.35381396008913,58.727516098255236],[30.34667557707173,58.727516098255236],[30.335968002545936,58.7191879847351],[30.331209080533476,58.65851172908687],[30.326450158522615,58.633527388526005],[30.318122045001854,58.62281981400057],[30.29670689594956,58.61211223947238],[30.29789662645283,58.59664574293573],[30.333588541540106,58.5847484379064],[30.334778272042666,58.547866792316114],[30.372849648136484,58.544297600807994],[30.391885336182327,58.52407218225648],[30.35500369059249,58.487190536667086],[30.363331804112452,58.46934457912345],[30.345485846568458,58.45863700459712],[30.340726924557597,58.46934457912345],[30.333588541540106,58.47053430962556],[30.327639889025175,58.456257543592],[30.294327434943728,58.46101646560224],[30.264584172370583,58.445549969063904],[30.24197929281493,58.45030889107681],[30.233651179294966,58.43722185554536],[30.216994952253444,58.43246293353228],[30.19676953370433,58.42056562850384],[30.24078956231237,58.41461697598882],[30.263394441867312,58.39082236593087],[30.280050668908835,58.38368398291267],[30.265773902873942,58.369407216877335],[30.277671207902205,58.34799206782637],[30.30622473997279,58.34561260682125],[30.318122045001854,58.337284493300935],[30.31098366198445,58.326576918772744],[30.29670689594956,58.319438535756404],[30.31098366198445,58.30040284770976],[30.293137704440458,58.28136715966312],[30.30503500947023,58.25876228010836],[30.327639889025175,58.255193088598276],[30.330019350031005,58.24805470558017],[30.30503500947023,58.23496767004863],[30.312173392487722,58.20284494647046],[30.343646578699026,58.205550808163],[30.34959523121387,58.194843233635694],[30.3519746922197,58.165099971062816],[30.36744118875795,58.14130536100495],[30.34334073672257,58.12500819738581],[30.332633162196778,58.10597250934005],[30.307648821635294,58.09526493481284],[30.268387715038827,58.0762292467662],[30.271956906547928,58.05600382821655],[30.28861313358874,58.0381578706738],[30.29218232509704,58.01793245212326],[30.277905559062148,58.02150164363228],[30.27671582855959,58.014363260615056],[30.257680140513035,58.011983799608956],[30.252921218501463,58.002465955585635],[30.258869871015595,57.98580972854509],[30.219608764419217,57.97629188452177],[30.27671582855959,57.95368700496603],[30.28266448107372,57.939410238932375],[30.300510438617803,57.926323203399065],[30.311218013144305,57.91323616786762],[30.348099658734142,57.904908054346414],[30.38855049583388,57.88825182730578],[30.39925807035967,57.87635452227645],[30.427811602429458,57.87873398328246],[30.43494998544695,57.88825182730578],[30.484918666569918,57.88349290529456],[30.49205704958741,57.87040586976312],[30.48848785807822,57.859698295235816],[30.48967758858158,57.83709341568016],[30.474211092043326,57.80616042260499],[30.43851917695605,57.80021177008988],[30.38379157382222,57.78117608204324],[30.381412112815678,57.75381228047716],[30.3457201977284,57.74905335846506],[30.298130977611972,57.73834578393874],[30.275526098056318,57.70979225186878],[30.27671582855959,57.67766952829059],[30.301700169121073,57.65387491823274],[30.330253701190948,57.64911599622063],[30.356427772254904,57.634839230186095],[30.39449914834801,57.614613811636445],[30.43376025494439,57.58725001006949],[30.469452170031754,57.57892189654828],[30.513472198639704,57.57654243554316],[30.570579262779365,57.56583486101684],[30.631255518428215,57.55512728648954],[30.639583631948888,57.536091598442894],[30.60746090837,57.51110725788203],[30.619358213399064,57.50634833586993],[30.636014440439787,57.50634833586993],[30.641963092954718,57.49326130033839],[30.624117135410724,57.48612291732028],[30.636014440439787,57.47898453430395],[30.659809050498,57.477794803799966],[30.666947433515492,57.47065642078363],[30.65386039798387,57.451620732736984],[30.627686326919825,57.459948846257305],[30.619358213399064,57.44686181072399],[30.60270198635834,57.43377477519246],[30.619358213399064,57.43139531418734],[30.631255518428215,57.40760070412762],[30.586045759317617,57.38975474658406],[30.536077078194648,57.36714986702921],[30.463503517517534,57.33383741294803],[30.44922675148195,57.315991455403534],[30.48967758858158,57.31361199439832],[30.533697617188817,57.2969557673568],[30.60270198635834,57.26959196578993],[30.69431123508272,57.273161157299825],[30.769264256766462,57.29457630635168],[30.80495617185374,57.29814549785989],[30.787110214310456,57.27910980981325],[30.785920483807185,57.2553151997553],[30.79900751933952,57.22438220668022],[30.85730431398174,57.18512110008402],[30.892996229069816,57.16489568153428],[30.927498413653733,57.168464873042495],[30.95367248471849,57.16489568153428],[30.973897903267602,57.17917244756873],[30.973897903267602,57.18750056108914],[31.01434874036654,57.2089157101409],[31.050040655454616,57.23627951170866],[31.038143350425464,57.27078169629293],[31.051230385957087,57.28505846232836],[31.096440145067685,57.268402235286835],[31.149978017698956,57.250556277743286],[31.198756968318655,57.256504930258394],[31.245156457932524,57.26126385227059],[31.253484571452486,57.24698708623507],[31.289176486540562,57.23984870321687],[31.315350557604518,57.241038433719964],[31.355801394703455,57.23390005070354],[31.355801394703455,57.22081301517023],[31.398631692808223,57.21129517114691],[31.425995494375538,57.22081301517023],[31.48310255851511,57.2089157101409],[31.497379324550092,57.2089157101409],[31.52632943345436,57.19966225067493],[31.539416468986783,57.18776494564561],[31.539416468986783,57.17705737111831],[31.52394997244853,57.16516006609075],[31.501345092893587,57.140175725529005],[31.545365121501625,57.11876057647715],[31.581057036588902,57.11638111547114],[31.608420838155507,57.11995030697926],[31.638164100728563,57.11876057647715],[31.660768980284217,57.10329407993783],[31.690512242856652,57.09377623591451],[31.747619306997024,57.0925865054124],[31.78807014409596,57.0973454274245],[31.814244215160006,57.0985351579275],[31.847556669241452,57.10686327144782],[31.8880075063411,57.11757084597414],[31.897525350364333,57.08901731390418],[31.920130229919277,57.07949946988086]]]]}},{"type":"Feature","properties":{"kind":"district","id":"uyezd-1897-6","name":"Новгородский","provinceId":"gubernia-1897-74"},"geometry":{"type":"MultiPolygon","coordinates":[[[[32.155624086676994,59.38060470420169],[32.13301920712212,59.391312278729856],[32.09494783102906,59.382984165207745],[32.049738071917716,59.37941497369866],[32.00333858230323,59.37822524319472],[31.997389929789676,59.39607120073924],[31.995010468783335,59.41748634979194],[31.960508284199022,59.41748634979194],[31.94266232665524,59.41272742778074],[31.92124717760197,59.41867608029406],[31.89864229804789,59.41153769727771],[31.895073106538348,59.391312278729856],[31.890314184526403,59.3687073991714],[31.878416879497763,59.34729225012052],[31.84272496441031,59.33063602307902],[31.801084396808506,59.32111817905479],[31.766582212223398,59.32468737056479],[31.745167063170925,59.305651682518146],[31.723751914118395,59.29851329950088],[31.72256218361599,59.284236533466355],[31.739218410656576,59.28780572497362],[31.766582212223398,59.28185707246121],[31.77610005624723,59.27233922843698],[31.759443829205907,59.24616515737216],[31.734459488645427,59.23783704385187],[31.697577843054773,59.22593973882249],[31.66902431098481,59.2045245897707],[31.64285023992113,59.177160788203764],[31.622624821371062,59.183109440718],[31.611917246845564,59.198575937256464],[31.63571185690364,59.22831919982946],[31.65355781444663,59.24735488787519],[31.616676168856714,59.25449327089245],[31.595261019803445,59.24616515737216],[31.56789721823742,59.25092407938337],[31.561948565722332,59.26758030642486],[31.544102608178605,59.274718689442125],[31.542912877675406,59.31516952654238],[31.563138296225475,59.33658467559326],[31.558379374213587,59.36751766866928],[31.56789721823742,59.381794434704716],[31.591691828295495,59.37703551269351],[31.609537785839223,59.381794434704716],[31.580984253768463,59.403209583757416],[31.57265614024857,59.42462473280921],[31.584553445278004,59.44009122934767],[31.576225331757314,59.45198853437614],[31.585743175780408,59.45674745638735],[31.591691828295495,59.469834491920665],[31.601209672318532,59.48768044946428],[31.593542520188578,59.52839567111823],[31.553091683089633,59.52244701860491],[31.548207798064652,59.506440392680815],[31.518589498504866,59.49984213904827],[31.50152946536491,59.5139691560189],[31.48646677492593,59.537913515141554],[31.453154320844476,59.537913515141554],[31.406754831230614,59.54267243715458],[31.3686834551375,59.547431359164875],[31.332991540050216,59.54267243715458],[31.309196929992027,59.54029297614852],[31.296109894459676,59.54981082017275],[31.26874609289314,59.5652773167094],[31.218777411770134,59.55338001168002],[31.171188191653755,59.53196486262823],[31.125978432543207,59.493893486534944],[31.071250829408598,59.4879448340198],[30.98177134516456,59.50066466877887],[30.948458891083114,59.481628980732225],[30.948458891083114,59.46854194520078],[30.919905359013327,59.46616248419557],[30.87112640839363,59.467352214697684],[30.849711259341245,59.45069598765714],[30.797363117213155,59.43166029961139],[30.781896620674992,59.41857326407808],[30.794983656207325,59.399537576031435],[30.791414464698313,59.3864505404999],[30.76167120212588,59.36622512194937],[30.7747582376575,59.34124078138851],[30.791414464698313,59.315066710325524],[30.804501500230646,59.30078994429001],[30.83067557129469,59.29841048328489],[30.862798294873578,59.30078994429001],[30.87826479141103,59.30078994429001],[30.896110748955113,59.28651317825556],[30.891351826943453,59.26985695121404],[30.87707506090847,59.26747749020892],[30.87826479141103,59.249631532665276],[30.86755721688524,59.22940611411563],[30.82829611028886,59.244872610652195],[30.810450152744778,59.246062341155294],[30.76643012413754,59.232975305623754],[30.750963627599376,59.21988827009231],[30.731927939552822,59.2091806955659],[30.71765117351784,59.20561150405591],[30.714081982008828,59.17943743299293],[30.697425754968016,59.14493524840786],[30.659574699338826,59.11774770321142],[30.611985479221687,59.10228120667486],[30.57034491162019,59.09395309315268],[30.52989407452054,59.08324551862822],[30.510858386473988,59.053502256055154],[30.456130783340157,59.04874333404305],[30.42281832925791,59.04160495102671],[30.403782641212157,59.054691986558254],[30.390695605679735,59.053502256055154],[30.377608570147313,59.04517414253493],[30.36690099562152,59.05112279504817],[30.36928045662735,59.068968752592696],[30.379988031153943,59.08562497963334],[30.36690099562152,59.09157363214666],[30.341916655060036,59.060640639071494],[30.344296116066666,59.02613845448829],[30.341916655060036,58.984497886886786],[30.357383151598288,58.97022112085057],[30.390695605679735,58.97735950386681],[30.41330048523459,58.97735950386681],[30.41211075473212,58.93571893626718],[30.440664286801905,58.92263190073396],[30.446612939316836,58.89288863816081],[30.47278701038088,58.87623241112115],[30.508478925468157,58.884560524640676],[30.52989407452054,58.87147348910905],[30.542981110052963,58.845299418044206],[30.588190869163473,58.827453460501545],[30.58462167765517,58.81317669446612],[30.597708713186705,58.78224370139006],[30.61674440123326,58.78105397088616],[30.652436316321335,58.78581289290014],[30.665523351852958,58.78224370139006],[30.664333621350487,58.77034639636162],[30.647677394308964,58.760828552336434],[30.63340062827407,58.76915666585862],[30.62269305374828,58.765587474349516],[30.62269305374828,58.753690169320095],[30.57034491162019,58.74298259479377],[30.551309223572925,58.74893124730799],[30.526324883011352,58.74655178630189],[30.46683835786595,58.729895559260456],[30.454941052836798,58.73703394228043],[30.444233478310295,58.73703394228043],[30.429956712275402,58.72394690674713],[30.41805940724705,58.719187984735115],[30.375229109141483,58.71799825423193],[30.37284964813645,58.72632636775225],[30.3538139600891,58.72751609825525],[30.346675577071696,58.72751609825525],[30.335968002545904,58.719187984735115],[30.331209080533444,58.65851172908688],[30.326450158522583,58.63352738852602],[30.31812204500182,58.62281981400058],[30.296706895949526,58.612112239472395],[30.297896626452797,58.596645742935735],[30.333588541540074,58.58474843790641],[30.334778272042634,58.54786679231613],[30.37284964813645,58.54429760080801],[30.391885336182295,58.52407218225649],[30.355003690592458,58.4871905366671],[30.36333180411242,58.46934457912346],[30.345485846568426,58.458637004597136],[30.340726924557565,58.46934457912346],[30.333588541540074,58.47053430962558],[30.327639889025143,58.45625754359202],[30.294327434943696,58.461016465602256],[30.26458417237055,58.44554996906392],[30.241979292814896,58.450308891076816],[30.233651179294935,58.437221855545374],[30.216994952253412,58.43246293353229],[30.1967695337043,58.42056562850385],[30.240789562312337,58.414616975988835],[30.26339444186728,58.39082236593089],[30.280050668908803,58.383683982912686],[30.26577390287391,58.36940721687735],[30.277671207902173,58.34799206782638],[30.30622473997276,58.34561260682126],[30.31812204500182,58.33728449330094],[30.31098366198442,58.32657691877276],[30.296706895949526,58.31943853575642],[30.31098366198442,58.300402847709776],[30.293137704440426,58.281367159663134],[30.3050350094702,58.25876228010837],[30.327639889025143,58.25519308859829],[30.330019350030973,58.248054705580174],[30.3050350094702,58.23496767004865],[30.31217339248769,58.202844946470556],[30.34364657869904,58.20555080816304],[30.349595231213883,58.19484323363574],[30.351974692219713,58.16509997106277],[30.367441188757965,58.14130536100491],[30.400753642839412,58.14963347452612],[30.44477367144745,58.169858893074874],[30.513778040616174,58.187704850619404],[30.58873106229983,58.21387892168238],[30.632751090907867,58.21149946067638],[30.666063544989402,58.20555080816304],[30.692237616053358,58.207930269169054],[30.731498722649825,58.22577622671269],[30.773139290252033,58.22815568771781],[31.240703377897333,58.26503733330898],[31.613089025309954,58.339990354991656],[31.69993935202267,58.422081759693334],[31.6987496215202,58.44587636975119],[31.720164770572584,58.46253259679271],[31.74039018912161,58.46253259679271],[31.7475285721391,58.483947745844475],[31.786789678735477,58.491086128862676],[31.830809707343516,58.48513747634748],[31.86531189192832,58.48275801534236],[31.91290111204466,58.500603972886],[31.9569211406527,58.504173164394125],[31.979526020207555,58.52558831344598],[32.0092692827807,58.51844993042866],[32.040202275856316,58.50893208640534],[32.04972011987964,58.522019121938655],[32.04615092837125,58.557711037025044],[32.03068443183308,58.576746725071686],[32.01878712680402,58.60411052663855],[31.978336289705084,58.607679718148546],[31.95811087115517,58.58388510808891],[31.920039495062063,58.588644030101904],[31.891485962992277,58.60054133513043],[31.892675693494837,58.61005917915375],[31.871260544442364,58.61243864015976],[31.80106644477037,58.61124890965675],[31.780841026221346,58.61005917915375],[31.780841026221346,58.632664058708514],[31.70469827403433,58.638612711222734],[31.69042150799944,58.61243864015976],[31.64759120989467,58.61124890965675],[31.63450417436225,58.62076675368007],[31.63450417436225,58.64099217222972],[31.65353986240889,58.67549435681302],[31.65353986240889,58.70285815838086],[31.666626897941224,58.71713492441629],[31.659488514923822,58.730221959947826],[31.63212471335642,58.723083576929625],[31.617847947321614,58.71713492441629],[31.60000198977753,58.73141169045083],[31.630934982853947,58.74449872598237],[31.664247436935394,58.75282683950259],[31.671385819952885,58.77305225805233],[31.69161123850191,58.78732902408864],[31.732062075601647,58.79922632911708],[31.79630752275871,58.78732902408864],[31.817722671811094,58.78257010207565],[31.831999437846076,58.795657137608956],[31.831999437846076,58.80517498163228],[31.84508647337841,58.81707228666072],[31.861742700419132,58.81945174766682],[31.886727040980617,58.836107974708256],[31.928367608582114,58.84205662722158],[31.987854133728316,58.83491824420525],[32.01640766579819,58.83253878319826],[32.04258173686215,58.8515744712449],[32.04496119786798,58.878938272811865],[32.02354604881559,58.90630207437971],[31.984284942219215,58.92771722343147],[31.95216221864104,58.946752911478114],[31.91409084254722,58.93961452846089],[31.86293243092249,58.91819937940815],[31.8522248563959,58.93366587594667],[31.8486556648868,58.974116713045966],[31.867691352934152,58.99791132310382],[31.933126530594485,59.02051620265868],[32.01402820479236,59.04669027372255],[32.035443353844656,59.07167461428527],[32.0580482334004,59.11331518188668],[32.080653112955254,59.15733521049516],[32.05328931138874,59.1692325155245],[32.069945538429465,59.187078473068134],[32.11277583653414,59.181129820553025],[32.15917532614801,59.196596317091455],[32.18296993620622,59.20968335262299],[32.1698829006746,59.2156320051381],[32.144898560113205,59.20492443061089],[32.1175347585458,59.21801146614322],[32.11872448904916,59.23466769318474],[32.111586106031666,59.266790416762916],[32.14846775162151,59.26798014726592],[32.16393424815967,59.27749799128924],[32.15832506550727,59.28996284162805],[32.15322667363317,59.3012926013471],[32.11872448904916,59.31200017587342],[32.103257992510905,59.32389748090186],[32.12467314156329,59.347692090960706],[32.14608829061568,59.36553804850523],[32.155624086676994,59.38060470420169]]]]}},{"type":"Feature","properties":{"kind":"district","id":"uyezd-1897-7","name":"Тихвинский","provinceId":"gubernia-1897-74"},"geometry":{"type":"MultiPolygon","coordinates":[[[[32.15832506550727,59.28996284162805],[32.190216643452146,59.28141173952281],[32.20806260099508,59.2778425480146],[32.23542640256265,59.28260147002581],[32.25684155161522,59.29687823606124],[32.26516966513509,59.30401661907855],[32.28301562267882,59.30401661907855],[32.293723197205054,59.300447427568564],[32.29610265821142,59.28617066153403],[32.28658481418756,59.27427335650559],[32.30205131072573,59.268324703991276],[32.34131241732193,59.27308362600249],[32.366296757883234,59.26951443449251],[32.40436813397625,59.250478746446746],[32.43054220504065,59.23858144141742],[32.45671627610514,59.2290635973941],[32.480510886163174,59.227873866891095],[32.49954657420929,59.22668413638898],[32.51501307074754,59.20883817884445],[32.51739253175302,59.19694087381592],[32.50906441823314,59.185043568785616],[32.4924081911918,59.1886127602957],[32.46623412012811,59.1886127602957],[32.42935247453747,59.185043568785616],[32.40198867297069,59.19694087381592],[32.380573523918216,59.19813060431902],[32.3615378358713,59.20288952633014],[32.336553495310085,59.20169979582714],[32.30324104122891,59.20288952633014],[32.29610265821142,59.19694087381592],[32.307999963240036,59.185043568785616],[32.330604842795694,59.173146263757175],[32.3615378358713,59.15886949772175],[32.39366055945001,59.13983380967599],[32.417455169508855,59.13626461816601],[32.46980331163685,59.13388515716177],[32.4924081911918,59.12674677414269],[32.526910375776865,59.12317758263456],[32.56022282985805,59.12317758263456],[32.570930404384285,59.11247000810913],[32.57449959589303,59.101762433581825],[32.54832552482943,59.093434320061505],[32.50073630471247,59.0910548590555],[32.49121846068941,59.076778093021844],[32.47694169465443,59.072019171008854],[32.41626543900567,59.0541732134661],[32.38771190693571,59.0410861779328],[32.43292166604621,59.019671028881916],[32.44362924057245,59.01491210686893],[32.44124977956689,58.99111749681195],[32.453147084596395,58.97803046127865],[32.46266492861936,58.96494342574623],[32.446008701578904,58.939959085186246],[32.46147519811627,58.92211312764172],[32.48289034716874,58.90188770909208],[32.526910375776865,58.9161644751275],[32.570930404384285,58.90426717009817],[32.614950432992416,58.9197336666366],[32.67205749713243,58.92687204965294],[32.70418022071114,58.89593905657786],[32.678006149646734,58.863816332999676],[32.71607752574056,58.84478064495215],[32.754148901833574,58.83883199243793],[32.804117582956096,58.83645253143183],[32.83505057603172,58.82693468740949],[32.87431168262792,58.82693468740949],[32.89572683168039,58.83288333992371],[32.880260335142225,58.84240118394605],[32.86717329961043,58.855488219479454],[32.8624143775985,58.87571363802821],[32.87431168262792,58.88285202104632],[32.89691656218357,58.88642121255542],[32.945695512802914,58.87571363802821],[32.96116200934108,58.86619579400489],[32.97900796688481,58.84121145344305],[32.99566419392535,58.862626602496675],[33.01826907348109,58.865006063501795],[33.04325341404231,58.879282829536336],[33.074186407117836,58.879282829536336],[33.08608371214646,58.90426717009817],[33.163416194836564,58.90188770909208],[33.16698538634531,58.87214444651911],[33.2193335284734,58.86619579400489],[33.26097409607516,58.865006063501795],[33.2978557416658,58.88761094305754],[33.28119951462526,58.89950824808598],[33.295476280660324,58.91497474462538],[33.274061131607766,58.92687204965294],[33.27525086211014,58.934010432672025],[33.29071735864831,58.944718007197466],[33.33116819574778,58.96137423423899],[33.37280876334954,58.96613315624923],[33.40493148692834,58.97803046127865],[33.42277744447207,58.98397911379287],[33.46560774257701,58.98873803580497],[33.49773046615572,58.99706614932617],[33.507248310178866,58.98635857479896],[33.57744240985059,58.98397911379287],[33.62622136047074,58.96970234775931],[33.68213869410757,58.941148815689345],[33.729727914223645,58.93520016317503],[33.76898902081993,58.936389893676264],[33.76185063780244,58.95423585122079],[33.765419829311185,58.963753695244996],[33.82252689345111,58.97565100027353],[33.84275231200121,58.96494342574623],[33.86535719155606,58.95899477323201],[33.873685305076734,58.96851261725621],[33.85940853904175,58.99944561033227],[33.91175668116984,59.017291567874935],[33.95101778776613,59.03275806441346],[33.97838158933291,59.0529834829631],[33.97481239782417,59.082726745536064],[33.98314051134484,59.10057270307882],[33.96886374530986,59.107711086096046],[33.97481239782417,59.13983380967599],[33.999796738385385,59.14697219269331],[34.043816766993515,59.15411057571053],[34.07356002956666,59.15292084520753],[34.11044167515658,59.13983380967599],[34.116390327671695,59.11247000810913],[34.11282113616295,59.092244589558504],[34.15446170376471,59.07796782352485],[34.16635900879422,59.06012186598032],[34.19253307985782,59.0517937524601],[34.20918930689916,59.024429950893136],[34.22941472544845,59.020860759384924],[34.235363377962855,58.99587641882317],[34.26034771852407,59.010153184857714],[34.290090981097215,59.024429950893136],[34.290090981097215,59.0410861779328],[34.31031639964651,59.0553629439692],[34.35076723674589,59.07796782352485],[34.338869931716474,59.097003511570605],[34.337680201213374,59.11484946911425],[34.361474811272124,59.14221327068209],[34.45784298200843,59.15292084520753],[34.48282732256965,59.14221327068209],[34.51495004614836,59.14221327068209],[34.55897007475578,59.11484946911425],[34.59585172034641,59.11722893012025],[34.62083606090763,59.10890081660003],[34.658907437000735,59.11841866062335],[34.70411719611124,59.10890081660003],[34.74099884170188,59.06726024899764],[34.763603721257624,59.066070518494634],[34.8040545583563,59.04941429145489],[34.821900515900026,59.05774240497432],[34.84569512595806,59.06488078799154],[34.849264317466805,59.07558836251884],[34.83379782092944,59.089865128553384],[34.798105905841894,59.102952164084826],[34.7850188703101,59.11484946911425],[34.810003210871315,59.12436731313757],[34.80167509735064,59.148161923195424],[34.81357240238006,59.162438689231735],[34.82784916841504,59.16481815023597],[34.84569512595806,59.175525724763276],[34.876628119034386,59.183853838282616],[34.86354108350179,59.19813060431902],[34.85521296998191,59.20883817884445],[34.79334698383006,59.21240737035258],[34.782639409303734,59.22549440588588],[34.79929563634508,59.237391710914416],[34.7909675228244,59.26237605147528],[34.76241399075444,59.27903227851671],[34.72196315365497,59.28141173952281],[34.705306926614426,59.29330904455125],[34.67080474203016,59.28973985304215],[34.63749228794826,59.31472419360399],[34.61012848638139,59.3254317681312],[34.599420911855155,59.33970853416574],[34.56491872727008,59.34922637818818],[34.4923451665927,59.3658826052297],[34.43880729396143,59.38253883227113],[34.416202414405774,59.394436137299664],[34.42928944993838,59.4087129033342],[34.43166891094394,59.41942047786141],[34.38764888233581,59.43607670490107],[34.384079690827065,59.45749185395381],[34.395976995856486,59.46344050646803],[34.44118675496699,59.471768619989234],[34.45070459899094,59.481286464012555],[34.428099719435195,59.486045386023775],[34.425720258429635,59.49913242155522],[34.45070459899094,59.5050810740713],[34.46379163452265,59.51935784010495],[34.544693308720795,59.50983999608252],[34.58871333732892,59.52173730111096],[34.62083606090763,59.51340918759073],[34.65057932348006,59.51816810960186],[34.68032258605321,59.52649622312218],[34.6874609690707,59.54672164167182],[34.72077342315268,59.564567599216346],[34.72910153667246,59.58598274826909],[34.74813722471937,59.57289571273667],[34.76003452974888,59.57289571273667],[34.782639409303734,59.57527517374179],[34.80167509735064,59.58360328726211],[34.812382671876875,59.58717247877209],[34.82546970740877,59.59669032279453],[34.81119294137379,59.60382870581175],[34.810003210871315,59.61691574134515],[34.83855674294057,59.61572601084205],[34.86592054450815,59.63357196838481],[34.91350976462431,59.65855630894656],[34.93016599166557,59.67164334447898],[34.93730437468306,59.704955798560164],[34.97418602027298,59.714473642583485],[35.01820604888111,59.720422295097706],[35.04913904195673,59.74659636616157],[35.0967282620736,59.76444232370609],[35.14550721269295,59.78228828125062],[35.20023481582731,59.784667742255834],[35.2977927170659,59.787047203261835],[35.32634624913596,59.83106723186846],[35.33943328466856,59.862000224944516],[35.33943328466856,59.89412294852447],[35.337053823662195,59.91434836707323],[35.31325921360407,59.935763516125874],[35.28946460354612,59.946471090651315],[35.25972134097289,59.950040282161396],[35.2525829579554,59.96669650920105],[35.22759861739418,59.97621435322437],[35.22283969538225,59.99643977177402],[35.206183468341706,60.00595761579822],[35.2073731988448,60.024993303843985],[35.13598936866989,60.03808033937729],[35.12766125514922,60.04640845289672],[35.16930182275098,60.04997764440573],[35.19190670230664,60.06544414094425],[35.210942390353544,60.108274439047776],[35.21689104286794,60.13801770162083],[35.19309643280982,60.15943285067348],[35.23235753940611,60.21891937581951],[35.2525829579554,60.255801021410676],[35.22402942588543,60.251042099397594],[35.19785535482103,60.248662638392474],[35.171681283757344,60.253421560403694],[35.17287101425973,60.240334524872154],[35.116953680622984,60.22248856732763],[35.06936446050682,60.23795506386615],[35.047949311454346,60.2629394044279],[35.000360091337384,60.28078536197065],[34.95752979323244,60.28673401448665],[34.9468222187062,60.30695943303638],[34.965857906753115,60.316477277059704],[34.963478445746745,60.329564312590264],[34.95158114071813,60.34622053963179],[34.95039141021495,60.37477407170175],[34.93016599166557,60.39380975974741],[34.93968383568871,60.411655717291936],[34.91350976462431,60.42355302232047],[34.89685353758368,60.41760436980625],[34.8433156649525,60.422363291817376],[34.81952105489446,60.43188113584168],[34.782639409303734,60.43307086634468],[34.76717291276637,60.4390195188589],[34.76003452974888,60.42593248332746],[34.72791180617017,60.42831194433346],[34.693409621585005,60.471142242437075],[34.66485608951504,60.50683415752613],[34.622025791410096,60.505644427023036],[34.608938755878214,60.51873146255457],[34.58871333732892,60.51992119305757],[34.5637289967677,60.51516227104636],[34.53636519520083,60.505644427023036],[34.53398573419456,60.492557391489726],[34.51613977665083,60.488988199981605],[34.50186301061576,60.487798469478506],[34.48996570558714,60.50088550501005],[34.4661710955283,60.50445469652003],[34.46260190401956,60.487798469478506],[34.44356621597345,60.490177930484606],[34.425720258429635,60.484229277970385],[34.39835645686205,60.490177930484606],[34.384079690827065,60.483039547467385],[34.316265052160816,60.47709089495307],[34.277003945564616,60.47709089495307],[34.267486101541564,60.45924493740854],[34.250829874501015,60.44496817137312],[34.25320933550658,60.43188113584168],[34.225845533939705,60.416414639303156],[34.2198968814254,60.385481646227184],[34.20918930689916,60.37834326321085],[34.18777415784669,60.38667137673019],[34.183015235834674,60.409276256285935],[34.165169278290946,60.412845447794055],[34.146914350886505,60.40633910910765],[34.111541033469734,60.38592697916556],[34.08774642341166,60.36451183011286],[34.08298750139977,60.34190695055713],[34.03539828128282,60.34190695055713],[33.99613717468742,60.349045333576214],[33.974722025634094,60.35499398609045],[33.937840380044236,60.34428641156319],[33.93427118853549,60.33119937602987],[33.948547954569676,60.3193020710014],[33.96401445110865,60.31335341848717],[33.96163499010231,60.27885123390297],[33.96401445110865,60.250297701833006],[33.98067067814924,60.250297701833006],[33.99970636619537,60.23483120529363],[33.969963103622206,60.231262013785454],[33.950927415576075,60.22531336127213],[33.94378903255853,60.20270848171549],[33.930701997026745,60.19081117668702],[33.90095873445358,60.19081117668702],[33.858128436349375,60.19913929020731],[33.834333826289765,60.18843171568187],[33.80697002472368,60.20508794272337],[33.81172894673483,60.219364708756984],[33.79983164170619,60.230072283282425],[33.740345116559865,60.24434904931877],[33.70584293197555,60.24434904931877],[33.65944344236186,60.24434904931877],[33.64992559833877,60.22531336127213],[33.67847913040873,60.21222632573881],[33.6689612863849,60.18962144618308],[33.673720208396844,60.16582683612614],[33.6677715558817,60.152739800592826],[33.65111532884117,60.14798087858162],[33.63564883230379,60.12656572953074],[33.64397694582368,60.11347869399742],[33.627320718783096,60.10515058047804],[33.56545473263196,60.10753004148319],[33.546419044585036,60.120617077014685],[33.510727129496786,60.120617077014685],[33.47503521441007,60.11942734651166],[33.44648168234011,60.100391658465924],[33.41911788077249,60.100391658465924],[33.417928150270086,60.11466842450045],[33.38461569618897,60.13489384305012],[33.35249297260947,60.12537599902771],[33.33345728456328,60.14084249556436],[33.30609348299572,60.143221956570414],[33.2787296814289,60.17058575813735],[33.25969399338197,60.17177548864038],[33.23351992231835,60.20389821222034],[33.14191067359326,60.19081117668702],[33.080044687442125,60.1729652191425],[33.07647549593338,60.153929531095855],[33.064578190904,60.13727330405618],[33.080044687442125,60.130134921038916],[33.11097768051769,60.0956327364529],[33.13953121258771,60.05042297734326],[33.16332582264579,60.021869445273296],[33.17998204968711,60.01948998426815],[33.18355124119586,59.99926456571757],[33.160946361640185,59.99450564370636],[33.11811606353518,59.979039147167896],[33.13001336856462,59.96238292012822],[33.15737717013144,59.94810615409369],[33.18474097169826,59.94215750157764],[33.18474097169826,59.9314499270522],[33.168084744657676,59.92074235252494],[33.13953121258771,59.905275855986474],[33.13477229057577,59.88624016794074],[33.10264956699706,59.881481245929535],[33.08837280096202,59.86839421039622],[33.039593850342726,59.861255827379864],[33.02412735380534,59.8541174443626],[33.00985058777036,59.84697906134352],[32.996763552237724,59.861255827379864],[32.965830559162214,59.86363528838501],[32.94917433212163,59.86958394089925],[32.9384667575946,59.861255827379864],[32.91110295602857,59.86363528838501],[32.905154303513484,59.881481245929535],[32.8873083459697,59.89694774246618],[32.86113427490528,59.91122450850071],[32.830201281829716,59.90884504749647],[32.823062898812225,59.89813747296921],[32.823062898812225,59.871963401907124],[32.802837480262156,59.86839421039622],[32.76119691266109,59.871963401907124],[32.73621257209987,59.85292771385957],[32.73502284159747,59.827943373297785],[32.76833529567864,59.818425529273554],[32.80997586328044,59.81009741575326],[32.82187316830982,59.80176930223388],[32.84923696987664,59.795820649719644],[32.870652118928376,59.774405500666944],[32.884928884964154,59.74466223809395],[32.88135969345541,59.719677897532165],[32.870652118928376,59.70540113149855],[32.870652118928376,59.686365443450995],[32.86232400540848,59.666140024901324],[32.8468575088703,59.66732975540435],[32.84090885635675,59.67922706043282],[32.830201281829716,59.67803732993161],[32.80997586328044,59.66732975540435],[32.73978176360862,59.65662218087891],[32.68981308248533,59.64829406735862],[32.6719671249424,59.63758649283136],[32.65888008940982,59.591187003216874],[32.65293143689627,59.545977244107235],[32.64698278438118,59.50552640700698],[32.630326557340595,59.48649071896034],[32.60415248627618,59.479352335944895],[32.574409223703015,59.47221395292581],[32.555373535656884,59.45555772588432],[32.4970767410137,59.45317826488099],[32.46614374793813,59.43176311582738],[32.44353886838246,59.43176311582738],[32.42212371932999,59.41748634979194],[32.400708570277516,59.41748634979194],[32.372155038207495,59.437711768341615],[32.34241177563433,59.447229612364026],[32.31504797406751,59.46150637840037],[32.2829252504888,59.47102422242551],[32.26745875395062,59.47102422242551],[32.272217675962565,59.427004193814355],[32.243664143892545,59.41867608029406],[32.21986953383447,59.41986581079982],[32.21511061182258,59.403209583757416],[32.20321330679394,59.391312278729856],[32.155624086676994,59.38060470420169],[32.14608829061568,59.36553804850523],[32.12467314156329,59.347692090960706],[32.103257992510905,59.32389748090186],[32.11872448904916,59.31200017587342],[32.15322667363317,59.3012926013471],[32.15832506550727,59.28996284162805]]]]}},{"type":"Feature","properties":{"kind":"district","id":"uyezd-1897-36","name":"Боровичский","provinceId":"gubernia-1897-74"},"geometry":{"type":"MultiPolygon","coordinates":[[[[35.30882832428249,58.38088856503149],[35.31477697679671,58.39873452257602],[35.300500210761726,58.40587290559324],[35.25172126014283,58.41182155810746],[35.245772607627984,58.429667515651104],[35.23744449410793,58.45227239520773],[35.22316772807224,58.46297996973406],[35.22673691958134,58.48320538828193],[35.175578507955905,58.50224107632857],[35.169629855441684,58.508189728843675],[35.13750713186279,58.515328111861876],[35.10776386928965,58.506999998340675],[35.06374384068161,58.529604877897306],[35.09110764224893,58.55102002694818],[35.0744514152082,58.55696867946338],[35.053036266155814,58.56172760147548],[35.016154620565274,58.586711942036345],[35.04113896112666,58.611696282598096],[35.07207195420237,58.63430116215295],[35.04351842213249,58.64143954517115],[35.08040006772313,58.664044424725915],[35.0922973727522,58.63549089265507],[35.13155847934786,58.63073197064474],[35.16606066393267,58.647388197684485],[35.195803926505725,58.658095772210814],[35.18033742996747,58.662854694222915],[35.15178389789769,58.664044424725915],[35.145835245382756,58.68902876528776],[35.1303687488453,58.7021158008192],[35.186286082482496,58.71639256685374],[35.221977997569766,58.7021158008192],[35.22316772807224,58.68902876528776],[35.243393146622154,58.68426984327468],[35.27194667869194,58.69854660931108],[35.27194667869194,58.71639256685374],[35.24696233813117,58.733048793894376],[35.221977997569766,58.76874070898245],[35.211270423043175,58.79372504954331],[35.213649884049005,58.82822723412848],[35.16130174192101,58.84369373066691],[35.136317401359435,58.84726292217512],[35.12323036582781,58.8746267237411],[35.12323036582781,58.894852142291725],[35.14940443689186,58.898421333799845],[35.16249147242428,58.901990525308065],[35.144645514880196,58.91745702184649],[35.11609198281041,58.92697486586981],[35.08277952872896,58.93887217089923],[35.051846535652544,58.95076947592767],[35.018534081571104,58.94125163190435],[34.99473947151289,58.94601055391743],[34.95071944290485,58.94482082341434],[34.92454537184089,58.94720028441955],[34.90669941429681,58.965046241964075],[34.89480210926766,58.982892199507624],[34.87100749920953,58.99478950453704],[34.85197181116298,58.99954842654737],[34.84483342814558,59.01382519258368],[34.862679385689574,59.023343036607],[34.8686280382037,59.03643007213854],[34.86386911619204,59.048327377166984],[34.84569512595806,59.06488078799154],[34.821900515900026,59.05774240497432],[34.8040545583563,59.04941429145489],[34.763603721257624,59.066070518494634],[34.74099884170188,59.06726024899764],[34.70411719611124,59.10890081660003],[34.658907437000735,59.11841866062335],[34.62083606090763,59.10890081660003],[34.59585172034641,59.11722893012025],[34.55897007475578,59.11484946911425],[34.51495004614836,59.14221327068209],[34.48282732256965,59.14221327068209],[34.45784298200843,59.15292084520753],[34.361474811272124,59.14221327068209],[34.337680201213374,59.11484946911425],[34.338869931716474,59.097003511570605],[34.35076723674589,59.07796782352485],[34.31031639964651,59.0553629439692],[34.290090981097215,59.0410861779328],[34.290090981097215,59.024429950893136],[34.26034771852407,59.010153184857714],[34.235363377962855,58.99587641882317],[34.22941472544845,59.020860759384924],[34.20918930689916,59.024429950893136],[34.19253307985782,59.0517937524601],[34.16635900879422,59.06012186598032],[34.15446170376471,59.07796782352485],[34.11282113616295,59.092244589558504],[34.116390327671695,59.11247000810913],[34.11044167515658,59.13983380967599],[34.07356002956666,59.15292084520753],[34.043816766993515,59.15411057571053],[33.999796738385385,59.14697219269331],[33.97481239782417,59.13983380967599],[33.96886374530986,59.107711086096046],[33.98314051134484,59.10057270307882],[33.97481239782417,59.082726745536064],[33.97838158933291,59.0529834829631],[33.95101778776613,59.03275806441346],[33.91175668116984,59.017291567874935],[33.85940853904175,58.99944561033227],[33.873685305076734,58.96851261725621],[33.86535719155606,58.95899477323201],[33.84275231200121,58.96494342574623],[33.82252689345111,58.97565100027353],[33.765419829311185,58.963753695244996],[33.76185063780244,58.95423585122079],[33.76898902081993,58.936389893676264],[33.729727914223645,58.93520016317503],[33.68213869410757,58.941148815689345],[33.62622136047074,58.96970234775931],[33.57744240985059,58.98397911379287],[33.507248310178866,58.98635857479896],[33.49773046615572,58.99706614932617],[33.46560774257701,58.98873803580497],[33.42277744447207,58.98397911379287],[33.40493148692834,58.97803046127865],[33.37280876334954,58.96613315624923],[33.33116819574778,58.96137423423899],[33.29071735864831,58.944718007197466],[33.27525086211014,58.934010432672025],[33.274061131607766,58.92687204965294],[33.295476280660324,58.91497474462538],[33.28119951462526,58.89950824808598],[33.2978557416658,58.88761094305754],[33.26097409607516,58.865006063501795],[33.2193335284734,58.86619579400489],[33.16698538634531,58.87214444651911],[33.163416194836564,58.90188770909208],[33.08608371214646,58.90426717009817],[33.074186407117836,58.879282829536336],[33.04325341404231,58.879282829536336],[33.01826907348109,58.865006063501795],[32.99566419392535,58.862626602496675],[32.97900796688481,58.84121145344305],[32.968055591843424,58.83818571907794],[32.972814513855084,58.81558083952318],[32.96448640033432,58.802493803991645],[32.96448640033432,58.78464784644801],[32.95853774782019,58.76204296689137],[32.96686586134015,58.746576470354725],[32.977573435866745,58.74419700934871],[33.007316698439084,58.74776620085684],[33.02992157799474,58.74062781783873],[33.04181888302381,58.74776620085684],[33.07275187609942,58.75133539236505],[33.09535675565516,58.74538673985172],[33.125100018228224,58.74181754834173],[33.169120046836255,58.73348943482141],[33.170309777338815,58.69779751973511],[33.22860657198175,58.68233102319668],[33.23336549399341,58.662105604646946],[33.327354203723615,58.65139803012062],[33.36542557981673,58.62879315056577],[33.37851261534915,58.61689584553555],[33.39992776440144,58.59310123547769],[33.4225326439571,58.57406554743105],[33.440378601500385,58.559788781396506],[33.46298348105613,58.55384012888131],[33.507003509664074,58.54432228485799],[33.53436731123068,58.53242497982955],[33.53793650273978,58.52171740530322],[33.54626461625974,58.5110098307769],[33.5581619212888,58.5050611782617],[33.54983380776884,58.488404951222044],[33.53793650273978,58.47888710719872],[33.53912623324225,58.4693692631754],[33.52603919771063,58.46580007166541],[33.507003509664074,58.475317915688734],[33.47726024709102,58.46580007166541],[33.471311594575994,58.45152330563177],[33.480829438599315,58.44319519211056],[33.467742403067696,58.424159504063915],[33.446327254015316,58.4229697735618],[33.443947793009485,58.41345192953759],[33.42967102697459,58.396795702497045],[33.43918887099791,58.38132920595942],[33.4606040200503,58.36705243992399],[33.42967102697459,58.35039621288256],[33.37970234585162,58.36348324841586],[33.33925150875277,58.37419082294219],[33.29880067165384,58.37419082294219],[33.27381633109226,58.36824217042708],[33.26905740908069,58.35634486539766],[33.288093097127245,58.348016751877346],[33.322595281711955,58.331360524835915],[33.352338544285104,58.318273489304374],[33.37018450182839,58.30399672326984],[33.37970234585162,58.268304808181675],[33.38803045937238,58.2433204676217],[33.41182506943059,58.238561545608704],[33.447516984517875,58.23142316259148],[33.478449977593485,58.245699928626905],[33.518900814693225,58.240941006614804],[33.55340299927714,58.23261289309538],[33.56767976531212,58.17669555945845],[33.57243868732449,58.13862418336428],[33.58076680084454,58.11363984280253],[33.595043566879355,58.11126038179741],[33.605751141405946,58.12434741732885],[33.6176484464351,58.12434741732885],[33.62954575146416,58.101742537774086],[33.66047874453986,58.100552807270994],[33.673565780072195,58.080327388721344],[33.69379119862131,58.0684300836929],[33.72710365270275,58.06486089218292],[33.75089826276168,58.05058412614927],[33.7746928728199,58.05058412614927],[33.8163334404221,58.05058412614927],[33.835369128468656,58.06724035318982],[33.822282092936234,58.07556846670924],[33.832989667462826,58.092224693750765],[33.85083562500611,58.11126038179741],[33.88057888757916,58.118398764815524],[33.90913241964904,58.12553714783283],[33.93649622121636,58.12672687833584],[33.94720379574215,58.11245011229953],[33.94839352624542,58.092224693750765],[33.96742921429197,58.09103496324767],[33.97813678881856,58.096983615762866],[33.97932651932112,58.11126038179741],[33.97218813630363,58.119588495317636],[33.96267029228031,58.12553714783283],[33.96148056177704,58.13624472235916],[33.986464902338525,58.15647014090881],[34.017397895414234,58.168367445937335],[34.032864391952394,58.168367445937335],[34.053089810502215,58.16717771543513],[34.07807415106291,58.17907502046366],[34.08045361206874,58.1981107085103],[34.09473037810372,58.205249091528415],[34.11971471866511,58.20049016951542],[34.15659636425575,58.189782594989985],[34.199426662360516,58.181454481468776],[34.2838975280674,58.177885289960656],[34.31126132963472,58.16598798493213],[34.368368393774375,58.16360852392514],[34.3885938123242,58.1552804104058],[34.405250039365015,58.14695229688549],[34.41595761389081,58.14933175789069],[34.42428572741157,58.162418793422134],[34.4338035714348,58.16479825442912],[34.44213168495556,58.1481420273876],[34.45283925948135,58.13386526135217],[34.47306467803118,58.1481420273876],[34.48496198306033,58.174316098452444],[34.502807940603525,58.16717771543513],[34.523033359153345,58.1552804104058],[34.52660255066254,58.1445728358785],[34.53968958619416,58.13267553084917],[34.550397160720664,58.118398764815524],[34.54206904719999,58.101742537774086],[34.509946323621016,58.086276041235564],[34.486151713562805,58.07080954469802],[34.481392791551144,58.05177385665138],[34.492100366077736,58.03154843810174],[34.52898201166837,58.05058412614927],[34.56586365725812,58.06010197017259],[34.58014042329301,58.04939439564626],[34.59560691983126,58.04939439564626],[34.63010910441598,58.0612917006747],[34.67531886352658,58.07437873620624],[34.71814916163126,58.080327388721344],[34.73599511917534,58.100552807270994],[34.73361565816951,58.10650145978619],[34.7371848496779,58.12672687833584],[34.72528754464875,58.14100364437037],[34.75503080722189,58.15290094939881],[34.78120487828593,58.16360852392514],[34.75146161571279,58.17312636794846],[34.75265134621606,58.18502367297877],[34.72885673615785,58.183833942475765],[34.707441587105464,58.18859286448698],[34.75503080722189,58.20643882203062],[34.76216919023929,58.213577205048736],[34.77525622577171,58.21476693555174],[34.800240566332405,58.22428477957506],[34.85734763047286,58.205249091528415],[34.9537158012089,58.21952585756206],[34.98702825529044,58.21476693555174],[34.98940771629627,58.20286963052152],[35.02153043987515,58.189782594989985],[35.057222354962434,58.189782594989985],[35.076258043008984,58.1981107085103],[35.12622672413116,58.205249091528415],[35.15121106469273,58.22547451007815],[35.17500567475085,58.21833612705995],[35.2083181288323,58.236182084603584],[35.20236947631817,58.2433204676217],[35.22497435587302,58.254028042148114],[35.235681930399615,58.240941006614804],[35.254717618446165,58.245699928626905],[35.259476540457825,58.277822652204996],[35.247579235428674,58.29447887924652],[35.258286809955266,58.32065295031136],[35.27137384548689,58.31946321980738],[35.28565061152179,58.33730917735102],[35.28208142001348,58.35396540439254],[35.257097079451995,58.35634486539766],[35.246389504926206,58.36348324841586],[35.27732249800182,58.37419082294219],[35.30882832428249,58.38088856503149]]]]}},{"type":"Feature","properties":{"kind":"district","id":"uyezd-1897-644","name":"Белозерский","provinceId":"gubernia-1897-74"},"geometry":{"type":"MultiPolygon","coordinates":[[[[35.33943328466856,59.89412294852447],[35.36067707336038,59.8887765052759],[35.383281952915226,59.87806893074958],[35.42373279001497,59.859033242702935],[35.44633766956982,59.861412703709036],[35.464183627113904,59.856653781697815],[35.4713220101313,59.84475647666751],[35.52485988276267,59.82810024962785],[35.55579287583828,59.83404890214296],[35.576018294388106,59.847135937674494],[35.66167889059764,59.83999755465629],[35.68904269216487,59.83404890214296],[35.68666323115913,59.81977213610665],[35.716406493731384,59.81382348359331],[35.74852921731036,59.81263375308933],[35.756857330831124,59.795977526049676],[35.76994436636274,59.784080221020346],[35.74971894781372,59.76385480246972],[35.74971894781372,59.74481911442308],[35.74971894781372,59.71388612134702],[35.74139083429296,59.68176339776893],[35.74258056479623,59.640122830167435],[35.74971894781372,59.60443091507936],[35.75209840881955,59.58777468803784],[35.761616252842785,59.56279034747786],[35.79849789843253,59.55089304244844],[35.84013846603474,59.533047084904894],[35.8448973880464,59.51163193585127],[35.8448973880464,59.475940020764966],[35.82467196949737,59.45928379372344],[35.81277466446822,59.44619675819191],[35.81872331698244,59.4378686446707],[35.83656927452644,59.4402481056768],[35.8484665795555,59.43548918366558],[35.84013846603474,59.42359187863714],[35.87107145911044,59.42954053115048],[35.89486606916937,59.42478160913926],[35.91985040973005,59.41883295662406],[35.94126555878243,59.417643226121946],[35.934127175765035,59.40693565159562],[35.8936763386661,59.4033664600875],[35.90557364369525,59.39265888556108],[35.931747714759204,59.391469155057194],[35.937696367274135,59.38076158053077],[35.95554232481733,59.384330772040855],[35.97338828236141,59.38076158053077],[35.995993161917156,59.384330772040855],[36.02216723298111,59.384330772040855],[36.042392651530136,59.39265888556108],[36.06618726158915,59.39265888556108],[36.084033219132344,59.400986999080516],[36.10663809868809,59.40812538209774],[36.12091486472298,59.40931511260074],[36.113776481705486,59.393848616064176],[36.12329432572881,59.391469155057194],[36.13519163075787,59.37957185002777],[36.16493489333102,59.386710233045974],[36.19229869489753,59.38195131103387],[36.22799060998561,59.378382119525654],[36.2565441420554,59.37243346701055],[36.21847276596229,59.36291562298723],[36.22442141847651,59.34625939594757],[36.20062680841829,59.326033977397834],[36.16017597131936,59.305808558848184],[36.153037588301956,59.29391125381788],[36.155417049307786,59.27963448778334],[36.18753977288587,59.27725502677822],[36.21609330495646,59.27011664376002],[36.233939262499746,59.27606529627522],[36.26130306406706,59.27487556577124],[36.28747713513101,59.26416799124492],[36.304133362171825,59.25702960822858],[36.33506635524744,59.2605987997367],[36.368378809329684,59.2665474522519],[36.390983688884546,59.27487556577124],[36.41239883793693,59.27963448778334],[36.43024479548101,59.26892691325791],[36.42786533447518,59.25108095571338],[36.448090753025,59.242752842193156],[36.454039405539135,59.22133769314041],[36.47426482408905,59.22133769314041],[36.50281835615883,59.230855537163734],[36.532561618731975,59.22371715414651],[36.534941079737806,59.21181984911709],[36.58253029985415,59.20468146610075],[36.606324909912274,59.21181984911709],[36.681277931596014,59.19516362207743],[36.68841631461342,59.16898955101259],[36.694364967128436,59.147574401960824],[36.71102119416916,59.14043601894262],[36.7550412227764,59.13329763592442],[36.800250981887714,59.13567709693052],[36.846650471500865,59.14281547994774],[36.8740142730681,59.146384671457824],[36.93350079821438,59.146384671457824],[36.995366784365615,59.14400521045084],[37.029868968950424,59.164230629000485],[37.05961223152277,59.167799820510474],[37.05604304001438,59.19992254408865],[37.0310586994529,59.232045267666734],[37.000125706377275,59.242752842193156],[37.000125706377275,59.2677371827549],[37.028679238447154,59.27011664376002],[37.07150953655183,59.28320367929156],[37.039386812973746,59.28915233180666],[37.01440247241217,59.29629071482486],[36.93706998972269,59.29985990633308],[36.9156548406703,59.311757211361524],[36.8633066985423,59.315326402871506],[36.835942896974984,59.330792899408166],[36.88472184759469,59.34387993494147],[36.90137807463541,59.36053616198113],[36.88948076960635,59.385520502543855],[36.84784020200405,59.4033664600875],[36.82999424446005,59.42240214813414],[36.805009903899375,59.46285298523343],[36.819286669934264,59.481888673280075],[36.770507719314566,59.50330382233184],[36.777646102332056,59.51044220535004],[36.74671310925644,59.52947789339668],[36.78359475484699,59.53899573742],[36.826425052951755,59.546134120436335],[36.87163481206227,59.552082772951536],[36.93825972022596,59.554462233956656],[37.016781933418,59.554462233956656],[37.06437115353443,59.555651964459656],[37.08221711107842,59.56635953898608],[37.069130075546,59.57944657451752],[37.09292468560501,59.58420549652962],[37.110770643148214,59.5806363050215],[37.135754983709695,59.57706711351329],[37.16906743779114,59.57111846099818],[37.15241121075051,59.55327250345454],[37.17263662930033,59.543754659431215],[37.22379504092506,59.54851358144332],[37.26900480003637,59.55089304244844],[37.296368601602886,59.54018546792123],[37.31897348115854,59.51996004937336],[37.351096204737516,59.51996004937336],[37.36418324026905,59.533047084904894],[37.40463407736878,59.534236815407894],[37.43080814843283,59.53542654591001],[37.45936168050262,59.52114977987459],[37.48910494307576,59.51758058836637],[37.499812517601555,59.50211409182883],[37.47482817704007,59.50330382233184],[37.472448716034236,59.491406517303396],[37.47720763804661,59.477129751267086],[37.51052009212815,59.475940020764966],[37.529555780174704,59.49021678680039],[37.54383254620959,59.50687301384005],[37.56167850375358,59.51758058836637],[37.59380122733177,59.51758058836637],[37.6413904474489,59.52471897138369],[37.68541047605614,59.533047084904894],[37.706825625108614,59.533047084904894],[37.719912660640944,59.51758058836637],[37.74013807919077,59.51758058836637],[37.76393268924899,59.52590870188669],[37.80319379584536,59.51877031887035],[37.82460894489775,59.52947789339668],[37.872198165014176,59.52947789339668],[37.91145927161055,59.537806006916114],[37.94001280368034,59.54137519842512],[37.98522256279094,59.53899573742],[38.022104208381485,59.537806006916114],[38.06374477598369,59.534236815407894],[38.080401003024505,59.51758058836637],[38.10657507408846,59.52233951037848],[38.12323130112918,59.52828816289279],[38.16011294671982,59.52947789339668],[38.179148634766285,59.52114977987459],[38.21008162784199,59.51282166635516],[38.202943244824496,59.52947789339668],[38.196994592309565,59.55327250345454],[38.205322705830326,59.56635953898608],[38.205322705830326,59.58301576602662],[38.24934273443837,59.59491307105604],[38.28503464952564,59.60443091507936],[38.30169087656637,59.59848226256416],[38.338572522156916,59.617517950610804],[38.358797940706026,59.635363908154446],[38.394489855794106,59.64845094368775],[38.43018177088138,59.64488175217777],[38.44921745892793,59.65677905720709],[38.461114763957,59.65677905720709],[38.48371964351274,59.649640674190756],[38.5098937145767,59.649640674190756],[38.50870398407343,59.66153797921929],[38.49323748753598,59.67343528424773],[38.46944287747776,59.67581474525373],[38.43375096238968,59.66986609274049],[38.39567958629658,59.68176339776893],[38.379023359255854,59.705558007826795],[38.336193061151086,59.72697315688042],[38.31120872058969,59.73173207889066],[38.31120872058969,59.716265582354005],[38.28741411053147,59.715075851850116],[38.26124003946743,59.704368277323695],[38.232686507397645,59.67700447575771],[38.21959947186522,59.68652231978015],[38.21008162784199,59.72459369587344],[38.194615131303735,59.72935261788554],[38.164871868731396,59.71983477386222],[38.1363183366616,59.705558007826795],[38.0982469605677,59.704368277323695],[38.0494680099488,59.693660702797374],[38.026863130393146,59.710316929838896],[38.010206903352426,59.74362938392008],[37.99830959832336,59.772182915990044],[38.06731396749208,59.80668510057511],[38.09586749956187,59.82810024962785],[38.09705723006514,59.851894859685714],[38.069693428497914,59.89353542728712],[38.06731396749208,59.91376084583774],[38.08515992503608,59.936365725392506],[38.11014426559676,59.941124647403726],[38.12680049263828,59.94350410841071],[38.11966210962079,59.95778087444525],[38.12799022314084,59.97324737098368],[38.13988752816991,59.97443710148677],[38.15297456370233,59.97919602349701],[38.14940537219323,59.99704198104065],[38.158923216216465,60.013698208082175],[38.158923216216465,60.02321605210638],[38.14583618068484,60.03987227914693],[38.15535402470816,60.05176958417634],[38.15297456370233,60.06247715870178],[38.11728264861425,60.067236080713],[38.045898818439696,60.08151284674931],[38.019724747375655,60.10649718730929],[37.91026954110728,60.12791233636291],[37.728240774161705,60.15884532943711],[37.652098021974695,60.174311825975536],[37.48553575156666,60.26354161369365],[37.41296219088875,60.30280272028993],[37.38797785032726,60.29209514576361],[37.33325024719343,60.26116215268853],[37.25353830349812,60.26116215268853],[37.23807180696066,60.27186972721485],[37.22498477142833,60.305182181296914],[37.20000043086685,60.318269216828455],[37.16906743779114,60.328976791354776],[37.123857678680636,60.36228924543596],[37.09530414661084,60.35990978442986],[37.003694897886376,60.387273585997704],[37.028679238447154,60.41820657907279],[37.001315436880546,60.42534496209099],[37.001315436880546,60.44081145862853],[36.975141365815794,60.44913957214885],[36.971572174307404,60.481262295728804],[37.003694897886376,60.5169542108151],[37.04295600448196,60.557405047914486],[37.03343816045873,60.57525100545813],[37.01440247241217,60.56692289193781],[36.983469479336556,60.57168181394991],[36.975141365815794,60.59190723249956],[36.95491594726677,60.61570184255653],[36.972761904809964,60.625219686579854],[36.976331096319065,60.637116991609176],[36.94063918123179,60.64306564412438],[36.90494726614371,60.63830672211316],[36.8740142730681,60.67518836770246],[36.824045591945925,60.68827540323586],[36.79192286836695,60.71207001329363],[36.768128258308735,60.709690552287626],[36.73957472623895,60.700172708264304],[36.70745200266006,60.709690552287626],[36.647965477514575,60.707311091282506],[36.58609949136245,60.706121360778525],[36.56825353381926,60.71207001329363],[36.55040757627518,60.71682893530583],[36.51352593068462,60.697793247259185],[36.509956739176324,60.67280890669734],[36.51114646967879,60.6525834881477],[36.53375134923445,60.639496452616164],[36.53613081024028,60.61808130356253],[36.524233505211214,60.57406127495503],[36.53137188822862,60.563353700429595],[36.52661296621696,60.550266664896284],[36.47307509358569,60.53361043785662],[36.45284967503666,60.50029798377545],[36.43976263950424,60.48959040924912],[36.41596802944603,60.45032930265185],[36.373137731341345,60.45270876365884],[36.35529177379726,60.44438065013763],[36.33506635524744,60.44913957214885],[36.32673824172748,60.43010388410221],[36.31841012820672,60.43010388410221],[36.296994979154334,60.44200118913251],[36.243457106522975,60.44319091963552],[36.17326300685098,60.475313643213696],[36.12686351723791,60.475313643213696],[36.08284348862988,60.45151903315583],[36.03049534650107,60.45746768566917],[35.97100882135558,60.45984714667517],[35.89010714715779,60.45032930265185],[35.88772768615196,60.392032508008924],[35.875830381122015,60.35277140141264],[35.880589303133675,60.333735713365996],[35.827051430503204,60.240936734138785],[35.78422113239763,60.19453724452528],[35.74496002580206,60.177881017483756],[35.7366319122813,60.15765559893588],[35.6878529616616,60.14813775491256],[35.63193562802441,60.13743018038623],[35.5867258689139,60.146948024409554],[35.55341341483245,60.167173442959204],[35.540326379300026,60.20048589704038],[35.51415230823608,60.23974700363667],[35.43919928655233,60.28852595425637],[35.34877976833131,60.334925443869885],[35.32141596676391,60.319458947331455],[35.310708392237316,60.29566433727359],[35.29048297368829,60.27305945771697],[35.2525829579554,60.255801021410676],[35.23235753940611,60.21891937581951],[35.19309643280982,60.15943285067348],[35.21689104286794,60.13801770162083],[35.210942390353544,60.108274439047776],[35.19190670230664,60.06544414094425],[35.16930182275098,60.04997764440573],[35.12766125514922,60.04640845289672],[35.13598936866989,60.03808033937729],[35.2073731988448,60.024993303843985],[35.206183468341706,60.00595761579822],[35.22283969538225,59.99643977177402],[35.22759861739418,59.97621435322437],[35.2525829579554,59.96669650920105],[35.25972134097289,59.950040282161396],[35.28946460354612,59.946471090651315],[35.31325921360407,59.935763516125874],[35.337053823662195,59.91434836707323],[35.33943328466856,59.89412294852447]]]]}},{"type":"Feature","properties":{"kind":"district","id":"uyezd-1897-645","name":"Кирилловский","provinceId":"gubernia-1897-74"},"geometry":{"type":"MultiPolygon","coordinates":[[[[38.5098937145767,59.649640674190756],[38.532895170966015,59.61223025948675],[38.51029029141114,59.61104052898372],[38.501962177890334,59.596763762950104],[38.54122328448676,59.5884356494289],[38.556689781024204,59.57891780540558],[38.572156277562385,59.58367672741679],[38.58762277410062,59.58367672741679],[38.58881250460314,59.57177942238832],[38.5733460080657,59.56583076987408],[38.574535738568215,59.55750265635379],[38.595950887620575,59.551554003838646],[38.63055588842184,59.52712780845195],[38.660299150994206,59.49381535436987],[38.72216513714625,59.49500508487381],[38.77332354877177,59.49619481537684],[38.795825612110946,59.465893407629665],[38.838655910215664,59.46708313813269],[38.89933216586445,59.47065232964087],[38.945731655477516,59.47184206014299],[38.98499276207389,59.477790712657225],[38.9695262655365,59.49444693969872],[38.92907542843676,59.50039559221386],[38.89338351334948,59.49682640070387],[38.88981432184113,59.508723705734155],[38.864829981279684,59.51586208875051],[38.86364025077637,59.52419020227262],[38.885055399829525,59.530138854785946],[38.88981432184113,59.54798481233047],[38.93621381145425,59.564641039370144],[38.96476734352484,59.55869238685682],[39.002838719617955,59.60390214596646],[38.979044109559766,59.61579945099675],[38.979044109559766,59.63721460004854],[38.93383435044842,59.64673244407186],[38.92431650642516,59.66933732362668],[38.919557584413496,59.69551139469149],[38.94692138598083,59.69551139469149],[38.979044109559766,59.70859843022299],[38.96476734352484,59.73120330977963],[38.96833653503319,59.74429034531113],[38.950490577489916,59.7514287283293],[38.93621381145425,59.770464416375944],[38.89219378284696,59.76808495536898],[38.89338351334948,59.789500104422586],[38.919557584413496,59.81091525347347],[38.9611981520157,59.80734606196529],[38.9861824925772,59.825192019508904],[39.044479287220156,59.84422770755555],[39.09325823783905,59.846607168561604],[39.06708416677503,59.87516070063157],[39.04091009571101,59.900145041193355],[39.04328955671684,59.920370459743026],[39.02544359917283,59.94178560879482],[39.01116683313791,59.96082129684146],[39.00997710263539,60.02149755248956],[39.00402845012047,60.07503542512222],[38.97547491805062,60.0916916521619],[38.950490577489916,60.105968418198245],[38.9695262655365,60.172593326359674],[39.03853063470524,60.192818744909346],[39.07779174130161,60.224941468489305],[39.100396620856486,60.25349500055927],[39.14084745795623,60.25587446156442],[39.186057217066775,60.20828524144781],[39.2586307777446,60.2332695820096],[39.2586307777446,60.257064192067446],[39.31216865037595,60.268961497095916],[39.33001460791917,60.26420257508562],[39.35975787049233,60.26658203609077],[39.38355248055052,60.248736078546244],[39.439469814187646,60.25349500055927],[39.42400331764941,60.26777176659289],[39.44303900569673,60.290376646148616],[39.4977666088306,60.290376646148616],[39.53226879341531,60.32606856123584],[39.521561218888735,60.3284480222419],[39.53702771542697,60.34748371028854],[39.56082232548516,60.34748371028854],[39.594134779566616,60.377226972861536],[39.62506777264224,60.37484751185548],[39.62863696415138,60.39388319990212],[39.69764133332012,60.38555508638183],[39.798768426067795,60.36057074582186],[39.81899384461764,60.366519398335186],[39.90584417133044,60.34986317129551],[39.92012093736537,60.422436731972994],[39.989125306534106,60.43909295901267],[40.043852909668715,60.44861080303599],[40.02957614363379,60.475974604604744],[40.052181023188666,60.485492448628065],[40.05812967570364,60.49857948415956],[40.054560484194496,60.528322746732556],[40.01410964709561,60.53546112974891],[39.99745342005485,60.54259951276708],[39.99745342005485,60.572342775339166],[39.98793557603159,60.593757924391866],[39.945105277926814,60.59613738539883],[39.921310667868624,60.60922442093033],[39.897516057809696,60.63182930048515],[39.882049561272254,60.64372660551544],[39.89632632730718,60.65205471903482],[39.91179282384536,60.660382832555115],[39.890377674792205,60.66395202406511],[39.890377674792205,60.672280137584494],[39.8653933342315,60.680608251104786],[39.84992683769332,60.703213130661425],[39.81542465310855,60.712730974684746],[39.79400950405619,60.72224881870807],[39.82018357512021,60.72819747122139],[39.842788454675826,60.74009477625077],[39.882049561272254,60.757940733794385],[39.91179282384536,60.788873726870406],[39.923690128874455,60.81623752843734],[39.910603093342104,60.823375911455514],[39.910603093342104,60.83884240799216],[39.88918794428969,60.84836025201548],[39.886808483283914,60.8745343230803],[39.882049561272254,60.89238028062482],[39.882049561272254,60.90308785515026],[39.892757135798036,60.919744082191755],[39.84635764618497,60.93640030923143],[39.79757869556528,60.94948734476475],[39.74166136192815,60.964953841301394],[39.72024621287579,60.97923060733774],[39.688123489296856,60.975661415827744],[39.636965077671334,60.98755872085803],[39.62149858113395,61.02444036644738],[39.620308850630636,61.062511742540664],[39.6298266946539,61.082737161090336],[39.68098510627942,61.07797823907913],[39.68455429778851,61.09701392712577],[39.620308850630636,61.09939338813183],[39.52750987140371,61.11010096265727],[39.49062822581311,61.14103395573329],[39.49181795631563,61.171966948808404],[39.43114170066764,61.17791560132355],[39.35380921797815,61.148172338750555],[39.28242538780279,61.11723934567544],[39.205092905113304,61.116049615172415],[39.10753500387398,61.1243777286918],[39.068273897278345,61.1243777286918],[39.06232524476343,61.11010096265727],[39.03377171269358,61.10653177114909],[38.99451060609715,61.0982036576288],[38.96476734352484,61.12318799819059],[38.927885697934244,61.14460314724147],[38.88148620832038,61.16244910478508],[38.8457942932331,61.158879913276905],[38.825568874683256,61.16839775730023],[38.7922564206018,61.171966948808404],[38.79463588160763,61.160069643779934],[38.80534345613421,61.15055179975661],[38.791066690099285,61.14222368623814],[38.76608234953778,61.15055179975661],[38.755374775011205,61.14579287774541],[38.72920070394724,61.15293126076176],[38.71968285992392,61.16720802679811],[38.70611659512649,61.16506598498736],[38.69707798036825,61.16363883528811],[38.681611483830864,61.13508530321815],[38.663765526286795,61.11248042366333],[38.6518682212577,61.09939338813183],[38.660196334778504,61.094634466120624],[38.67804229232172,61.09939338813183],[38.687560136344985,61.08035770008428],[38.694698519362476,61.05537335952431],[38.681611483830864,61.05418362902037],[38.666144987292626,61.041096593487964],[38.64354010773775,61.03514794097555],[38.62331468918791,61.04228632399099],[38.59952007912972,61.050614437512195],[38.576915199574046,61.051804168014314],[38.550741128510026,61.04228632399099],[38.54241301498928,61.02563009695132],[38.54717193700094,60.9994560258865],[38.576915199574046,60.98161006834289],[38.55787951152752,60.97804087683471],[38.54003355398345,60.96971276331442],[38.504341638896165,60.97090249381654],[38.46983945431219,60.95543599727807],[38.472218915318024,60.94591815325475],[38.459131879785616,60.93402084822628],[38.459131879785616,60.91617489068176],[38.44485511375069,60.91498516017873],[38.441285922241605,60.92688246520811],[38.42581942570416,60.943538692249604],[38.4044042766518,60.94710788375778],[38.40083508514266,60.93759003973446],[38.419870773189245,60.92450300420205],[38.419870773189245,60.90784677716147],[38.4044042766518,60.90070839414511],[38.36871236156372,60.89475974162997],[38.325882063459005,60.875724053583326],[38.3008977228975,60.843601330005185],[38.275913382336796,60.81504779793431],[38.236652275740425,60.79363264888252],[38.19263224713234,60.78292507435617],[38.1486122185251,60.76626884731468],[38.140284105004355,60.756751003291356],[38.1438532965127,60.74247423725774],[38.18311440310907,60.73295639323442],[38.16883763707415,60.71748989669504],[38.190252786126564,60.703213130661425],[38.19501170813817,60.68655690361993],[38.179545211600725,60.67465959859146],[38.159319793050884,60.66633148507026],[38.11292030343702,60.68298771211175],[38.08555650187054,60.68774663412296],[38.04748512577663,60.67822879009964],[38.003465097169396,60.67465959859146],[37.978480756607894,60.68774663412296],[37.959445068561365,60.68774663412296],[37.92018396196494,60.67703905959661],[37.911855848444986,60.64134714450847],[37.90114827391841,60.63301903098818],[37.84642067078454,60.59851684640398],[37.84047201826962,60.58780927187854],[37.79645198966159,60.593757924391866],[37.78812387614164,60.60327576841519],[37.75838061356848,60.60327576841519],[37.756001152562646,60.59137846338581],[37.72506815948702,60.58780927187854],[37.70722220194301,60.58186061936249],[37.69532489691392,60.59256819388884],[37.651304868305886,60.59732711590186],[37.648925407300055,60.61041415143336],[37.64297675478588,60.61874226495365],[37.62394106673935,60.61279361243851],[37.62869998875095,60.638967683503324],[37.64297675478588,60.649675258028765],[37.627510258247696,60.66752121557329],[37.6156129532186,60.68774663412296],[37.62869998875095,60.692505556135075],[37.629889719253526,60.69964393915143],[37.59419780416624,60.70440286116445],[37.55136750606147,60.71867962719807],[37.49901936393269,60.74247423725774],[37.441912299793046,60.73295639323442],[37.35744143408607,60.72700774071927],[37.343164668051145,60.69488501714113],[37.34911332056532,60.67465959859146],[37.35625170358355,60.65443418004179],[37.33840574603954,60.6425368750115],[37.26940137687001,60.617552534450624],[37.188499702672175,60.58186061936249],[37.15637697909324,60.56639412282584],[37.13020290802922,60.562824931315845],[37.1040288369652,60.54616870427708],[37.04295600448196,60.557405047914486],[37.003694897886376,60.5169542108151],[36.971572174307404,60.481262295728804],[36.975141365815794,60.44913957214885],[37.001315436880546,60.44081145862853],[37.001315436880546,60.42534496209099],[37.028679238447154,60.41820657907279],[37.003694897886376,60.387273585997704],[37.09530414661084,60.35990978442986],[37.123857678680636,60.36228924543596],[37.16906743779114,60.328976791354776],[37.20000043086685,60.318269216828455],[37.22498477142833,60.305182181296914],[37.23807180696066,60.27186972721485],[37.25353830349812,60.26116215268853],[37.33325024719343,60.26116215268853],[37.38797785032726,60.29209514576361],[37.41296219088875,60.30280272028993],[37.48553575156666,60.26354161369365],[37.652098021974695,60.174311825975536],[37.728240774161705,60.15884532943711],[37.91026954110728,60.12791233636291],[38.019724747375655,60.10649718730929],[38.045898818439696,60.08151284674931],[38.11728264861425,60.067236080713],[38.15297456370233,60.06247715870178],[38.15535402470816,60.05176958417634],[38.14583618068484,60.03987227914693],[38.158923216216465,60.02321605210638],[38.158923216216465,60.013698208082175],[38.14940537219323,59.99704198104065],[38.15297456370233,59.97919602349701],[38.13988752816991,59.97443710148677],[38.12799022314084,59.97324737098368],[38.11966210962079,59.95778087444525],[38.12680049263828,59.94350410841071],[38.11014426559676,59.941124647403726],[38.08515992503608,59.936365725392506],[38.06731396749208,59.91376084583774],[38.069693428497914,59.89353542728712],[38.09705723006514,59.851894859685714],[38.09586749956187,59.82810024962785],[38.06731396749208,59.80668510057511],[37.99830959832336,59.772182915990044],[38.010206903352426,59.74362938392008],[38.026863130393146,59.710316929838896],[38.0494680099488,59.693660702797374],[38.0982469605677,59.704368277323695],[38.1363183366616,59.705558007826795],[38.164871868731396,59.71983477386222],[38.194615131303735,59.72935261788554],[38.21008162784199,59.72459369587344],[38.21959947186522,59.68652231978015],[38.232686507397645,59.67700447575771],[38.26124003946743,59.704368277323695],[38.28741411053147,59.715075851850116],[38.31120872058969,59.716265582354005],[38.31120872058969,59.73173207889066],[38.336193061151086,59.72697315688042],[38.379023359255854,59.705558007826795],[38.39567958629658,59.68176339776893],[38.43375096238968,59.66986609274049],[38.46944287747776,59.67581474525373],[38.49323748753598,59.67343528424773],[38.50870398407343,59.66153797921929],[38.5098937145767,59.649640674190756]]]]}},{"type":"Feature","properties":{"kind":"district","id":"uyezd-1897-646","name":"Череповецкий","provinceId":"gubernia-1897-74"},"geometry":{"type":"MultiPolygon","coordinates":[[[[37.05604304001438,59.19992254408865],[37.072008929602745,59.20828003367019],[37.09342407865522,59.20709030316719],[37.11245976670168,59.20352111165907],[37.125546802234105,59.21779787769351],[37.15053114279479,59.22255679970473],[37.18979224939117,59.2201773387005],[37.21953551196431,59.2201773387005],[37.261176079566525,59.227315721716835],[37.280211767613075,59.236833565740156],[37.304006377671286,59.236833565740156],[37.30757556917959,59.22136706920173],[37.3278009877295,59.227315721716835],[37.36468263332005,59.21779787769351],[37.39918481790485,59.19876218964687],[37.37063128583418,59.18686488461843],[37.32185233521528,59.18329569310845],[37.300437186162185,59.17972650160023],[37.276642576103974,59.18924434562355],[37.26950419308648,59.19995192014997],[37.24214039151997,59.19757245914387],[37.23738146950839,59.17972650160023],[37.223104703472615,59.17377784908513],[37.223104703472615,59.16544973556579],[37.23976093051422,59.16544973556579],[37.23738146950839,59.157121622045466],[37.21120739844355,59.152362700034246],[37.21715605095848,59.14046539500394],[37.21001766794099,59.13094755098062],[37.17789494436211,59.13213728148362],[37.15766952581308,59.1226194374603],[37.1433927597773,59.10596321042065],[37.113649497205046,59.10120428840766],[37.08509596513517,59.11072213243098],[37.05773216356785,59.1202399764543],[37.03274782300637,59.11786051544918],[37.02798890099471,59.10715294092276],[37.00895321294824,59.10239401891066],[36.9720715673576,59.09882482740254],[36.95065641830522,59.08930698337922],[36.93637965227033,59.07146102583469],[36.91853369472713,59.061943181811365],[36.944707765791094,59.03814857175439],[36.964933184340204,59.03219991923831],[36.98872779439833,59.02625126672498],[36.98396887238667,59.001266926163225],[37.01014294345151,58.98104150761358],[37.03988620602386,58.96200581956694],[37.05892189407041,58.93940094001208],[37.04583485853879,58.916796060455454],[37.04583485853879,58.90727821643213],[37.068439738093645,58.90251929442091],[37.09699327016423,58.90370902492391],[37.11483922770751,58.88229387587215],[37.118408419216614,58.87158630134583],[37.135064646257334,58.853740343801306],[37.15172087329806,58.83470465575466],[37.16956683084214,58.832325194749544],[37.192171710397,58.8120997761998],[37.19574090190619,58.79663327966138],[37.18741278838534,58.78116678312472],[37.19336144090036,58.759751634071094],[37.20168955442032,58.74071594602534],[37.22429443397597,58.73714675451535],[37.2266738949818,58.72881864099512],[37.23500200850256,58.71097268345149],[37.25165823554329,58.691936995404845],[37.263555540572355,58.689557534398745],[37.27545284560151,58.701454839428166],[37.290919342138864,58.701454839428166],[37.295678264150524,58.691936995404845],[37.292109072642134,58.68003969037542],[37.298057725156355,58.6705218463521],[37.280211767613075,58.66576292434186],[37.279022037109804,58.65148615830546],[37.296867994653795,58.64434777528912],[37.31709341320371,58.65148615830546],[37.35278532829099,58.64553750579213],[37.37420047734328,58.609845590704055],[37.39680535689902,58.58962017215431],[37.43487673299214,58.57891259762799],[37.449153499026934,58.57296394511466],[37.48246595310847,58.55868717907923],[37.51458867668745,58.544410413044695],[37.544331939259706,58.52180553348806],[37.57169574082711,58.51347741996774],[37.582403315353616,58.4992006539333],[37.615715769435056,58.49087254041298],[37.62642334396085,58.48254442689178],[37.601439003400166,58.46945739136024],[37.63713091848744,58.4587498168348],[37.645459032008205,58.4920622709151],[37.66211525904893,58.50633903695141],[37.68472013860387,58.544410413044695],[37.70137636564459,58.59318936366253],[37.71327367067366,58.636019661768806],[37.73349908922357,58.63839912277402],[37.74896558576174,58.64434777528912],[37.76919100431085,58.6348299312658],[37.77989857883735,58.6288812787507],[37.808452110907226,58.63958885327702],[37.83462618197118,58.63958885327702],[37.86436944454432,58.612225051709174],[37.882215402088406,58.613414782212175],[37.911958664660666,58.6348299312658],[37.94289165773637,58.65267588880855],[37.95478896276623,58.66814238534698],[37.93932246622798,58.675280768365184],[37.98691168634441,58.684798612388505],[38.008326835396794,58.69312672590873],[37.990480877853514,58.696695917416946],[37.97977330332692,58.70502403093727],[38.0011884523793,58.71097268345149],[38.03450090646075,58.72049052747481],[38.05591605551385,58.72762891049203],[38.033311175958275,58.74904405954477],[38.04520848098734,58.756182442562974],[38.07495174356049,58.754992712059874],[38.104695006132744,58.764510556083195],[38.145145843232484,58.78473597463294],[38.168940453290695,58.79425381865626],[38.122540963676826,58.82042788972101],[38.15347395675244,58.850171152292205],[38.17131991429643,58.85255061329919],[38.183217219325584,58.85730953531041],[38.167750722787424,58.86920684033885],[38.12373069418018,58.86444791832763],[38.149904765244145,58.88348360637427],[38.167750722787424,58.90370902492391],[38.20463236837797,58.90489875542701],[38.21177075139546,58.917985790958454],[38.20463236837797,58.92988309598876],[38.23199616994529,58.93226255699388],[38.24151401396852,58.9417804010172],[38.26173943251763,58.94534959252542],[38.268877815535035,58.93464201799998],[38.29148269509078,58.93464201799998],[38.311708113640606,58.928693365485756],[38.3188464966581,58.9477290535324],[38.303380000119844,58.95962635856173],[38.304569730623115,58.97390312459538],[38.316467035652266,58.98223123811658],[38.3188464966581,58.991749082139904],[38.304569730623115,58.99293881264202],[38.299810808611454,59.00483611767144],[38.327174610178055,59.02863072773019],[38.39379951834175,59.03457938024441],[38.41402493689077,59.04052803275951],[38.41045574538247,59.05837399030315],[38.42354278091409,59.069081564829474],[38.44138873845809,59.066702103824355],[38.44019900795561,59.082168600361015],[38.44495792996727,59.10239401891066],[38.461614157007915,59.12380916796428],[38.477080653545364,59.13927566450094],[38.50801364662098,59.155931891542465],[38.54013637019996,59.16663946606879],[38.55084394472655,59.154742161039366],[38.57820774629306,59.167829196570906],[38.59129478182548,59.18567515411543],[38.604381817357904,59.19638272864175],[38.622227774901106,59.21184922517841],[38.63531481043353,59.21303895568239],[38.655540228982545,59.22255679970473],[38.70074998809386,59.2499206012717],[38.73287271167212,59.25348979278168],[38.77332354877177,59.26538709781012],[38.791169506314965,59.26538709781012],[38.80425654184739,59.254679523284686],[38.816153846876446,59.2558692537868],[38.855414953472916,59.27847413334166],[38.855414953472916,59.29156116887496],[38.8244819603965,59.29275089937797],[38.817343577379006,59.304648204406504],[38.87088145001037,59.33320173647647],[38.86374306699288,59.34152984999767],[38.86374306699288,59.35580661603123],[38.83043061291143,59.35104769402099],[38.76261597424518,59.34509904150579],[38.74358028619862,59.347478502511],[38.71740621513467,59.347478502511],[38.70193971859642,59.36889365156454],[38.686473222058964,59.37841149558786],[38.687662952561524,59.3986369141376],[38.61627912238697,59.43194936821878],[38.61152020037531,59.454554247773544],[38.638884001941825,59.467641283306854],[38.72454459815207,59.470020744312066],[38.795825612110946,59.465893407629665],[38.77332354877177,59.49619481537684],[38.72216513714625,59.49500508487381],[38.660299150994206,59.49381535436987],[38.63055588842184,59.52712780845195],[38.595950887620575,59.551554003838646],[38.574535738568215,59.55750265635379],[38.5733460080657,59.56583076987408],[38.58881250460314,59.57177942238832],[38.58762277410062,59.58367672741679],[38.572156277562385,59.58367672741679],[38.556689781024204,59.57891780540558],[38.54122328448676,59.5884356494289],[38.501962177890334,59.596763762950104],[38.51029029141114,59.61104052898372],[38.532895170966015,59.61223025948675],[38.5098937145767,59.649640674190756],[38.48371964351274,59.649640674190756],[38.461114763957,59.65677905720709],[38.44921745892793,59.65677905720709],[38.43018177088138,59.64488175217777],[38.394489855794106,59.64845094368775],[38.358797940706026,59.635363908154446],[38.338572522156916,59.617517950610804],[38.30169087656637,59.59848226256416],[38.28503464952564,59.60443091507936],[38.24934273443837,59.59491307105604],[38.205322705830326,59.58301576602662],[38.205322705830326,59.56635953898608],[38.196994592309565,59.55327250345454],[38.202943244824496,59.52947789339668],[38.21008162784199,59.51282166635516],[38.179148634766285,59.52114977987459],[38.16011294671982,59.52947789339668],[38.12323130112918,59.52828816289279],[38.10657507408846,59.52233951037848],[38.080401003024505,59.51758058836637],[38.06374477598369,59.534236815407894],[38.022104208381485,59.537806006916114],[37.98522256279094,59.53899573742],[37.94001280368034,59.54137519842512],[37.91145927161055,59.537806006916114],[37.872198165014176,59.52947789339668],[37.82460894489775,59.52947789339668],[37.80319379584536,59.51877031887035],[37.76393268924899,59.52590870188669],[37.74013807919077,59.51758058836637],[37.719912660640944,59.51758058836637],[37.706825625108614,59.533047084904894],[37.68541047605614,59.533047084904894],[37.6413904474489,59.52471897138369],[37.59380122733177,59.51758058836637],[37.56167850375358,59.51758058836637],[37.54383254620959,59.50687301384005],[37.529555780174704,59.49021678680039],[37.51052009212815,59.475940020764966],[37.47720763804661,59.477129751267086],[37.472448716034236,59.491406517303396],[37.47482817704007,59.50330382233184],[37.499812517601555,59.50211409182883],[37.48910494307576,59.51758058836637],[37.45936168050262,59.52114977987459],[37.43080814843283,59.53542654591001],[37.40463407736878,59.534236815407894],[37.36418324026905,59.533047084904894],[37.351096204737516,59.51996004937336],[37.31897348115854,59.51996004937336],[37.296368601602886,59.54018546792123],[37.26900480003637,59.55089304244844],[37.22379504092506,59.54851358144332],[37.17263662930033,59.543754659431215],[37.15241121075051,59.55327250345454],[37.16906743779114,59.57111846099818],[37.135754983709695,59.57706711351329],[37.110770643148214,59.5806363050215],[37.09292468560501,59.58420549652962],[37.069130075546,59.57944657451752],[37.08221711107842,59.56635953898608],[37.06437115353443,59.555651964459656],[37.016781933418,59.554462233956656],[36.93825972022596,59.554462233956656],[36.87163481206227,59.552082772951536],[36.826425052951755,59.546134120436335],[36.78359475484699,59.53899573742],[36.74671310925644,59.52947789339668],[36.777646102332056,59.51044220535004],[36.770507719314566,59.50330382233184],[36.819286669934264,59.481888673280075],[36.805009903899375,59.46285298523343],[36.82999424446005,59.42240214813414],[36.84784020200405,59.4033664600875],[36.88948076960635,59.385520502543855],[36.90137807463541,59.36053616198113],[36.88472184759469,59.34387993494147],[36.835942896974984,59.330792899408166],[36.8633066985423,59.315326402871506],[36.9156548406703,59.311757211361524],[36.93706998972269,59.29985990633308],[37.01440247241217,59.29629071482486],[37.039386812973746,59.28915233180666],[37.07150953655183,59.28320367929156],[37.028679238447154,59.27011664376002],[37.000125706377275,59.2677371827549],[37.000125706377275,59.242752842193156],[37.0310586994529,59.232045267666734],[37.05604304001438,59.19992254408865]]]]}},{"type":"Feature","properties":{"kind":"district","id":"uyezd-1897-647","name":"Устюженский","provinceId":"gubernia-1897-74"},"geometry":{"type":"MultiPolygon","coordinates":[[[[35.33943328466856,59.89412294852447],[35.33943328466856,59.862000224944516],[35.32634624913596,59.83106723186846],[35.2977927170659,59.787047203261835],[35.20023481582731,59.784667742255834],[35.14550721269295,59.78228828125062],[35.0967282620736,59.76444232370609],[35.04913904195673,59.74659636616157],[35.01820604888111,59.720422295097706],[34.97418602027298,59.714473642583485],[34.93730437468306,59.704955798560164],[34.93016599166557,59.67164334447898],[34.91350976462431,59.65855630894656],[34.86592054450815,59.63357196838481],[34.83855674294057,59.61572601084205],[34.810003210871315,59.61691574134515],[34.81119294137379,59.60382870581175],[34.82546970740877,59.59669032279453],[34.812382671876875,59.58717247877209],[34.80167509735064,59.58360328726211],[34.782639409303734,59.57527517374179],[34.76003452974888,59.57289571273667],[34.74813722471937,59.57289571273667],[34.72910153667246,59.58598274826909],[34.72077342315268,59.564567599216346],[34.6874609690707,59.54672164167182],[34.68032258605321,59.52649622312218],[34.65057932348006,59.51816810960186],[34.62083606090763,59.51340918759073],[34.58871333732892,59.52173730111096],[34.544693308720795,59.50983999608252],[34.46379163452265,59.51935784010495],[34.45070459899094,59.5050810740713],[34.425720258429635,59.49913242155522],[34.428099719435195,59.486045386023775],[34.45070459899094,59.481286464012555],[34.44118675496699,59.471768619989234],[34.395976995856486,59.46344050646803],[34.384079690827065,59.45749185395381],[34.38764888233581,59.43607670490107],[34.43166891094394,59.41942047786141],[34.42928944993838,59.4087129033342],[34.416202414405774,59.394436137299664],[34.43880729396143,59.38253883227113],[34.4923451665927,59.3658826052297],[34.56491872727008,59.34922637818818],[34.599420911855155,59.33970853416574],[34.61012848638139,59.3254317681312],[34.63749228794826,59.31472419360399],[34.67080474203016,59.28973985304215],[34.705306926614426,59.29330904455125],[34.72196315365497,59.28141173952281],[34.76241399075444,59.27903227851671],[34.7909675228244,59.26237605147528],[34.79929563634508,59.237391710914416],[34.782639409303734,59.22549440588588],[34.79334698383006,59.21240737035258],[34.85521296998191,59.20883817884445],[34.86354108350179,59.19813060431902],[34.876628119034386,59.183853838282616],[34.84569512595806,59.175525724763276],[34.82784916841504,59.16481815023597],[34.81357240238006,59.162438689231735],[34.80167509735064,59.148161923195424],[34.810003210871315,59.12436731313757],[34.7850188703101,59.11484946911425],[34.798105905841894,59.102952164084826],[34.83379782092944,59.089865128553384],[34.849264317466805,59.07558836251884],[34.84569512595806,59.06488078799154],[34.86386911619204,59.048327377166984],[34.8686280382037,59.03643007213854],[34.862679385689574,59.023343036607],[34.84483342814558,59.01382519258368],[34.85197181116298,58.99954842654737],[34.87100749920953,58.99478950453704],[34.89480210926766,58.982892199507624],[34.90669941429681,58.965046241964075],[34.92454537184089,58.94720028441955],[34.95071944290485,58.94482082341434],[34.99473947151289,58.94601055391743],[35.018534081571104,58.94125163190435],[35.051846535652544,58.95076947592767],[35.08277952872896,58.93887217089923],[35.11609198281041,58.92697486586981],[35.144645514880196,58.91745702184649],[35.16249147242428,58.901990525308065],[35.14940443689186,58.898421333799845],[35.12323036582781,58.894852142291725],[35.12323036582781,58.8746267237411],[35.136317401359435,58.84726292217512],[35.16130174192101,58.84369373066691],[35.213649884049005,58.82822723412848],[35.211270423043175,58.79372504954331],[35.221977997569766,58.76874070898245],[35.24696233813117,58.733048793894376],[35.27194667869194,58.71639256685374],[35.27194667869194,58.69854660931108],[35.243393146622154,58.68426984327468],[35.22316772807224,58.68902876528776],[35.221977997569766,58.7021158008192],[35.186286082482496,58.71639256685374],[35.1303687488453,58.7021158008192],[35.145835245382756,58.68902876528776],[35.15178389789769,58.664044424725915],[35.18033742996747,58.662854694222915],[35.195803926505725,58.658095772210814],[35.16606066393267,58.647388197684485],[35.13155847934786,58.63073197064474],[35.0922973727522,58.63549089265507],[35.08040006772313,58.664044424725915],[35.04351842213249,58.64143954517115],[35.07207195420237,58.63430116215295],[35.04113896112666,58.611696282598096],[35.016154620565274,58.586711942036345],[35.053036266155814,58.56172760147548],[35.0744514152082,58.55696867946338],[35.09110764224893,58.55102002694818],[35.06374384068161,58.529604877897306],[35.10776386928965,58.506999998340675],[35.13750713186279,58.515328111861876],[35.169629855441684,58.508189728843675],[35.175578507955905,58.50224107632857],[35.22673691958134,58.48320538828193],[35.22316772807224,58.46297996973406],[35.23744449410793,58.45227239520773],[35.245772607627984,58.429667515651104],[35.25172126014283,58.41182155810746],[35.300500210761726,58.40587290559324],[35.31477697679671,58.39873452257602],[35.30882832428249,58.38088856503149],[35.355227813896356,58.39635506156992],[35.402817034012784,58.3880269480496],[35.43256029658584,58.3880269480496],[35.488477630222945,58.39992425307813],[35.54677442486516,58.41301128861144],[35.57651768743831,58.41658048011956],[35.57651768743831,58.423718863137765],[35.558671729895025,58.426098324142885],[35.562240921403415,58.44156482068141],[35.57294849592992,58.436805898669306],[35.58960472297073,58.440375090177426],[35.60745068051392,58.44156482068141],[35.63124529057214,58.430857246154105],[35.66217828364856,58.434426437664094],[35.67764478018601,58.44989293420075],[35.69311127672417,58.453462125710736],[35.719285347788215,58.45227239520773],[35.747838879858,58.453462125710736],[35.747838879858,58.47606700526559],[35.75616699337876,58.49153350180402],[35.73594157482894,58.503430806832554],[35.73356211382311,58.520087033873985],[35.747838879858,58.53555353041064],[35.76211564589298,58.54507137443396],[35.75854645438459,58.5236562253822],[35.78709998645438,58.5236562253822],[35.82636109305085,58.52603568638732],[35.84539678109731,58.53079460839854],[35.88227842668795,58.53198433890252],[35.89060654020791,58.520087033873985],[35.917970341775224,58.52722541689032],[35.95128279585667,58.520087033873985],[35.97031848390323,58.518897303370096],[35.96318010088582,58.508189728843675],[35.96555956189165,58.49272323230525],[35.99768228547054,58.49034377130101],[36.00363093798476,58.47844646627071],[36.033374200557816,58.47725673576771],[36.057168810616034,58.47963619677371],[36.10475803073237,58.4820156577807],[36.14163967632301,58.48558484928891],[36.17852132191355,58.498671884820354],[36.19874674046338,58.49034377130101],[36.218972159012495,58.47963619677371],[36.258233265608865,58.4820156577807],[36.29154571969032,58.495102693312234],[36.30463275522274,58.49272323230525],[36.32842736528086,58.48439511878591],[36.35579116684826,58.49391296280923],[36.373637124391465,58.506999998340675],[36.37125766338572,58.5224664948792],[36.385534429420524,58.5236562253822],[36.397431734449675,58.514138381358876],[36.420036614005326,58.517707572866996],[36.43550311054358,58.49748215431735],[36.45929772060171,58.49748215431735],[36.47714367814499,58.509379459346775],[36.49498963568898,58.511758920351895],[36.515215054238894,58.52722541689032],[36.52830208977052,58.54983029644518],[36.547337777816985,58.57005571499482],[36.578270770892686,58.57600436751002],[36.596116728436684,58.584332481030245],[36.58659888441345,58.598609247064786],[36.59135780642502,58.61764493511143],[36.600875650448344,58.62359358762663],[36.61277295547741,58.64381900617627],[36.62942918251813,58.67356226874924],[36.63894702654145,58.68902876528776],[36.65322379257634,58.69854660931108],[36.68058759414366,58.69854660931108],[36.70081301269349,58.69259795679588],[36.71984870074004,58.70330553132132],[36.73769465828332,58.71639256685374],[36.753161154821484,58.70568499232742],[36.7769557648797,58.7092541838374],[36.78171468689136,58.71996175836284],[36.79837091393208,58.735428254900384],[36.80669902745275,58.76517151747335],[36.80550929694957,58.77587909200065],[36.77457630387387,58.78182774451399],[36.78766333940629,58.80324289356663],[36.80431956644701,58.80324289356663],[36.81026821896114,58.816329929098174],[36.8328730985168,58.827037503625476],[36.86261636108995,58.82822723412848],[36.91377477271547,58.830606695133596],[36.96255372333437,58.824658042620264],[37.00657375194241,58.82822723412848],[37.04345539753296,58.830606695133596],[37.05178351105292,58.84607319167212],[37.06487054658534,58.84607319167212],[37.074388390608576,58.85678076619844],[37.09699327016423,58.85678076619844],[37.108890575193385,58.85202184418634],[37.135064646257334,58.853740343801306],[37.118408419216614,58.87158630134583],[37.11483922770751,58.88229387587215],[37.09699327016423,58.90370902492391],[37.068439738093645,58.90251929442091],[37.04583485853879,58.90727821643213],[37.04583485853879,58.916796060455454],[37.05892189407041,58.93940094001208],[37.03988620602386,58.96200581956694],[37.01014294345151,58.98104150761358],[36.98396887238667,59.001266926163225],[36.98872779439833,59.02625126672498],[36.964933184340204,59.03219991923831],[36.944707765791094,59.03814857175439],[36.91853369472713,59.061943181811365],[36.93637965227033,59.07146102583469],[36.95065641830522,59.08930698337922],[36.9720715673576,59.09882482740254],[37.00895321294824,59.10239401891066],[37.02798890099471,59.10715294092276],[37.03274782300637,59.11786051544918],[37.05773216356785,59.1202399764543],[37.08509596513517,59.11072213243098],[37.113649497205046,59.10120428840766],[37.1433927597773,59.10596321042065],[37.15766952581308,59.1226194374603],[37.17789494436211,59.13213728148362],[37.21001766794099,59.13094755098062],[37.21715605095848,59.14046539500394],[37.21120739844355,59.152362700034246],[37.23738146950839,59.157121622045466],[37.23976093051422,59.16544973556579],[37.223104703472615,59.16544973556579],[37.223104703472615,59.17377784908513],[37.23738146950839,59.17972650160023],[37.24214039151997,59.19757245914387],[37.26950419308648,59.19995192014997],[37.276642576103974,59.18924434562355],[37.300437186162185,59.17972650160023],[37.32185233521528,59.18329569310845],[37.37063128583418,59.18686488461843],[37.39918481790485,59.19876218964687],[37.36468263332005,59.21779787769351],[37.3278009877295,59.227315721716835],[37.30757556917959,59.22136706920173],[37.304006377671286,59.236833565740156],[37.280211767613075,59.236833565740156],[37.261176079566525,59.227315721716835],[37.21953551196431,59.2201773387005],[37.18979224939117,59.2201773387005],[37.15053114279479,59.22255679970473],[37.125546802234105,59.21779787769351],[37.11245976670168,59.20352111165907],[37.09342407865522,59.20709030316719],[37.072008929602745,59.20828003367019],[37.05604304001438,59.19992254408865],[37.05961223152277,59.167799820510474],[37.029868968950424,59.164230629000485],[36.995366784365615,59.14400521045084],[36.93350079821438,59.146384671457824],[36.8740142730681,59.146384671457824],[36.846650471500865,59.14281547994774],[36.800250981887714,59.13567709693052],[36.7550412227764,59.13329763592442],[36.71102119416916,59.14043601894262],[36.694364967128436,59.147574401960824],[36.68841631461342,59.16898955101259],[36.681277931596014,59.19516362207743],[36.606324909912274,59.21181984911709],[36.58253029985415,59.20468146610075],[36.534941079737806,59.21181984911709],[36.532561618731975,59.22371715414651],[36.50281835615883,59.230855537163734],[36.47426482408905,59.22133769314041],[36.454039405539135,59.22133769314041],[36.448090753025,59.242752842193156],[36.42786533447518,59.25108095571338],[36.43024479548101,59.26892691325791],[36.41239883793693,59.27963448778334],[36.390983688884546,59.27487556577124],[36.368378809329684,59.2665474522519],[36.33506635524744,59.2605987997367],[36.304133362171825,59.25702960822858],[36.28747713513101,59.26416799124492],[36.26130306406706,59.27487556577124],[36.233939262499746,59.27606529627522],[36.21609330495646,59.27011664376002],[36.18753977288587,59.27725502677822],[36.155417049307786,59.27963448778334],[36.153037588301956,59.29391125381788],[36.16017597131936,59.305808558848184],[36.20062680841829,59.326033977397834],[36.22442141847651,59.34625939594757],[36.21847276596229,59.36291562298723],[36.2565441420554,59.37243346701055],[36.22799060998561,59.378382119525654],[36.19229869489753,59.38195131103387],[36.16493489333102,59.386710233045974],[36.13519163075787,59.37957185002777],[36.12329432572881,59.391469155057194],[36.113776481705486,59.393848616064176],[36.12091486472298,59.40931511260074],[36.10663809868809,59.40812538209774],[36.084033219132344,59.400986999080516],[36.06618726158915,59.39265888556108],[36.042392651530136,59.39265888556108],[36.02216723298111,59.384330772040855],[35.995993161917156,59.384330772040855],[35.97338828236141,59.38076158053077],[35.95554232481733,59.384330772040855],[35.937696367274135,59.38076158053077],[35.931747714759204,59.391469155057194],[35.90557364369525,59.39265888556108],[35.8936763386661,59.4033664600875],[35.934127175765035,59.40693565159562],[35.94126555878243,59.417643226121946],[35.91985040973005,59.41883295662406],[35.89486606916937,59.42478160913926],[35.87107145911044,59.42954053115048],[35.84013846603474,59.42359187863714],[35.8484665795555,59.43548918366558],[35.83656927452644,59.4402481056768],[35.81872331698244,59.4378686446707],[35.81277466446822,59.44619675819191],[35.82467196949737,59.45928379372344],[35.8448973880464,59.475940020764966],[35.8448973880464,59.51163193585127],[35.84013846603474,59.533047084904894],[35.79849789843253,59.55089304244844],[35.761616252842785,59.56279034747786],[35.75209840881955,59.58777468803784],[35.74971894781372,59.60443091507936],[35.74258056479623,59.640122830167435],[35.74139083429296,59.68176339776893],[35.74971894781372,59.71388612134702],[35.74971894781372,59.74481911442308],[35.74971894781372,59.76385480246972],[35.76994436636274,59.784080221020346],[35.756857330831124,59.795977526049676],[35.74852921731036,59.81263375308933],[35.716406493731384,59.81382348359331],[35.68666323115913,59.81977213610665],[35.68904269216487,59.83404890214296],[35.66167889059764,59.83999755465629],[35.576018294388106,59.847135937674494],[35.55579287583828,59.83404890214296],[35.52485988276267,59.82810024962785],[35.4713220101313,59.84475647666751],[35.464183627113904,59.856653781697815],[35.44633766956982,59.861412703709036],[35.42373279001497,59.859033242702935],[35.383281952915226,59.87806893074958],[35.36067707336038,59.8887765052759],[35.33943328466856,59.89412294852447]]]]}},{"type":"Feature","properties":{"kind":"district","id":"uyezd-1897-648","name":"Крестецкий","provinceId":"gubernia-1897-74"},"geometry":{"type":"MultiPolygon","coordinates":[[[[32.15832506550727,59.28996284162805],[32.16393424815967,59.27749799128924],[32.14846775162151,59.26798014726592],[32.111586106031666,59.266790416762916],[32.11872448904916,59.23466769318474],[32.1175347585458,59.21801146614322],[32.144898560113205,59.20492443061089],[32.1698829006746,59.2156320051381],[32.18296993620622,59.20968335262299],[32.15917532614801,59.196596317091455],[32.11277583653414,59.181129820553025],[32.069945538429465,59.187078473068134],[32.05328931138874,59.1692325155245],[32.080653112955254,59.15733521049516],[32.0580482334004,59.11331518188668],[32.035443353844656,59.07167461428527],[32.01402820479236,59.04669027372255],[31.933126530594485,59.02051620265868],[31.867691352934152,58.99791132310382],[31.8486556648868,58.974116713045966],[31.8522248563959,58.93366587594667],[31.86293243092249,58.91819937940815],[31.91409084254722,58.93961452846089],[31.95216221864104,58.946752911478114],[31.984284942219215,58.92771722343147],[32.02354604881559,58.90630207437971],[32.04496119786798,58.878938272811865],[32.04258173686215,58.8515744712449],[32.01640766579819,58.83253878319826],[31.987854133728316,58.83491824420525],[31.928367608582114,58.84205662722158],[31.886727040980617,58.836107974708256],[31.861742700419132,58.81945174766682],[31.84508647337841,58.81707228666072],[31.831999437846076,58.80517498163228],[31.831999437846076,58.795657137608956],[31.817722671811094,58.78257010207565],[31.79630752275871,58.78732902408864],[31.732062075601647,58.79922632911708],[31.69161123850191,58.78732902408864],[31.671385819952885,58.77305225805233],[31.664247436935394,58.75282683950259],[31.630934982853947,58.74449872598237],[31.60000198977753,58.73141169045083],[31.617847947321614,58.71713492441629],[31.63212471335642,58.723083576929625],[31.659488514923822,58.730221959947826],[31.666626897941224,58.71713492441629],[31.65353986240889,58.70285815838086],[31.65353986240889,58.67549435681302],[31.63450417436225,58.64099217222972],[31.63450417436225,58.62076675368007],[31.64759120989467,58.61124890965675],[31.69042150799944,58.61243864015976],[31.70469827403433,58.638612711222734],[31.780841026221346,58.632664058708514],[31.780841026221346,58.61005917915375],[31.80106644477037,58.61124890965675],[31.871260544442364,58.61243864015976],[31.892675693494837,58.61005917915375],[31.891485962992277,58.60054133513043],[31.920039495062063,58.588644030101904],[31.95811087115517,58.58388510808891],[31.978336289705084,58.607679718148546],[32.01878712680402,58.60411052663855],[32.03068443183308,58.576746725071686],[32.04615092837125,58.557711037025044],[32.04972011987964,58.522019121938655],[32.040202275856316,58.50893208640534],[32.0092692827807,58.51844993042866],[31.979526020207555,58.52558831344598],[31.9569211406527,58.504173164394125],[31.91290111204466,58.500603972886],[31.86531189192832,58.48275801534236],[31.830809707343516,58.48513747634748],[31.786789678735477,58.491086128862676],[31.7475285721391,58.483947745844475],[31.74039018912161,58.46253259679271],[31.720164770572584,58.46253259679271],[31.6987496215202,58.44587636975119],[31.69993935202267,58.422081759693334],[31.613089025309954,58.339990354991656],[31.691892917761294,58.22544495268174],[31.712118336311207,58.16476869703369],[31.72520537184354,58.13502543446063],[31.760897286930817,58.12907678194553],[31.800158393527283,58.13026651244853],[31.840609230626132,58.13264597345365],[31.88938818124583,58.12550759043731],[31.9286492878415,58.12312812943033],[31.97742823846111,58.092195136354356],[32.00360230952515,58.07553890931372],[32.048812068636465,58.07553890931372],[32.055950451653956,58.05888268227406],[32.085693714226295,58.06840052629738],[32.09528447487143,58.07056618192716],[32.122575359816935,58.0767286398177],[32.1416110478634,58.06126214327927],[32.21299487803876,58.04936483825074],[32.218943530552885,58.019621575677775],[32.2915170912308,58.013672923162666],[32.31055277927735,57.947048015000306],[32.35338307738212,57.96251451153696],[32.36052146040032,57.954186398016645],[32.39978256699599,57.95894532002786],[32.44737178711304,57.95894532002786],[32.48187397169704,57.944668553993324],[32.53303238332258,57.97560154706938],[32.587759986456405,57.98036046908149],[32.64248758959094,57.98036046908149],[32.62464163204695,58.00177561813325],[32.64843624210516,58.004155079139345],[32.67878001917235,58.01243065470365],[32.70078438423397,58.018431845174774],[32.753132526361966,58.022001036682894],[32.774547675414354,58.03270861120931],[32.751942795858696,58.04341618573564],[32.8042909379874,58.06007241277618],[32.811429321004894,58.0779183703207],[32.816188243016555,58.098143788870445],[32.845931505589704,58.110041093898886],[32.8602082716246,58.095764327864345],[32.88995153419694,58.087436214344024],[32.899469378220175,58.082677292331034],[32.933971562804985,58.08386702283404],[32.98512997443042,58.088625944847124],[32.97918132191549,58.102902710880684],[33.004165662477064,58.110041093898886],[33.006545123482894,58.12312812943033],[33.03390892505012,58.14573300898705],[33.07792895365816,58.14573300898705],[33.102913294218844,58.15049193099729],[33.15050251433527,58.14811246999217],[33.17548685489676,58.16000977502061],[33.18262523791416,58.18856330709146],[33.16953820238254,58.20521953413298],[33.17310739389093,58.21830656966354],[33.15764089735276,58.23972171871628],[33.14217440081531,58.268275250786246],[33.15407170584437,58.30634662687953],[33.21950688350479,58.30991581838951],[33.254009068089516,58.29563905235409],[33.30159828820594,58.31229527939463],[33.322595281711955,58.331360524835915],[33.288093097127245,58.348016751877346],[33.26905740908069,58.35634486539766],[33.27381633109226,58.36824217042708],[33.29880067165384,58.37419082294219],[33.33925150875277,58.37419082294219],[33.37970234585162,58.36348324841586],[33.42967102697459,58.35039621288256],[33.4606040200503,58.36705243992399],[33.43918887099791,58.38132920595942],[33.42967102697459,58.396795702497045],[33.443947793009485,58.41345192953759],[33.446327254015316,58.4229697735618],[33.467742403067696,58.424159504063915],[33.480829438599315,58.44319519211056],[33.471311594575994,58.45152330563177],[33.47726024709102,58.46580007166541],[33.507003509664074,58.475317915688734],[33.52603919771063,58.46580007166541],[33.53912623324225,58.4693692631754],[33.53793650273978,58.47888710719872],[33.54983380776884,58.488404951222044],[33.5581619212888,58.5050611782617],[33.54626461625974,58.5110098307769],[33.53793650273978,58.52171740530322],[33.53436731123068,58.53242497982955],[33.507003509664074,58.54432228485799],[33.46298348105613,58.55384012888131],[33.440378601500385,58.559788781396506],[33.4225326439571,58.57406554743105],[33.39992776440144,58.59310123547769],[33.37851261534915,58.61689584553555],[33.36542557981673,58.62879315056577],[33.327354203723615,58.65139803012062],[33.23336549399341,58.662105604646946],[33.22860657198175,58.68233102319668],[33.170309777338815,58.69779751973511],[33.169120046836255,58.73348943482141],[33.125100018228224,58.74181754834173],[33.09535675565516,58.74538673985172],[33.07275187609942,58.75133539236505],[33.04181888302381,58.74776620085684],[33.02992157799474,58.74062781783873],[33.007316698439084,58.74776620085684],[32.977573435866745,58.74419700934871],[32.96686586134015,58.746576470354725],[32.95853774782019,58.76204296689137],[32.96448640033432,58.78464784644801],[32.96448640033432,58.802493803991645],[32.972814513855084,58.81558083952318],[32.968055591843424,58.83818571907794],[32.97900796688481,58.84121145344305],[32.96116200934108,58.86619579400489],[32.945695512802914,58.87571363802821],[32.89691656218357,58.88642121255542],[32.87431168262792,58.88285202104632],[32.8624143775985,58.87571363802821],[32.86717329961043,58.855488219479454],[32.880260335142225,58.84240118394605],[32.89572683168039,58.83288333992371],[32.87431168262792,58.82693468740949],[32.83505057603172,58.82693468740949],[32.804117582956096,58.83645253143183],[32.754148901833574,58.83883199243793],[32.71607752574056,58.84478064495215],[32.678006149646734,58.863816332999676],[32.70418022071114,58.89593905657786],[32.67205749713243,58.92687204965294],[32.614950432992416,58.9197336666366],[32.570930404384285,58.90426717009817],[32.526910375776865,58.9161644751275],[32.48289034716874,58.90188770909208],[32.46147519811627,58.92211312764172],[32.446008701578904,58.939959085186246],[32.46266492861936,58.96494342574623],[32.453147084596395,58.97803046127865],[32.44124977956689,58.99111749681195],[32.44362924057245,59.01491210686893],[32.43292166604621,59.019671028881916],[32.38771190693571,59.0410861779328],[32.41626543900567,59.0541732134661],[32.47694169465443,59.072019171008854],[32.49121846068941,59.076778093021844],[32.50073630471247,59.0910548590555],[32.54832552482943,59.093434320061505],[32.57449959589303,59.101762433581825],[32.570930404384285,59.11247000810913],[32.56022282985805,59.12317758263456],[32.526910375776865,59.12317758263456],[32.4924081911918,59.12674677414269],[32.46980331163685,59.13388515716177],[32.417455169508855,59.13626461816601],[32.39366055945001,59.13983380967599],[32.3615378358713,59.15886949772175],[32.330604842795694,59.173146263757175],[32.307999963240036,59.185043568785616],[32.29610265821142,59.19694087381592],[32.30324104122891,59.20288952633014],[32.336553495310085,59.20169979582714],[32.3615378358713,59.20288952633014],[32.380573523918216,59.19813060431902],[32.40198867297069,59.19694087381592],[32.42935247453747,59.185043568785616],[32.46623412012811,59.1886127602957],[32.4924081911918,59.1886127602957],[32.50906441823314,59.185043568785616],[32.51739253175302,59.19694087381592],[32.51501307074754,59.20883817884445],[32.49954657420929,59.22668413638898],[32.480510886163174,59.227873866891095],[32.45671627610514,59.2290635973941],[32.43054220504065,59.23858144141742],[32.40436813397625,59.250478746446746],[32.366296757883234,59.26951443449251],[32.34131241732193,59.27308362600249],[32.30205131072573,59.268324703991276],[32.28658481418756,59.27427335650559],[32.29610265821142,59.28617066153403],[32.293723197205054,59.300447427568564],[32.28301562267882,59.30401661907855],[32.26516966513509,59.30401661907855],[32.25684155161522,59.29687823606124],[32.23542640256265,59.28260147002581],[32.20806260099508,59.2778425480146],[32.190216643452146,59.28141173952281],[32.15832506550727,59.28996284162805]]]]}},{"type":"Feature","properties":{"kind":"district","id":"uyezd-1897-649","name":"Валдайский","provinceId":"gubernia-1897-74"},"geometry":{"type":"MultiPolygon","coordinates":[[[[33.322595281711955,58.331360524835915],[33.30159828820594,58.31229527939463],[33.254009068089516,58.29563905235409],[33.21950688350479,58.30991581838951],[33.15407170584437,58.30634662687953],[33.14217440081531,58.268275250786246],[33.15764089735276,58.23972171871628],[33.17310739389093,58.21830656966354],[33.16953820238254,58.20521953413298],[33.18262523791416,58.18856330709146],[33.17548685489676,58.16000977502061],[33.15050251433527,58.14811246999217],[33.102913294218844,58.15049193099729],[33.07792895365816,58.14573300898705],[33.03390892505012,58.14573300898705],[33.006545123482894,58.12312812943033],[33.004165662477064,58.110041093898886],[32.97918132191549,58.102902710880684],[32.98512997443042,58.088625944847124],[32.933971562804985,58.08386702283404],[32.899469378220175,58.082677292331034],[32.88995153419694,58.087436214344024],[32.8602082716246,58.095764327864345],[32.845931505589704,58.110041093898886],[32.816188243016555,58.098143788870445],[32.811429321004894,58.0779183703207],[32.8042909379874,58.06007241277618],[32.751942795858696,58.04341618573564],[32.774547675414354,58.03270861120931],[32.753132526361966,58.022001036682894],[32.70078438423397,58.018431845174774],[32.67878001917235,58.01243065470365],[32.6905468266967,57.997839225851706],[32.67270086915262,57.982372729315145],[32.70006467071994,57.982372729315145],[32.73456685530394,57.985941920823265],[32.782156075421085,57.979993268309045],[32.80476095497593,57.979993268309045],[32.801191763467635,57.9609575802624],[32.816658260005084,57.94668081422698],[32.797622571958534,57.93478350919756],[32.789294458438576,57.91931701266091],[32.802381493970195,57.912178629642796],[32.83450421754908,57.89314294159615],[32.86305774961896,57.87291752304553],[32.90350858671789,57.85031264349077],[32.952287537337504,57.838415338461346],[33.003445948963034,57.821759111421684],[33.0153432539921,57.80629261488317],[33.02724055902125,57.79082611834474],[33.02962002002708,57.769410969292],[33.04151732505614,57.747995820240234],[33.03318921153609,57.7301498626966],[33.03080975053026,57.71111417464907],[33.02724055902125,57.69445794760853],[33.005825409968864,57.68731956459219],[33.005825409968864,57.673042798555784],[33.014153523489625,57.65757630201913],[32.99987675745385,57.6468687274928],[32.98678972192222,57.624263847937954],[32.99273837443644,57.609987081902524],[33.01772271499793,57.609987081902524],[33.02129190650703,57.593330854861094],[33.01058433198044,57.58381301083777],[32.982030799910646,57.58024381932955],[32.961805381360826,57.56953624480323],[32.954666998343335,57.536223790721166],[32.977271877898986,57.515998372171424],[32.99868702695137,57.48982430110845],[33.02010217600376,57.473168074066926],[33.05103516907937,57.455322116522396],[33.0712605876292,57.443424811493955],[33.0676913961201,57.42795831495553],[33.06055301310269,57.41130208791587],[33.02724055902125,57.40416370489767],[33.016532984495456,57.42200966244219],[33.00939460147717,57.41725074042911],[33.02367136751286,57.39345613037223],[33.011774062483795,57.38750747785615],[33.02248163700959,57.363712867799265],[33.05460436058847,57.34110798824254],[33.0676913961201,57.3327798747232],[33.084347623160824,57.3220723001959],[33.102193580704906,57.3220723001959],[33.115280616237236,57.35300529327285],[33.13193684327805,57.368471789809504],[33.1545417228329,57.377989633832826],[33.158110914342004,57.39345613037223],[33.162869836353664,57.40178424389255],[33.18785417691515,57.40297397439555],[33.21878716999076,57.40892262690889],[33.23306393602566,57.40178424389255],[33.248530432563115,57.40654316590368],[33.273514773124596,57.40059451338857],[33.2663763901072,57.39345613037223],[33.28422234765119,57.39345613037223],[33.30325803569774,57.38631774735403],[33.327052645755955,57.37442044232559],[33.34846779480834,57.37442044232559],[33.35917536933484,57.38750747785615],[33.35679590832901,57.39464586087435],[33.33538075927592,57.39464586087435],[33.324673184750125,57.40297397439555],[33.33894995078502,57.416061009927],[33.36274456084323,57.42319939294431],[33.39129809291302,57.41725074042911],[33.4269900080011,57.40059451338857],[33.44483596554438,57.39702532187947],[33.475768958619994,57.40892262690889],[33.49004572465489,57.40416370489767],[33.509081412702244,57.375610172827706],[33.52335817873713,57.368471789809504],[33.57213712935683,57.37204098131949],[33.61615715796407,57.375610172827706],[33.669695030595435,57.38869720835915],[33.73513020825577,57.40297397439555],[33.75773508781142,57.42081993193919],[33.78747835038385,57.455322116522396],[33.824359995974405,57.457701577528496],[33.858862180559115,57.47197834356392],[33.8945540956464,57.47911672658212],[33.91358978369304,57.5064805281481],[33.9326254717395,57.50885998915509],[33.95879954280355,57.52075729418353],[33.986163344370866,57.52908540770474],[33.979024961353375,57.539792982230175],[33.95879954280355,57.55288001776171],[33.95879954280355,57.58500274134077],[34.000440110405755,57.58143354983256],[34.04446013901379,57.594520585364094],[34.09918774214762,57.61474600391463],[34.11584396918835,57.619504925925845],[34.08491097611273,57.66233522403034],[34.09680828114179,57.66709414604245],[34.1313104657266,57.624263847937954],[34.15034615377316,57.619504925925845],[34.164622919808046,57.602848698884415],[34.18960726036944,57.606417890392535],[34.22410944495425,57.596900046369214],[34.2431451330008,57.602848698884415],[34.21578133143349,57.64448926648582],[34.20269429590107,57.669473607047664],[34.183658607854596,57.677801720568866],[34.17295103332881,57.692078486602426],[34.158674267293826,57.70635525263883],[34.18603806886043,57.71944228817027],[34.201504565398594,57.73252932370181],[34.18841752986626,57.750375281245354],[34.20269429590107,57.761082855771775],[34.23719648048587,57.761082855771775],[34.24671432450919,57.77298016080208],[34.27407812607642,57.7836877353284],[34.29668300563216,57.79677477085985],[34.32166734619285,57.79915423186506],[34.32523653770195,57.8181899199117],[34.318098154684456,57.821759111421684],[34.291924083619705,57.839605068964346],[34.27407812607642,57.84912291298767],[34.27883704808808,57.86696887053131],[34.287165161608044,57.88719428908095],[34.26931920406484,57.90147105511549],[34.23481701948013,57.918127282157016],[34.27169866507059,57.92288620416912],[34.31452896317545,57.93121431768846],[34.34903114776016,57.914558090648804],[34.40613821189982,57.92169647366612],[34.42517389994637,57.90979916863759],[34.46324527604028,57.92288620416912],[34.50964476565335,57.920506743162136],[34.4941782691159,57.93954243120878],[34.48228096408675,57.96571650227362],[34.47633231157191,57.996649495348706],[34.49655773012173,58.00854680037813],[34.492100366077736,58.03154843810174],[34.481392791551144,58.05177385665138],[34.486151713562805,58.07080954469802],[34.509946323621016,58.086276041235564],[34.54206904719999,58.101742537774086],[34.550397160720664,58.118398764815524],[34.53968958619416,58.13267553084917],[34.52660255066254,58.1445728358785],[34.523033359153345,58.1552804104058],[34.502807940603525,58.16717771543513],[34.48496198306033,58.174316098452444],[34.47306467803118,58.1481420273876],[34.45283925948135,58.13386526135217],[34.44213168495556,58.1481420273876],[34.4338035714348,58.16479825442912],[34.42428572741157,58.162418793422134],[34.41595761389081,58.14933175789069],[34.405250039365015,58.14695229688549],[34.3885938123242,58.1552804104058],[34.368368393774375,58.16360852392514],[34.31126132963472,58.16598798493213],[34.2838975280674,58.177885289960656],[34.199426662360516,58.181454481468776],[34.15659636425575,58.189782594989985],[34.11971471866511,58.20049016951542],[34.09473037810372,58.205249091528415],[34.08045361206874,58.1981107085103],[34.07807415106291,58.17907502046366],[34.053089810502215,58.16717771543513],[34.032864391952394,58.168367445937335],[34.017397895414234,58.168367445937335],[33.986464902338525,58.15647014090881],[33.96148056177704,58.13624472235916],[33.96267029228031,58.12553714783283],[33.97218813630363,58.119588495317636],[33.97932651932112,58.11126038179741],[33.97813678881856,58.096983615762866],[33.96742921429197,58.09103496324767],[33.94839352624542,58.092224693750765],[33.94720379574215,58.11245011229953],[33.93649622121636,58.12672687833584],[33.90913241964904,58.12553714783283],[33.88057888757916,58.118398764815524],[33.85083562500611,58.11126038179741],[33.832989667462826,58.092224693750765],[33.822282092936234,58.07556846670924],[33.835369128468656,58.06724035318982],[33.8163334404221,58.05058412614927],[33.7746928728199,58.05058412614927],[33.75089826276168,58.05058412614927],[33.72710365270275,58.06486089218292],[33.69379119862131,58.0684300836929],[33.673565780072195,58.080327388721344],[33.66047874453986,58.100552807270994],[33.62954575146416,58.101742537774086],[33.6176484464351,58.12434741732885],[33.605751141405946,58.12434741732885],[33.595043566879355,58.11126038179741],[33.58076680084454,58.11363984280253],[33.57243868732449,58.13862418336428],[33.56767976531212,58.17669555945845],[33.55340299927714,58.23261289309538],[33.518900814693225,58.240941006614804],[33.478449977593485,58.245699928626905],[33.447516984517875,58.23142316259148],[33.41182506943059,58.238561545608704],[33.38803045937238,58.2433204676217],[33.37970234585162,58.268304808181675],[33.37018450182839,58.30399672326984],[33.352338544285104,58.318273489304374],[33.322595281711955,58.331360524835915]]]]}},{"type":"Feature","properties":{"kind":"district","id":"uyezd-1897-650","name":"Демянский","provinceId":"gubernia-1897-74"},"geometry":{"type":"MultiPolygon","coordinates":[[[[32.09528447487143,58.07056618192716],[32.11048711038634,58.06221686528803],[32.10929737988307,58.03961198573326],[32.11048711038634,58.01462764517142],[32.081933578315756,58.013437914668415],[32.05456977674923,57.99797141812999],[32.03672381920515,57.98369465209545],[32.160455791508596,57.951571928517275],[32.13309198994128,57.89922378638856],[32.116435762900466,57.867101062809496],[32.13190225943872,57.823081034202886],[32.10096926636311,57.83140914772231],[32.09145142233908,57.81951184269289],[32.1045384578715,57.80999399866957],[32.08907196133325,57.75883558704484],[32.11286657139217,57.75526639553663],[32.086692500327416,57.726712863466666],[32.115246032398,57.71838474994546],[32.10691791887724,57.69221067888061],[32.142609833964514,57.67198526033186],[32.115246032398,57.65294957228433],[32.10215899686567,57.633913884237685],[32.09740007485401,57.61606792669404],[32.09145142233908,57.59108358613416],[32.13428172044455,57.59941169965439],[32.13785091195294,57.58275547261296],[32.11762549340383,57.557771132051116],[32.11048711038634,57.53278679149114],[32.085502769824856,57.51851002545661],[32.0628978902692,57.50661272042639],[32.077174656304095,57.48519757137365],[32.08907196133325,57.468541344333104],[32.05338004624596,57.45783376980668],[31.980806485568053,57.4304699682407],[31.935596726457543,57.412624010697066],[31.838038825218145,57.40191643617074],[31.786880413593416,57.387639670134334],[31.771413917055252,57.388829400637434],[31.782121491581844,57.40429589717586],[31.75475769001453,57.407865088684076],[31.744050115487937,57.4257110462286],[31.70835820040066,57.44593646477824],[31.663148441290062,57.44474673427524],[31.65957924978096,57.42452131572551],[31.677425207325044,57.412624010697066],[31.676235476821685,57.398347244660755],[31.690512242856666,57.388829400637434],[31.695271164869038,57.36503479058046],[31.671476554810024,57.34242991102383],[31.684563590342446,57.31387637895475],[31.685753320845006,57.290081768896],[31.676235476821685,57.27461527235758],[31.682184129336616,57.256769314814825],[31.670286824307553,57.230595243750074],[31.6024721856413,57.21988766922365],[31.575108384074074,57.227026052241854],[31.558452157033262,57.20799036419521],[31.526329433454375,57.1996622506749],[31.539416468986797,57.18776494564557],[31.539416468986797,57.177057371118266],[31.523949972448545,57.16516006609071],[31.5013450928936,57.14017572552896],[31.54536512150164,57.118760576477115],[31.581057036588916,57.1163811154711],[31.60842083815552,57.11995030697923],[31.638164100728577,57.118760576477115],[31.66076898028423,57.1032940799378],[31.690512242856666,57.093776235914476],[31.747619306997038,57.092586505412356],[31.788070144095975,57.09734542742446],[31.81424421516002,57.098535157927465],[31.847556669241467,57.10686327144778],[31.888007506341115,57.11757084597411],[31.897525350364347,57.089017313904144],[31.92013022991929,57.07949946988082],[31.939165917966644,57.108053001950786],[31.96296052802486,57.109242732453794],[31.998652443112135,57.10210434943568],[32.01173947864376,57.108053001950786],[31.998652443112135,57.11757084597411],[32.05456977674923,57.14017572552896],[32.11405630189473,57.16634979659372],[32.155696869496936,57.171108718604046],[32.184250401566814,57.163970335586825],[32.21280393363659,57.18062656262737],[32.241357465706386,57.18300602363347],[32.2722904587828,57.19133413715369],[32.26039315375374,57.20561090318823],[32.24611638771805,57.22583632173787],[32.25087530972971,57.236543896265175],[32.27585965029119,57.243682279281515],[32.307982373870075,57.21869793872154],[32.33415644493412,57.20561090318823],[32.36865862951883,57.21393901671033],[32.39007377857122,57.20918009469822],[32.41148892762361,57.22226713022975],[32.40673000561195,57.23773362676818],[32.43409380717926,57.25438985380784],[32.47216518327237,57.26985635034636],[32.497149523833855,57.28651257738788],[32.536410630429515,57.30316880442754],[32.532841438921125,57.31387637895475],[32.532841438921125,57.329342875491406],[32.57091281501424,57.33053260599441],[32.58162038954083,57.318635300965965],[32.61493284362227,57.323394222978074],[32.64348637569206,57.34837856353894],[32.63396853166883,57.35313748555113],[32.660142602732876,57.36146559907047],[32.667280985750274,57.387639670134334],[32.675609099271036,57.40667535818196],[32.71130101435831,57.407865088684076],[32.72676751089577,57.423331585223394],[32.77911565302456,57.43760835125704],[32.79458214956193,57.45307484779547],[32.82313568163261,57.45188511729336],[32.835032986661666,57.432849429246716],[32.88143247627474,57.44236727327004],[32.92188331337447,57.43998781226402],[32.971851994496646,57.4257110462286],[32.987318491034806,57.399536975163755],[33.011774062483795,57.38750747785615],[33.02367136751286,57.39345613037223],[33.00939460147717,57.41725074042911],[33.016532984495456,57.42200966244219],[33.02724055902125,57.40416370489767],[33.06055301310269,57.41130208791587],[33.0676913961201,57.42795831495553],[33.0712605876292,57.443424811493955],[33.05103516907937,57.455322116522396],[33.02010217600376,57.473168074066926],[32.99868702695137,57.48982430110845],[32.977271877898986,57.515998372171424],[32.954666998343335,57.536223790721166],[32.961805381360826,57.56953624480323],[32.982030799910646,57.58024381932955],[33.01058433198044,57.58381301083777],[33.02129190650703,57.593330854861094],[33.01772271499793,57.609987081902524],[32.99273837443644,57.609987081902524],[32.98678972192222,57.624263847937954],[32.99987675745385,57.6468687274928],[33.014153523489625,57.65757630201913],[33.005825409968864,57.673042798555784],[33.005825409968864,57.68731956459219],[33.02724055902125,57.69445794760853],[33.03080975053026,57.71111417464907],[33.03318921153609,57.7301498626966],[33.04151732505614,57.747995820240234],[33.02962002002708,57.769410969292],[33.02724055902125,57.79082611834474],[33.0153432539921,57.80629261488317],[33.003445948963034,57.821759111421684],[32.952287537337504,57.838415338461346],[32.90350858671789,57.85031264349077],[32.86305774961896,57.87291752304553],[32.83450421754908,57.89314294159615],[32.802381493970195,57.912178629642796],[32.789294458438576,57.91931701266091],[32.797622571958534,57.93478350919756],[32.816658260005084,57.94668081422698],[32.801191763467635,57.9609575802624],[32.80476095497593,57.979993268309045],[32.782156075421085,57.979993268309045],[32.73456685530394,57.985941920823265],[32.70006467071994,57.982372729315145],[32.67270086915262,57.982372729315145],[32.6905468266967,57.997839225851706],[32.67878001917235,58.01243065470365],[32.64843624210516,58.004155079139345],[32.62464163204695,58.00177561813325],[32.64248758959094,57.98036046908149],[32.587759986456405,57.98036046908149],[32.53303238332258,57.97560154706938],[32.48187397169704,57.944668553993324],[32.44737178711304,57.95894532002786],[32.39978256699599,57.95894532002786],[32.36052146040032,57.954186398016645],[32.35338307738212,57.96251451153696],[32.31055277927735,57.947048015000306],[32.2915170912308,58.013672923162666],[32.218943530552885,58.019621575677775],[32.21299487803876,58.04936483825074],[32.1416110478634,58.06126214327927],[32.122575359816935,58.0767286398177],[32.09528447487143,58.07056618192716]]]]}},{"type":"Feature","properties":{"kind":"district","id":"uyezd-1897-651","name":"Старорусский","provinceId":"gubernia-1897-74"},"geometry":{"type":"MultiPolygon","coordinates":[[[[31.613089025309954,58.339990354991656],[31.240703377897333,58.26503733330898],[30.773139290252033,58.22815568771781],[30.731498722649825,58.22577622671269],[30.692237616053358,58.207930269169054],[30.666063544989402,58.20555080816304],[30.632751090907867,58.21149946067638],[30.58873106229983,58.21387892168238],[30.513778040616174,58.187704850619404],[30.44477367144745,58.169858893074874],[30.400753642839412,58.14963347452612],[30.367441188757965,58.14130536100491],[30.343340736722585,58.12500819738579],[30.332633162196792,58.105972509340035],[30.307648821635308,58.09526493481282],[30.26838771503884,58.076229246766175],[30.271956906547942,58.05600382821653],[30.288613133588754,58.038157870673786],[30.292182325097055,58.01793245212325],[30.277905559062162,58.02150164363226],[30.276715828559603,58.014363260615035],[30.25768014051305,58.01198379960894],[30.252921218501477,58.00246595558562],[30.25886987101561,57.98580972854507],[30.21960876441923,57.97629188452175],[30.276715828559603,57.95368700496601],[30.282664481073734,57.93941023893235],[30.300510438617817,57.92632320339905],[30.31121801314432,57.9132361678676],[30.348099658734156,57.90490805434639],[30.388550495833893,57.888251827305766],[30.399258070359686,57.87635452227643],[30.427811602429472,57.878733983282444],[30.434949985446963,57.888251827305766],[30.484918666569932,57.883492905294545],[30.492057049587423,57.870405869763104],[30.488487858078233,57.8596982952358],[30.489677588581593,57.837093415680144],[30.47421109204334,57.806160422604975],[30.438519176956063,57.80021177008986],[30.383791573822233,57.78117608204322],[30.381412112815692,57.75381228047715],[30.345720197728415,57.74905335846505],[30.298130977611986,57.73834578393872],[30.275526098056332,57.709792251868755],[30.276715828559603,57.67766952829058],[30.301700169121087,57.65387491823272],[30.330253701190962,57.649115996220615],[30.356427772254918,57.634839230186074],[30.394499148348025,57.61461381163643],[30.433760254944403,57.58725001006947],[30.46945217003177,57.578921896548266],[30.513472198639718,57.576542435543146],[30.57057926277938,57.565834861016825],[30.63125551842823,57.55512728648952],[30.639583631948902,57.53609159844288],[30.607460908370015,57.51110725788202],[30.619358213399078,57.50634833586991],[30.6360144404398,57.50634833586991],[30.641963092954732,57.493261300338375],[30.62411713541074,57.48612291732026],[30.6360144404398,57.478984534303926],[30.659809050498016,57.477794803799945],[30.666947433515507,57.47065642078361],[30.653860397983884,57.45162073273697],[30.62768632691984,57.459948846257284],[30.619358213399078,57.44686181072397],[30.602701986358355,57.43377477519244],[30.619358213399078,57.43139531418732],[30.63125551842823,57.407600704127596],[30.58604575931763,57.389754746584046],[30.536077078194662,57.36714986702919],[30.463503517517548,57.333837412948014],[30.449226751481856,57.315991455403484],[30.489677588581593,57.313611994398364],[30.53369761718883,57.29695576735684],[30.602701986358355,57.269591965789886],[30.694311235082733,57.27316115729987],[30.769264256766476,57.29457630635172],[30.804956171853753,57.29814549785985],[30.78711021431047,57.27910980981321],[30.7859204838072,57.255315199755344],[30.799007519339533,57.22438220668026],[30.857304313981754,57.185121100083975],[30.89299622906983,57.164895681534325],[30.927498413653748,57.16846487304245],[30.953672484718503,57.164895681534325],[30.973897903267616,57.179172447568774],[30.973897903267616,57.187500561089095],[31.014348740366554,57.20891571014094],[31.05004065545463,57.2362795117087],[31.03814335042548,57.27078169629297],[31.0512303859571,57.2850584623284],[31.0964401450677,57.26840223528688],[31.14997801769897,57.25055627774324],[31.19875696831867,57.25650493025844],[31.245156457932538,57.261263852270545],[31.2534845714525,57.246987086235116],[31.289176486540576,57.239848703216914],[31.315350557604532,57.24103843371992],[31.35580139470347,57.23390005070358],[31.35580139470347,57.22081301517027],[31.398631692808237,57.21129517114695],[31.425995494375552,57.22081301517027],[31.483102558515125,57.20891571014094],[31.497379324550106,57.20891571014094],[31.526329433454375,57.1996622506749],[31.558452157033262,57.20799036419521],[31.575108384074074,57.227026052241854],[31.6024721856413,57.21988766922365],[31.670286824307553,57.230595243750074],[31.682184129336616,57.256769314814825],[31.676235476821685,57.27461527235758],[31.685753320845006,57.290081768896],[31.684563590342446,57.31387637895475],[31.671476554810024,57.34242991102383],[31.695271164869038,57.36503479058046],[31.690512242856666,57.388829400637434],[31.676235476821685,57.398347244660755],[31.677425207325044,57.412624010697066],[31.65957924978096,57.42452131572551],[31.663148441290062,57.44474673427524],[31.70835820040066,57.44593646477824],[31.744050115487937,57.4257110462286],[31.75475769001453,57.407865088684076],[31.782121491581844,57.40429589717586],[31.771413917055252,57.388829400637434],[31.786880413593416,57.387639670134334],[31.838038825218145,57.40191643617074],[31.935596726457543,57.412624010697066],[31.980806485568053,57.4304699682407],[32.05338004624596,57.45783376980668],[32.08907196133325,57.468541344333104],[32.077174656304095,57.48519757137365],[32.0628978902692,57.50661272042639],[32.085502769824856,57.51851002545661],[32.11048711038634,57.53278679149114],[32.11762549340383,57.557771132051116],[32.13785091195294,57.58275547261296],[32.13428172044455,57.59941169965439],[32.09145142233908,57.59108358613416],[32.09740007485401,57.61606792669404],[32.10215899686567,57.633913884237685],[32.115246032398,57.65294957228433],[32.142609833964514,57.67198526033186],[32.10691791887724,57.69221067888061],[32.115246032398,57.71838474994546],[32.086692500327416,57.726712863466666],[32.11286657139217,57.75526639553663],[32.08907196133325,57.75883558704484],[32.1045384578715,57.80999399866957],[32.09145142233908,57.81951184269289],[32.10096926636311,57.83140914772231],[32.13190225943872,57.823081034202886],[32.116435762900466,57.867101062809496],[32.13309198994128,57.89922378638856],[32.160455791508596,57.951571928517275],[32.03672381920515,57.98369465209545],[32.05456977674923,57.99797141812999],[32.081933578315756,58.013437914668415],[32.11048711038634,58.01462764517142],[32.10929737988307,58.03961198573326],[32.11048711038634,58.06221686528803],[32.09528447487143,58.07056618192716],[32.085693714226295,58.06840052629738],[32.055950451653956,58.05888268227406],[32.048812068636465,58.07553890931372],[32.00360230952515,58.07553890931372],[31.97742823846111,58.092195136354356],[31.9286492878415,58.12312812943033],[31.88938818124583,58.12550759043731],[31.840609230626132,58.13264597345365],[31.800158393527283,58.13026651244853],[31.760897286930817,58.12907678194553],[31.72520537184354,58.13502543446063],[31.712118336311207,58.16476869703369],[31.691892917761294,58.22544495268174],[31.613089025309954,58.339990354991656]]]]}}]}
