{"type":"FeatureCollection","features":[{"type":"Feature","properties":{"kind":"province","id":"gubernia-1897-48","name":"Вятская губерния"},"geometry":{"type":"MultiPolygon","coordinates":[[[[53.93503273283868,59.1545358023441],[53.912427853282935,59.147397419327675],[53.93027381082702,59.134310383794364],[53.83509537059345,59.14501795832078],[53.7875061504771,59.14620768882378],[53.699466093261734,59.13787957530435],[53.62213361057225,59.117654156753815],[53.58168277347261,59.11527469574772],[53.52219624832712,59.15810499385222],[53.482935141730735,59.196176369945505],[53.444863765637635,59.24495532056521],[53.42582807759108,59.24614505106821],[53.410229388774724,59.274977655725706],[53.39000397022569,59.29758253528145],[53.31980987055361,59.31066957081289],[53.342414750108475,59.351120407912276],[53.42688561581545,59.404658280543984],[53.52444351705485,59.46890372770034],[53.614863035276656,59.54028755787569],[53.66840090790723,59.58668704748921],[53.78023557518151,59.787751502482934],[53.77428692266729,59.92813970182665],[53.78023557518151,59.956693233896615],[53.75525123462003,60.01974895054988],[53.67910848243382,60.12087604329918],[53.645796028352365,60.14348092285403],[53.56608408465705,60.16846526341578],[53.54585866610714,60.183931759953325],[53.4893154308666,60.21909590186717],[53.45600297678507,60.19292183080233],[53.442915941252735,60.15722991571416],[53.321563429955205,60.15009153269783],[52.93728047751344,60.15128126320083],[52.622001894241365,60.17031695124747],[52.468526659365665,60.17983479527079],[52.428075822265924,60.200060213820436],[52.41974770874597,60.2226650933753],[52.387624985166994,60.245269972930146],[52.335276843039,60.23456239840374],[52.29006708392768,60.25359808645038],[52.25675462984614,60.24764943393704],[52.20678594872406,60.25121862544526],[52.08781289843229,60.22028563236831],[52.0592593663625,60.15841964621717],[51.99739338021118,60.13938395817053],[51.94028631607071,60.08822554654482],[51.90459440098344,60.045395248441295],[51.87723059941621,60.016841716370436],[51.83321057080889,59.99066764530649],[51.79870838622416,59.963303843738636],[51.78086242868008,59.953785999715315],[51.77372404566269,59.94307842519076],[51.698771023978935,59.89310974406726],[51.66188937838919,59.889540552559055],[51.6476126123535,59.87764324752963],[51.5952644702255,59.88002270853573],[51.57028012966393,59.94664761669898],[51.42394327780572,59.98947791480348],[51.344231334110404,60.007323872347115],[51.32876483757215,59.99423683681559],[51.30615995801729,59.99066764530649],[51.26213992940926,59.99542656731859],[51.191945829737264,59.953785999715315],[51.157443645152455,59.92880165915534],[51.1003365810128,59.878832978032726],[51.075352240451394,59.87526378652451],[51.04085005586731,59.876453517027514],[51.032521942346634,59.86336648149421],[51.05750628290812,59.84433079344757],[51.006347871282586,59.82648483590491],[50.967086764686215,59.825295105400926],[50.93139484959893,59.84076160193944],[50.7303303946061,59.808638878361265],[50.55425028017474,59.79317238182186],[50.45193345692448,59.76104965824466],[50.43884642139214,59.70632205510896],[50.307976066071305,59.670630140022666],[50.29369930003641,59.68847609756533],[50.26871495947492,59.677768523039],[50.24848954092582,59.68133771454899],[50.26514576796653,59.69799394158865],[50.32939121512369,59.71821936013838],[50.33177067612942,59.74915235321533],[50.29013010852722,59.76223938874678],[50.14498298717237,59.720598821145366],[50.14260352616654,59.70037340259563],[50.19852085980284,59.68252744505208],[50.241351157907694,59.65992256549627],[50.158070022703996,59.652784182479024],[50.146172717674844,59.63017930292239],[49.987938560787484,59.62898957242116],[49.957005567711064,59.61471280638574],[49.922503383127065,59.60995388437452],[49.90941634759473,59.596866848841216],[49.87967308502158,59.58972846582399],[49.82732494289358,59.58259008280579],[49.73690542467247,59.58377981330977],[49.62982967940984,59.5944873878361],[49.610793991363295,59.576641430291566],[49.56320477124606,59.56831331677125],[49.52751285615888,59.53975978470129],[49.51323609012398,59.51834463564863],[49.52156420364466,59.51001652212832],[49.52037447314139,59.49930894760199],[49.491820941071595,59.48979110357867],[49.46564687000755,59.48979110357867],[49.40259115335296,59.488601373076555],[49.36095058575076,59.47432460704202],[49.28837702507283,59.46718622402382],[49.2859975640671,59.48741164257346],[49.23126996093326,59.48741164257346],[49.17773208830191,59.4588581105035],[49.142040173214625,59.4659964935217],[49.111107180139015,59.470755415532025],[49.05162065499272,59.45171972748538],[48.95644221475996,59.4505299969823],[48.86721242704141,59.45647864949838],[48.82081293742753,59.47670406804714],[48.7732237173112,59.48979110357867],[48.64830201450448,59.51834463564863],[48.59000521986155,59.550467359227696],[48.562641418295044,59.55165708973159],[48.52575977270449,59.56117493375491],[48.50041862556618,59.57960179513656],[48.47186509349632,59.555807185077285],[48.4409321004199,59.53082284451553],[48.437362908911595,59.505838503954664],[48.429034795390834,59.49037200741624],[48.400481263321055,59.47966443288982],[48.371927731251176,59.452300631322956],[48.361220156724585,59.379727070645394],[48.34575366018713,59.36782976561695],[48.35051258219879,59.355932460586644],[48.36835853974199,59.34879407757031],[48.37549692275948,59.33808650304398],[48.394532610806834,59.327378928517575],[48.395722341309394,59.313102162482146],[48.405240185332616,59.30477404896094],[48.393342880303564,59.285738360914294],[48.371927731251176,59.26670267286765],[48.365979078736245,59.241718332307684],[48.30530282308749,59.214354530739925],[48.291026057052505,59.21792372224991],[48.28983632655003,59.201267495208384],[48.2696109080002,59.18937019017994],[48.251764950456916,59.19055992068108],[48.239867645427765,59.18937019017994],[48.23272926241037,59.17390369364143],[48.1863297727965,59.16200638861206],[48.15301731871506,59.165575580120276],[48.11494594262123,59.160816658110036],[48.09353079356876,59.17033450213336],[48.05664914797822,59.178662615653586],[48.0471313039549,59.17152423263548],[48.023336693896766,59.162006388612156],[48.01024965836514,59.148919353079734],[47.98645504830702,59.153678275091835],[47.972178282271244,59.141780970063394],[47.94838367221311,59.138211778553405],[47.89960472159342,59.14297070056551],[47.84725657946541,59.158437197103055],[47.818703047395545,59.17033450213336],[47.77944194079916,59.15724746660005],[47.76159598325587,59.158437197103055],[47.74018083420279,59.15010908358362],[47.712817032636266,59.13702204805031],[47.661658621010744,59.13940150905729],[47.62239751441436,59.12036582101065],[47.616448861900224,59.10727878547735],[47.58432613832126,59.10014040246012],[47.549823953736535,59.076345792402265],[47.53435745719908,59.0477922603323],[47.58789532983036,59.01804899775924],[47.636674280449256,58.95975220311631],[47.712817032636266,58.93595759305845],[47.62953589743185,58.841968883327354],[47.57004937228636,58.79794885472074],[47.540306109713214,58.80032831572595],[47.502234733620114,58.7325136770596],[47.69616080559554,58.67064769090846],[47.68902242257805,58.64923254185492],[47.666417543022405,58.64804281135369],[47.63072562793512,58.618299548780726],[47.59860290435624,58.617109818276745],[47.58670559932709,58.60402278274521],[47.53197799619325,58.609971435260405],[47.48081958456781,58.62781739280307],[47.42014332891897,58.61354062676853],[47.26666809404327,58.63495577582039],[47.18457668934212,58.64566335034669],[47.18063695473246,58.60965802383726],[47.14137584813608,58.59419152729972],[47.10211474153961,58.59538125780095],[47.027161719855954,58.619175867860584],[46.94388058465235,58.61203748484238],[46.885583790009406,58.61203748484238],[46.86297891045366,58.6215553288657],[46.84632268341295,58.58943260528761],[46.7987334632966,58.58705314428063],[46.7570928956944,58.57277637824609],[46.690467987531505,58.556120151206436],[46.653586341940866,58.55374069019945],[46.63574038439687,58.51210012259796],[46.611945774338665,58.46926982449345],[46.620273887859426,58.44547521443381],[46.67143229948415,58.39431680280909],[46.692847448537336,58.376470845265445],[46.68927825702815,58.35981461822392],[46.66548364696993,58.33364054716095],[46.70355502306303,58.32293297263462],[46.71188313658379,58.29318971006157],[46.71069340608052,58.264636177991605],[46.74400586016198,58.2598772559795],[46.809441037822396,58.25273887296139],[46.86059944944783,58.20395992234355],[46.85584052743627,58.19682153932535],[46.84037403089802,58.18492423429691],[46.845132952910475,58.1373350141803],[46.82252807335473,58.12424797864699],[46.8617891799512,58.11473013462367],[46.8962913645352,58.106402021104245],[46.933173010125756,58.10521229060124],[47.06047417393749,58.095694446577916],[47.09735581952795,58.09212525506793],[47.15684234467345,58.10045336858913],[47.191344529258245,58.08974579406281],[47.25321051541037,58.083797141547606],[47.28890243049764,58.07665875853127],[47.29009216100012,58.039777112940996],[47.33530192011152,58.02550034690468],[47.33173272860233,57.998136545337715],[47.305558657538285,57.96839328276475],[47.32816353709403,57.960065169245325],[47.36147599117547,57.96601382175963],[47.37099383519879,57.97910085729197],[47.43285982135002,57.98148031829806],[47.48520796347883,57.97672139628507],[47.51495122605117,57.97077274377173],[47.529227992086064,57.97672139628507],[47.54826368013262,57.97315220477685],[47.56373017667087,57.95887543874143],[47.58276586471733,57.95411651673021],[47.602991283267244,57.960065169245325],[47.61964751030797,57.94816786421511],[47.64106265936036,57.94816786421511],[47.66485726941848,57.93151163717536],[47.68746214897422,57.929132176168466],[47.71125675903235,57.904147835608484],[47.71958487255232,57.88749160856696],[47.68984160998005,57.88154295605186],[47.67556484394507,57.87678403404064],[47.65177023388695,57.87797376454364],[47.63749346785117,57.86726619001732],[47.61250912729048,57.857748345994],[47.58514532572316,57.85298942398278],[47.55897125465921,57.82086670040461],[47.55421233264755,57.81015912587739],[47.537556105606825,57.81015912587739],[47.51495122605117,57.792313168334644],[47.542315027618486,57.780415863304334],[47.52803826158359,57.77089801928101],[47.533986914097724,57.759000714251684],[47.55064314113845,57.759000714251684],[47.54707394963006,57.72925745167872],[47.497105268507894,57.71260122463808],[47.482828502473,57.66382227401847],[47.499484729513725,57.66144281301335],[47.501864190519555,57.63407901144551],[47.49115661599296,57.62932008943429],[47.49472580750215,57.609094670885526],[47.45308523989985,57.609094670885526],[47.40192682827441,57.57340275579736],[47.29009216100012,57.5424697627213],[47.24964132390119,57.5424697627213],[47.23536455786629,57.551987606744625],[47.20919048680233,57.551987606744625],[47.192534259761516,57.52224434417165],[47.17825749372663,57.529382727189855],[47.146134770147654,57.51272650014833],[47.1128223160662,57.50082919511989],[47.05333579092,57.48655242908447],[47.00574657080358,57.47227566304993],[46.993849265774514,57.473465393552935],[46.98314169124801,57.482983237576256],[46.92722435761162,57.47822431556504],[46.91651678308503,57.4948805426047],[46.885583790009406,57.487742159588365],[46.82728699536639,57.5020189256229],[46.778273036252074,57.50398712176319],[46.76399627021718,57.49565900824385],[46.75804761770304,57.48852062522565],[46.77946276675543,57.479002781202325],[46.76518600072045,57.45520817114358],[46.73068381613574,57.44569032712026],[46.699750823060114,57.44212113561204],[46.664058907972745,57.40642922052397],[46.64026429791463,57.37311676644279],[46.61171076584404,57.37311676644279],[46.55460370170438,57.34099404286461],[46.51415286460544,57.307681588781655],[46.480840410523996,57.31600970230188],[46.423733346383536,57.310061049788644],[46.3868517007937,57.324337815823085],[46.36424682123804,57.30649185827856],[46.34521113319149,57.2850767092268],[46.36424682123804,57.251764255145616],[46.35591870771728,57.232728567098974],[46.32974463665333,57.235108028105074],[46.315467870618434,57.21131341804535],[46.27739649452533,57.18989826899359],[46.269068381004566,57.158965275917616],[46.245273770946355,57.14587824038608],[46.22028943038487,57.15182689290119],[46.19411535932082,57.1482577013912],[46.157233713731074,57.153016623404284],[46.133439103672146,57.1446885098821],[46.097747188584876,57.15420635390542],[46.07038338701827,57.176811233462146],[46.04301958545095,57.19227772999871],[46.0239838974044,57.19941611301691],[46.0204147058953,57.179190694467266],[46.04658877695934,57.173242041952065],[46.05253742947427,57.1506371623973],[46.03707093293602,57.13160147435066],[46.05253742947427,57.113755516807906],[46.07514230902993,57.12446309133432],[46.087039614058995,57.113755516807906],[46.06681419550917,57.082822523731046],[46.058486081988406,57.06735602719341],[46.04563743567328,57.03366122285661],[46.02660174762673,57.03604068386359],[46.00399686807107,57.02890230084539],[46.00518659857434,57.009866612798746],[45.99209956304192,56.994400116260316],[45.97782279700703,56.98607200274],[45.9718741444921,56.96346712318426],[45.98258171901869,56.944431435137616],[46.030170939135026,56.90873952005131],[46.068242315228936,56.905170328541324],[46.078949889754725,56.89089356250767],[46.13724668439766,56.90279086753611],[46.16936940797663,56.90636005904433],[46.19554347904059,56.88018598798135],[46.213389436583874,56.87899625747737],[46.231235394127864,56.88970383200467],[46.265737578712674,56.89089356250767],[46.29667057178829,56.89446275401589],[46.30499868530905,56.89208329300979],[46.31213706832654,56.87304760496315],[46.30380895480578,56.843304342391065],[46.289532188770885,56.81832000182834],[46.283583536255954,56.78500754774814],[46.30856787681735,56.75407455467207],[46.341880330898796,56.72671075310521],[46.34544952240799,56.704105873548485],[46.344259791904804,56.65413719242862],[46.35734682743701,56.6684139584622],[46.3609160189454,56.69101883801706],[46.396607934033476,56.733849136122444],[46.43229984912075,56.77548970372395],[46.52747828935343,56.78024862573507],[46.57625723997313,56.78143835623817],[46.691661098755716,56.77667943422695],[46.73806058836959,56.77667943422695],[46.83323902860316,56.78381781724515],[46.949832617889015,56.78857673925628],[47.064046746168344,56.80047404428481],[47.11877434930297,56.78262808674206],[47.1806403354542,56.77073078171175],[47.269870123172836,56.75883347668331],[47.30080311624846,56.756454015677306],[47.35791018038891,56.76716159020363],[47.43048374106674,56.79095620026149],[47.48283188319475,56.815940540823235],[47.532800564317,56.814750810320234],[47.5887178979541,56.80999188830813],[47.66367091963775,56.812371349315114],[47.717208792269034,56.820699462834455],[47.760039090373795,56.837355689875],[47.836181842560805,56.83497622886988],[47.873063488150564,56.823078923841436],[47.90756567273536,56.830217306857776],[47.926601360781916,56.83259676786476],[47.96824192838413,56.821889193338436],[47.96705219788086,56.80047404428481],[47.984898155424844,56.78738700875327],[48.02653872302706,56.77667943422695],[48.074127943143395,56.8016637747887],[48.12647608527149,56.81713027132624],[48.16573719186786,56.79690485277659],[48.22284425600752,56.77073078171175],[48.272812937130496,56.78500754774815],[48.32040215724683,56.78262808674206],[48.331109731773424,56.815940540823235],[48.38226814339815,56.819509732331454],[48.39178598742218,56.82664811534956],[48.4013038314455,56.81713027132624],[48.47982604463746,56.80642269679991],[48.51194876821644,56.78024862573507],[48.51194876821644,56.76121293768843],[48.52979472575973,56.739797788636665],[48.563107179841964,56.743366980145765],[48.57738394587686,56.76835132070663],[48.60673552762552,56.76129127385505],[48.61506364114557,56.74582477731565],[48.65075555623365,56.74582477731565],[48.69120639333249,56.73273774178509],[48.76140049300459,56.713702053737464],[48.8137486351325,56.69466636569082],[48.879183812793,56.69585609619392],[48.898219500839474,56.6863382521706],[48.92558330240688,56.653025798089416],[48.983880097049806,56.62685172702457],[49.02671039515448,56.637559301550894],[49.08500718979751,56.635179840545774],[49.12426829639388,56.62923118802969],[49.164719133492824,56.61019549998305],[49.208739162100855,56.60067765595973],[49.262277034731326,56.61138523048614],[49.27774353126958,56.638749032053994],[49.326522481889285,56.62804145752757],[49.378870624017196,56.59948792545761],[49.39790631206384,56.564985740873425],[49.41932146111621,56.550708974838],[49.45025445419263,56.54000140031168],[49.489515560788206,56.53762193930656],[49.518069092858795,56.544760322322894],[49.57398642649518,56.52572463427625],[49.57874534850684,56.498360832710176],[49.59897076705667,56.487653258183855],[49.60372968906833,56.50074029371539],[49.629903760132294,56.5066889462305],[49.64893944817884,56.51739652075682],[49.68701082427275,56.52572463427625],[49.7167540868451,56.51263759874472],[49.75244600193308,56.51858625125992],[49.77148168997972,56.53286301729534],[49.801224952551976,56.53286301729534],[49.823829832107634,56.51977598176203],[49.84524498116002,56.503119754721396],[49.838106598142616,56.488842988686855],[49.802414683055346,56.472186761645425],[49.786948186517094,56.45909972611389],[49.796466030540415,56.45077161259357],[49.823829832107634,56.45077161259357],[49.84524498116002,56.43173592454693],[49.89283420127648,56.42340781102575],[49.92547936967475,56.41076756609705],[49.96236101526537,56.42623406263371],[50.00638104387262,56.41433675760527],[50.028985923428266,56.439321098167014],[50.06110864700716,56.44289028967523],[50.08847244857377,56.454787594703674],[50.10512867561529,56.450028672693435],[50.10393894511192,56.432182715148905],[50.126543824667664,56.43456217615491],[50.11226705863268,56.41552648810827],[50.12773355517014,56.40957783559405],[50.144389782210865,56.379834573021085],[50.15509735673746,56.408388105090154],[50.20268657685379,56.38697295603929],[50.23599903093525,56.36436807648256],[50.24313741395274,56.35128104095112],[50.25860391049089,56.35485023245924],[50.28001905954328,56.35128104095112],[50.29072663406987,56.385783225535306],[50.2895369035666,56.39887026106683],[50.30024447809319,56.39887026106683],[50.31809043563639,56.38935241704351],[50.31214178312226,56.365557806985656],[50.35021315921536,56.33343508340748],[50.41088941486413,56.301312359829396],[50.43349429441977,56.31201993435483],[50.47156567051289,56.33819400541958],[50.5024986635885,56.33224535290448],[50.50725758560016,56.32272750888116],[50.531052195658376,56.31439939536084],[50.533431656664206,56.29893289882241],[50.55484680571659,56.294173976811194],[50.57269276326059,56.297743168319315],[50.57864141577481,56.303691820834516],[50.594107912312964,56.303691820834516],[50.6036257563362,56.296553437816314],[50.6036257563362,56.28822532429599],[50.63455874941191,56.27751774976967],[50.646456054440975,56.26799990574635],[50.66549174248833,56.24896421769971],[50.66668147299079,56.23111826015705],[50.67381985600828,56.22635933814494],[50.722598806627985,56.23111826015705],[50.748772877691934,56.215651763618524],[50.77851614026508,56.225169607641845],[50.801121019819945,56.215651763618524],[50.83800266541057,56.21684149412162],[50.879643233012786,56.225169607641845],[50.901058382065074,56.222790146636726],[50.92485299212329,56.22754906864705],[50.940319488661544,56.222790146636726],[50.93912975815827,56.214462033116405],[50.916524878603326,56.213272302613404],[50.908196765082565,56.20851338060041],[50.92247353111746,56.19185715355978],[50.98433951726878,56.2013749975831],[51.00932385783027,56.197805806074975],[51.0009957443103,56.159734429980716],[51.036687659397586,56.18233930953646],[51.061671999958264,56.17877011802736],[51.08665634051975,56.145457663947155],[51.117589333595376,56.12999116740863],[51.13305583013363,56.140698741934074],[51.1580401706951,56.135939819923834],[51.16279909270676,56.12523224539741],[51.191352624776556,56.127611706402625],[51.216336965337334,56.11928359288231],[51.219906156846335,56.10619655735077],[51.23299319237876,56.09667871332745],[51.23656238388715,56.08478140829723],[51.2698748379686,56.07645329477781],[51.30080783104431,56.08240194729301],[51.331740824120715,56.078832755782926],[51.33412028512646,56.057417606731164],[51.369812200213744,56.04552030170086],[51.376950583231235,56.09073006081235],[51.41145276781603,56.11928359288231],[51.447144682903314,56.12880143690563],[51.485642011892395,56.12759701837237],[51.530851771003,56.119268904852134],[51.57487179961103,56.12759701837237],[51.58438964363435,56.14306351490902],[51.608184253692485,56.141873784406904],[51.62127128922491,56.124027826862374],[51.65696320431218,56.13711486239569],[51.677188622862005,56.10856133032573],[51.65934266531801,56.09190510328429],[51.58557937413762,56.081197528757876],[51.54155934552959,56.059782379706114],[51.51062635245397,56.07286941523765],[51.50110850843065,56.05264399668791],[51.454709018816786,56.03836723065248],[51.42139656473533,56.03836723065248],[51.396412224173844,56.02052127310982],[51.43210413926113,55.99434720204498],[51.444001444290194,55.95627582595169],[51.492780394909886,55.91582498885241],[51.50943662195061,55.88370226527422],[51.50824689144814,55.84920008068916],[51.50348796943648,55.807559513087654],[51.48683174239575,55.79209301654923],[51.483262550886565,55.75640110146284],[51.49753931692155,55.71595026436354],[51.47969335937826,55.704052959335016],[51.46779605434921,55.67430969676205],[51.47374470686333,55.6540842782124],[51.49753931692155,55.657653469720614],[51.49872904742482,55.63385885966178],[51.52133392697968,55.61839236312424],[51.5344209625121,55.596977214072474],[51.561784764079405,55.60054640558069],[51.57705224037466,55.60781663238788],[51.5867691046401,55.61244371060913],[51.60699452319001,55.61839236312424],[51.62365075023074,55.6076847885988],[51.63911724676889,55.6076847885988],[51.66053239582128,55.63028966815365],[51.706931885435154,55.65170481720541],[51.73191622599583,55.68382754078537],[51.75928002756315,55.71476053385956],[51.77712598510723,55.72665783888987],[51.79735140365625,55.72427837788288],[51.83185358824106,55.70643242034022],[51.871114694837345,55.688586462796586],[51.904427148918884,55.68382754078537],[51.938929333503694,55.6957248458139],[51.9841390926142,55.73617568291319],[52.01150289418072,55.744503796433506],[52.0400564262513,55.74569352693651],[52.066230497315345,55.734985952410184],[52.07812780234441,55.71713999486655],[52.08050726335024,55.70167349832812],[52.10549160391092,55.6921556543048],[52.15902947654229,55.6921556543048],[52.217326271185215,55.693345384808694],[52.25420791677577,55.704052959335016],[52.330350668961984,55.71713999486655],[52.35295554851773,55.74688325743952],[52.35890420103256,55.770677867498264],[52.343437704494406,55.79447247755613],[52.32797120795615,55.817077357110975],[52.32440201644785,55.83849250616274],[52.32678147745368,55.8682357687358],[52.343437704494406,55.88846118728544],[52.379129619581676,55.90392768382387],[52.41601126517223,55.889650917788444],[52.45884156327699,55.88251253477211],[52.531415123954815,55.88727145678244],[52.60636814563847,55.88489199577723],[52.6610957487724,55.890840648292425],[52.6920287418488,55.93248121589384],[52.73961796196515,55.95151690394137],[52.78244826006991,55.95984501746169],[52.8490731682336,55.95151690394137],[52.88000616130931,55.93010175488872],[52.922836459413986,55.93605040740205],[52.97994352355366,55.93367094639693],[53.05608627574058,55.90987633633907],[53.14293660245339,55.88846118728544],[53.21669989363377,55.87894334326212],[53.33924213543456,55.8694254992388],[53.376960998785734,55.8628305733646],[53.42930914091454,55.858071651353384],[53.45905240348688,55.868779225879706],[53.49712377958079,55.87710733940003],[53.538764347182195,55.88543545292123],[53.58516383679607,55.929455481527846],[53.61252763836339,55.96038847460382],[53.6470298229481,55.97823443214746],[53.71246500060772,55.98775227617078],[53.75648502921577,56.004408503212304],[53.83619697291108,56.03534149628739],[53.9016321505715,56.0472388013168],[53.93375487415048,56.03891068779737],[54.02060520086319,56.021064730253826],[54.07533280399703,56.02820311327016],[54.115783641096755,56.0472388013168],[54.13600905964579,56.085310177410086],[54.156234478195614,56.12457128400638],[54.190736662779614,56.142417241550014],[54.22523884736442,56.16740158211088],[54.24427453541098,56.20785241921115],[54.229997769376084,56.231647029269006],[54.19549558479207,56.26139029184108],[54.14552690366911,56.28637463240372],[54.10150687506106,56.324446008497006],[54.03012304488651,56.34824061855487],[53.9432727181737,56.36370711509339],[53.9052013420806,56.38512226414515],[53.86475050498095,56.51361315846043],[53.857612121963456,56.58618671913701],[53.848094277940135,56.65995001031846],[53.820730476373626,56.69088300339443],[53.821920206876186,56.73133384049284],[53.80883317134456,56.77416413859734],[53.817161284864525,56.80390740117039],[53.858801852466726,56.82056362821183],[53.92780622163545,56.83603012475035],[53.95160083169367,56.82651228072703],[54.013466817845796,56.84435823827057],[54.044399810921405,56.864583656820315],[54.06700469047706,56.89551664989628],[54.06700469047706,56.90622422442172],[54.08128145651196,56.92525991246836],[54.06700469047706,56.939536678502904],[54.040830619413015,56.943105870012886],[54.03369223639561,56.96333128856263],[54.07771226500286,56.98831562912251],[54.08128145651196,57.00735131716915],[54.0729533429912,57.026387005215796],[54.08841983952945,57.04185350175432],[54.13838852065162,57.05613026778885],[54.17764962724799,57.087063260864824],[54.21810046434693,57.11680652343691],[54.231187499879354,57.12156544544999],[54.24070534390259,57.13346275047843],[54.2573615709433,57.13941140299353],[54.265689684463354,57.15130870802295],[54.29305348603059,57.1655854740566],[54.32993513162123,57.179862240092916],[54.43463141587722,57.247676878759165],[54.45128764291874,57.245297417752184],[54.475082252976875,57.2595741837877],[54.482220635994366,57.27742014133223],[54.47151306146786,57.29050717686278],[54.48697955800603,57.329768283459074],[54.50363578504674,57.340475857985396],[54.49411794102352,57.34880397150572],[54.49530767152598,57.35713208502692],[54.51315362907006,57.35594235452392],[54.51553309007589,57.37497804257056],[54.53813796963155,57.401152113635405],[54.547655813654785,57.44874133375103],[54.580968267736225,57.46063863877956],[54.588106650753716,57.474915404815874],[54.585727189747885,57.492761362359516],[54.56193257968968,57.50822785889616],[54.575019615221294,57.54629923498945],[54.60357314729188,57.55700680951578],[54.62617802684683,57.549868426499444],[54.64759317589912,57.57485276706031],[54.64283425388756,57.58318088058062],[54.61071153030937,57.59031926359873],[54.582157998238785,57.58080141957541],[54.5083947070584,57.60459602963238],[54.48935901901186,57.633149561703235],[54.46199521744454,57.642667405726556],[54.46199521744454,57.66884147678954],[54.48578982750276,57.69501554785438],[54.47151306146786,57.711671774894924],[54.39774977028739,57.72832800193645],[54.34540162815867,57.718810157913126],[54.32636594011203,57.73784584595977],[54.321607018100465,57.75212261199431],[54.33826324514118,57.76877883903583],[54.383473004252494,57.7937631795958],[54.359678394194276,57.80685021512912],[54.34421189765611,57.802091293116035],[54.268069145469184,57.89251081133803],[54.23008589756172,57.8993701217687],[54.22770643655589,57.92911338434167],[54.26101889063743,57.95052853339352],[54.24436266359662,57.960046377416845],[54.209860479011894,57.961236107919845],[54.20034263498857,57.97313341295015],[54.22651670605262,57.983840987476476],[54.215809131526825,58.01834317205977],[54.182496677445286,58.0338096685982],[54.150373953866406,58.061173470166054],[54.10397446425253,58.07782969720571],[54.09683608123514,58.10876269028266],[54.10754365576163,58.13612649184873],[54.0599544356445,58.15873137140349],[54.049246861118704,58.17419786794201],[54.07066201017109,58.18014652045712],[54.0421084781013,58.205130861017985],[53.97548356993761,58.23368439308795],[53.96953491742339,58.258668733649785],[54.04091874759794,58.29674010974307],[54.069472279667735,58.31934498929784],[54.03615982558628,58.37050340092266],[53.990950066475776,58.38834935846718],[53.96358626490846,58.41809262104015],[53.96239653440598,58.44783588361223],[53.990950066475776,58.46687157165887],[53.98976033597242,58.491855912219734],[53.94693003786773,58.54539378485154],[53.94574030736517,58.577516508429625],[53.90885866177463,58.595362465974155],[53.904099739763055,58.62867492005533],[53.93860192434778,58.64176195558865],[53.96239653440598,58.66674629614862],[53.93265327183285,58.69054090620737],[53.94336084635934,58.69767928922557],[53.94336084635934,58.71433551626522],[53.98143222245254,58.733371204311865],[54.03853928659211,58.74526850934129],[54.08255931520016,58.75954527537671],[54.12301015229909,58.76906311940003],[54.10873338626419,58.79523719046479],[54.10635392525836,58.815462609012656],[53.96120680390263,58.87019021214746],[53.97905276144671,58.89517455270922],[53.9588273428968,58.91658970176196],[53.93860192434778,58.94752269483704],[53.92551488881536,58.98083514891822],[53.93265327183285,59.01176814199517],[53.93503273283868,59.037942213058145],[53.96715545641756,59.03913194356115],[54.03972901709547,59.05935736211089],[54.03259063407798,59.079582780661426],[54.03972901709547,59.09861846870807],[54.03972901709547,59.1128952347426],[54.049246861118704,59.129551461782256],[54.0421084781013,59.141448766812566],[53.97310410893178,59.134310383794364],[53.93503273283868,59.1545358023441]]]]}},{"type":"Feature","properties":{"kind":"district","id":"uyezd-1897-103","name":"Яранский","provinceId":"gubernia-1897-48"},"geometry":{"type":"MultiPolygon","coordinates":[[[[49.192474615883725,57.68563353845457],[49.17105946683135,57.69396165197391],[49.14250593476156,57.69039246046579],[49.117521594199985,57.67254650292304],[49.09372698414187,57.64399297085308],[49.081829679112715,57.63566485733284],[49.043758303019686,57.62852647431464],[49.00925611843489,57.63090593531976],[48.972374472844336,57.624957282806434],[48.95214905429451,57.62614701330952],[48.91050848669302,57.63804431833796],[48.88790360713736,57.6558902758816],[48.85697061406175,57.673736233426126],[48.82127869897447,57.68206434694547],[48.79272516690459,57.69277192147277],[48.774879209360606,57.71299734002055],[48.68683915214453,57.70347949599723],[48.67613157761873,57.68801299946067],[48.644008854039754,57.671356772419145],[48.615455321969975,57.680874616442466],[48.60355801694082,57.69991030448911],[48.57738394587686,57.70466922650121],[48.5690558323561,57.69158219096879],[48.55358933581864,57.69277192147277],[48.51908715123393,57.69872057398611],[48.491723349666614,57.69277192147277],[48.48220550564329,57.668977311413045],[48.44889305156185,57.6511313538695],[48.36918110786654,57.63804431833796],[48.34776595881415,57.63923404884097],[48.32873027076759,57.634475126829756],[48.304935660708665,57.64518270135616],[48.268054015118835,57.64161350984618],[48.23474156103738,57.63804431833796],[48.22522371701335,57.64875189286429],[48.20499829846425,57.6499416233664],[48.199049645949316,57.65826973688761],[48.189531801925995,57.65945946738972],[48.18001395790276,57.64756216236128],[48.13123500728305,57.63923404884097],[48.09078417018421,57.63090593531976],[48.07769713465258,57.63685458783496],[48.078886865155056,57.64875189286429],[48.06817929062855,57.654700545379484],[48.045574411073616,57.6558902758816],[48.03605656705038,57.6499416233664],[48.01583114850047,57.6558902758816],[47.988467346933945,57.6523210843725],[47.97657004190408,57.665408119903944],[47.924221899776086,57.677305424934254],[47.917083516758595,57.68801299946067],[47.90875540323863,57.70466922650121],[47.888529984688816,57.70585895700422],[47.85759699161319,57.70823841800943],[47.81000777149596,57.70347949599723],[47.73981367182397,57.68801299946067],[47.68270660768431,57.68325407744945],[47.607753586000655,57.686823268957575],[47.53399029482027,57.68920272996279],[47.52804164230534,57.676115694431246],[47.51495460677371,57.664218389402805],[47.519713528785374,57.6523210843725],[47.501864190519555,57.63407901144551],[47.49115661599296,57.62932008943429],[47.49472580750215,57.609094670885526],[47.45308523989985,57.609094670885526],[47.40192682827441,57.57340275579736],[47.29009216100012,57.5424697627213],[47.24964132390119,57.5424697627213],[47.23536455786629,57.551987606744625],[47.20919048680233,57.551987606744625],[47.192534259761516,57.52224434417165],[47.17825749372663,57.529382727189855],[47.146134770147654,57.51272650014833],[47.1128223160662,57.50082919511989],[47.05333579092,57.48655242908447],[47.00574657080358,57.47227566304993],[46.993849265774514,57.473465393552935],[46.98314169124801,57.482983237576256],[46.92722435761162,57.47822431556504],[46.91651678308503,57.4948805426047],[46.885583790009406,57.487742159588365],[46.82728699536639,57.5020189256229],[46.778273036252074,57.50398712176319],[46.76399627021718,57.49565900824385],[46.75804761770304,57.48852062522565],[46.77946276675543,57.479002781202325],[46.76518600072045,57.45520817114358],[46.73068381613574,57.44569032712026],[46.699750823060114,57.44212113561204],[46.664058907972745,57.40642922052397],[46.64026429791463,57.37311676644279],[46.61171076584404,57.37311676644279],[46.55460370170438,57.34099404286461],[46.51415286460544,57.307681588781655],[46.480840410523996,57.31600970230188],[46.423733346383536,57.310061049788644],[46.3868517007937,57.324337815823085],[46.36424682123804,57.30649185827856],[46.34521113319149,57.2850767092268],[46.36424682123804,57.251764255145616],[46.35591870771728,57.232728567098974],[46.32974463665333,57.235108028105074],[46.315467870618434,57.21131341804535],[46.27739649452533,57.18989826899359],[46.269068381004566,57.158965275917616],[46.245273770946355,57.14587824038608],[46.22028943038487,57.15182689290119],[46.19411535932082,57.1482577013912],[46.157233713731074,57.153016623404284],[46.133439103672146,57.1446885098821],[46.097747188584876,57.15420635390542],[46.07038338701827,57.176811233462146],[46.04301958545095,57.19227772999871],[46.0239838974044,57.19941611301691],[46.0204147058953,57.179190694467266],[46.04658877695934,57.173242041952065],[46.05253742947427,57.1506371623973],[46.03707093293602,57.13160147435066],[46.05253742947427,57.113755516807906],[46.07514230902993,57.12446309133432],[46.087039614058995,57.113755516807906],[46.06681419550917,57.082822523731046],[46.058486081988406,57.06735602719341],[46.04563743567324,57.03366122285662],[46.026601747626685,57.036040683863604],[46.00399686807103,57.0289023008454],[46.0051865985743,57.00986661279876],[45.992099563041876,56.99440011626034],[45.977822797006986,56.986072002740016],[45.971874144492055,56.96346712318427],[45.98258171901865,56.94443143513763],[46.03017093913499,56.90873952005133],[46.06824231522889,56.905170328541345],[46.07894988975468,56.89089356250769],[46.13724668439762,56.90279086753613],[46.16936940797659,56.906360059044346],[46.19554347904055,56.88018598798136],[46.21338943658383,56.87899625747738],[46.23123539412782,56.889703832004685],[46.26573757871263,56.89089356250769],[46.29667057178825,56.894462754015905],[46.30499868530901,56.892083293009804],[46.3121370683265,56.87304760496316],[46.30380895480574,56.843304342391086],[46.28953218877085,56.818320001828354],[46.28358353625592,56.78500754774815],[46.30856787681731,56.754074554672094],[46.34188033089876,56.72671075310522],[46.34544952240795,56.7041058735485],[46.34425979190459,56.65413719242767],[46.35734682743701,56.6684139584622],[46.3609160189454,56.69101883801706],[46.396607934033476,56.733849136122444],[46.43229984912075,56.77548970372395],[46.52747828935343,56.78024862573507],[46.57625723997313,56.78143835623817],[46.691661098755716,56.77667943422695],[46.73806058836959,56.77667943422695],[46.83323902860316,56.78381781724515],[46.949832617889015,56.78857673925628],[47.064046746168344,56.80047404428481],[47.11877434930297,56.78262808674206],[47.1806403354542,56.77073078171175],[47.269870123172836,56.75883347668331],[47.30080311624846,56.756454015677306],[47.35791018038891,56.76716159020363],[47.43048374106674,56.79095620026149],[47.48283188319475,56.815940540823235],[47.532800564317,56.814750810320234],[47.5887178979541,56.80999188830813],[47.66367091963775,56.812371349315114],[47.717208792269034,56.820699462834455],[47.760039090373795,56.837355689875],[47.836181842560805,56.83497622886988],[47.873063488150564,56.823078923841436],[47.90756567273536,56.830217306857776],[47.926601360781916,56.83259676786476],[47.96824192838413,56.821889193338436],[47.96705219788086,56.80047404428481],[47.984898155424844,56.78738700875327],[48.02653872302706,56.77667943422695],[48.074127943143395,56.8016637747887],[48.12647608527149,56.81713027132624],[48.16573719186786,56.79690485277659],[48.22284425600752,56.77073078171175],[48.272812937130496,56.78500754774815],[48.32040215724683,56.78262808674206],[48.331109731773424,56.815940540823235],[48.38226814339815,56.819509732331454],[48.39178598742218,56.82664811534956],[48.4013038314455,56.81713027132624],[48.47982604463746,56.80642269679991],[48.51194876821644,56.78024862573507],[48.51194876821644,56.76121293768843],[48.52979472575973,56.739797788636665],[48.563107179841964,56.743366980145765],[48.57738394587686,56.76835132070663],[48.55715852732695,56.813561079818115],[48.54288176129205,56.82664811534956],[48.52503580374807,56.837355689875],[48.48101577514082,56.84211461188808],[48.465549278602566,56.845683803396206],[48.453651973573514,56.8504427254084],[48.457221165081805,56.86947841345406],[48.465549278602566,56.8861346404947],[48.47268766162006,56.92301628608587],[48.44770332105858,56.9313443996061],[48.44889305156185,56.94443143513763],[48.43223682452113,56.95513900966395],[48.43223682452113,56.96584658419037],[48.40011410094215,56.981313080728796],[48.39654490943384,56.99677957726723],[48.40844221446291,57.0253331093372],[48.41796005848623,57.03723041436474],[48.421529249994535,57.06340448542959],[48.40249356194798,57.06935313794479],[48.37750922138649,57.08244017347623],[48.35252488082581,57.07411205995689],[48.332299462275984,57.07411205995689],[48.32754054026432,57.08362990398021],[48.32873027076759,57.10147586152287],[48.33943784529339,57.1121834360492],[48.356094072334116,57.12170128007252],[48.36680164686071,57.143116429124376],[48.39654490943384,57.15739319516069],[48.44175466854436,57.17523915270432],[48.47387739212333,57.194274840750964],[48.491723349666614,57.210931067790625],[48.510759037713086,57.21806945080883],[48.54407149179461,57.24662298287879],[48.54883041380627,57.26208947941722],[48.6249731659932,57.33228357908868],[48.64281912353728,57.3358527705968],[48.6666137335955,57.357267919649544],[48.6844596911387,57.36321657216465],[48.715392684215104,57.354888458643444],[48.715392684215104,57.3382322316029],[48.772499748354775,57.3370425010999],[48.79748408891625,57.32633492657348],[48.83436573450601,57.32871438757958],[48.87600630210821,57.32157600456324],[48.90693929518392,57.320386274060155],[48.93787228825953,57.329904118083476],[48.96404635932437,57.350129536633204],[48.959287437311914,57.375113877193186],[49.029481536983994,57.39414956523983],[49.04851722503126,57.38820091272649],[49.067552913077904,57.38701118222251],[49.07707075710114,57.38344199071439],[49.06636318257455,57.367975494175866],[49.07231183508948,57.359647380656526],[49.086588601124376,57.35845765015344],[49.09491671464433,57.35369872814133],[49.10562428917092,57.35369872814133],[49.119901055205816,57.364406302667746],[49.150834048281524,57.366785763672866],[49.17581838884301,57.366785763672866],[49.193664346386285,57.359647380656526],[49.20794111242189,57.34775007562622],[49.21626922594194,57.350129536633204],[49.222217878456874,57.36321657216465],[49.244822758011736,57.38344199071439],[49.25790979354416,57.446497707367556],[49.232925452982585,57.45839501239698],[49.219838417451044,57.4798101614506],[49.21626922594194,57.50360477150748],[49.21626922594194,57.517881537543886],[49.237684374994245,57.540486417098656],[49.21032057342772,57.56903994916862],[49.186525963368794,57.57022967967171],[49.1793875803513,57.580937254198034],[49.16986973632808,57.592834559226475],[49.17462865833964,57.60592159475979],[49.192474615883725,57.62971620481765],[49.1972335378953,57.665408119903944],[49.192474615883725,57.68563353845457]]]]}},{"type":"Feature","properties":{"kind":"district","id":"uyezd-1897-104","name":"Нолинский","provinceId":"gubernia-1897-48"},"geometry":{"type":"MultiPolygon","coordinates":[[[[49.237684374994245,57.540486417098656],[49.25394892121136,57.53104690924009],[49.26941541774961,57.51914960421165],[49.28369218378451,57.50725229918223],[49.29915868032188,57.50963176018833],[49.319384098871794,57.53104690924009],[49.337230056415066,57.55246205829185],[49.358645205468164,57.55484151929795],[49.37530143250889,57.55008259728673],[49.37768089351472,57.53342637024521],[49.39552685105801,57.51558041270166],[49.38243981552638,57.495354994151924],[49.40742415608706,57.48345768912348],[49.42764957463689,57.481078228117475],[49.453823645700936,57.495354994151924],[49.49308475229731,57.51320095169645],[49.515689631852965,57.51201122119345],[49.53353558939625,57.498924185662005],[49.55257127744281,57.51201122119345],[49.55376100794608,57.52747771773197],[49.59421184504501,57.52628798722887],[49.62038591610897,57.53104690924009],[49.647749717676376,57.50011391616412],[49.68582109376939,57.46799119258594],[49.71199516483344,57.46442200107684],[49.7203232783542,57.44776577403532],[49.74411788841232,57.44300685202419],[49.75720492394474,57.42397116397755],[49.792896839032025,57.41445331995423],[49.801224952551976,57.40255601492569],[49.858332016692444,57.39065870989637],[49.9154390808321,57.38589978788426],[49.958269378936876,57.36686409983762],[49.97492560597759,57.36686409983762],[50.017755904083074,57.36924356084452],[50.04155051414129,57.36924356084452],[50.04868889715878,57.35615652531121],[50.092708925766814,57.346638681287885],[50.14148787638571,57.34069002877455],[50.15338518141478,57.3204646102249],[50.177179791473705,57.3133262272067],[50.17836952197618,57.29904946117128],[50.19978467102865,57.29429053916006],[50.214061437063535,57.30261865268127],[50.23309712511009,57.315705688211914],[50.267599309694816,57.32284407123002],[50.32946529584693,57.31689541871492],[50.44724861563536,57.30975703569858],[50.557893552406284,57.3073775746916],[50.59358546749357,57.30618784418859],[50.61024169453428,57.30975703569858],[50.62689792157501,57.325223532235235],[50.643554148615735,57.354966794808206],[50.678056333200544,57.409694397943014],[50.69233309923543,57.43705819951086],[50.686384446721306,57.46799119258594],[50.65783091465151,57.484647419627464],[50.651882262136496,57.497734455158906],[50.679246063703815,57.50011391616412],[50.70185094325875,57.489406341638684],[50.724455822814406,57.4905960721408],[50.7423017803584,57.4858371501286],[50.73397366683764,57.46918092308894],[50.75538881589003,57.46442200107684],[50.74825043287254,57.43705819951086],[50.77561423443984,57.43943766051598],[50.79702938349223,57.438247930012],[50.830341837573684,57.44657604353418],[50.86365429165521,57.4418171215211],[50.89339755422827,57.428730085988676],[50.93265866082474,57.432299277497776],[50.945063722642416,57.44129450208496],[50.9248383040925,57.459140459628514],[50.9248383040925,57.46984803415492],[50.91888965157757,57.48531453069336],[50.897474502525185,57.491263183206684],[50.861782587437915,57.512678332259426],[50.84869555190629,57.52933455929997],[50.859403126432085,57.54123186432939],[50.87130043146114,57.55431889986083],[50.85821339592961,57.57573404891446],[50.857023665426254,57.59595946746411],[50.88319773649029,57.61380542500775],[50.91056153805761,57.62094380802408],[50.94149453113323,57.61023623349776],[50.965289141191434,57.61737461651596],[50.970048063203095,57.6340308435574],[50.95815075817394,57.64830760959193],[50.95815075817394,57.67210221965068],[50.99384267326131,57.69351736870342],[50.98789402074709,57.71136332624697],[51.021206474828546,57.73515793630483],[50.99860159527289,57.75419362435147],[50.978376176723856,57.75657308535668],[50.95339183616228,57.77560877340332],[50.95339183616228,57.802972574971164],[50.94149453113323,57.82200826301781],[50.92245884308667,57.81605961050261],[50.909371807554336,57.837474759556244],[50.91769992107501,57.87197694414043],[50.895095041519355,57.89101263218707],[50.87367989246697,57.885063979671955],[50.87130043146114,57.9029099372156],[50.88795665850195,57.911238050735825],[50.89390531101688,57.92789427777735],[50.90818207705178,57.919566164257034],[50.91769992107501,57.930273738783356],[50.904612885542676,57.944550504817],[50.8760593534728,57.94692996582399],[50.85345447391795,57.98738080292328],[50.860020023730385,58.016022463178174],[50.79458484606997,58.025540307201496],[50.77197996651431,58.046955456254146],[50.749375086958565,58.05052464776236],[50.718442093882956,58.04814518675626],[50.697026944830654,58.06242195279266],[50.66014529924003,58.06361168329478],[50.630402036667675,58.082647371340535],[50.60422796560292,58.0802679103363],[50.56853605051565,58.09454467637075],[50.50191114235267,58.07788844932932],[50.49120356782616,58.07193979681598],[50.468598688271214,58.07669871882622],[50.45313219173305,58.068370605306],[50.430527312177304,58.06599114430079],[50.401973780107525,58.05647330027747],[50.32821048892714,58.05052464776236],[50.27229315529004,58.04576572575114],[50.26634450277511,58.0338684207227],[50.237790970705234,58.029109498709616],[50.22232447416778,58.04338626474602],[50.16997633203907,58.03862734273294],[50.14499199147829,58.06004249178568],[50.10216169337282,58.04457599524814],[50.0783670833146,58.05647330027747],[50.05933139526813,58.05409383927146],[50.03910597671822,58.04100680373904],[50.00460379213422,58.04100680373904],[49.95225565000541,58.00293542764664],[49.91180481290648,58.00055596663965],[49.891579394356654,57.99817650563453],[49.866595053795976,57.98627920060521],[49.84517990474359,57.97914081758789],[49.76665769155083,57.97557162607977],[49.72263766294279,57.96843324306157],[49.698843052884584,57.97676135658189],[49.66553059880313,57.952966746523046],[49.643586680638165,57.944242056169045],[49.638827758626235,57.924016637618514],[49.62930991460318,57.89070418353734],[49.634068836615114,57.878806878508804],[49.62455099259125,57.87523768700068],[49.59361799951573,57.8811863395149],[49.555546623422615,57.84192523291763],[49.536510935375716,57.84311496342073],[49.51985470833516,57.85144307694193],[49.44252222564586,57.85144307694193],[49.41515842407827,57.82764846688319],[49.39612273603208,57.85382253794794],[49.3425848634009,57.860960920964274],[49.34734378541202,57.84073550241463],[49.34734378541202,57.82883819738619],[49.31997998384524,57.83359711939741],[49.31046213982219,57.81813062286075],[49.32116971434843,57.80742304833345],[49.290236721272805,57.80504358732745],[49.278339416243384,57.784818168777704],[49.259303728196485,57.75507490620474],[49.243837231659114,57.75269544519873],[49.22956046562413,57.73247002665086],[49.214093969085965,57.722952182626656],[49.2057658555653,57.702726764077894],[49.192474615883725,57.68563353845457],[49.1972335378953,57.665408119903944],[49.192474615883725,57.62971620481765],[49.17462865833964,57.60592159475979],[49.16986973632808,57.592834559226475],[49.1793875803513,57.580937254198034],[49.186525963368794,57.57022967967171],[49.21032057342772,57.56903994916862],[49.237684374994245,57.540486417098656]]]]}},{"type":"Feature","properties":{"kind":"district","id":"uyezd-1897-105","name":"Уржумский","provinceId":"gubernia-1897-48"},"geometry":{"type":"MultiPolygon","coordinates":[[[[50.93265866082474,57.432299277497776],[50.89339755422827,57.428730085988676],[50.86365429165521,57.4418171215211],[50.830341837573684,57.44657604353418],[50.79702938349223,57.438247930012],[50.77561423443984,57.43943766051598],[50.74825043287254,57.43705819951086],[50.75538881589003,57.46442200107684],[50.73397366683764,57.46918092308894],[50.7423017803584,57.4858371501286],[50.724455822814406,57.4905960721408],[50.70185094325875,57.489406341638684],[50.679246063703815,57.50011391616412],[50.651882262136496,57.497734455158906],[50.65783091465151,57.484647419627464],[50.686384446721306,57.46799119258594],[50.69233309923543,57.43705819951086],[50.678056333200544,57.409694397943014],[50.643554148615735,57.354966794808206],[50.62689792157501,57.325223532235235],[50.61024169453428,57.30975703569858],[50.59358546749357,57.30618784418859],[50.557893552406284,57.3073775746916],[50.44724861563536,57.30975703569858],[50.32946529584693,57.31689541871492],[50.267599309694816,57.32284407123002],[50.23309712511009,57.315705688211914],[50.214061437063535,57.30261865268127],[50.19978467102865,57.29429053916006],[50.17836952197618,57.29904946117128],[50.177179791473705,57.3133262272067],[50.15338518141478,57.3204646102249],[50.14148787638571,57.34069002877455],[50.092708925766814,57.346638681287885],[50.04868889715878,57.35615652531121],[50.04155051414129,57.36924356084452],[50.017755904083074,57.36924356084452],[49.97492560597759,57.36686409983762],[49.958269378936876,57.36686409983762],[49.9154390808321,57.38589978788426],[49.858332016692444,57.39065870989637],[49.801224952551976,57.40255601492569],[49.792896839032025,57.41445331995423],[49.75720492394474,57.42397116397755],[49.74411788841232,57.44300685202419],[49.7203232783542,57.44776577403532],[49.71199516483344,57.46442200107684],[49.68582109376939,57.46799119258594],[49.647749717676376,57.50011391616412],[49.62038591610897,57.53104690924009],[49.59421184504501,57.52628798722887],[49.55376100794608,57.52747771773197],[49.55257127744281,57.51201122119345],[49.53353558939625,57.498924185662005],[49.515689631852965,57.51201122119345],[49.49308475229731,57.51320095169645],[49.453823645700936,57.495354994151924],[49.42764957463689,57.481078228117475],[49.40742415608706,57.48345768912348],[49.38243981552638,57.495354994151924],[49.39552685105801,57.51558041270166],[49.37768089351472,57.53342637024521],[49.37530143250889,57.55008259728673],[49.358645205468164,57.55484151929795],[49.337230056415066,57.55246205829185],[49.319384098871794,57.53104690924009],[49.29915868032188,57.50963176018833],[49.28369218378451,57.50725229918223],[49.26941541774961,57.51914960421165],[49.25394892121136,57.53104690924009],[49.237684374994245,57.540486417098656],[49.21626922594194,57.517881537543886],[49.21626922594194,57.50360477150748],[49.219838417451044,57.4798101614506],[49.232925452982585,57.45839501239698],[49.25790979354416,57.446497707367556],[49.244822758011736,57.38344199071439],[49.222217878456874,57.36321657216465],[49.21626922594194,57.350129536633204],[49.20794111242189,57.34775007562622],[49.193664346386285,57.359647380656526],[49.17581838884301,57.366785763672866],[49.150834048281524,57.366785763672866],[49.119901055205816,57.364406302667746],[49.10562428917092,57.35369872814133],[49.09491671464433,57.35369872814133],[49.086588601124376,57.35845765015344],[49.07231183508948,57.359647380656526],[49.06636318257455,57.367975494175866],[49.07707075710114,57.38344199071439],[49.067552913077904,57.38701118222251],[49.04851722503126,57.38820091272649],[49.029481536983994,57.39414956523983],[48.959287437311914,57.375113877193186],[48.96404635932437,57.350129536633204],[48.93787228825953,57.329904118083476],[48.90693929518392,57.320386274060155],[48.87600630210821,57.32157600456324],[48.83436573450601,57.32871438757958],[48.79748408891625,57.32633492657348],[48.772499748354775,57.3370425010999],[48.715392684215104,57.3382322316029],[48.715392684215104,57.354888458643444],[48.6844596911387,57.36321657216465],[48.6666137335955,57.357267919649544],[48.64281912353728,57.3358527705968],[48.6249731659932,57.33228357908868],[48.54883041380627,57.26208947941722],[48.54407149179461,57.24662298287879],[48.510759037713086,57.21806945080883],[48.491723349666614,57.210931067790625],[48.47387739212333,57.194274840750964],[48.44175466854436,57.17523915270432],[48.39654490943384,57.15739319516069],[48.36680164686071,57.143116429124376],[48.356094072334116,57.12170128007252],[48.33943784529339,57.1121834360492],[48.32873027076759,57.10147586152287],[48.32754054026432,57.08362990398021],[48.332299462275984,57.07411205995689],[48.35252488082581,57.07411205995689],[48.37750922138649,57.08244017347623],[48.40249356194798,57.06935313794479],[48.421529249994535,57.06340448542959],[48.41796005848623,57.03723041436474],[48.40844221446291,57.0253331093372],[48.39654490943384,56.99677957726723],[48.40011410094215,56.981313080728796],[48.43223682452113,56.96584658419037],[48.43223682452113,56.95513900966395],[48.44889305156185,56.94443143513763],[48.44770332105858,56.9313443996061],[48.47268766162006,56.92301628608587],[48.465549278602566,56.8861346404947],[48.457221165081805,56.86947841345406],[48.453651973573514,56.8504427254084],[48.465549278602566,56.845683803396206],[48.48101577514082,56.84211461188808],[48.52503580374807,56.837355689875],[48.54288176129205,56.82664811534956],[48.55715852732695,56.813561079818115],[48.57738394587686,56.76835132070663],[48.60673552762552,56.76129127385505],[48.61506364114557,56.74582477731565],[48.65075555623365,56.74582477731565],[48.69120639333249,56.73273774178509],[48.76140049300459,56.713702053737464],[48.8137486351325,56.69466636569082],[48.879183812793,56.69585609619392],[48.898219500839474,56.6863382521706],[48.92558330240688,56.653025798089416],[48.983880097049806,56.62685172702457],[49.02671039515448,56.637559301550894],[49.08500718979751,56.635179840545774],[49.12426829639388,56.62923118802969],[49.164719133492824,56.61019549998305],[49.208739162100855,56.60067765595973],[49.262277034731326,56.61138523048614],[49.27774353126958,56.638749032053994],[49.326522481889285,56.62804145752757],[49.378870624017196,56.59948792545761],[49.39790631206384,56.564985740873425],[49.41932146111621,56.550708974838],[49.45025445419263,56.54000140031168],[49.489515560788206,56.53762193930656],[49.518069092858795,56.544760322322894],[49.57398642649518,56.52572463427625],[49.57874534850684,56.498360832710176],[49.59897076705667,56.487653258183855],[49.60372968906833,56.50074029371539],[49.629903760132294,56.5066889462305],[49.64893944817884,56.51739652075682],[49.68701082427275,56.52572463427625],[49.7167540868451,56.51263759874472],[49.75244600193308,56.51858625125992],[49.77148168997972,56.53286301729534],[49.801224952551976,56.53286301729534],[49.823829832107634,56.51977598176203],[49.84524498116002,56.503119754721396],[49.838106598142616,56.488842988686855],[49.802414683055346,56.472186761645425],[49.786948186517094,56.45909972611389],[49.796466030540415,56.45077161259357],[49.823829832107634,56.45077161259357],[49.84524498116002,56.43173592454693],[49.89283420127644,56.423407811025726],[49.951130995919385,56.45672026510877],[49.92852611636452,56.47813541416053],[49.96183857044598,56.495981371703195],[49.988012641509926,56.488842988686855],[50.022514826094735,56.503119754721396],[50.076052698725206,56.492412180195075],[50.11650353582495,56.51620679025382],[50.101037039286695,56.54238086131866],[50.108175422304186,56.57331385439286],[50.12959057135656,56.572124123889765],[50.13197003236239,56.58759062042829],[50.0724835072169,56.59472900344649],[50.01537644307733,56.59710846445161],[49.99634075502989,56.61971334400637],[49.96540776195427,56.63161064903579],[49.993961294024146,56.64945660657943],[50.03322240062053,56.65897445060275],[50.0689143157078,56.664923103118745],[50.0724835072169,56.70418420971414],[50.07367323771946,56.71965070625178],[50.08557054274932,56.75653235184197],[50.109365152807456,56.76248100435717],[50.16409275594137,56.75296316033385],[50.22476901159004,56.77318857888349],[50.265219848688986,56.78389615340981],[50.305670685787916,56.77318857888349],[50.32589610433783,56.75891181284807],[50.34731125339013,56.75772208234506],[50.35920855841928,56.78151669240381],[50.367536671940044,56.78865507542192],[50.38538262948323,56.786275614415025],[50.43178211909711,56.800552380449474],[50.45914592066441,56.79817291944524],[50.48531999172846,56.79103453642615],[50.50078648826663,56.78865507542192],[50.50673514078076,56.793413997433134],[50.49364810524922,56.82910591251944],[50.47461241720187,56.83624429553764],[50.490078913740035,56.8576594445894],[50.54004759486229,56.85171079207616],[50.566221665927046,56.86122863609948],[50.57336004894454,56.879074593643026],[50.54837570838296,56.885023246157246],[50.568601126932876,56.90762812571211],[50.59715465900267,56.90524866470601],[50.62094926906087,56.91238704772421],[50.641174687609904,56.92428435275265],[50.654261723142326,56.94569950180539],[50.679246063703815,56.94213031029717],[50.70898932627615,56.951648154320495],[50.74111204985505,56.944509771302386],[50.77442450393657,56.949268693315375],[50.79583965298896,56.94094057979417],[50.82558291556202,56.94094057979417],[50.836290490088615,56.964735189852036],[50.85413644763189,56.962355728846916],[50.875551596684275,56.961165998343816],[50.883879710205036,56.98734006940866],[50.89458728473163,57.024221714998056],[50.88625917121087,57.034929289525266],[50.906484589760694,57.04444713354859],[50.91243324227483,57.06586228260133],[50.8957770152341,57.09203635366431],[50.836290490088615,57.08846716215609],[50.81249588003048,57.07181093511466],[50.76847585142245,57.07538012662465],[50.78513207846308,57.1348666517697],[50.7565785463933,57.16460991434266],[50.76847585142245,57.19197371590874],[50.82915210707121,57.29310080865706],[50.842239142602835,57.29667000016527],[50.85294671712943,57.315705688211914],[50.85413644763189,57.341879759276665],[50.827962376567854,57.34069002877455],[50.837480220591175,57.350207872797874],[50.871982405175885,57.354966794808206],[50.90053593724568,57.35853598631819],[50.93622785233303,57.36686409983762],[50.97073003691776,57.404935475930905],[50.960022462391166,57.415643050457234],[50.939797043842134,57.421591702972336],[50.93265866082474,57.432299277497776]]]]}},{"type":"Feature","properties":{"kind":"district","id":"uyezd-1897-106","name":"Глазовский","provinceId":"gubernia-1897-48"},"geometry":{"type":"MultiPolygon","coordinates":[[[[50.960022462391166,57.415643050457234],[51.13781475214529,57.44107418162184],[51.194921816284946,57.41014118854578],[51.218716426343164,57.34589574138774],[51.23894184489298,57.32804978384411],[51.26630564646021,57.33042924484923],[51.24489049740791,57.36612115993739],[51.346017590155526,57.378018464965834],[51.367432739208,57.36612115993739],[51.39122734926612,57.36255196842917],[51.46142144893811,57.43988445111884],[51.48997498100799,57.450592025645165],[51.51614905207204,57.447022834135176],[51.55303069766258,57.460109869668486],[51.61965560582557,57.45535094765549],[51.63036318035206,57.463679061175725],[51.62679398884296,57.48033528821725],[51.637501563369554,57.49223259324666],[51.63155291085533,57.511268281293304],[51.648209137896146,57.523165586321745],[51.65653725141611,57.541011543866276],[51.66962428694845,57.54814992688448],[51.694608627509226,57.52435531682475],[51.71721350706487,57.51959639481353],[51.74457730863219,57.533873160848074],[51.76956164919288,57.536252621855056],[51.793356259251794,57.5576677709078],[51.81120221679508,57.57908291995956],[51.925416345075206,57.56837534543323],[51.93731365010427,57.54933965738659],[51.96467745167158,57.53268343034507],[51.984902870220694,57.50769908978509],[52.0336818208403,57.48747367123545],[52.0479585868752,57.44464337312908],[52.074132657939245,57.39943361401946],[52.17407002018439,57.41608984105912],[52.22165924030081,57.46962771369181],[52.260920346897194,57.48628394073147],[52.304940375505225,57.51721693380841],[52.35015013461573,57.52435531682475],[52.38227285819471,57.536252621855056],[52.39773935473217,57.56956507593624],[52.39773935473217,57.5993083385092],[52.40249827674374,57.619533757057965],[52.427482617305216,57.618344026555846],[52.47745129842748,57.5993083385092],[52.522661057538784,57.58265211146768],[52.59523461821661,57.57313426744436],[52.65115195185301,57.57313426744436],[52.69755144146687,57.583841841970774],[52.736812548063256,57.56956507593624],[52.79391961220291,57.54220127436839],[52.804627186729505,57.531493699842954],[52.80002983305762,57.493672020274985],[52.8107374075834,57.46630821870803],[52.94041803240178,57.488913098262884],[53.01656078458791,57.5008104032931],[53.06058081319594,57.50913851681253],[53.10935976381565,57.524605013350964],[53.19383062952262,57.52698447435617],[53.25926580718304,57.53769204888249],[53.322321523837545,57.51865636083585],[53.322321523837545,57.505569325303426],[53.34492640339249,57.505569325303426],[53.3829977794863,57.54364070139761],[53.41631023356784,57.54720989290581],[53.42939726909938,57.56386611994636],[53.490073524748226,57.5852812689991],[53.544801127882764,57.5852812689991],[53.5923903479992,57.59479911302242],[53.62451307157808,57.610265609560855],[53.66020498666545,57.610265609560855],[53.68280986622031,57.63762941112692],[53.70065582376429,57.63762941112692],[53.71493258979919,57.65309590766535],[53.77560884544805,57.65309590766535],[53.78631641997454,57.69116728375864],[53.829146718079315,57.70306458878717],[53.88744351272224,57.730428390355016],[53.93265327183285,57.76493057494009],[53.96239653440598,57.78515599348974],[54.04686740011287,57.79943275952427],[54.058764705142025,57.8148992560627],[54.07304147117692,57.83274521360545],[54.10754365576163,57.833934944109345],[54.15870206738637,57.84702197964088],[54.20510155700023,57.85535009316119],[54.22413724504679,57.86962685919573],[54.23008589756172,57.8993701217687],[54.22770643655589,57.92911338434167],[54.26101889063743,57.95052853339352],[54.24436266359662,57.960046377416845],[54.209860479011894,57.961236107919845],[54.20034263498857,57.97313341295015],[54.22651670605262,57.983840987476476],[54.215809131526825,58.01834317205977],[54.182496677445286,58.0338096685982],[54.150373953866406,58.061173470166054],[54.10397446425253,58.07782969720571],[54.09683608123514,58.10876269028266],[54.10754365576163,58.13612649184873],[54.0599544356445,58.15873137140349],[54.049246861118704,58.17419786794201],[54.07066201017109,58.18014652045712],[54.0421084781013,58.205130861017985],[53.97548356993761,58.23368439308795],[53.96953491742339,58.258668733649785],[54.04091874759794,58.29674010974307],[54.069472279667735,58.31934498929784],[54.03615982558628,58.37050340092266],[53.990950066475776,58.38834935846718],[53.96358626490846,58.41809262104015],[53.96239653440598,58.44783588361223],[53.990950066475776,58.46687157165887],[53.98976033597242,58.491855912219734],[53.94693003786773,58.54539378485154],[53.94574030736517,58.577516508429625],[53.90885866177463,58.595362465974155],[53.904099739763055,58.62867492005533],[53.93860192434778,58.64176195558865],[53.96239653440598,58.66674629614862],[53.93265327183285,58.69054090620737],[53.94336084635934,58.69767928922557],[53.94336084635934,58.71433551626522],[53.98143222245254,58.733371204311865],[54.03853928659211,58.74526850934129],[54.08255931520016,58.75954527537671],[54.12301015229909,58.76906311940003],[54.10873338626419,58.79523719046479],[54.10635392525836,58.815462609012656],[53.96120680390263,58.87019021214746],[53.97905276144671,58.89517455270922],[53.9588273428968,58.91658970176196],[53.93860192434778,58.94752269483704],[53.92551488881536,58.98083514891822],[53.93265327183285,59.01176814199517],[53.93503273283868,59.037942213058145],[53.96715545641756,59.03913194356115],[54.03972901709547,59.05935736211089],[54.03259063407798,59.079582780661426],[54.03972901709547,59.09861846870807],[54.03972901709547,59.1128952347426],[54.049246861118704,59.129551461782256],[54.0421084781013,59.141448766812566],[53.97310410893178,59.134310383794364],[53.93503273283868,59.1545358023441],[53.912427853282935,59.147397419327675],[53.93027381082702,59.134310383794364],[53.83509537059345,59.14501795832078],[53.7875061504771,59.14620768882378],[53.699466093261734,59.13787957530435],[53.62213361057225,59.117654156753815],[53.58168277347261,59.11527469574772],[53.52219624832712,59.15810499385222],[53.482935141730735,59.196176369945505],[53.444863765637635,59.24495532056521],[53.42582807759108,59.24614505106821],[53.410229388774724,59.274977655725706],[53.28649741647217,59.27973657773781],[53.26865145892809,59.29877226578445],[53.232959543840806,59.30234145729266],[53.19964708975856,59.28925442176113],[52.98787506023993,59.28687496075415],[52.981926407725794,59.27616738622969],[53.00810047878984,59.257131698183045],[53.01999778381891,59.253562506672964],[53.02475670583057,59.239285740638515],[53.08186376997023,59.19883490354002],[53.040223202367926,59.178609484990375],[53.04736158538623,59.15124568342341],[52.879609584474835,59.119122959843466],[52.83321009486096,59.12269215135257],[52.774913300217946,59.12150242085045],[52.71423704456927,59.12031269034745],[52.6749759379736,59.1369689173871],[52.64285321439472,59.14767649191343],[52.59050507226662,59.15719433593675],[52.55243369617281,59.154814874930736],[52.49294717102731,59.145297030907415],[52.460824447448346,59.14053810889709],[52.45487579493421,59.12864080386679],[52.42275307135523,59.11793322934046],[52.343041127659916,59.12269215135257],[52.27284702798792,59.0941386192826],[52.218119424854095,59.08462077525928],[52.146735594678745,59.06201589570442],[52.102715566071495,59.047739129669],[52.01586523935869,59.046549399166],[52.01824470036452,59.034652094137556],[51.987311707288114,59.032272633131456],[51.98017332427062,59.02156505860424],[51.95756844471576,59.01799586709603],[51.95161979220083,59.00847802307271],[51.96708628873908,59.00014990955337],[51.988501437791385,58.99777044854638],[52.019434430866994,58.97635529949453],[52.07892095601248,58.97992449100275],[52.11580260160312,58.96921691647642],[52.15625343870197,58.96921691647642],[52.17053020473766,58.957319611447886],[52.1586328997078,58.951370958933666],[52.13007936763802,58.95018122842978],[52.09914637456231,58.91924823535372],[52.07654149500665,58.90259200831317],[52.08367987802495,58.890694703283756],[52.04917769344023,58.878797398255315],[52.032521466399416,58.88712551177563],[51.96470682773325,58.86808982372899],[51.90878949409607,58.84429521367015],[51.91354841610773,58.81098275958906],[51.830267280903314,58.7729113834948],[51.86357973498555,58.732460546396396],[51.870718118002955,58.693199439800104],[51.992070629299775,58.63133345364896],[51.95043006169827,58.569467467497816],[51.983742515779724,58.56589827598783],[51.949240331195,58.54210366593085],[51.92068679912522,58.54210366593085],[51.92187652962849,58.56351881498271],[51.876666770517176,58.55757016246751],[51.873097579008785,58.53258582190753],[51.838595394424075,58.51830905587122],[51.85763108247053,58.495704176316366],[51.88142569252875,58.486186332293045],[51.90997922459863,58.49451444581425],[51.91473814661029,58.486186332293045],[51.88856407554624,58.46953010525161],[51.9075997635928,58.45763280022308],[51.89927165007283,58.44216630368465],[51.86120027397972,58.41718196312379],[51.843354316435736,58.405284658095255],[51.82074943687999,58.383869509041716],[51.839785124927346,58.34817759395533],[51.88380515353458,58.339849480434125],[51.88499488403794,58.326762444902684],[51.90046138057531,58.31486513987424],[51.89808191956948,58.30296783484393],[51.88380515353458,58.30177810434084],[51.88737434504377,58.27798349428307],[51.837405663921515,58.262516997744555],[51.81836997587416,58.251809423218226],[51.7921959048102,58.251809423218226],[51.78029859978105,58.23872238768767],[51.78981644380437,58.20778939461161],[51.76245264223786,58.18994343706797],[51.7398477626822,58.180425593044646],[51.725570996647306,58.18399478455197],[51.73032991865888,58.21016885561673],[51.718432613629815,58.21968669964005],[51.6982071950799,58.21373804712494],[51.680361237536715,58.21373804712494],[51.672033124015954,58.22206616064615],[51.673222854519224,58.242291579194905],[51.72676072714978,58.260137536739435],[51.73508884067054,58.27322457227088],[51.76007318123203,58.27679376378096],[51.76126291173459,58.2898807993124],[51.76721156424942,58.326762444902684],[51.74103749318468,58.332711097416905],[51.6982071950799,58.330331636410804],[51.649428244460296,58.338659749932006],[51.62682336490535,58.329141905908685],[51.60659794635552,58.31605487037538],[51.60659794635552,58.29226026031752],[51.49714274008707,58.30296783484393],[51.47453786053221,58.22087643014314],[51.45074325047399,58.19708182008431],[51.46264055550314,58.18280505404986],[51.415051335385925,58.17447694052865],[51.406723221866045,58.15544125248201],[51.419810257397586,58.14116448644836],[51.44122540645077,58.14354394745348],[51.47929678254387,58.08643688331355],[51.46264055550314,58.06145254275269],[51.47215839952638,58.03646820219094],[51.46145082499979,58.010294131127964],[51.47453786053221,57.98887898207433],[51.490004357069665,57.98530979056612],[51.480486513046344,58.00672493961788],[51.495953009584596,58.015053053139084],[51.513798967128594,58.00672493961788],[51.53640384668344,57.97103302453158],[51.47572759103477,57.95437679749015],[51.41624106588928,58.029329819174606],[51.39482591683689,58.03408874118573],[51.323442086661544,58.015053053139084],[51.28537071056843,58.00196601760578],[51.24373014296623,58.04836550722027],[51.11880844016041,58.04598604621426],[51.11048032664036,58.06740119526691],[51.03790676596253,58.069780656272115],[51.00221485087445,58.100713649348975],[50.992697006851216,58.12569798990896],[50.953435900255556,58.12688772041204],[50.91179533265334,58.106662301862315],[50.89690166932023,58.10406252039407],[50.851691910209624,58.107631711902286],[50.80172322908746,58.08740629335264],[50.79934376808163,58.07669871882622],[50.80648215109903,58.06361168329478],[50.8528816407121,58.046955456254146],[50.87072759825618,58.031488959716604],[50.860020023730385,58.016022463178174],[50.85345447391795,57.98738080292328],[50.8760593534728,57.94692996582399],[50.904612885542676,57.944550504817],[50.91769992107501,57.930273738783356],[50.90818207705178,57.919566164257034],[50.89390531101688,57.92789427777735],[50.88795665850195,57.911238050735825],[50.87130043146114,57.9029099372156],[50.87367989246697,57.885063979671955],[50.895095041519355,57.89101263218707],[50.91769992107501,57.87197694414043],[50.909371807554336,57.837474759556244],[50.92245884308667,57.81605961050261],[50.94149453113323,57.82200826301781],[50.95339183616228,57.802972574971164],[50.95339183616228,57.77560877340332],[50.978376176723856,57.75657308535668],[50.99860159527289,57.75419362435147],[51.021206474828546,57.73515793630483],[50.98789402074709,57.71136332624697],[50.99384267326131,57.69351736870342],[50.95815075817394,57.67210221965068],[50.95815075817394,57.64830760959193],[50.970048063203095,57.6340308435574],[50.965289141191434,57.61737461651596],[50.94149453113323,57.61023623349776],[50.91056153805761,57.62094380802408],[50.88319773649029,57.61380542500775],[50.857023665426254,57.59595946746411],[50.85821339592961,57.57573404891446],[50.87130043146114,57.55431889986083],[50.859403126432085,57.54123186432939],[50.84869555190629,57.52933455929997],[50.861782587437915,57.512678332259426],[50.897474502525185,57.491263183206684],[50.91888965157757,57.48531453069336],[50.9248383040925,57.46984803415492],[50.9248383040925,57.459140459628514],[50.945063722642416,57.44129450208496],[50.93265866082474,57.432299277497776],[50.939797043842134,57.421591702972336],[50.960022462391166,57.415643050457234]]]]}},{"type":"Feature","properties":{"kind":"district","id":"uyezd-1897-107","name":"Вятский","provinceId":"gubernia-1897-48"},"geometry":{"type":"MultiPolygon","coordinates":[[[[50.89690166932023,58.10406252039407],[50.92069627937835,58.13261605246404],[50.93021412340167,58.15403120151677],[50.974234152009714,58.20043069113038],[50.973044421507154,58.21589718766703],[50.99683903156537,58.21946637917702],[51.011115797600254,58.255158294263325],[51.018254180617745,58.278952904322956],[51.008736336594424,58.29322967035661],[51.01706445011439,58.30869616689601],[51.007546606091154,58.320593471924454],[51.057515287214045,58.36223403952586],[51.03134121615008,58.37889026656738],[50.98494172653622,58.36461350053196],[50.98137253502712,58.35033673449742],[50.944490889437276,58.36937242254406],[50.93021412340167,58.38007999707039],[50.95162927245477,58.400305415619144],[50.98018280452456,58.43480760020342],[50.96114711647809,58.46455086277639],[50.98137253502712,58.481207089817914],[50.99208010955371,58.493104394846355],[50.950439541951496,58.493104394846355],[50.92783466239584,58.489535203338136],[50.92545520139001,58.50024277786456],[50.86953786775362,58.49667358635634],[50.8528816407121,58.503811969373565],[50.84693298819796,58.488345472835135],[50.83146649165971,58.487155742333016],[50.79577457657244,58.50262223886968],[50.76722104450265,58.485966011830016],[50.746995625952835,58.493104394846355],[50.72439074639797,58.483586550823034],[50.700596136339755,58.494294125350244],[50.67799125678411,58.487155742333016],[50.635160958679336,58.49667358635634],[50.597089582585426,58.488345472835135],[50.561397667498156,58.49548385585334],[50.5459311709607,58.481207089817914],[50.51975709989594,58.47049951529149],[50.49596248983782,58.481207089817914],[50.49358302883199,58.49191466434335],[50.47692680179118,58.50619143037966],[50.442424617206456,58.49667358635634],[50.41268135463412,58.483586550823034],[50.39245593608429,58.49548385585334],[50.36390240401441,58.49548385585334],[50.35795375149948,58.50738116088178],[50.33772833295038,58.50857089138478],[50.31512345339472,58.51095035238999],[50.30679533987475,58.5240373879233],[50.29251857383906,58.53236550144264],[50.26991369428421,58.54783199798116],[50.179494176062306,58.571626608038926],[50.091454118847025,58.58114445206225],[50.0747978918063,58.58114445206225],[50.05219301225064,58.57638553005113],[50.0331573242041,58.58114445206225],[50.0295881326949,58.59542121809777],[50.015311366660015,58.60374933161897],[49.99508594811098,58.60493906212109],[49.970101607549495,58.63111313318584],[49.94868645849712,58.633492594191054],[49.94749672799375,58.646579629722495],[49.9391686144738,58.6549077432437],[49.93440969246214,58.67156397028522],[49.94868645849712,58.68346127531366],[49.92370211793563,58.707255885371524],[49.89514858586584,58.73699914794449],[49.83566206072035,58.75365537498513],[49.82257502518793,58.78220890705509],[49.78093445758573,58.795295942587515],[49.77736526607734,58.80957270862294],[49.75595011702504,58.82384947465748],[49.740483620486785,58.83455704918291],[49.740483620486785,58.84526462370924],[49.714309549422836,58.85002354572223],[49.703601974896245,58.8381262406929],[49.69170466986718,58.84169543220102],[49.68337655634713,58.857161928739544],[49.65482302427654,58.84764408471622],[49.63816679723581,58.85478246773256],[49.6250797617042,58.85002354572223],[49.59295703812522,58.84764408471622],[49.58172069448702,58.85438589089976],[49.54008012688446,58.84605777737856],[49.438953034137114,58.80322747927406],[49.436573573130744,58.82107343681672],[49.438953034137114,58.82821181983403],[49.450850339165726,58.873421578945425],[49.41277896307271,58.879370231459646],[49.36875893446458,58.84010912486425],[49.30808267881653,58.85081669938968],[49.2771496857403,58.85438589089976],[49.24264750115593,58.84605777737856],[49.22242208260664,58.84962696888668],[49.19862747254771,58.83653993335524],[49.15103825243165,58.8175042453086],[49.176022592992865,58.80441720977706],[49.19267882003349,58.786571252232534],[49.214093969085965,58.77586367770709],[49.21528369958915,58.76158691167167],[49.22956046562413,58.74493068463015],[49.253355075682165,58.74731014563713],[49.252165345178994,58.73065391859561],[49.26168318920284,58.721136074573266],[49.252165345178994,58.708049039039864],[49.252165345178994,58.69615173401142],[49.23431938763527,58.681874967976],[49.22242208260664,58.66045981892326],[49.19624801154224,58.66045981892326],[49.17959178450161,58.66759820194146],[49.15222798293402,58.647372783391816],[49.11653606784657,58.642613861380596],[49.14984852192846,58.61287059880763],[49.17959178450161,58.60692194629341],[49.17245340148412,58.59026571925189],[49.214093969085965,58.58550679724067],[49.27120103322589,58.53910730762618],[49.27358049423155,58.51531269756744],[49.28071887724904,58.503415392539],[49.27595995523782,58.48556943499447],[49.29618537378721,58.479620782480154],[49.30808267881653,58.46415428594359],[49.33068755837148,58.46058509443351],[49.327118366862734,58.44749805890207],[49.35448216842951,58.42489317934633],[49.41872761558702,58.41894452683211],[49.433004381622,58.404667760796684],[49.46631683570398,58.39277045576815],[49.49487036777394,58.39039099476214],[49.555546623422615,58.38682180325393],[49.611463957059456,58.37135530671461],[49.6531045246613,58.35588881017796],[49.66619156019382,58.343991505147656],[49.64001748912942,58.329714739114],[49.6281201841,58.31781743408369],[49.609084496053896,58.32019689508979],[49.609084496053896,58.29997147654103],[49.592428269013254,58.29878174603803],[49.58172069448702,58.28331524949951],[49.572202850463256,58.28331524949951],[49.56625419794885,58.272607674974076],[49.569823389457596,58.253571986926545],[49.55435689291953,58.24048495139412],[49.5567363539258,58.22501845485658],[49.54245958789082,58.20955195831815],[49.54483904889638,58.20003411429572],[49.522234169340734,58.18813680926728],[49.523423899843905,58.165531929711534],[49.528182821855836,58.15482435518423],[49.5567363539258,58.16434219920844],[49.592428269013254,58.166721660214534],[49.60551530454515,58.15363462468123],[49.62336126208888,58.14768597216701],[49.631689375608744,58.13340920613247],[49.645966141643726,58.12270163160703],[49.64239695013498,58.11437351808583],[49.62217153158569,58.097717291044304],[49.6150331485682,58.08344052500976],[49.59123853851017,58.07868160299855],[49.572202850463256,58.07392268098742],[49.57815150297827,58.06202537595712],[49.572202850463256,58.04774860992258],[49.555546623422615,58.03823076589837],[49.55911581493136,58.02990265237894],[49.55435689291953,58.018005347350496],[49.567443928452036,58.00729777282319],[49.58647961649824,58.00729777282319],[49.58885907750451,58.013246425337414],[49.609084496053896,58.0156258863444],[49.631689375608744,58.009677233828405],[49.65191479415884,57.98112370175844],[49.641207219632605,57.97279558823901],[49.636448297620674,57.96089828321057],[49.641207219632605,57.953759900191486],[49.643586680638165,57.944242056169045],[49.66553059880313,57.952966746523046],[49.698843052884584,57.97676135658189],[49.72263766294279,57.96843324306157],[49.76665769155083,57.97557162607977],[49.84517990474359,57.97914081758789],[49.866595053795976,57.98627920060521],[49.891579394356654,57.99817650563453],[49.91180481290648,58.00055596663965],[49.95225565000541,58.00293542764664],[50.00460379213422,58.04100680373904],[50.03910597671822,58.04100680373904],[50.05933139526813,58.05409383927146],[50.0783670833146,58.05647330027747],[50.10216169337282,58.04457599524814],[50.14499199147829,58.06004249178568],[50.16997633203907,58.03862734273294],[50.22232447416778,58.04338626474602],[50.237790970705234,58.029109498709616],[50.26634450277511,58.0338684207227],[50.27229315529004,58.04576572575114],[50.32821048892714,58.05052464776236],[50.401973780107525,58.05647330027747],[50.430527312177304,58.06599114430079],[50.45313219173305,58.068370605306],[50.468598688271214,58.07669871882622],[50.49120356782616,58.07193979681598],[50.50191114235267,58.07788844932932],[50.56853605051565,58.09454467637075],[50.60422796560292,58.0802679103363],[50.630402036667675,58.082647371340535],[50.66014529924003,58.06361168329478],[50.697026944830654,58.06242195279266],[50.718442093882956,58.04814518675626],[50.749375086958565,58.05052464776236],[50.77197996651431,58.046955456254146],[50.79458484606997,58.025540307201496],[50.860020023730385,58.016022463178174],[50.87072759825618,58.031488959716604],[50.8528816407121,58.046955456254146],[50.80648215109903,58.06361168329478],[50.79934376808163,58.07669871882622],[50.80172322908746,58.08740629335264],[50.851691910209624,58.107631711902286],[50.89690166932023,58.10406252039407]]]]}},{"type":"Feature","properties":{"kind":"district","id":"uyezd-1897-460","name":"Малмыжский","provinceId":"gubernia-1897-48"},"geometry":{"type":"MultiPolygon","coordinates":[[[[50.41088941486413,56.301312359829396],[50.43349429441977,56.31201993435483],[50.47156567051289,56.33819400541958],[50.5024986635885,56.33224535290448],[50.50725758560016,56.32272750888116],[50.531052195658376,56.31439939536084],[50.533431656664206,56.29893289882241],[50.55484680571659,56.294173976811194],[50.57269276326059,56.297743168319315],[50.57864141577481,56.303691820834516],[50.594107912312964,56.303691820834516],[50.6036257563362,56.296553437816314],[50.6036257563362,56.28822532429599],[50.63455874941191,56.27751774976967],[50.646456054440975,56.26799990574635],[50.66549174248833,56.24896421769971],[50.66668147299079,56.23111826015705],[50.67381985600828,56.22635933814494],[50.722598806627985,56.23111826015705],[50.748772877691934,56.215651763618524],[50.77851614026508,56.225169607641845],[50.801121019819945,56.215651763618524],[50.83800266541057,56.21684149412162],[50.879643233012786,56.225169607641845],[50.901058382065074,56.222790146636726],[50.92485299212329,56.22754906864705],[50.940319488661544,56.222790146636726],[50.93912975815827,56.214462033116405],[50.916524878603326,56.213272302613404],[50.908196765082565,56.20851338060041],[50.92247353111746,56.19185715355978],[50.98433951726878,56.2013749975831],[51.00932385783027,56.197805806074975],[51.0009957443103,56.159734429980716],[51.036687659397586,56.18233930953646],[51.061671999958264,56.17877011802736],[51.08665634051975,56.145457663947155],[51.117589333595376,56.12999116740863],[51.13305583013363,56.140698741934074],[51.1580401706951,56.135939819923834],[51.16279909270676,56.12523224539741],[51.191352624776556,56.127611706402625],[51.216336965337334,56.11928359288231],[51.219906156846335,56.10619655735077],[51.23299319237876,56.09667871332745],[51.23656238388715,56.08478140829723],[51.2698748379686,56.07645329477781],[51.30080783104431,56.08240194729301],[51.331740824120715,56.078832755782926],[51.33412028512646,56.057417606731164],[51.369812200213744,56.04552030170086],[51.376950583231235,56.09073006081235],[51.41145276781603,56.11928359288231],[51.447144682903314,56.12880143690563],[51.444765221897484,56.14188847243716],[51.43643710837672,56.157354968975596],[51.422160342341826,56.18352904004044],[51.43405764737089,56.19661607557188],[51.46380090994394,56.19899553657709],[51.52685662659863,56.215651763618524],[51.569686924703305,56.22635933814494],[51.58872261274986,56.22635933814494],[51.60537883979059,56.23468745166517],[51.636311832866994,56.23349772116305],[51.65534752091355,56.223979877139726],[51.66724482594262,56.22754906864705],[51.66605509543943,56.26443071423822],[51.694608627509226,56.297743168319315],[51.7374389256147,56.31201993435483],[51.77432057120454,56.301312359829396],[51.802874103275116,56.28227667178275],[51.82904817433908,56.29298424630819],[51.84094547936823,56.3310556224005],[51.89805254350789,56.33938373592268],[51.955159607648255,56.3429529274308],[51.96467745167158,56.32748643089237],[51.99798990575303,56.32748643089237],[52.00988721078218,56.34057346642382],[52.03844074285196,56.33819400541958],[52.05628670039596,56.35960915447046],[52.08127104095665,56.35366050195712],[52.09435807648907,56.35841942396932],[52.114583495038886,56.35960915447046],[52.13361918308553,56.36436807648256],[52.15384460163456,56.36079888497444],[52.16812136766946,56.36079888497444],[52.19667489974003,56.35841942396932],[52.21452085728332,56.365557806985656],[52.24545385035894,56.36436807648256],[52.24426411985647,56.388162686540426],[52.22403870130664,56.3845934950323],[52.20738247426583,56.39649080006261],[52.18953651672183,56.41552648810827],[52.18953651672183,56.43813136766401],[52.20024409124842,56.441700559172226],[52.21095166577501,56.453597864201555],[52.22641816231247,56.454787594703674],[52.238315467341536,56.464305438726996],[52.21690031828915,56.4714438217452],[52.18596732521344,56.48215139627152],[52.15146514062873,56.49285897079696],[52.17050082867529,56.49642816230694],[52.19667489974003,56.494048701300045],[52.20857220476918,56.50713573683336],[52.18953651672183,56.535689268903326],[52.19905436074586,56.55472495694997],[52.18477759471017,56.57970929751083],[52.18358786420761,56.603503907569575],[52.19905436074586,56.6142114820959],[52.231177084324045,56.61659094310111],[52.22403870130664,56.62729851762744],[52.20500301326008,56.62967797863256],[52.20976193527166,56.64276501416586],[52.24902304186813,56.6618007022125],[52.20024409124842,56.72604614936877],[52.19786463024259,56.753409950936614],[52.20619274376335,56.78077375250269],[52.19786463024259,56.80099917105322],[52.19905436074586,56.81646566758988],[52.232366814827316,56.834311625134404],[52.27876630444118,56.85096785217593],[52.33944256008924,56.85929596569625],[52.35966797863905,56.87238300122769],[52.370375553165644,56.89736734178855],[52.38465231920054,56.90688518581187],[52.40844692925876,56.91402356882919],[52.419154503784554,56.93424898737884],[52.428672347807776,56.95566413643157],[52.44770803585513,56.969940902467],[52.459605340884195,56.9628025194488],[52.47031291541008,56.93781817888882],[52.50243563898897,56.94971548391735],[52.53336863206458,56.98183820749544],[52.55835297262607,56.986597129508525],[52.569060547151864,56.997304704032985],[52.55954270312863,57.00801227856029],[52.575009199666795,57.03418634962513],[52.60118327073083,57.04132473264146],[52.61427030626325,57.06392961219623],[52.63330599430972,57.075826917226536],[52.65948006537377,57.080585839237756],[52.7035000939818,57.09724206627928],[52.75465850560734,57.13174425086257],[52.740381739571646,57.156728591424326],[52.70231036347853,57.16743616595065],[52.685654136437805,57.20431781154181],[52.680895214426144,57.24476864864031],[52.67018763989955,57.26261460618484],[52.67613629241448,57.303065443283245],[52.70587955498763,57.30782436529446],[52.75465850560734,57.320911400825906],[52.801057995220404,57.35779304641805],[52.835560179805114,57.39824388351556],[52.842698562822605,57.414900110557],[52.77845311566546,57.437504990111854],[52.76893527164222,57.452971486650284],[52.77607365465971,57.48033528821725],[52.78797095968878,57.502940167772095],[52.804627186729505,57.531493699842954],[52.79391961220291,57.54220127436839],[52.736812548063256,57.56956507593624],[52.69755144146687,57.583841841970774],[52.65115195185301,57.57313426744436],[52.59523461821661,57.57313426744436],[52.522661057538784,57.58265211146768],[52.47745129842748,57.5993083385092],[52.427482617305216,57.618344026555846],[52.40249827674374,57.619533757057965],[52.39773935473217,57.5993083385092],[52.39773935473217,57.56956507593624],[52.38227285819471,57.536252621855056],[52.35015013461573,57.52435531682475],[52.304940375505225,57.51721693380841],[52.260920346897194,57.48628394073147],[52.22165924030081,57.46962771369181],[52.17407002018439,57.41608984105912],[52.074132657939245,57.39943361401946],[52.0479585868752,57.44464337312908],[52.0336818208403,57.48747367123545],[51.984902870220694,57.50769908978509],[51.96467745167158,57.53268343034507],[51.93731365010427,57.54933965738659],[51.925416345075206,57.56837534543323],[51.81120221679508,57.57908291995956],[51.793356259251794,57.5576677709078],[51.76956164919288,57.536252621855056],[51.74457730863219,57.533873160848074],[51.71721350706487,57.51959639481353],[51.694608627509226,57.52435531682475],[51.66962428694845,57.54814992688448],[51.65653725141611,57.541011543866276],[51.648209137896146,57.523165586321745],[51.63155291085533,57.511268281293304],[51.637501563369554,57.49223259324666],[51.62679398884296,57.48033528821725],[51.63036318035206,57.463679061175725],[51.61965560582557,57.45535094765549],[51.55303069766258,57.460109869668486],[51.51614905207204,57.447022834135176],[51.48997498100799,57.450592025645165],[51.46142144893811,57.43988445111884],[51.39122734926612,57.36255196842917],[51.367432739208,57.36612115993739],[51.346017590155526,57.378018464965834],[51.24489049740791,57.36612115993739],[51.26630564646021,57.33042924484923],[51.23894184489298,57.32804978384411],[51.218716426343164,57.34589574138774],[51.194921816284946,57.41014118854578],[51.13781475214529,57.44107418162184],[50.960022462391166,57.415643050457234],[50.97073003691776,57.404935475930905],[50.93622785233303,57.36686409983762],[50.90053593724568,57.35853598631819],[50.871982405175885,57.354966794808206],[50.837480220591175,57.350207872797874],[50.827962376567854,57.34069002877455],[50.85413644763189,57.341879759276665],[50.85294671712943,57.315705688211914],[50.842239142602835,57.29667000016527],[50.82915210707121,57.29310080865706],[50.76847585142245,57.19197371590874],[50.7565785463933,57.16460991434266],[50.78513207846308,57.1348666517697],[50.76847585142245,57.07538012662465],[50.81249588003048,57.07181093511466],[50.836290490088615,57.08846716215609],[50.8957770152341,57.09203635366431],[50.91243324227483,57.06586228260133],[50.906484589760694,57.04444713354859],[50.88625917121087,57.034929289525266],[50.89458728473163,57.024221714998056],[50.883879710205036,56.98734006940866],[50.875551596684275,56.961165998343816],[50.85413644763189,56.962355728846916],[50.836290490088615,56.964735189852036],[50.82558291556202,56.94094057979417],[50.79583965298896,56.94094057979417],[50.77442450393657,56.949268693315375],[50.74111204985505,56.944509771302386],[50.70898932627615,56.951648154320495],[50.679246063703815,56.94213031029717],[50.654261723142326,56.94569950180539],[50.641174687609904,56.92428435275265],[50.62094926906087,56.91238704772421],[50.59715465900267,56.90524866470601],[50.568601126932876,56.90762812571211],[50.54837570838296,56.885023246157246],[50.57336004894454,56.879074593643026],[50.566221665927046,56.86122863609948],[50.54004759486229,56.85171079207616],[50.490078913740035,56.8576594445894],[50.47461241720187,56.83624429553764],[50.49364810524922,56.82910591251944],[50.50673514078076,56.793413997433134],[50.50078648826663,56.78865507542192],[50.48531999172846,56.79103453642615],[50.45914592066441,56.79817291944524],[50.43178211909711,56.800552380449474],[50.38538262948323,56.786275614415025],[50.367536671940044,56.78865507542192],[50.35920855841928,56.78151669240381],[50.34731125339013,56.75772208234506],[50.32589610433783,56.75891181284807],[50.305670685787916,56.77318857888349],[50.265219848688986,56.78389615340981],[50.22476901159004,56.77318857888349],[50.16409275594137,56.75296316033385],[50.109365152807456,56.76248100435717],[50.08557054274932,56.75653235184197],[50.07367323771946,56.71965070625178],[50.0724835072169,56.70418420971414],[50.0689143157078,56.664923103118745],[50.03322240062053,56.65897445060275],[49.993961294024146,56.64945660657943],[49.96540776195427,56.63161064903579],[49.99634075502989,56.61971334400637],[50.01537644307733,56.59710846445161],[50.0724835072169,56.59472900344649],[50.13197003236239,56.58759062042829],[50.12959057135656,56.572124123889765],[50.108175422304186,56.57331385439286],[50.101037039286695,56.54238086131866],[50.11650353582495,56.51620679025382],[50.076052698725206,56.492412180195075],[50.022514826094735,56.503119754721396],[49.988012641509926,56.488842988686855],[49.96183857044598,56.495981371703195],[49.92852611636452,56.47813541416053],[49.951130995919385,56.45672026510877],[49.89283420127644,56.423407811025726],[49.92547936967475,56.41076756609705],[49.96236101526537,56.42623406263371],[50.00638104387262,56.41433675760527],[50.028985923428266,56.439321098167014],[50.06110864700716,56.44289028967523],[50.08847244857377,56.454787594703674],[50.10512867561529,56.450028672693435],[50.10393894511192,56.432182715148905],[50.126543824667664,56.43456217615491],[50.11226705863268,56.41552648810827],[50.12773355517014,56.40957783559405],[50.144389782210865,56.379834573021085],[50.15509735673746,56.408388105090154],[50.20268657685379,56.38697295603929],[50.23599903093525,56.36436807648256],[50.24313741395274,56.35128104095112],[50.25860391049089,56.35485023245924],[50.28001905954328,56.35128104095112],[50.29072663406987,56.385783225535306],[50.2895369035666,56.39887026106683],[50.30024447809319,56.39887026106683],[50.31809043563639,56.38935241704351],[50.31214178312226,56.365557806985656],[50.35021315921536,56.33343508340748],[50.41088941486413,56.301312359829396]]]]}},{"type":"Feature","properties":{"kind":"district","id":"uyezd-1897-488","name":"Сарапульский","provinceId":"gubernia-1897-48"},"geometry":{"type":"MultiPolygon","coordinates":[[[[53.58516383679607,55.929455481527846],[53.61252763836339,55.96038847460382],[53.6470298229481,55.97823443214746],[53.71246500060772,55.98775227617078],[53.75648502921577,56.004408503212304],[53.83619697291108,56.03534149628739],[53.9016321505715,56.0472388013168],[53.93375487415048,56.03891068779737],[54.02060520086319,56.021064730253826],[54.07533280399703,56.02820311327016],[54.115783641096755,56.0472388013168],[54.13600905964579,56.085310177410086],[54.156234478195614,56.12457128400638],[54.190736662779614,56.142417241550014],[54.22523884736442,56.16740158211088],[54.24427453541098,56.20785241921115],[54.229997769376084,56.231647029269006],[54.19549558479207,56.26139029184108],[54.14552690366911,56.28637463240372],[54.10150687506106,56.324446008497006],[54.03012304488651,56.34824061855487],[53.9432727181737,56.36370711509339],[53.9052013420806,56.38512226414515],[53.86475050498095,56.51361315846043],[53.857612121963456,56.58618671913701],[53.848094277940135,56.65995001031846],[53.820730476373626,56.69088300339443],[53.821920206876186,56.73133384049284],[53.80883317134456,56.77416413859734],[53.817161284864525,56.80390740117039],[53.858801852466726,56.82056362821183],[53.92780622163545,56.83603012475035],[53.95160083169367,56.82651228072703],[54.013466817845796,56.84435823827057],[54.044399810921405,56.864583656820315],[54.06700469047706,56.89551664989628],[54.06700469047706,56.90622422442172],[54.08128145651196,56.92525991246836],[54.06700469047706,56.939536678502904],[54.040830619413015,56.943105870012886],[54.03369223639561,56.96333128856263],[54.07771226500286,56.98831562912251],[54.08128145651196,57.00735131716915],[54.0729533429912,57.026387005215796],[54.08841983952945,57.04185350175432],[54.13838852065162,57.05613026778885],[54.17764962724799,57.087063260864824],[54.21810046434693,57.11680652343691],[54.231187499879354,57.12156544544999],[54.24070534390259,57.13346275047843],[54.2573615709433,57.13941140299353],[54.265689684463354,57.15130870802295],[54.29305348603059,57.1655854740566],[54.32993513162123,57.179862240092916],[54.43463141587722,57.247676878759165],[54.45128764291874,57.245297417752184],[54.475082252976875,57.2595741837877],[54.482220635994366,57.27742014133223],[54.47151306146786,57.29050717686278],[54.48697955800603,57.329768283459074],[54.50363578504674,57.340475857985396],[54.49411794102352,57.34880397150572],[54.49530767152598,57.35713208502692],[54.51315362907006,57.35594235452392],[54.51553309007589,57.37497804257056],[54.53813796963155,57.401152113635405],[54.547655813654785,57.44874133375103],[54.580968267736225,57.46063863877956],[54.588106650753716,57.474915404815874],[54.585727189747885,57.492761362359516],[54.56193257968968,57.50822785889616],[54.575019615221294,57.54629923498945],[54.60357314729188,57.55700680951578],[54.62617802684683,57.549868426499444],[54.64759317589912,57.57485276706031],[54.64283425388756,57.58318088058062],[54.61071153030937,57.59031926359873],[54.582157998238785,57.58080141957541],[54.5083947070584,57.60459602963238],[54.48935901901186,57.633149561703235],[54.46199521744454,57.642667405726556],[54.46199521744454,57.66884147678954],[54.48578982750276,57.69501554785438],[54.47151306146786,57.711671774894924],[54.39774977028739,57.72832800193645],[54.34540162815867,57.718810157913126],[54.32636594011203,57.73784584595977],[54.321607018100465,57.75212261199431],[54.33826324514118,57.76877883903583],[54.383473004252494,57.7937631795958],[54.359678394194276,57.80685021512912],[54.34421189765611,57.802091293116035],[54.268069145469184,57.89251081133803],[54.23008589756172,57.8993701217687],[54.22413724504679,57.86962685919573],[54.20510155700023,57.85535009316119],[54.15870206738637,57.84702197964088],[54.10754365576163,57.833934944109345],[54.07304147117692,57.83274521360545],[54.058764705142025,57.8148992560627],[54.04686740011287,57.79943275952427],[53.96239653440598,57.78515599348974],[53.93265327183285,57.76493057494009],[53.88744351272224,57.730428390355016],[53.829146718079315,57.70306458878717],[53.78631641997454,57.69116728375864],[53.77560884544805,57.65309590766535],[53.71493258979919,57.65309590766535],[53.70065582376429,57.63762941112692],[53.68280986622031,57.63762941112692],[53.66020498666545,57.610265609560855],[53.62451307157808,57.610265609560855],[53.5923903479992,57.59479911302242],[53.544801127882764,57.5852812689991],[53.490073524748226,57.5852812689991],[53.42939726909938,57.56386611994636],[53.41631023356784,57.54720989290581],[53.3829977794863,57.54364070139761],[53.34492640339249,57.505569325303426],[53.322321523837545,57.505569325303426],[53.322321523837545,57.51865636083585],[53.25926580718304,57.53769204888249],[53.19383062952262,57.52698447435617],[53.10935976381565,57.524605013350964],[53.06058081319594,57.50913851681253],[53.01656078458791,57.5008104032931],[52.94041803240178,57.488913098262884],[52.8107374075834,57.46630821870803],[52.80002983305762,57.493672020274985],[52.804627186729505,57.531493699842954],[52.78797095968878,57.502940167772095],[52.77607365465971,57.48033528821725],[52.76893527164222,57.452971486650284],[52.77845311566546,57.437504990111854],[52.842698562822605,57.414900110557],[52.835560179805114,57.39824388351556],[52.801057995220404,57.35779304641805],[52.75465850560734,57.320911400825906],[52.70587955498763,57.30782436529446],[52.67613629241448,57.303065443283245],[52.67018763989955,57.26261460618484],[52.680895214426144,57.24476864864031],[52.685654136437805,57.20431781154181],[52.70231036347853,57.16743616595065],[52.740381739571646,57.156728591424326],[52.75465850560734,57.13174425086257],[52.7035000939818,57.09724206627928],[52.65948006537377,57.080585839237756],[52.63330599430972,57.075826917226536],[52.61427030626325,57.06392961219623],[52.60118327073083,57.04132473264146],[52.575009199666795,57.03418634962513],[52.55954270312863,57.00801227856029],[52.569060547151864,56.997304704032985],[52.55835297262607,56.986597129508525],[52.53336863206458,56.98183820749544],[52.50243563898897,56.94971548391735],[52.47031291541008,56.93781817888882],[52.459605340884195,56.9628025194488],[52.44770803585513,56.969940902467],[52.428672347807776,56.95566413643157],[52.419154503784554,56.93424898737884],[52.40844692925876,56.91402356882919],[52.38465231920054,56.90688518581187],[52.370375553165644,56.89736734178855],[52.35966797863905,56.87238300122769],[52.33944256008924,56.85929596569625],[52.27876630444118,56.85096785217593],[52.232366814827316,56.834311625134404],[52.19905436074586,56.81646566758988],[52.19786463024259,56.80099917105322],[52.20619274376335,56.78077375250269],[52.19786463024259,56.753409950936614],[52.20024409124842,56.72604614936877],[52.24902304186813,56.6618007022125],[52.2982279453838,56.65107843965414],[52.333919860471084,56.660596283677464],[52.381509080587506,56.660596283677464],[52.3922166551141,56.680821702227114],[52.45408264126533,56.69628819876563],[52.47787725132355,56.690339546250435],[52.58614272708864,56.70104712077685],[52.63968059972001,56.64394005663692],[52.652767635252346,56.63323248211051],[52.657526557264006,56.623714638087186],[52.68251089782548,56.596350836521204],[52.71820281291285,56.57969460947968],[52.806242870128045,56.56184865193613],[52.88833427482919,56.53567458087129],[52.943061877963814,56.509500509808305],[52.97756406254783,56.48570589974858],[53.00849705562423,56.48332643874346],[53.031101935179095,56.47380859472014],[52.99541002009181,56.439306410135075],[53.01801489964747,56.41551180007721],[53.02634301316752,56.403614495048686],[53.04418897071152,56.389337729014144],[53.02753274367079,56.373871232475715],[53.033481396184925,56.35959446644118],[53.00849705562423,56.34531770040575],[53.00016894210347,56.31914362934091],[53.04656843171735,56.33223066487422],[53.09534738233704,56.352456083422084],[53.13103929742432,56.363163657949386],[53.16078255999737,56.352456083422084],[53.18576690055815,56.33104093437122],[53.18814636156398,56.29653874978614],[53.23811504268686,56.28107225324762],[53.27380695777423,56.291779827774924],[53.30711941185568,56.279882522744614],[53.32258590839383,56.26084683469797],[53.36065728448703,56.24775979916653],[53.374934050521844,56.22634465011468],[53.389210816556826,56.21920626709657],[53.39278000806593,56.18946300452351],[53.410625965609114,56.1847040825123],[53.40705677410081,56.17637596899206],[53.418954079129875,56.175186238488976],[53.40824650460337,56.15734028094542],[53.40824650460337,56.1406840539039],[53.427282192649926,56.141873784406904],[53.422523270638266,56.12759701837237],[53.40110812158588,56.120458635354254],[53.34400105744622,56.12640728786936],[53.336862674428815,56.10737159982272],[53.39634919957432,56.10380240831362],[53.420143809632435,56.08714618127219],[53.39515946907176,56.075248876244544],[53.36065728448703,56.071679684734555],[53.34757024895461,56.069300223729435],[53.36303674549278,56.062161840711234],[53.41657461812413,56.049074805179785],[53.43798976717652,56.03122884763615],[53.420143809632435,56.02528019512104],[53.40586704359754,56.01338289009162],[53.39278000806593,55.999106124057974],[53.36898539800691,55.98244989701654],[53.271427496768396,55.97888070550833],[53.221458815645434,55.975311513998335],[53.225028007154535,55.965793669975014],[53.24644315620691,55.96460393947201],[53.31187833386734,55.940809329415046],[53.34757024895461,55.91463525835029],[53.33924213543456,55.8694254992388],[53.376960998785734,55.8628305733646],[53.42930914091454,55.858071651353384],[53.45905240348688,55.868779225879706],[53.49712377958079,55.87710733940003],[53.538764347182195,55.88543545292123],[53.58516383679607,55.929455481527846]]]]}},{"type":"Feature","properties":{"kind":"district","id":"uyezd-1897-679","name":"Котельнический","provinceId":"gubernia-1897-48"},"geometry":{"type":"MultiPolygon","coordinates":[[[[47.18457668934212,58.64566335034669],[47.18063695473246,58.60965802383726],[47.14137584813608,58.59419152729972],[47.10211474153961,58.59538125780095],[47.027161719855954,58.619175867860584],[46.94388058465235,58.61203748484238],[46.885583790009406,58.61203748484238],[46.86297891045366,58.6215553288657],[46.84632268341295,58.58943260528761],[46.7987334632966,58.58705314428063],[46.7570928956944,58.57277637824609],[46.690467987531505,58.556120151206436],[46.653586341940866,58.55374069019945],[46.63574038439687,58.51210012259796],[46.611945774338665,58.46926982449345],[46.620273887859426,58.44547521443381],[46.67143229948415,58.39431680280909],[46.692847448537336,58.376470845265445],[46.68927825702815,58.35981461822392],[46.66548364696993,58.33364054716095],[46.70355502306303,58.32293297263462],[46.71188313658379,58.29318971006157],[46.71069340608052,58.264636177991605],[46.74400586016198,58.2598772559795],[46.809441037822396,58.25273887296139],[46.86059944944783,58.20395992234355],[46.85584052743627,58.19682153932535],[46.84037403089802,58.18492423429691],[46.845132952910475,58.1373350141803],[46.82252807335473,58.12424797864699],[46.8617891799512,58.11473013462367],[46.8962913645352,58.106402021104245],[46.933173010125756,58.10521229060124],[47.06047417393749,58.095694446577916],[47.09735581952795,58.09212525506793],[47.15684234467345,58.10045336858913],[47.191344529258245,58.08974579406281],[47.25321051541037,58.083797141547606],[47.28890243049764,58.07665875853127],[47.29009216100012,58.039777112940996],[47.33530192011152,58.02550034690468],[47.33173272860233,57.998136545337715],[47.305558657538285,57.96839328276475],[47.32816353709403,57.960065169245325],[47.36147599117547,57.96601382175963],[47.37099383519879,57.97910085729197],[47.43285982135002,57.98148031829806],[47.48520796347883,57.97672139628507],[47.51495122605117,57.97077274377173],[47.529227992086064,57.97672139628507],[47.54826368013262,57.97315220477685],[47.56373017667087,57.95887543874143],[47.58276586471733,57.95411651673021],[47.602991283267244,57.960065169245325],[47.61964751030797,57.94816786421511],[47.64106265936036,57.94816786421511],[47.66485726941848,57.93151163717536],[47.68746214897422,57.929132176168466],[47.71125675903235,57.904147835608484],[47.71958487255232,57.88749160856696],[47.68984160998005,57.88154295605186],[47.67556484394507,57.87678403404064],[47.65177023388695,57.87797376454364],[47.63749346785117,57.86726619001732],[47.61250912729048,57.857748345994],[47.58514532572316,57.85298942398278],[47.55897125465921,57.82086670040461],[47.55421233264755,57.81015912587739],[47.537556105606825,57.81015912587739],[47.51495122605117,57.792313168334644],[47.542315027618486,57.780415863304334],[47.52803826158359,57.77089801928101],[47.533986914097724,57.759000714251684],[47.55064314113845,57.759000714251684],[47.54707394963006,57.72925745167872],[47.497105268507894,57.71260122463808],[47.482828502473,57.66382227401847],[47.499484729513725,57.66144281301335],[47.501864190519555,57.63407901144551],[47.519713528785374,57.6523210843725],[47.51495460677371,57.664218389402805],[47.52804164230534,57.676115694431246],[47.53399029482027,57.68920272996279],[47.607753586000655,57.686823268957575],[47.68270660768431,57.68325407744945],[47.73981367182397,57.68801299946067],[47.81000777149596,57.70347949599723],[47.85759699161319,57.70823841800943],[47.888529984688816,57.70585895700422],[47.90875540323863,57.70466922650121],[47.917083516758595,57.68801299946067],[47.924221899776086,57.677305424934254],[47.97657004190408,57.665408119903944],[47.988467346933945,57.6523210843725],[48.01583114850047,57.6558902758816],[48.03605656705038,57.6499416233664],[48.045574411073616,57.6558902758816],[48.06817929062855,57.654700545379484],[48.078886865155056,57.64875189286429],[48.07769713465258,57.63685458783496],[48.09078417018421,57.63090593531976],[48.13123500728305,57.63923404884097],[48.18001395790276,57.64756216236128],[48.189531801925995,57.65945946738972],[48.199049645949316,57.65826973688761],[48.20499829846425,57.6499416233664],[48.22522371701335,57.64875189286429],[48.23474156103738,57.63804431833796],[48.268054015118835,57.64161350984618],[48.304935660708665,57.64518270135616],[48.32873027076759,57.634475126829756],[48.34776595881415,57.63923404884097],[48.36918110786654,57.63804431833796],[48.44889305156185,57.6511313538695],[48.48220550564329,57.668977311413045],[48.491723349666614,57.69277192147277],[48.51908715123393,57.69872057398611],[48.55358933581864,57.69277192147277],[48.5690558323561,57.69158219096879],[48.57738394587686,57.70466922650121],[48.60355801694082,57.69991030448911],[48.615455321969975,57.680874616442466],[48.644008854039754,57.671356772419145],[48.67613157761873,57.68801299946067],[48.68683915214453,57.70347949599723],[48.774879209360606,57.71299734002055],[48.74324119080174,57.74030238946577],[48.69803143169044,57.784322418072385],[48.68137520464971,57.80811702813024],[48.68732385716464,57.8414294822132],[48.68970331817039,57.861654900762936],[48.68613412666137,57.8759316667965],[48.66947789962056,57.89139816333501],[48.64925248107154,57.915192773392874],[48.60285299145767,57.91995169540587],[48.58143784240528,57.928279808926185],[48.564781615364566,57.91876196490286],[48.548125388323044,57.946125766468846],[48.53503835279142,57.95207441898404],[48.53027943077976,57.96397172401248],[48.51719239524742,57.9699203765276],[48.51005401222993,57.99728417809544],[48.4933977851892,58.02345824915851],[48.48863886317754,58.03892474569694],[48.506484820721624,58.05320151173237],[48.502915629212524,58.066288547263895],[48.48506967166925,58.071047469275115],[48.47555182764522,58.080565313298436],[48.46246479211359,58.08770369631655],[48.438670182055375,58.08532423531054],[48.41606530249972,58.075806391287216],[48.38513230942411,58.06390908625869],[48.34230201131933,58.06390908625869],[48.33040470629028,58.075806391287216],[48.32921497578691,58.09127288782476],[48.3363533588044,58.10079073184808],[48.35300958584513,58.12339561140285],[48.35538904685096,58.14243129944949],[48.34825066383347,58.16503617900612],[48.32326632327279,58.182882136549765],[48.32207659276952,58.21143566861883],[48.31493820975203,58.2376097396827],[48.31850740126042,58.25783515823244],[48.33040470629028,58.27925030728509],[48.37799392640662,58.306614108852045],[48.42439341602048,58.314942222372366],[48.48744913267508,58.32446006639569],[48.51957185625325,58.35301359846654],[48.54336646631138,58.370859556010174],[48.58500703391367,58.37204928651318],[48.592145416931075,58.3815671305365],[48.58024811190201,58.39941308808014],[48.58381730341111,58.41368985411468],[48.596904338942736,58.41844877612581],[48.60880164397189,58.43867419467643],[48.61712975749256,58.45414069121397],[48.60880164397189,58.46365853523729],[48.59571460844026,58.46008934372908],[48.58143784240528,58.473176379260615],[48.53979727480308,58.487453145296044],[48.53027943077976,58.50054018082757],[48.508864281727455,58.50529910283879],[48.49220805468674,58.51362721635902],[48.47079290563356,58.52314506038234],[48.442239373563766,58.544560209435076],[48.41606530249972,58.551698592452304],[48.393460422944074,58.57073428049895],[48.392270692441514,58.58739050754047],[48.38156311791492,58.599287812569884],[48.38870150093241,58.61475430910832],[48.37918365690918,58.62427215313164],[48.38632203992658,58.63973864966829],[48.34349174182189,58.67424083425337],[48.33040470629028,58.675430564756454],[48.31374847924876,58.687327869784895],[48.33397389779857,58.699225174814316],[48.320886862267045,58.71231221034576],[48.33754308930767,58.71826086286096],[48.35776850785679,58.71588140185575],[48.37323500439496,58.73372735939939],[48.36966581288594,58.75157331694205],[48.395839883949904,58.75514250845115],[48.45889560060449,58.778937118509006],[48.51243347323576,58.799162537058656],[48.5493151188264,58.802731728568645],[48.555263771340535,58.81700849460229],[48.54336646631138,58.82295714711838],[48.556453501843805,58.83485445214682],[48.504105359715794,58.83604418264893],[48.47674155814849,58.85032094868525],[48.46127506161032,58.866977175725],[48.4481880260787,58.89672043829796],[48.42082422451138,58.90861774332827],[48.34825066383347,58.99070914802906],[48.33040470629028,58.98238103450785],[48.31731767075786,59.001416722554495],[48.33873281981023,59.02045241060114],[48.3399225503135,59.03591890713868],[48.33159443679274,59.045436751162],[48.31374847924876,59.03829836814567],[48.279246294664745,59.05852378669532],[48.25545168460653,59.079938935747165],[48.2387954575659,59.083508127255286],[48.23046734404514,59.0965951627886],[48.20667273398692,59.10849246781713],[48.209052194992665,59.12276923385158],[48.19001650694619,59.14061519139521],[48.1863297727965,59.16200638861213],[48.15301731871506,59.165575580120255],[48.11494594262123,59.160816658110015],[48.09353079356876,59.170334502133336],[48.05664914797822,59.178662615653565],[48.0471313039549,59.17152423263545],[48.023336693896766,59.16200638861213],[48.01024965836514,59.148919353079705],[47.98645504830702,59.15367827509181],[47.972178282271244,59.14178097006337],[47.94838367221311,59.138211778553384],[47.89960472159342,59.142970700565485],[47.84725657946541,59.15843719710303],[47.818703047395545,59.170334502133336],[47.77944194079916,59.157247466600026],[47.76159598325587,59.15843719710303],[47.74018083420279,59.1501090835836],[47.712817032636266,59.13702204805029],[47.661658621010744,59.13940150905728],[47.62239751441436,59.12036582101064],[47.616448861900224,59.10727878547732],[47.58432613832126,59.1001404024601],[47.549823953736535,59.076345792402236],[47.53435745719908,59.04779226033227],[47.58789532983036,59.01804899775922],[47.636674280449256,58.95975220311629],[47.712817032636266,58.93595759305843],[47.62953589743185,58.84196888332733],[47.57004937228636,58.797948854720715],[47.540306109713214,58.80032831572592],[47.502234733620114,58.732513677059586],[47.69616080559554,58.67064769090844],[47.68902242257805,58.6492325418549],[47.666417543022405,58.648042811353676],[47.63072562793512,58.618299548780705],[47.59860290435624,58.617109818276724],[47.58670559932709,58.60402278274519],[47.53197799619325,58.60997143526039],[47.48081958456781,58.62781739280305],[47.42014332891897,58.61354062676851],[47.26666809404327,58.63495577582036],[47.18457668934212,58.64566335034669]]]]}},{"type":"Feature","properties":{"kind":"district","id":"uyezd-1897-701","name":"Орловский","provinceId":"gubernia-1897-48"},"geometry":{"type":"MultiPolygon","coordinates":[[[[49.192474615883725,57.68563353845457],[49.2057658555653,57.702726764077894],[49.214093969085965,57.722952182626656],[49.22956046562413,57.73247002665086],[49.243837231659114,57.75269544519873],[49.259303728196485,57.75507490620474],[49.278339416243384,57.784818168777704],[49.290236721272805,57.80504358732745],[49.32116971434843,57.80742304833345],[49.31046213982219,57.81813062286075],[49.31997998384524,57.83359711939741],[49.34734378541202,57.82883819738619],[49.34734378541202,57.84073550241463],[49.3425848634009,57.860960920964274],[49.39612273603208,57.85382253794794],[49.41515842407827,57.82764846688319],[49.44252222564586,57.85144307694193],[49.51985470833516,57.85144307694193],[49.536510935375716,57.84311496342073],[49.555546623422615,57.84192523291763],[49.59361799951573,57.8811863395149],[49.62455099259125,57.87523768700068],[49.634068836615114,57.878806878508804],[49.62930991460318,57.89070418353734],[49.638827758626235,57.924016637618514],[49.643586680638165,57.944242056169045],[49.641207219632605,57.953759900191486],[49.636448297620674,57.96089828321057],[49.641207219632605,57.97279558823901],[49.65191479415884,57.98112370175844],[49.631689375608744,58.009677233828405],[49.609084496053896,58.0156258863444],[49.58885907750451,58.013246425337414],[49.58647961649824,58.00729777282319],[49.567443928452036,58.00729777282319],[49.55435689291953,58.018005347350496],[49.55911581493136,58.02990265237894],[49.555546623422615,58.03823076589837],[49.572202850463256,58.04774860992258],[49.57815150297827,58.06202537595712],[49.572202850463256,58.07392268098742],[49.59123853851017,58.07868160299855],[49.6150331485682,58.08344052500976],[49.62217153158569,58.097717291044304],[49.64239695013498,58.11437351808583],[49.645966141643726,58.12270163160703],[49.631689375608744,58.13340920613247],[49.62336126208888,58.14768597216701],[49.60551530454515,58.15363462468123],[49.592428269013254,58.166721660214534],[49.5567363539258,58.16434219920844],[49.528182821855836,58.15482435518423],[49.523423899843905,58.165531929711534],[49.522234169340734,58.18813680926728],[49.54483904889638,58.20003411429572],[49.54245958789082,58.20955195831815],[49.5567363539258,58.22501845485658],[49.55435689291953,58.24048495139412],[49.569823389457596,58.253571986926545],[49.56625419794885,58.272607674974076],[49.572202850463256,58.28331524949951],[49.58172069448702,58.28331524949951],[49.592428269013254,58.29878174603803],[49.609084496053896,58.29997147654103],[49.609084496053896,58.32019689508979],[49.6281201841,58.31781743408369],[49.64001748912942,58.329714739114],[49.66619156019382,58.343991505147656],[49.6531045246613,58.35588881017796],[49.611463957059456,58.37135530671461],[49.555546623422615,58.38682180325393],[49.49487036777394,58.39039099476214],[49.46631683570398,58.39277045576815],[49.433004381622,58.404667760796684],[49.41872761558702,58.41894452683211],[49.35448216842951,58.42489317934633],[49.327118366862734,58.44749805890207],[49.33068755837148,58.46058509443351],[49.30808267881653,58.46415428594359],[49.29618537378721,58.479620782480154],[49.27595995523782,58.48556943499447],[49.28071887724904,58.503415392539],[49.27358049423155,58.51531269756744],[49.27120103322589,58.53910730762618],[49.214093969085965,58.58550679724067],[49.17245340148412,58.59026571925189],[49.17959178450161,58.60692194629341],[49.14984852192846,58.61287059880763],[49.11653606784657,58.642613861380596],[49.15222798293402,58.647372783391816],[49.17959178450161,58.66759820194146],[49.19624801154224,58.66045981892326],[49.22242208260664,58.66045981892326],[49.23431938763527,58.681874967976],[49.252165345178994,58.69615173401142],[49.252165345178994,58.708049039039864],[49.26168318920284,58.721136074573266],[49.252165345178994,58.73065391859561],[49.253355075682165,58.74731014563713],[49.22956046562413,58.74493068463015],[49.21528369958915,58.76158691167167],[49.214093969085965,58.77586367770709],[49.19267882003349,58.786571252232534],[49.176022592992865,58.80441720977706],[49.15103825243165,58.8175042453086],[49.19862747254771,58.83653993335524],[49.22242208260664,58.84962696888668],[49.24264750115593,58.84605777737856],[49.2771496857403,58.85438589089976],[49.30808267881653,58.85081669938968],[49.36875893446458,58.84010912486425],[49.41277896307271,58.879370231459646],[49.450850339165726,58.873421578945425],[49.438953034137114,58.82821181983403],[49.436573573130744,58.82107343681672],[49.438953034137114,58.80322747927406],[49.54008012688446,58.84605777737856],[49.58172069448702,58.85438589089976],[49.58172069448702,58.88293942296973],[49.61027422655707,58.91744160755391],[49.649535333152556,58.957892444652316],[49.69117590075504,58.98644597672228],[49.680468326228805,58.99953301225381],[49.70188347528136,59.00548166476981],[49.72210889383065,58.99596382074649],[49.76493919193568,59.034035196839774],[49.80420029853188,59.031655735833766],[49.78278514947941,59.05782980689763],[49.806579759537456,59.08400387796247],[49.837512752613776,59.11136767952944],[49.82204625607561,59.12088552355178],[49.823235986578794,59.1280239065691],[49.791113263000085,59.13873148109631],[49.7768364969651,59.14705959461662],[49.78040568847385,59.169664474172365],[49.7518521564038,59.195838545236235],[49.76969811394761,59.19940773674445],[49.798251646017576,59.22082288579621],[49.84703059663683,59.20773585026477],[49.88629170323313,59.192269353726246],[49.913655504799905,59.20297692825355],[49.986229065478085,59.181561779200806],[50.04452586012039,59.195838545236235],[50.11709942079857,59.20773585026477],[50.16587837141792,59.261273722896476],[50.183724328961645,59.29101698546856],[50.186103789967206,59.32432943954974],[50.17896540695051,59.36715973765602],[50.246780045615964,59.411179766262634],[50.33482010283231,59.46709709989956],[50.35385579087843,59.482563596438965],[50.36218390439909,59.52182470303437],[50.34790713836411,59.54680904359523],[50.36456336540466,59.5777420366712],[50.40144501099529,59.60867502974637],[50.39787581948654,59.6265209872909],[50.39906554998973,59.645556675338426],[50.30626657076226,59.653884788857766],[50.241351157908326,59.65992256549539],[50.158070022703996,59.65278418247905],[50.146172717674844,59.63017930292243],[49.987938560787484,59.6289895724212],[49.957005567711064,59.61471280638577],[49.922503383127065,59.609953884374555],[49.90941634759473,59.596866848841245],[49.87967308502158,59.589728465824024],[49.82732494289358,59.58259008280582],[49.73690542467247,59.5837798133098],[49.62982967940984,59.594487387836125],[49.610793991363295,59.5766414302916],[49.56320477124606,59.56831331677128],[49.52751285615888,59.53975978470132],[49.51323609012398,59.51834463564867],[49.52156420364466,59.51001652212835],[49.52037447314139,59.499308947602024],[49.491820941071595,59.4897911035787],[49.46564687000755,59.4897911035787],[49.40259115335296,59.48860137307659],[49.36095058575076,59.47432460704205],[49.28837702507283,59.46718622402385],[49.2859975640671,59.48741164257349],[49.23126996093326,59.48741164257349],[49.17773208830191,59.45885811050353],[49.142040173214625,59.46599649352173],[49.111107180139015,59.47075541553206],[49.05162065499272,59.45171972748542],[48.95644221475996,59.450529996982326],[48.86721242704141,59.45647864949841],[48.82081293742753,59.47670406804717],[48.7732237173112,59.4897911035787],[48.64830201450448,59.51834463564867],[48.59000521986155,59.55046735922773],[48.562641418295044,59.55165708973162],[48.52575977270449,59.56117493375494],[48.50041862556618,59.57960179513615],[48.47186509349632,59.55580718507731],[48.4409321004199,59.53082284451556],[48.437362908911595,59.5058385039547],[48.429034795390834,59.49037200741627],[48.400481263321055,59.479664432889855],[48.371927731251176,59.452300631322984],[48.361220156724585,59.37972707064543],[48.34575366018713,59.36782976561699],[48.35051258219879,59.35593246058668],[48.36835853974199,59.348794077570346],[48.37549692275948,59.33808650304402],[48.394532610806834,59.327378928517604],[48.395722341309394,59.31310216248218],[48.405240185332616,59.30477404896097],[48.393342880303564,59.28573836091433],[48.371927731251176,59.26670267286769],[48.365979078736245,59.24171833230771],[48.30530282308749,59.21435453073995],[48.291026057052505,59.21792372224994],[48.28983632655003,59.20126749520842],[48.2696109080002,59.18937019017998],[48.251764950456916,59.19055992068112],[48.239867645427765,59.18937019017998],[48.23272926241037,59.17390369364146],[48.1863297727965,59.16200638861213],[48.19001650694619,59.14061519139521],[48.209052194992665,59.12276923385158],[48.20667273398692,59.10849246781713],[48.23046734404514,59.0965951627886],[48.2387954575659,59.083508127255286],[48.25545168460653,59.079938935747165],[48.279246294664745,59.05852378669532],[48.31374847924876,59.03829836814567],[48.33159443679274,59.045436751162],[48.3399225503135,59.03591890713868],[48.33873281981023,59.02045241060114],[48.31731767075786,59.001416722554495],[48.33040470629028,58.98238103450785],[48.34825066383347,58.99070914802906],[48.42082422451138,58.90861774332827],[48.4481880260787,58.89672043829796],[48.46127506161032,58.866977175725],[48.47674155814849,58.85032094868525],[48.504105359715794,58.83604418264893],[48.556453501843805,58.83485445214682],[48.54336646631138,58.82295714711838],[48.555263771340535,58.81700849460229],[48.5493151188264,58.802731728568645],[48.51243347323576,58.799162537058656],[48.45889560060449,58.778937118509006],[48.395839883949904,58.75514250845115],[48.36966581288594,58.75157331694205],[48.37323500439496,58.73372735939939],[48.35776850785679,58.71588140185575],[48.33754308930767,58.71826086286096],[48.320886862267045,58.71231221034576],[48.33397389779857,58.699225174814316],[48.31374847924876,58.687327869784895],[48.33040470629028,58.675430564756454],[48.34349174182189,58.67424083425337],[48.38632203992658,58.63973864966829],[48.37918365690918,58.62427215313164],[48.38870150093241,58.61475430910832],[48.38156311791492,58.599287812569884],[48.392270692441514,58.58739050754047],[48.393460422944074,58.57073428049895],[48.41606530249972,58.551698592452304],[48.442239373563766,58.544560209435076],[48.47079290563356,58.52314506038234],[48.49220805468674,58.51362721635902],[48.508864281727455,58.50529910283879],[48.53027943077976,58.50054018082757],[48.53979727480308,58.487453145296044],[48.58143784240528,58.473176379260615],[48.59571460844026,58.46008934372908],[48.60880164397189,58.46365853523729],[48.61712975749256,58.45414069121397],[48.60880164397189,58.43867419467643],[48.596904338942736,58.41844877612581],[48.58381730341111,58.41368985411468],[48.58024811190201,58.39941308808014],[48.592145416931075,58.3815671305365],[48.58500703391367,58.37204928651318],[48.54336646631138,58.370859556010174],[48.51957185625325,58.35301359846654],[48.48744913267508,58.32446006639569],[48.42439341602048,58.314942222372366],[48.37799392640662,58.306614108852045],[48.33040470629028,58.27925030728509],[48.31850740126042,58.25783515823244],[48.31493820975203,58.2376097396827],[48.32207659276952,58.21143566861883],[48.32326632327279,58.182882136549765],[48.34825066383347,58.16503617900612],[48.35538904685096,58.14243129944949],[48.35300958584513,58.12339561140285],[48.3363533588044,58.10079073184808],[48.32921497578691,58.09127288782476],[48.33040470629028,58.075806391287216],[48.34230201131933,58.06390908625869],[48.38513230942411,58.06390908625869],[48.41606530249972,58.075806391287216],[48.438670182055375,58.08532423531054],[48.46246479211359,58.08770369631655],[48.47555182764522,58.080565313298436],[48.48506967166925,58.071047469275115],[48.502915629212524,58.066288547263895],[48.506484820721624,58.05320151173237],[48.48863886317754,58.03892474569694],[48.4933977851892,58.02345824915851],[48.51005401222993,57.99728417809544],[48.51719239524742,57.9699203765276],[48.53027943077976,57.96397172401248],[48.53503835279142,57.95207441898404],[48.548125388323044,57.946125766468846],[48.564781615364566,57.91876196490286],[48.58143784240528,57.928279808926185],[48.60285299145767,57.91995169540587],[48.64925248107154,57.915192773392874],[48.66947789962056,57.89139816333501],[48.68613412666137,57.8759316667965],[48.68970331817039,57.861654900762936],[48.68732385716464,57.8414294822132],[48.68137520464971,57.80811702813024],[48.69803143169044,57.784322418072385],[48.74324119080174,57.74030238946577],[48.774879209360606,57.71299734002055],[48.79272516690459,57.69277192147277],[48.82127869897447,57.68206434694547],[48.85697061406175,57.673736233426126],[48.88790360713736,57.6558902758816],[48.91050848669302,57.63804431833796],[48.95214905429451,57.62614701330952],[48.972374472844336,57.624957282806434],[49.00925611843489,57.63090593531976],[49.043758303019686,57.62852647431464],[49.081829679112715,57.63566485733284],[49.09372698414187,57.64399297085308],[49.117521594199985,57.67254650292304],[49.14250593476156,57.69039246046579],[49.17105946683135,57.69396165197391],[49.192474615883725,57.68563353845457]]]]}},{"type":"Feature","properties":{"kind":"district","id":"uyezd-1897-702","name":"Слободский","provinceId":"gubernia-1897-48"},"geometry":{"type":"MultiPolygon","coordinates":[[[[50.241351157908326,59.65992256549539],[50.30626657076226,59.653884788857766],[50.39906554998973,59.645556675338426],[50.39787581948654,59.6265209872909],[50.40144501099529,59.60867502974637],[50.36456336540466,59.5777420366712],[50.34790713836411,59.54680904359523],[50.36218390439909,59.52182470303437],[50.35385579087843,59.482563596438965],[50.33482010283231,59.46709709989956],[50.246780045615964,59.411179766262634],[50.17896540695051,59.36715973765602],[50.186103789967206,59.32432943954974],[50.183724328961645,59.29101698546856],[50.16587837141792,59.261273722896476],[50.11709942079857,59.20773585026477],[50.04452586012039,59.195838545236235],[49.986229065478085,59.181561779200806],[49.913655504799905,59.20297692825355],[49.88629170323313,59.192269353726246],[49.84703059663683,59.20773585026477],[49.798251646017576,59.22082288579621],[49.76969811394761,59.19940773674445],[49.7518521564038,59.195838545236235],[49.78040568847385,59.169664474172365],[49.7768364969651,59.14705959461662],[49.791113263000085,59.13873148109631],[49.823235986578794,59.1280239065691],[49.82204625607561,59.12088552355178],[49.837512752613776,59.11136767952944],[49.806579759537456,59.08400387796247],[49.78278514947941,59.05782980689763],[49.80420029853188,59.031655735833766],[49.76493919193568,59.034035196839774],[49.72210889383065,58.99596382074649],[49.70188347528136,59.00548166476981],[49.680468326228805,58.99953301225381],[49.69117590075504,58.98644597672228],[49.649535333152556,58.957892444652316],[49.61027422655707,58.91744160755391],[49.58172069448702,58.88293942296973],[49.58172069448702,58.85438589089976],[49.59295703812522,58.84764408471622],[49.6250797617042,58.85002354572223],[49.63816679723581,58.85478246773256],[49.65482302427654,58.84764408471622],[49.68337655634713,58.857161928739544],[49.69170466986718,58.84169543220102],[49.703601974896245,58.8381262406929],[49.714309549422836,58.85002354572223],[49.740483620486785,58.84526462370924],[49.740483620486785,58.83455704918291],[49.75595011702504,58.82384947465748],[49.77736526607734,58.80957270862294],[49.78093445758573,58.795295942587515],[49.82257502518793,58.78220890705509],[49.83566206072035,58.75365537498513],[49.89514858586584,58.73699914794449],[49.92370211793563,58.707255885371524],[49.94868645849712,58.68346127531366],[49.93440969246214,58.67156397028522],[49.9391686144738,58.6549077432437],[49.94749672799375,58.646579629722495],[49.94868645849712,58.633492594191054],[49.970101607549495,58.63111313318584],[49.99508594811098,58.60493906212109],[50.015311366660015,58.60374933161897],[50.0295881326949,58.59542121809777],[50.0331573242041,58.58114445206225],[50.05219301225064,58.57638553005113],[50.0747978918063,58.58114445206225],[50.091454118847025,58.58114445206225],[50.179494176062306,58.571626608038926],[50.26991369428421,58.54783199798116],[50.29251857383906,58.53236550144264],[50.30679533987475,58.5240373879233],[50.31512345339472,58.51095035238999],[50.33772833295038,58.50857089138478],[50.35795375149948,58.50738116088178],[50.36390240401441,58.49548385585334],[50.39245593608429,58.49548385585334],[50.41268135463412,58.483586550823034],[50.442424617206456,58.49667358635634],[50.47692680179118,58.50619143037966],[50.49358302883199,58.49191466434335],[50.49596248983782,58.481207089817914],[50.51975709989594,58.47049951529149],[50.5459311709607,58.481207089817914],[50.561397667498156,58.49548385585334],[50.597089582585426,58.488345472835135],[50.635160958679336,58.49667358635634],[50.67799125678411,58.487155742333016],[50.700596136339755,58.494294125350244],[50.72439074639797,58.483586550823034],[50.746995625952835,58.493104394846355],[50.76722104450265,58.485966011830016],[50.79577457657244,58.50262223886968],[50.83146649165971,58.487155742333016],[50.84693298819796,58.488345472835135],[50.8528816407121,58.503811969373565],[50.86953786775362,58.49667358635634],[50.92545520139001,58.50024277786456],[50.92783466239584,58.489535203338136],[50.950439541951496,58.493104394846355],[50.99208010955371,58.493104394846355],[50.98137253502712,58.481207089817914],[50.96114711647809,58.46455086277639],[50.98018280452456,58.43480760020342],[50.95162927245477,58.400305415619144],[50.93021412340167,58.38007999707039],[50.944490889437276,58.36937242254406],[50.98137253502712,58.35033673449742],[50.98494172653622,58.36461350053196],[51.03134121615008,58.37889026656738],[51.057515287214045,58.36223403952586],[51.007546606091154,58.320593471924454],[51.01706445011439,58.30869616689601],[51.008736336594424,58.29322967035661],[51.018254180617745,58.278952904322956],[51.011115797600254,58.255158294263325],[50.99683903156537,58.21946637917702],[50.973044421507154,58.21589718766703],[50.974234152009714,58.20043069113038],[50.93021412340167,58.15403120151677],[50.92069627937835,58.13261605246404],[50.89690166932023,58.10406252039407],[50.91179533265334,58.106662301862315],[50.953435900255556,58.12688772041204],[50.992697006851216,58.12569798990896],[51.00221485087445,58.100713649348975],[51.03790676596253,58.069780656272115],[51.11048032664036,58.06740119526691],[51.11880844016041,58.04598604621426],[51.24373014296623,58.04836550722027],[51.28537071056843,58.00196601760578],[51.323442086661544,58.015053053139084],[51.39482591683689,58.03408874118573],[51.41624106588928,58.029329819174606],[51.47572759103477,57.95437679749015],[51.53640384668344,57.97103302453158],[51.513798967128594,58.00672493961788],[51.495953009584596,58.015053053139084],[51.480486513046344,58.00672493961788],[51.490004357069665,57.98530979056612],[51.47453786053221,57.98887898207433],[51.46145082499979,58.010294131127964],[51.47215839952638,58.03646820219094],[51.46264055550314,58.06145254275269],[51.47929678254387,58.08643688331355],[51.44122540645077,58.14354394745348],[51.419810257397586,58.14116448644836],[51.406723221866045,58.15544125248201],[51.415051335385925,58.17447694052865],[51.46264055550314,58.18280505404986],[51.45074325047399,58.19708182008431],[51.47453786053221,58.22087643014314],[51.49714274008707,58.30296783484393],[51.60659794635552,58.29226026031752],[51.60659794635552,58.31605487037538],[51.62682336490535,58.329141905908685],[51.649428244460296,58.338659749932006],[51.6982071950799,58.330331636410804],[51.74103749318468,58.332711097416905],[51.76721156424942,58.326762444902684],[51.76126291173459,58.2898807993124],[51.76007318123203,58.27679376378096],[51.73508884067054,58.27322457227088],[51.72676072714978,58.260137536739435],[51.673222854519224,58.242291579194905],[51.672033124015954,58.22206616064615],[51.680361237536715,58.21373804712494],[51.6982071950799,58.21373804712494],[51.718432613629815,58.21968669964005],[51.73032991865888,58.21016885561673],[51.725570996647306,58.18399478455197],[51.7398477626822,58.180425593044646],[51.76245264223786,58.18994343706797],[51.78981644380437,58.20778939461161],[51.78029859978105,58.23872238768767],[51.7921959048102,58.251809423218226],[51.81836997587416,58.251809423218226],[51.837405663921515,58.262516997744555],[51.88737434504377,58.27798349428307],[51.88380515353458,58.30177810434084],[51.89808191956948,58.30296783484393],[51.90046138057531,58.31486513987424],[51.88499488403794,58.326762444902684],[51.88380515353458,58.339849480434125],[51.839785124927346,58.34817759395533],[51.82074943687999,58.383869509041716],[51.843354316435736,58.405284658095255],[51.86120027397972,58.41718196312379],[51.89927165007283,58.44216630368465],[51.9075997635928,58.45763280022308],[51.88856407554624,58.46953010525161],[51.91473814661029,58.486186332293045],[51.90997922459863,58.49451444581425],[51.88142569252875,58.486186332293045],[51.85763108247053,58.495704176316366],[51.838595394424075,58.51830905587122],[51.873097579008785,58.53258582190753],[51.876666770517176,58.55757016246751],[51.92187652962849,58.56351881498271],[51.92068679912522,58.54210366593085],[51.949240331195,58.54210366593085],[51.983742515779724,58.56589827598783],[51.95043006169827,58.569467467497816],[51.992070629299775,58.63133345364896],[51.870718118002955,58.693199439800104],[51.86357973498555,58.732460546396396],[51.830267280903314,58.7729113834948],[51.91354841610773,58.81098275958906],[51.90878949409607,58.84429521367015],[51.96470682773325,58.86808982372899],[52.032521466399416,58.88712551177563],[52.04917769344023,58.878797398255315],[52.08367987802495,58.890694703283756],[52.07654149500665,58.90259200831317],[52.09914637456231,58.91924823535372],[52.13007936763802,58.95018122842978],[52.1586328997078,58.951370958933666],[52.17053020473766,58.957319611447886],[52.15625343870197,58.96921691647642],[52.11580260160312,58.96921691647642],[52.07892095601248,58.97992449100275],[52.019434430866994,58.97635529949453],[51.988501437791385,58.99777044854638],[51.96708628873908,59.00014990955337],[51.95161979220083,59.00847802307271],[51.95756844471576,59.01799586709603],[51.98017332427062,59.02156505860424],[51.987311707288114,59.032272633131456],[52.01824470036452,59.034652094137556],[52.01586523935869,59.046549399166],[52.102715566071495,59.047739129669],[52.146735594678745,59.06201589570442],[52.218119424854095,59.08462077525928],[52.27284702798792,59.0941386192826],[52.343041127659916,59.12269215135257],[52.42275307135523,59.11793322934046],[52.45487579493421,59.12864080386679],[52.460824447448346,59.14053810889709],[52.49294717102731,59.145297030907415],[52.55243369617281,59.154814874930736],[52.59050507226662,59.15719433593675],[52.64285321439472,59.14767649191343],[52.6749759379736,59.1369689173871],[52.71423704456927,59.12031269034745],[52.774913300217946,59.12150242085045],[52.83321009486096,59.12269215135257],[52.879609584474835,59.119122959843466],[53.04736158538623,59.15124568342341],[53.040223202367926,59.178609484990375],[53.08186376997023,59.19883490354002],[53.02475670583057,59.239285740638515],[53.01999778381891,59.253562506672964],[53.00810047878984,59.257131698183045],[52.981926407725794,59.27616738622969],[52.98787506023993,59.28687496075415],[53.19964708975856,59.28925442176113],[53.232959543840806,59.30234145729266],[53.26865145892809,59.29877226578445],[53.28649741647217,59.27973657773781],[53.410229388774724,59.274977655725706],[53.39000397022569,59.29758253528145],[53.31980987055361,59.31066957081289],[53.342414750108475,59.351120407912276],[53.42688561581545,59.404658280543984],[53.52444351705485,59.46890372770034],[53.614863035276656,59.54028755787569],[53.66840090790723,59.58668704748921],[53.78023557518151,59.787751502482934],[53.77428692266729,59.92813970182665],[53.78023557518151,59.956693233896615],[53.75525123462003,60.01974895054988],[53.67910848243382,60.12087604329918],[53.645796028352365,60.14348092285403],[53.56608408465705,60.16846526341578],[53.54585866610714,60.183931759953325],[53.4893154308666,60.219095901867114],[53.45600297678507,60.19292183080236],[53.442915941252735,60.1572299157142],[53.321563429955205,60.15009153269786],[52.93728047751344,60.15128126320086],[52.622001894241365,60.1703169512475],[52.468526659365665,60.17983479527082],[52.428075822265924,60.20006021382047],[52.41974770874597,60.222665093375326],[52.387624985166994,60.24526997293018],[52.335276843039,60.23456239840377],[52.29006708392768,60.25359808645041],[52.25675462984614,60.24764943393708],[52.20678594872406,60.25121862544529],[52.08781289843229,60.220285632368345],[52.0592593663625,60.1584196462172],[51.99739338021118,60.139383958170555],[51.94028631607071,60.08822554654485],[51.90459440098344,60.045395248441324],[51.87723059941621,60.01684171637047],[51.83321057080889,59.990667645306516],[51.79870838622416,59.96330384373867],[51.78086242868008,59.95378599971535],[51.77372404566269,59.9430784251908],[51.698771023978935,59.893109744067296],[51.66188937838919,59.88954055255908],[51.6476126123535,59.87764324752966],[51.5952644702255,59.88002270853576],[51.57028012966393,59.94664761669901],[51.42394327780572,59.989477914803516],[51.344231334110404,60.00732387234715],[51.32876483757215,59.99423683681562],[51.30615995801729,59.990667645306516],[51.26213992940926,59.99542656731862],[51.191945829737264,59.95378599971535],[51.157443645152455,59.92880165915537],[51.1003365810128,59.87883297803276],[51.075352240451394,59.87526378652454],[51.04085005586731,59.87645351702755],[51.032521942346634,59.86336648149424],[51.05750628290812,59.8443307934476],[51.006347871282586,59.826484835904935],[50.967086764686215,59.825295105400954],[50.93139484959893,59.84076160193948],[50.7303303946061,59.80863887836129],[50.55425028017474,59.79317238182189],[50.45193345692448,59.76104965824469],[50.43884642139214,59.706322055109],[50.307976066071305,59.670630140022695],[50.29369930003641,59.688476097565356],[50.26871495947492,59.677768523039035],[50.24848954092582,59.68133771454902],[50.26514576796653,59.69799394158868],[50.32939121512369,59.71821936013841],[50.33177067612942,59.749152353215365],[50.29013010852722,59.762239388746806],[50.14498298717237,59.7205988211454],[50.14260352616654,59.70037340259566],[50.19852085980284,59.682527445052116],[50.241351157908326,59.65992256549539]]]]}},{"type":"Feature","properties":{"kind":"district","id":"uyezd-1897-703","name":"Елабужский","provinceId":"gubernia-1897-48"},"geometry":{"type":"MultiPolygon","coordinates":[[[[51.447144682903314,56.12880143690563],[51.485642011892395,56.12759701837237],[51.530851771003,56.119268904852134],[51.57487179961103,56.12759701837237],[51.58438964363435,56.14306351490902],[51.608184253692485,56.141873784406904],[51.62127128922491,56.124027826862374],[51.65696320431218,56.13711486239569],[51.677188622862005,56.10856133032573],[51.65934266531801,56.09190510328429],[51.58557937413762,56.081197528757876],[51.54155934552959,56.059782379706114],[51.51062635245397,56.07286941523765],[51.50110850843065,56.05264399668791],[51.454709018816786,56.03836723065248],[51.42139656473533,56.03836723065248],[51.396412224173844,56.02052127310982],[51.43210413926113,55.99434720204498],[51.444001444290194,55.95627582595169],[51.492780394909886,55.91582498885241],[51.50943662195061,55.88370226527422],[51.50824689144814,55.84920008068916],[51.50348796943648,55.807559513087654],[51.48683174239575,55.79209301654923],[51.483262550886565,55.75640110146284],[51.49753931692155,55.71595026436354],[51.47969335937826,55.704052959335016],[51.46779605434921,55.67430969676205],[51.47374470686333,55.6540842782124],[51.49753931692155,55.657653469720614],[51.49872904742482,55.63385885966178],[51.52133392697968,55.61839236312424],[51.5344209625121,55.596977214072474],[51.561784764079405,55.60054640558069],[51.57705224037458,55.60781663238805],[51.5867691046401,55.61244371060913],[51.60699452319001,55.61839236312424],[51.62365075023074,55.6076847885988],[51.63911724676889,55.6076847885988],[51.66053239582128,55.63028966815365],[51.706931885435154,55.65170481720541],[51.73191622599583,55.68382754078537],[51.75928002756315,55.71476053385956],[51.77712598510723,55.72665783888987],[51.79735140365625,55.72427837788288],[51.83185358824106,55.70643242034022],[51.871114694837345,55.688586462796586],[51.904427148918884,55.68382754078537],[51.938929333503694,55.6957248458139],[51.9841390926142,55.73617568291319],[52.01150289418072,55.744503796433506],[52.0400564262513,55.74569352693651],[52.066230497315345,55.734985952410184],[52.07812780234441,55.71713999486655],[52.08050726335024,55.70167349832812],[52.10549160391092,55.6921556543048],[52.15902947654229,55.6921556543048],[52.217326271185215,55.693345384808694],[52.25420791677577,55.704052959335016],[52.330350668961984,55.71713999486655],[52.35295554851773,55.74688325743952],[52.35890420103256,55.770677867498264],[52.343437704494406,55.79447247755613],[52.32797120795615,55.817077357110975],[52.32440201644785,55.83849250616274],[52.32678147745368,55.8682357687358],[52.343437704494406,55.88846118728544],[52.379129619581676,55.90392768382387],[52.41601126517223,55.889650917788444],[52.45884156327699,55.88251253477211],[52.531415123954815,55.88727145678244],[52.60636814563847,55.88489199577723],[52.6610957487724,55.890840648292425],[52.6920287418488,55.93248121589384],[52.73961796196515,55.95151690394137],[52.78244826006991,55.95984501746169],[52.8490731682336,55.95151690394137],[52.88000616130931,55.93010175488872],[52.922836459413986,55.93605040740205],[52.97994352355366,55.93367094639693],[53.05608627574058,55.90987633633907],[53.14293660245339,55.88846118728544],[53.21669989363377,55.87894334326212],[53.33924213543456,55.8694254992388],[53.34757024895461,55.91463525835029],[53.31187833386734,55.940809329415046],[53.24644315620691,55.96460393947201],[53.225028007154535,55.965793669975014],[53.221458815645434,55.975311513998335],[53.271427496768396,55.97888070550833],[53.36898539800691,55.98244989701654],[53.39278000806593,55.999106124057974],[53.40586704359754,56.01338289009162],[53.420143809632435,56.02528019512104],[53.43798976717652,56.03122884763615],[53.41657461812413,56.049074805179785],[53.36303674549278,56.062161840711234],[53.34757024895461,56.069300223729435],[53.36065728448703,56.071679684734555],[53.39515946907176,56.075248876244544],[53.420143809632435,56.08714618127219],[53.39634919957432,56.10380240831362],[53.336862674428815,56.10737159982272],[53.34400105744622,56.12640728786936],[53.40110812158588,56.120458635354254],[53.422523270638266,56.12759701837237],[53.427282192649926,56.141873784406904],[53.40824650460337,56.1406840539039],[53.40824650460337,56.15734028094542],[53.418954079129875,56.175186238488976],[53.40705677410081,56.17637596899206],[53.410625965609114,56.1847040825123],[53.39278000806593,56.18946300452351],[53.389210816556826,56.21920626709657],[53.374934050521844,56.22634465011468],[53.36065728448703,56.24775979916653],[53.32258590839383,56.26084683469797],[53.30711941185568,56.279882522744614],[53.27380695777423,56.291779827774924],[53.23811504268686,56.28107225324762],[53.18814636156398,56.29653874978614],[53.18576690055815,56.33104093437122],[53.16078255999737,56.352456083422084],[53.13103929742432,56.363163657949386],[53.09534738233704,56.352456083422084],[53.04656843171735,56.33223066487422],[53.00016894210347,56.31914362934091],[53.00849705562423,56.34531770040575],[53.033481396184925,56.35959446644118],[53.02753274367079,56.373871232475715],[53.04418897071152,56.389337729014144],[53.02634301316752,56.403614495048686],[53.01801489964747,56.41551180007721],[52.99541002009181,56.439306410135075],[53.031101935179095,56.47380859472014],[53.00849705562423,56.48332643874346],[52.97756406254783,56.48570589974858],[52.943061877963814,56.509500509808305],[52.88833427482919,56.53567458087129],[52.806242870128045,56.56184865193613],[52.71820281291285,56.57969460947968],[52.68251089782548,56.596350836521204],[52.657526557264006,56.623714638087186],[52.652767635252346,56.63323248211051],[52.63968059972001,56.64394005663692],[52.58614272708864,56.70104712077685],[52.47787725132355,56.690339546250435],[52.45408264126533,56.69628819876563],[52.3922166551141,56.680821702227114],[52.381509080587506,56.660596283677464],[52.333919860471084,56.660596283677464],[52.2982279453838,56.65107843965414],[52.24902304186813,56.6618007022125],[52.20976193527166,56.64276501416586],[52.20500301326008,56.62967797863256],[52.22403870130664,56.62729851762744],[52.231177084324045,56.61659094310111],[52.19905436074586,56.6142114820959],[52.18358786420761,56.603503907569575],[52.18477759471017,56.57970929751083],[52.19905436074586,56.55472495694997],[52.18953651672183,56.535689268903326],[52.20857220476918,56.50713573683336],[52.19667489974003,56.494048701300045],[52.17050082867529,56.49642816230694],[52.15146514062873,56.49285897079696],[52.18596732521344,56.48215139627152],[52.21690031828915,56.4714438217452],[52.238315467341536,56.464305438726996],[52.22641816231247,56.454787594703674],[52.21095166577501,56.453597864201555],[52.20024409124842,56.441700559172226],[52.18953651672183,56.43813136766401],[52.18953651672183,56.41552648810827],[52.20738247426583,56.39649080006261],[52.22403870130664,56.3845934950323],[52.24426411985647,56.388162686540426],[52.24545385035894,56.36436807648256],[52.21452085728332,56.365557806985656],[52.19667489974003,56.35841942396932],[52.16812136766946,56.36079888497444],[52.15384460163456,56.36079888497444],[52.13361918308553,56.36436807648256],[52.114583495038886,56.35960915447046],[52.09435807648907,56.35841942396932],[52.08127104095665,56.35366050195712],[52.05628670039596,56.35960915447046],[52.03844074285196,56.33819400541958],[52.00988721078218,56.34057346642382],[51.99798990575303,56.32748643089237],[51.96467745167158,56.32748643089237],[51.955159607648255,56.3429529274308],[51.89805254350789,56.33938373592268],[51.84094547936823,56.3310556224005],[51.82904817433908,56.29298424630819],[51.802874103275116,56.28227667178275],[51.77432057120454,56.301312359829396],[51.7374389256147,56.31201993435483],[51.694608627509226,56.297743168319315],[51.66605509543943,56.26443071423822],[51.66724482594262,56.22754906864705],[51.65534752091355,56.223979877139726],[51.636311832866994,56.23349772116305],[51.60537883979059,56.23468745166517],[51.58872261274986,56.22635933814494],[51.569686924703305,56.22635933814494],[51.52685662659863,56.215651763618524],[51.46380090994394,56.19899553657709],[51.43405764737089,56.19661607557188],[51.422160342341826,56.18352904004044],[51.43643710837672,56.157354968975596],[51.444765221897484,56.14188847243716],[51.447144682903314,56.12880143690563]]]]}}]}
