{"type":"FeatureCollection","features":[{"type":"Feature","properties":{"kind":"province","id":"gubernia-1897-65","name":"Оренбургская губерния"},"geometry":{"type":"MultiPolygon","coordinates":[[[[60.24863456096535,55.51490412199567],[60.243875638954314,55.46969436288507],[60.239116716942384,55.4280537952818],[60.243875638954314,55.40306945472182],[60.24030644744539,55.38760295818428],[60.202235071352106,55.34715212108499],[60.1760610002877,55.32930616354135],[60.15940477324698,55.31740885851193],[60.13798962419442,55.29004505694408],[60.130851241176664,55.26744017738834],[60.078503099048575,55.21985095727173],[60.03805226194946,55.18415904218455],[60.01187819088577,55.15322604910848],[59.986893850324286,55.13300063055973],[59.963099240265805,55.085411410442234],[59.91313055914363,55.04852976485293],[59.863161878020755,55.01878650227987],[59.82746996293348,54.9854740481978],[59.8024856223727,54.97357674316848],[59.788208856337185,54.9426437500933],[59.76679370728463,54.935505367075194],[59.72634287018622,54.90814156550823],[59.68708176358993,54.88672641645647],[59.672804997554415,54.87125991991795],[59.65852823151961,54.86650099790673],[59.649010387496645,54.84627557935708],[59.59785197587085,54.82129123879534],[59.57643682681829,54.799876089743485],[59.538365450725,54.78440959320594],[59.503863266140556,54.75228686962688],[59.46698162055027,54.73444091208333],[59.446756202000714,54.711836032527586],[59.42177186143923,54.698748996995164],[59.32302422969789,54.64045220235312],[59.25877878254021,54.59286298223563],[59.23141498097289,54.57739648569809],[59.179066838844804,54.571447833183775],[59.126718696716715,54.535755918096584],[59.11293147133695,54.5259899667853],[59.098165164646396,54.51553049954694],[59.102924086658234,54.49411535049509],[59.08983705112644,54.465561818424234],[59.050575944530145,54.45247478289279],[58.9922791498873,54.45247478289279],[58.956587234800025,54.43105963383917],[58.9530180432911,54.42035205931275],[58.97681265334958,54.395367718751885],[58.91375693669482,54.403695832273094],[58.83880391501125,54.42511098132495],[58.77098927634464,54.45009532188669],[58.74481520528104,54.45485424389791],[58.74243574427512,54.477459123453656],[58.649636765047916,54.479838584459664],[58.58539131789014,54.483407775967876],[58.5401815587799,54.51790996055295],[58.50329991318882,54.545273762119024],[58.483074494639176,54.56906837217777],[58.46760799810146,54.57858621620198],[58.45571069307257,54.57382729418987],[58.44431601191785,54.581928652748715],[58.43601404363498,54.57898279303575],[58.40270158955379,54.576603332030544],[58.35035344742526,54.545670338954565],[58.321799915355385,54.52782438141004],[58.276590156244964,54.5087886933634],[58.227811205625,54.51116815436852],[58.208775517578445,54.51592707638062],[58.15761710595327,54.53972168643937],[58.0279364811357,54.5575676439839],[57.99581375755637,54.5575676439839],[57.96131157297183,54.551618991468786],[57.93632723241132,54.555188182977005],[57.862563941230135,54.57422387102365],[57.8482871751956,54.571844410018436],[57.83282067865761,54.577793062532656],[57.79712876356972,54.575413601527536],[57.778093075523074,54.56946494901145],[57.75429846546521,54.571844410018436],[57.699570862330674,54.556377913480894],[57.6686378692547,54.555188182977005],[57.649602181208145,54.548049799959685],[57.63770487617962,54.53496276442726],[57.605582152600284,54.545670338954565],[57.61272053561831,54.555188182977005],[57.617479457629614,54.56470602700121],[57.60677188310373,54.58255198454485],[57.61153080511495,54.5968287505793],[57.58773619505709,54.60991578611172],[57.56275185449587,54.61348497762082],[57.5520442799691,54.60872605560871],[57.53419832242591,54.61229524711693],[57.50326532934994,54.59801848108239],[57.49017829381805,54.60039794208751],[57.43069176867229,54.57898279303575],[57.41046635012229,54.577793062532656],[57.39143066207565,54.57065467951543],[57.374774435035015,54.57303414052055],[57.346220902965136,54.562326565994226],[57.34146198095312,54.55280872197179],[57.318857101397825,54.545670338954565],[57.295539358713555,54.54349902890547],[57.30029828072459,54.503048191804766],[57.29197016720463,54.46973573772447],[57.28959070619871,54.428095170121196],[57.25389879111135,54.366229183970944],[57.2217760675329,54.347193495923406],[57.20036091848034,54.334106460390984],[57.21344795401214,54.31745023335133],[57.24319121658466,54.27818912675416],[57.2074993014973,54.249635594685074],[57.195601996468504,54.21751287110601],[57.15158196786037,54.19490799155027],[57.12540789679677,54.13661119690734],[57.131356549310816,54.09972955131795],[57.159910081381135,54.071176019247986],[57.175376577918854,54.030725182148686],[57.16347927289006,54.01287922460505],[57.16347927289006,53.967669465492676],[57.15039223735746,53.93673647241848],[57.136115471322654,53.89271644381009],[57.12540789679677,53.889147252301875],[57.103992747744215,53.8498861457047],[57.099233825732284,53.833229918664955],[57.119459244281934,53.833229918664955],[57.14087439333449,53.84393749319039],[57.16109981188405,53.84393749319039],[57.159910081381135,53.83441964916707],[57.17894576942778,53.81657369162352],[57.1944122659655,53.82371207464074],[57.220586337029985,53.807055847599216],[57.24200148608246,53.801107195085976],[57.25270906060834,53.79039962055956],[57.28364205368387,53.79039962055956],[57.31933396877123,53.798727734079876],[57.346697770338636,53.81657369162352],[57.346697770338636,53.85107587620859],[57.366923188888194,53.85107587620859],[57.375251302408955,53.83798884067528],[57.38833833794076,53.83798884067528],[57.39666645146072,53.82490180514286],[57.4204610615192,53.81657369162352],[57.44187621057185,53.79634827307378],[57.47637839515621,53.78683042904957],[57.460911898618406,53.77374339351813],[57.4335480970518,53.75946662748261],[57.453773515600645,53.75470770547237],[57.437117288559925,53.730913095412646],[57.40975348699332,53.70592875485178],[57.362164266876356,53.69641091082944],[57.30267774173051,53.680944414291815],[57.27174474865498,53.66190872624428],[57.2479501385965,53.63454492467643],[57.234863103064704,53.60361193160135],[57.23248364205878,53.565540555508065],[57.18846361345074,53.54888432846654],[57.1551511593693,53.50010537784782],[57.12183870528785,53.488208072819376],[57.12778735780189,53.47393130678395],[57.121040266742526,53.45518938717488],[57.11707978327601,53.4441880442109],[57.09209544271453,53.44061885270277],[57.096854364726454,53.419203703649146],[57.059972719136084,53.407306398619724],[57.04093703108944,53.43942912219879],[57.018332151533876,53.45132642722821],[57.019521882036884,53.45846481024641],[56.98977861946436,53.46679292376575],[56.98977861946436,53.47750049829207],[56.93267155532452,53.488208072819376],[56.905307753757114,53.46203400175453],[56.89935910124218,53.45013669672609],[56.91006667576895,53.438239391696676],[56.912446136774875,53.42039343415313],[56.92553317230667,53.408496129122824],[56.905307753757114,53.37994259705374],[56.93386128582743,53.35852744800012],[56.95170724337116,53.3501993344798],[56.97193266192072,53.354958256492],[57.004055385499164,53.354958256492],[57.00167592449324,53.341871220960456],[56.97669158393176,53.341871220960456],[56.960035356891034,53.33949175995436],[56.960035356891034,53.30974849738139],[56.94694832135924,53.266918199276006],[56.95765589588512,53.24074412821214],[56.97550185342875,53.2181392486564],[56.97788131443476,53.20743167413096],[56.96122508739404,53.193154908095536],[56.96122508739404,53.1776884115579],[56.98858888896135,53.172929489545794],[57.02428080404881,53.17055002853979],[57.0349883785746,53.1776884115579],[57.055213797124246,53.183637064073096],[57.070680293661965,53.18958571658732],[57.07900840718273,53.183637064073096],[57.08257759869165,53.14318622697372],[57.0885262512064,53.12652999993229],[57.07305975466789,53.114632694902866],[57.06592137165093,53.097976467863205],[57.0754392156738,53.0860791628329],[57.096854364726454,53.0848894323299],[57.11589005277301,53.05990509176992],[57.11589005277301,53.04800778673962],[57.099233825732284,53.04800778673962],[57.08257759869165,53.030161829195976],[57.05759325813017,53.026592637686875],[57.05045487511321,53.017074793664534],[57.059972719136084,52.99090072259969],[57.070680293661965,52.986141800589365],[57.070680293661965,52.97305476505703],[57.07662894617681,52.96472665153583],[57.06473164114792,52.959967729523626],[57.044506222598365,52.959967729523626],[57.03736783958052,52.956398538015506],[57.02309107354581,52.958777999021514],[57.0219013430428,52.96829584304395],[57.00167592449324,52.97662395656515],[56.97431212292584,52.959967729523626],[56.95884562638812,52.958777999021514],[56.960035356891034,52.97781368706727],[56.92672290280959,52.986141800589365],[56.888651526716394,52.97305476505703],[56.85652880313795,52.97781368706727],[56.84582122861118,52.97067530405005],[56.85890826414387,52.96234719052973],[56.862477455651906,52.94807042449608],[56.88270287420155,52.938552580471864],[56.87794395219051,52.92784500594643],[56.85176988112611,52.92903473644854],[56.8493904201201,52.91594770091612],[56.85652880313795,52.9016709348807],[56.837493115091306,52.88144551633283],[56.800611469500936,52.883824977337056],[56.77324766793353,52.89334282136136],[56.7708682069277,52.90761958739678],[56.748263327372136,52.9171374314201],[56.72803790882249,52.93379365845976],[56.73398656133733,52.956398538015506],[56.71970979530253,52.96472665153583],[56.729227639325494,52.97900341757125],[56.72565844781657,52.986141800589365],[56.712571412284774,52.986141800589365],[56.700674107255885,52.97424449555915],[56.687587071723286,52.97781368706727],[56.65903353965377,52.97186503455305],[56.65189515663601,52.9575882685194],[56.63048000758336,52.96115746002761],[56.61858270255456,52.96829584304395],[56.606685397525766,52.965916382039715],[56.595977822999,52.97543422606304],[56.572183212940516,52.98138287857726],[56.544819411373915,52.99209045310269],[56.509127496286546,52.986141800589365],[56.50317884377179,52.97186503455305],[56.52459399282436,52.95520880751339],[56.49960965226287,52.94926015499819],[56.47938423371331,52.9575882685194],[56.46867665918743,52.952829346506405],[56.46629719818142,52.940932041477964],[56.4377436661111,52.93141419745464],[56.413949056053426,52.91237850940702],[56.393723637503776,52.89215309085738],[56.36754956643938,52.889773629853146],[56.330667920849095,52.86003036727929],[56.283078700732844,52.865979019793514],[56.26166355168037,52.85289198426197],[56.2366792111188,52.86003036727929],[56.215264062066325,52.84575360124377],[56.17957214697896,52.85408171476409],[56.17362349446412,52.84218440973565],[56.15101861490855,52.83504602671834],[56.13198292686191,52.84456387074166],[56.12127535233603,52.83980494872955],[56.12722400485087,52.8231487216899],[56.115326699821274,52.804113033642366],[56.09272182026571,52.80530276414626],[56.062978557693185,52.819579530180796],[56.032045564617746,52.833856296216226],[56.01538933757703,52.81125141666057],[55.99040499701554,52.78150815408751],[55.95709254293409,52.76485192704696],[55.907123861811215,52.76128273553786],[55.854775719683126,52.79102599811083],[55.823842726606884,52.813630877666576],[55.784581620011394,52.81720006917479],[55.723905364362636,52.81244114716269],[55.684644257766344,52.8231487216899],[55.63467557664347,52.82790764370023],[55.615639888596824,52.858840636777174],[55.57399932099541,52.868358480799515],[55.509753873837816,52.874307133313735],[55.48714899428225,52.88144551633283],[55.41933435561644,52.89453255186348],[55.33962241192095,52.84575360124377],[55.30630995783879,52.85408171476409],[55.26347965973447,52.858840636777174],[55.256341276716626,52.883824977337056],[55.212321248108495,52.9016709348807],[55.16592175849534,52.9064298568928],[55.120711999384206,52.92903473644854],[55.07669197077617,52.96353692103371],[55.05408709122149,53.00041856662301],[55.03386167267185,53.00874668014333],[55.01839517613413,53.02421317668265],[55.02315409814516,53.0456283257345],[54.991031374566724,53.05752563076383],[54.989841644063716,53.07418185780348],[54.95414972897644,53.08369970182778],[54.95177026797043,53.108684042388646],[54.94820107646151,53.13723757445861],[54.97556487802891,53.15627326250614],[54.981513530542955,53.172929489545794],[54.966047034005236,53.193154908095536],[54.93749350193572,53.2181392486564],[54.87324805477803,53.2276570926806],[54.82922802616991,53.22884682318272],[54.86016101924614,53.25264143324236],[54.87205832427503,53.280005234809316],[54.88692261154612,53.322812684866186],[54.89168153355796,53.34065864240982],[54.85479988796767,53.34065864240982],[54.84171285243507,53.31567430184718],[54.82505662539435,53.28712076977722],[54.82624635589727,53.26808508173147],[54.80126201533587,53.25023912418783],[54.79650309332483,53.23953154966061],[54.758431717231545,53.22525478362608],[54.728688454658226,53.22525478362608],[54.70132465309162,53.21335747859666],[54.64302785844869,53.219306131112745],[54.63588947543093,53.25380831569604],[54.63707920593394,53.290689961287214],[54.62518190090505,53.309725649332876],[54.60138729084657,53.309725649332876],[54.61685378738429,53.33233052888862],[54.602577021349575,53.35612513894736],[54.57402348927916,53.34898675593014],[54.55379807072952,53.34898675593014],[54.53238292167784,53.36207379146158],[54.4859834320638,53.371591635484904],[54.43363528993571,53.376350557497105],[54.38009741730391,53.379919749005225],[54.34321577171362,53.39181705403375],[54.31585197014702,53.40252462856097],[54.29263553413753,53.40766027280737],[54.31405068318929,53.37315808822221],[54.32475825771598,53.33984563414103],[54.3283274492249,53.30296398854986],[54.3414144847567,53.27678991748599],[54.32475825771598,53.26846180396478],[54.306912300172336,53.23871854139271],[54.297394456148574,53.21135473982575],[54.27122038508497,53.17566282473767],[54.18437005837181,53.145919562164615],[54.13440137724964,53.13045306562707],[54.078484043612626,53.09833034204801],[54.04993051154231,53.08881249802566],[53.998772099917225,53.082863845511355],[53.94880341879505,53.082863845511355],[53.89645527666625,53.08167411500746],[53.86909147509965,53.049551391428395],[53.86552228359081,53.02694651187452],[53.85124551755601,53.01148001533511],[53.82626117699453,53.00315190181577],[53.808811796285546,53.003548478649456],[53.79572476075259,52.977374407585586],[53.77668907270622,52.97142575507039],[53.77074042019164,52.94763114501351],[53.75884311516267,52.91074949942323],[53.77074042019164,52.888144619866594],[53.77906853371205,52.863160279306626],[53.76717122868298,52.83698620824178],[53.76955068968873,52.80486348466369],[53.78977610823811,52.785827796616076],[53.811191257291114,52.78701752711916],[53.824278292823,52.79653537114248],[53.84807290288113,52.80129429315459],[53.86472912992176,52.79415591013728],[53.8671085909275,52.77036130007764],[53.87543670444862,52.765602378067314],[53.88971347048342,52.77274076108463],[53.909938889032716,52.765602378067314],[53.92659511607335,52.744187229013775],[53.95633837864667,52.73704884599646],[53.98251244971054,52.72515154096713],[53.98965083272803,52.71444396644161],[54.003927598762836,52.70611585292049],[54.034860591838985,52.71325423593771],[54.050327088376704,52.676372590347434],[54.072931967931915,52.64900878878145],[54.080070350950024,52.62997310073481],[54.072931967931915,52.60974768218507],[54.08363954245877,52.599040107657856],[54.09553684748774,52.580004419611214],[54.09196765597909,52.56334819257067],[54.046757896868044,52.534794660501596],[54.0360503223419,52.51932816396308],[54.034860591838985,52.49077463189312],[54.03842978334773,52.451513525296825],[54.03010166982741,52.41701134071175],[54.03248113083324,52.4015448441751],[54.024153017312926,52.38607834763756],[54.018204364798436,52.364663198583926],[54.001548137757005,52.32183290047943],[53.975374066693135,52.305176673438794],[53.95633837864667,52.263536105836494],[53.95276918713802,52.23617230426865],[53.93611296009658,52.22189553823411],[53.89804158400374,52.20642904169746],[53.87305724344279,52.202859850187465],[53.86115993841302,52.193342006164144],[53.85164209438978,52.1719268571123],[53.82308856232017,52.15883982157996],[53.8100015267882,52.13980413353332],[53.79929395226205,52.11244033196547],[53.77430961170039,52.089835452411506],[53.7326690440988,52.0838867998964],[53.69340793750224,52.070799764364864],[53.662474944426805,52.05176407631822],[53.61845491581868,52.02559000525436],[53.56848623469607,51.986328898658066],[53.57086580830196,51.96475992008705],[53.57800419131936,51.924309082986866],[53.566106886290385,51.8957555509169],[53.572055538804875,51.87553013236717],[53.561347964278724,51.854114983315405],[53.568486347296215,51.839838217279976],[53.558968503272986,51.8029565716897],[53.56491715578747,51.79462845816947],[53.563727425284554,51.75417762107098],[53.54945065924975,51.704208939947385],[53.50424090013871,51.66137864184297],[53.48520521209233,51.64472241480145],[53.49829224762422,51.618548343737494],[53.47449763756619,51.618548343737494],[53.46735925454878,51.61140996072116],[53.420959764934736,51.58999481166753],[53.40906245990576,51.57452831513088],[53.40787272940285,51.55073370507124],[53.41620084292317,51.54835424406701],[53.436426261472455,51.55073370507124],[53.45784141052475,51.555492627084234],[53.47092844605744,51.56263101010155],[53.46973871555461,51.54359532205402],[53.49353332561256,51.54835424406701],[53.499481978127136,51.567389932113656],[53.528035510196744,51.58047696764421],[53.556589042267156,51.56976939311788],[53.59109122685134,51.5424055915519],[53.65652640451167,51.50909313747072],[53.71006427714312,51.48172933590287],[53.74456646172801,51.453175803832906],[53.76717134128314,51.42343254125994],[53.78382756832377,51.367515207623015],[53.79691460385566,51.31040814348309],[53.86472924252191,51.302080029961886],[53.934923342193905,51.29137245543734],[54.0193942079007,51.2723367673907],[54.09553696008798,51.249731887834955],[54.13598779718666,51.233075660794405],[54.13717752768948,51.225937277775316],[54.08720884656687,51.225937277775316],[54.0538963924856,51.225937277775316],[54.03842989594788,51.19500428470112],[54.00868663337456,51.19381455419714],[54.007496902871644,51.16883021363539],[54.0459294957249,51.155285673142295],[54.05901653125758,51.141008907106865],[54.08638033282428,51.12792187157444],[54.11136467338523,51.13624998509565],[54.13396955294115,51.12673214107233],[54.14943604947887,51.10769645302569],[54.13515928344407,51.1029375310127],[54.14824631897596,51.08747103447604],[54.15419497149044,51.062486693914295],[54.15419497149044,51.01727693480369],[54.18036904255431,51.01489747379769],[54.20416365261315,51.00775909078037],[54.18988688657754,50.986343941728606],[54.2017841916074,50.97444663669919],[54.21725068814512,50.981585019716505],[54.231527454179925,50.9720671756922],[54.229147993174095,50.96254933166888],[54.25175287272922,50.96730825368196],[54.26483990826111,50.96135960116677],[54.277926943793794,50.96730825368196],[54.28149613530254,50.95184175714345],[54.271978291279396,50.9268574165817],[54.285065326811285,50.91614984205626],[54.30172155385192,50.92566768607958],[54.315998319886724,50.91614984205626],[54.33741346893973,50.912580650547156],[54.351690234974534,50.903062806523835],[54.371915653523914,50.903062806523835],[54.38619241955872,50.89830388451173],[54.41117676012047,50.900683345517834],[54.40760756861172,50.91852930306236],[54.41831514313778,50.9268574165817],[54.43973029219008,50.9244779555756],[54.46352490224812,50.914960111552276],[54.47780166828372,50.92804714708568],[54.50159627834176,50.92090876406659],[54.508734661359156,50.937564991109],[54.52420115789679,50.93994445211412],[54.53554324595532,50.94909054859003],[54.55457893400196,50.95622893160814],[54.553389203499044,50.96693650613358],[54.545061089979086,50.9728851586478],[54.54863028148801,50.9835927331751],[54.5331637849502,50.993110577197534],[54.54268162897316,51.00738734323296],[54.55814812551088,51.009766804238964],[54.55457893400196,51.020474378764405],[54.57004543054048,51.021664109268386],[54.59146057959233,51.024043570274486],[54.61049626763897,51.021664109268386],[54.621203842165656,51.03237168379471],[54.64737791323005,51.0252333007766],[54.64975737423517,51.03832033630805],[54.66284440976777,51.04069979731414],[54.6795006368085,51.028802492284726],[54.69139794183738,51.04188952781803],[54.70329524686698,51.02999222278871],[54.71519255189586,51.03237168379471],[54.708054168878014,51.04307925832015],[54.72708985692466,51.05259710234445],[54.737797431451426,51.03951006681203],[54.753263927989146,51.04545871932625],[54.74374608396618,51.05973548536167],[54.75564338899507,51.069253329384104],[54.77467907704171,51.04902791083437],[54.780627729556464,51.05735602435557],[54.7734893465387,51.07639171240133],[54.778248268550634,51.08115063441343],[54.79609422609427,51.07401225139621],[54.804422339614234,51.075201981898324],[54.79847368710019,51.088289017431634],[54.817509375146834,51.089478747933754],[54.82226829715787,51.07639171240133],[54.84249371570752,51.07639171240133],[54.86390886476008,51.07163279039011],[54.87104724777784,51.08353009541953],[54.88889320532147,51.089478747933754],[54.892462396830396,51.104945244471295],[54.90198024085336,51.10613497497528],[54.912687815380046,51.088289017431634],[54.93410296443252,51.08709928692765],[54.944810538958485,51.09185820893985],[54.96741541851405,51.09423766994497],[54.98169218454877,51.08234036491555],[55.004297064104335,51.08353009541953],[55.03166086567174,51.08353009541953],[55.049506823215374,51.088289017431634],[55.05664520623233,51.079960903911314],[55.08281927729682,51.075201981898324],[55.0935268518227,51.08115063441343],[55.136357149927825,51.085909556425534],[55.15658256847738,51.08234036491555],[55.18989502255883,51.09304793944196],[55.21606909362323,51.08709928692765],[55.23272532066395,51.095427400448855],[55.24105343418463,51.095427400448855],[55.24462262569275,51.08115063441343],[55.26960696625424,51.09304793944196],[55.28745292379787,51.088289017431634],[55.32433456938824,51.090668478437735],[55.38382109453409,51.10851443598128],[55.426651392639215,51.12279120201493],[55.43141031465105,51.13825769855434],[55.44687681118886,51.1489652730788],[55.48018926527022,51.182277727161846],[55.471861151750254,51.1989339542015],[55.46234330772658,51.20131341520751],[55.44449735018285,51.21915937275115],[55.437358967165096,51.22153883375724],[55.426651392639215,51.23343613878657],[55.437358967165096,51.26555886236564],[55.45163573320061,51.27864589789806],[55.44568708068586,51.31076862147526],[55.454015194205816,51.3357529620371],[55.47305088225246,51.36787568561616],[55.443307619679935,51.43569032428242],[55.40880543509557,51.42498274975512],[55.39214920805485,51.43806978528842],[55.38382109453409,51.45353628182508],[55.36240594548153,51.4630541258484],[55.351698370955646,51.489228196913245],[55.33742160492084,51.52848930351051],[55.35407783196157,51.552283913568274],[55.35407783196157,51.57012987111192],[55.33980106592596,51.59035528966156],[55.343370257434884,51.6034423251931],[55.33980106592596,51.61533963022154],[55.34812917944672,51.629616396256964],[55.356457292967484,51.64865208430459],[55.34931890994973,51.67601588587057],[55.36002648447552,51.717656453472955],[55.36359567598444,51.75215863805714],[55.37073405900229,51.76167648208046],[55.38858001654593,51.75810729057233],[55.402856782580734,51.76643540409256],[55.42903085364513,51.770004595600774],[55.43973842817101,51.76286621258444],[55.454015194205816,51.76881486509866],[55.46115357722358,51.759297021074445],[55.50993252784354,51.749779177051124],[55.52420929387834,51.76286621258444],[55.55395255645087,51.75453809906323],[55.55514228695378,51.74620998554292],[55.57298824449751,51.75215863805714],[55.58488554952711,51.7473997160469],[55.59678285455599,51.75572782956624],[55.60986989008779,51.749779177051124],[55.59559312405299,51.73669214152048],[55.608680159584786,51.72836402799928],[55.64318234416995,51.7343126805135],[55.65507964919883,51.729553758501396],[55.650320727186994,51.714087261963854],[55.67530506774848,51.72122564498116],[55.69315102529212,51.717656453472955],[55.6919612947892,51.709328339953615],[55.72289428786464,51.693861843414204],[55.73003267088249,51.68672346039787],[55.74787862842613,51.67839534687666],[55.760965663957926,51.66649804184813],[55.774052699490525,51.67482615536845],[55.78595000451932,51.67482615536845],[55.78832946552533,51.68077480788365],[55.796657579046006,51.68077480788365],[55.813313806086725,51.67125696386033],[55.8371084161453,51.65816992832693],[55.83472895513929,51.641513701286385],[55.84067760765333,51.64032397078338],[55.85852356519706,51.64865208430459],[55.8906462887763,51.641513701286385],[55.89540521078734,51.628426665754844],[55.91087170732586,51.633185587767045],[55.92157928185183,51.64389316229248],[55.93446340495668,51.63657417089421],[55.9511196319982,51.637763901398095],[55.978483433564804,51.62110767435657],[55.99513966060553,51.60921036932813],[56.00941642664024,51.5949336032927],[56.02964184518989,51.59850279480092],[56.03915968921357,51.5901746812806],[56.05462618575129,51.58660548977239],[56.05462618575129,51.57232872373696],[56.07366187379793,51.57470818474306],[56.10697432787938,51.566380071223634],[56.1105435193883,51.555672496697305],[56.1236305549209,51.547344383176096],[56.13076893793786,51.534257347643674],[56.16051220051118,51.536636808649774],[56.168840314031144,51.51522165959793],[56.18311708006595,51.499755163060385],[56.19144519358671,51.48190920551674],[56.21286034263927,51.485478397024956],[56.24498306621771,51.478340014006754],[56.25925983225252,51.478340014006754],[56.27472632879103,51.47358109199563],[56.283054442311,51.465252978475306],[56.303279860860556,51.470011900487414],[56.31517716589024,51.44859675143378],[56.33778204544492,51.44502755992566],[56.361576655503484,51.44621729042778],[56.36752530801833,51.454545403948984],[56.3758534215382,51.449786481937764],[56.379422613047126,51.44145836841745],[56.39964803159668,51.43075079389015],[56.42463237215826,51.4212329498678],[56.42939129417,51.43075079389015],[56.421063180649334,51.44383782942346],[56.44604752121073,51.43907890741136],[56.45794482623961,51.43907890741136],[56.4698421312685,51.43313025489624],[56.487688088812845,51.43313025489624],[56.510292968367615,51.42599187187991],[56.526949195408335,51.42718160238202],[56.52575946490613,51.4164740278557],[56.547174613957985,51.4176637583587],[56.560261649490585,51.41171510584448],[56.56621030200463,51.402197261820184],[56.586435720554185,51.40695618383238],[56.59833302558387,51.39624860930685],[56.600712486589785,51.38673076528264],[56.61379952212159,51.389110226288736],[56.61498925262459,51.39743833980906],[56.64354278469411,51.395058878802956],[56.662578472740755,51.384351304276635],[56.67328604726743,51.37721292125932],[56.6816141607874,51.38554103478053],[56.69827038782883,51.384351304276635],[56.70540877084588,51.389110226288736],[56.7351520334192,51.393869148300844],[56.74229041643625,51.389110226288736],[56.7339623029162,51.380782112767534],[56.74348014693916,51.36888480773909],[56.76370556548872,51.38554103478053],[56.78036179252944,51.38673076528264],[56.78750017554729,51.39148968729475],[56.806535863593844,51.39624860930685],[56.82676128214349,51.390299956790855],[56.84460723968713,51.38554103478053],[56.85888400572193,51.384351304276635],[56.87672996326566,51.373643729751194],[56.88862726829525,51.378402651762414],[56.90290403433006,51.37483346025331],[56.917180800364775,51.37721292125932],[56.918370530867776,51.3641258857269],[56.938595949417426,51.37007453824121],[56.95525217645806,51.35579777220756],[56.9612008289729,51.36531561623088],[56.9754775950077,51.36055669421789],[56.982615978025464,51.3712642687451],[57.01116951009507,51.36293615522479],[57.030205198141715,51.35579777220756],[57.05162034719419,51.36174642472089],[57.07422522674975,51.34152100617213],[57.09683010630532,51.34033127566913],[57.11110687234012,51.33557235365791],[57.12300417736892,51.3248647791315],[57.15750636195408,51.31058801309607],[57.161075553462204,51.30107016907275],[57.17654205000072,51.29274205555252],[57.19676746855028,51.282034481027],[57.230079922631816,51.277275559014896],[57.23483884464356,51.282034481027],[57.25268480218729,51.282034481027],[57.2681512987251,51.277275559014896],[57.2681512987251,51.26656798448768],[57.290756178280574,51.27251663700279],[57.306222674818294,51.26775771499068],[57.31811997984718,51.25823987096736],[57.33477620688782,51.257050140465246],[57.35024270342633,51.2344452609095],[57.365709199964144,51.20827118984475],[57.35619135594047,51.18923550179899],[57.38593461851379,51.17971765777479],[57.39426273203375,51.19637388481622],[57.413298420080395,51.18923550179899],[57.43590329963587,51.1868560407929],[57.45969790969435,51.18923550179899],[57.479923328244,51.17852792727267],[57.49657955528463,51.180907388278676],[57.50371793830239,51.174958735764456],[57.515615243331276,51.18447657978689],[57.52632281785716,51.18328684928477],[57.537030392383926,51.170199813751466],[57.57510176847721,51.1416462816815],[57.584619612500084,51.12617978514387],[57.60603476155265,51.12855924614996],[57.62507044959929,51.12736951564785],[57.62744991060521,51.13688735967117],[57.65362398166961,51.13688735967117],[57.68812616625397,51.1475949341975],[57.713110506815454,51.1416462816815],[57.73928457787915,51.1416462816815],[57.75118188290874,51.13093870715606],[57.75118188290874,51.12023113262965],[57.789253259002024,51.1071440970982],[57.81304786905971,51.11666194112152],[57.84279113163303,51.11785167162364],[57.85349870615891,51.11190301911031],[57.851119245152994,51.10000571408],[57.86301655018268,51.0940570615649],[57.886811160241066,51.1023851750861],[57.909416039795836,51.101195444583894],[57.94153876337508,51.10595436659422],[57.9581949904158,51.124990054641756],[57.99507663600608,51.12617978514387],[58.006973941034964,51.13569762916719],[58.024819898578606,51.13093870715606],[58.02600962908161,51.11309274961242],[58.03790693411129,51.088108409050584],[58.06765019668373,51.083349487040344],[58.09501399825113,51.084539217542456],[58.10810103378302,51.09167760056057],[58.09620372875413,51.10000571408],[58.10810103378302,51.10357490558822],[58.127136721829665,51.10000571408],[58.14855187088214,51.10595436659422],[58.155690253899984,51.12142086313363],[58.166397828425865,51.13212843765818],[58.16401836741994,51.152353856207824],[58.17353621144362,51.159492239226914],[58.206848665525065,51.15830250872293],[58.2116075875369,51.1475949341975],[58.230643275583546,51.151164125705705],[58.24373031111535,51.151164125705705],[58.24848923312719,51.160681969729026],[58.26157626865908,51.164251161237154],[58.265145460168,51.18328684928477],[58.28061195670572,51.18447657978689],[58.293698992237516,51.16663062224325],[58.30202710575828,51.17257927475747],[58.321062793804835,51.17257927475747],[58.31987306330192,51.17971765777479],[58.30797575827303,51.18804577129688],[58.31273468028407,51.20470199833653],[58.32701144631967,51.201132806828326],[58.34842659537153,51.19042523230111],[58.36151363090413,51.20708145934263],[58.385308240962516,51.21065065085075],[58.397205545991405,51.19875334582231],[58.410292581523294,51.20946092034864],[58.42694880856393,51.20589172884043],[58.43884611359361,51.20946092034864],[58.461450993149086,51.20589172884043],[58.473348298177974,51.19875334582231],[58.48524560320677,51.20351226783442],[58.5161785962831,51.20589172884043],[58.537593745335656,51.21303011185774],[58.54830131986154,51.20232253733044],[58.56852673841119,51.21303011185774],[58.57209592992011,51.201132806828326],[58.605408384001464,51.19280469330809],[58.61849541953327,51.1868560407929],[58.63753110757991,51.1868560407929],[58.66132571763839,51.17852792727267],[58.66132571763839,51.16782035274714],[58.68274086669104,51.165440891741135],[58.688689519205795,51.17852792727267],[58.701776554737684,51.177338196770464],[58.701776554737684,51.16663062224325],[58.716053320772396,51.16663062224325],[58.71843278177832,51.15711277822082],[58.738658200327876,51.165440891741135],[58.7434171223398,51.174958735764456],[58.76721173239828,51.171389544255355],[58.77791930692416,51.154733317214806],[58.80647283899448,51.165440891741135],[58.84573394559077,51.15830250872293],[58.87785666916921,51.164251161237154],[58.90878966224474,51.15711277822082],[58.90878966224474,51.174958735764456],[58.94091238582389,51.15830250872293],[58.95518915185879,51.177338196770464],[58.99445025845499,51.22016849487407],[59.023003790524506,51.24515283543592],[59.06464435812671,51.2832242115292],[59.082490315670356,51.31534693510818],[59.108664386734844,51.337951814663924],[59.158633067856925,51.36650534673299],[59.21692986249977,51.395058878802956],[59.28474450116637,51.429561063388036],[59.26094989110789,51.44026863791347],[59.26927800462786,51.4616837869671],[59.3275747992707,51.479529744510735],[59.404907281960185,51.50451408507071],[59.47272192062679,51.51403192909403],[59.51674194923492,51.52236004261435],[59.57265928287184,51.552103305187316],[59.610730658965124,51.57470818474306],[59.64404311304657,51.5913644117845],[59.67497610612201,51.5889849507776],[59.741601014285706,51.60802063882424],[59.79870807842563,51.618728213350565],[59.817743766472184,51.628246057373886],[59.81893349697519,51.63538444039209],[59.80822592244851,51.64847147592353],[59.81536430546627,51.67226608598317],[59.84391783753588,51.70081961805224],[59.89150705765284,51.72104503660198],[59.91887085922015,51.7246142281101],[59.95218331330169,51.72937315012221],[59.96170115732456,51.75316776018006],[60.00572118593269,51.77458290923369],[60.05687959755769,51.80789536331487],[60.096140704153974,51.83763862588784],[60.116366122703624,51.854294852929364],[60.1258839667273,51.89117649851867],[60.14254019376802,51.9078327255593],[60.17823210885539,51.923299222096844],[60.20916510193083,51.930437605115934],[60.2591337830538,51.97564736422555],[60.24842620852703,52.003011165792515],[60.26389270506483,52.007770087804616],[60.296015428644075,52.02918523685638],[60.35431222328692,52.06487715194366],[60.3638300673098,52.07320526546575],[60.39765660247357,52.10017901821085],[60.433348517560844,52.122783897766595],[60.47260962415714,52.13111201128682],[60.55113183734962,52.14657850782445],[60.65225893009679,52.14419904681836],[60.7331606042952,52.128732550280816],[60.795026590446966,52.119214706258376],[60.85213365458689,52.1323017417908],[60.978245087895544,52.15966554335776],[61.02821376901842,52.192977997437964],[61.099597599193245,52.24770560057277],[61.16384304635084,52.264361827614294],[61.209052805461084,52.273879671637616],[61.254262564572215,52.286966707168176],[61.24117552904041,52.30005374270148],[61.26140094758997,52.32265862225722],[61.24831391205737,52.33931484929688],[61.28281609664173,52.37738622539017],[61.26140094758997,52.40831921846711],[61.26378040859509,52.444011133554305],[61.29828259318034,52.48446197065368],[61.34468208279359,52.52967172976331],[61.38037399788087,52.574881488873906],[61.42082483498007,52.63912693603106],[61.45889621107335,52.70932103570341],[61.521951927728125,52.74620268129458],[61.617130367961245,52.793791901410295],[61.67542716260418,52.823535163983266],[61.73967260976186,52.86279627058044],[61.76703641132847,52.897298455163735],[61.77893371635806,52.90800602969015],[61.80153859591283,52.91871360421736],[61.8634045820646,52.92942117874369],[61.93597814274224,52.94845686678944],[62.01450035593473,52.966302824333084],[62.06922795906874,52.98414878187672],[62.131093945220506,52.99009743439183],[62.14537071125522,53.00794339193547],[62.16083720779374,53.01984069696391],[62.14418098075222,53.07932722211082],[62.1025404131509,53.11382940669589],[62.06208957605169,53.15546997429739],[62.034725774484286,53.18045431485825],[62.01212089492881,53.25421760603872],[62.01687981694065,53.29466844313811],[62.000223589899925,53.32917062772318],[61.98797377212956,53.35857606558421],[61.97488673659704,53.37761175363174],[61.95109212653856,53.400216633186595],[61.924918055474876,53.452564775314414],[61.90231317591931,53.47873884637917],[61.866621260832034,53.502533456437035],[61.85591368630535,53.54298429353641],[61.84758557278539,53.577486478121486],[61.917779672457115,53.604850279687554],[62.01414784319324,53.638162733770514],[62.070065176830255,53.65838815232016],[62.10694682242045,53.69408006740744],[62.16643334756638,53.717874677465296],[62.260422057296594,53.75594605355858],[62.32823669596311,53.77855093311335],[62.39724106513192,53.80353527367519],[62.484091391845176,53.82138123121874],[62.50669627139985,53.83565799725328],[62.53049088145842,53.863021798820235],[62.59473632861611,53.87491910384965],[62.64827420124711,53.889195869884105],[62.697053151866186,53.92845697648137],[62.762488329526875,53.97961538810618],[62.81602620215788,54.01292784218728],[62.867184613783856,54.040291643755126],[62.94213763546733,54.0759835588424],[62.986157664074746,54.09739870789603],[63.00757281312722,54.11405493493569],[63.024229040167945,54.115244665439576],[63.04921338072943,54.10929601292358],[63.08252583481087,54.117624126443815],[63.11583828889312,54.11048574342836],[63.130748158086625,54.10881544276161],[63.14621465462461,54.118333286784036],[63.170009264683266,54.118333286784036],[63.18547576122116,54.13379978332247],[63.198562796753144,54.1433176273449],[63.204511449267805,54.1540252018722],[63.22830605932567,54.175440350923964],[63.22949578982902,54.188527386455505],[63.26161851340765,54.201614421987834],[63.286602853968866,54.18614792545029],[63.3234844995587,54.1909068474624],[63.36036614514925,54.199234960982714],[63.37821210269324,54.20042469148483],[63.40081698224854,54.20399388299482],[63.41509374828379,54.187337655953385],[63.432939705827074,54.18376846444517],[63.4603035073943,54.192096577965486],[63.47577000393228,54.193286308467606],[63.488857039464264,54.19566576947459],[63.51979003254014,54.19804523047971],[63.542394912095446,54.202804152491815],[63.5590511391359,54.20875280500515],[63.58284574919456,54.202804152491815],[63.645901465849064,54.22065011003448],[63.751787480608776,54.251583103110534],[63.80651508374261,54.26229067763686],[63.85053511235047,54.265859869145075],[63.87551945291169,54.2801366351805],[63.89455514095833,54.253962564116634],[63.92191894252556,54.24325498959022],[63.95285193560144,54.22540903204667],[63.98616438968262,54.20994253550904],[64.02423576577581,54.21946037953147],[64.05159956734313,54.23849606757811],[64.05516875885178,54.24801391160233],[64.02661522678191,54.287275018197725],[64.05397902834915,54.29560313171804],[64.07182498589233,54.31106962825656],[64.08134282991566,54.29798259272503],[64.07420444689834,54.28846474870082],[64.09205040444233,54.2801366351805],[64.12298339751831,54.28608528769561],[64.14677800757616,54.30631070624437],[64.16462396512007,54.31463881976468],[64.19793641920126,54.30987989775444],[64.23362833428924,54.31463881976468],[64.29192512893164,54.3241566637889],[64.32642731351618,54.32534639429101],[64.34665273206627,54.328915585801084],[64.38234464715336,54.32296693328589],[64.40019060469746,54.33248477730832],[64.49417931442775,54.340812890828644],[64.52511230750363,54.340812890828644],[64.5608042225909,54.352710195857966],[64.6214804782393,54.35984857887529],[64.65122374081264,54.37055615340161],[64.68810538640238,54.38602264994101],[64.70476161344382,54.38959184144825],[64.70357188294037,54.358658848374056],[64.7333151455137,54.36222803988218],[64.7963708621682,54.37055615340161],[64.82849358574673,54.37055615340161],[64.89273903290379,54.38007399742582],[64.96293313257632,54.40148914647758],[65.0319375017454,54.43242213955364],[65.0949932183999,54.39673022446734],[65.18541273662083,54.33962316032741],[65.25084791428134,54.34795127384773],[65.27578717273224,54.344594065979415],[65.3127139004332,54.33962316032741],[65.34602635451509,54.37055615340161],[65.29605767339257,54.39554049396336],[65.28653982936933,54.4597859411206],[65.28059117685467,54.51451354425443],[65.27583225484256,54.54663626783349],[65.25441710579,54.57043087789224],[65.19968950265616,54.58113845241857],[65.14139270801377,54.58470764392678],[65.09023429638788,54.55734384235982],[65.04264507627127,54.563292494875014],[65.0164710052075,54.55853357286291],[64.97364070710219,54.578758991411675],[64.99624558665741,54.61207144549463],[65.02241965772208,54.62158928951706],[65.0319375017454,54.643004438570685],[65.08785483538179,54.66204012661733],[65.11759809795511,54.68583473667421],[65.13663378600175,54.71795746025417],[65.11640836745246,54.753649375340466],[65.10689052342914,54.78458236841652],[65.09142402689125,54.80599751747015],[65.11759809795511,54.82265374450981],[65.12711594197843,54.84168943255645],[65.11997755896112,54.87381215613463],[65.09142402689125,54.891658113679156],[65.07357806934725,54.909504071222706],[65.09261375739389,54.93924733379665],[65.10094187091457,54.959472752345405],[65.09023429638788,54.97137005737474],[65.03312723224803,54.959472752345405],[64.99029693414283,54.957093291340286],[64.91296445145379,54.97255978787783],[64.86418550083383,54.97731870988905],[64.79875032317412,54.961852213350525],[64.77019679110344,54.96661113536263],[64.77138652160689,54.983267362404156],[64.80350924518541,54.991595475923496],[64.80707843669407,55.01063116397014],[64.74521245054302,55.02609766050777],[64.68929511690584,55.05346146207562],[64.72498703199301,55.06892795861316],[64.74997137255423,55.08082526364249],[64.73212541501024,55.09748149068401],[64.74997137255423,55.13436313627429],[64.74759191154823,55.17124478186359],[64.7107102659584,55.2152648104711],[64.6952437694205,55.24619780354716],[64.75473029456626,55.262854030588684],[64.82016547222597,55.28902810165255],[64.80469897568807,55.32353028623763],[64.7559200250689,55.348514626797595],[64.72617676249558,55.37111950635334],[64.6976232304257,55.41157034345361],[64.67620808137386,55.47343632960387],[64.6619313153385,55.5805120748673],[64.70595134394637,55.568614769837964],[64.75354056406289,55.55790719531164],[64.75948921657755,55.57575315285519],[64.79756059267075,55.584081266375506],[64.79399140116209,55.610255337439376],[64.84633954329064,55.63286021699512],[64.8772725363666,55.659034288059075],[64.84990873479939,55.67806997610572],[64.82611412474063,55.69234674214026],[64.80826816719744,55.71019269968478],[64.74640218104558,55.730418118233544],[64.67977727288252,55.72209000471322],[64.65122374081264,55.735177040245645],[64.5834091021461,55.730418118233544],[64.52868149901238,55.75421272829229],[64.4977485059364,55.76967922483072],[64.4775230873864,55.77205868583584],[64.45372847732854,55.76016138080651],[64.41089817922332,55.76492030281861],[64.3740165336327,55.75659218929927],[64.3359451575395,55.75659218929927],[64.30501216446433,55.76967922483072],[64.29192512893164,55.797043026397674],[64.2443359088152,55.81013006192912],[64.1967466886986,55.816078714444316],[64.10037851796221,55.82202736695854],[64.06825579438367,55.826786288970645],[64.03613307080514,55.83987332450307],[64.03613307080514,55.8577192820467],[64.00757953873527,55.85890901254971],[63.99806169471195,55.818458175449436],[63.96355951012741,55.79942248740279],[63.908831906993576,55.77919706885315],[63.85053511235047,55.753022997789195],[63.80294589223395,55.74588461477197],[63.78509993468996,55.724469465720205],[63.756546402619996,55.73636677074954],[63.72323394853881,55.74826407577709],[63.66136796238705,55.75897165030439],[63.59712251522919,55.75183326728708],[63.545964103604014,55.76492030281861],[63.499564613990145,55.76967922483072],[63.45078566337098,55.770868955333725],[63.407955365265764,55.73398730974255],[63.36750452816656,55.7173310827029],[63.32824342157072,55.71019269968478],[63.273515818436884,55.720900274211104],[63.248531477875666,55.68877755063204],[63.20332171876445,55.6768802456036],[63.21521902379378,55.653085635544855],[63.19975252725579,55.642378061019414],[63.15930169015659,55.63048075599],[63.13788654110394,55.60430668492613],[63.108143278531415,55.55909692581376],[63.035569717853676,55.52697420223558],[62.952288582649174,55.49961040066862],[62.872576638954214,55.486523365137174],[62.83807445436958,55.501989861674716],[62.77263927670907,55.4936617481544],[62.69887598552878,55.4936617481544],[62.648907304406166,55.497230939662614],[62.62154350283894,55.536492046259795],[62.58347212674574,55.576942883358285],[62.50851910506191,55.56980450034097],[62.493052608523925,55.61144506794336],[62.43832500539018,55.55909692581376],[62.320541685601135,55.536492046259795],[62.20394809631554,55.51388716670405],[62.08735450702986,55.506748783685936],[62.02905771238755,55.507938514188936],[61.927930619639845,55.509128244691944],[61.804198647336136,55.509128244691944],[61.73876346967643,55.509128244691944],[61.64596449044869,55.51388716670405],[61.58290877379419,55.518646088715265],[61.550786050215656,55.509128244691944],[61.529370901163006,55.510317975195925],[61.49962763859057,55.5329228547498],[61.44608976595859,55.54600989028222],[61.38109693121735,55.55161272086313],[61.37708539679022,55.55195854279644],[61.284286417562484,55.54600989028222],[61.22123070090798,55.536492046259795],[61.13557010469835,55.53768177676191],[61.06180681351717,55.536492046259795],[61.02730462893263,55.54957908179044],[60.98566406133078,55.5329228547498],[60.95711052926082,55.52816393273956],[60.92022888367027,55.512697436201044],[60.87263966355375,55.515076897206164],[60.82624017393988,55.506748783685936],[60.781030414829374,55.48414390413019],[60.76080499628017,55.45796983306624],[60.71559523716886,55.44488279753479],[60.65967790353167,55.432985492505374],[60.61684760542726,55.42941630099725],[60.58115569033927,55.436554684014475],[60.518099973684855,55.430606031500254],[60.48597725010632,55.44250333652967],[60.44671614351048,55.4496417195469],[60.421731802949175,55.46629794658655],[60.3996835507372,55.488193665803045],[60.363991635649924,55.508419084352695],[60.322351068047716,55.50960881485481],[60.27595157843447,55.5131780063648],[60.24863456096535,55.51490412199567]]]]}},{"type":"Feature","properties":{"kind":"district","id":"uyezd-1897-493","name":"Троицкий","provinceId":"gubernia-1897-65"},"geometry":{"type":"MultiPolygon","coordinates":[[[[60.24863456096535,55.51490412199567],[60.243875638954314,55.46969436288507],[60.239116716942384,55.4280537952818],[60.243875638954314,55.40306945472182],[60.24030644744539,55.38760295818428],[60.202235071352106,55.34715212108499],[60.1760610002877,55.32930616354135],[60.15940477324698,55.31740885851193],[60.13798962419442,55.29004505694408],[60.130851241176664,55.26744017738834],[60.078503099048575,55.21985095727173],[60.03805226194946,55.18415904218455],[60.01187819088577,55.15322604910848],[59.986893850324286,55.13300063055973],[59.963099240265805,55.085411410442234],[59.91313055914363,55.04852976485293],[59.863161878020755,55.01878650227987],[59.82746996293348,54.9854740481978],[59.8024856223727,54.97357674316848],[59.788208856337185,54.9426437500933],[59.76679370728463,54.935505367075194],[59.72634287018622,54.90814156550823],[59.68708176358993,54.88672641645647],[59.672804997554415,54.87125991991795],[59.65852823151961,54.86650099790673],[59.649010387496645,54.84627557935708],[59.59785197587085,54.82129123879534],[59.57643682681829,54.799876089743485],[59.538365450725,54.78440959320594],[59.503863266140556,54.75228686962688],[59.46698162055027,54.73444091208333],[59.446756202000714,54.711836032527586],[59.42177186143923,54.698748996995164],[59.32302422969789,54.64045220235312],[59.25877878254021,54.59286298223563],[59.23141498097289,54.57739648569809],[59.179066838844804,54.571447833183775],[59.126718696716715,54.535755918096584],[59.11293147133695,54.5259899667853],[59.14724984390956,54.51890113063833],[59.20078771654057,54.514142208625344],[59.2305309791138,54.52603951365476],[59.268602355207086,54.5415060101923],[59.31976076683226,54.53317789667287],[59.38400621398995,54.52960870516475],[59.4030419020365,54.49510652057958],[59.41612893756839,54.48915786806536],[59.45539004416459,54.50581409510502],[59.51368683880743,54.47845029353815],[59.575552824959196,54.447517300462096],[59.663592882174655,54.46417352750362],[59.700474527765024,54.432050803924554],[59.734976712349386,54.40111781084947],[59.6969053362561,54.38208212280185],[59.66121342116873,54.360666973750085],[59.70761291078278,54.335682633188334],[59.739735634361224,54.32854425017102],[59.78375566296935,54.32140586715468],[59.802791351015905,54.29285233508472],[59.84681137962323,54.28809341307173],[59.88488275571652,54.284524221563515],[59.89678006074611,54.25597068949266],[59.91462601828984,54.23098634893269],[59.94436928086236,54.219089043902386],[59.971733082429765,54.206002008370845],[59.90748763527208,54.15841278825424],[59.89083140823136,54.13580790869859],[59.921764401306795,54.123910603670055],[59.94555901136537,54.103685185119524],[59.97292281293268,54.08702895807889],[59.99314823148224,54.054906234501686],[59.98957903997341,54.03349108544806],[59.98006119594973,53.99422997885266],[59.987199578967484,53.968055907787814],[60.03002987707261,53.95972779426759],[60.09189586322437,53.95258941124939],[60.09903424624142,53.964486716279694],[60.11925966479098,53.968055907787814],[60.126398047808735,53.98471213482934],[60.14186454434655,53.98947105683967],[60.16803861541094,54.0085067448872],[60.20373053049822,54.02159378041873],[60.25250948111748,54.02516297192872],[60.2822527436908,54.02159378041873],[60.33103169430988,54.03468081595204],[60.39646687197057,54.044198659974384],[60.45952258862454,54.050147312489585],[60.47736854616817,54.05966515651202],[60.51425019175925,54.048957581985604],[60.524957766285226,54.037060276956275],[60.54280372382886,54.02635270243084],[60.548752376343614,54.02040404991662],[60.57730590841322,54.01445539740231],[60.61061836249538,54.00969647538932],[60.66772542663531,54.01445539740231],[60.68319192317303,54.00493755337899],[60.74624763982709,54.0073170143842],[60.75695521435368,54.01326566689842],[60.78074982441225,54.01326566689842],[60.8271493140255,54.00969647538932],[60.84142608006021,53.97638402130902],[60.86165149860986,53.93355372320275],[60.8664104206217,53.91213857415099],[60.85094392408398,53.88358504208102],[60.85451311559281,53.86098016252528],[60.86760015112461,53.83956501347352],[60.87473853414237,53.818149864420775],[60.87354880363945,53.77531956631539],[60.88187691715942,53.749145495251426],[60.916379101744575,53.745576303743306],[60.971106704878586,53.743196842736324],[61.02226511650367,53.734868729216004],[61.04011107404731,53.726540615695775],[61.044869996059234,53.68846923960249],[61.052008379076995,53.61351621791981],[61.06509541460879,53.595670260376174],[61.10911544321612,53.583772955346845],[61.19596576992937,53.5528399622699],[61.317318281226896,53.513578855674496],[61.406548068945355,53.488594515112744],[61.53622869376284,53.45171286952335],[61.6789963541131,53.40888257141796],[61.77417479434622,53.3838982308571],[61.86221485156159,53.358913890295256],[61.93835760374816,53.345826854763814],[62.000223589899925,53.32917062772318],[61.98797377212956,53.35857606558421],[61.97488673659704,53.37761175363174],[61.95109212653856,53.400216633186595],[61.924918055474876,53.452564775314414],[61.90231317591931,53.47873884637917],[61.866621260832034,53.502533456437035],[61.85591368630535,53.54298429353641],[61.84758557278539,53.577486478121486],[61.917779672457115,53.604850279687554],[62.01414784319324,53.638162733770514],[62.070065176830255,53.65838815232016],[62.10694682242045,53.69408006740744],[62.16643334756638,53.717874677465296],[62.260422057296594,53.75594605355858],[62.32823669596311,53.77855093311335],[62.39724106513192,53.80353527367519],[62.484091391845176,53.82138123121874],[62.50669627139985,53.83565799725328],[62.53049088145842,53.863021798820235],[62.59473632861611,53.87491910384965],[62.64827420124711,53.889195869884105],[62.697053151866186,53.92845697648137],[62.762488329526875,53.97961538810618],[62.81602620215788,54.01292784218728],[62.867184613783856,54.040291643755126],[62.94213763546733,54.0759835588424],[62.986157664074746,54.09739870789603],[63.00757281312722,54.11405493493569],[63.024229040167945,54.115244665439576],[63.04921338072943,54.10929601292358],[63.08252583481087,54.117624126443815],[63.11583828889303,54.110485743427475],[63.09442313984047,54.12833170097112],[63.07300799078791,54.15093658052686],[63.067059338273154,54.202094992151586],[63.053972302741265,54.212802566678],[63.025418770670946,54.21994094969523],[63.01471119614498,54.23183825472367],[63.01114200463614,54.2556328647825],[63.00162416061327,54.29013504936668],[62.98139874206362,54.33415507797508],[62.95879386250805,54.36984699306235],[62.94332736597033,54.39959025563621],[62.932619791443656,54.44004109273462],[62.91834302540885,54.487630312852204],[62.88146137981857,54.503096809389746],[62.83625162070753,54.517373575423306],[62.745832102486155,54.55187576000935],[62.75534994650912,54.579239561576316],[62.791041861597286,54.59946498012596],[62.8195953936668,54.626828781692026],[62.85052838674304,54.67322827130643],[62.845769464731205,54.70773045588973],[62.80769808863792,54.7005920728725],[62.7256066839366,54.66490015778531],[62.682776385831474,54.64229527822957],[62.662550967281824,54.62206985967984],[62.6328077047093,54.60303417163417],[62.60901309465082,54.578049831072335],[62.64351527923518,54.55425522101447],[62.667309889293755,54.53997845497905],[62.58878767610126,54.52094276693329],[62.515024384920615,54.498337887376664],[62.47219408681549,54.481681660336115],[62.407948639658606,54.47930219933002],[62.34608265350684,54.46740489430246],[62.284216667355075,54.45431785876916],[62.21997122019739,54.4352821707234],[62.16286415605746,54.40315944714345],[62.121223588456054,54.37936483708657],[62.09623924789466,54.36865726256015],[62.06768571582425,54.36865726256015],[62.0343732617428,54.38174429809257],[62.02485541771993,54.39840052513232],[62.02961433973096,54.416246482675874],[62.016527304199165,54.426954057203176],[61.970127814585204,54.4364719012256],[61.93205643849192,54.41862594368197],[61.90469263692532,54.40791836915564],[61.86781099133495,54.40791836915564],[61.84401638127647,54.415056752173754],[61.84044718976763,54.425764326699195],[61.82854988473875,54.430523248711296],[61.83330880675059,54.47216381631279],[61.82736015423574,54.498337887376664],[61.79999635266834,54.52927088045361],[61.7678736290899,54.557824412522685],[61.72385360048186,54.585188214090536],[61.685782224388575,54.60184444113019],[61.64890057879829,54.62563905118982],[61.60012162817904,54.648243930744684],[61.57156809610872,54.66608988828832],[61.51208157096287,54.68036665432285],[61.463302620343704,54.69345368985617],[61.40500582570086,54.71129964739971],[61.34076037854318,54.736283987959695],[61.28365331440325,54.76007859801942],[61.2241667892574,54.7910115910945],[61.19442352668488,54.807667818136025],[61.1837159521582,54.83622135020599],[61.20156190970264,54.887379761830715],[61.18609541316412,54.90879491088256],[61.14445484556271,54.93972790395942],[61.09448616443983,54.965901975023385],[61.04213802231183,54.99207604608636],[60.9838412276689,55.01111173413389],[60.948149312581535,55.02300903916242],[60.908888205985335,55.04323445771207],[60.87557575190389,55.06702906777082],[60.83155572329585,55.1051004438641],[60.805381652231446,55.12294640140774],[60.741136205074476,55.13365397593407],[60.710203211998234,55.13603343694016],[60.654285878361314,55.15268966398159],[60.61978369377686,55.17529454353556],[60.58171231768367,55.19908915359431],[60.541261480584375,55.22883241616816],[60.57933285667766,55.2442989127057],[60.57576366516882,55.25381675672814],[60.553158785613256,55.269283253265684],[60.53055390605849,55.274042175278765],[60.53055390605849,55.30021624634263],[60.53055390605849,55.32520058690447],[60.525794984046655,55.36684115450499],[60.50794902650301,55.3763589985292],[60.48415441644445,55.38825630355862],[60.45203169286609,55.41324064411859],[60.43299600481945,55.42394821864492],[60.42228843029277,55.44298390669156],[60.40801166425796,55.47153743876152],[60.3996835507372,55.488193665803045],[60.363991635649924,55.508419084352695],[60.322351068047716,55.50960881485481],[60.27595157843447,55.5131780063648],[60.24863456096535,55.51490412199567]]]]}},{"type":"Feature","properties":{"kind":"district","id":"uyezd-1897-804","name":"Орский","provinceId":"gubernia-1897-65"},"geometry":{"type":"MultiPolygon","coordinates":[[[[57.03736783958052,52.956398538015506],[57.032787571574495,52.93475075795595],[57.03754649358633,52.92642264443475],[57.02564918855754,52.91214587840021],[57.02921838006557,52.89667938186267],[57.018510805539776,52.885971807335366],[57.01137242252193,52.86336692777971],[57.010182692019015,52.84076204822574],[57.01970053604269,52.8133982466579],[57.02089026654561,52.74915279949985],[57.02802864956266,52.730117111454106],[57.018510805539776,52.714650614916565],[57.010182692019015,52.624231096694565],[56.997095656487126,52.58140079858909],[56.96497293290869,52.5088272379126],[56.92214263480356,52.42911529421595],[56.88883018072212,52.37914661309333],[56.85313826563484,52.34107523700005],[56.781754435459305,52.28515790336313],[56.74487278986903,52.263742754311366],[56.71275006629058,52.26493248481348],[56.67586842070021,52.2744503288368],[56.6615916546647,52.256604371293164],[56.6746786901973,52.22329191721198],[56.6746786901973,52.19949730715412],[56.66516084617362,52.173323236090255],[56.63065866158917,52.1447697040194],[56.61162297354253,52.11502644144733],[56.59853593801073,52.074575604347054],[56.60448459052477,52.04245288076888],[56.642555966618055,51.96155120657109],[56.67229922919138,51.946084710032665],[56.68657599522609,51.922290099973914],[56.666350576676535,51.90444414243028],[56.65326354114474,51.880649532372416],[56.62233054806921,51.875890610360315],[56.58901809398705,51.8794598018703],[56.55451590940269,51.869941957846095],[56.523582916327165,51.865183035834875],[56.508116419789445,51.869941957846095],[56.47242450470128,51.856854922314554],[56.43911205061983,51.85209600030245],[56.42126609307619,51.859234383320654],[56.40698932704139,51.84376788678125],[56.37843579497107,51.84852680879335],[56.39152283050367,51.861613844326754],[56.359400106924426,51.869941957846095],[56.343933610386706,51.866372766336994],[56.324897922340064,51.880649532372416],[56.26065247518229,51.84852680879335],[56.228529751603936,51.82949112074769],[56.20830433305429,51.81283489370705],[56.180940531487686,51.79736839716773],[56.13573077237665,51.76286621258444],[56.08576209125447,51.73312295001138],[56.02984475761675,51.70100022643143],[55.9703582324717,51.67125696386033],[55.92157928185183,51.64389316229248],[55.93446340495668,51.63657417089421],[55.9511196319982,51.637763901398095],[55.978483433564804,51.62110767435657],[55.99513966060553,51.60921036932813],[56.00941642664024,51.5949336032927],[56.02964184518989,51.59850279480092],[56.03915968921357,51.5901746812806],[56.05462618575129,51.58660548977239],[56.05462618575129,51.57232872373696],[56.07366187379793,51.57470818474306],[56.10697432787938,51.566380071223634],[56.1105435193883,51.555672496697305],[56.1236305549209,51.547344383176096],[56.13076893793786,51.534257347643674],[56.16051220051118,51.536636808649774],[56.168840314031144,51.51522165959793],[56.18311708006595,51.499755163060385],[56.19144519358671,51.48190920551674],[56.21286034263927,51.485478397024956],[56.24498306621771,51.478340014006754],[56.25925983225252,51.478340014006754],[56.27472632879103,51.47358109199563],[56.283054442311,51.465252978475306],[56.303279860860556,51.470011900487414],[56.31517716589024,51.44859675143378],[56.33778204544492,51.44502755992566],[56.361576655503484,51.44621729042778],[56.36752530801833,51.454545403948984],[56.3758534215382,51.449786481937764],[56.379422613047126,51.44145836841745],[56.39964803159668,51.43075079389015],[56.42463237215826,51.4212329498678],[56.42939129417,51.43075079389015],[56.421063180649334,51.44383782942346],[56.44604752121073,51.43907890741136],[56.45794482623961,51.43907890741136],[56.4698421312685,51.43313025489624],[56.487688088812845,51.43313025489624],[56.510292968367615,51.42599187187991],[56.526949195408335,51.42718160238202],[56.52575946490613,51.4164740278557],[56.547174613957985,51.4176637583587],[56.560261649490585,51.41171510584448],[56.56621030200463,51.402197261820184],[56.586435720554185,51.40695618383238],[56.59833302558387,51.39624860930685],[56.600712486589785,51.38673076528264],[56.61379952212159,51.389110226288736],[56.61498925262459,51.39743833980906],[56.64354278469411,51.395058878802956],[56.662578472740755,51.384351304276635],[56.67328604726743,51.37721292125932],[56.6816141607874,51.38554103478053],[56.69827038782883,51.384351304276635],[56.70540877084588,51.389110226288736],[56.7351520334192,51.393869148300844],[56.74229041643625,51.389110226288736],[56.7339623029162,51.380782112767534],[56.74348014693916,51.36888480773909],[56.76370556548872,51.38554103478053],[56.78036179252944,51.38673076528264],[56.78750017554729,51.39148968729475],[56.806535863593844,51.39624860930685],[56.82676128214349,51.390299956790855],[56.84460723968713,51.38554103478053],[56.85888400572193,51.384351304276635],[56.87672996326566,51.373643729751194],[56.88862726829525,51.378402651762414],[56.90290403433006,51.37483346025331],[56.917180800364775,51.37721292125932],[56.918370530867776,51.3641258857269],[56.938595949417426,51.37007453824121],[56.95525217645806,51.35579777220756],[56.9612008289729,51.36531561623088],[56.9754775950077,51.36055669421789],[56.982615978025464,51.3712642687451],[57.01116951009507,51.36293615522479],[57.030205198141715,51.35579777220756],[57.05162034719419,51.36174642472089],[57.07422522674975,51.34152100617213],[57.09683010630532,51.34033127566913],[57.11110687234012,51.33557235365791],[57.12300417736892,51.3248647791315],[57.15750636195408,51.31058801309607],[57.161075553462204,51.30107016907275],[57.17654205000072,51.29274205555252],[57.19676746855028,51.282034481027],[57.230079922631816,51.277275559014896],[57.23483884464356,51.282034481027],[57.25268480218729,51.282034481027],[57.2681512987251,51.277275559014896],[57.2681512987251,51.26656798448768],[57.290756178280574,51.27251663700279],[57.306222674818294,51.26775771499068],[57.31811997984718,51.25823987096736],[57.33477620688782,51.257050140465246],[57.35024270342633,51.2344452609095],[57.365709199964144,51.20827118984475],[57.35619135594047,51.18923550179899],[57.38593461851379,51.17971765777479],[57.39426273203375,51.19637388481622],[57.413298420080395,51.18923550179899],[57.43590329963587,51.1868560407929],[57.45969790969435,51.18923550179899],[57.479923328244,51.17852792727267],[57.49657955528463,51.180907388278676],[57.50371793830239,51.174958735764456],[57.515615243331276,51.18447657978689],[57.52632281785716,51.18328684928477],[57.537030392383926,51.170199813751466],[57.57510176847721,51.1416462816815],[57.584619612500084,51.12617978514387],[57.60603476155265,51.12855924614996],[57.62507044959929,51.12736951564785],[57.62744991060521,51.13688735967117],[57.65362398166961,51.13688735967117],[57.68812616625397,51.1475949341975],[57.713110506815454,51.1416462816815],[57.73928457787915,51.1416462816815],[57.75118188290874,51.13093870715606],[57.75118188290874,51.12023113262965],[57.789253259002024,51.1071440970982],[57.81304786905971,51.11666194112152],[57.84279113163303,51.11785167162364],[57.85349870615891,51.11190301911031],[57.851119245152994,51.10000571408],[57.86301655018268,51.0940570615649],[57.886811160241066,51.1023851750861],[57.909416039795836,51.101195444583894],[57.94153876337508,51.10595436659422],[57.9581949904158,51.124990054641756],[57.99507663600608,51.12617978514387],[58.006973941034964,51.13569762916719],[58.024819898578606,51.13093870715606],[58.02600962908161,51.11309274961242],[58.03790693411129,51.088108409050584],[58.06765019668373,51.083349487040344],[58.09501399825113,51.084539217542456],[58.10810103378302,51.09167760056057],[58.09620372875413,51.10000571408],[58.10810103378302,51.10357490558822],[58.127136721829665,51.10000571408],[58.14855187088214,51.10595436659422],[58.155690253899984,51.12142086313363],[58.166397828425865,51.13212843765818],[58.16401836741994,51.152353856207824],[58.17353621144362,51.159492239226914],[58.206848665525065,51.15830250872293],[58.2116075875369,51.1475949341975],[58.230643275583546,51.151164125705705],[58.24373031111535,51.151164125705705],[58.24848923312719,51.160681969729026],[58.26157626865908,51.164251161237154],[58.265145460168,51.18328684928477],[58.28061195670572,51.18447657978689],[58.293698992237516,51.16663062224325],[58.30202710575828,51.17257927475747],[58.321062793804835,51.17257927475747],[58.31987306330192,51.17971765777479],[58.30797575827303,51.18804577129688],[58.31273468028407,51.20470199833653],[58.32701144631967,51.201132806828326],[58.34842659537153,51.19042523230111],[58.36151363090413,51.20708145934263],[58.385308240962516,51.21065065085075],[58.397205545991405,51.19875334582231],[58.410292581523294,51.20946092034864],[58.42694880856393,51.20589172884043],[58.43884611359361,51.20946092034864],[58.461450993149086,51.20589172884043],[58.473348298177974,51.19875334582231],[58.48524560320677,51.20351226783442],[58.5161785962831,51.20589172884043],[58.537593745335656,51.21303011185774],[58.54830131986154,51.20232253733044],[58.56852673841119,51.21303011185774],[58.57209592992011,51.201132806828326],[58.605408384001464,51.19280469330809],[58.61849541953327,51.1868560407929],[58.63753110757991,51.1868560407929],[58.66132571763839,51.17852792727267],[58.66132571763839,51.16782035274714],[58.68274086669104,51.165440891741135],[58.688689519205795,51.17852792727267],[58.701776554737684,51.177338196770464],[58.701776554737684,51.16663062224325],[58.716053320772396,51.16663062224325],[58.71843278177832,51.15711277822082],[58.738658200327876,51.165440891741135],[58.7434171223398,51.174958735764456],[58.76721173239828,51.171389544255355],[58.77791930692416,51.154733317214806],[58.80647283899448,51.165440891741135],[58.84573394559077,51.15830250872293],[58.87785666916921,51.164251161237154],[58.90878966224474,51.15711277822082],[58.90878966224474,51.174958735764456],[58.94091238582389,51.15830250872293],[58.95518915185879,51.177338196770464],[58.99445025845499,51.22016849487407],[59.023003790524506,51.24515283543592],[59.06464435812671,51.2832242115292],[59.082490315670356,51.31534693510818],[59.108664386734844,51.337951814663924],[59.158633067856925,51.36650534673299],[59.21692986249977,51.395058878802956],[59.28474450116637,51.429561063388036],[59.26094989110789,51.44026863791347],[59.26927800462786,51.4616837869671],[59.3275747992707,51.479529744510735],[59.404907281960185,51.50451408507071],[59.47272192062679,51.51403192909403],[59.51674194923492,51.52236004261435],[59.57265928287184,51.552103305187316],[59.610730658965124,51.57470818474306],[59.64404311304657,51.5913644117845],[59.67497610612201,51.5889849507776],[59.741601014285706,51.60802063882424],[59.79870807842563,51.618728213350565],[59.817743766472184,51.628246057373886],[59.81893349697519,51.63538444039209],[59.80822592244851,51.64847147592353],[59.81536430546627,51.67226608598317],[59.84391783753588,51.70081961805224],[59.89150705765284,51.72104503660198],[59.91887085922015,51.7246142281101],[59.95218331330169,51.72937315012221],[59.96170115732456,51.75316776018006],[60.00572118593269,51.77458290923369],[60.05687959755769,51.80789536331487],[60.096140704153974,51.83763862588784],[60.116366122703624,51.854294852929364],[60.1258839667273,51.89117649851867],[60.14254019376802,51.9078327255593],[60.17823210885539,51.923299222096844],[60.20916510193083,51.930437605115934],[60.2591337830538,51.97564736422555],[60.24842620852703,52.003011165792515],[60.26389270506483,52.007770087804616],[60.296015428644075,52.02918523685638],[60.35431222328692,52.06487715194366],[60.3638300673098,52.07320526546575],[60.355501953789926,52.085102570493305],[60.32813815222252,52.093430684013626],[60.30672300316996,52.09699987552361],[60.294825698141075,52.11127664155717],[60.27816947110044,52.10532798904295],[60.266272166070756,52.10532798904295],[60.243667286515986,52.11246637206115],[60.203216449416786,52.09937933652873],[60.17347318684346,52.09699987552361],[60.148488846282774,52.10532798904295],[60.140160732762105,52.12079448558236],[60.14610938527686,52.161245322679875],[60.168714264832424,52.21359346480858],[60.185370491873144,52.268321067942416],[60.194888335896025,52.312341096550895],[60.185370491873144,52.344463820128986],[60.15443749879682,52.38015573521626],[60.1127969311947,52.41227845879533],[60.08424339912509,52.428934685836765],[60.03427471800301,52.44083199086618],[60.003341724926685,52.43131414684286],[59.90221463217872,52.422986033322545],[59.69282206366565,52.4051400757789],[59.490567878170516,52.38610438773137],[59.34898994832326,52.37301735219992],[59.25738069959897,52.36349950817563],[59.18123794741249,52.39562223175558],[59.08011085466443,52.43845252985919],[58.9682761873905,52.48723148047978],[58.85525178961374,52.536010431098504],[58.84573394559077,52.55385638864205],[58.82431879653821,52.65498348139046],[58.81837014402337,52.68472674396254],[58.81242149150852,52.72517758106281],[58.78267822893609,52.7680078791682],[58.74579658334572,52.804889524757506],[58.725571164796165,52.83106359582146],[58.71962251228132,52.85009928386899],[58.76245281038644,52.885791198956184],[58.74817604435164,52.89411931247561],[58.680361405685034,52.92029338353947],[58.68512032769687,52.936949610580996],[58.664894909147314,52.97621071717826],[58.64466949059776,52.98572856120061],[58.63872083808291,53.005953979750345],[58.63872083808291,53.02142047628789],[58.62801326355703,53.03093832031121],[58.60659811450447,53.03450751181933],[58.599459731486625,53.05592266087296],[58.58042404343998,53.07733780992472],[58.56257808589634,53.0713891574105],[58.56257808589634,53.08566592344593],[58.544732128352706,53.091614575960236],[58.5435423978497,53.12016810802922],[58.55424997237638,53.13087568255564],[58.544732128352706,53.14039352657896],[58.54592185885562,53.15229083160918],[58.534024553826825,53.167757328146806],[58.46620991516021,53.179654633176135],[58.30083737525528,53.21058762625219],[58.24967896363019,53.21891573977153],[58.23421246709167,53.23795142781907],[58.22112543155987,53.26412549888302],[58.22350489256579,53.28197145642666],[58.21041785703399,53.29981741397021],[58.16520809792295,53.320042832519945],[58.0926345372453,53.346216903584704],[58.06408100517489,53.343837442577716],[58.03433774260237,53.36168340012135],[58.014112324052725,53.36168340012135],[58.006973941034964,53.36763205263655],[57.974851217456525,53.35692447811111],[57.92488253633435,53.35573474760713],[57.91655442281368,53.36882178313867],[57.88205223822932,53.36882178313867],[57.84160140113003,53.347406634086816],[57.81899652157455,53.347406634086816],[57.74999215240574,53.36406286112745],[57.69764401027694,53.37358070515077],[57.67265966971625,53.36644232213443],[57.62626018010221,53.36644232213443],[57.60960395306157,53.36049366961924],[57.600086109037804,53.37358070515077],[57.56439419395044,53.38309854917409],[57.533461200875,53.3926163931983],[57.507287129810514,53.41046235074194],[57.445421143659544,53.44377480482312],[57.406160037063344,53.471138606390966],[57.321689171356105,53.45448237934944],[57.26458210721618,53.44496453532524],[57.23840803615169,53.4342569607998],[57.21580315659692,53.45210291834335],[57.224131270116885,53.465189953874884],[57.20747504307625,53.469948875886985],[57.177731780503635,53.475897528401205],[57.16345501446812,53.465189953874884],[57.153937170445246,53.45448237934944],[57.134901482398604,53.45329264884546],[57.121040266742526,53.45518938717488],[57.11707978327601,53.4441880442109],[57.09209544271453,53.44061885270277],[57.096854364726454,53.419203703649146],[57.059972719136084,53.407306398619724],[57.04093703108944,53.43942912219879],[57.018332151533876,53.45132642722821],[57.019521882036884,53.45846481024641],[56.98977861946436,53.46679292376575],[56.98977861946436,53.47750049829207],[56.93267155532452,53.488208072819376],[56.905307753757114,53.46203400175453],[56.89935910124218,53.45013669672609],[56.91006667576895,53.438239391696676],[56.912446136774875,53.42039343415313],[56.92553317230667,53.408496129122824],[56.905307753757114,53.37994259705374],[56.93386128582743,53.35852744800012],[56.95170724337116,53.3501993344798],[56.97193266192072,53.354958256492],[57.004055385499164,53.354958256492],[57.00167592449324,53.341871220960456],[56.97669158393176,53.341871220960456],[56.960035356891034,53.33949175995436],[56.960035356891034,53.30974849738139],[56.94694832135924,53.266918199276006],[56.95765589588512,53.24074412821214],[56.97550185342875,53.2181392486564],[56.97788131443476,53.20743167413096],[56.96122508739404,53.193154908095536],[56.96122508739404,53.1776884115579],[56.98858888896135,53.172929489545794],[57.02428080404881,53.17055002853979],[57.0349883785746,53.1776884115579],[57.055213797124246,53.183637064073096],[57.070680293661965,53.18958571658732],[57.07900840718273,53.183637064073096],[57.08257759869165,53.14318622697372],[57.0885262512064,53.12652999993229],[57.07305975466789,53.114632694902866],[57.06592137165093,53.097976467863205],[57.0754392156738,53.0860791628329],[57.096854364726454,53.0848894323299],[57.11589005277301,53.05990509176992],[57.11589005277301,53.04800778673962],[57.099233825732284,53.04800778673962],[57.08257759869165,53.030161829195976],[57.05759325813017,53.026592637686875],[57.05045487511321,53.017074793664534],[57.059972719136084,52.99090072259969],[57.070680293661965,52.986141800589365],[57.070680293661965,52.97305476505703],[57.07662894617681,52.96472665153583],[57.06473164114792,52.959967729523626],[57.044506222598365,52.959967729523626],[57.03736783958052,52.956398538015506]]]]}},{"type":"Feature","properties":{"kind":"district","id":"uyezd-1897-809","name":"Оренбургский","provinceId":"gubernia-1897-65"},"geometry":{"type":"MultiPolygon","coordinates":[[[[54.29263553413753,53.40766027280737],[54.31405068318929,53.37315808822221],[54.32475825771598,53.33984563414103],[54.3283274492249,53.30296398854986],[54.3414144847567,53.27678991748599],[54.32475825771598,53.26846180396478],[54.306912300172336,53.23871854139271],[54.297394456148574,53.21135473982575],[54.27122038508497,53.17566282473767],[54.18437005837181,53.145919562164615],[54.13440137724964,53.13045306562707],[54.078484043612626,53.09833034204801],[54.04993051154231,53.08881249802566],[53.998772099917225,53.082863845511355],[53.94880341879505,53.082863845511355],[53.89645527666625,53.08167411500746],[53.86909147509965,53.049551391428395],[53.86552228359081,53.02694651187452],[53.85124551755601,53.01148001533511],[53.82626117699453,53.00315190181577],[53.80881179628537,53.003548478649456],[53.79572476075259,52.977374407585586],[53.77668907270622,52.97142575507039],[53.77074042019164,52.94763114501351],[53.75884311516267,52.91074949942323],[53.77074042019164,52.888144619866594],[53.77906853371205,52.863160279306626],[53.76717122868298,52.83698620824178],[53.76955068968873,52.80486348466369],[53.78977610823811,52.785827796616076],[53.811191257291114,52.78701752711916],[53.824278292823,52.79653537114248],[53.84807290288113,52.80129429315459],[53.86472912992176,52.79415591013728],[53.8671085909275,52.77036130007764],[53.87543670444862,52.765602378067314],[53.88971347048342,52.77274076108463],[53.909938889032716,52.765602378067314],[53.92659511607335,52.744187229013775],[53.95633837864667,52.73704884599646],[53.98251244971054,52.72515154096713],[53.98965083272803,52.71444396644161],[54.003927598762836,52.70611585292049],[54.034860591838985,52.71325423593771],[54.050327088376704,52.676372590347434],[54.072931967931915,52.64900878878145],[54.080070350950024,52.62997310073481],[54.072931967931915,52.60974768218507],[54.08363954245877,52.599040107657856],[54.09553684748774,52.580004419611214],[54.09196765597909,52.56334819257067],[54.046757896868044,52.534794660501596],[54.0360503223419,52.51932816396308],[54.034860591838985,52.49077463189312],[54.03842978334773,52.451513525296825],[54.03010166982741,52.41701134071175],[54.03248113083324,52.4015448441751],[54.024153017312926,52.38607834763756],[54.018204364798436,52.364663198583926],[54.001548137757005,52.32183290047943],[53.975374066693135,52.305176673438794],[53.95633837864667,52.263536105836494],[53.95276918713802,52.23617230426865],[53.93611296009658,52.22189553823411],[53.89804158400374,52.20642904169746],[53.87305724344279,52.202859850187465],[53.86115993841302,52.193342006164144],[53.85164209438978,52.1719268571123],[53.82308856232017,52.15883982157996],[53.8100015267882,52.13980413353332],[53.79929395226205,52.11244033196547],[53.77430961170039,52.089835452411506],[53.7326690440988,52.0838867998964],[53.69340793750224,52.070799764364864],[53.662474944426805,52.05176407631822],[53.61845491581868,52.02559000525436],[53.56848623469607,51.986328898658066],[53.5708658083019,51.96475992008709],[53.57800419131922,51.92430908298775],[53.56610688629064,51.895755550916874],[53.572055538804534,51.8755301323672],[53.56134796427864,51.85411498331541],[53.5684863472959,51.839838217279976],[53.55896850327338,51.80295657169063],[53.56491715578727,51.79462845816943],[53.56372742528464,51.754177621070994],[53.54945065925011,51.70420893994833],[53.504240900138825,51.66137864184293],[53.48520521209224,51.644722414801436],[53.498292247624136,51.61854834373753],[53.47449763756629,51.61854834373753],[53.467359254549024,51.611409960722085],[53.42095976493516,51.589994811668475],[53.40906245990584,51.57452831513183],[53.40787272940321,51.55073370507125],[53.416200842923104,51.54835424406792],[53.43642626147232,51.55073370507125],[53.45784141052496,51.55549262708519],[53.470928446057655,51.56263101010245],[53.469738715555025,51.54359532205399],[53.49353332561293,51.54835424406792],[53.49948197812756,51.567389932114565],[53.52803551019667,51.580476967644245],[53.556589042267376,51.569769393117895],[53.59109122685112,51.54240559155278],[53.656526404511624,51.50909313747161],[53.7100642771436,51.481729335903765],[53.74456646172814,51.45317580383289],[53.76717134128336,51.4234325412599],[53.78382756832394,51.36751520762391],[53.796914603855896,51.31040814348398],[53.864729242521605,51.30208002996278],[53.93492334219417,51.29137245543734],[54.01939420790046,51.2723367673907],[54.095536960088396,51.24973188783497],[54.13598779718683,51.23307566079529],[54.13717752768946,51.22593727777621],[54.087208846566966,51.22593727777621],[54.0538963924858,51.22593727777621],[54.03842989594784,51.19500428470201],[54.00868663337451,51.19381455419807],[54.00749690287188,51.168830213636284],[54.045929495725034,51.155285673143226],[54.05901653125778,51.14100890710688],[54.08638033282426,51.12792187157538],[54.11136467338554,51.13624998509658],[54.13396955294155,51.12673214107235],[54.149436049478766,51.10769645302571],[54.13515928344418,51.102937531012685],[54.148246318976135,51.08747103447695],[54.15419497149077,51.06248669391425],[54.15419497149077,51.017276934803704],[54.18036904255467,51.014897473798555],[54.20416365261332,51.00775909078129],[54.18988688657794,50.9863439417295],[54.20178419160726,50.97444663670012],[54.21725068814527,50.981585019717386],[54.2315274541798,50.972067175693155],[54.2291479931738,50.962549331668924],[54.251752872729014,50.96730825368286],[54.26483990826097,50.961359601167715],[54.277926943793716,50.96730825368286],[54.28149613530235,50.951841757143484],[54.27197829127982,50.92685741658261],[54.28506532681098,50.91614984205626],[54.30172155385236,50.92566768607958],[54.31599831988689,50.91614984205626],[54.33741346893953,50.91258065054808],[54.35169023497485,50.90306280652385],[54.37191565352407,50.90306280652385],[54.386192419558654,50.89830388451173],[54.41117676012067,50.9006833455187],[54.407607568612036,50.918529303062314],[54.41831514313793,50.92685741658261],[54.43973029218978,50.92447795557564],[54.46352490224842,50.91496011155323],[54.4778016682838,50.928047147086545],[54.50159627834165,50.92090876406655],[54.508734661358915,50.93756499110896],[54.52420115789687,50.939944452114105],[54.53554324595532,50.94909054859003],[54.55457893400196,50.95622893160814],[54.553389203499044,50.96693650613358],[54.545061089979086,50.9728851586478],[54.54863028148801,50.9835927331751],[54.5331637849502,50.993110577197534],[54.54268162897316,51.00738734323296],[54.55814812551088,51.009766804238964],[54.55457893400196,51.020474378764405],[54.57004543054048,51.021664109268386],[54.59146057959233,51.024043570274486],[54.61049626763897,51.021664109268386],[54.621203842165656,51.03237168379471],[54.64737791323005,51.0252333007766],[54.64975737423517,51.03832033630805],[54.66284440976777,51.04069979731414],[54.6795006368085,51.028802492284726],[54.69139794183738,51.04188952781803],[54.70329524686698,51.02999222278871],[54.71519255189586,51.03237168379471],[54.708054168878014,51.04307925832015],[54.72708985692466,51.05259710234445],[54.737797431451426,51.03951006681203],[54.753263927989146,51.04545871932625],[54.74374608396618,51.05973548536167],[54.75564338899507,51.069253329384104],[54.77467907704171,51.04902791083437],[54.780627729556464,51.05735602435557],[54.7734893465387,51.07639171240133],[54.778248268550634,51.08115063441343],[54.79609422609427,51.07401225139621],[54.804422339614234,51.075201981898324],[54.79847368710019,51.088289017431634],[54.817509375146834,51.089478747933754],[54.82226829715787,51.07639171240133],[54.84249371570752,51.07639171240133],[54.86390886476008,51.07163279039011],[54.87104724777784,51.08353009541953],[54.88889320532147,51.089478747933754],[54.892462396830396,51.104945244471295],[54.90198024085336,51.10613497497528],[54.912687815380046,51.088289017431634],[54.93410296443252,51.08709928692765],[54.944810538958485,51.09185820893985],[54.96741541851405,51.09423766994497],[54.98169218454877,51.08234036491555],[55.004297064104335,51.08353009541953],[55.03166086567174,51.08353009541953],[55.049506823215374,51.088289017431634],[55.05664520623233,51.079960903911314],[55.08281927729682,51.075201981898324],[55.0935268518227,51.08115063441343],[55.136357149927825,51.085909556425534],[55.15658256847738,51.08234036491555],[55.18989502255883,51.09304793944196],[55.21606909362323,51.08709928692765],[55.23272532066395,51.095427400448855],[55.24105343418463,51.095427400448855],[55.24462262569275,51.08115063441343],[55.26960696625424,51.09304793944196],[55.28745292379787,51.088289017431634],[55.32433456938824,51.090668478437735],[55.38382109453409,51.10851443598128],[55.426651392639215,51.12279120201493],[55.43141031465105,51.13825769855434],[55.44687681118886,51.1489652730788],[55.48018926527022,51.182277727161846],[55.471861151750254,51.1989339542015],[55.46234330772658,51.20131341520751],[55.44449735018285,51.21915937275115],[55.437358967165096,51.22153883375724],[55.426651392639215,51.23343613878657],[55.437358967165096,51.26555886236564],[55.45163573320061,51.27864589789806],[55.44568708068586,51.31076862147526],[55.454015194205816,51.3357529620371],[55.47305088225246,51.36787568561616],[55.443307619679935,51.43569032428242],[55.40880543509557,51.42498274975512],[55.39214920805485,51.43806978528842],[55.38382109453409,51.45353628182508],[55.36240594548153,51.4630541258484],[55.351698370955646,51.489228196913245],[55.33742160492084,51.52848930351051],[55.35407783196157,51.552283913568274],[55.35407783196157,51.57012987111192],[55.33980106592596,51.59035528966156],[55.343370257434884,51.6034423251931],[55.33980106592596,51.61533963022154],[55.34812917944672,51.629616396256964],[55.356457292967484,51.64865208430459],[55.34931890994973,51.67601588587057],[55.36002648447552,51.717656453472955],[55.36359567598444,51.75215863805714],[55.37073405900229,51.76167648208046],[55.38858001654593,51.75810729057233],[55.402856782580734,51.76643540409256],[55.42903085364513,51.770004595600774],[55.43973842817101,51.76286621258444],[55.454015194205816,51.76881486509866],[55.46115357722358,51.759297021074445],[55.50993252784354,51.749779177051124],[55.52420929387834,51.76286621258444],[55.55395255645087,51.75453809906323],[55.55514228695378,51.74620998554292],[55.57298824449751,51.75215863805714],[55.58488554952711,51.7473997160469],[55.59678285455599,51.75572782956624],[55.60986989008779,51.749779177051124],[55.59559312405299,51.73669214152048],[55.608680159584786,51.72836402799928],[55.64318234416995,51.7343126805135],[55.65507964919883,51.729553758501396],[55.650320727186994,51.714087261963854],[55.67530506774848,51.72122564498116],[55.69315102529212,51.717656453472955],[55.6919612947892,51.709328339953615],[55.72289428786464,51.693861843414204],[55.73003267088249,51.68672346039787],[55.74787862842613,51.67839534687666],[55.760965663957926,51.66649804184813],[55.774052699490525,51.67482615536845],[55.78595000451932,51.67482615536845],[55.78832946552533,51.68077480788365],[55.796657579046006,51.68077480788365],[55.813313806086725,51.67125696386033],[55.8371084161453,51.65816992832693],[55.83472895513929,51.641513701286385],[55.84067760765333,51.64032397078338],[55.85852356519706,51.64865208430459],[55.8906462887763,51.641513701286385],[55.89540521078734,51.628426665754844],[55.91087170732586,51.633185587767045],[55.92157928185183,51.64389316229248],[55.9703582324717,51.67125696386033],[56.02984475761675,51.70100022643143],[56.08576209125447,51.73312295001138],[56.13573077237665,51.76286621258444],[56.180940531487686,51.79736839716773],[56.20830433305429,51.81283489370705],[56.228529751603936,51.82949112074769],[56.26065247518229,51.84852680879335],[56.324897922340064,51.880649532372416],[56.343933610386706,51.866372766336994],[56.359400106924426,51.869941957846095],[56.39152283050367,51.861613844326754],[56.37843579497107,51.84852680879335],[56.40698932704139,51.84376788678125],[56.42126609307619,51.859234383320654],[56.43911205061983,51.85209600030245],[56.47242450470128,51.856854922314554],[56.508116419789445,51.869941957846095],[56.523582916327165,51.865183035834875],[56.55451590940269,51.869941957846095],[56.58901809398705,51.8794598018703],[56.62233054806921,51.875890610360315],[56.65326354114474,51.880649532372416],[56.666350576676535,51.90444414243028],[56.68657599522609,51.922290099973914],[56.67229922919138,51.946084710032665],[56.642555966618055,51.96155120657109],[56.60448459052477,52.04245288076888],[56.59853593801073,52.074575604347054],[56.61162297354253,52.11502644144733],[56.63065866158917,52.1447697040194],[56.66516084617362,52.173323236090255],[56.6746786901973,52.19949730715412],[56.6746786901973,52.22329191721198],[56.6615916546647,52.256604371293164],[56.67586842070021,52.2744503288368],[56.71275006629058,52.26493248481348],[56.74487278986903,52.263742754311366],[56.781754435459305,52.28515790336313],[56.85313826563484,52.34107523700005],[56.88883018072212,52.37914661309333],[56.92214263480356,52.42911529421595],[56.96497293290869,52.5088272379126],[56.997095656487126,52.58140079858909],[57.010182692019015,52.624231096694565],[57.018510805539776,52.714650614916565],[57.02802864956266,52.730117111454106],[57.02089026654561,52.74915279949985],[57.01970053604269,52.8133982466579],[57.010182692019015,52.84076204822574],[57.01137242252193,52.86336692777971],[57.018510805539776,52.885971807335366],[57.02921838006557,52.89667938186267],[57.02564918855754,52.91214587840021],[57.03754649358633,52.92642264443475],[57.032787571574495,52.93475075795595],[57.03736783958052,52.956398538015506],[57.02309107354581,52.958777999021514],[57.0219013430428,52.96829584304395],[57.00167592449324,52.97662395656515],[56.97431212292584,52.959967729523626],[56.95884562638812,52.958777999021514],[56.960035356891034,52.97781368706727],[56.92672290280959,52.986141800589365],[56.888651526716394,52.97305476505703],[56.85652880313795,52.97781368706727],[56.84582122861118,52.97067530405005],[56.85890826414387,52.96234719052973],[56.862477455651906,52.94807042449608],[56.88270287420155,52.938552580471864],[56.87794395219051,52.92784500594643],[56.85176988112611,52.92903473644854],[56.8493904201201,52.91594770091612],[56.85652880313795,52.9016709348807],[56.837493115091306,52.88144551633283],[56.800611469500936,52.883824977337056],[56.77324766793353,52.89334282136136],[56.7708682069277,52.90761958739678],[56.748263327372136,52.9171374314201],[56.72803790882249,52.93379365845976],[56.73398656133733,52.956398538015506],[56.71970979530253,52.96472665153583],[56.729227639325494,52.97900341757125],[56.72565844781657,52.986141800589365],[56.712571412284774,52.986141800589365],[56.700674107255885,52.97424449555915],[56.687587071723286,52.97781368706727],[56.65903353965377,52.97186503455305],[56.65189515663601,52.9575882685194],[56.63048000758336,52.96115746002761],[56.61858270255456,52.96829584304395],[56.606685397525766,52.965916382039715],[56.595977822999,52.97543422606304],[56.572183212940516,52.98138287857726],[56.544819411373915,52.99209045310269],[56.509127496286546,52.986141800589365],[56.50317884377179,52.97186503455305],[56.52459399282436,52.95520880751339],[56.49960965226287,52.94926015499819],[56.47938423371331,52.9575882685194],[56.46867665918743,52.952829346506405],[56.46629719818142,52.940932041477964],[56.4377436661111,52.93141419745464],[56.413949056053426,52.91237850940702],[56.393723637503776,52.89215309085738],[56.36754956643938,52.889773629853146],[56.330667920849095,52.86003036727929],[56.283078700732844,52.865979019793514],[56.26166355168037,52.85289198426197],[56.2366792111188,52.86003036727929],[56.215264062066325,52.84575360124377],[56.17957214697896,52.85408171476409],[56.17362349446412,52.84218440973565],[56.15101861490855,52.83504602671834],[56.13198292686191,52.84456387074166],[56.12127535233603,52.83980494872955],[56.12722400485087,52.8231487216899],[56.115326699821274,52.804113033642366],[56.09272182026571,52.80530276414626],[56.062978557693185,52.819579530180796],[56.032045564617746,52.833856296216226],[56.01538933757703,52.81125141666057],[55.99040499701554,52.78150815408751],[55.95709254293409,52.76485192704696],[55.907123861811215,52.76128273553786],[55.854775719683126,52.79102599811083],[55.823842726606884,52.813630877666576],[55.784581620011394,52.81720006917479],[55.723905364362636,52.81244114716269],[55.684644257766344,52.8231487216899],[55.63467557664347,52.82790764370023],[55.615639888596824,52.858840636777174],[55.57399932099541,52.868358480799515],[55.509753873837816,52.874307133313735],[55.48714899428225,52.88144551633283],[55.41933435561644,52.89453255186348],[55.33962241192095,52.84575360124377],[55.30630995783879,52.85408171476409],[55.26347965973447,52.858840636777174],[55.256341276716626,52.883824977337056],[55.212321248108495,52.9016709348807],[55.16592175849534,52.9064298568928],[55.120711999384206,52.92903473644854],[55.07669197077617,52.96353692103371],[55.05408709122149,53.00041856662301],[55.03386167267185,53.00874668014333],[55.01839517613413,53.02421317668265],[55.02315409814516,53.0456283257345],[54.991031374566724,53.05752563076383],[54.989841644063716,53.07418185780348],[54.95414972897644,53.08369970182778],[54.95177026797043,53.108684042388646],[54.94820107646151,53.13723757445861],[54.97556487802891,53.15627326250614],[54.981513530542955,53.172929489545794],[54.966047034005236,53.193154908095536],[54.93749350193572,53.2181392486564],[54.87324805477803,53.2276570926806],[54.82922802616991,53.22884682318272],[54.86016101924614,53.25264143324236],[54.87205832427503,53.280005234809316],[54.88692261154612,53.322812684866186],[54.89168153355796,53.34065864240982],[54.85479988796767,53.34065864240982],[54.84171285243507,53.31567430184718],[54.82505662539435,53.28712076977722],[54.82624635589727,53.26808508173147],[54.80126201533587,53.25023912418783],[54.79650309332483,53.23953154966061],[54.758431717231545,53.22525478362608],[54.728688454658226,53.22525478362608],[54.70132465309162,53.21335747859666],[54.64302785844869,53.219306131112745],[54.63588947543093,53.25380831569604],[54.63707920593394,53.290689961287214],[54.62518190090505,53.309725649332876],[54.60138729084657,53.309725649332876],[54.61685378738429,53.33233052888862],[54.602577021349575,53.35612513894736],[54.57402348927916,53.34898675593014],[54.55379807072952,53.34898675593014],[54.53238292167784,53.36207379146158],[54.4859834320638,53.371591635484904],[54.43363528993571,53.376350557497105],[54.38009741730391,53.379919749005225],[54.34321577171362,53.39181705403375],[54.31585197014702,53.40252462856097],[54.29263553413753,53.40766027280737]]]]}},{"type":"Feature","properties":{"kind":"district","id":"uyezd-1897-810","name":"Верхнеуральский","provinceId":"gubernia-1897-65"},"geometry":{"type":"MultiPolygon","coordinates":[[[[57.295539358713555,54.54349902890503],[57.30029828072459,54.503048191804766],[57.29197016720463,54.46973573772447],[57.28959070619871,54.428095170121196],[57.25389879111135,54.366229183970944],[57.2217760675329,54.347193495923406],[57.20036091848034,54.334106460390984],[57.21344795401214,54.31745023335133],[57.24319121658466,54.27818912675416],[57.2074993014973,54.249635594685074],[57.195601996468504,54.21751287110601],[57.15158196786037,54.19490799155027],[57.12540789679677,54.13661119690734],[57.131356549310816,54.09972955131795],[57.159910081381135,54.071176019247986],[57.175376577918854,54.030725182148686],[57.16347927289006,54.01287922460505],[57.16347927289006,53.967669465492676],[57.15039223735746,53.93673647241848],[57.136115471322654,53.89271644381009],[57.12540789679677,53.889147252301875],[57.103992747744215,53.8498861457047],[57.099233825732284,53.833229918664955],[57.119459244281934,53.833229918664955],[57.14087439333449,53.84393749319039],[57.16109981188405,53.84393749319039],[57.159910081381135,53.83441964916707],[57.17894576942778,53.81657369162352],[57.1944122659655,53.82371207464074],[57.220586337029985,53.807055847599216],[57.24200148608246,53.801107195085976],[57.25270906060834,53.79039962055956],[57.28364205368387,53.79039962055956],[57.31933396877123,53.798727734079876],[57.346697770338636,53.81657369162352],[57.346697770338636,53.85107587620859],[57.366923188888194,53.85107587620859],[57.375251302408955,53.83798884067528],[57.38833833794076,53.83798884067528],[57.39666645146072,53.82490180514286],[57.4204610615192,53.81657369162352],[57.44187621057185,53.79634827307378],[57.47637839515621,53.78683042904957],[57.460911898618406,53.77374339351813],[57.4335480970518,53.75946662748261],[57.453773515600645,53.75470770547237],[57.437117288559925,53.730913095412646],[57.40975348699332,53.70592875485178],[57.362164266876356,53.69641091082944],[57.30267774173051,53.680944414291815],[57.27174474865498,53.66190872624428],[57.2479501385965,53.63454492467643],[57.234863103064704,53.60361193160135],[57.23248364205878,53.565540555508065],[57.18846361345074,53.54888432846654],[57.1551511593693,53.50010537784782],[57.12183870528785,53.488208072819376],[57.12778735780189,53.47393130678395],[57.121040266742526,53.45518938717488],[57.134901482398604,53.45329264884546],[57.153937170445246,53.45448237934944],[57.16345501446812,53.465189953874884],[57.177731780503635,53.475897528401205],[57.20747504307625,53.469948875886985],[57.224131270116885,53.465189953874884],[57.21580315659692,53.45210291834335],[57.23840803615169,53.4342569607998],[57.26458210721618,53.44496453532524],[57.321689171356105,53.45448237934944],[57.406160037063344,53.471138606390966],[57.445421143659544,53.44377480482312],[57.507287129810514,53.41046235074194],[57.533461200875,53.3926163931983],[57.56439419395044,53.38309854917409],[57.600086109037804,53.37358070515077],[57.60960395306157,53.36049366961924],[57.62626018010221,53.36644232213443],[57.67265966971625,53.36644232213443],[57.69764401027694,53.37358070515077],[57.74999215240574,53.36406286112745],[57.81899652157455,53.347406634086816],[57.84160140113003,53.347406634086816],[57.88205223822932,53.36882178313867],[57.91655442281368,53.36882178313867],[57.92488253633435,53.35573474760713],[57.974851217456525,53.35692447811111],[58.006973941034964,53.36763205263655],[58.014112324052725,53.36168340012135],[58.03433774260237,53.36168340012135],[58.06408100517489,53.343837442577716],[58.0926345372453,53.346216903584704],[58.16520809792295,53.320042832519945],[58.21041785703399,53.29981741397021],[58.22350489256579,53.28197145642666],[58.22112543155987,53.26412549888302],[58.23421246709167,53.23795142781907],[58.24967896363019,53.21891573977153],[58.30083737525528,53.21058762625219],[58.46620991516021,53.179654633176135],[58.534024553826825,53.167757328146806],[58.54592185885562,53.15229083160918],[58.544732128352706,53.14039352657896],[58.55424997237638,53.13087568255564],[58.5435423978497,53.12016810802922],[58.544732128352706,53.091614575960236],[58.56257808589634,53.08566592344593],[58.56257808589634,53.0713891574105],[58.58042404343998,53.07733780992472],[58.599459731486625,53.05592266087296],[58.60659811450447,53.03450751181933],[58.62801326355703,53.03093832031121],[58.63872083808291,53.02142047628789],[58.63872083808291,53.005953979750345],[58.64466949059776,52.98572856120061],[58.664894909147314,52.97621071717826],[58.68512032769687,52.936949610580996],[58.680361405685034,52.92029338353947],[58.74817604435164,52.89411931247561],[58.76245281038644,52.885791198956184],[58.71962251228132,52.85009928386899],[58.725571164796165,52.83106359582146],[58.74579658334572,52.804889524757506],[58.78267822893609,52.7680078791682],[58.81242149150852,52.72517758106281],[58.81837014402337,52.68472674396254],[58.82431879653821,52.65498348139046],[58.84573394559077,52.55385638864205],[58.85525178961374,52.536010431098504],[58.9682761873905,52.48723148047978],[59.08011085466443,52.43845252985919],[59.18123794741249,52.39562223175558],[59.25738069959897,52.36349950817563],[59.34898994832326,52.37301735219992],[59.490567878170516,52.38610438773137],[59.69282206366565,52.4051400757789],[59.90221463217872,52.422986033322545],[60.003341724926685,52.43131414684286],[60.03427471800301,52.44083199086618],[60.08424339912509,52.428934685836765],[60.1127969311947,52.41227845879533],[60.15443749879682,52.38015573521626],[60.185370491873144,52.344463820128986],[60.194888335896025,52.312341096550895],[60.185370491873144,52.268321067942416],[60.168714264832424,52.21359346480858],[60.14610938527686,52.161245322679875],[60.140160732762105,52.12079448558236],[60.148488846282774,52.10532798904295],[60.17347318684346,52.09699987552361],[60.203216449416786,52.09937933652873],[60.243667286515986,52.11246637206115],[60.266272166070756,52.10532798904295],[60.27816947110044,52.10532798904295],[60.294825698141075,52.11127664155717],[60.30672300316996,52.09699987552361],[60.32813815222252,52.093430684013626],[60.355501953789926,52.085102570493305],[60.3638300673098,52.07320526546575],[60.39765660247357,52.10017901821085],[60.433348517560844,52.122783897766595],[60.47260962415714,52.13111201128682],[60.55113183734962,52.14657850782445],[60.65225893009679,52.14419904681836],[60.7331606042952,52.128732550280816],[60.795026590446966,52.119214706258376],[60.85213365458689,52.1323017417908],[60.978245087895544,52.15966554335776],[61.02821376901842,52.192977997437964],[61.099597599193245,52.24770560057277],[61.16384304635084,52.264361827614294],[61.209052805461084,52.273879671637616],[61.254262564572215,52.286966707168176],[61.24117552904041,52.30005374270148],[61.26140094758997,52.32265862225722],[61.24831391205737,52.33931484929688],[61.28281609664173,52.37738622539017],[61.26140094758997,52.40831921846711],[61.26378040859509,52.444011133554305],[61.29828259318034,52.48446197065368],[61.34468208279359,52.52967172976331],[61.38037399788087,52.574881488873906],[61.42082483498007,52.63912693603106],[61.45889621107335,52.70932103570341],[61.521951927728125,52.74620268129458],[61.617130367961245,52.793791901410295],[61.67542716260418,52.823535163983266],[61.73967260976186,52.86279627058044],[61.76703641132847,52.897298455163735],[61.77893371635806,52.90800602969015],[61.80153859591283,52.91871360421736],[61.8634045820646,52.92942117874369],[61.93597814274224,52.94845686678944],[62.01450035593473,52.966302824333084],[62.06922795906874,52.98414878187672],[62.131093945220506,52.99009743439183],[62.14537071125522,53.00794339193547],[62.16083720779374,53.01984069696391],[62.14418098075222,53.07932722211082],[62.1025404131509,53.11382940669589],[62.06208957605169,53.15546997429739],[62.034725774484286,53.18045431485825],[62.01212089492881,53.25421760603872],[62.01687981694065,53.29466844313811],[62.000223589899925,53.32917062772318],[61.93835760374816,53.345826854763814],[61.86221485156159,53.358913890295256],[61.77417479434622,53.3838982308571],[61.6789963541131,53.40888257141796],[61.53622869376284,53.45171286952335],[61.406548068945355,53.488594515112744],[61.317318281226896,53.513578855674496],[61.19596576992937,53.5528399622699],[61.10911544321612,53.583772955346845],[61.06509541460879,53.595670260376174],[61.052008379076995,53.61351621791981],[61.044869996059234,53.68846923960249],[61.04011107404731,53.726540615695775],[61.02226511650367,53.734868729216004],[60.971106704878586,53.743196842736324],[60.916379101744575,53.745576303743306],[60.88187691715942,53.749145495251426],[60.87354880363945,53.77531956631539],[60.87473853414237,53.818149864420775],[60.86760015112461,53.83956501347352],[60.85451311559281,53.86098016252528],[60.85094392408398,53.88358504208102],[60.8664104206217,53.91213857415099],[60.86165149860986,53.93355372320275],[60.84142608006021,53.97638402130902],[60.8271493140255,54.00969647538932],[60.78074982441225,54.01326566689842],[60.75695521435368,54.01326566689842],[60.74624763982709,54.0073170143842],[60.68319192317303,54.00493755337899],[60.66772542663531,54.01445539740231],[60.61061836249538,54.00969647538932],[60.57730590841322,54.01445539740231],[60.548752376343614,54.02040404991662],[60.54280372382886,54.02635270243084],[60.524957766285226,54.037060276956275],[60.51425019175925,54.048957581985604],[60.47736854616817,54.05966515651202],[60.45952258862454,54.050147312489585],[60.39646687197057,54.044198659974384],[60.33103169430988,54.03468081595204],[60.2822527436908,54.02159378041873],[60.25250948111748,54.02516297192872],[60.20373053049822,54.02159378041873],[60.16803861541094,54.0085067448872],[60.14186454434655,53.98947105683967],[60.126398047808735,53.98471213482934],[60.11925966479098,53.968055907787814],[60.09903424624142,53.964486716279694],[60.09189586322437,53.95258941124939],[60.03002987707261,53.95972779426759],[59.987199578967484,53.968055907787814],[59.98006119594973,53.99422997885266],[59.98957903997341,54.03349108544806],[59.99314823148224,54.054906234501686],[59.97292281293268,54.08702895807889],[59.94555901136537,54.103685185119524],[59.921764401306795,54.123910603670055],[59.89083140823136,54.13580790869859],[59.90748763527208,54.15841278825424],[59.971733082429765,54.206002008370845],[59.94436928086236,54.219089043902386],[59.91462601828984,54.23098634893269],[59.89678006074611,54.25597068949266],[59.88488275571652,54.284524221563515],[59.84681137962323,54.28809341307173],[59.802791351015905,54.29285233508472],[59.78375566296935,54.32140586715468],[59.739735634361224,54.32854425017102],[59.70761291078278,54.335682633188334],[59.66121342116873,54.360666973750085],[59.6969053362561,54.38208212280185],[59.734976712349386,54.40111781084947],[59.700474527765024,54.432050803924554],[59.663592882174655,54.46417352750362],[59.575552824959196,54.447517300462096],[59.51368683880743,54.47845029353815],[59.45539004416459,54.50581409510502],[59.41612893756839,54.48915786806536],[59.4030419020365,54.49510652057958],[59.38400621398995,54.52960870516475],[59.31976076683226,54.53317789667287],[59.268602355207086,54.5415060101923],[59.2305309791138,54.52603951365476],[59.20078771654057,54.514142208625344],[59.14724984390956,54.51890113063833],[59.11293147133695,54.5259899667853],[59.098165164646396,54.51553049954694],[59.102924086658234,54.49411535049509],[59.08983705112644,54.465561818424234],[59.050575944530145,54.45247478289279],[58.9922791498873,54.45247478289279],[58.956587234800025,54.43105963383917],[58.9530180432911,54.42035205931275],[58.97681265334958,54.395367718751885],[58.91375693669482,54.403695832273094],[58.83880391501125,54.42511098132495],[58.77098927634464,54.45009532188669],[58.74481520528104,54.45485424389791],[58.74243574427512,54.477459123453656],[58.649636765047916,54.479838584459664],[58.58539131789014,54.483407775967876],[58.5401815587799,54.51790996055295],[58.50329991318882,54.545273762119024],[58.483074494639176,54.56906837217777],[58.46760799810146,54.57858621620198],[58.45571069307257,54.57382729418987],[58.44431601191794,54.58192865274854],[58.43601404363498,54.57898279303575],[58.40270158955379,54.576603332030544],[58.35035344742526,54.545670338954565],[58.321799915355385,54.52782438141004],[58.276590156244964,54.5087886933634],[58.227811205625,54.51116815436852],[58.208775517578445,54.51592707638062],[58.15761710595327,54.53972168643937],[58.0279364811357,54.5575676439839],[57.99581375755637,54.5575676439839],[57.96131157297183,54.551618991468786],[57.93632723241132,54.555188182977005],[57.862563941230135,54.57422387102365],[57.8482871751956,54.571844410018436],[57.83282067865761,54.577793062532656],[57.79712876356972,54.575413601527536],[57.778093075523074,54.56946494901145],[57.75429846546521,54.571844410018436],[57.699570862330674,54.556377913480894],[57.6686378692547,54.555188182977005],[57.649602181208145,54.548049799959685],[57.63770487617962,54.53496276442726],[57.605582152600284,54.545670338954565],[57.61272053561831,54.555188182977005],[57.617479457629614,54.56470602700121],[57.60677188310373,54.58255198454485],[57.61153080511495,54.5968287505793],[57.58773619505709,54.60991578611172],[57.56275185449587,54.61348497762082],[57.5520442799691,54.60872605560871],[57.53419832242591,54.61229524711693],[57.50326532934994,54.59801848108239],[57.49017829381805,54.60039794208751],[57.43069176867229,54.57898279303575],[57.41046635012229,54.577793062532656],[57.39143066207565,54.57065467951543],[57.374774435035015,54.57303414052055],[57.346220902965136,54.562326565994226],[57.34146198095312,54.55280872197179],[57.318857101397825,54.545670338954565],[57.295539358713555,54.54349902890503]]]]}},{"type":"Feature","properties":{"kind":"district","id":"uyezd-1897-812","name":"Челябинский","provinceId":"gubernia-1897-65"},"geometry":{"type":"MultiPolygon","coordinates":[[[[65.27578717273224,54.344594065979415],[65.3127139004332,54.33962316032741],[65.34602635451509,54.37055615340161],[65.29605767339257,54.39554049396336],[65.28653982936933,54.4597859411206],[65.28059117685467,54.51451354425443],[65.27583225484256,54.54663626783349],[65.25441710579,54.57043087789224],[65.19968950265616,54.58113845241857],[65.14139270801377,54.58470764392678],[65.09023429638788,54.55734384235982],[65.04264507627127,54.563292494875014],[65.0164710052075,54.55853357286291],[64.97364070710219,54.578758991411675],[64.99624558665741,54.61207144549463],[65.02241965772208,54.62158928951706],[65.0319375017454,54.643004438570685],[65.08785483538179,54.66204012661733],[65.11759809795511,54.68583473667421],[65.13663378600175,54.71795746025417],[65.11640836745246,54.753649375340466],[65.10689052342914,54.78458236841652],[65.09142402689125,54.80599751747015],[65.11759809795511,54.82265374450981],[65.12711594197843,54.84168943255645],[65.11997755896112,54.87381215613463],[65.09142402689125,54.891658113679156],[65.07357806934725,54.909504071222706],[65.09261375739389,54.93924733379665],[65.10094187091457,54.959472752345405],[65.09023429638788,54.97137005737474],[65.03312723224803,54.959472752345405],[64.99029693414283,54.957093291340286],[64.91296445145379,54.97255978787783],[64.86418550083383,54.97731870988905],[64.79875032317412,54.961852213350525],[64.77019679110344,54.96661113536263],[64.77138652160689,54.983267362404156],[64.80350924518541,54.991595475923496],[64.80707843669407,55.01063116397014],[64.74521245054302,55.02609766050777],[64.68929511690584,55.05346146207562],[64.72498703199301,55.06892795861316],[64.74997137255423,55.08082526364249],[64.73212541501024,55.09748149068401],[64.74997137255423,55.13436313627429],[64.74759191154823,55.17124478186359],[64.7107102659584,55.2152648104711],[64.6952437694205,55.24619780354716],[64.75473029456626,55.262854030588684],[64.82016547222597,55.28902810165255],[64.80469897568807,55.32353028623763],[64.7559200250689,55.348514626797595],[64.72617676249558,55.37111950635334],[64.6976232304257,55.41157034345361],[64.67620808137386,55.47343632960387],[64.6619313153385,55.5805120748673],[64.70595134394637,55.568614769837964],[64.75354056406289,55.55790719531164],[64.75948921657755,55.57575315285519],[64.79756059267075,55.584081266375506],[64.79399140116209,55.610255337439376],[64.84633954329064,55.63286021699512],[64.8772725363666,55.659034288059075],[64.84990873479939,55.67806997610572],[64.82611412474063,55.69234674214026],[64.80826816719744,55.71019269968478],[64.74640218104558,55.730418118233544],[64.67977727288252,55.72209000471322],[64.65122374081264,55.735177040245645],[64.5834091021461,55.730418118233544],[64.52868149901238,55.75421272829229],[64.4977485059364,55.76967922483072],[64.4775230873864,55.77205868583584],[64.45372847732854,55.76016138080651],[64.41089817922332,55.76492030281861],[64.3740165336327,55.75659218929927],[64.3359451575395,55.75659218929927],[64.30501216446433,55.76967922483072],[64.29192512893164,55.797043026397674],[64.2443359088152,55.81013006192912],[64.1967466886986,55.816078714444316],[64.10037851796221,55.82202736695854],[64.06825579438367,55.826786288970645],[64.03613307080514,55.83987332450307],[64.03613307080514,55.8577192820467],[64.00757953873527,55.85890901254971],[63.99806169471195,55.818458175449436],[63.96355951012741,55.79942248740279],[63.908831906993576,55.77919706885315],[63.85053511235047,55.753022997789195],[63.80294589223395,55.74588461477197],[63.78509993468996,55.724469465720205],[63.756546402619996,55.73636677074954],[63.72323394853881,55.74826407577709],[63.66136796238705,55.75897165030439],[63.59712251522919,55.75183326728708],[63.545964103604014,55.76492030281861],[63.499564613990145,55.76967922483072],[63.45078566337098,55.770868955333725],[63.407955365265764,55.73398730974255],[63.36750452816656,55.7173310827029],[63.32824342157072,55.71019269968478],[63.273515818436884,55.720900274211104],[63.248531477875666,55.68877755063204],[63.20332171876445,55.6768802456036],[63.21521902379378,55.653085635544855],[63.19975252725579,55.642378061019414],[63.15930169015659,55.63048075599],[63.13788654110394,55.60430668492613],[63.108143278531415,55.55909692581376],[63.035569717853676,55.52697420223558],[62.952288582649174,55.49961040066862],[62.872576638954214,55.486523365137174],[62.83807445436958,55.501989861674716],[62.77263927670907,55.4936617481544],[62.69887598552878,55.4936617481544],[62.648907304406166,55.497230939662614],[62.62154350283894,55.536492046259795],[62.58347212674574,55.576942883358285],[62.50851910506191,55.56980450034097],[62.493052608523925,55.61144506794336],[62.43832500539018,55.55909692581376],[62.320541685601135,55.536492046259795],[62.20394809631554,55.51388716670405],[62.08735450702986,55.506748783685936],[62.02905771238755,55.507938514188936],[61.927930619639845,55.509128244691944],[61.804198647336136,55.509128244691944],[61.73876346967643,55.509128244691944],[61.64596449044869,55.51388716670405],[61.58290877379419,55.518646088715265],[61.550786050215656,55.509128244691944],[61.529370901163006,55.510317975195925],[61.49962763859057,55.5329228547498],[61.44608976595859,55.54600989028222],[61.38109693121735,55.55161272086313],[61.37708539679022,55.55195854279644],[61.284286417562484,55.54600989028222],[61.22123070090798,55.536492046259795],[61.13557010469835,55.53768177676191],[61.06180681351717,55.536492046259795],[61.02730462893263,55.54957908179044],[60.98566406133078,55.5329228547498],[60.95711052926082,55.52816393273956],[60.92022888367027,55.512697436201044],[60.87263966355375,55.515076897206164],[60.82624017393988,55.506748783685936],[60.781030414829374,55.48414390413019],[60.76080499628017,55.45796983306624],[60.71559523716886,55.44488279753479],[60.65967790353167,55.432985492505374],[60.61684760542726,55.42941630099725],[60.58115569033927,55.436554684014475],[60.518099973684855,55.430606031500254],[60.48597725010632,55.44250333652967],[60.44671614351048,55.4496417195469],[60.421731802949175,55.46629794658655],[60.3996835507372,55.488193665803045],[60.40801166425796,55.47153743876152],[60.42228843029277,55.44298390669156],[60.43299600481945,55.42394821864492],[60.45203169286609,55.41324064411859],[60.48415441644445,55.38825630355862],[60.50794902650301,55.3763589985292],[60.525794984046655,55.36684115450499],[60.53055390605849,55.32520058690447],[60.53055390605849,55.30021624634263],[60.53055390605849,55.274042175278765],[60.553158785613256,55.269283253265684],[60.57576366516882,55.25381675672814],[60.57933285667766,55.2442989127057],[60.541261480584375,55.22883241616816],[60.58171231768367,55.19908915359431],[60.61978369377686,55.17529454353556],[60.654285878361314,55.15268966398159],[60.710203211998234,55.13603343694016],[60.741136205074476,55.13365397593407],[60.805381652231446,55.12294640140774],[60.83155572329585,55.1051004438641],[60.87557575190389,55.06702906777082],[60.908888205985335,55.04323445771207],[60.948149312581535,55.02300903916242],[60.9838412276689,55.01111173413389],[61.04213802231183,54.99207604608636],[61.09448616443983,54.965901975023385],[61.14445484556271,54.93972790395942],[61.18609541316412,54.90879491088256],[61.20156190970264,54.887379761830715],[61.1837159521582,54.83622135020599],[61.19442352668488,54.807667818136025],[61.2241667892574,54.7910115910945],[61.28365331440325,54.76007859801942],[61.34076037854318,54.736283987959695],[61.40500582570086,54.71129964739971],[61.463302620343704,54.69345368985617],[61.51208157096287,54.68036665432285],[61.57156809610872,54.66608988828832],[61.60012162817904,54.648243930744684],[61.64890057879829,54.62563905118982],[61.685782224388575,54.60184444113019],[61.72385360048186,54.585188214090536],[61.7678736290899,54.557824412522685],[61.79999635266834,54.52927088045361],[61.82736015423574,54.498337887376664],[61.83330880675059,54.47216381631279],[61.82854988473875,54.430523248711296],[61.84044718976763,54.425764326699195],[61.84401638127647,54.415056752173754],[61.86781099133495,54.40791836915564],[61.90469263692532,54.40791836915564],[61.93205643849192,54.41862594368197],[61.970127814585204,54.4364719012256],[62.016527304199165,54.426954057203176],[62.02961433973096,54.416246482675874],[62.02485541771993,54.39840052513232],[62.0343732617428,54.38174429809257],[62.06768571582425,54.36865726256015],[62.09623924789466,54.36865726256015],[62.121223588456054,54.37936483708657],[62.16286415605746,54.40315944714345],[62.21997122019739,54.4352821707234],[62.284216667355075,54.45431785876916],[62.34608265350684,54.46740489430246],[62.407948639658606,54.47930219933002],[62.47219408681549,54.481681660336115],[62.515024384920615,54.498337887376664],[62.58878767610126,54.52094276693329],[62.667309889293755,54.53997845497905],[62.64351527923518,54.55425522101447],[62.60901309465082,54.578049831072335],[62.6328077047093,54.60303417163417],[62.662550967281824,54.62206985967984],[62.682776385831474,54.64229527822957],[62.7256066839366,54.66490015778531],[62.80769808863792,54.7005920728725],[62.845769464731205,54.70773045588973],[62.85052838674304,54.67322827130643],[62.8195953936668,54.626828781692026],[62.791041861597286,54.59946498012596],[62.75534994650912,54.579239561576316],[62.745832102486155,54.55187576000935],[62.83625162070753,54.517373575423306],[62.88146137981857,54.503096809389746],[62.91834302540885,54.487630312852204],[62.932619791443656,54.44004109273462],[62.94332736597033,54.39959025563621],[62.95879386250805,54.36984699306235],[62.98139874206362,54.33415507797508],[63.00162416061327,54.29013504936668],[63.01114200463614,54.2556328647825],[63.01471119614498,54.23183825472367],[63.025418770670946,54.21994094969523],[63.053972302741265,54.212802566678],[63.067059338273154,54.202094992151586],[63.07300799078791,54.15093658052686],[63.09442313984047,54.12833170097112],[63.11583828889303,54.110485743427475],[63.130748158086625,54.10881544276161],[63.14621465462461,54.118333286784036],[63.170009264683266,54.118333286784036],[63.18547576122116,54.13379978332247],[63.198562796753144,54.1433176273449],[63.204511449267805,54.1540252018722],[63.22830605932567,54.175440350923964],[63.22949578982902,54.188527386455505],[63.26161851340765,54.201614421987834],[63.286602853968866,54.18614792545029],[63.3234844995587,54.1909068474624],[63.36036614514925,54.199234960982714],[63.37821210269324,54.20042469148483],[63.40081698224854,54.20399388299482],[63.41509374828379,54.187337655953385],[63.432939705827074,54.18376846444517],[63.4603035073943,54.192096577965486],[63.47577000393228,54.193286308467606],[63.488857039464264,54.19566576947459],[63.51979003254014,54.19804523047971],[63.542394912095446,54.202804152491815],[63.5590511391359,54.20875280500515],[63.58284574919456,54.202804152491815],[63.645901465849064,54.22065011003448],[63.751787480608776,54.251583103110534],[63.80651508374261,54.26229067763686],[63.85053511235047,54.265859869145075],[63.87551945291169,54.2801366351805],[63.89455514095833,54.253962564116634],[63.92191894252556,54.24325498959022],[63.95285193560144,54.22540903204667],[63.98616438968262,54.20994253550904],[64.02423576577581,54.21946037953147],[64.05159956734313,54.23849606757811],[64.05516875885178,54.24801391160233],[64.02661522678191,54.287275018197725],[64.05397902834915,54.29560313171804],[64.07182498589233,54.31106962825656],[64.08134282991566,54.29798259272503],[64.07420444689834,54.28846474870082],[64.09205040444233,54.2801366351805],[64.12298339751831,54.28608528769561],[64.14677800757616,54.30631070624437],[64.16462396512007,54.31463881976468],[64.19793641920126,54.30987989775444],[64.23362833428924,54.31463881976468],[64.29192512893164,54.3241566637889],[64.32642731351618,54.32534639429101],[64.34665273206627,54.328915585801084],[64.38234464715336,54.32296693328589],[64.40019060469746,54.33248477730832],[64.49417931442775,54.340812890828644],[64.52511230750363,54.340812890828644],[64.5608042225909,54.352710195857966],[64.6214804782393,54.35984857887529],[64.65122374081264,54.37055615340161],[64.68810538640238,54.38602264994101],[64.70476161344382,54.38959184144825],[64.70357188294037,54.358658848374056],[64.7333151455137,54.36222803988218],[64.7963708621682,54.37055615340161],[64.82849358574673,54.37055615340161],[64.89273903290379,54.38007399742582],[64.96293313257632,54.40148914647758],[65.0319375017454,54.43242213955364],[65.0949932183999,54.39673022446734],[65.18541273662083,54.33962316032741],[65.25084791428134,54.34795127384773],[65.27578717273224,54.344594065979415]]]]}}]}
