{"type":"FeatureCollection","features":[{"type":"Feature","properties":{"kind":"province","id":"gubernia-1897-44","name":"Олонецкая губерния"},"geometry":{"type":"MultiPolygon","coordinates":[[[[34.146914350886505,60.40633910910765],[34.165169278290946,60.4128454477941],[34.183015235834674,60.40927625628598],[34.18777415784669,60.386671376730234],[34.20918930689916,60.378343263210894],[34.2198968814254,60.38548164622723],[34.225845533939705,60.4164146393032],[34.25320933550658,60.43188113584172],[34.250829874501015,60.44496817137316],[34.267486101541564,60.4592449374085],[34.277003945564616,60.477090894953115],[34.316265052160816,60.477090894953115],[34.384079690827065,60.48303954746743],[34.39835645686205,60.49017793048465],[34.425720258429635,60.48422927797043],[34.44356621597345,60.49017793048465],[34.46260190401956,60.48779846947846],[34.4661710955283,60.504454696519986],[34.48996570558714,60.50088550501009],[34.50186301061576,60.48779846947846],[34.51613977665083,60.48898819998165],[34.53398573419456,60.49255739148977],[34.53636519520083,60.50564442702308],[34.5637289967677,60.5151622710464],[34.58871333732892,60.51992119305753],[34.608938755878214,60.51873146255461],[34.622025791410096,60.50564442702308],[34.66485608951504,60.50683415752617],[34.693409621585005,60.47114224243712],[34.72791180617017,60.428311944333416],[34.76003452974888,60.4259324833275],[34.76717291276637,60.43901951885894],[34.782639409303734,60.43307086634472],[34.81952105489446,60.43188113584172],[34.8433156649525,60.42236329181742],[34.89685353758368,60.41760436980629],[34.91350976462431,60.42355302232051],[34.93968383568871,60.41165571729189],[34.93016599166557,60.393809759747455],[34.95039141021495,60.37477407170179],[34.95158114071813,60.34622053963183],[34.963478445746745,60.32956431259031],[34.965857906753115,60.31647727705975],[34.9468222187062,60.306959433036425],[34.95752979323244,60.28673401448669],[35.000360091337384,60.28078536197069],[35.047949311454346,60.262939404427854],[35.06936446050682,60.237955063866195],[35.116953680622984,60.22248856732767],[35.17287101425973,60.24033452487211],[35.171681283757344,60.25342156040374],[35.19785535482103,60.24866263839252],[35.22402942588543,60.25104209939764],[35.25258295795522,60.25580102141072],[35.29048297368829,60.27305945771701],[35.310708392237316,60.29566433727355],[35.32141596676391,60.3194589473315],[35.34877976833131,60.33492544386993],[35.43919928655233,60.288525954256414],[35.51415230823608,60.239747003636715],[35.540326379300026,60.20048589704034],[35.55341341483245,60.167173442959246],[35.5867258689139,60.14694802440951],[35.63193562802441,60.13743018038619],[35.6878529616616,60.148137754912604],[35.7366319122813,60.157655598935925],[35.74496002580206,60.1778810174838],[35.78422113239763,60.19453724452532],[35.827051430503204,60.24093673413874],[35.880589303133675,60.33373571336604],[35.875830381122015,60.35277140141268],[35.88772768615196,60.39203250800897],[35.89010714715779,60.45032930265181],[35.97100882135574,60.459847146675216],[36.03049534650107,60.457467685669215],[36.08284348862988,60.45151903315579],[36.12686351723791,60.47531364321374],[36.17326300685098,60.47531364321374],[36.243457106522975,60.44319091963556],[36.296994979154334,60.44200118913247],[36.31841012820672,60.43010388410225],[36.32673824172748,60.43010388410225],[36.33506635524744,60.449139572148894],[36.35529177379726,60.44438065013759],[36.373137731341345,60.45270876365888],[36.41596802944603,60.45032930265181],[36.43976263950424,60.489590409249075],[36.45284967503666,60.50029798377549],[36.47307509358569,60.53361043785658],[36.52661296621696,60.55026666489633],[36.53137188822862,60.56335370042964],[36.524233505211214,60.574061274954985],[36.53613081024028,60.61808130356249],[36.53375134923445,60.63949645261621],[36.51114646967879,60.65258348814774],[36.509956739176324,60.6728089066973],[36.51352593068462,60.69779324725923],[36.55040757627518,60.71682893530587],[36.56825353381926,60.712070013293676],[36.58609949136245,60.70612136077857],[36.647965477514575,60.70731109128255],[36.70745200266006,60.70969055228767],[36.73957472623895,60.70017270826435],[36.768128258308735,60.70969055228767],[36.79192286836695,60.712070013293676],[36.824045591945925,60.688275403235906],[36.8740142730681,60.67518836770242],[36.90494726614371,60.638306722113114],[36.94063918123179,60.64306564412442],[36.976331096319065,60.63711699160913],[36.972761904809964,60.6252196865799],[36.95491594726677,60.615701842556575],[36.975141365815794,60.5919072324996],[36.983469479336556,60.571681813949866],[37.01440247241217,60.56692289193785],[37.03343816045873,60.57525100545817],[37.04295600448196,60.55740504791453],[37.1040288369652,60.54616870427704],[37.13020290802925,60.56282493131581],[37.1563769790932,60.5663941228258],[37.188499702672175,60.58186061936245],[37.26940137687005,60.61755253445062],[37.33840574603958,60.64253687501148],[37.35625170358357,60.65443418004179],[37.349113320565365,60.67465959859143],[37.343164668051145,60.69488501714117],[37.35744143408604,60.72700774071926],[37.44191229979302,60.73295639323445],[37.499019363932675,60.742474237257774],[37.55136750606148,60.71867962719805],[37.59419780416624,60.70440286116449],[37.629889719253526,60.69964393915141],[37.62869998875097,60.692505556135075],[37.61561295321863,60.687746634122966],[37.627510258247696,60.667521215573316],[37.642976754785856,60.64967525802879],[37.62869998875097,60.63896768350335],[37.62394106673939,60.61279361243851],[37.642976754785856,60.618742264953624],[37.64892540730008,60.61041415143339],[37.65130486830591,60.59732711590186],[37.695324896913945,60.592568193888866],[37.70722220194301,60.58186061936245],[37.725068159487,60.58780927187854],[37.75600115256262,60.59137846338577],[37.75838061356845,60.60327576841519],[37.78812387614168,60.60327576841519],[37.796451989661556,60.593757924391866],[37.840472018269594,60.58780927187854],[37.846420670784525,60.598516846403975],[37.901148273918444,60.63301903098816],[37.911855848444944,60.64134714450847],[37.92018396196491,60.67703905959664],[37.95944506856138,60.687746634122966],[37.97848075660793,60.687746634122966],[38.00346509716941,60.67465959859143],[38.04748512577665,60.678228790099645],[38.085556501870556,60.687746634122966],[38.11292030343699,60.68298771211175],[38.159319793050855,60.66633148507023],[38.17954521160077,60.67465959859143],[38.19501170813813,60.68655690361996],[38.190252786126564,60.703213130661396],[38.168837637074176,60.71748989669504],[38.18311440310907,60.73295639323445],[38.14385329651269,60.742474237257774],[38.14028410500439,60.756751003291335],[38.14861221852506,60.766268847314656],[38.1926322471323,60.78292507435618],[38.236652275740425,60.79363264888251],[38.27591338233681,60.815047797934355],[38.30089772289749,60.84360133000521],[38.32588206345898,60.8757240535833],[38.368712361563745,60.89475974162994],[38.40440427665182,60.900708394145134],[38.419870773189274,60.90784677716147],[38.419870773189274,60.924503004202016],[38.40083508514263,60.93759003973444],[38.40440427665182,60.94710788375776],[38.425819425704205,60.94353869224963],[38.44128592224157,60.92688246520811],[38.44485511375067,60.914985160178695],[38.45913187978565,60.91617489068179],[38.45913187978565,60.93402084822631],[38.47221891531798,60.94591815325475],[38.46983945431215,60.95543599727807],[38.504341638896165,60.97090249381651],[38.540033553983434,60.96971276331439],[38.55787951152752,60.97804087683471],[38.576915199574074,60.98161006834292],[38.547171937000925,60.999456025886474],[38.542413014989265,61.02563009695132],[38.550741128510026,61.04228632399097],[38.576915199574074,61.05180416801429],[38.59952007912973,61.05061443751218],[38.62331468918794,61.04228632399097],[38.64354010773776,61.03514794097552],[38.666144987292626,61.041096593487964],[38.68161148383088,61.054183629020386],[38.6946985193625,61.05537335952428],[38.687560136345006,61.08035770008426],[38.678042292321685,61.09939338813179],[38.66019633477849,61.09463446612066],[38.65186822125773,61.09939338813179],[38.663765526286795,61.11248042366332],[38.68161148383088,61.135085303218176],[38.697077980368235,61.16363883528814],[38.70611659512642,61.16506598498734],[38.719682859923935,61.16720802679813],[38.72920070394726,61.152931260761726],[38.755374775011205,61.14579287774539],[38.7660823495378,61.150551799756606],[38.791066690099285,61.142223686238154],[38.80534345613418,61.150551799756606],[38.794635881607675,61.16006964377993],[38.792256420601845,61.17196694880837],[38.82556887468329,61.16839775730024],[38.84579429323311,61.15887991327692],[38.881486208320396,61.16244910478505],[38.92788569793426,61.1446031472415],[38.96476734352481,61.12318799819062],[38.99451060609715,61.09820365762879],[39.03377171269362,61.1065317711491],[39.06232524476341,61.11010096265731],[39.06827389727834,61.12437772869176],[39.107535003874005,61.12437772869176],[39.20509290511332,61.11604961517242],[39.2824253878028,61.11723934567543],[39.35380921797815,61.1481723387506],[39.43114170066764,61.17791560132356],[39.4918179563156,61.17196694880837],[39.490628225813126,61.141033955733285],[39.52750987140368,61.11010096265731],[39.620308850630614,61.09939338813179],[39.68455429778848,61.09701392712578],[39.680985106279465,61.07797823907914],[39.629826694653936,61.08273716109035],[39.620308850630614,61.06251174254071],[39.62149858113398,61.02444036644742],[39.636965077671334,60.98755872085803],[39.68812348929687,60.97566141582772],[39.72024621287575,60.97923060733771],[39.74166136192814,60.964953841301394],[39.797578695565235,60.94948734476475],[39.84635764618494,60.93640030923143],[39.89275714,60.91974408],[39.89607613,60.92910594],[39.88179937,60.93862378],[39.86633287,60.95409028],[39.84610745,60.96241839],[39.85681503,60.97788489],[39.85324583,61.0016795],[39.86871233,61.019525460000004],[39.8829891,61.04332007],[39.9103529,61.08971956],[39.9377167,61.10161686],[39.9377167,61.12303201],[39.96389077,61.13730878],[39.95556266,61.14801635],[39.98649565,61.16110339],[40.01029026,61.17538015],[40.04717191,61.17300069],[40.06620759,61.16705204],[40.07929463,61.17419042],[40.09476113,61.1694315],[40.08881247,61.15515473],[40.10903789,61.14682662],[40.16138603,61.12779093],[40.2030266,61.12065255],[40.24109798,61.10280659],[40.28154882,61.080201710000004],[40.33746615,61.04332007],[40.35769157,61.019525460000004],[40.387434830000004,61.00405896],[40.40528079,60.986213],[40.42431648,60.97312597],[40.45524947,60.96360812],[40.49213111,60.95528001],[40.5111668,60.969556770000004],[40.5420998,60.97193624],[40.58730955,60.9743157],[40.61824255,61.01000761],[40.6122939,61.03618168],[40.61586309,61.06354548],[40.561135480000004,61.09804767],[40.53020249,61.11589363],[40.498079770000004,61.12541147],[40.48737219,61.1420677],[40.502838690000004,61.15872392],[40.51354626,61.17894934],[40.53020249,61.192036380000005],[40.56232521,61.21107207],[40.559945750000004,61.23486668],[40.56589441,61.28602509],[40.60991443,61.33480404],[40.59563767,61.355029460000004],[40.56708414,61.37049595],[40.53615114,61.407377600000004],[40.57779171,61.410946790000004],[40.60991443,61.38715218],[40.63489878,61.38834191],[40.67772907,61.407377600000004],[40.73364641,61.407377600000004],[40.79670212,61.40142895],[40.833583770000004,61.404998140000004],[40.87879353,61.38953164],[40.90139841,61.36930622],[40.93709032,61.36930622],[40.98943846,61.38239326],[41.01442281,61.37406515],[41.04892499,61.37406515],[41.09175529,61.40023922],[41.13934451,61.413326250000004],[41.165518580000004,61.43593113],[41.17503642,61.46924359],[41.185744,61.48708954],[41.30709651,61.54538634],[41.32494247,61.56680149],[41.35111654,61.59178583],[41.39275711,61.60368313],[41.42725929,61.62152909],[41.49269447,61.64651343],[41.499832850000004,61.66197993],[41.62118536,61.67625669],[41.68543081,61.66911831],[41.73658922074823,61.68101561557161],[41.694948653145936,61.69767184261038],[41.65449781604708,61.75120971524121],[41.60809832643322,61.807127048879025],[41.591442099392495,61.83924977245809],[41.61047778743905,61.85590599949774],[41.64260051101722,61.88445953156771],[41.64141078051466,61.91182333313556],[41.62356482297067,61.92015144665587],[41.61047778743905,61.9368076736973],[41.56883721983675,61.9368076736973],[41.533145304749475,61.94394605671364],[41.523627460726246,61.9736893192867],[41.517678808211315,61.99510446834033],[41.48198689312403,62.02008880890119],[41.430828481498594,62.033175844432634],[41.396326296913784,62.042693688455955],[41.405844140937816,62.05459099348626],[41.42606955948693,62.05697045449138],[41.4236900984811,62.08076506454924],[41.436777134013525,62.105749405111084],[41.46652039658578,62.123595362653745],[41.51054042519391,62.106939135614084],[41.56526802832845,62.09980075259588],[41.61166751794152,62.117646710139525],[41.63784158900556,62.12240563215074],[41.65568754654956,62.13549266768405],[41.61166751794152,62.14025158969527],[41.56764748933428,62.13192347617406],[41.52838638273791,62.14738997271249],[41.50816096418808,62.16880512176523],[41.46176147457421,62.17832296578855],[41.42012090697271,62.22115326389305],[41.42487982898437,62.25446571797512],[41.397516027417055,62.283019250045086],[41.35706519031821,62.29610628557653],[41.35230626830655,62.33298793116769],[41.31661435321847,62.346074966699234],[41.25950728907881,62.36154146323766],[41.19645157242425,62.3817668817874],[41.178605614880965,62.39842310882705],[41.188123458904286,62.44482259844243],[41.15956992683441,62.481704244031825],[41.128636933757996,62.48765289654693],[41.089375827162414,62.4650480169903],[41.04297633754855,62.47694532202061],[41.00371523095217,62.499550201575374],[40.975161698882296,62.52334481163324],[40.93946978379502,62.54713942169296],[40.87760379764299,62.576882684265925],[40.84072215205315,62.60662594683801],[40.78242535741022,62.62209244337555],[40.72888748477895,62.63755893991397],[40.68724691717665,62.6887173515388],[40.661072846112695,62.69942492606512],[40.61705281750464,62.683958429527536],[40.61705281750464,62.667302202486994],[40.58849928543486,62.65183570594945],[40.586119824429026,62.600677294322765],[40.61943227851047,62.58996971979644],[40.64560634957443,62.56022645722436],[40.587309554931494,62.56141618772648],[40.55042790934175,62.54000103867472],[40.53258195179767,62.55308807420616],[40.48380300117797,62.54951888269804],[40.439782972570725,62.53881130817172],[40.38655354858821,62.51083060930608],[40.32468756243689,62.50726141779885],[40.24497561874078,62.48108734673401],[40.21880154767682,62.506071687295844],[40.02368574519892,62.49179492125944],[40.00465005715236,62.50845114830096],[39.911851077924624,62.515589531319165],[39.88448727635811,62.540573871879054],[39.86331664626849,62.541796786434986],[39.82881446168449,62.55369409146351],[39.79193281609393,62.5453659779432],[39.76456901452662,62.54298651693799],[39.73839494346258,62.55369409146351],[39.70746195038696,62.56797085749983],[39.62180135417671,62.563211935486834],[39.520674261429015,62.56083247448163],[39.45880827527778,62.58700654554647],[39.40408067214386,62.614370347113436],[39.42906501270464,62.66552875873905],[39.45404935326612,62.70835905684267],[39.37671687057664,62.73334339740539],[39.27915896933724,62.759517468468374],[39.220862174694304,62.776173695508916],[39.16970376306958,62.779742887018905],[39.151857805525495,62.77141477349868],[39.11497615993504,62.763086659977475],[39.01622852819308,62.79164019204654],[38.873460867843264,62.82019372411651],[38.85323544929415,62.82733210713462],[38.83657922225342,62.84041914266616],[38.837768952755894,62.85707536970857],[38.7854208106279,62.87254186624611],[38.777092697107136,62.90109539831607],[38.79255919364539,62.912992703344514],[38.79731811565696,62.922510547367835],[38.771144044593,62.93440785239636],[38.76519539207807,62.94987434893568],[38.75567754805475,62.96653057597534],[38.73545212950492,62.97128949798744],[38.69738075341182,62.96534084547234],[38.62123800122569,62.97485868949566],[38.60458177418488,62.983186803015975],[38.58911527764671,62.997463569052286],[38.51059306445467,63.03434521464168],[38.41303516321536,63.0462425196719],[38.323805375496725,63.04743225017499],[38.27859561638621,63.03553494514557],[38.23695504878392,63.03077602313347],[38.2024528641992,63.03791440615167],[38.13820741704214,63.04029386715679],[38.0489776293235,63.04981171118011],[37.90383050796777,63.075985782244956],[37.800323954214235,63.09264200928462],[37.703955783478285,63.10215985330794],[37.646848719337825,63.09264200928462],[37.579034080671576,63.07479605174186],[37.53858324357263,63.05219117218523],[37.46957887440391,62.85826510020979],[37.46481995239234,62.8178142631113],[37.44102534233413,62.79164019204654],[37.410092349257624,62.74524070243383],[37.3410879800889,62.67028768074938],[37.32205229204234,62.65125199270274],[37.16262840465171,62.64054441817641],[37.14121325559942,62.65958010622305],[37.017481283296064,62.67028768074938],[36.88185200596356,62.69170282980212],[36.69744377801145,62.74286124142871],[36.51541501106587,62.79401965305344],[36.48001640715189,62.82233608242949],[36.40863257697646,62.887771260089636],[36.338438477304464,62.93773994121234],[36.25634707260332,62.99127781384406],[36.2325524625451,63.024590267925234],[36.2325524625451,63.042436225468876],[36.312264406240416,63.111440594638225],[36.33248982479033,63.12928655218275],[36.30274656221718,63.15189143173751],[36.33724874680199,63.17092711978415],[36.363422817865946,63.17211685028716],[36.40268392446232,63.21613687889564],[36.40149419395905,63.22803418392408],[36.32059251976118,63.23874175845041],[36.305126023222925,63.22089580090588],[36.255157342100844,63.22208553140898],[36.23969084556259,63.24231094995862],[36.25634707260332,63.25182879398194],[36.26348545562081,63.286330978567015],[36.27657249115314,63.286330978567015],[36.27181356914148,63.29822828359555],[36.23017300153927,63.39578618483476],[36.206378391481145,63.45646244048379],[36.07074911414864,63.482636511548634],[35.995796092464985,63.53022573166524],[35.93615287153914,63.58379717873681],[35.85406146683863,63.67064750544978],[35.8766663463943,63.740841605122114],[35.81004143822986,63.76344648467875],[35.7315192250378,63.761067023670876],[35.6161153662552,63.869332499436496],[35.49604536110627,63.933459477752876],[35.42460277880764,63.98610138049844],[35.29534076287041,63.98228983647914],[35.20611097515183,63.944218460385855],[35.034789782732105,63.944218460385855],[34.84562263276911,63.934700616362534],[34.752823653541384,63.91804438932286],[34.65407602179954,63.912095736807714],[34.669542518336925,63.89187031825804],[34.41494019071354,63.877593552224425],[34.216255196726536,63.88116274373169],[34.06634915335917,63.85498867266779],[33.990206401173,63.83833244562629],[33.91762332047466,63.80668629727279],[33.795792360171276,63.783116631687335],[33.72042025646482,63.785903465005504],[33.68038850138794,63.76408094364069],[33.638747933786476,63.75575283012222],[33.61495332372829,63.77478851816704],[33.5083560274723,63.77813276520283],[33.46553524938719,63.79669187802483],[33.413187107259205,63.813348105065415],[33.36083896513043,63.824055679591766],[33.345372468592984,63.83833244562629],[33.28231675193837,63.86093732518293],[33.26328106389184,63.85141948115961],[33.2311583403129,63.868075708200195],[33.19546642522562,63.87640382171958],[33.19070750321396,63.889490857252895],[33.15382585762342,63.900198431778335],[33.1157544815303,63.92518277233921],[33.081252296945536,63.9418389993798],[33.039611729343335,63.976341183965815],[33.08482148845462,63.99299741100549],[33.078872835939706,64.00965363804698],[33.05150903437243,64.03106878709877],[33.04199119034911,64.04177636162512],[33.02295550230258,64.04891474464239],[33.00154035325022,64.08579639023355],[32.99440197023273,64.10126288677293],[33.002730083753534,64.11316019179958],[32.99916089224439,64.1393342628644],[32.9753662821862,64.15123156789286],[32.987263587215296,64.18811321348403],[32.97417655168289,64.216666745554],[32.95395113313384,64.22856405058246],[32.945623019613095,64.23927162510881],[32.93015652307565,64.2475997386291],[32.917069487543245,64.2594970436603],[32.86234188440943,64.26782515717878],[32.82664996932135,64.26663542667575],[32.78976832373155,64.26782515717878],[32.74693802562604,64.27972246220907],[32.736230451100255,64.27377380969392],[32.717194763053726,64.2773430012021],[32.68745150048056,64.26782515717878],[32.6779336564573,64.26187650466545],[32.65770823790746,64.26663542667575],[32.65175958539328,64.25354839114425],[32.6410520108667,64.25235866064213],[32.623206053323486,64.2559278521494],[32.59822171276198,64.24641000812608],[32.576806563709624,64.23213324209246],[32.553011953651435,64.23213324209246],[32.53873518761651,64.22380512857126],[32.558960606165556,64.21785647605611],[32.58870386873872,64.22023593706217],[32.59584225175615,64.21309755404582],[32.58156548572123,64.20476944052461],[32.5375454571132,64.20476944052461],[32.495904889510996,64.21428728454794],[32.51850976906667,64.23094351158943],[32.50780219454009,64.23689216410276],[32.47092054895029,64.25235866064213],[32.40072644927824,64.25711758265243],[32.334101541114535,64.2642559656706],[32.28889178200399,64.27853273170513],[32.280563668484035,64.28686084522542],[32.261527980436654,64.29875815025571],[32.23654363987595,64.32374249081658],[32.22464633484685,64.35586521439473],[32.207990107806154,64.40702362602133],[32.1128116675726,64.41773120054586],[32.04380729840386,64.423679853061],[32.01049484432161,64.42843877507312],[31.995028347784228,64.44747446311976],[31.94505966666202,64.45818203764611],[31.870106644978307,64.46888961217246],[31.75470278619497,64.46294095965732],[31.68569841702623,64.45818203764611],[31.61312485634835,64.46888961217246],[31.475116118010078,64.47245880368064],[31.40373228783551,64.46769988166943],[31.35733279822165,64.45461284613793],[31.32283061363688,64.44271554110765],[31.271672202011416,64.44152581060462],[31.234790556421615,64.44747446311976],[31.18958079731027,64.46175122915429],[31.14794022970881,64.46888961217246],[31.107489392609125,64.46175122915429],[31.051572058972,64.46532042066247],[31.00160337784979,64.47602799518882],[30.974239576282514,64.47483826468579],[30.932599008681052,64.48554583921214],[30.896907093593768,64.46888961217246],[30.856456256494084,64.47126907317761],[30.829092454927547,64.48197664770396],[30.79459027034278,64.4795971866979],[30.780313504307856,64.4879253002191],[30.77079566028459,64.49982260524757],[30.754139433243893,64.49863287474545],[30.745811319723146,64.48078691720093],[30.70892967413255,64.4795971866979],[30.67918641156018,64.46888961217246],[30.620889616917225,64.453423115634],[30.494778183608048,64.43914634959947],[30.39959974337455,64.42724904456918],[30.33654402672073,64.42130039205495],[30.302041842135964,64.423679853061],[30.258021813527932,64.41773120054586],[30.206863401902467,64.39274685998498],[30.152449965542814,64.36394627733534],[30.165261031610555,64.35355892647021],[30.25234844263008,64.34755289812438],[30.351447910341392,64.32953481308505],[30.384481066245712,64.30551069969988],[30.423520250495528,64.29049562883574],[30.419015729236378,64.27698206505556],[30.455051899313446,64.25746247293227],[30.540637803246568,64.24995493749884],[30.552649859938356,64.21692178159537],[30.51361067568854,64.19139616112352],[30.53313026781308,64.17187656899932],[30.562357133584726,64.15016518299763],[30.562798856523955,64.14983704595761],[30.58568301584188,64.13283738475002],[30.60219959379441,64.11481929971069],[30.59319055127537,64.06677107294126],[30.567664930803744,64.03523942412266],[30.546189394004784,64.02337136431379],[30.51060766151579,64.00370777530588],[30.396493122938296,63.96016406979561],[30.349946403255785,63.93764146349713],[30.297393655226188,63.871575151690195],[30.2838800914472,63.85505857373846],[30.253849949716425,63.83854199578673],[30.18327911664938,63.8160193894887],[30.005347969961132,63.75720476917472],[30.0553166510841,63.715564201573216],[30.142166977796908,63.66321605944451],[30.186814218064267,63.620130614448485],[30.200064951600286,63.60734340190179],[30.294614866510955,63.577983864136485],[30.391379614081476,63.55101663940418],[30.391781690703606,63.551045936413175],[30.392165423734557,63.550451150214926],[30.425477877816803,63.52308734864708],[30.46116979290408,63.490964625069],[30.496861707991357,63.463600823501146],[30.56110715514922,63.454082979477825],[30.76812026265619,63.41720133388755],[30.81808894377845,63.387458071314576],[30.837124631825002,63.37556076628604],[30.87162681640972,63.368422383267934],[30.92397495853781,63.36604292226272],[30.93349280256104,63.33748939019188],[30.959666873625086,63.317263971643115],[31.03105070380035,63.302987205608574],[31.072691271402647,63.28752070907015],[31.13455725755388,63.25658771599409],[31.227356236781617,63.21732660939868],[31.227356236781617,63.19829092135116],[31.2452021943249,63.18758334682572],[31.265427612874724,63.11857897765637],[31.354657400593272,63.0769384100531],[31.429610422277015,63.04600541697802],[31.480768833902456,63.023400537422276],[31.49504559993735,63.005554579878634],[31.516460748989733,63.00674431038173],[31.542634820053777,62.998416196862294],[31.578326735141054,62.940119402219366],[31.590224040170117,62.929411827692064],[31.640192721293086,62.932981019201165],[31.696110054930188,62.942498863224486],[31.743699275046616,62.947257785235706],[31.803185800192107,62.9460680547327],[31.835308523770994,62.95082697674569],[31.87694909137329,62.947257785235706],[31.8698107083558,62.938929671715385],[31.900743701431416,62.92584263618296],[31.91502046746631,62.931791288699046],[31.944763730039455,62.9103761396464],[31.98164537562929,62.89253018210276],[32.06135731932461,62.88182260757644],[32.11489519195588,62.871115033049136],[32.15415629855225,62.8294744654495],[32.22672985923017,62.82471554343651],[32.2778882708557,62.80686958589198],[32.32428776046876,62.76522901829048],[32.34689264002442,62.74143440823174],[32.3373747960011,62.71169114565877],[32.31833910795454,62.698604110127235],[32.33975425700693,62.693845188116015],[32.31714937745127,62.67243003906239],[32.38377428561497,62.634358662969106],[32.47538353433934,62.5832002513434],[32.53368032898228,62.549887797263196],[32.56342359155471,62.52014453469023],[32.605064159156925,62.51062669066691],[32.62647930820921,62.49159100262027],[32.66455068430312,62.47731423658573],[32.70143232989296,62.48326288909906],[32.72522693995117,62.47374504507574],[32.74783181950683,62.45946827904022],[32.801369692138096,62.43210447747424],[32.77678090247949,62.409517119966935],[32.78867820750855,62.38215331839997],[32.80771389555511,62.37858412689185],[32.81366254807004,62.35954843884521],[32.797006321029315,62.351220325324],[32.767263058456166,62.35597924733521],[32.749417100912176,62.34527167280889],[32.73870952638639,62.32266679325404],[32.70896626381324,62.30839002721861],[32.67089488772022,62.30839002721861],[32.59475213553311,62.29649272218919],[32.54359372390847,62.29173380017895],[32.5424039934052,62.27864676464564],[32.576906177989926,62.260800807102896],[32.56738833396669,62.24652404106747],[32.580475369498316,62.23462673603805],[32.55549102893754,62.19893482094997],[32.5079018088204,62.17157101938301],[32.46269204970989,62.132309912786724],[32.46864070222473,62.101376919711555],[32.443656361663244,62.069254196133464],[32.44008717015414,62.04070066406261],[32.50671207831793,61.9954909049529],[32.51622992234116,61.9907319829408],[32.53407587988444,61.997870365957134],[32.54002453239937,62.01809578450776],[32.575716447486656,62.03118282003929],[32.585234291509884,62.04545958607561],[32.62449539810635,62.0442698555726],[32.66970515721686,62.0335622810453],[32.66732569621103,62.00976767098744],[32.612598093077196,61.97764494740935],[32.635202972632854,61.93957357131607],[32.63282351162702,61.90626111723302],[32.639961894644514,61.88008704617005],[32.67327434872596,61.87532812415705],[32.67684354023426,61.8598616276204],[32.644720816656175,61.84439513108188],[32.589993213521545,61.81227240750379],[32.54359372390847,61.792046988954056],[32.50909153932376,61.78371887543383],[32.49600450379134,61.80037510247348],[32.51028126982623,61.82179025152711],[32.50314288680874,61.83606701756067],[32.52455803586112,61.84796432259009],[32.51385046133533,61.87532812415705],[32.49838396479717,61.90626111723302],[32.436517978645846,61.916968691759436],[32.34847792142977,61.96098872036783],[32.279473552261045,61.95385033734963],[32.28542220477517,61.94195303232119],[32.253299481197004,61.93600437980608],[32.2461610981796,61.893174081701574],[32.2461610981796,61.871758932649726],[32.230694601641346,61.86581028013373],[32.217607566108924,61.86937947164372],[32.20571026107986,61.863430819128524],[32.20808972208569,61.84796432259009],[32.15574157995769,61.84201567007676],[32.11885993436705,61.83011836504734],[32.11172155134956,61.80751348549071],[32.08078855827395,61.764683187387185],[32.076029636262376,61.70876585374937],[32.05580421771246,61.684971243691514],[32.065322061735785,61.65403825061643],[32.103393437829695,61.63500256256979],[32.12718804788781,61.55053169686201],[32.15574157995769,61.546962505353804],[32.24378163717377,61.545772774850796],[32.254489211699564,61.52554735630017],[32.255678942202834,61.50770139875751],[32.224745949126415,61.492234902218996],[32.22355621862394,61.464871100651145],[32.250920020191174,61.435127838078174],[32.267576247231986,61.40300511450009],[32.258058403208665,61.39705646198489],[32.20571026107986,61.432748377073054],[32.1628799629751,61.41490241952942],[32.19143349504497,61.38396942645345],[32.23783298465875,61.34827751136706],[32.27590436075185,61.35303643337828],[32.298509240307595,61.334000745331636],[32.26162759471696,61.32567263181043],[32.27590436075185,61.30068829125045],[32.259248133711225,61.294739638735344],[32.23902271516211,61.294739638735344],[32.23188433214462,61.26261691515717],[32.20214106957147,61.26142718465417],[32.11648047336122,61.21383796453756],[31.544102608178605,60.89632136491582],[31.829637928877673,60.8094710382029],[32.21511061182258,60.69168771841487],[32.63270601834614,60.55962763259049],[32.69338227399487,60.54773032756293],[32.79212990573666,60.5251254480072],[32.84209858685915,60.49776164643936],[32.85590928296079,60.48701999391729],[32.863513735911624,60.48110541940059],[32.884928884964154,60.47634649738666],[32.905154303513484,60.48348488040392],[32.912292686530975,60.49895137694239],[32.95750244564152,60.509658951469646],[32.98605597771228,60.521556256498116],[33.032455467325235,60.521556256498116],[33.03483492833078,60.50490002945662],[33.064578190904,60.489433532919975],[33.1050290280034,60.47039784487242],[33.13120309906782,60.45969027034698],[33.147859326108346,60.46682865336243],[33.16570528365213,60.46325946185607],[33.18474097169826,60.458500539842134],[33.18236151069266,60.47277730587848],[33.19068962421335,60.47634649738666],[33.20496639024833,60.46682865336243],[33.227571269804,60.46325946185607],[33.24184803583904,60.479915688895744],[33.25612480187402,60.48348488040392],[33.27635022042256,60.478725958392715],[33.29300644746468,60.48110541940059],[33.31680105752275,60.48110541940059],[33.30728321349886,60.501330837948444],[33.32512917104265,60.49538218543239],[33.338216206575225,60.48229514990089],[33.35130324210627,60.479915688895744],[33.37033893015399,60.479915688895744],[33.390564348702526,60.488243802416946],[33.41435895876134,60.48110541940059],[33.44053302982496,60.47515676688363],[33.444102221334504,60.488243802416946],[33.46194817887829,60.48110541940059],[33.464327639883834,60.47158757537545],[33.491691441450655,60.47515676688363],[33.52500389553256,60.4656389228594],[33.52976281754451,60.479915688895744],[33.55593688860813,60.47515676688363],[33.5773520376606,60.48110541940059],[33.60233637822188,60.501330837948444],[33.63445910180059,60.509658951469646],[33.65944344236186,60.50608975995965],[33.6677715558817,60.479915688895744],[33.679668860911136,60.46325946185607],[33.70346347097001,60.447792965316694],[33.72963754203363,60.44184431280246],[33.73201700303997,60.42994700777399],[33.773657570641774,60.42280862475582],[33.801021372208595,60.40853185871947],[33.87359493288676,60.39544482318797],[33.89144089043049,60.38354751816041],[33.914045769985364,60.382357787657384],[33.96401445110865,60.3883064401698],[34.00327555770491,60.39425509268494],[34.01755232373989,60.37878859614648],[34.058003160838496,60.37402967413709],[34.08179777089657,60.3883064401698],[34.1020231894467,60.39544482318797],[34.11392049447534,60.40615239771432],[34.11748968598408,60.42875727726914],[34.10440265045224,60.45374161783093],[34.12105887749283,60.45493134833396],[34.131766452019065,60.42875727726914],[34.146914350886505,60.40633910910765]]]]}},{"type":"Feature","properties":{"kind":"district","id":"uyezd-1897-652","name":"Повенецкий","provinceId":"gubernia-1897-44"},"geometry":{"type":"MultiPolygon","coordinates":[[[[30.152449965542814,64.36394627733534],[30.165261031610555,64.35355892647021],[30.25234844263008,64.34755289812438],[30.351447910341392,64.32953481308505],[30.384481066245712,64.30551069969988],[30.423520250495528,64.29049562883574],[30.419015729236378,64.27698206505556],[30.455051899313446,64.25746247293227],[30.540637803246568,64.24995493749884],[30.552649859938356,64.21692178159537],[30.51361067568854,64.19139616112352],[30.53313026781308,64.17187656899932],[30.562357133584726,64.15016518299763],[30.562798856523955,64.14983704595761],[30.58568301584188,64.13283738475002],[30.60219959379441,64.11481929971069],[30.59319055127537,64.06677107294126],[30.567664930803744,64.03523942412266],[30.546189394004784,64.02337136431379],[30.51060766151579,64.00370777530588],[30.396493122938296,63.96016406979561],[30.349946403255785,63.93764146349713],[30.297393655226188,63.871575151690195],[30.2838800914472,63.85505857373846],[30.253849949716425,63.83854199578673],[30.183279116649487,63.816019389489156],[30.00534796996112,63.75720476917468],[30.055316651084127,63.715564201573216],[30.142166977796876,63.663216059444494],[30.186814218064267,63.620130614448485],[30.200064951600268,63.607343401901744],[30.294614866510983,63.57798386413651],[30.391379614081472,63.551016639404224],[30.391781690703567,63.551045936413175],[30.392165423734525,63.55045115021494],[30.425477877816775,63.523087348647095],[30.46116979290406,63.490964625068955],[30.496861707991343,63.46360082350111],[30.561107155149216,63.45408297947779],[30.768120262656225,63.41720133388753],[30.818088943778434,63.38745807131454],[30.837124631824963,63.37556076628607],[30.87162681640973,63.3684223832679],[30.92397495853777,63.36604292226275],[30.933492802561034,63.33748939019188],[30.959666873625054,63.317263971643115],[31.03105070380036,63.30298720560859],[31.07269127140262,63.28752070907012],[31.134557257553865,63.2565877159941],[31.22735623678159,63.2173266093987],[31.22735623678159,63.198290921351145],[31.24520219432486,63.187583346825704],[31.265427612874703,63.1185789776564],[31.354657400593283,63.07693841005312],[31.429610422276994,63.046005416978005],[31.48076883390246,63.023400537422276],[31.495045599937384,63.00555457987866],[31.516460748989743,63.00674431038169],[31.542634820053763,62.99841619686231],[31.578326735141047,62.94011940221935],[31.590224040170142,62.92941182769209],[31.64019272129309,62.93298101920118],[31.696110054930216,62.9424988632245],[31.743699275046595,62.947257785235706],[31.803185800192068,62.94606805473268],[31.835308523771005,62.9508269767457],[31.876949091373262,62.947257785235706],[31.86981070835577,62.938929671715414],[31.900743701431395,62.925842636183006],[31.91502046746632,62.93179128869906],[31.944763730039483,62.91037613964636],[31.981645375629284,62.892530182102746],[32.0613573193246,62.881822607576396],[32.114895191955895,62.871115033049136],[32.154156298552266,62.82947446544949],[32.22672985923015,62.82471554343647],[32.27788827085567,62.806869585891945],[32.324287760468735,62.76522901829048],[32.34689264002441,62.741434408231726],[32.337374796001086,62.71169114565873],[32.31833910795456,62.698604110127235],[32.339754257006916,62.69384518811603],[32.317149377451244,62.67243003906242],[32.38377428561495,62.634358662969134],[32.47538353433936,62.58320025134344],[32.533680328982314,62.54988779726318],[32.56342359155468,62.52014453469019],[32.60506415915688,62.51062669066687],[32.62647930820924,62.491591002620225],[32.66455068430315,62.4773142365857],[32.70143232989295,62.483262889099024],[32.72522693995114,62.4737450450757],[32.747831819506814,62.459468279040266],[32.80136969213811,62.43210447747424],[32.8989275933767,62.416637980935775],[33.04645417573823,62.38689471836278],[33.15471965150414,62.37499741333431],[33.19041156659142,62.372617952329165],[33.28083108481252,62.373807682831284],[33.30819488637985,62.361910377802815],[33.37481979454276,62.35953091679585],[33.46999823477631,62.35953091679585],[33.52829502941927,62.372617952329165],[33.59373020707966,62.416637980935775],[33.63061185266946,62.45351962652603],[33.65678592373422,62.483262889099024],[33.6924778388215,62.493970463625374],[33.72341083189718,62.493970463625374],[33.75672328597864,62.5082472296599],[33.76862059100773,62.52728291770654],[33.75434382497281,62.57606186832618],[33.78170762654008,62.61413324441946],[33.78646654855174,62.6367381239761],[33.778138435030996,62.687896535600885],[33.79360493156918,62.7271576421972],[33.81739954162737,62.74619333024384],[33.874506605767806,62.74500359974172],[33.93161366990745,62.730726833705376],[33.992289925556236,62.71288087616358],[34.1421959689236,62.63792785447913],[34.19335438054833,62.61651270542643],[34.26830740223198,62.62959974095793],[34.32898365788077,62.64863542900457],[34.376572877997944,62.654584081520625],[34.380142069506235,62.64625596799942],[34.411075062581915,62.643876506992456],[34.426541559120096,62.63078947146096],[34.432490211634274,62.611753783414315],[34.450336169178286,62.60580513089917],[34.572878410978376,62.5855797123495],[34.638313588638766,62.535611031226836],[34.75252771691885,62.447570974013615],[34.83580885212251,62.47493477557873],[35.020217080074644,62.534421300724716],[35.179640967465275,62.572492676818],[35.32954701083264,62.611753783414315],[35.44495086961524,62.56178510229165],[35.548457423368745,62.48921154161508],[35.64482559410476,62.35834118629282],[35.705501849753546,62.2453167885169],[35.825097348990425,62.222690612985524],[35.83756193557764,62.220332447955116],[35.93511983681623,62.209624873428766],[35.982709056933345,62.23936813600176],[36.01721124151737,62.2453167885169],[36.04219558207882,62.26673193756869],[36.06004153962289,62.27268059008475],[36.08740534118937,62.29171627812957],[36.12071779527088,62.30480331366198],[36.165927554382165,62.30599304416501],[36.20161946946945,62.319080079696505],[36.238501115060046,62.32621846271468],[36.2718135691415,62.34168495925314],[36.290849257188086,62.35596172528767],[36.30393629272044,62.371428221826136],[36.327730902778626,62.37499741333431],[36.36104335686014,62.39165364037581],[36.358663895854306,62.40830986741548],[36.33962820780772,62.42139690294789],[36.314643867246275,62.43210447747424],[36.32178225026371,62.44043259099362],[36.34200766881355,62.44519151300574],[36.39078661943324,62.43924286049241],[36.44432449206374,62.4737450450757],[36.445514222567056,62.5082472296599],[36.51451859173579,62.53204183971866],[36.516898052741624,62.55345698877136],[36.48358559866017,62.5594056412865],[36.43242718703465,62.56535429379983],[36.42052988200555,62.59866674788282],[36.406253115970685,62.63554839347307],[36.443134761561225,62.68075815258271],[36.44432449206374,62.70693222364753],[36.427668265023044,62.74381386923869],[36.40030446345651,62.7914030893553],[36.43242718703465,62.808059316394974],[36.48001640715182,62.8223360824295],[36.40863257697646,62.88777126008972],[36.338438477304464,62.937739941212385],[36.25634707260332,62.991277813844135],[36.23255246254513,63.024590267925305],[36.23255246254513,63.04243622546892],[36.312264406240445,63.111440594638225],[36.33248982479029,63.12928655218275],[36.30274656221718,63.15189143173757],[36.33724874680195,63.17092711978421],[36.36342281786591,63.17211685028724],[36.40268392446234,63.21613687889567],[36.401494193959024,63.22803418392414],[36.32059251976119,63.23874175845049],[36.305126023222954,63.220895800905964],[36.2551573421008,63.22208553140899],[36.23969084556256,63.242310949958664],[36.25634707260332,63.251828793981986],[36.26348545562075,63.28633097856709],[36.27657249115316,63.28633097856709],[36.2718135691415,63.29822828359556],[36.2301730015393,63.39578618483483],[36.20637839148111,63.45646244048385],[36.07074911414867,63.48263651154866],[35.99579609246496,63.53022573166527],[35.936152871539036,63.58379717873686],[35.85406146683863,63.67064750544978],[35.8766663463943,63.740841605122114],[35.81004143822986,63.76344648467875],[35.7315192250378,63.761067023670876],[35.6161153662552,63.869332499436496],[35.49604536110627,63.933459477752876],[35.42460277880764,63.98610138049844],[35.29534076287041,63.98228983647914],[35.20611097515183,63.944218460385855],[35.034789782732105,63.944218460385855],[34.84562263276911,63.934700616362534],[34.752823653541384,63.91804438932286],[34.65407602179954,63.912095736807714],[34.669542518336925,63.89187031825804],[34.41494019071354,63.877593552224425],[34.216255196726536,63.88116274373169],[34.06634915335917,63.85498867266779],[33.990206401173,63.83833244562629],[33.91762332047466,63.80668629727279],[33.795792360171276,63.783116631687335],[33.72042025646482,63.785903465005504],[33.68038850138794,63.76408094364069],[33.638747933786476,63.75575283012222],[33.61495332372829,63.77478851816704],[33.5083560274723,63.77813276520283],[33.46553524938719,63.79669187802483],[33.413187107259205,63.813348105065415],[33.36083896513043,63.824055679591766],[33.345372468592984,63.83833244562629],[33.28231675193837,63.86093732518293],[33.26328106389184,63.85141948115961],[33.2311583403129,63.868075708200195],[33.19546642522562,63.87640382171958],[33.19070750321396,63.889490857252895],[33.15382585762342,63.900198431778335],[33.1157544815303,63.92518277233921],[33.081252296945536,63.9418389993798],[33.039611729343335,63.976341183965815],[33.08482148845462,63.99299741100549],[33.078872835939706,64.00965363804698],[33.05150903437243,64.03106878709877],[33.04199119034911,64.04177636162512],[33.02295550230258,64.04891474464239],[33.00154035325022,64.08579639023355],[32.99440197023273,64.10126288677293],[33.002730083753534,64.11316019179958],[32.99916089224439,64.1393342628644],[32.9753662821862,64.15123156789286],[32.987263587215296,64.18811321348403],[32.97417655168289,64.216666745554],[32.95395113313384,64.22856405058246],[32.945623019613095,64.23927162510881],[32.93015652307565,64.2475997386291],[32.917069487543245,64.2594970436603],[32.86234188440943,64.26782515717878],[32.82664996932135,64.26663542667575],[32.78976832373155,64.26782515717878],[32.74693802562604,64.27972246220907],[32.736230451100255,64.27377380969392],[32.717194763053726,64.2773430012021],[32.68745150048056,64.26782515717878],[32.6779336564573,64.26187650466545],[32.65770823790746,64.26663542667575],[32.65175958539328,64.25354839114425],[32.6410520108667,64.25235866064213],[32.623206053323486,64.2559278521494],[32.59822171276198,64.24641000812608],[32.576806563709624,64.23213324209246],[32.553011953651435,64.23213324209246],[32.53873518761651,64.22380512857126],[32.558960606165556,64.21785647605611],[32.58870386873872,64.22023593706217],[32.59584225175615,64.21309755404582],[32.58156548572123,64.20476944052461],[32.5375454571132,64.20476944052461],[32.495904889510996,64.21428728454794],[32.51850976906667,64.23094351158943],[32.50780219454009,64.23689216410276],[32.47092054895029,64.25235866064213],[32.40072644927824,64.25711758265243],[32.334101541114535,64.2642559656706],[32.28889178200399,64.27853273170513],[32.280563668484035,64.28686084522542],[32.261527980436654,64.29875815025571],[32.23654363987595,64.32374249081658],[32.22464633484685,64.35586521439473],[32.207990107806154,64.40702362602133],[32.1128116675726,64.41773120054586],[32.04380729840386,64.423679853061],[32.01049484432161,64.42843877507312],[31.995028347784228,64.44747446311976],[31.94505966666202,64.45818203764611],[31.870106644978307,64.46888961217246],[31.75470278619497,64.46294095965732],[31.68569841702623,64.45818203764611],[31.61312485634835,64.46888961217246],[31.475116118010078,64.47245880368064],[31.40373228783551,64.46769988166943],[31.35733279822165,64.45461284613793],[31.32283061363688,64.44271554110765],[31.271672202011416,64.44152581060462],[31.234790556421615,64.44747446311976],[31.18958079731027,64.46175122915429],[31.14794022970881,64.46888961217246],[31.107489392609125,64.46175122915429],[31.051572058972,64.46532042066247],[31.00160337784979,64.47602799518882],[30.974239576282514,64.47483826468579],[30.932599008681052,64.48554583921214],[30.896907093593768,64.46888961217246],[30.856456256494084,64.47126907317761],[30.829092454927547,64.48197664770396],[30.79459027034278,64.4795971866979],[30.780313504307856,64.4879253002191],[30.77079566028459,64.49982260524757],[30.754139433243893,64.49863287474545],[30.745811319723146,64.48078691720093],[30.70892967413255,64.4795971866979],[30.67918641156018,64.46888961217246],[30.620889616917225,64.453423115634],[30.494778183608048,64.43914634959947],[30.39959974337455,64.42724904456918],[30.33654402672073,64.42130039205495],[30.302041842135964,64.423679853061],[30.258021813527932,64.41773120054586],[30.206863401902467,64.39274685998498],[30.152449965542814,64.36394627733534]]]]}},{"type":"Feature","properties":{"kind":"district","id":"uyezd-1897-653","name":"Петрозаводский","provinceId":"gubernia-1897-44"},"geometry":{"type":"MultiPolygon","coordinates":[[[[32.80136969213811,62.43210447747424],[32.77678090247949,62.409517119966935],[32.78867820750855,62.38215331839997],[32.80771389555511,62.37858412689185],[32.81366254807004,62.35954843884521],[32.797006321029315,62.351220325324],[32.767263058456166,62.35597924733521],[32.749417100912176,62.34527167280889],[32.73870952638639,62.32266679325404],[32.70896626381324,62.30839002721861],[32.67089488772022,62.30839002721861],[32.59475213553311,62.29649272218919],[32.54359372390847,62.29173380017895],[32.5424039934052,62.27864676464564],[32.576906177989926,62.260800807102896],[32.56738833396669,62.24652404106747],[32.580475369498316,62.23462673603805],[32.55549102893754,62.19893482094997],[32.5079018088204,62.17157101938301],[32.46269204970989,62.132309912786724],[32.46864070222473,62.101376919711555],[32.443656361663244,62.069254196133464],[32.44008717015414,62.04070066406261],[32.50671207831793,61.9954909049529],[32.51622992234116,61.9907319829408],[32.53407587988444,61.997870365957134],[32.54002453239937,62.01809578450776],[32.575716447486656,62.03118282003929],[32.585234291509884,62.04545958607561],[32.62449539810635,62.0442698555726],[32.66970515721686,62.0335622810453],[32.66732569621103,62.00976767098744],[32.612598093077196,61.97764494740935],[32.635202972632854,61.93957357131607],[32.63282351162702,61.90626111723302],[32.639961894644514,61.88008704617005],[32.67327434872596,61.87532812415705],[32.67684354023426,61.8598616276204],[32.644720816656175,61.84439513108188],[32.589993213521545,61.81227240750379],[32.54359372390847,61.792046988954056],[32.60867786420368,61.762200170345785],[32.752635255056056,61.707472567211866],[32.82639854623653,61.72174933324641],[32.81331151070473,61.73483636877883],[32.83829585126595,61.73959529079004],[32.889454262891654,61.71936987224031],[32.94299213552293,61.696764992686425],[32.96678674558096,61.69795472318943],[33.004858121673976,61.67416011313068],[33.06672410782592,61.66702173011346],[33.08813925687839,61.686057418159216],[33.13215928548581,61.68962660966734],[33.20949176817583,61.65393469458015],[33.2178198816957,61.60872493547053],[33.15714362604703,61.56470490686205],[33.17498958359076,61.52544380026664],[33.20473284616399,61.51235676473334],[33.25351179678324,61.51235676473334],[33.30585993891125,61.49807999869969],[33.379623230092605,61.49926972920278],[33.38319242160135,61.46952646662972],[33.44267894674694,61.45287023958829],[33.460524904290665,61.41122967198679],[33.594964451119985,61.4064707499738],[33.69133262185611,61.41479886349403],[33.8019775586274,61.43621401254677],[33.8412386652236,61.41360913299289],[33.950693871491616,61.37672748740074],[33.99233443909347,61.33984584181144],[34.01493931864913,61.34222530281656],[34.003042013619705,61.36126099086418],[34.00423174412289,61.3695891043844],[34.03397500669523,61.3648301823723],[34.04349285071909,61.34460476382266],[34.07918476580663,61.33746638080534],[34.10654856737341,61.34103557231444],[34.15175832648392,61.34936368583387],[34.174363206039665,61.33984584181144],[34.18863997207465,61.318430692758696],[34.2243318871621,61.305343657227255],[34.2505059582265,61.295825813203045],[34.24931622772332,61.2791695861633],[34.280249220798936,61.28392850817451],[34.305233561360154,61.26608255062999],[34.31832059689195,61.23871874906312],[34.346874128961915,61.232770096548805],[34.39089415757013,61.21968306101736],[34.41349903712579,61.20897548649006],[34.45276014372199,61.21373440850314],[34.46227798774513,61.1899397984444],[34.45513960472764,61.17209384089987],[34.483693136797605,61.161386266374436],[34.51938505188506,61.17090411039776],[34.5812510380362,61.166145188385556],[34.649065676702456,61.1887500679413],[34.647875946200074,61.16852464939166],[34.67642947827004,61.16852464939166],[34.65620405971995,61.14116084782469],[34.6788089392756,61.12450462078326],[34.71212139335749,61.10784839374352],[34.733536542409965,61.091192166702086],[34.78112576252613,61.09714081921631],[34.8156279471104,61.073346209157556],[34.858458245215346,61.074535939660564],[34.919134500864104,61.03527483306427],[34.968824109399904,61.054398649296644],[34.95811653487367,61.07938298985759],[34.94146030783303,61.10079813891113],[34.948598690850524,61.110315982933564],[34.97953168392614,61.101987869414224],[35.01998252102472,61.10436733041934],[35.03544901756288,61.0924700253909],[35.042587400580466,61.07700352885239],[35.06876147164486,61.06986514583516],[35.122299344276044,61.07224460684117],[35.168698833889735,61.05558837979973],[35.21152913199477,61.0436910747712],[35.22223670652101,61.02941430873666],[35.29362053669521,61.017517003706445],[35.38641951592268,61.01989646471246],[35.42806008352524,61.04607053577641],[35.492305530681946,61.03060403923789],[35.489926069676386,61.01037862069002],[35.487546608670826,60.99610185465371],[35.50420283571137,60.97587643610406],[35.48397741716208,60.96873805308675],[35.49111580017957,60.94256398202288],[35.524428254260656,60.91757964146113],[35.58272504890385,60.9044926059296],[35.626745077511984,60.891405570397175],[35.743338666797584,60.894974761907164],[35.83613764602505,60.91282071944991],[35.83018899350994,60.88664664838596],[35.83732737652743,60.87236988235142],[35.859932256083084,60.85928284681811],[35.89919336267938,60.86880069084143],[35.96819773184872,60.86880069084143],[35.986043689392446,60.891405570397175],[35.96938746235111,60.91044125844382],[35.932505816761264,60.9044926059296],[35.8849165966443,60.897354222911396],[35.858742525579906,60.89854395341538],[35.88015767463238,60.90925152794081],[35.922987972737324,60.91401044995292],[35.90871120670234,60.92590775498136],[35.857552795077524,60.91757964146113],[35.832568454516306,60.93899479051378],[35.90038309318247,60.94375371252589],[35.955110696316126,60.9485126345371],[35.99071448321847,60.954872551917134],[36.038303703334904,60.965580126443456],[36.04782154735813,60.98223635348498],[36.02997558981485,60.98937473650132],[36.0525804693697,61.03577422611492],[36.08470319294868,61.04886126164823],[36.09897995898358,61.06908668019787],[36.13586160457421,61.0738456022082],[36.1679843281523,61.05956883617455],[36.25364492436263,61.05362018365945],[36.28695737844408,61.08098398522631],[36.346443903590284,61.097640212267834],[36.355961747613605,61.114296439307495],[36.44519153533215,61.16069592892198],[36.45946830136713,61.188059730488945],[36.45114018784637,61.20709541853559],[36.39522285420918,61.23564895060466],[36.383325549180114,61.24992571664009],[36.365479591636834,61.260633291166414],[36.379756357671816,61.276099787704844],[36.44519153533215,61.276099787704844],[36.42734557778816,61.29275601474459],[36.49040129444275,61.37365768894415],[36.474934797904496,61.39983176000713],[36.429754414855566,61.437528591312876],[36.39485565343717,61.4470464353362],[36.339334896634554,61.473418794817036],[36.273899718974036,61.48055717783515],[36.251294839418385,61.496023674373674],[36.25724349193341,61.506731248899996],[36.23344888187519,61.549561547003606],[36.19894669729038,61.57454588756447],[36.17515208723226,61.60547888064142],[36.146598555162385,61.61856591617287],[36.121614214600896,61.649498909248926],[36.094250413033585,61.657827022769155],[36.103768257056814,61.667344866792476],[36.06093795895214,61.664965405787356],[36.03476388788809,61.67329351930768],[36.04190227090558,61.68638055483912],[36.075214724987035,61.68757028534221],[36.07640445549039,61.71017516489698],[36.087112030016186,61.7196930089203],[36.04666119291724,61.738728696966945],[36.05617903694048,61.75657465451058],[36.0169179303441,61.78631791708355],[35.99312332028589,61.810112527143275],[35.97170817123359,61.812491988148395],[35.98360547626265,61.82914821518992],[35.943154639163716,61.82914821518992],[35.922929220613895,61.82557902367992],[35.91103191558474,61.82557902367992],[35.88604757502405,61.84223525072136],[35.85868377345683,61.863650399773206],[35.87058107848589,61.88149635731774],[35.90270380206478,61.90053204536438],[35.87771946150329,61.9100498893877],[35.87890919200585,61.92432665542215],[35.89080649703571,61.93979315196067],[35.922929220613895,61.93265476894247],[35.924118951117165,61.938603421457664],[35.89556541904729,61.957639109504306],[35.81942266686036,61.98857210258028],[35.805145900825465,61.99571048559662],[35.788489673784746,61.98738237207728],[35.768264255234925,62.00522832961994],[35.73852099266249,62.01712563465024],[35.71948530461522,62.0397305142051],[35.69569069455701,62.04092024470721],[35.69807015556284,62.057576471748646],[35.72305449612432,62.05995593275475],[35.72662368763342,62.07542242929317],[35.70520853858024,62.08850946482471],[35.72781341813598,62.09326838683681],[35.74684910618245,62.13728841544432],[35.764695063726535,62.163462486507385],[35.78492048227555,62.163462486507385],[35.78729994328138,62.178928983045815],[35.807525361831296,62.188446827069136],[35.808715092334566,62.20272359310367],[35.825097348990425,62.222690612985524],[35.705501849753546,62.2453167885169],[35.64482559410476,62.35834118629282],[35.548457423368745,62.48921154161508],[35.44495086961524,62.56178510229165],[35.32954701083264,62.611753783414315],[35.179640967465275,62.572492676818],[35.020217080074644,62.534421300724716],[34.83580885212251,62.47493477557873],[34.75252771691885,62.447570974013615],[34.638313588638766,62.535611031226836],[34.572878410978376,62.5855797123495],[34.450336169178286,62.60580513089917],[34.432490211634274,62.611753783414315],[34.426541559120096,62.63078947146096],[34.411075062581915,62.643876506992456],[34.380142069506235,62.64625596799942],[34.376572877997944,62.654584081520625],[34.32898365788077,62.64863542900457],[34.26830740223198,62.62959974095793],[34.19335438054833,62.61651270542643],[34.1421959689236,62.63792785447913],[33.992289925556236,62.71288087616358],[33.93161366990745,62.730726833705376],[33.874506605767806,62.74500359974172],[33.81739954162737,62.74619333024384],[33.79360493156918,62.7271576421972],[33.778138435030996,62.687896535600885],[33.78646654855174,62.6367381239761],[33.78170762654008,62.61413324441946],[33.75434382497281,62.57606186832618],[33.76862059100773,62.52728291770654],[33.75672328597864,62.5082472296599],[33.72341083189718,62.493970463625374],[33.6924778388215,62.493970463625374],[33.65678592373422,62.483262889099024],[33.63061185266946,62.45351962652603],[33.59373020707966,62.416637980935775],[33.52829502941927,62.372617952329165],[33.46999823477631,62.35953091679585],[33.37481979454276,62.35953091679585],[33.30819488637985,62.361910377802815],[33.28083108481252,62.373807682831284],[33.19041156659142,62.372617952329165],[33.15471965150414,62.37499741333431],[33.04645417573823,62.38689471836278],[32.8989275933767,62.416637980935775],[32.80136969213811,62.43210447747424]]]]}},{"type":"Feature","properties":{"kind":"district","id":"uyezd-1897-664","name":"Олонецкий","provinceId":"gubernia-1897-44"},"geometry":{"type":"MultiPolygon","coordinates":[[[[31.544102608178605,60.89632136491582],[31.829637928877673,60.8094710382029],[32.21511061182258,60.69168771841487],[32.63270601834614,60.55962763259049],[32.69338227399487,60.54773032756293],[32.79212990573666,60.5251254480072],[32.84209858685915,60.49776164643936],[32.855909282960965,60.48701999391747],[32.89421318490278,60.548675057372776],[32.95726890155711,60.58793616396817],[32.96083809306585,60.6057821215127],[32.97987378111276,60.622438348554134],[32.97035593708971,60.67240702967497],[32.95488944055154,60.684304334705274],[32.967976476083344,60.698581100739815],[32.988201894633434,60.70571948375713],[33.01913488770905,60.71166813627135],[33.109554405930865,60.72475517180377],[33.19402527163767,60.73546274633098],[33.26659883231505,60.73427301582709],[33.35344915902821,60.71999624979256],[33.38557188260692,60.704529753254036],[33.395089726629976,60.704529753254036],[33.395089726629976,60.717616788787346],[33.36653619456001,60.73546274633098],[33.42959191121504,60.7426011293483],[33.44386867725002,60.762826547897056],[33.51287304641866,60.768775200412165],[33.567600649553114,60.82231307304388],[33.58901579860559,60.83421037807241],[33.769854835048605,60.846107683100854],[33.78413160108367,60.8770406761778],[33.815064594159196,60.88893798120624],[33.82696189918862,60.90559420824776],[33.86265381427607,60.913922321768084],[33.89239707684842,60.928199087802525],[33.91500195640416,60.95675261987347],[33.9447452189773,60.96983965540491],[33.982816595070325,60.96627046389679],[34.032785276192854,60.94604504534617],[34.081564226812105,60.932958009813746],[34.11130748938534,60.91154286076198],[34.141050751957685,60.89845582522956],[34.180311858553885,60.89845582522956],[34.23384973118516,60.91154286076198],[34.29333625633144,60.93057854880774],[34.39089415757013,60.96864992490191],[34.4456217607045,60.98292669093645],[34.48845205880953,60.98292669093645],[34.52176451289063,60.99363426546366],[34.58600996004813,60.96864992490191],[34.61813268362684,60.96983965540491],[34.63716837167384,60.99006507395367],[34.713311123859874,60.99363426546366],[34.7632798049824,60.992444534960654],[34.832284174151745,61.00672130099431],[34.919134500864104,61.03527483306427],[34.858458245215346,61.074535939660564],[34.8156279471104,61.073346209157556],[34.78112576252613,61.09714081921631],[34.733536542409965,61.091192166702086],[34.71212139335749,61.10784839374352],[34.6788089392756,61.12450462078326],[34.65620405971995,61.14116084782469],[34.67642947827004,61.16852464939166],[34.647875946200074,61.16852464939166],[34.649065676702456,61.1887500679413],[34.5812510380362,61.166145188385556],[34.51938505188506,61.17090411039776],[34.483693136797605,61.161386266374436],[34.45513960472764,61.17209384089987],[34.46227798774513,61.1899397984444],[34.45276014372199,61.21373440850314],[34.41349903712579,61.20897548649006],[34.39089415757013,61.21968306101736],[34.346874128961915,61.232770096548805],[34.31832059689195,61.23871874906312],[34.305233561360154,61.26608255062999],[34.280249220798936,61.28392850817451],[34.24931622772332,61.2791695861633],[34.2505059582265,61.295825813203045],[34.2243318871621,61.305343657227255],[34.18863997207465,61.318430692758696],[34.174363206039665,61.33984584181144],[34.15175832648392,61.34936368583387],[34.10654856737341,61.34103557231444],[34.07918476580663,61.33746638080534],[34.04349285071909,61.34460476382266],[34.03397500669523,61.3648301823723],[34.00423174412289,61.3695891043844],[34.003042013619705,61.36126099086418],[34.01493931864913,61.34222530281656],[33.99233443909347,61.33984584181144],[33.950693871491616,61.37672748740074],[33.8412386652236,61.41360913299289],[33.8019775586274,61.43621401254677],[33.69133262185611,61.41479886349403],[33.594964451119985,61.4064707499738],[33.460524904290665,61.41122967198679],[33.44267894674694,61.45287023958829],[33.38319242160135,61.46952646662972],[33.379623230092605,61.49926972920278],[33.30585993891125,61.49807999869969],[33.25351179678324,61.51235676473334],[33.20473284616399,61.51235676473334],[33.17498958359076,61.52544380026664],[33.15714362604703,61.56470490686205],[33.2178198816957,61.60872493547053],[33.20949176817583,61.65393469458015],[33.13215928548581,61.68962660966734],[33.08813925687839,61.686057418159216],[33.06672410782592,61.66702173011346],[33.004858121673976,61.67416011313068],[32.96678674558096,61.69795472318943],[32.94299213552293,61.696764992686425],[32.889454262891654,61.71936987224031],[32.83829585126595,61.73959529079004],[32.81331151070473,61.73483636877883],[32.82639854623653,61.72174933324641],[32.752635255056056,61.707472567211866],[32.60867786420368,61.762200170345785],[32.54359372390847,61.792046988954056],[32.50909153932376,61.78371887543383],[32.49600450379134,61.80037510247348],[32.51028126982623,61.82179025152711],[32.50314288680874,61.83606701756067],[32.52455803586112,61.84796432259009],[32.51385046133533,61.87532812415705],[32.49838396479717,61.90626111723302],[32.436517978645846,61.916968691759436],[32.34847792142977,61.96098872036783],[32.279473552261045,61.95385033734963],[32.28542220477517,61.94195303232119],[32.253299481197004,61.93600437980608],[32.2461610981796,61.893174081701574],[32.2461610981796,61.871758932649726],[32.230694601641346,61.86581028013373],[32.217607566108924,61.86937947164372],[32.20571026107986,61.863430819128524],[32.20808972208569,61.84796432259009],[32.15574157995769,61.84201567007676],[32.11885993436705,61.83011836504734],[32.11172155134956,61.80751348549071],[32.08078855827395,61.764683187387185],[32.076029636262376,61.70876585374937],[32.05580421771246,61.684971243691514],[32.065322061735785,61.65403825061643],[32.103393437829695,61.63500256256979],[32.12718804788781,61.55053169686201],[32.15574157995769,61.546962505353804],[32.24378163717377,61.545772774850796],[32.254489211699564,61.52554735630017],[32.255678942202834,61.50770139875751],[32.224745949126415,61.492234902218996],[32.22355621862394,61.464871100651145],[32.250920020191174,61.435127838078174],[32.267576247231986,61.40300511450009],[32.258058403208665,61.39705646198489],[32.20571026107986,61.432748377073054],[32.1628799629751,61.41490241952942],[32.19143349504497,61.38396942645345],[32.23783298465875,61.34827751136706],[32.27590436075185,61.35303643337828],[32.298509240307595,61.334000745331636],[32.26162759471696,61.32567263181043],[32.27590436075185,61.30068829125045],[32.259248133711225,61.294739638735344],[32.23902271516211,61.294739638735344],[32.23188433214462,61.26261691515717],[32.20214106957147,61.26142718465417],[32.11648047336122,61.21383796453756],[31.544102608178605,60.89632136491582]]]]}},{"type":"Feature","properties":{"kind":"district","id":"uyezd-1897-665","name":"Лодейнопольский","provinceId":"gubernia-1897-44"},"geometry":{"type":"MultiPolygon","coordinates":[[[[35.97100882135558,60.45984714667517],[35.89919336267938,60.497604773931904],[35.9182290507262,60.507122617956114],[35.898003632176106,60.54876318555761],[35.88610632714749,60.596352405675106],[35.9432133912875,60.60349078869153],[35.9432133912875,60.61419836321785],[35.971766923357464,60.61776755472785],[35.978905306374955,60.62490593774507],[36.00864856894739,60.62847512925328],[35.99675126391868,60.64394162579171],[35.98961288090119,60.66416704434047],[35.99794099442116,60.68558219339321],[36.027684256994306,60.70104868993164],[36.04434048403485,60.712945994960165],[36.052668597555524,60.7331714135107],[36.03720210101736,60.74268925753314],[36.03363290950861,60.756966023568566],[36.052668597555524,60.77362225060822],[36.0538583280579,60.78908874714763],[36.03125344850305,60.79622713016396],[36.01935614347363,60.818832009719706],[36.03601237051417,60.83072931474815],[36.03601237051417,60.84738554178967],[36.04315075353166,60.86404176883022],[36.04790967554359,60.881887726373854],[36.03363290950861,60.897354222911396],[36.015786951964884,60.905682336432605],[36.00507937743865,60.92114883297112],[35.978905306374955,60.92590775498136],[35.955110696316126,60.9485126345371],[35.90038309318247,60.94375371252589],[35.832568454516306,60.93899479051378],[35.857552795077524,60.91757964146113],[35.90871120670234,60.92590775498136],[35.922987972737324,60.91401044995292],[35.88015767463238,60.90925152794081],[35.858742525579906,60.89854395341538],[35.8849165966443,60.897354222911396],[35.932505816761264,60.9044926059296],[35.96938746235111,60.91044125844382],[35.986043689392446,60.891405570397175],[35.96819773184872,60.86880069084143],[35.89919336267938,60.86880069084143],[35.859932256083084,60.85928284681811],[35.83732737652743,60.87236988235142],[35.83018899350994,60.88664664838596],[35.83613764602505,60.91282071944991],[35.743338666797584,60.894974761907164],[35.626745077511984,60.891405570397175],[35.58272504890385,60.9044926059296],[35.524428254260656,60.91757964146113],[35.49111580017957,60.94256398202288],[35.48397741716208,60.96873805308675],[35.50420283571137,60.97587643610406],[35.487546608670826,60.99610185465371],[35.489926069676386,61.01037862069002],[35.492305530681946,61.03060403923789],[35.42806008352524,61.04607053577641],[35.38641951592268,61.01989646471246],[35.29362053669521,61.017517003706445],[35.22223670652101,61.02941430873666],[35.21152913199477,61.0436910747712],[35.168698833889735,61.05558837979973],[35.122299344276044,61.07224460684117],[35.06876147164486,61.06986514583516],[35.042587400580466,61.07700352885239],[35.03544901756288,61.0924700253909],[35.01998252102472,61.10436733041934],[34.97953168392614,61.101987869414224],[34.948598690850524,61.110315982933564],[34.94146030783303,61.10079813891113],[34.95811653487367,61.07938298985759],[34.968824109399904,61.054398649296644],[34.919134500864104,61.03527483306427],[34.832284174151745,61.00672130099431],[34.7632798049824,60.992444534960654],[34.713311123859874,60.99363426546366],[34.63716837167384,60.99006507395367],[34.61813268362684,60.96983965540491],[34.58600996004813,60.96864992490191],[34.52176451289063,60.99363426546366],[34.48845205880953,60.98292669093645],[34.4456217607045,60.98292669093645],[34.39089415757013,60.96864992490191],[34.29333625633144,60.93057854880774],[34.23384973118516,60.91154286076198],[34.180311858553885,60.89845582522956],[34.141050751957685,60.89845582522956],[34.11130748938534,60.91154286076198],[34.081564226812105,60.932958009813746],[34.032785276192854,60.94604504534617],[33.982816595070325,60.96627046389679],[33.9447452189773,60.96983965540491],[33.91500195640416,60.95675261987347],[33.89239707684842,60.928199087802525],[33.86265381427607,60.913922321768084],[33.82696189918862,60.90559420824776],[33.815064594159196,60.88893798120624],[33.78413160108367,60.8770406761778],[33.769854835048605,60.846107683100854],[33.58901579860559,60.83421037807241],[33.567600649553114,60.82231307304388],[33.51287304641866,60.768775200412165],[33.44386867725002,60.762826547897056],[33.42959191121504,60.7426011293483],[33.36653619456001,60.73546274633098],[33.395089726629976,60.717616788787346],[33.395089726629976,60.704529753254036],[33.38557188260692,60.704529753254036],[33.35344915902821,60.71999624979256],[33.26659883231505,60.73427301582709],[33.19402527163767,60.73546274633098],[33.109554405930865,60.72475517180377],[33.01913488770905,60.71166813627135],[32.988201894633434,60.70571948375713],[32.967976476083344,60.698581100739815],[32.95488944055154,60.684304334705274],[32.97035593708971,60.67240702967497],[32.97987378111276,60.622438348554134],[32.96083809306585,60.6057821215127],[32.95726890155711,60.58793616396817],[32.89421318490278,60.548675057372776],[32.855909282960965,60.48701999391747],[32.863513735911624,60.48110541940059],[32.884928884964154,60.47634649738666],[32.905154303513484,60.48348488040392],[32.912292686530975,60.49895137694239],[32.95750244564152,60.509658951469646],[32.98605597771228,60.521556256498116],[33.032455467325235,60.521556256498116],[33.03483492833078,60.50490002945662],[33.064578190904,60.489433532919975],[33.1050290280034,60.47039784487242],[33.13120309906782,60.45969027034698],[33.147859326108346,60.46682865336243],[33.16570528365213,60.46325946185607],[33.18474097169826,60.458500539842134],[33.18236151069266,60.47277730587848],[33.19068962421335,60.47634649738666],[33.20496639024833,60.46682865336243],[33.227571269804,60.46325946185607],[33.24184803583904,60.479915688895744],[33.25612480187402,60.48348488040392],[33.27635022042256,60.478725958392715],[33.29300644746468,60.48110541940059],[33.31680105752275,60.48110541940059],[33.30728321349886,60.501330837948444],[33.32512917104265,60.49538218543239],[33.338216206575225,60.48229514990089],[33.35130324210627,60.479915688895744],[33.37033893015399,60.479915688895744],[33.390564348702526,60.488243802416946],[33.41435895876134,60.48110541940059],[33.44053302982496,60.47515676688363],[33.444102221334504,60.488243802416946],[33.46194817887829,60.48110541940059],[33.464327639883834,60.47158757537545],[33.491691441450655,60.47515676688363],[33.52500389553256,60.4656389228594],[33.52976281754451,60.479915688895744],[33.55593688860813,60.47515676688363],[33.5773520376606,60.48110541940059],[33.60233637822188,60.501330837948444],[33.63445910180059,60.509658951469646],[33.65944344236186,60.50608975995965],[33.6677715558817,60.479915688895744],[33.679668860911136,60.46325946185607],[33.70346347097001,60.447792965316694],[33.72963754203363,60.44184431280246],[33.73201700303997,60.42994700777399],[33.773657570641774,60.42280862475582],[33.801021372208595,60.40853185871947],[33.87359493288676,60.39544482318797],[33.89144089043049,60.38354751816041],[33.914045769985364,60.382357787657384],[33.96401445110865,60.3883064401698],[34.00327555770491,60.39425509268494],[34.01755232373989,60.37878859614648],[34.058003160838496,60.37402967413709],[34.08179777089657,60.3883064401698],[34.1020231894467,60.39544482318797],[34.11392049447534,60.40615239771432],[34.11748968598408,60.42875727726914],[34.10440265045224,60.45374161783093],[34.12105887749283,60.45493134833396],[34.131766452019065,60.42875727726914],[34.146914350886505,60.40633910910765],[34.165169278290946,60.412845447794055],[34.183015235834674,60.409276256285935],[34.18777415784669,60.38667137673019],[34.20918930689916,60.37834326321085],[34.2198968814254,60.385481646227184],[34.225845533939705,60.416414639303156],[34.25320933550658,60.43188113584168],[34.250829874501015,60.44496817137312],[34.267486101541564,60.45924493740854],[34.277003945564616,60.47709089495307],[34.316265052160816,60.47709089495307],[34.384079690827065,60.483039547467385],[34.39835645686205,60.490177930484606],[34.425720258429635,60.484229277970385],[34.44356621597345,60.490177930484606],[34.46260190401956,60.487798469478506],[34.4661710955283,60.50445469652003],[34.48996570558714,60.50088550501005],[34.50186301061576,60.487798469478506],[34.51613977665083,60.488988199981605],[34.53398573419456,60.492557391489726],[34.53636519520083,60.505644427023036],[34.5637289967677,60.51516227104636],[34.58871333732892,60.51992119305757],[34.608938755878214,60.51873146255457],[34.622025791410096,60.505644427023036],[34.66485608951504,60.50683415752613],[34.693409621585005,60.471142242437075],[34.72791180617017,60.42831194433346],[34.76003452974888,60.42593248332746],[34.76717291276637,60.4390195188589],[34.782639409303734,60.43307086634468],[34.81952105489446,60.43188113584168],[34.8433156649525,60.422363291817376],[34.89685353758368,60.41760436980625],[34.91350976462431,60.42355302232047],[34.93968383568871,60.411655717291936],[34.93016599166557,60.39380975974741],[34.95039141021495,60.37477407170175],[34.95158114071813,60.34622053963179],[34.963478445746745,60.329564312590264],[34.965857906753115,60.316477277059704],[34.9468222187062,60.30695943303638],[34.95752979323244,60.28673401448665],[35.000360091337384,60.28078536197065],[35.047949311454346,60.2629394044279],[35.06936446050682,60.23795506386615],[35.116953680622984,60.22248856732763],[35.17287101425973,60.240334524872154],[35.171681283757344,60.253421560403694],[35.19785535482103,60.248662638392474],[35.22402942588543,60.251042099397594],[35.2525829579554,60.255801021410676],[35.29048297368829,60.27305945771697],[35.310708392237316,60.29566433727359],[35.32141596676391,60.319458947331455],[35.34877976833131,60.334925443869885],[35.43919928655233,60.28852595425637],[35.51415230823608,60.23974700363667],[35.540326379300026,60.20048589704038],[35.55341341483245,60.167173442959204],[35.5867258689139,60.146948024409554],[35.63193562802441,60.13743018038623],[35.6878529616616,60.14813775491256],[35.7366319122813,60.15765559893588],[35.74496002580206,60.177881017483756],[35.78422113239763,60.19453724452528],[35.827051430503204,60.240936734138785],[35.880589303133675,60.333735713365996],[35.875830381122015,60.35277140141264],[35.88772768615196,60.392032508008924],[35.89010714715779,60.45032930265185],[35.97100882135558,60.45984714667517]]]]}},{"type":"Feature","properties":{"kind":"district","id":"uyezd-1897-666","name":"Вытегорский","provinceId":"gubernia-1897-44"},"geometry":{"type":"MultiPolygon","coordinates":[[[[38.70611659512649,61.16506598498736],[38.68783353332686,61.178541886465624],[38.70330002986431,61.189249460991945],[38.68069515030946,61.195198113505285],[38.6723670367887,61.21304407104981],[38.66998757578287,61.22732083708523],[38.69140272483516,61.24397706412489],[38.66998757578287,61.278479248710056],[38.67712595880027,61.30465331977481],[38.68664380282359,61.337965773855984],[38.69616164684682,61.35700146190263],[38.628347008180654,61.36770903642905],[38.58075778806423,61.35462200089751],[38.50937395788968,61.35343227039451],[38.48201015632236,61.37246795844115],[38.42252363117696,61.39864202950413],[38.321396538429255,61.421246909060756],[38.27856624032369,61.45099017163373],[38.25715109127131,61.441472327610406],[38.169111034056115,61.45336963263894],[38.157213729026964,61.46764639867338],[38.101296395389866,61.48549235621702],[38.08226070734331,61.47954370370369],[38.059655827787566,61.48787181722312],[37.95614927403413,61.48549235621702],[37.92402655045515,61.497389661246444],[37.884765443858775,61.495010200240344],[37.8347967627366,61.49857939175033],[37.77649996809359,61.49025127822824],[37.76893943572995,61.48757743141681],[37.67894206685507,61.45574909364406],[37.6123171586913,61.47240532068558],[37.53974359801347,61.496199930743344],[37.46835976783892,61.46764639867338],[37.429098661242534,61.47954370370369],[37.35533537006215,61.46883612917648],[37.35057644805049,61.44623124962074],[37.3327304905065,61.441472327610406],[37.32440237698645,61.51642534929309],[37.249449355302794,61.51880481029821],[37.18877309965403,61.51999454080121],[37.13523522702276,61.54735834236817],[37.08883573740889,61.569963221924795],[37.050764361315785,61.574722143936015],[37.00436487170192,61.5711529524278],[36.95320646007647,61.54735834236817],[36.896099395936815,61.53903022884785],[36.896099395936815,61.52713292381941],[36.856838289340345,61.506907505269766],[36.80567987771491,61.51523561878999],[36.703363054464646,61.52832265432153],[36.64982518183338,61.51999454080121],[36.56892350763471,61.46288747666226],[36.499919138465984,61.431954483587084],[36.521334287518364,61.415298256545654],[36.474934797904496,61.39983176000713],[36.49040129444275,61.37365768894415],[36.42734557778816,61.29275601474459],[36.44519153533215,61.276099787704844],[36.379756357671816,61.276099787704844],[36.365479591636834,61.260633291166414],[36.383325549180114,61.24992571664009],[36.39522285420918,61.23564895060466],[36.45114018784637,61.20709541853559],[36.45946830136713,61.188059730488945],[36.44519153533215,61.16069592892198],[36.355961747613605,61.114296439307495],[36.346443903590284,61.097640212267834],[36.28695737844408,61.08098398522631],[36.25364492436263,61.05362018365945],[36.1679843281523,61.05956883617455],[36.13586160457421,61.0738456022082],[36.09897995898358,61.06908668019787],[36.08470319294868,61.04886126164823],[36.0525804693697,61.03577422611492],[36.02997558981485,60.98937473650132],[36.04782154735813,60.98223635348498],[36.038303703334904,60.965580126443456],[35.99071448321847,60.954872551917134],[35.955110696316126,60.9485126345371],[35.978905306374955,60.92590775498136],[36.00507937743865,60.92114883297112],[36.015786951964884,60.905682336432605],[36.03363290950861,60.897354222911396],[36.04790967554359,60.881887726373854],[36.04315075353166,60.86404176883022],[36.03601237051417,60.84738554178967],[36.03601237051417,60.83072931474815],[36.01935614347363,60.818832009719706],[36.03125344850305,60.79622713016396],[36.0538583280579,60.78908874714763],[36.052668597555524,60.77362225060822],[36.03363290950861,60.756966023568566],[36.03720210101736,60.74268925753314],[36.052668597555524,60.7331714135107],[36.04434048403485,60.712945994960165],[36.027684256994306,60.70104868993164],[35.99794099442116,60.68558219339321],[35.98961288090119,60.66416704434047],[35.99675126391868,60.64394162579171],[36.00864856894739,60.62847512925328],[35.978905306374955,60.62490593774507],[35.971766923357464,60.61776755472785],[35.9432133912875,60.61419836321785],[35.9432133912875,60.60349078869153],[35.88610632714749,60.596352405675106],[35.898003632176106,60.54876318555761],[35.9182290507262,60.507122617956114],[35.89919336267938,60.497604773931904],[35.97100882135558,60.45984714667517],[36.03049534650107,60.45746768566917],[36.08284348862988,60.45151903315583],[36.12686351723791,60.475313643213696],[36.17326300685098,60.475313643213696],[36.243457106522975,60.44319091963552],[36.296994979154334,60.44200118913251],[36.31841012820672,60.43010388410221],[36.32673824172748,60.43010388410221],[36.33506635524744,60.44913957214885],[36.35529177379726,60.44438065013763],[36.373137731341345,60.45270876365884],[36.41596802944603,60.45032930265185],[36.43976263950424,60.48959040924912],[36.45284967503666,60.50029798377545],[36.47307509358569,60.53361043785662],[36.52661296621696,60.550266664896284],[36.53137188822862,60.563353700429595],[36.524233505211214,60.57406127495503],[36.53613081024028,60.61808130356253],[36.53375134923445,60.639496452616164],[36.51114646967879,60.6525834881477],[36.509956739176324,60.67280890669734],[36.51352593068462,60.697793247259185],[36.55040757627518,60.71682893530583],[36.56825353381926,60.71207001329363],[36.58609949136245,60.706121360778525],[36.647965477514575,60.707311091282506],[36.70745200266006,60.709690552287626],[36.73957472623895,60.700172708264304],[36.768128258308735,60.709690552287626],[36.79192286836695,60.71207001329363],[36.824045591945925,60.68827540323586],[36.8740142730681,60.67518836770246],[36.90494726614371,60.63830672211316],[36.94063918123179,60.64306564412438],[36.976331096319065,60.637116991609176],[36.972761904809964,60.625219686579854],[36.95491594726677,60.61570184255653],[36.975141365815794,60.59190723249956],[36.983469479336556,60.57168181394991],[37.01440247241217,60.56692289193781],[37.03343816045873,60.57525100545813],[37.04295600448196,60.557405047914486],[37.1040288369652,60.54616870427708],[37.13020290802922,60.562824931315845],[37.15637697909324,60.56639412282584],[37.188499702672175,60.58186061936249],[37.26940137687001,60.617552534450624],[37.33840574603954,60.6425368750115],[37.35625170358355,60.65443418004179],[37.34911332056532,60.67465959859146],[37.343164668051145,60.69488501714113],[37.35744143408607,60.72700774071927],[37.441912299793046,60.73295639323442],[37.49901936393269,60.74247423725774],[37.55136750606147,60.71867962719807],[37.59419780416624,60.70440286116445],[37.629889719253526,60.69964393915143],[37.62869998875095,60.692505556135075],[37.6156129532186,60.68774663412296],[37.627510258247696,60.66752121557329],[37.64297675478588,60.649675258028765],[37.62869998875095,60.638967683503324],[37.62394106673935,60.61279361243851],[37.64297675478588,60.61874226495365],[37.648925407300055,60.61041415143336],[37.651304868305886,60.59732711590186],[37.69532489691392,60.59256819388884],[37.70722220194301,60.58186061936249],[37.72506815948702,60.58780927187854],[37.756001152562646,60.59137846338581],[37.75838061356848,60.60327576841519],[37.78812387614164,60.60327576841519],[37.79645198966159,60.593757924391866],[37.84047201826962,60.58780927187854],[37.84642067078454,60.59851684640398],[37.90114827391841,60.63301903098818],[37.911855848444986,60.64134714450847],[37.92018396196494,60.67703905959661],[37.959445068561365,60.68774663412296],[37.978480756607894,60.68774663412296],[38.003465097169396,60.67465959859146],[38.04748512577663,60.67822879009964],[38.08555650187054,60.68774663412296],[38.11292030343702,60.68298771211175],[38.159319793050884,60.66633148507026],[38.179545211600725,60.67465959859146],[38.19501170813817,60.68655690361993],[38.190252786126564,60.703213130661425],[38.16883763707415,60.71748989669504],[38.18311440310907,60.73295639323442],[38.1438532965127,60.74247423725774],[38.140284105004355,60.756751003291356],[38.1486122185251,60.76626884731468],[38.19263224713234,60.78292507435617],[38.236652275740425,60.79363264888252],[38.275913382336796,60.81504779793431],[38.3008977228975,60.843601330005185],[38.325882063459005,60.875724053583326],[38.36871236156372,60.89475974162997],[38.4044042766518,60.90070839414511],[38.419870773189245,60.90784677716147],[38.419870773189245,60.92450300420205],[38.40083508514266,60.93759003973446],[38.4044042766518,60.94710788375778],[38.42581942570416,60.943538692249604],[38.441285922241605,60.92688246520811],[38.44485511375069,60.91498516017873],[38.459131879785616,60.91617489068176],[38.459131879785616,60.93402084822628],[38.472218915318024,60.94591815325475],[38.46983945431219,60.95543599727807],[38.504341638896165,60.97090249381654],[38.54003355398345,60.96971276331442],[38.55787951152752,60.97804087683471],[38.576915199574046,60.98161006834289],[38.54717193700094,60.9994560258865],[38.54241301498928,61.02563009695132],[38.550741128510026,61.04228632399099],[38.576915199574046,61.051804168014314],[38.59952007912972,61.050614437512195],[38.62331468918791,61.04228632399099],[38.64354010773775,61.03514794097555],[38.666144987292626,61.041096593487964],[38.681611483830864,61.05418362902037],[38.694698519362476,61.05537335952431],[38.687560136344985,61.08035770008428],[38.67804229232172,61.09939338813183],[38.660196334778504,61.094634466120624],[38.6518682212577,61.09939338813183],[38.663765526286795,61.11248042366333],[38.681611483830864,61.13508530321815],[38.69707798036825,61.16363883528811],[38.70611659512649,61.16506598498736]]]]}},{"type":"Feature","properties":{"kind":"district","id":"uyezd-1897-667","name":"Пудожский","provinceId":"gubernia-1897-44"},"geometry":{"type":"MultiPolygon","coordinates":[[[[37.76893943572995,61.48757743141681],[37.75868338661198,61.501972326887],[37.74559635107964,61.52695666744876],[37.75273473409713,61.549561547003606],[37.74797581208547,61.57811507907357],[37.8062726067284,61.63879133472251],[37.847913174330614,61.65306810075803],[37.90977916048193,61.71731354791429],[37.891933202938645,61.74943627149335],[37.890743472435375,61.78155899507331],[37.91215862148776,61.78155899507331],[37.9288148485292,61.79702549160996],[37.9288148485292,61.82557902367992],[37.93833269255252,61.8565120167559],[37.95617865009571,61.89101420134106],[37.95498891959324,61.91718827240403],[37.96569649411903,61.93503422994945],[37.95022999758158,61.94455207397277],[37.95736838059907,61.954069917996094],[37.98949110417725,61.95525964849732],[38.018044636247836,61.96715695352763],[38.08466954441073,61.97667479755095],[38.167950679615146,62.01355644314025],[38.192935020175824,62.030212670181776],[38.24885235381302,62.04924835822842],[38.2809750773919,62.07304296828627],[38.31071833996434,62.07661215979627],[38.347599985554886,62.07423269879017],[38.42850165975347,62.099217039350144],[38.44634761729675,62.11587326639167],[38.46300384433748,62.124201379912876],[38.4725216883608,62.11111434437956],[38.511782794957085,62.11111434437956],[38.57007958960011,62.12182191890589],[38.68191425687431,62.12182191890589],[38.70332940592678,62.1301500324262],[38.744969973528995,62.126580840917995],[38.78185161911874,62.10873488337435],[38.82349218672095,62.10040676985315],[38.88297871186644,62.10040676985315],[38.935326853995235,62.08137108180651],[38.97458796059082,62.08613000381959],[39.02693610271962,62.08969919532682],[39.075715053339316,62.08375054281349],[39.12806319546732,62.08969919532682],[39.1459091530114,62.10040676985315],[39.14471942250804,62.10873488337435],[39.16137564954876,62.119442457899794],[39.26369247279982,62.10754515287135],[39.33507630297437,62.10516569186623],[39.371957948564926,62.119442457899794],[39.39694228912641,62.14085760695253],[39.42430609069292,62.15751383399308],[39.433823934716244,62.1741700610346],[39.47903369382755,62.20272359310367],[39.505207764891594,62.22056955064731],[39.53614075796722,62.23484631668363],[39.55160725450547,62.255071735232384],[39.57064294255193,62.26815877076392],[39.58254024758108,62.28957391981657],[39.62775000669159,62.30979933836719],[39.67652895731129,62.33240421792196],[39.70627221988364,62.351439905969485],[39.73244629094839,62.36928586351313],[39.76337928402401,62.387131821055874],[39.78955335508805,62.40378804809642],[39.81096850414043,62.40854697010941],[39.83595284470192,62.40854697010941],[39.85855772425678,62.42163400564095],[39.88235233431579,62.428772388659155],[39.88116260381243,62.4442388851958],[39.87759341230413,62.47160268676268],[39.86569610727427,62.4846897222951],[39.84428095822189,62.483499991792094],[39.82762473118116,62.49420756631842],[39.83476311419865,62.503725410341744],[39.85974745476014,62.516812445874166],[39.86331664626844,62.54179678643503],[39.82881446168443,62.553694091463555],[39.79193281609388,62.545365977943234],[39.76456901452657,62.54298651693803],[39.738394943462524,62.553694091463555],[39.70746195038691,62.56797085749987],[39.62180135417666,62.563211935486876],[39.520674261428965,62.56083247448167],[39.45880827527773,62.587006545546515],[39.404080672143806,62.61437034711347],[39.429065012704584,62.665528758739086],[39.45404935326607,62.7083590568427],[39.37671687057659,62.733343397405434],[39.27915896933719,62.75951746846841],[39.220862174694254,62.77617369550896],[39.16970376306952,62.77974288701894],[39.15185780552544,62.77141477349872],[39.11497615993498,62.76308665997751],[39.016228528193025,62.791640192046586],[38.87346086784321,62.82019372411655],[38.85323544929409,62.827332107134666],[38.83657922225337,62.84041914266619],[38.83776895275584,62.85707536970861],[38.78542081062784,62.87254186624615],[38.77709269710708,62.901095398316116],[38.79255919364533,62.91299270334456],[38.79731811565691,62.92251054736788],[38.771144044592944,62.934407852396404],[38.76519539207801,62.94987434893572],[38.75567754805469,62.96653057597538],[38.73545212950487,62.971289497987485],[38.697380753411764,62.965340845472376],[38.621238001225635,62.9748586894957],[38.60458177418482,62.98318680301601],[38.58911527764666,62.99746356905233],[38.51059306445462,63.03434521464172],[38.41303516321531,63.046242519671935],[38.323805375496676,63.047432250175035],[38.27859561638616,63.03553494514561],[38.23695504878387,63.03077602313351],[38.202452864199145,63.037914406151714],[38.13820741704208,63.040293867156834],[38.048977629323446,63.049811711180155],[37.90383050796771,63.075985782245],[37.80032395421418,63.09264200928465],[37.703955783478236,63.102159853307974],[37.64684871933777,63.09264200928465],[37.57903408067152,63.0747960517419],[37.53858324357258,63.052191172185275],[37.46957887440386,62.858265100209834],[37.46481995239229,62.817814263111345],[37.44102534233407,62.791640192046586],[37.41009234925757,62.745240702433875],[37.341087980088844,62.67028768074942],[37.32205229204229,62.651251992702775],[37.162628404651656,62.64054441817645],[37.14121325559937,62.65958010622309],[37.01748128329601,62.67028768074942],[36.88185200596351,62.69170282980215],[36.69744377801139,62.742861241428756],[36.51541501106581,62.79401965305348],[36.48001640715182,62.8223360824295],[36.43242718703465,62.808059316394974],[36.40030446345651,62.7914030893553],[36.427668265023044,62.74381386923869],[36.44432449206374,62.70693222364753],[36.443134761561225,62.68075815258271],[36.406253115970685,62.63554839347307],[36.42052988200555,62.59866674788282],[36.43242718703465,62.56535429379983],[36.48358559866017,62.5594056412865],[36.516898052741624,62.55345698877136],[36.51451859173579,62.53204183971866],[36.445514222567056,62.5082472296599],[36.44432449206374,62.4737450450757],[36.39078661943324,62.43924286049241],[36.34200766881355,62.44519151300574],[36.32178225026371,62.44043259099362],[36.314643867246275,62.43210447747424],[36.33962820780772,62.42139690294789],[36.358663895854306,62.40830986741548],[36.36104335686014,62.39165364037581],[36.327730902778626,62.37499741333431],[36.30393629272044,62.371428221826136],[36.290849257188086,62.35596172528767],[36.2718135691415,62.34168495925314],[36.238501115060046,62.32621846271468],[36.20161946946945,62.319080079696505],[36.165927554382165,62.30599304416501],[36.12071779527088,62.30480331366198],[36.08740534118937,62.29171627812957],[36.06004153962289,62.27268059008475],[36.04219558207882,62.26673193756869],[36.01721124151737,62.2453167885169],[35.982709056933345,62.23936813600176],[35.93511983681623,62.209624873428766],[35.83756193557764,62.220332447955116],[35.825097348990425,62.222690612985524],[35.808715092334566,62.20272359310367],[35.807525361831296,62.188446827069136],[35.78729994328138,62.178928983045815],[35.78492048227555,62.163462486507385],[35.764695063726535,62.163462486507385],[35.74684910618245,62.13728841544432],[35.72781341813598,62.09326838683681],[35.70520853858024,62.08850946482471],[35.72662368763342,62.07542242929317],[35.72305449612432,62.05995593275475],[35.69807015556284,62.057576471748646],[35.69569069455701,62.04092024470721],[35.71948530461522,62.0397305142051],[35.73852099266249,62.01712563465024],[35.768264255234925,62.00522832961994],[35.788489673784746,61.98738237207728],[35.805145900825465,61.99571048559662],[35.81942266686036,61.98857210258028],[35.89556541904729,61.957639109504306],[35.924118951117165,61.938603421457664],[35.922929220613895,61.93265476894247],[35.89080649703571,61.93979315196067],[35.87890919200585,61.92432665542215],[35.87771946150329,61.9100498893877],[35.90270380206478,61.90053204536438],[35.87058107848589,61.88149635731774],[35.85868377345683,61.863650399773206],[35.88604757502405,61.84223525072136],[35.91103191558474,61.82557902367992],[35.922929220613895,61.82557902367992],[35.943154639163716,61.82914821518992],[35.98360547626265,61.82914821518992],[35.97170817123359,61.812491988148395],[35.99312332028589,61.810112527143275],[36.0169179303441,61.78631791708355],[36.05617903694048,61.75657465451058],[36.04666119291724,61.738728696966945],[36.087112030016186,61.7196930089203],[36.07640445549039,61.71017516489698],[36.075214724987035,61.68757028534221],[36.04190227090558,61.68638055483912],[36.03476388788809,61.67329351930768],[36.06093795895214,61.664965405787356],[36.103768257056814,61.667344866792476],[36.094250413033585,61.657827022769155],[36.121614214600896,61.649498909248926],[36.146598555162385,61.61856591617287],[36.17515208723226,61.60547888064142],[36.19894669729038,61.57454588756447],[36.23344888187519,61.549561547003606],[36.25724349193341,61.506731248899996],[36.251294839418385,61.496023674373674],[36.273899718974036,61.48055717783515],[36.339334896634554,61.473418794817036],[36.39485565343717,61.4470464353362],[36.429754414855566,61.437528591312876],[36.474934797904496,61.39983176000713],[36.521334287518364,61.415298256545654],[36.499919138465984,61.431954483587084],[36.56892350763471,61.46288747666226],[36.64982518183338,61.51999454080121],[36.703363054464646,61.52832265432153],[36.80567987771491,61.51523561878999],[36.856838289340345,61.506907505269766],[36.896099395936815,61.52713292381941],[36.896099395936815,61.53903022884785],[36.95320646007647,61.54735834236817],[37.00436487170192,61.5711529524278],[37.050764361315785,61.574722143936015],[37.08883573740889,61.569963221924795],[37.13523522702276,61.54735834236817],[37.18877309965403,61.51999454080121],[37.249449355302794,61.51880481029821],[37.32440237698645,61.51642534929309],[37.3327304905065,61.441472327610406],[37.35057644805049,61.44623124962074],[37.35533537006215,61.46883612917648],[37.429098661242534,61.47954370370369],[37.46835976783892,61.46764639867338],[37.53974359801347,61.496199930743344],[37.6123171586913,61.47240532068558],[37.67894206685507,61.45574909364406],[37.76893943572995,61.48757743141681]]]]}},{"type":"Feature","properties":{"kind":"district","id":"uyezd-1897-668","name":"Каргопольский","provinceId":"gubernia-1897-44"},"geometry":{"type":"MultiPolygon","coordinates":[[[[39.892757135798036,60.919744082191755],[39.8960761327384,60.92910593772835],[39.881799366703504,60.93862378175167],[39.866332870165344,60.954090278288234],[39.84610745161543,60.962418391808555],[39.85681502614202,60.97788488834796],[39.85324583463292,61.00167949840484],[39.868712331171174,61.01952545594936],[39.88298909720598,61.04332006600821],[39.91035289877338,61.08971955562083],[39.9377167003399,61.101616860651134],[39.9377167003399,61.12303200970201],[39.96389077140465,61.13730877573744],[39.95556265788389,61.14801635026376],[39.98649565095951,61.16110338579529],[40.01029026101772,61.175380151831604],[40.04717190660827,61.1730006908256],[40.06620759465491,61.1670520383104],[40.07929463018725,61.1741904213286],[40.0947611267247,61.1694314993165],[40.08881247421048,61.15515473328196],[40.10903789275959,61.14682661976076],[40.161386034888395,61.12779093171412],[40.203026602490596,61.12065254869689],[40.24109797858371,61.102806591154135],[40.28154881568264,61.08020171159751],[40.337466149319745,61.04332006600821],[40.357691567869566,61.01952545594936],[40.387434830442004,61.00405895941094],[40.405280787986,60.98621300186828],[40.42431647603255,60.97312596633488],[40.45524946910817,60.963608122311555],[40.492131114698715,60.95528000879133],[40.51116680274536,60.969556774826756],[40.542099795820974,60.971936235831876],[40.58730955493148,60.97431569683797],[40.6182425480079,61.01000761192604],[40.61229389549297,61.036181682990886],[40.61586308700207,61.06354548455785],[40.56113548386744,61.098047669141145],[40.53020249079182,61.115893626685676],[40.498079767212936,61.125411470709],[40.48737219268715,61.14206769774865],[40.502838689224504,61.15872392479017],[40.513546263751095,61.17894934333982],[40.53020249079182,61.192036378872245],[40.5623252143708,61.21107206691791],[40.55994575336497,61.23486667697674],[40.5658944058791,61.28602508860148],[40.60991443448714,61.33480403922108],[40.59563766845224,61.35502945777082],[40.56708413638246,61.37049595430925],[40.53615114330675,61.407377599900414],[40.57779171090825,61.410946791408634],[40.60991443448714,61.38715218135077],[40.63489877504871,61.38834191185377],[40.67772907315339,61.407377599900414],[40.73364640679049,61.407377599900414],[40.79670212344517,61.40142894738531],[40.83358376903492,61.40499813889343],[40.87879352814632,61.38953164235589],[40.90139840770117,61.36930622380713],[40.93709032278916,61.36930622380713],[40.98943846491725,61.38239325933867],[41.01442280547873,61.37406514581746],[41.04892499006265,61.37406514581746],[41.091755288168216,61.40023921688221],[41.13934450828456,61.41332625241375],[41.1655185793486,61.43593113197038],[41.175036423371836,61.46924358605156],[41.18574399789843,61.487089543595204],[41.30709650919515,61.54538633823813],[41.32494246673923,61.566801487290874],[41.35111653780319,61.59178582785076],[41.39275710540549,61.60368313288106],[41.427259289990204,61.62152909042381],[41.49269446765062,61.646513430985564],[41.49983285066803,61.66197992752409],[41.62118536196484,61.67625669355853],[41.68543080912271,61.66911831054042],[41.73658922074823,61.68101561557073],[41.694948653145936,61.69767184261038],[41.65449781604708,61.75120971524121],[41.60809832643322,61.807127048879025],[41.591442099392495,61.83924977245809],[41.61047778743905,61.85590599949774],[41.64260051101722,61.88445953156771],[41.64141078051466,61.91182333313556],[41.62356482297067,61.92015144665587],[41.61047778743905,61.9368076736973],[41.56883721983675,61.9368076736973],[41.533145304749475,61.94394605671364],[41.523627460726246,61.9736893192867],[41.517678808211315,61.99510446834033],[41.48198689312403,62.02008880890119],[41.430828481498594,62.033175844432634],[41.396326296913784,62.042693688455955],[41.405844140937816,62.05459099348626],[41.42606955948693,62.05697045449138],[41.4236900984811,62.08076506454924],[41.436777134013525,62.105749405111084],[41.46652039658578,62.123595362653745],[41.51054042519391,62.106939135614084],[41.56526802832845,62.09980075259588],[41.61166751794152,62.117646710139525],[41.63784158900556,62.12240563215074],[41.65568754654956,62.13549266768405],[41.61166751794152,62.14025158969527],[41.56764748933428,62.13192347617406],[41.52838638273791,62.14738997271249],[41.50816096418808,62.16880512176523],[41.46176147457421,62.17832296578855],[41.42012090697271,62.22115326389305],[41.42487982898437,62.25446571797512],[41.397516027417055,62.283019250045086],[41.35706519031821,62.29610628557653],[41.35230626830655,62.33298793116769],[41.31661435321847,62.346074966699234],[41.25950728907881,62.36154146323766],[41.19645157242422,62.3817668817874],[41.17860561488094,62.39842310882705],[41.18812345890426,62.44482259844243],[41.15956992683438,62.481704244031825],[41.12863693375797,62.48765289654693],[41.089375827162385,62.4650480169903],[41.042976337548524,62.47694532202061],[41.00371523095214,62.499550201575374],[40.97516169888227,62.52334481163324],[40.93946978379499,62.54713942169296],[40.87760379764296,62.576882684265925],[40.84072215205312,62.60662594683801],[40.78242535741019,62.62209244337555],[40.72888748477892,62.63755893991397],[40.68724691717662,62.6887173515388],[40.66107284611267,62.69942492606512],[40.61705281750463,62.68395842952758],[40.61705281750463,62.667302202487036],[40.58849928543484,62.651835705949495],[40.58611982442901,62.60067729432281],[40.61943227851046,62.589969719796485],[40.645606349574415,62.5602264572244],[40.58730955493148,62.56141618772652],[40.550427909341735,62.54000103867476],[40.53258195179765,62.5530880742062],[40.483803001177954,62.54951888269808],[40.43978297257071,62.53881130817175],[40.386553548588196,62.510830609306126],[40.32468756243688,62.50726141779889],[40.24497561874077,62.48108734673404],[40.218801547676804,62.506071687295886],[40.023685745198904,62.49179492125948],[40.00465005715235,62.508451148301006],[39.91185107792461,62.51558953131921],[39.884487276358094,62.54057387187909],[39.86331664626844,62.54179678643503],[39.85974745476014,62.516812445874166],[39.83476311419865,62.503725410341744],[39.82762473118116,62.49420756631842],[39.84428095822189,62.483499991792094],[39.86569610727427,62.4846897222951],[39.87759341230413,62.47160268676268],[39.88116260381243,62.4442388851958],[39.88235233431579,62.428772388659155],[39.85855772425678,62.42163400564095],[39.83595284470192,62.40854697010941],[39.81096850414043,62.40854697010941],[39.78955335508805,62.40378804809642],[39.76337928402401,62.387131821055874],[39.73244629094839,62.36928586351313],[39.70627221988364,62.351439905969485],[39.67652895731129,62.33240421792196],[39.62775000669159,62.30979933836719],[39.58254024758108,62.28957391981657],[39.57064294255193,62.26815877076392],[39.55160725450547,62.255071735232384],[39.53614075796722,62.23484631668363],[39.505207764891594,62.22056955064731],[39.47903369382755,62.20272359310367],[39.433823934716244,62.1741700610346],[39.42430609069292,62.15751383399308],[39.39694228912641,62.14085760695253],[39.371957948564926,62.119442457899794],[39.33507630297437,62.10516569186623],[39.26369247279982,62.10754515287135],[39.16137564954876,62.119442457899794],[39.14471942250804,62.10873488337435],[39.1459091530114,62.10040676985315],[39.12806319546732,62.08969919532682],[39.075715053339316,62.08375054281349],[39.02693610271962,62.08969919532682],[38.97458796059082,62.08613000381959],[38.935326853995235,62.08137108180651],[38.88297871186644,62.10040676985315],[38.82349218672095,62.10040676985315],[38.78185161911874,62.10873488337435],[38.744969973528995,62.126580840917995],[38.70332940592678,62.1301500324262],[38.68191425687431,62.12182191890589],[38.57007958960011,62.12182191890589],[38.511782794957085,62.11111434437956],[38.4725216883608,62.11111434437956],[38.46300384433748,62.124201379912876],[38.44634761729675,62.11587326639167],[38.42850165975347,62.099217039350144],[38.347599985554886,62.07423269879017],[38.31071833996434,62.07661215979627],[38.2809750773919,62.07304296828627],[38.24885235381302,62.04924835822842],[38.192935020175824,62.030212670181776],[38.167950679615146,62.01355644314025],[38.08466954441073,61.97667479755095],[38.018044636247836,61.96715695352763],[37.98949110417725,61.95525964849732],[37.95736838059907,61.954069917996094],[37.95022999758158,61.94455207397277],[37.96569649411903,61.93503422994945],[37.95498891959324,61.91718827240403],[37.95617865009571,61.89101420134106],[37.93833269255252,61.8565120167559],[37.9288148485292,61.82557902367992],[37.9288148485292,61.79702549160996],[37.91215862148776,61.78155899507331],[37.890743472435375,61.78155899507331],[37.891933202938645,61.74943627149335],[37.90977916048193,61.71731354791429],[37.847913174330614,61.65306810075803],[37.8062726067284,61.63879133472251],[37.74797581208547,61.57811507907357],[37.75273473409713,61.549561547003606],[37.74559635107964,61.52695666744876],[37.75868338661198,61.501972326887],[37.76893943572995,61.48757743141681],[37.77649996809359,61.49025127822824],[37.8347967627366,61.49857939175033],[37.884765443858775,61.495010200240344],[37.92402655045515,61.497389661246444],[37.95614927403413,61.48549235621702],[38.059655827787566,61.48787181722312],[38.08226070734331,61.47954370370369],[38.101296395389866,61.48549235621702],[38.157213729026964,61.46764639867338],[38.169111034056115,61.45336963263894],[38.25715109127131,61.441472327610406],[38.27856624032369,61.45099017163373],[38.321396538429255,61.421246909060756],[38.42252363117696,61.39864202950413],[38.48201015632236,61.37246795844115],[38.50937395788968,61.35343227039451],[38.58075778806423,61.35462200089751],[38.628347008180654,61.36770903642905],[38.69616164684682,61.35700146190263],[38.68664380282359,61.337965773855984],[38.67712595880027,61.30465331977481],[38.66998757578287,61.278479248710056],[38.69140272483516,61.24397706412489],[38.66998757578287,61.22732083708523],[38.6723670367887,61.21304407104981],[38.68069515030946,61.195198113505285],[38.70330002986431,61.189249460991945],[38.68783353332686,61.178541886465624],[38.70611659512649,61.16506598498736],[38.71968285992392,61.16720802679811],[38.72920070394724,61.15293126076176],[38.755374775011205,61.14579287774541],[38.76608234953778,61.15055179975661],[38.791066690099285,61.14222368623814],[38.80534345613421,61.15055179975661],[38.79463588160763,61.160069643779934],[38.7922564206018,61.171966948808404],[38.825568874683256,61.16839775730023],[38.8457942932331,61.158879913276905],[38.88148620832038,61.16244910478508],[38.927885697934244,61.14460314724147],[38.96476734352484,61.12318799819059],[38.99451060609715,61.0982036576288],[39.03377171269358,61.10653177114909],[39.06232524476343,61.11010096265727],[39.068273897278345,61.1243777286918],[39.10753500387398,61.1243777286918],[39.205092905113304,61.116049615172415],[39.28242538780279,61.11723934567544],[39.35380921797815,61.148172338750555],[39.43114170066764,61.17791560132355],[39.49181795631563,61.171966948808404],[39.49062822581311,61.14103395573329],[39.52750987140371,61.11010096265727],[39.620308850630636,61.09939338813183],[39.68455429778851,61.09701392712577],[39.68098510627942,61.07797823907913],[39.6298266946539,61.082737161090336],[39.620308850630636,61.062511742540664],[39.62149858113395,61.02444036644738],[39.636965077671334,60.98755872085803],[39.688123489296856,60.975661415827744],[39.72024621287579,60.97923060733774],[39.74166136192815,60.964953841301394],[39.79757869556528,60.94948734476475],[39.84635764618497,60.93640030923143],[39.892757135798036,60.919744082191755]]]]}}]}
