{"type":"FeatureCollection","features":[{"type":"Feature","properties":{"kind":"province","id":"gubernia-1897-22","name":"Волынская губерния"},"geometry":{"type":"MultiPolygon","coordinates":[[[[23.973564166355377,50.76966491518399],[23.986651201887266,50.7768032982021],[24.004497159430993,50.77323410669398],[24.018773925465975,50.7768032982021],[24.027102038986648,50.762526532166675],[24.02234311697472,50.72564488657648],[24.044947996530375,50.71850650356006],[24.05446584055343,50.72683461707949],[24.066363145582137,50.72445515607437],[24.072311798097157,50.71612704255405],[24.063983684576485,50.70304000702074],[24.068742606588412,50.682814588471004],[24.085398833629046,50.66972755293956],[24.086359929181885,50.649659961882215],[24.095877773205093,50.6413318483628],[24.116103191754384,50.642521578864915],[24.125621035778416,50.65560861439734],[24.16488214237417,50.649659961882236],[24.16203304417281,50.63602540076592],[24.173930349202227,50.62055890422651],[24.192966037249224,50.62055890422651],[24.206053072780936,50.60985132970107],[24.206053072780936,50.60271294668385],[24.221519569319188,50.58605671964233],[24.30836989603146,50.57534914511689],[24.33454396709595,50.60628213819295],[24.371425612685876,50.607471868695065],[24.397599683750276,50.61461025171229],[24.410686719282076,50.59041906481977],[24.402358605762203,50.566624454762],[24.45351701738702,50.538070922692036],[24.48563974096582,50.559486071744686],[24.514193273035783,50.5630552632529],[24.53798788309382,50.558296341241686],[24.548695457620056,50.53093253967472],[24.56535168466149,50.50951739062207],[24.528470039070765,50.50237900760476],[24.522521386556456,50.485722780563236],[24.4999165070008,50.484533050060236],[24.4737424359372,50.48691251106633],[24.484450010463437,50.454789787487265],[24.493967854486403,50.41671841139487],[24.509434351024655,50.40244164535855],[24.549885188123238,50.404821106364565],[24.55821330164391,50.42504652491519],[24.59152575572509,50.42385679441218],[24.589146294719438,50.41433895038789],[24.614130635280745,50.40720056737066],[24.64387389785389,50.40601083686765],[24.717637189034452,50.37745730479769],[24.72239611104638,50.34771404222464],[24.74857018210998,50.33343727619108],[24.792590210718195,50.354852425241944],[24.838989700331886,50.34890377272772],[24.92702975754743,50.3358167371962],[24.938927062577115,50.397682723348225],[25.009121162248665,50.34414485071651],[25.01863900627172,50.35961134725494],[25.061469304376754,50.34533458121952],[25.055520651862356,50.33819619820229],[25.055520651862356,50.322729701663775],[25.048382268844865,50.30131455261201],[25.070987148400608,50.28822751707959],[25.106679063487263,50.27870967305627],[25.15783747511288,50.29536590009681],[25.185201276679752,50.29655563060079],[25.21018561724106,50.28703778657658],[25.212565078247334,50.25372533249541],[25.17806289366226,50.20851557338392],[25.216134269756434,50.19542853785336],[25.22327265277357,50.162116083771295],[25.21018561724106,50.13594201270733],[25.267292681380987,50.077645218064404],[25.31607163200104,50.02886626744382],[25.36247112161482,49.999123004871734],[25.418388455251655,49.97532839481299],[25.42790629927462,49.96224135928155],[25.439803604304128,49.91108294765584],[25.483823632911456,49.87063211055557],[25.49334147693531,49.83137100396017],[25.53974096654909,49.781402322837465],[25.55996638509838,49.77664340082634],[25.613504257729563,49.77902286183146],[25.650385903320288,49.76236663479082],[25.686077818406943,49.72429525869754],[25.746754074055705,49.70288010964489],[25.78363571964634,49.73857202473208],[25.80386113819572,49.74333094674516],[25.832414670265685,49.72310552819454],[25.85620928032452,49.72072606718942],[25.866916854850757,49.73381310272086],[25.897849847926285,49.72429525869754],[25.920454727482028,49.70882876215911],[25.97399260011241,49.70169037914188],[26.00849478469757,49.7135876841721],[26.114380799456843,49.7123979536691],[26.169108402591206,49.710018492662115],[26.20361058717548,49.71715687568032],[26.235733310754277,49.690982804616446],[26.261907381817878,49.66480873355249],[26.277373878355775,49.66004981154225],[26.27737387835604,49.64577304550496],[26.235733310754277,49.630306548968306],[26.222646275221678,49.60413247790346],[26.22383600572486,49.57676867633659],[26.22978465823917,49.552974066277756],[26.22383600572486,49.543456222255415],[26.209559239689877,49.547025413763535],[26.208369509187495,49.555353527283856],[26.195282473654895,49.555353527283856],[26.167918672088025,49.51728215119145],[26.173867324602334,49.49824646314393],[26.205990048181132,49.475641583588185],[26.20980139378292,49.46143565907456],[26.252189743915338,49.457341646717346],[26.309296808055354,49.449013533198006],[26.309296808055354,49.46685949074067],[26.3200043825815,49.48232598727918],[26.339040070627878,49.49898221431973],[26.359265489177258,49.48946437029641],[26.374731985715776,49.47637733476399],[26.39971632627664,49.47994652627309],[26.392577943259326,49.48946437029641],[26.4044752482883,49.49779248381762],[26.42232120583185,49.49779248381762],[26.436597971866654,49.47756706526797],[26.459202851422575,49.4847054482852],[26.47585907846321,49.529915207394815],[26.492515305503844,49.55965846996876],[26.524638029082908,49.55370981745365],[26.546053178135203,49.552520086951446],[26.557950483164177,49.5679865834881],[26.56984778819324,49.59535038505595],[26.578175901713557,49.63937041366354],[26.656698114906668,49.613196342599586],[26.691200299490763,49.60724769008448],[26.743548441619208,49.604868229080246],[26.764963590671414,49.597729846061156],[26.799465775256397,49.592970924049936],[26.84467553436664,49.59416065455383],[26.879177718951624,49.58464281053051],[26.93152586108007,49.56917631399208],[26.981494542201972,49.5715557749972],[27.006478882763723,49.57036604449419],[27.046929719862305,49.55846873946478],[27.07072432992114,49.55370981745365],[27.131400585569192,49.55370981745365],[27.151626004119283,49.583453080026615],[27.18255899719472,49.58702227153474],[27.232527678317425,49.58107361902052],[27.243235252843483,49.59891957656505],[27.270599054410265,49.592970924049936],[27.312239622012562,49.57036604449419],[27.353880189614948,49.573935236003294],[27.35863911162661,49.59416065455383],[27.39908994872519,49.597729846061156],[27.427643480795687,49.60605795958236],[27.393141296210704,49.6167655341078],[27.370536416655582,49.63342176115021],[27.371726147158498,49.670303406739514],[27.400279679228106,49.68458017277405],[27.425264019789857,49.67625205925462],[27.456197012865296,49.68101098126584],[27.484750544934993,49.691718555791276],[27.522821921028562,49.68695963378017],[27.56879527641266,49.68910789429995],[27.62233314904322,49.69505654681417],[27.656835333628205,49.70933331284871],[27.683009404692072,49.735507383914445],[27.732978085814686,49.722420348381135],[27.774618653417072,49.728369000895356],[27.755582965369896,49.752163610954995],[27.759152156878553,49.77119929900074],[27.78532622794322,49.77119929900074],[27.811500299006997,49.77595822101285],[27.832915448059204,49.79499390905949],[27.848381944597723,49.80927067509403],[27.85671005811804,49.82949609364368],[27.880504668176076,49.82354744112857],[27.878125207170246,49.8009425615746],[27.886453320690652,49.78190687352796],[27.967354994888794,49.78309660403008],[28.013754484502662,49.77357876000676],[28.070861548642768,49.77357876000676],[28.126778882279957,49.78190687352796],[28.18983459893455,49.7926144480534],[28.23028543603313,49.78785552604129],[28.268356812126772,49.796183639561605],[28.27906438665292,49.80213229207672],[28.318325493248675,49.80213229207672],[28.34449956431334,49.78428633453406],[28.37067363537712,49.76881983799555],[28.401606628453447,49.803322022580716],[28.418262855493992,49.84496259018124],[28.39327851493233,49.85923935621764],[28.37543255738878,49.872326391748196],[28.384950401412013,49.887792888286626],[28.420642316499823,49.890172349292726],[28.448006118066605,49.89612100180695],[28.46942126711961,49.912777228847574],[28.46704180611298,49.92467453387779],[28.455144501084007,49.942520491420545],[28.492026146674732,49.960366448965075],[28.528907792264658,49.954417796449874],[28.552702402323494,49.95560752695297],[28.586014856404763,49.968694562484416],[28.610999196966514,49.96155617946719],[28.621706771492573,49.94014103041445],[28.65263976456801,49.92110534236869],[28.697849523679142,49.91396695935058],[28.722833864240005,49.89612100180695],[28.78232038938594,49.91158749834537],[28.82871987899981,49.92229507287179],[28.89415505666023,49.91158749834537],[28.950072390296622,49.89850046281393],[28.961969695326484,49.92943345588812],[29.0119383764483,49.93657183890721],[29.03692271701005,49.93181291689511],[29.045250830530367,49.91634642035659],[29.101168164167557,49.90325938482425],[29.12615250472842,49.912777228847574],[29.12853196573425,49.92705399488389],[29.12377304372268,49.94727941343176],[29.098788703160928,49.94727941343176],[29.061907057571002,49.950848604941754],[29.02740487298602,49.957986987958975],[29.030974064495563,49.97464321499961],[29.06785571008549,49.97464321499961],[29.124962774225505,49.97821240650774],[29.111875738693616,50.00081728606348],[29.12377304372268,50.0162837826019],[29.08570166762904,50.0210427046141],[29.063096788073917,50.040078392659765],[29.063096788073917,50.05792435020429],[29.035732986507135,50.06506273322161],[28.99647187991058,50.05554488919739],[28.959590234320654,50.06625246372372],[28.939364815770475,50.08052922975915],[28.914380475209523,50.104323839817006],[28.890585865151575,50.112651953338215],[28.881068021127543,50.12930818037876],[28.932226432753072,50.11860060585154],[28.94293400727922,50.098375187302786],[28.986954035887347,50.07577030774704],[29.033353525501393,50.08171896026126],[29.01431783745413,50.13882602440208],[29.053578944050685,50.13287737188786],[29.080942745617378,50.13763629389818],[29.096409242155097,50.15905144295172],[29.10592708617913,50.197122819045006],[29.082132476120293,50.22686608161807],[29.02740487298602,50.232814734131395],[29.013128106951214,50.25304015268193],[29.025025411980188,50.268506649220456],[28.975056730858373,50.2827834152549],[28.92270858872993,50.26969637972257],[28.895344787163147,50.280403954248],[28.929846971747242,50.303008833803744],[28.950072390296622,50.34108020989703],[28.926277780238586,50.343459670903925],[28.895344787163147,50.36725428096179],[28.8786885601218,50.39104889101965],[28.897724248168977,50.39699754353387],[28.89415505666023,50.412464040072386],[28.897724248168977,50.42198188409571],[28.86441179408691,50.43030999761692],[28.852514489057935,50.43030999761692],[28.84656583654336,50.43744838063414],[28.859652872075248,50.45291487717079],[28.85608368056659,50.4660019127041],[28.90486263118638,50.4660019127041],[28.919139397221183,50.5040732887965],[28.852514489057935,50.506452749802506],[28.814443112964206,50.51002194131161],[28.791838233409084,50.52429870734703],[28.77756146737428,50.55166250891399],[28.802545807935232,50.58616469349729],[28.821581495982496,50.62542580009446],[28.877498829618887,50.61947714758024],[28.88225775163046,50.646840949146316],[28.842996645034702,50.646840949146316],[28.819202034976666,50.645651218644204],[28.804925268941062,50.62542580009446],[28.793027963912,50.62542580009446],[28.787079311397513,50.6349436441169],[28.809684190952634,50.65992798467874],[28.845376106040444,50.67182528970807],[28.842996645034702,50.693240438759915],[28.850135028052105,50.719414509823785],[28.829909609502725,50.730122084350995],[28.81087392145555,50.74796804189375],[28.783510119888767,50.74320911988342],[28.79064850290617,50.727742623344994],[28.743059282789385,50.719414509823785],[28.72164413373709,50.7729523824555],[28.700228984684884,50.7836599569828],[28.689521410158736,50.815782680560005],[28.729972247257408,50.82767998559031],[28.746628474298042,50.83838756011575],[28.71926467273126,50.86932055319269],[28.68251521941926,50.902368622716516],[28.688463871933745,50.913076197243726],[28.714637942997612,50.916645388752826],[28.717017404003442,50.94281945981679],[28.73486336154779,50.93806053780557],[28.75032985808551,50.94162972931281],[28.72534551752376,50.95828595635433],[28.731294170038247,50.96899353088065],[28.759847702108654,50.96780380037676],[28.753899049594168,50.982080566412186],[28.78364231216669,50.978511374903974],[28.808626652728442,50.980890835910074],[28.82171368826042,50.95590649534823],[28.8550261423416,50.9440091903189],[28.87763102189752,50.92735296327827],[28.889528326926584,50.903558353220404],[28.89547697944107,50.88095347366475],[28.91332293698453,50.87143562964143],[28.94663539106669,50.86905616863534],[28.975188923136297,50.86548697712624],[29.023967873755996,50.87500482115044],[29.010880838223308,50.88690212617986],[28.97994784514787,50.909507005735605],[28.94901485207243,50.920214580261046],[28.937117547042657,50.93925026830769],[28.973999192633382,50.93330161579257],[28.993034880679847,50.94638865132491],[29.021588412750255,50.94519892082279],[29.037054909287974,50.95947568685733],[29.02753706526474,50.97018326138277],[29.034675448282144,50.97970110540609],[29.050141944819863,50.980890835910074],[29.070367363369243,50.96899353088065],[29.104869547954138,50.966614069874645],[29.119146313988942,50.94995784283312],[29.182202030643534,50.92616323277615],[29.17863283913479,50.89641997020318],[29.240498825286554,50.892850778693195],[29.258344782830104,50.87857401265866],[29.240498825286554,50.83455398405026],[29.25477559132136,50.826225870530834],[29.263103704841676,50.80837991298631],[29.321400499484607,50.82979506203905],[29.35828214507462,50.83931290606237],[29.397543251671177,50.82741560103295],[29.415389209214638,50.8500204805887],[29.464168159834426,50.83455398405026],[29.48082438687506,50.85121021109268],[29.502239535927266,50.876194551652645],[29.495101152909864,50.89166104819019],[29.46059896832568,50.8987994312083],[29.459409237822765,50.93568107679947],[29.40944055670015,50.96066541735945],[29.410630287203066,50.988029218927295],[29.436804358267732,50.99635733244672],[29.45227085480545,51.03323897803789],[29.493911422407038,51.045136283066334],[29.509377918945468,51.06774116262208],[29.461788698828595,51.08796658117261],[29.42490705323787,51.09986388620114],[29.42490705323787,51.124848226762005],[29.357092414571706,51.151022297825875],[29.35828214507462,51.12246876575591],[29.332108074010755,51.12246876575591],[29.301175080935316,51.1700579858734],[29.29046750640837,51.23311370252853],[29.27738047087648,51.26404669560361],[29.30236481143823,51.26999534811881],[29.336866996022327,51.26880561761483],[29.35590268406879,51.293789958175694],[29.418958400723383,51.342568908795386],[29.383398859248267,51.40298621990044],[29.33699936963431,51.38157107084681],[29.322722603599505,51.443437056998846],[29.277512844488463,51.48864681610935],[29.302497185049415,51.511251695665095],[29.289410149517526,51.53623603622694],[29.28584095800878,51.5540819937696],[29.220405780348447,51.5624101072908],[29.215646858336786,51.592153369862885],[29.193041978781665,51.6076198664014],[29.2096982058223,51.62903501545316],[29.21921604984553,51.64926043400369],[29.203749553307812,51.64926043400369],[29.182334404255517,51.664726930540354],[29.173477521622704,51.68534892592466],[29.13778560653516,51.66750296838111],[29.113990996477124,51.660364585363794],[29.1032834219508,51.63181105329383],[29.108042343962016,51.61753428725929],[29.07829908138958,51.61515482625239],[29.041417435798945,51.588980755189326],[29.030709861272708,51.591360216195426],[29.0247612087584,51.5747039891539],[28.993828215682072,51.5747039891539],[28.993828215682072,51.58779102468544],[28.91887519399833,51.584221833176336],[28.870096243378985,51.56161695362246],[28.837973519800276,51.55685803160938],[28.823696753765294,51.5330634215525],[28.80823025722784,51.52473530803129],[28.792763760689677,51.47833581841857],[28.811799448736586,51.45097201684984],[28.79633295219851,51.425987676289864],[28.778486994654696,51.41409037125956],[28.765399959122895,51.46167959137714],[28.739225888058495,51.44740282534261],[28.71543127800046,51.44740282534261],[28.70948262548535,51.46405905238226],[28.71067235598853,51.48190500992679],[28.682118823918568,51.504509889482534],[28.708292894982968,51.54971964859215],[28.71662100850284,51.58660129418243],[28.661893405369188,51.585411563679344],[28.620252837766625,51.60325752122387],[28.614304185252315,51.61753428725929],[28.5833711921767,51.61991374826539],[28.57742253966239,51.60087806021786],[28.50484897898421,51.592549946698426],[28.48581329093739,51.597308868709646],[28.4334651488093,51.56756560613668],[28.382306737183594,51.55328884010125],[28.354942935616812,51.53782234356371],[28.350184013604885,51.56875533663968],[28.291887218962486,51.61991374826539],[28.25619530387503,51.61991374826539],[28.244297998845614,51.634190514299036],[28.258574764880596,51.673451620896216],[28.23478015482256,51.67583108190232],[28.21455473627318,51.657985124357786],[28.180052551688107,51.65084674134047],[28.16220659414438,51.62824186178473],[28.119376296039345,51.61158563474507],[28.101530338495618,51.57708345015911],[27.91831184104704,51.56756560613668],[27.902845344508876,51.60920617373809],[27.869532890427784,51.60801644323509],[27.856445854895185,51.61515482625239],[27.842169088860114,51.62110347876839],[27.814805287293332,51.60801644323509],[27.804097712767096,51.590170485692425],[27.78744148572655,51.57589371965602],[27.80766690427584,51.55923749261547],[27.795769599246423,51.54496072658094],[27.762457145165243,51.53901207406672],[27.750559840135825,51.514027733504875],[27.744611187621516,51.47595635741257],[27.724385769072224,51.47119743539949],[27.699401428511006,51.49380231495523],[27.660140321914717,51.516407194510975],[27.64348409487346,51.53901207406672],[27.644673825376554,51.55923749261547],[27.624448406827263,51.56994506714268],[27.57685918671039,51.57708345015911],[27.459075866921612,51.56875533663968],[27.461455327927265,51.55566830110637],[27.45669640591605,51.53782234356371],[27.48406020748292,51.50926881149375],[27.492388321003503,51.48428447093279],[27.507854817540956,51.45930013037105],[27.422194221331775,51.425987676289864],[27.36627688769423,51.436695250815305],[27.348430930150503,51.412900640756554],[27.318687667578068,51.40338279673412],[27.27979187895685,51.40878498959821],[27.275857369473123,51.40933144924834],[27.230647610361725,51.416469832265655],[27.18662758175431,51.43431578980929],[27.165212432701836,51.46286932187925],[27.159263780187526,51.498561236966445],[27.133089709123126,51.517596925013976],[27.072413453474365,51.53901207406672],[27.028393424866238,51.55447857060514],[27.014116658831256,51.58660129418243],[26.999839892796274,51.59849859921265],[26.96295824720635,51.62586240077961],[26.972454059183526,51.646429316047005],[26.924864839066476,51.636911472024664],[26.92129564755773,51.62382443649126],[26.90820861202584,51.62382443649126],[26.893931845991037,51.636911472024664],[26.90820861202584,51.66546500409365],[26.917726456048985,51.69401853616361],[26.88798319347646,51.72495152923878],[26.85586046989731,51.7416077562812],[26.739266880611446,51.75945371382386],[26.64170897937267,51.75826398332174],[26.622673291326205,51.77967913237448],[26.548910000145554,51.77967913237448],[26.45611102091764,51.7844380543856],[26.42279856683637,51.74636667829144],[26.401383417784164,51.735659103766],[26.360932580684693,51.69401853616361],[26.354983928170117,51.67260338711096],[26.341901355993503,51.66889665832758],[26.283600097995297,51.652377968561225],[26.243149260895827,51.67379311761485],[26.2062676153059,51.67260338711096],[26.18366273575078,51.66189581258455],[26.113468636078785,51.66546500409365],[26.057551302441595,51.66189581258455],[26.014721004336295,51.61430659246794],[25.965942053716596,51.52983572676114],[25.936198791143983,51.54054330128835],[25.907645259074375,51.54173303179047],[25.912404181086035,51.563148180843214],[25.92430148611501,51.584563329894976],[25.956424209693363,51.59527090442228],[25.912404181086035,51.59289144341618],[25.841020350911126,51.58337359939286],[25.7184781091106,51.56790710285443],[25.697062960058393,51.5976503654274],[25.712529456596112,51.6059784789486],[25.72085757011643,51.62263470598914],[25.712529456596112,51.63810120252678],[25.65185320094735,51.62501416699524],[25.614971555356625,51.630962819508575],[25.614971555356625,51.61668605347404],[25.58879748429276,51.60954767045681],[25.607833172339223,51.59646063492439],[25.60307425032765,51.569096833358316],[25.54001853367297,51.559578989334995],[25.509085540597532,51.57861467738164],[25.48410120003658,51.55125087581379],[25.444840093440025,51.54054330128835],[25.375835724270946,51.55125087581379],[25.288985397558317,51.59289144341618],[25.225929680903814,51.651188238059106],[25.218791297886323,51.68688015314639],[25.19380695732546,51.70829530219815],[25.19618641833129,51.72019260722757],[25.212842645371836,51.74517694778932],[25.217601567383408,51.771351018853274],[25.233068063921127,51.7761099408644],[25.24258590794445,51.78800724589382],[25.24453698030945,51.874144305369526],[25.236029798288307,51.87286822806615],[25.21937357124696,51.883575802593455],[25.20509680521207,51.874057958570134],[25.184871386662778,51.876437419576135],[25.182491925656947,51.91212933466342],[25.195578961188836,51.95495963276792],[25.218183840744047,51.962098015785145],[25.2146146492353,51.96923639880245],[25.19438923068592,51.97518505131757],[25.193199500183095,51.9966002003703],[25.13847189704882,51.9966002003703],[25.114677286990784,51.99065154785599],[25.088503215926117,51.99541046986632],[25.02901669078098,52.01206669690873],[25.040913995810044,52.039430498475696],[25.002842619716404,52.05608672551535],[25.000463158710573,52.0727429525559],[24.954063669096705,52.0727429525559],[24.88149010841888,52.088209449094414],[24.8541263068521,52.082260796580194],[24.824383044279575,52.08582998808832],[24.76727598013956,52.04062022897781],[24.73634298706323,52.05013807300113],[24.699461341473306,52.029912654451394],[24.706599724490708,51.997789930872415],[24.686374305941417,51.949010980253696],[24.679235922923926,51.90856014315342],[24.66020023487675,51.9026114906401],[24.611421284257762,51.90737041265131],[24.54598610659743,51.89547310762278],[24.466274162902202,51.890714185610676],[24.406787637756356,51.885955263599456],[24.366336800656885,51.881196341587355],[24.32945515506687,51.86097092303771],[24.30922973651678,51.84074550448895],[24.294952970481976,51.81695089442931],[24.294159816813632,51.76407398318864],[24.297729008322378,51.735520451118674],[24.275124128766457,51.72719233759925],[24.24657059669676,51.71886422407805],[24.15734080897839,51.689120961505076],[24.108561858358602,51.664136620943324],[24.080008326288993,51.62844470585605],[24.04550614170401,51.61416793982151],[24.01457314862857,51.60346036529607],[24.00267584359951,51.58561440775155],[23.93843039644209,51.601080904290065],[23.881323332301985,51.601080904290065],[23.876564410290413,51.6117884788155],[23.878943871296244,51.62606524485004],[23.903928211857107,51.64510093289668],[23.865856835764266,51.64985985490968],[23.848010878219917,51.64985985490968],[23.82659572916771,51.65818796842902],[23.794473005589357,51.64510093289668],[23.784955161565414,51.673654464966646],[23.705243217870187,51.65699823792601],[23.673120494291833,51.65818796842902],[23.662412919765686,51.63915228038335],[23.649325884233797,51.63558308887336],[23.632669657192363,51.64510093289668],[23.606495586128496,51.62963443636003],[23.64099777071268,51.601080904290065],[23.633859387695278,51.55825060618557],[23.655274536748284,51.547543031658265],[23.66598211127443,51.51661003858318],[23.655906122076676,51.49302106095729],[23.664234235596993,51.47755456441886],[23.678511001631797,51.4466215713428],[23.69040830666157,51.40973992575252],[23.67494181012314,51.393083698711976],[23.64995746956219,51.34787393960137],[23.635680703527296,51.34906367010349],[23.635680703527296,51.33240744306295],[23.64162935604187,51.31694094652629],[23.651147200065015,51.296715527975756],[23.67256234911731,51.299094988981764],[23.69754668967906,51.29433606696966],[23.70825426420512,51.277679839929114],[23.733238604766072,51.230090619813396],[23.749894831806706,51.217003584280974],[23.76417159784231,51.20391654874944],[23.77963809438003,51.20391654874944],[23.8129505484613,51.16822463366137],[23.828417044999817,51.17298355567258],[23.85340138556077,51.16227598114715],[23.864108960086828,51.142050562597404],[23.849832194052023,51.1337224490762],[23.866488421092658,51.10040999499502],[23.874816534612798,51.08375376795448],[23.90337006668285,51.075425654433275],[23.914077641209087,51.05044131387329],[23.924785215735323,51.04211320035209],[23.918836563221014,51.03140562582577],[23.917646832717832,51.01474939878425],[23.934303059759177,51.006421285264906],[23.95690793931412,50.97429856168672],[23.991410123899104,50.93503745509044],[24.005686889934175,50.920760689055015],[24.03424042200414,50.90410446201349],[24.084209103125865,50.89339688748805],[24.116331826704574,50.88506877396773],[24.136557245254664,50.87198173843443],[24.135367514751483,50.85770497240087],[24.0949166776521,50.84580766737056],[24.04732745753594,50.831530901336905],[24.02829176948903,50.83985901485634],[23.997358776413503,50.841048745359345],[23.977133357864123,50.835100092845124],[23.972374435852284,50.82558224882082],[23.959287400320395,50.817254135300594],[23.958097669817214,50.79821844725395],[23.96761551384034,50.79226979473973],[23.96642578333787,50.78513141172242],[23.973564166355377,50.76966491518399]]]]}},{"type":"Feature","properties":{"kind":"district","id":"uyezd-1897-195","name":"Владимир-Волынский","provinceId":"gubernia-1897-22"},"geometry":{"type":"MultiPolygon","coordinates":[[[[24.16203304417281,50.63602540076592],[24.173930349202227,50.62055890422651],[24.192966037249224,50.62055890422651],[24.206053072780936,50.60985132970107],[24.206053072780936,50.60271294668385],[24.221519569319188,50.58605671964233],[24.30836989603146,50.57534914511689],[24.33454396709595,50.60628213819295],[24.371425612685876,50.607471868695065],[24.397599683750276,50.61461025171229],[24.410686719282076,50.59041906481977],[24.402358605762203,50.566624454762],[24.45351701738702,50.538070922692036],[24.48563974096582,50.559486071744686],[24.514193273035783,50.5630552632529],[24.53798788309382,50.558296341241686],[24.548695457620056,50.53093253967472],[24.56535168466149,50.50951739062207],[24.528470039070765,50.50237900760476],[24.522521386556456,50.485722780563236],[24.4999165070008,50.484533050060236],[24.4737424359372,50.48691251106633],[24.484450010463437,50.454789787487265],[24.493967854486403,50.41671841139487],[24.509434351024655,50.40244164535855],[24.549885188123238,50.404821106364565],[24.55821330164391,50.42504652491519],[24.59152575572509,50.42385679441218],[24.589146294719438,50.41433895038789],[24.614130635280745,50.40720056737066],[24.64387389785389,50.40601083686765],[24.717637189034452,50.37745730479769],[24.72239611104638,50.34771404222464],[24.74857018210998,50.33343727619108],[24.792590210718195,50.354852425241944],[24.838989700331886,50.34890377272772],[24.92702975754743,50.3358167371962],[24.938927062577115,50.397682723348225],[24.94491092970585,50.45113381742431],[24.98536176680532,50.44280570390488],[25.006776915857525,50.45470300893341],[25.030571525915562,50.461841391950635],[25.062694249494715,50.47849761899127],[24.981792575295863,50.541553335646306],[24.991310419319806,50.55820956268694],[24.974654192278372,50.56534794570416],[24.95680823473491,50.623644740347096],[24.854491411484563,50.64624961990195],[24.841404375951875,50.658146924932254],[24.854491411484563,50.66528530794948],[24.87352709953094,50.666475038451594],[24.89613197908615,50.662905846943474],[24.904460092606378,50.666475038451594],[24.89851144009189,50.677182612978896],[24.86281952500479,50.684320995996124],[24.83307626243147,50.693838840019446],[24.81998922689958,50.71049506706008],[24.836645453940214,50.74380752114117],[24.86281952500479,50.75332536516449],[24.908029284115123,50.7616534786857],[24.95442877372908,50.78901728025266],[24.94491092970585,50.81162215980751],[24.89137305707449,50.81638108181873],[24.869957908022283,50.80686323779541],[24.82236868790541,50.818760542824734],[24.82712760991707,50.82708865634594],[24.861629794501965,50.83303730886105],[24.92944443316813,50.88062652897677],[24.91159847562387,50.90442113903552],[24.88899359606866,50.916318444064046],[24.879475752045515,50.96390766418065],[24.8425941064555,50.976994699713075],[24.78905623382414,50.97342550820486],[24.774779467789337,51.01149688429815],[24.806417486347854,51.004314437187574],[24.82307371338849,51.017401472719904],[24.849247784453066,51.05071392680108],[24.804038025342024,51.05904204032229],[24.779053684781072,51.06855988434561],[24.76953584075793,51.0661804233396],[24.767156379752098,51.04357554378386],[24.727895273155543,51.015022011713896],[24.694582819074274,51.012642550707795],[24.651752520969062,50.98051982712873],[24.616060605881252,50.97933009662573],[24.564902194256433,50.96505333059031],[24.56847138576509,50.95077656455577],[24.581558421297068,50.936499798521226],[24.55062542822163,50.90913599695338],[24.511364321625074,50.91746411047458],[24.498277286093096,50.926981954497904],[24.462585371005286,50.944827912041546],[24.485190250561207,50.97933009662573],[24.432842108432762,51.02216039473112],[24.419755072900873,51.087595572391365],[24.381683696807233,51.085216111386245],[24.362648008760768,51.088785302895346],[24.34718151222305,51.11020045194622],[24.353130164737536,51.13280533150187],[24.341232859708473,51.166117785583054],[24.345991781720134,51.18039455161946],[24.38763234932172,51.18158428212158],[24.393581001836207,51.19705077865912],[24.370976122281085,51.21489673620275],[24.312679327638065,51.21489673620275],[24.299592292106176,51.20180970067211],[24.26509010752128,51.224414580226075],[24.26509010752128,51.242260537770605],[24.29126417858586,51.28033191386389],[24.236536575451584,51.30293679341954],[24.2377263059545,51.325541672975284],[24.26509010752128,51.34338763051804],[24.28293606506554,51.36837197107978],[24.28888471758003,51.39573577264586],[24.310299866632324,51.41358173019039],[24.340043129205647,51.41358173019039],[24.359078817252023,51.41358173019039],[24.3650274697666,51.43737634024815],[24.379304235801403,51.49448340438906],[24.397150193344952,51.51708828394294],[24.503036208104756,51.52660612796626],[24.51731297413956,51.53731370249356],[24.51017459112216,51.57181588707863],[24.489949172572867,51.618215376692234],[24.480431328549635,51.636061334234896],[24.46139564050246,51.634871603732776],[24.451877796479227,51.61464618518313],[24.378114505298488,51.6015591496516],[24.31862798015264,51.58014400059797],[24.267469568527822,51.57062615657465],[24.234157114445754,51.57776453959197],[24.14373759622447,51.56229804305531],[24.123512177674378,51.57300561758075],[24.109235411639574,51.58609265311317],[24.089009993090194,51.59442076663251],[24.080008326288993,51.62844470585605],[24.04550614170401,51.61416793982151],[24.01457314862857,51.60346036529607],[24.00267584359951,51.58561440775155],[23.93843039644209,51.601080904290065],[23.881323332301985,51.601080904290065],[23.876564410290413,51.6117884788155],[23.878943871296244,51.62606524485004],[23.903928211857107,51.64510093289668],[23.865856835764266,51.64985985490968],[23.848010878219917,51.64985985490968],[23.82659572916771,51.65818796842902],[23.794473005589357,51.64510093289668],[23.784955161565414,51.673654464966646],[23.705243217870187,51.65699823792601],[23.673120494291833,51.65818796842902],[23.662412919765686,51.63915228038335],[23.649325884233797,51.63558308887336],[23.632669657192363,51.64510093289668],[23.606495586128496,51.62963443636003],[23.64099777071268,51.601080904290065],[23.633859387695278,51.55825060618557],[23.655274536748284,51.547543031658265],[23.66598211127443,51.51661003858318],[23.655906122076676,51.49302106095729],[23.664234235596993,51.47755456441886],[23.678511001631797,51.4466215713428],[23.69040830666157,51.40973992575252],[23.67494181012314,51.393083698711976],[23.64995746956219,51.34787393960137],[23.635680703527296,51.34906367010349],[23.635680703527296,51.33240744306295],[23.64162935604187,51.31694094652629],[23.651147200065015,51.296715527975756],[23.67256234911731,51.299094988981764],[23.69754668967906,51.29433606696966],[23.70825426420512,51.277679839929114],[23.733238604766072,51.230090619813396],[23.749894831806706,51.217003584280974],[23.76417159784231,51.20391654874944],[23.77963809438003,51.20391654874944],[23.8129505484613,51.16822463366137],[23.828417044999817,51.17298355567258],[23.85340138556077,51.16227598114715],[23.864108960086828,51.142050562597404],[23.849832194052023,51.1337224490762],[23.866488421092924,51.10040999499414],[23.874816534612798,51.08375376795448],[23.90337006668285,51.075425654433275],[23.914077641209087,51.05044131387329],[23.924785215735323,51.04211320035209],[23.918836563221014,51.03140562582577],[23.917646832717832,51.01474939878425],[23.934303059759177,51.006421285264906],[23.95690793931412,50.97429856168672],[23.991410123899104,50.93503745509044],[24.005686889934175,50.920760689055015],[24.03424042200414,50.90410446201349],[24.084209103125865,50.89339688748805],[24.116331826704574,50.88506877396773],[24.136557245254664,50.87198173843443],[24.135367514751483,50.85770497240087],[24.0949166776521,50.84580766737056],[24.04732745753594,50.831530901336905],[24.02829176948903,50.83985901485634],[23.997358776413503,50.841048745359345],[23.977133357864123,50.835100092845124],[23.972374435852284,50.82558224882082],[23.959287400320395,50.817254135300594],[23.958097669817214,50.79821844725395],[23.967615513840357,50.79226979473973],[23.966425783337886,50.78513141172242],[23.973564166355377,50.76966491518399],[23.986651201887266,50.7768032982021],[24.004497159430993,50.77323410669398],[24.018773925465975,50.7768032982021],[24.027102038986648,50.762526532166675],[24.02234311697472,50.72564488657648],[24.044947996530375,50.71850650356006],[24.05446584055343,50.72683461707949],[24.066363145582137,50.72445515607437],[24.072311798097157,50.71612704255405],[24.063983684576485,50.70304000702074],[24.068742606588412,50.682814588471004],[24.085398833629046,50.66972755293956],[24.08635992918186,50.649659961882236],[24.095877773205093,50.6413318483628],[24.116103191754384,50.642521578864915],[24.125621035778416,50.65560861439734],[24.16488214237417,50.649659961882236],[24.16203304417281,50.63602540076592]]]]}},{"type":"Feature","properties":{"kind":"district","id":"uyezd-1897-196","name":"Дубенский","provinceId":"gubernia-1897-22"},"geometry":{"type":"MultiPolygon","coordinates":[[[[25.216134269756434,50.19542853785336],[25.24207917087861,50.18370883882469],[25.287288929988854,50.17300126429926],[25.2979965045158,50.15753476776082],[25.332498689099985,50.14325800172629],[25.464558774923567,50.1444477322284],[25.462179313917826,50.15991422876684],[25.508578803531783,50.17894991681348],[25.53237341358982,50.15515530675473],[25.564496137168174,50.15396557625172],[25.58829074722701,50.17419099480137],[25.632310775834338,50.15515530675473],[25.69060757047727,50.18370883882469],[25.732248138079655,50.181329377818685],[25.77150924467541,50.16229368977204],[25.872636337423643,50.186088299830786],[25.944020167598552,50.263420782519475],[25.97733262167982,50.255092668999154],[26.02611157229952,50.23724671145649],[26.076080253422223,50.25271320799315],[26.167689502146423,50.23010832843829],[26.198622495221862,50.262231052016475],[26.222417105280698,50.263420782519475],[26.225986296789355,50.28245647056612],[26.240263062824248,50.30506135012186],[26.271196055899686,50.29792296710455],[26.317595545513644,50.293164045093334],[26.294990665958522,50.31933811615728],[26.306887970987496,50.341942995713026],[26.317595545513644,50.39072194633264],[26.22717602729227,50.38239383281143],[26.240263062824248,50.40975763437928],[26.184345729187058,50.39786032934987],[26.179586807175486,50.41213709538529],[26.198622495221862,50.419275478402604],[26.192673842707375,50.43355224443714],[26.246211715338735,50.44425981896258],[26.24502198483591,50.46686469851832],[26.223606835783613,50.47995173405074],[26.187914920695803,50.48114146455286],[26.173638154661,50.490659308576184],[26.17136125945815,50.49084904984316],[26.116531090520894,50.495418230588285],[26.118910551526724,50.50374634410949],[26.114151629515064,50.52516149316125],[26.096305671971514,50.54538691171179],[26.05109591286047,50.51802311014403],[26.027301302802435,50.51921284064615],[26.014214267270546,50.53705879819067],[25.993988848720456,50.5525252947291],[25.946399628604293,50.54776637271611],[25.92141528804263,50.563232869254534],[25.888102833961362,50.572750713277856],[25.892861755973023,50.60844262836602],[25.861928762897495,50.61320155037813],[25.836944422335833,50.60487343685692],[25.835754691832918,50.63223723842388],[25.84527253585615,50.67744699753439],[25.866687684909156,50.71432864312556],[25.886913103458447,50.763107593745175],[25.89881040848751,50.803558430843665],[25.89140764091419,50.8274852331806],[25.877130874878585,50.822726311168495],[25.848577342808976,50.831054424689704],[25.80931623621242,50.82034685016329],[25.76886539911375,50.80844954513396],[25.722465909499793,50.791793318093326],[25.666548575862603,50.791793318093326],[25.66178965385103,50.782275474070005],[25.667738306365518,50.757291133508254],[25.634425852284338,50.74301436747372],[25.62609773876393,50.72635814043317],[25.611820972729127,50.71803002691196],[25.60111339820227,50.71803002691196],[25.604682589711015,50.70018406936744],[25.579698249150063,50.69185595584801],[25.564231752612343,50.684717572830785],[25.53448849003902,50.687097033835904],[25.502365766460667,50.676389459309576],[25.447638163326392,50.66330242377805],[25.401238673713145,50.684717572830785],[25.38934136868337,50.687097033835904],[25.388151638180457,50.676389459309576],[25.395290021197948,50.66330242377805],[25.376254333151483,50.65497431025684],[25.359598106110848,50.65497431025684],[25.35126999259053,50.64783592723961],[25.379823524660228,50.63236943070119],[25.403618134718975,50.60857482064333],[25.38934136868337,50.60976455114722],[25.356028914602103,50.62285158667787],[25.33104457404115,50.62404131718176],[25.298921850462087,50.64426673573051],[25.302491041970743,50.60976455114722],[25.312008885993976,50.57407263606003],[25.32390619102304,50.56455479203671],[25.30843969448532,50.55146775650429],[25.282265623421452,50.531242337953664],[25.25966074386624,50.53719099046798],[25.21920990676686,50.53838072097098],[25.182328261176135,50.550278026000306],[25.12522119703683,50.5562266785155],[25.134739041059973,50.53719099046798],[25.170430956147072,50.52529368544033],[25.191846105200078,50.50863745839801],[25.18351799167905,50.48127365683194],[25.171620686649987,50.468186621299516],[25.126410927539744,50.47889419582593],[25.100236856475078,50.48127365683194],[25.07644224641704,50.476514734820725],[25.062694249494715,50.47849761899127],[25.030571525915562,50.461841391950635],[25.006776915857525,50.45470300893341],[24.98536176680532,50.44280570390488],[24.94491092970585,50.45113381742431],[24.938927062577115,50.397682723348225],[25.009121162248665,50.34414485071651],[25.01863900627172,50.35961134725494],[25.061469304376754,50.34533458121952],[25.055520651862356,50.33819619820229],[25.055520651862356,50.322729701663775],[25.048382268844865,50.30131455261201],[25.070987148400608,50.28822751707959],[25.106679063487263,50.27870967305627],[25.15783747511288,50.29536590009681],[25.185201276679752,50.29655563060079],[25.21018561724106,50.28703778657658],[25.212565078247334,50.25372533249541],[25.17806289366226,50.20851557338392],[25.216134269756434,50.19542853785336]]]]}},{"type":"Feature","properties":{"kind":"district","id":"uyezd-1897-198","name":"Ровенский","provinceId":"gubernia-1897-22"},"geometry":{"type":"MultiPolygon","coordinates":[[[[26.97245405918326,51.646429316047005],[26.924864839066476,51.636911472024664],[26.92129564755773,51.62382443649126],[26.90820861202584,51.62382443649126],[26.893931845991037,51.636911472024664],[26.90820861202584,51.66546500409365],[26.917726456048985,51.69401853616361],[26.88798319347646,51.72495152923878],[26.85586046989731,51.7416077562812],[26.739266880611446,51.75945371382386],[26.64170897937267,51.75826398332174],[26.622673291326205,51.77967913237448],[26.548910000145554,51.77967913237448],[26.45611102091764,51.7844380543856],[26.42279856683637,51.74636667829144],[26.401383417784164,51.735659103766],[26.360932580684693,51.69401853616361],[26.354983928170117,51.67260338711096],[26.341901355993514,51.66889665832758],[26.32565927447813,51.64007116667112],[26.30305439492221,51.612707365103276],[26.304244125425125,51.5853435635372],[26.339936040512935,51.561548953479345],[26.35659226755357,51.5389440739236],[26.370869033588374,51.534185151911494],[26.357781998056485,51.516339194367944],[26.367299842079717,51.51039054185364],[26.381576608115232,51.49254458430911],[26.422027445213992,51.486595931795776],[26.4577193603018,51.46993970475346],[26.46842693482786,51.477078087772455],[26.520775076956394,51.449714286204696],[26.530292920979626,51.42948886765496],[26.579071871598526,51.409263449106206],[26.594538368137044,51.39022776105867],[26.661163276300382,51.37833045602925],[26.719460070942514,51.3557255764736],[26.752772525024582,51.3557255764736],[26.809879589164687,51.33906934943296],[26.820587163690746,51.32003366138632],[26.81701797218209,51.31170554786698],[26.802741206147196,51.31170554786698],[26.79441309262617,51.32598231390152],[26.739685489492693,51.34144881043906],[26.700424382896138,51.34025907993694],[26.65402489328218,51.35453584597148],[26.588589715622557,51.35453584597148],[26.52196480745922,51.33668988842696],[26.485083161868584,51.310515817363],[26.489842083880156,51.27482390227581],[26.431545289237224,51.26887524976248],[26.39228418264138,51.25816767523518],[26.373248494594204,51.2641163277494],[26.348264154033252,51.24270117869675],[26.147199699040502,51.236752526183416],[26.12459481948538,51.212957916123784],[26.073436407859763,51.19511195858103],[26.054400719813387,51.171317348523175],[26.054400719813387,51.153471390978645],[26.04369314528724,51.138004894440215],[26.002052577684854,51.128487050416894],[25.979447698129732,51.13562543343598],[25.946135244047753,51.12967678092079],[25.955653088070985,51.11064109287415],[25.948514705053494,51.091605404827504],[25.975878506621076,51.080897830301176],[26.000862847182027,51.07970809979729],[26.085333712888826,51.054723759237305],[26.078195329871424,51.02022157465215],[26.08176452138017,50.991668042582184],[26.080574790877254,50.97025289353042],[26.018708804725488,50.96192478000921],[25.988965542152965,50.95359666648979],[25.981827159135563,50.93931990045347],[25.998483386176197,50.928612325928036],[25.99253473366171,50.863177148267795],[26.03060610975535,50.85603876524968],[26.02346772673715,50.822726311168495],[25.97230931511233,50.81796738915728],[25.93661740002452,50.82986469418572],[25.89140764091419,50.8274852331806],[25.89881040848751,50.803558430843665],[25.886913103458447,50.763107593745175],[25.866687684909156,50.71432864312556],[25.84527253585615,50.67744699753439],[25.835754691832918,50.63223723842388],[25.836944422335833,50.60487343685692],[25.861928762897495,50.61320155037813],[25.892861755973023,50.60844262836602],[25.888102833961362,50.572750713277856],[25.92141528804263,50.563232869254534],[25.946399628604293,50.54776637271611],[25.993988848720456,50.5525252947291],[26.014214267270546,50.53705879819067],[26.027301302802435,50.51921284064615],[26.05109591286047,50.51802311014403],[26.096305671971514,50.54538691171179],[26.114151629515064,50.52516149316125],[26.118910551526724,50.50374634410949],[26.116531090520894,50.495418230588285],[26.17136125945815,50.49084904984316],[26.186592816580923,50.51623497838139],[26.14971117099091,50.54121931894314],[26.1211576389213,50.56144473749279],[26.17231605054612,50.565013929001],[26.167557128534458,50.55073716296646],[26.191351738593294,50.544788510451355],[26.198490121610696,50.534080935925914],[26.22823338418322,50.534080935925914],[26.273443143294262,50.544788510451355],[26.330550207433568,50.545978240954355],[26.36743185302438,50.55668581548157],[26.39598538509399,50.563824198498885],[26.438815683199202,50.58404961704764],[26.44714379671952,50.61022368811338],[26.497112477842222,50.64115668118846],[26.53042493192349,50.64948479470789],[26.544701697959095,50.632828567667254],[26.570875769022873,50.642346411690575],[26.57920388254319,50.650674525211784],[26.59467037908091,50.64710533370366],[26.616085528134004,50.654243716720885],[26.620844450145576,50.66138209973722],[26.6505877127181,50.64829506420577],[26.67557205327905,50.642346411690575],[26.707694776858204,50.64710533370366],[26.743386691945304,50.65781290822909],[26.74933534445979,50.64829506420577],[26.76480184099822,50.64115668118846],[26.768371032506966,50.634018298171235],[26.73981750043656,50.62450045414791],[26.736248308927813,50.616172340626704],[26.7778888765302,50.60784422710728],[26.799304025582405,50.61379287962061],[26.801683486588235,50.632828567667254],[26.832616479664473,50.63996695068457],[26.859980281231167,50.634018298171235],[26.862359742236997,50.61379287962061],[26.888533813300864,50.61141341861549],[26.90994896235387,50.60070584409006],[26.92779491989742,50.58404961704764],[26.94326141643514,50.57810096453342],[26.974194409511288,50.585239347551536],[27.018214438118704,50.57810096453342],[27.036060395663053,50.60665449660338],[27.028922012644852,50.619741532135805],[27.028922012644852,50.634018298171235],[27.069372849744322,50.65781290822909],[27.09078799879653,50.65781290822909],[27.084839346282042,50.67208967426363],[27.06223446672683,50.70183293683749],[27.071752310750064,50.71491997236991],[27.087218807287783,50.716109702872025],[27.112203147849534,50.69707401482538],[27.1383772189134,50.706591858848704],[27.152653984948206,50.72919673840356],[27.155033445953947,50.7458529654441],[27.157412906959777,50.75656053997043],[27.170499942491666,50.76131946198254],[27.20262266607082,50.7529913484632],[27.290662723286363,50.7494221569532],[27.28947299278345,50.75656053997043],[27.21570970160271,50.78392434153828],[27.212140510094052,50.795821646567695],[27.233555659146347,50.799390838076796],[27.24069404216366,50.84222113618121],[27.3215957163626,50.860067093723956],[27.320405985859686,50.87196439875338],[27.338251943403236,50.88862062579392],[27.34776978742647,50.91003577484755],[27.359667092455442,50.91003577484755],[27.37037466698159,50.92193307987599],[27.36561574496993,50.93977903742052],[27.371564397484505,50.95524553395806],[27.346580056923553,50.960004455969276],[27.306129219824083,50.97428122200381],[27.231176198140517,50.94810715093995],[27.219278893111454,50.977850413513806],[27.20738158808248,50.99212717954834],[27.141946410422058,51.020680711618304],[27.141946410422058,51.03852666916194],[27.124100452878597,51.05637262670647],[27.099116112316846,51.06232127922069],[27.08008042427038,51.08968508078667],[27.046767970189112,51.096823463803986],[27.013455516107133,51.10753103833031],[26.975384140014203,51.127756456880846],[27.065803658235577,51.14084349241327],[27.07770096326455,51.164638102470235],[27.07056258024715,51.184863521019885],[27.058665275218175,51.19914028705629],[27.046767970189112,51.22293489711317],[27.012265785604217,51.23721166314957],[27.020593899124535,51.255057620692234],[27.114582608855276,51.25743708169922],[27.137187488410486,51.26933438672677],[27.141946410422058,51.29074953577951],[27.139566949416317,51.32168252885637],[27.124100452878597,51.33120037287969],[27.13361829690174,51.34904633042244],[27.158602637462693,51.35261552193154],[27.18953563053893,51.36213336595486],[27.195484283053418,51.37046147947607],[27.213330240596967,51.3728409404803],[27.233555659146347,51.36927174897209],[27.254970808199264,51.3728409404803],[27.249022155684866,51.391876628526944],[27.25616053870218,51.39901501154506],[27.27979187895685,51.40878498959821],[27.275857369473123,51.40933144924834],[27.230647610361725,51.416469832265655],[27.18662758175431,51.43431578980929],[27.165212432701836,51.46286932187925],[27.159263780187526,51.498561236966445],[27.133089709123126,51.517596925013976],[27.072413453474365,51.53901207406672],[27.028393424866238,51.55447857060514],[27.014116658831256,51.58660129418243],[26.999839892796274,51.59849859921265],[26.96295824720635,51.62586240077961],[26.97245405918326,51.646429316047005]]]]}},{"type":"Feature","properties":{"kind":"district","id":"uyezd-1897-199","name":"Староконстантиновский","provinceId":"gubernia-1897-22"},"geometry":{"type":"MultiPolygon","coordinates":[[[[27.390782719294283,49.84088390808506],[27.355069920117863,49.8428143296623],[27.313429352515477,49.84043486865629],[27.28249635944004,49.847573251674405],[27.255132557872457,49.83686567714719],[27.21587145127679,49.8487629821775],[27.221820103791277,49.82853756362776],[27.20635360725276,49.82258891111265],[27.126641663557532,49.827347833123866],[27.08619082645886,49.84043486865629],[27.082621634950204,49.82139918061054],[27.107605975511156,49.80474295356999],[27.12426220255179,49.76786130797882],[27.092139478973436,49.76786130797882],[27.013617265781125,49.78213807401336],[26.975545889687396,49.78570726552335],[26.912490173032893,49.79165591803668],[26.872039335934222,49.79522510954667],[26.836347420846323,49.80355322306601],[26.805414427770884,49.7999840315578],[26.73522032809889,49.81188133658722],[26.709046257034313,49.817829989100545],[26.644800809876806,49.7987943010539],[26.613867816801367,49.80712241457511],[26.597211589760732,49.81901971960444],[26.561519674672923,49.83686567714719],[26.53653533411197,49.844004060164416],[26.51393045455685,49.86898840072625],[26.485376922486353,49.86898840072625],[26.463961773434146,49.87017813123015],[26.433028780357997,49.89397274128801],[26.390198482253496,49.8892138192759],[26.35331683666268,49.889213819275994],[26.339040070627878,49.88207543625779],[26.380680638230263,49.810691606083324],[26.4044752482883,49.79403537904278],[26.416372553317274,49.752394811440396],[26.434218510860823,49.73454885389764],[26.42470066683759,49.728600201382534],[26.398526595773724,49.750015350434296],[26.383060099236005,49.7547742724464],[26.379490907727348,49.740497506410975],[26.33071195710756,49.75120508093828],[26.334281148616306,49.76786130797882],[26.29026112000818,49.77618942150003],[26.284312467493603,49.76548184697282],[26.26408704894431,49.7642921164707],[26.26408704894431,49.72503100987432],[26.291450850511094,49.715513165851],[26.284312467493603,49.69052882528925],[26.286691928499433,49.67149313724261],[26.277373878355775,49.66004981154225],[26.27737387835604,49.64577304550496],[26.235733310754277,49.630306548968306],[26.222646275221678,49.60413247790346],[26.22383600572486,49.57676867633659],[26.22978465823917,49.552974066277756],[26.22383600572486,49.543456222255415],[26.209559239689877,49.547025413763535],[26.208369509187495,49.555353527283856],[26.195282473654895,49.555353527283856],[26.167918672088025,49.51728215119145],[26.173867324602334,49.49824646314393],[26.205990048181132,49.475641583588185],[26.20980139378292,49.46143565907456],[26.252189743915338,49.457341646717346],[26.309296808055354,49.449013533198006],[26.309296808055354,49.46685949074067],[26.3200043825815,49.48232598727918],[26.339040070627878,49.49898221431973],[26.359265489177258,49.48946437029641],[26.374731985715776,49.47637733476399],[26.39971632627664,49.47994652627309],[26.392577943259326,49.48946437029641],[26.4044752482883,49.49779248381762],[26.42232120583185,49.49779248381762],[26.436597971866654,49.47756706526797],[26.459202851422575,49.4847054482852],[26.47585907846321,49.529915207394815],[26.492515305503844,49.55965846996876],[26.524638029082908,49.55370981745365],[26.546053178135203,49.552520086951446],[26.557950483164177,49.5679865834881],[26.56984778819324,49.59535038505595],[26.578175901713557,49.63937041366354],[26.656698114906668,49.613196342599586],[26.691200299490763,49.60724769008448],[26.743548441619208,49.604868229080246],[26.764963590671414,49.597729846061156],[26.799465775256397,49.592970924049936],[26.84467553436664,49.59416065455383],[26.879177718951624,49.58464281053051],[26.93152586108007,49.56917631399208],[26.981494542201972,49.5715557749972],[27.006478882763723,49.57036604449419],[27.046929719862305,49.55846873946478],[27.07072432992114,49.55370981745365],[27.131400585569192,49.55370981745365],[27.151626004119283,49.583453080026615],[27.18255899719472,49.58702227153474],[27.232527678317425,49.58107361902052],[27.243235252843483,49.59891957656505],[27.270599054410265,49.592970924049936],[27.312239622012562,49.57036604449419],[27.353880189614948,49.573935236003294],[27.35863911162661,49.59416065455383],[27.39908994872519,49.597729846061156],[27.427643480795687,49.60605795958236],[27.393141296210704,49.6167655341078],[27.370536416655582,49.63342176115021],[27.371726147158498,49.670303406739514],[27.400279679228106,49.68458017277405],[27.425264019789857,49.67625205925462],[27.456197012865296,49.68101098126584],[27.484750544934993,49.691718555791276],[27.522821921028545,49.68695963378015],[27.515683538011142,49.72978993188456],[27.52639111253729,49.753584541944285],[27.502596502479253,49.76786130797882],[27.453817551859466,49.765481846972726],[27.431212672304344,49.77737915200214],[27.440730516327577,49.8023634925639],[27.458576473871126,49.82377864161566],[27.43716132481883,49.83329648563898],[27.39908994872519,49.84043486865629],[27.390782719294283,49.84088390808506]]]]}},{"type":"Feature","properties":{"kind":"district","id":"uyezd-1897-200","name":"Новоградволынский","provinceId":"gubernia-1897-22"},"geometry":{"type":"MultiPolygon","coordinates":[[[[27.458576473871126,49.82377864161566],[27.496221715734837,49.81442617393991],[27.54619039685683,49.800149407905366],[27.57950285093881,49.80371859941349],[27.611625574517163,49.82751320947322],[27.634230454073084,49.83584132299256],[27.666353177651438,49.84060024500377],[27.677060752177496,49.85368728053709],[27.712752667265395,49.85249755003319],[27.71394239776831,49.86082566355431],[27.735357546820516,49.871533238079834],[27.75677269587281,49.900086770150686],[27.7698597314055,49.91912245819733],[27.82577706504189,49.942917068255184],[27.884073859684822,49.952434912278505],[27.907868469743658,49.977419252840264],[27.913817122258145,49.9881268273657],[27.93047334929878,50.00954197641933],[27.94356038483067,50.03571604748319],[27.98877014394171,50.052372274523826],[28.000667448970773,50.07497715407957],[27.997098257462028,50.12375610469918],[27.9959085269592,50.151119906265166],[27.9959085269592,50.16777613330579],[28.010185292994006,50.186811821352435],[28.00185717947369,50.208226970406066],[28.00185717947369,50.23915996348026],[28.02446205902881,50.25462646001869],[28.037549094560788,50.271282687059326],[28.029220981040382,50.28199026158565],[27.994718796456286,50.28199026158565],[27.975683108409022,50.28199026158565],[27.96378580338005,50.304595141142286],[28.007805831988176,50.333148673211355],[28.056584782607963,50.33552813421737],[28.09346642819789,50.35813301377311],[28.09584588920372,50.3938249288603],[28.110122655238523,50.40810169489484],[28.14462483982342,50.41048115590093],[28.166039988875713,50.421188730426366],[28.163660527869883,50.44260387948],[28.150573492337994,50.45093199299934],[28.150573492337994,50.46401902853265],[28.16960918038437,50.47829579456719],[28.179127024407602,50.499710943619924],[28.179127024407602,50.519936362169574],[28.162470797366968,50.528264475689],[28.14938376183508,50.54492070272954],[28.135106995800275,50.56157692977196],[28.125589151777042,50.59013046184192],[28.02446205902881,50.58894073133794],[27.96378580338005,50.62463264642521],[27.969734455894535,50.637719681957634],[27.944750115333584,50.637719681957634],[27.906678739239943,50.66984240553661],[27.973303647403192,50.729328930681746],[27.973303647403192,50.77929761180534],[28.005426370982345,50.78881545582866],[27.987580413438796,50.801902491359215],[27.99352906595337,50.834025214939174],[27.989959874444626,50.85068144197972],[28.003046909976515,50.86376847751214],[28.031600442046212,50.8435430589616],[28.061343704619535,50.8399738674525],[28.063723165625365,50.819748448903745],[28.04230801657236,50.801902491359215],[28.080379392666,50.80666141337132],[28.101794541718206,50.810230604879536],[28.10536373322695,50.82093817940586],[28.117261038255926,50.829266292927066],[28.13391726529736,50.83521494544129],[28.124399421274127,50.85306090298492],[28.13153780429153,50.86257874700824],[28.125589151777042,50.872096591031564],[28.142245378817677,50.872096591031564],[28.15176322284091,50.881614435054885],[28.139865917811846,50.901839853604535],[28.14462483982342,50.91016796712485],[28.161281066864053,50.91730635014208],[28.164850258372798,50.93753176869181],[28.15414268384665,50.952998265229354],[28.126778882279957,50.963705839755676],[28.080379392666,50.960136648248444],[28.123209690771212,51.02676155641072],[28.09108696719206,51.02676155641072],[28.068482087636937,51.02676155641072],[28.043497747075186,51.033899939428025],[28.038738825063614,51.060074010491896],[27.980442030421482,51.06602266300709],[27.938801462819097,51.07316104602432],[27.90191981722837,51.05293562747467],[27.873366285158674,51.045797244458335],[27.84600248359198,51.050556166468574],[27.819828412527315,51.05888427998978],[27.76034188738147,51.045797244458335],[27.763911078890125,51.029141017415924],[27.741306199335003,51.0255718259086],[27.775808383919987,51.00177721584896],[27.725839702797284,50.998208024340755],[27.67111209966301,50.99582856333474],[27.616384496528823,51.00177721584896],[27.614005035522993,51.02319236490259],[27.605676922002676,51.044607513954354],[27.578313120435894,51.055315088481656],[27.578313120435894,51.06721239350921],[27.537862283336423,51.06959185451522],[27.535482822330682,51.08862754256275],[27.5081190207639,51.07078158501831],[27.47480656668192,51.05650481898377],[27.480755219196407,51.03508966993192],[27.49503198523201,51.0255718259086],[27.49027306322044,51.01010532937017],[27.471237375173175,51.01010532937017],[27.433165999080334,50.98631071931142],[27.387956239969203,50.95537772623625],[27.371564397484505,50.95524553395806],[27.36561574496993,50.93977903742052],[27.37037466698159,50.92193307987599],[27.359667092455442,50.91003577484755],[27.34776978742647,50.91003577484755],[27.338251943403236,50.88862062579392],[27.320405985859686,50.87196439875338],[27.3215957163626,50.860067093723956],[27.24069404216366,50.84222113618121],[27.233555659146347,50.799390838076796],[27.212140510094052,50.795821646567695],[27.21570970160271,50.78392434153828],[27.28947299278345,50.75656053997043],[27.290662723286363,50.7494221569532],[27.20262266607082,50.7529913484632],[27.170499942491666,50.76131946198254],[27.157412906959777,50.75656053997043],[27.155033445953947,50.7458529654441],[27.152653984948206,50.72919673840356],[27.1383772189134,50.706591858848704],[27.112203147849534,50.69707401482538],[27.087218807287783,50.716109702872025],[27.071752310750064,50.71491997236991],[27.06223446672683,50.70183293683749],[27.084839346282042,50.67208967426363],[27.09078799879653,50.65781290822909],[27.069372849744322,50.65781290822909],[27.028922012644852,50.634018298171235],[27.028922012644852,50.619741532135805],[27.036060395663053,50.60665449660338],[27.018214438118704,50.57810096453342],[27.042934394123808,50.56673242861686],[27.046503585632465,50.55721458459354],[27.084574961726194,50.54293781855811],[27.097661997258083,50.533419974535676],[27.08576469222902,50.520332939004234],[27.102420919269655,50.51398770965446],[27.107179841281226,50.503280135129025],[27.120266876813204,50.496141752109935],[27.12859499033352,50.459260106520546],[27.096472266755168,50.46044983702266],[27.110749032789972,50.40691196439183],[27.12383606832195,50.40691196439183],[27.147630678380697,50.38549681533918],[27.19521989849686,50.37954816282585],[27.209496664532463,50.36646112729254],[27.194030167993944,50.360512474779206],[27.204737742520003,50.349804900251904],[27.23091181358458,50.356943283270105],[27.254706423642705,50.34028705622858],[27.288018877724685,50.367650857796434],[27.310623757279895,50.37240977980676],[27.335608097840847,50.359322744275225],[27.339177289349504,50.341476786732564],[27.372489743431483,50.341476786732564],[27.40104327550118,50.31887190717682],[27.441494112600562,50.30102594963229],[27.43673519058899,50.285559453095644],[27.39628435348961,50.29031837510597],[27.389145970472118,50.271282687059326],[27.389145970472118,50.25343672951658],[27.374869204437314,50.204657778896966],[27.386766509466288,50.177293977329114],[27.377248665443144,50.15230963676915],[27.390335700975033,50.1297047572134],[27.40104327550118,50.109479338662865],[27.387956239969203,50.08687445910712],[27.391525431477948,50.07140796257047],[27.40580219751284,50.059510657541054],[27.440304382097736,50.07021823206649],[27.481944949699233,50.01787008993867],[27.41888923304553,49.9916960188748],[27.39390489248378,49.977419252840264],[27.37605893494023,49.952434912278505],[27.308244296274065,49.92150191920245],[27.32014160130304,49.900086770150686],[27.364161629911255,49.900086770150686],[27.3736794739344,49.86796404657162],[27.390782719294283,49.84088390808506],[27.39908994872519,49.84043486865629],[27.43716132481883,49.83329648563898],[27.458576473871126,49.82377864161566]]]]}},{"type":"Feature","properties":{"kind":"district","id":"uyezd-1897-201","name":"Острожский","provinceId":"gubernia-1897-22"},"geometry":{"type":"MultiPolygon","coordinates":[[[[27.018214438118704,50.57810096453342],[26.974194409511288,50.585239347551536],[26.94326141643514,50.57810096453342],[26.92779491989742,50.58404961704764],[26.90994896235387,50.60070584409006],[26.888533813300864,50.61141341861549],[26.862359742236997,50.61379287962061],[26.859980281231167,50.634018298171235],[26.832616479664473,50.63996695068457],[26.801683486588235,50.632828567667254],[26.799304025582405,50.61379287962061],[26.7778888765302,50.60784422710728],[26.736248308927813,50.616172340626704],[26.73981750043656,50.62450045414791],[26.768371032506966,50.634018298171235],[26.76480184099822,50.64115668118846],[26.74933534445979,50.64829506420577],[26.743386691945304,50.65781290822909],[26.707694776858204,50.64710533370366],[26.67557205327905,50.642346411690575],[26.6505877127181,50.64829506420577],[26.620844450145576,50.66138209973722],[26.616085528134004,50.654243716720885],[26.59467037908091,50.64710533370366],[26.57920388254319,50.650674525211784],[26.570875769022873,50.642346411690575],[26.544701697959095,50.632828567667254],[26.53042493192349,50.64948479470789],[26.497112477842222,50.64115668118846],[26.44714379671952,50.61022368811338],[26.438815683199202,50.58404961704764],[26.39598538509399,50.563824198498885],[26.36743185302438,50.55668581548157],[26.330550207433568,50.545978240954355],[26.273443143294262,50.544788510451355],[26.22823338418322,50.534080935925914],[26.198490121610696,50.534080935925914],[26.191351738593294,50.544788510451355],[26.167557128534458,50.55073716296646],[26.17231605054612,50.565013929001],[26.1211576389213,50.56144473749279],[26.14971117099091,50.54121931894314],[26.186592816580923,50.51623497838139],[26.17136125945815,50.49084904984316],[26.173638154661,50.490659308576184],[26.187914920695803,50.48114146455286],[26.223606835783613,50.47995173405074],[26.24502198483591,50.46686469851832],[26.246211715338735,50.44425981896258],[26.192673842707375,50.43355224443714],[26.198622495221862,50.419275478402604],[26.179586807175486,50.41213709538529],[26.184345729187058,50.39786032934987],[26.240263062824248,50.40975763437928],[26.22717602729227,50.38239383281143],[26.317595545513644,50.39072194633264],[26.306887970987496,50.341942995713026],[26.294990665958522,50.31933811615728],[26.317595545513644,50.293164045093334],[26.271196055899686,50.29792296710455],[26.240263062824248,50.30506135012186],[26.225986296789355,50.28245647056612],[26.222417105280698,50.263420782519475],[26.217687559330354,50.23185620411556],[26.187944296757742,50.22828701260734],[26.199841601786805,50.18664644500495],[26.26408704894431,50.1664210264562],[26.253379474418164,50.14619560790655],[26.204600523798376,50.143816146900456],[26.18318537474617,50.10931396231538],[26.278363814979116,50.0724323167251],[26.249810282909507,50.043878784655135],[26.234343786371788,50.03911986264392],[26.196272410278148,50.040309593146034],[26.185564835752,50.03079174912271],[26.22363621184484,50.01770471359127],[26.302158425037952,49.99985875604675],[26.31524546056984,49.971305223977666],[26.302158425037952,49.95821818844436],[26.262897318441397,49.94870034442192],[26.26170758793848,49.91419815983686],[26.278363814979116,49.904680315813536],[26.31286599956401,49.90349058531142],[26.314055730066926,49.92728519536928],[26.355696297668512,49.904680315813536],[26.35331683666268,49.889213819275994],[26.390198482253496,49.8892138192759],[26.433028780357997,49.89397274128801],[26.463961773434146,49.87017813123015],[26.485376922486353,49.86898840072625],[26.51393045455685,49.86898840072625],[26.53653533411197,49.844004060164416],[26.561519674672923,49.83686567714719],[26.57180111496914,49.84932493535964],[26.60035464703955,49.84456601334843],[26.593216264022235,49.86836062340628],[26.5765600369816,49.887396311452925],[26.545627043905274,49.90167307748746],[26.540868121893702,49.915949843522],[26.561093540443082,49.92189849603622],[26.552765426922765,49.944503375591964],[26.593216264022235,49.93498553156864],[26.60035464703955,49.9623493331364],[26.575370306478685,49.97067744665583],[26.55157569641985,49.98257475168614],[26.53610919988213,50.00280017023489],[26.51350432032701,50.01945639727544],[26.519452972841496,50.02778451079665],[26.52302216435024,50.042061276831184],[26.483761057753686,50.0456304683394],[26.476622674736195,50.07418400041025],[26.503986476302977,50.07418400041025],[26.539678391390876,50.05871750387182],[26.562283270945997,50.06228669538181],[26.57418057597497,50.07537373091236],[26.53610919988213,50.097978610468104],[26.60749303005704,50.0908402274508],[26.649133597659425,50.09321968845689],[26.6610309026884,50.106306723988425],[26.702671470289985,50.103927262982324],[26.72408661934299,50.11106564600142],[26.706240661798642,50.14080890857261],[26.691963895763838,50.177690554163775],[26.695533087272494,50.233607887800616],[26.751450420909684,50.259781958864565],[26.84424940013689,50.29904306546086],[26.853767244160032,50.32640686702871],[26.8870796982421,50.35139120758868],[26.8799413152247,50.38470366167164],[26.885889967739185,50.41087773273559],[26.91801269131754,50.4049290802204],[26.944186762382206,50.421585307261026],[26.988206790989533,50.43110315128435],[27.002483557025137,50.44419018681677],[27.028657628089004,50.459656683355206],[27.039365202615063,50.47393344938885],[27.059590621164443,50.48583075441907],[27.051262507644125,50.50486644246571],[27.066729004182644,50.50962536447693],[27.08576469222902,50.520332939004234],[27.097661997258083,50.533419974535676],[27.084574961726194,50.54293781855811],[27.046503585632465,50.55721458459354],[27.042934394123808,50.56673242861686],[27.018214438118704,50.57810096453342]]]]}},{"type":"Feature","properties":{"kind":"district","id":"uyezd-1897-202","name":"Житомирский","provinceId":"gubernia-1897-22"},"geometry":{"type":"MultiPolygon","coordinates":[[[[27.522821921028545,49.68695963378015],[27.56879527641266,49.68910789429995],[27.62233314904322,49.69505654681417],[27.656835333628205,49.70933331284871],[27.683009404692072,49.735507383914445],[27.732978085814686,49.722420348381135],[27.774618653417072,49.728369000895356],[27.755582965369896,49.752163610954995],[27.759152156878553,49.77119929900074],[27.78532622794322,49.77119929900074],[27.811500299006997,49.77595822101285],[27.832915448059204,49.79499390905949],[27.848381944597723,49.80927067509403],[27.85671005811804,49.82949609364368],[27.880504668176076,49.82354744112857],[27.878125207170246,49.8009425615746],[27.886453320690652,49.78190687352796],[27.967354994888794,49.78309660403008],[28.013754484502662,49.77357876000676],[28.070861548642768,49.77357876000676],[28.126778882279957,49.78190687352796],[28.18983459893455,49.7926144480534],[28.23028543603313,49.78785552604129],[28.268356812126772,49.796183639561605],[28.27906438665292,49.80213229207672],[28.318325493248675,49.80213229207672],[28.34449956431334,49.78428633453406],[28.37067363537712,49.76881983799554],[28.401606628453447,49.8033220225807],[28.418262855493992,49.84496259018122],[28.39327851493233,49.85923935621762],[28.37543255738878,49.872326391748175],[28.384950401412013,49.88779288828661],[28.420642316499823,49.890172349292705],[28.448006118066605,49.896121001806925],[28.46942126711961,49.91277722884756],[28.46704180611298,49.92467453387778],[28.455144501084007,49.942520491420524],[28.492026146674732,49.960366448965054],[28.528907792264658,49.95441779644986],[28.552702402323494,49.955607526952946],[28.586014856404763,49.968694562484394],[28.610999196966514,49.961556179467166],[28.621706771492573,49.94014103041443],[28.65263976456801,49.921105342368676],[28.697849523679142,49.91396695935056],[28.722833864240005,49.896121001806925],[28.78232038938594,49.911587498345355],[28.82871987899981,49.92229507287177],[28.89415505666023,49.911587498345355],[28.950072390296622,49.898500462813914],[28.961969695326484,49.9294334558881],[29.0119383764483,49.9365718389072],[29.03692271701005,49.93181291689509],[29.045250830530367,49.916346420356575],[29.101168164167557,49.90325938482424],[29.12615250472842,49.91277722884756],[29.12853196573425,49.92705399488388],[29.12377304372268,49.947279413431744],[29.098788703160928,49.947279413431744],[29.061907057571002,49.95084860494173],[29.02740487298602,49.95798698795896],[29.030974064495563,49.97464321499959],[29.06785571008549,49.97464321499959],[29.124962774225505,49.978212406507716],[29.111875738693616,50.00081728606346],[29.12377304372268,50.01628378260189],[29.08570166762904,50.02104270461408],[29.063096788073917,50.04007839265975],[29.063096788073917,50.057924350204274],[29.035732986507135,50.06506273322159],[28.99647187991058,50.05554488919738],[28.959590234320654,50.0662524637237],[28.939364815770475,50.08052922975913],[28.914380475209523,50.104323839816985],[28.890585865151575,50.112651953338194],[28.881068021127543,50.12930818037874],[28.932226432753072,50.118600605851526],[28.94293400727922,50.098375187302764],[28.986954035887347,50.07577030774702],[29.033353525501393,50.08171896026124],[29.01431783745413,50.138826024402064],[29.053578944050685,50.132877371887844],[29.080942745617378,50.13763629389817],[29.096409242155097,50.15905144295171],[29.10592708617913,50.19712281904499],[29.082132476120293,50.22686608161805],[29.02740487298602,50.23281473413138],[29.013128106951214,50.25304015268192],[29.025025411980188,50.268506649220434],[28.975056730858373,50.28278341525488],[28.92270858872993,50.26969637972255],[28.895344787163147,50.28040395424799],[28.929846971747242,50.30300883380373],[28.950072390296622,50.341080209897015],[28.926277780238586,50.34345967090391],[28.895344787163147,50.367254280961774],[28.8786885601218,50.39104889101963],[28.897724248168977,50.39699754353385],[28.89415505666023,50.412464040072365],[28.897724248168977,50.421981884095686],[28.86441179408691,50.430309997616895],[28.852514489057935,50.430309997616895],[28.84656583654336,50.43744838063412],[28.859652872075248,50.45291487717077],[28.85608368056659,50.46600191270409],[28.90486263118638,50.46600191270409],[28.919139397221183,50.50407328879648],[28.852514489057935,50.50645274980249],[28.814443112964206,50.51002194131159],[28.791838233409084,50.524298707347015],[28.77756146737428,50.55166250891398],[28.802545807935232,50.58616469349727],[28.821581495982496,50.62542580009445],[28.877498829618887,50.61947714758023],[28.88225775163046,50.646840949146295],[28.842996645034702,50.646840949146295],[28.819202034976666,50.64565121864418],[28.804925268941062,50.62542580009445],[28.793027963912,50.62542580009445],[28.787079311397513,50.63494364411688],[28.809684190952634,50.65992798467872],[28.845376106040444,50.67182528970805],[28.842996645034702,50.6932404387599],[28.850135028052105,50.719414509823764],[28.829909609502725,50.73012208435098],[28.81087392145555,50.74796804189373],[28.783510119888767,50.7432091198834],[28.79064850290617,50.72774262334497],[28.743059282789385,50.719414509823764],[28.72164413373709,50.772952382455486],[28.700228984684884,50.78365995698279],[28.689521410158736,50.815782680559984],[28.729972247257408,50.827679985590294],[28.746628474298042,50.83838756011573],[28.71926467273126,50.86932055319268],[28.580066203890187,50.874079475203004],[28.50749264321245,50.88002812771811],[28.45990342309558,50.889545971741434],[28.420642316499823,50.87645893620901],[28.346879025319172,50.86575136168358],[28.289771961179067,50.89668435475866],[28.3064281882197,50.91928923431351],[28.295720613693554,50.93713519185715],[28.280254117155835,50.954981149401675],[28.249321124079597,50.97639629845433],[28.220767592009988,50.94784276638437],[28.191024329437465,50.93118653934382],[28.164850258372798,50.93753176869181],[28.161281066864053,50.91730635014208],[28.14462483982342,50.91016796712485],[28.139865917811846,50.901839853604535],[28.15176322284091,50.881614435054885],[28.142245378817677,50.872096591031564],[28.125589151777042,50.872096591031564],[28.13153780429153,50.86257874700824],[28.124399421274127,50.85306090298492],[28.13391726529736,50.83521494544129],[28.117261038255926,50.829266292927066],[28.10536373322695,50.82093817940586],[28.101794541718206,50.810230604879536],[28.080379392666,50.80666141337132],[28.04230801657236,50.801902491359215],[28.063723165625365,50.819748448903745],[28.061343704619535,50.8399738674525],[28.031600442046212,50.8435430589616],[28.003046909976515,50.86376847751214],[27.989959874444626,50.85068144197972],[27.99352906595337,50.834025214939174],[27.987580413438796,50.801902491359215],[28.005426370982345,50.78881545582866],[27.973303647403192,50.77929761180534],[27.973303647403192,50.729328930681746],[27.906678739239943,50.66984240553661],[27.944750115333584,50.637719681957634],[27.969734455894535,50.637719681957634],[27.96378580338005,50.62463264642521],[28.02446205902881,50.58894073133794],[28.125589151777042,50.59013046184192],[28.135106995800275,50.56157692977196],[28.14938376183508,50.54492070272954],[28.162470797366968,50.528264475689],[28.179127024407602,50.519936362169574],[28.179127024407602,50.499710943619924],[28.16960918038437,50.47829579456719],[28.150573492337994,50.46401902853265],[28.150573492337994,50.45093199299934],[28.163660527869883,50.44260387948],[28.166039988875713,50.421188730426366],[28.14462483982342,50.41048115590093],[28.110122655238523,50.40810169489484],[28.09584588920372,50.3938249288603],[28.09346642819789,50.35813301377311],[28.056584782607963,50.33552813421737],[28.007805831988176,50.333148673211355],[27.96378580338005,50.304595141142286],[27.975683108409022,50.28199026158565],[27.994718796456286,50.28199026158565],[28.029220981040382,50.28199026158565],[28.037549094560788,50.271282687059326],[28.02446205902881,50.25462646001869],[28.00185717947369,50.23915996348026],[28.00185717947369,50.208226970406066],[28.010185292994006,50.186811821352435],[27.9959085269592,50.16777613330579],[27.9959085269592,50.151119906265166],[27.997098257462028,50.12375610469918],[28.000667448970773,50.07497715407957],[27.98877014394171,50.052372274523826],[27.94356038483067,50.03571604748319],[27.93047334929878,50.00954197641933],[27.913817122258145,49.9881268273657],[27.907868469743658,49.977419252840264],[27.884073859684822,49.952434912278505],[27.82577706504189,49.942917068255184],[27.7698597314055,49.91912245819733],[27.75677269587281,49.900086770150686],[27.735357546820516,49.871533238079834],[27.71394239776831,49.86082566355431],[27.712752667265395,49.85249755003319],[27.677060752177496,49.85368728053709],[27.666353177651438,49.84060024500377],[27.634230454073084,49.83584132299256],[27.611625574517163,49.82751320947322],[27.57950285093881,49.80371859941349],[27.54619039685683,49.800149407905366],[27.496221715734837,49.81442617393991],[27.458576473871126,49.82377864161566],[27.440730516327577,49.8023634925639],[27.431212672304344,49.77737915200214],[27.453817551859466,49.765481846972726],[27.502596502479253,49.76786130797882],[27.52639111253729,49.753584541944285],[27.515683538011142,49.72978993188456],[27.522821921028545,49.68695963378015]]]]}},{"type":"Feature","properties":{"kind":"district","id":"uyezd-1897-724","name":"Овручский","provinceId":"gubernia-1897-22"},"geometry":{"type":"MultiPolygon","coordinates":[[[[29.173477521622615,51.68534892592466],[29.13778560653516,51.66750296838111],[29.113990996477124,51.660364585363794],[29.1032834219508,51.63181105329383],[29.108042343962016,51.61753428725929],[29.07829908138958,51.61515482625239],[29.041417435798945,51.588980755189326],[29.030709861272708,51.591360216195426],[29.0247612087584,51.5747039891539],[28.993828215682072,51.5747039891539],[28.993828215682072,51.58779102468544],[28.91887519399833,51.584221833176336],[28.870096243378985,51.56161695362246],[28.837973519800276,51.55685803160938],[28.823696753765294,51.5330634215525],[28.80823025722784,51.52473530803129],[28.792763760689677,51.47833581841857],[28.811799448736586,51.45097201684984],[28.79633295219851,51.425987676289864],[28.778486994654696,51.41409037125956],[28.765399959122895,51.46167959137714],[28.739225888058495,51.44740282534261],[28.71543127800046,51.44740282534261],[28.70948262548535,51.46405905238226],[28.71067235598853,51.48190500992679],[28.682118823918568,51.504509889482534],[28.708292894982968,51.54971964859215],[28.71662100850284,51.58660129418243],[28.661893405369188,51.585411563679344],[28.620252837766625,51.60325752122387],[28.614304185252315,51.61753428725929],[28.5833711921767,51.61991374826539],[28.57742253966239,51.60087806021786],[28.50484897898421,51.592549946698426],[28.48581329093739,51.597308868709646],[28.4334651488093,51.56756560613668],[28.382306737183594,51.55328884010125],[28.354942935616812,51.53782234356371],[28.350184013604885,51.56875533663968],[28.291887218962486,51.61991374826539],[28.25619530387503,51.61991374826539],[28.244297998845614,51.634190514299036],[28.258574764880596,51.673451620896216],[28.23478015482256,51.67583108190232],[28.21455473627318,51.657985124357786],[28.180052551688107,51.65084674134047],[28.16220659414438,51.62824186178473],[28.119376296039345,51.61158563474507],[28.101530338495618,51.57708345015911],[27.91831184104704,51.56756560613668],[27.902845344508876,51.60920617373809],[27.869532890427784,51.60801644323509],[27.856445854895185,51.61515482625239],[27.842169088860114,51.62110347876839],[27.814805287293332,51.60801644323509],[27.804097712767096,51.590170485692425],[27.78744148572655,51.57589371965602],[27.80766690427584,51.55923749261547],[27.795769599246423,51.54496072658094],[27.762457145165243,51.53901207406672],[27.750559840135825,51.514027733504875],[27.744611187621516,51.47595635741257],[27.724385769072224,51.47119743539949],[27.699401428511006,51.49380231495523],[27.660140321914717,51.516407194510975],[27.64348409487346,51.53901207406672],[27.644673825376554,51.55923749261547],[27.624448406827263,51.56994506714268],[27.57685918671039,51.57708345015911],[27.459075866921612,51.56875533663968],[27.461455327927265,51.55566830110637],[27.45669640591605,51.53782234356371],[27.48406020748292,51.50926881149375],[27.492388321003503,51.48428447093279],[27.507854817540956,51.45930013037105],[27.422194221331775,51.425987676289864],[27.36627688769423,51.436695250815305],[27.348430930150503,51.412900640756554],[27.318687667578068,51.40338279673412],[27.27979187895685,51.40878498959821],[27.25616053870218,51.39901501154506],[27.249022155684866,51.391876628526944],[27.254970808199264,51.3728409404803],[27.233555659146347,51.36927174897209],[27.213330240596967,51.3728409404803],[27.195484283053418,51.37046147947607],[27.18953563053893,51.36213336595486],[27.158602637462693,51.35261552193154],[27.13361829690174,51.34904633042244],[27.124100452878597,51.33120037287969],[27.139566949416317,51.32168252885637],[27.141946410422058,51.29074953577951],[27.137187488410486,51.26933438672677],[27.114582608855276,51.25743708169922],[27.020593899124535,51.255057620692234],[27.012265785604217,51.23721166314957],[27.046767970189112,51.22293489711317],[27.058665275218175,51.19914028705629],[27.07056258024715,51.184863521019885],[27.07770096326455,51.164638102470235],[27.065803658235577,51.14084349241327],[26.975384140014203,51.127756456880846],[27.013455516107133,51.10753103833031],[27.046767970189112,51.096823463803986],[27.08008042427038,51.08968508078667],[27.099116112316846,51.06232127922069],[27.124100452878597,51.05637262670647],[27.141946410422058,51.03852666916194],[27.141946410422058,51.020680711618304],[27.20738158808248,50.99212717954834],[27.219278893111454,50.977850413513806],[27.231176198140517,50.94810715093995],[27.306129219824083,50.97428122200381],[27.346580056923553,50.960004455969276],[27.371564397484505,50.95524553395806],[27.387956239969203,50.95537772623625],[27.433165999080334,50.98631071931142],[27.471237375173175,51.01010532937017],[27.49027306322044,51.01010532937017],[27.49503198523201,51.0255718259086],[27.480755219196407,51.03508966993192],[27.47480656668192,51.05650481898377],[27.5081190207639,51.07078158501831],[27.535482822330682,51.08862754256275],[27.537862283336423,51.06959185451522],[27.578313120435894,51.06721239350921],[27.578313120435894,51.055315088481656],[27.605676922002676,51.044607513954354],[27.614005035522993,51.02319236490259],[27.616384496528823,51.00177721584896],[27.67111209966301,50.99582856333474],[27.725839702797284,50.998208024340755],[27.775808383919987,51.00177721584896],[27.741306199335003,51.0255718259086],[27.763911078890125,51.029141017415924],[27.76034188738147,51.045797244458335],[27.819828412527315,51.05888427998978],[27.84600248359198,51.050556166468574],[27.873366285158674,51.045797244458335],[27.90191981722837,51.05293562747467],[27.938801462819097,51.07316104602432],[27.980442030421482,51.06602266300709],[28.038738825063614,51.060074010491896],[28.043497747075186,51.033899939428025],[28.068482087636937,51.02676155641072],[28.09108696719206,51.02676155641072],[28.123209690771212,51.02676155641072],[28.080379392666,50.960136648248444],[28.126778882279957,50.963705839755676],[28.15414268384665,50.952998265229354],[28.164850258372798,50.93753176869181],[28.191024329437465,50.93118653934382],[28.220767592009988,50.94784276638437],[28.249321124079597,50.97639629845433],[28.280254117155835,50.954981149401675],[28.295720613693554,50.93713519185715],[28.3064281882197,50.91928923431351],[28.289771961179067,50.89668435475866],[28.346879025319172,50.86575136168358],[28.420642316499823,50.87645893620901],[28.45990342309558,50.889545971741434],[28.50749264321245,50.88002812771811],[28.580066203890187,50.874079475203004],[28.71926467273126,50.86932055319268],[28.68251521941926,50.902368622716494],[28.688463871933745,50.91307619724371],[28.714637942997612,50.91664538875281],[28.717017404003442,50.94281945981677],[28.73486336154779,50.938060537805555],[28.75032985808551,50.94162972931279],[28.72534551752376,50.95828595635431],[28.731294170038247,50.96899353088064],[28.759847702108654,50.96780380037674],[28.753899049594168,50.982080566412165],[28.78364231216669,50.97851137490396],[28.808626652728442,50.98089083591005],[28.82171368826042,50.955906495348216],[28.8550261423416,50.94400919031888],[28.87763102189752,50.92735296327825],[28.889528326926584,50.90355835322039],[28.89547697944107,50.88095347366473],[28.91332293698453,50.87143562964141],[28.94663539106669,50.86905616863532],[28.975188923136297,50.86548697712622],[29.023967873755996,50.875004821150426],[29.010880838223308,50.88690212617985],[28.97994784514787,50.90950700573559],[28.94901485207243,50.920214580261025],[28.937117547042657,50.93925026830767],[28.973999192633382,50.93330161579256],[28.993034880679847,50.946388651324895],[29.021588412750255,50.945198920822776],[29.037054909287974,50.95947568685732],[29.02753706526474,50.97018326138275],[29.034675448282144,50.97970110540607],[29.050141944819863,50.98089083591005],[29.070367363369243,50.96899353088064],[29.104869547954138,50.96661406987462],[29.119146313988942,50.9499578428331],[29.182202030643534,50.92616323277613],[29.17863283913479,50.89641997020317],[29.240498825286554,50.89285077869317],[29.258344782830104,50.87857401265864],[29.240498825286554,50.834553984050245],[29.25477559132136,50.82622587053082],[29.263103704841676,50.80837991298629],[29.321400499484607,50.829795062039025],[29.35828214507462,50.83931290606235],[29.397543251671177,50.82741560103293],[29.415389209214638,50.850020480588675],[29.464168159834426,50.834553984050245],[29.48082438687506,50.851210211092656],[29.502239535927266,50.87619455165263],[29.495101152909864,50.89166104819017],[29.46059896832568,50.89879943120829],[29.459409237822765,50.935681076799455],[29.40944055670015,50.96066541735943],[29.410630287203066,50.98802921892728],[29.436804358267732,50.996357332446706],[29.45227085480545,51.03323897803787],[29.493911422407038,51.04513628306631],[29.509377918945468,51.067741162622056],[29.461788698828595,51.087966581172594],[29.42490705323787,51.09986388620112],[29.42490705323787,51.12484822676198],[29.357092414571706,51.151022297825854],[29.35828214507462,51.12246876575589],[29.332108074010755,51.12246876575589],[29.301175080935316,51.170057985873385],[29.29046750640837,51.23311370252851],[29.27738047087648,51.2640466956036],[29.30236481143823,51.26999534811879],[29.336866996022327,51.26880561761481],[29.35590268406879,51.29378995817567],[29.418958400723383,51.34256890879537],[29.383398859248267,51.40298621990044],[29.33699936963431,51.38157107084681],[29.322722603599505,51.443437056998846],[29.277512844488463,51.48864681610935],[29.302497185049415,51.511251695665095],[29.289410149517526,51.53623603622694],[29.28584095800878,51.5540819937696],[29.220405780348447,51.5624101072908],[29.215646858336786,51.592153369862885],[29.193041978781665,51.6076198664014],[29.2096982058223,51.62903501545316],[29.21921604984553,51.64926043400369],[29.203749553307812,51.64926043400369],[29.182334404255517,51.664726930540354],[29.173477521622615,51.68534892592466]]]]}},{"type":"Feature","properties":{"kind":"district","id":"uyezd-1897-725","name":"Ковельский","provinceId":"gubernia-1897-22"},"geometry":{"type":"MultiPolygon","coordinates":[[[[24.294952970481976,51.81695089442931],[24.294159816813632,51.76407398318864],[24.297729008322378,51.735520451118674],[24.275124128766457,51.72719233759925],[24.24657059669676,51.71886422407805],[24.15734080897839,51.689120961505076],[24.108561858358602,51.664136620943324],[24.080008326288993,51.62844470585605],[24.089009993090194,51.59442076663251],[24.109235411639574,51.58609265311317],[24.123512177674378,51.57300561758075],[24.14373759622447,51.56229804305531],[24.234157114445754,51.57776453959197],[24.267469568527822,51.57062615657465],[24.31862798015264,51.58014400059797],[24.378114505298488,51.6015591496516],[24.451877796479227,51.61464618518313],[24.46139564050246,51.634871603732776],[24.480431328549635,51.636061334234896],[24.489949172572867,51.618215376692234],[24.51017459112216,51.57181588707863],[24.51731297413956,51.53731370249356],[24.503036208104756,51.52660612796626],[24.397150193344952,51.51708828394294],[24.379304235801403,51.49448340438906],[24.3650274697666,51.43737634024815],[24.359078817252023,51.41358173019039],[24.340043129205647,51.41358173019039],[24.310299866632324,51.41358173019039],[24.28888471758003,51.39573577264586],[24.28293606506554,51.36837197107978],[24.26509010752128,51.34338763051804],[24.2377263059545,51.325541672975284],[24.236536575451584,51.30293679341954],[24.29126417858586,51.28033191386389],[24.26509010752128,51.242260537770605],[24.26509010752128,51.224414580226075],[24.299592292106176,51.20180970067211],[24.312679327638065,51.21489673620275],[24.370976122281085,51.21489673620275],[24.393581001836207,51.19705077865912],[24.38763234932172,51.18158428212158],[24.345991781720134,51.18039455161946],[24.341232859708473,51.166117785583054],[24.353130164737536,51.13280533150187],[24.34718151222305,51.11020045194622],[24.362648008760768,51.088785302895346],[24.381683696807233,51.085216111386245],[24.419755072900873,51.087595572391365],[24.432842108432762,51.02216039473112],[24.485190250561207,50.97933009662573],[24.462585371005286,50.944827912041546],[24.498277286093096,50.926981954497904],[24.511364321625074,50.91746411047458],[24.55062542822163,50.90913599695338],[24.581558421297068,50.936499798521226],[24.56847138576509,50.95077656455577],[24.564902194256433,50.96505333059031],[24.616060605881252,50.97933009662573],[24.651752520969062,50.98051982712873],[24.694582819074274,51.012642550707795],[24.727895273155543,51.015022011713896],[24.767156379752098,51.04357554378386],[24.76953584075793,51.0661804233396],[24.779053684781072,51.06855988434561],[24.804038025342024,51.05904204032229],[24.849247784453066,51.05071392680108],[24.82307371338849,51.017401472719904],[24.806417486347854,51.004314437187574],[24.911113770604832,51.004314437187574],[24.927769997645377,51.009073359198695],[24.947995416194757,51.018591203222016],[25.037225203913216,51.025729586239336],[25.05388143095456,51.02810904724534],[25.06934792749228,51.02453985573722],[25.119316608614984,51.03524743026266],[25.204977204824697,51.0542831183093],[25.25494588594731,51.085216111386245],[25.29063780103441,51.10544152993589],[25.351314056683172,51.11495937395921],[25.37986758875278,51.13399506200585],[25.426267078366738,51.13518479250797],[25.446492496916118,51.164928055080935],[25.46076926295172,51.17682536011036],[25.492891986530076,51.18039455161946],[25.505979022061965,51.1887226651388],[25.482184412003928,51.19824050916212],[25.461958993454637,51.21370700569966],[25.4381643833958,51.22679404123208],[25.423887617360908,51.248209190285706],[25.369160014226722,51.27438326134958],[25.340606482157025,51.31245463744286],[25.296586453548898,51.29222921889233],[25.289448070531495,51.26724487833235],[25.297776184051813,51.241070807268486],[25.294206992543067,51.21965565821486],[25.248997233432824,51.21013781419154],[25.238289658905966,51.21846592771274],[25.222823162368247,51.22560431072996],[25.220443701362417,51.20894808368942],[25.185941516778232,51.1887226651388],[25.17166475074263,51.21013781419154],[25.183562055772402,51.27319353084569],[25.228771814882734,51.26248595631936],[25.244238311420453,51.29817787140743],[25.297776184051813,51.30412652392165],[25.279930226508263,51.33743897800284],[25.278740496005348,51.36242331856468],[25.266843190976374,51.39573577264586],[25.279930226508263,51.41358173019039],[25.28825834002858,51.44689418427147],[25.315622141595362,51.45165310628269],[25.32632971612222,51.46474014181511],[25.47623575948944,51.51708828394294],[25.48410120003658,51.55125087581379],[25.444840093440025,51.54054330128835],[25.375835724270946,51.55125087581379],[25.288985397558317,51.59289144341618],[25.225929680903814,51.651188238059106],[25.218791297886323,51.68688015314639],[25.19380695732546,51.70829530219815],[25.19618641833129,51.72019260722757],[25.212842645371836,51.74517694778932],[25.217601567383408,51.771351018853274],[25.233068063921127,51.7761099408644],[25.24258590794445,51.78800724589382],[25.24453698030945,51.874144305369526],[25.236029798288307,51.87286822806615],[25.21937357124696,51.883575802593455],[25.20509680521207,51.874057958570134],[25.184871386662778,51.876437419576135],[25.182491925656947,51.91212933466342],[25.195578961188836,51.95495963276792],[25.218183840744047,51.962098015785145],[25.2146146492353,51.96923639880245],[25.19438923068592,51.97518505131757],[25.193199500183095,51.9966002003703],[25.13847189704882,51.9966002003703],[25.114677286990784,51.99065154785599],[25.088503215926117,51.99541046986632],[25.02901669078098,52.01206669690873],[25.040913995810044,52.039430498475696],[25.002842619716404,52.05608672551535],[25.000463158710573,52.0727429525559],[24.954063669096705,52.0727429525559],[24.88149010841888,52.088209449094414],[24.8541263068521,52.082260796580194],[24.824383044279575,52.08582998808832],[24.76727598013956,52.04062022897781],[24.73634298706323,52.05013807300113],[24.699461341473306,52.029912654451394],[24.706599724490708,51.997789930872415],[24.686374305941417,51.949010980253696],[24.679235922923926,51.90856014315342],[24.66020023487675,51.9026114906401],[24.611421284257762,51.90737041265131],[24.54598610659743,51.89547310762278],[24.466274162902202,51.890714185610676],[24.406787637756356,51.885955263599456],[24.366336800656885,51.881196341587355],[24.32945515506687,51.86097092303771],[24.30922973651678,51.84074550448895],[24.294952970481976,51.81695089442931]]]]}},{"type":"Feature","properties":{"kind":"district","id":"uyezd-1897-726","name":"Луцкий","provinceId":"gubernia-1897-22"},"geometry":{"type":"MultiPolygon","coordinates":[[[[25.48410120003658,51.55125087581379],[25.47623575948944,51.51708828394294],[25.32632971612222,51.46474014181511],[25.315622141595362,51.45165310628269],[25.28825834002858,51.44689418427147],[25.279930226508263,51.41358173019039],[25.266843190976374,51.39573577264586],[25.278740496005348,51.36242331856468],[25.279930226508263,51.33743897800284],[25.297776184051813,51.30412652392165],[25.244238311420453,51.29817787140743],[25.228771814882734,51.26248595631936],[25.183562055772402,51.27319353084569],[25.17166475074263,51.21013781419154],[25.185941516778232,51.1887226651388],[25.220443701362417,51.20894808368942],[25.222823162368247,51.22560431072996],[25.238289658905966,51.21846592771274],[25.248997233432824,51.21013781419154],[25.294206992543067,51.21965565821486],[25.297776184051813,51.241070807268486],[25.289448070531495,51.26724487833235],[25.296586453548898,51.29222921889233],[25.340606482157025,51.31245463744286],[25.369160014226722,51.27438326134958],[25.423887617360908,51.248209190285706],[25.4381643833958,51.22679404123208],[25.461958993454637,51.21370700569966],[25.482184412003928,51.19824050916212],[25.505979022061965,51.1887226651388],[25.492891986530076,51.18039455161946],[25.46076926295172,51.17682536011036],[25.446492496916118,51.164928055080935],[25.426267078366738,51.13518479250797],[25.37986758875278,51.13399506200585],[25.351314056683172,51.11495937395921],[25.29063780103441,51.10544152993589],[25.25494588594731,51.085216111386245],[25.204977204824697,51.0542831183093],[25.119316608614984,51.03524743026266],[25.06934792749228,51.02453985573722],[25.05388143095456,51.02810904724534],[25.037225203913216,51.025729586239336],[24.947995416194757,51.018591203222016],[24.927769997645377,51.009073359198695],[24.911113770604832,51.004314437187574],[24.806417486347854,51.004314437187574],[24.774779467789337,51.01149688429815],[24.78905623382414,50.97342550820486],[24.8425941064555,50.976994699713075],[24.879475752045515,50.96390766418065],[24.88899359606866,50.916318444064046],[24.91159847562387,50.90442113903552],[24.92944443316813,50.88062652897677],[24.861629794501965,50.83303730886105],[24.82712760991707,50.82708865634594],[24.82236868790541,50.818760542824734],[24.869957908022283,50.80686323779541],[24.89137305707449,50.81638108181873],[24.94491092970585,50.81162215980751],[24.95442877372908,50.78901728025266],[24.908029284115123,50.7616534786857],[24.86281952500479,50.75332536516449],[24.836645453940214,50.74380752114117],[24.81998922689958,50.71049506706008],[24.83307626243147,50.693838840019446],[24.86281952500479,50.684320995996124],[24.89851144009189,50.677182612978896],[24.904460092606378,50.666475038451594],[24.89613197908615,50.662905846943474],[24.87352709953094,50.666475038451594],[24.854491411484563,50.66528530794948],[24.841404375951875,50.658146924932254],[24.854491411484563,50.64624961990195],[24.95680823473491,50.623644740347096],[24.974654192278372,50.56534794570416],[24.991310419319806,50.55820956268694],[24.981792575295863,50.541553335646306],[25.062694249494715,50.47849761899127],[25.07644224641704,50.476514734820725],[25.100236856475078,50.48127365683194],[25.126410927539744,50.47889419582593],[25.171620686649987,50.468186621299516],[25.18351799167905,50.48127365683194],[25.191846105200078,50.50863745839801],[25.170430956147072,50.52529368544033],[25.134739041059973,50.53719099046798],[25.12522119703683,50.5562266785155],[25.182328261176135,50.550278026000306],[25.21920990676686,50.53838072097098],[25.25966074386624,50.53719099046798],[25.282265623421452,50.531242337953664],[25.30843969448532,50.55146775650429],[25.32390619102304,50.56455479203671],[25.312008885993976,50.57407263606003],[25.302491041970743,50.60976455114722],[25.298921850462087,50.64426673573051],[25.33104457404115,50.62404131718176],[25.356028914602103,50.62285158667787],[25.38934136868337,50.60976455114722],[25.403618134718975,50.60857482064333],[25.379823524660228,50.63236943070119],[25.35126999259053,50.64783592723961],[25.359598106110848,50.65497431025684],[25.376254333151483,50.65497431025684],[25.395290021197948,50.66330242377805],[25.388151638180457,50.676389459309576],[25.38934136868337,50.687097033835904],[25.401238673713145,50.684717572830785],[25.447638163326392,50.66330242377805],[25.502365766460667,50.676389459309576],[25.53448849003902,50.687097033835904],[25.564231752612343,50.684717572830785],[25.579698249150063,50.69185595584801],[25.604682589711015,50.70018406936744],[25.60111339820227,50.71803002691196],[25.611820972729127,50.71803002691196],[25.62609773876393,50.72635814043317],[25.634425852284338,50.74301436747372],[25.667738306365518,50.757291133508254],[25.66178965385103,50.782275474070005],[25.666548575862603,50.791793318093326],[25.722465909499793,50.791793318093326],[25.76886539911375,50.80844954513396],[25.80931623621242,50.82034685016329],[25.848577342808976,50.831054424689704],[25.877130874878585,50.822726311168495],[25.89140764091419,50.8274852331806],[25.93661740002452,50.82986469418572],[25.97230931511233,50.81796738915728],[26.02346772673715,50.822726311168495],[26.03060610975535,50.85603876524968],[25.99253473366171,50.863177148267795],[25.998483386176197,50.928612325928036],[25.981827159135563,50.93931990045347],[25.988965542152965,50.95359666648979],[26.018708804725488,50.96192478000921],[26.080574790877254,50.97025289353042],[26.08176452138017,50.991668042582184],[26.078195329871424,51.02022157465215],[26.085333712888826,51.054723759237305],[26.000862847182027,51.07970809979729],[25.975878506621076,51.080897830301176],[25.948514705053494,51.091605404827504],[25.955653088070985,51.11064109287415],[25.946135244047753,51.12967678092079],[25.979447698129732,51.13562543343598],[26.002052577684854,51.128487050416894],[26.04369314528724,51.138004894440215],[26.054400719813387,51.153471390978645],[26.054400719813387,51.171317348523175],[26.073436407859763,51.19511195858103],[26.12459481948538,51.212957916123784],[26.147199699040502,51.236752526183416],[26.348264154033252,51.24270117869675],[26.373248494594204,51.2641163277494],[26.39228418264138,51.25816767523518],[26.431545289237224,51.26887524976248],[26.489842083880156,51.27482390227581],[26.485083161868584,51.310515817363],[26.52196480745922,51.33668988842696],[26.588589715622557,51.35453584597148],[26.65402489328218,51.35453584597148],[26.700424382896138,51.34025907993694],[26.739685489492693,51.34144881043906],[26.79441309262617,51.32598231390152],[26.802741206147196,51.31170554786698],[26.81701797218209,51.31170554786698],[26.820587163690746,51.32003366138632],[26.809879589164687,51.33906934943296],[26.752772525024582,51.3557255764736],[26.719460070942514,51.3557255764736],[26.661163276300382,51.37833045602925],[26.594538368137044,51.39022776105867],[26.579071871598526,51.409263449106206],[26.530292920979626,51.42948886765496],[26.520775076956394,51.449714286204696],[26.46842693482786,51.477078087772455],[26.4577193603018,51.46993970475346],[26.422027445213992,51.486595931795776],[26.381576608115232,51.49254458430911],[26.367299842079717,51.51039054185364],[26.357781998056485,51.516339194367944],[26.370869033588374,51.534185151911494],[26.35659226755357,51.5389440739236],[26.339936040512935,51.561548953479345],[26.304244125425125,51.5853435635372],[26.30305439492221,51.612707365103276],[26.32565927447813,51.64007116667112],[26.341901355993514,51.66889665832758],[26.283600097995297,51.652377968561225],[26.243149260895827,51.67379311761485],[26.2062676153059,51.67260338711096],[26.18366273575078,51.66189581258455],[26.113468636078785,51.66546500409365],[26.057551302441595,51.66189581258455],[26.014721004336295,51.61430659246794],[25.965942053716596,51.52983572676114],[25.936198791143983,51.54054330128835],[25.907645259074375,51.54173303179047],[25.912404181086035,51.563148180843214],[25.92430148611501,51.584563329894976],[25.956424209693363,51.59527090442228],[25.912404181086035,51.59289144341618],[25.841020350911126,51.58337359939286],[25.7184781091106,51.56790710285443],[25.697062960058393,51.5976503654274],[25.712529456596112,51.6059784789486],[25.72085757011643,51.62263470598914],[25.712529456596112,51.63810120252678],[25.65185320094735,51.62501416699524],[25.614971555356625,51.630962819508575],[25.614971555356625,51.61668605347404],[25.58879748429276,51.60954767045681],[25.607833172339223,51.59646063492439],[25.60307425032765,51.569096833358316],[25.54001853367297,51.559578989334995],[25.509085540597532,51.57861467738164],[25.48410120003658,51.55125087581379]]]]}},{"type":"Feature","properties":{"kind":"district","id":"uyezd-1897-727","name":"Кременецкий","provinceId":"gubernia-1897-22"},"geometry":{"type":"MultiPolygon","coordinates":[[[[26.277373878355775,49.66004981154225],[26.286691928499433,49.67149313724261],[26.284312467493603,49.69052882528925],[26.291450850511094,49.715513165851],[26.26408704894431,49.72503100987432],[26.26408704894431,49.7642921164707],[26.284312467493603,49.76548184697282],[26.29026112000818,49.77618942150003],[26.334281148616306,49.76786130797882],[26.33071195710756,49.75120508093828],[26.379490907727348,49.740497506410975],[26.383060099236005,49.7547742724464],[26.398526595773724,49.750015350434296],[26.42470066683759,49.728600201382534],[26.434218510860823,49.73454885389764],[26.416372553317274,49.752394811440396],[26.4044752482883,49.79403537904278],[26.380680638230263,49.810691606083324],[26.339040070627878,49.88207543625779],[26.35331683666268,49.889213819275994],[26.355696297668512,49.904680315813536],[26.314055730066926,49.92728519536928],[26.31286599956401,49.90349058531142],[26.278363814979116,49.904680315813536],[26.26170758793848,49.91419815983686],[26.262897318441397,49.94870034442192],[26.302158425037952,49.95821818844436],[26.31524546056984,49.971305223977666],[26.302158425037952,49.99985875604675],[26.22363621184484,50.01770471359127],[26.185564835752,50.03079174912271],[26.196272410278148,50.040309593146034],[26.234343786371788,50.03911986264392],[26.249810282909507,50.043878784655135],[26.278363814979116,50.0724323167251],[26.18318537474617,50.10931396231538],[26.204600523798376,50.143816146900456],[26.253379474418164,50.14619560790655],[26.26408704894431,50.1664210264562],[26.199841601786805,50.18664644500495],[26.187944296757742,50.22828701260734],[26.217687559330354,50.23185620411556],[26.222417105280698,50.263420782519475],[26.198622495221862,50.262231052016475],[26.167689502146423,50.23010832843829],[26.076080253422223,50.25271320799315],[26.02611157229952,50.23724671145649],[25.97733262167982,50.255092668999154],[25.944020167598552,50.263420782519475],[25.872636337423643,50.186088299830786],[25.77150924467541,50.16229368977204],[25.732248138079655,50.181329377818685],[25.69060757047727,50.18370883882469],[25.632310775834338,50.15515530675473],[25.58829074722701,50.17419099480137],[25.564496137168174,50.15396557625172],[25.53237341358982,50.15515530675473],[25.508578803531783,50.17894991681348],[25.462179313917826,50.15991422876684],[25.464558774923567,50.1444477322284],[25.332498689099985,50.14325800172629],[25.2979965045158,50.15753476776082],[25.287288929988854,50.17300126429926],[25.24207917087861,50.18370883882469],[25.216134269756434,50.19542853785336],[25.22327265277357,50.162116083771295],[25.21018561724106,50.13594201270733],[25.267292681380987,50.077645218064404],[25.31607163200104,50.02886626744382],[25.36247112161482,49.999123004871734],[25.418388455251655,49.97532839481299],[25.42790629927462,49.96224135928155],[25.439803604304128,49.91108294765584],[25.483823632911456,49.87063211055557],[25.49334147693531,49.83137100396017],[25.53974096654909,49.781402322837465],[25.55996638509838,49.77664340082634],[25.613504257729563,49.77902286183146],[25.650385903320288,49.76236663479082],[25.686077818406943,49.72429525869754],[25.746754074055705,49.70288010964489],[25.78363571964634,49.73857202473208],[25.80386113819572,49.74333094674516],[25.832414670265685,49.72310552819454],[25.85620928032452,49.72072606718942],[25.866916854850757,49.73381310272086],[25.897849847926285,49.72429525869754],[25.920454727482028,49.70882876215911],[25.97399260011241,49.70169037914188],[26.00849478469757,49.7135876841721],[26.114380799456843,49.7123979536691],[26.169108402591206,49.710018492662115],[26.20361058717548,49.71715687568032],[26.235733310754277,49.690982804616446],[26.261907381817878,49.66480873355249],[26.277373878355775,49.66004981154225]]]]}},{"type":"Feature","properties":{"kind":"district","id":"uyezd-1897-728","name":"Изяславский","provinceId":"gubernia-1897-22"},"geometry":{"type":"MultiPolygon","coordinates":[[[[27.390782719294283,49.84088390808506],[27.3736794739344,49.86796404657162],[27.364161629911255,49.900086770150686],[27.32014160130304,49.900086770150686],[27.308244296274065,49.92150191920245],[27.37605893494023,49.952434912278505],[27.39390489248378,49.977419252840264],[27.41888923304553,49.9916960188748],[27.481944949699233,50.01787008993867],[27.440304382097736,50.07021823206649],[27.40580219751284,50.059510657541054],[27.391525431477948,50.07140796257047],[27.387956239969203,50.08687445910712],[27.40104327550118,50.109479338662865],[27.390335700975033,50.1297047572134],[27.377248665443144,50.15230963676915],[27.386766509466288,50.177293977329114],[27.374869204437314,50.204657778896966],[27.389145970472118,50.25343672951658],[27.389145970472118,50.271282687059326],[27.39628435348961,50.29031837510597],[27.43673519058899,50.285559453095644],[27.441494112600562,50.30102594963229],[27.40104327550118,50.31887190717682],[27.372489743431483,50.341476786732564],[27.339177289349504,50.341476786732564],[27.335608097840847,50.359322744275225],[27.310623757279895,50.37240977980676],[27.288018877724685,50.367650857796434],[27.254706423642705,50.34028705622858],[27.23091181358458,50.356943283270105],[27.204737742520003,50.349804900251904],[27.194030167993944,50.360512474779206],[27.209496664532463,50.36646112729254],[27.19521989849686,50.37954816282585],[27.147630678380697,50.38549681533918],[27.12383606832195,50.40691196439183],[27.110749032789972,50.40691196439183],[27.096472266755168,50.46044983702266],[27.12859499033352,50.459260106520546],[27.120266876813204,50.496141752109935],[27.107179841281226,50.503280135129025],[27.102420919269655,50.51398770965446],[27.08576469222902,50.520332939004234],[27.066729004182644,50.50962536447693],[27.051262507644125,50.50486644246571],[27.059590621164443,50.48583075441907],[27.039365202615063,50.47393344938885],[27.028657628089004,50.459656683355206],[27.002483557025137,50.44419018681677],[26.988206790989533,50.43110315128435],[26.944186762382206,50.421585307261026],[26.91801269131754,50.4049290802204],[26.885889967739185,50.41087773273559],[26.8799413152247,50.38470366167164],[26.8870796982421,50.35139120758868],[26.853767244160032,50.32640686702871],[26.84424940013689,50.29904306546086],[26.751450420909684,50.259781958864565],[26.695533087272494,50.233607887800616],[26.691963895763838,50.177690554163775],[26.706240661798642,50.14080890857261],[26.72408661934299,50.11106564600142],[26.702671470289985,50.103927262982324],[26.6610309026884,50.106306723988425],[26.649133597659425,50.09321968845689],[26.60749303005704,50.0908402274508],[26.53610919988213,50.097978610468104],[26.57418057597497,50.07537373091236],[26.562283270945997,50.06228669538181],[26.539678391390876,50.05871750387182],[26.503986476302977,50.07418400041025],[26.476622674736195,50.07418400041025],[26.483761057753686,50.0456304683394],[26.52302216435024,50.042061276831184],[26.519452972841496,50.02778451079665],[26.51350432032701,50.01945639727544],[26.53610919988213,50.00280017023489],[26.55157569641985,49.98257475168614],[26.575370306478685,49.97067744665583],[26.60035464703955,49.9623493331364],[26.593216264022235,49.93498553156864],[26.552765426922765,49.944503375591964],[26.561093540443082,49.92189849603622],[26.540868121893702,49.915949843522],[26.545627043905274,49.90167307748746],[26.5765600369816,49.887396311452925],[26.593216264022235,49.86836062340628],[26.60035464703955,49.84456601334843],[26.57180111496914,49.84932493535964],[26.561519674672923,49.83686567714719],[26.597211589760732,49.81901971960444],[26.613867816801367,49.80712241457511],[26.644800809876806,49.7987943010539],[26.709046257034313,49.817829989100545],[26.73522032809889,49.81188133658722],[26.805414427770884,49.7999840315578],[26.836347420846323,49.80355322306601],[26.872039335934222,49.79522510954667],[26.912490173032893,49.79165591803668],[26.975545889687396,49.78570726552335],[27.013617265781125,49.78213807401336],[27.092139478973436,49.76786130797882],[27.12426220255179,49.76786130797882],[27.107605975511156,49.80474295356999],[27.082621634950204,49.82139918061054],[27.08619082645886,49.84043486865629],[27.126641663557532,49.827347833123866],[27.20635360725276,49.82258891111265],[27.221820103791277,49.82853756362776],[27.21587145127679,49.8487629821775],[27.255132557872457,49.83686567714719],[27.28249635944004,49.847573251674405],[27.313429352515477,49.84043486865629],[27.355069920117863,49.8428143296623],[27.390782719294283,49.84088390808506]]]]}}]}
