{"type":"FeatureCollection","features":[{"type":"Feature","properties":{"kind":"province","id":"perm","name":"Пермская губерния"},"geometry":{"type":"MultiPolygon","coordinates":[[[[60.3996835507372,55.488193665803045],[60.421731802949175,55.46629794658655],[60.44671614351048,55.4496417195469],[60.48597725010632,55.44250333652967],[60.518099973684855,55.430606031500254],[60.58115569033927,55.436554684014475],[60.61684760542726,55.42941630099725],[60.65967790353167,55.432985492505374],[60.71559523716886,55.44488279753479],[60.76080499628017,55.45796983306624],[60.781030414829374,55.48414390413019],[60.82624017393988,55.506748783685936],[60.87263966355375,55.515076897206164],[60.92022888367027,55.512697436201044],[60.95711052926082,55.52816393273956],[60.98566406133078,55.5329228547498],[61.02730462893263,55.54957908179044],[61.06180681351717,55.536492046259795],[61.13557010469835,55.53768177676191],[61.22123070090798,55.536492046259795],[61.284286417562484,55.54600989028222],[61.37708539679022,55.55195854279644],[61.38109693121735,55.55161272086313],[61.44608976595859,55.54600989028222],[61.49962763859057,55.5329228547498],[61.529370901163006,55.510317975195925],[61.550786050215656,55.509128244691944],[61.58290877379419,55.518646088715265],[61.64596449044869,55.51388716670405],[61.73876346967643,55.509128244691944],[61.804198647336136,55.509128244691944],[61.927930619639845,55.509128244691944],[62.02905771238755,55.507938514188936],[62.08735450702986,55.506748783685936],[62.20394809631554,55.51388716670405],[62.320541685601135,55.536492046259795],[62.43832500539018,55.55909692581376],[62.493052608523925,55.61144506794336],[62.50851910506191,55.56980450034097],[62.58347212674574,55.576942883358285],[62.62154350283894,55.536492046259795],[62.648907304406166,55.497230939662614],[62.69887598552878,55.4936617481544],[62.77263927670907,55.4936617481544],[62.83807445436958,55.501989861674716],[62.872576638954214,55.486523365137174],[62.952288582649174,55.49961040066862],[63.035569717853676,55.52697420223558],[63.108143278531415,55.55909692581376],[63.13788654110394,55.60430668492613],[63.15930169015659,55.63048075599],[63.19975252725579,55.642378061019414],[63.21521902379378,55.653085635544855],[63.20332171876445,55.6768802456036],[63.248531477875666,55.68877755063204],[63.273515818436884,55.720900274211104],[63.32824342157072,55.71019269968478],[63.36750452816656,55.7173310827029],[63.407955365265764,55.73398730974255],[63.45078566337098,55.770868955333725],[63.499564613990145,55.76967922483072],[63.545964103604014,55.76492030281861],[63.59712251522919,55.75183326728708],[63.66136796238705,55.75897165030439],[63.72323394853881,55.74826407577709],[63.756546402619996,55.73636677074954],[63.78509993468996,55.724469465720205],[63.80294589223395,55.74588461477197],[63.85053511235047,55.753022997789195],[63.908831906993576,55.77919706885315],[63.96355951012741,55.79942248740279],[63.99806169471195,55.818458175449436],[64.00757953873527,55.85890901254971],[64.03613307080514,55.8577192820467],[64.03613307080514,55.83987332450307],[64.06825579438367,55.826786288970645],[64.10037851796221,55.82202736695854],[64.1967466886986,55.816078714444316],[64.2443359088152,55.81013006192912],[64.29192512893164,55.797043026397674],[64.30501216446433,55.76967922483072],[64.3359451575395,55.75659218929927],[64.3740165336327,55.75659218929927],[64.41089817922332,55.76492030281861],[64.45372847732854,55.76016138080651],[64.4775230873864,55.77205868583584],[64.4977485059364,55.76967922483072],[64.52868149901238,55.75421272829229],[64.5834091021461,55.730418118233544],[64.65122374081264,55.735177040245645],[64.67977727288252,55.72209000471322],[64.74640218104558,55.730418118233544],[64.80826816719744,55.71019269968478],[64.80751031315853,55.752736127852586],[64.79918219963787,55.79794588696407],[64.8170281571815,55.87408863915064],[64.81107950466745,55.909780554237834],[64.79680273863185,55.94071354731292],[64.84558168925182,55.965697887874754],[64.90625794489986,55.9787849234062],[64.9229141719413,55.99068222843651],[64.95265743451392,55.99901034195594],[64.96812393105164,56.0228049520138],[64.97883150557831,56.059686597604966],[64.96217527853759,56.09537851269215],[64.93243201596427,56.11679366174391],[64.92767309395242,56.14772665481998],[64.91101686691171,56.17390072588482],[64.8693762993095,56.19888506644657],[64.82297680969626,56.221489946002315],[64.74445459650386,56.24171536455019],[64.70400375940466,56.26907916611892],[64.67307076632912,56.285735393158575],[64.63856858174395,56.286925123662556],[64.62786100721809,56.33094515227006],[64.6040663971596,56.363067875849126],[64.57432313458708,56.39162140791909],[64.51959553145306,56.388052216409015],[64.49104199938274,56.40470844345054],[64.50769822642347,56.41660574847995],[64.49223172988576,56.43326197551961],[64.45059116228354,56.42374413149629],[64.43393493524282,56.42374413149629],[64.42084789971102,56.441590089039934],[64.44702197077461,56.449918202561136],[64.4172787082021,56.47490254312289],[64.36612029657701,56.521302032736486],[64.38515598462365,56.541527451286136],[64.4327452047399,56.57246044436122],[64.50769822642347,56.58197828838454],[64.56361556006038,56.61172155095662],[64.65522480878548,56.62123939498181],[64.74802378801277,56.64027508302756],[64.78014651159123,56.64860319654779],[64.82892546221117,56.678346459120846],[64.89674010087691,56.72117675722623],[64.93957039898211,56.750920019798315],[64.90387848389466,56.78304274337738],[64.949088243005,56.80326816192702],[64.949088243005,56.83301142449999],[64.9360012074732,56.844908729528434],[64.91577578892355,56.85323684304964],[64.895550370374,56.85561630405574],[64.88722225685322,56.848477921037535],[64.89079144836215,56.840149807516326],[64.86699683830446,56.82349358047667],[64.83487411472514,56.82349358047667],[64.81464869617558,56.81278600595034],[64.79561300812894,56.819924388968545],[64.78133624209414,56.81754492796245],[64.76824920656233,56.827062771984885],[64.75278271002381,56.82349358047667],[64.73017783046905,56.824683310978784],[64.72690239957791,56.8610068113949],[64.72214347756687,56.890750073967865],[64.70905644203427,56.92525225855205],[64.66265695242103,56.96451336514834],[64.62101638481892,56.99425662772229],[64.5650990511819,57.02043069878616],[64.5115611785501,57.03232800381557],[64.44374653988427,57.057312344376435],[64.37474217071556,57.0787274934282],[64.40924435529992,57.10728102549816],[64.43898761787244,57.13702428807122],[64.40924435529992,57.16319835913508],[64.3925881282592,57.191751891205044],[64.32953241160452,57.17033674215328],[64.27123561696158,57.142972940587214],[64.2188874748336,57.1798545861766],[64.17486744622545,57.207218387744454],[64.14869337516106,57.236961650317426],[64.1403652616411,57.28217140942704],[64.1265157178382,57.309875393043555],[64.10391083828272,57.33129054209532],[64.14555140588485,57.34080838611864],[64.16458709393149,57.32058296756988],[64.20860712253952,57.334859733605306],[64.26571418667945,57.355085152154956],[64.30497529327565,57.375310570704684],[64.32995963383641,57.39434625875035],[64.3668412794267,57.40743329428189],[64.4061023860229,57.405053833277655],[64.44060457060726,57.418140868809104],[64.45250187563695,57.42765871283153],[64.43108672658438,57.45502251439849],[64.4584505281517,57.48238631596634],[64.46201971965982,57.5014220040121],[64.48462459921538,57.5097501175333],[64.45012241463102,57.53235499708896],[64.42626843891831,57.53796769725629],[64.38944615898217,57.54663176312349],[64.3537542438949,57.535924188597164],[64.3382877473571,57.57637502569655],[64.28950879673712,57.5942209832401],[64.24429903762689,57.60611828826951],[64.21098658354472,57.60373882726342],[64.17648439896035,57.61087721028162],[64.15744871091371,57.641810203356705],[64.11580814331151,57.642999933860686],[64.13127463985003,57.66917400492456],[64.12889517884412,57.68226104045608],[64.09082380275083,57.69296861498241],[64.03966539112494,57.68226104045608],[63.97304048296214,57.71319403353206],[63.89570800027256,57.74531675711113],[63.88975934775781,57.75840379264265],[63.85525716317345,57.75959352314477],[63.84098039713856,57.773870289180195],[63.787442524507554,57.765542175660855],[63.720817616344036,57.791716246724725],[63.65895163019227,57.791716246724725],[63.63872621164263,57.80956220426836],[63.66490028270702,57.83335681432711],[63.648244055666304,57.84525411935555],[63.5947061830353,57.855961693880985],[63.54830669342134,57.847633580361645],[63.497148281796164,57.860720615893094],[63.42457472111781,57.87261792092251],[63.42457472111781,57.89046387846615],[63.341293585914194,57.91663794953001],[63.31749897585571,57.89879199198638],[63.25206379819511,57.91187902751791],[63.18186969852329,57.91425848852392],[63.134280478407135,57.946381212102985],[63.09858856331897,57.9570887866294],[63.06646583974052,57.938053098583644],[63.01649715861836,57.932104446067555],[62.97366686051332,57.91425848852392],[62.94749278944883,57.89522280047825],[62.93321602341412,57.932104446067555],[62.87610895927419,57.95827851713152],[62.838037583180906,57.97612447467693],[62.78687917155582,57.98683204920236],[62.74166941244478,58.008247198254125],[62.69645965333373,58.02728288630166],[62.65481908573233,58.02490342529565],[62.626265553661916,58.028472616803775],[62.63115666795159,58.09782949871531],[62.62044909342571,58.14660844933404],[62.63115666795159,58.20966416598917],[62.651382086501236,58.24535608107635],[62.658520469519,58.278668535157536],[62.63591558996343,58.3107912587366],[62.574049603811666,58.344103712818665],[62.526460383695415,58.37741616689985],[62.50861442615177,58.401210776957704],[62.519322000677654,58.44404107506398],[62.53597822771838,58.48211245115726],[62.569290681800624,58.508286522221134],[62.57523933431467,58.5344605932842],[62.5657214902917,58.55944493384595],[62.52883984470142,58.59156765742413],[62.532409036210346,58.629639033517414],[62.54192688023322,58.668900140113706],[62.52051173118066,58.69983313318967],[62.52051173118066,58.734335317774836],[62.57167014280574,58.7640785803478],[62.60498259688799,58.78787319040566],[62.60974151889903,58.82713429700293],[62.61569017141378,58.85687755957403],[62.590705830852386,58.898518127177304],[62.54668580224506,58.947297077797],[62.52170146168366,58.99012737590151],[62.55858310727395,59.0353371350129],[62.569290681800624,59.05794201456687],[62.547875532748066,59.09244419915194],[62.50504523464294,59.13051557524523],[62.44317924849118,59.16263829882429],[62.3789338013342,59.18762263938604],[62.28494509160319,59.200709674917576],[62.1671617718153,59.20546859692968],[62.12433147371018,59.181673986870045],[62.049378452026616,59.18405344787605],[61.95063082028448,59.190002100390274],[61.89947240865939,59.19357129190026],[61.85902157156019,59.21022751894001],[61.81619127345507,59.23283239849566],[61.773360975349945,59.264955122074724],[61.73885879076558,59.29945730665989],[61.721012833221856,59.347046526776495],[61.70673606718714,59.39344601639001],[61.67699280461382,59.46839903807269],[61.65200846405233,59.53264448522984],[61.634162506508694,59.584992627358545],[61.66985442159686,59.63972023049335],[61.726961485736695,59.742037053743886],[61.76979178384111,59.813420883918255],[61.78763774138475,59.84792306850342],[61.78882747188775,59.87052794805916],[61.774550705852945,59.894322558117025],[61.71982310271894,59.92406582068999],[61.67818253511682,59.95023989175385],[61.723392294227864,60.02757237444254],[61.74480744328034,60.06564375053583],[61.77811989736178,60.09657674361277],[61.829278308986865,60.12869946719184],[61.84593453602759,60.16320165177514],[61.849503727536515,60.23577521245261],[61.85426264954835,60.283364432569215],[61.85545238005127,60.352368801739445],[61.873298337594996,60.44635751146966],[61.88519564262388,60.50108511460437],[61.87686752910392,60.51893107214801],[61.798345315911426,60.589125171819475],[61.69959768416929,60.674785768029366],[61.52351756973776,60.80327666234464],[61.366473143352785,60.910352407607185],[61.23385503775834,60.99423052567432],[61.227274674512245,60.99839246482131],[61.16659841886348,61.03170491890435],[60.989328573928944,61.14472931668023],[60.78469492742781,61.26370236697218],[60.6645321466332,61.33627592765063],[60.50986718125414,61.43026463738075],[60.382566017442485,61.507597120069434],[60.26240323664788,61.580170680747884],[60.173173448929504,61.64084693639691],[60.06966689517553,61.70985130556528],[59.99709333449788,61.757440525682775],[59.928088965328364,61.813357859319694],[59.870981901188436,61.87522384547084],[59.84123863861591,61.906156838545925],[59.761526694920505,61.92400279608957],[59.64850229714366,61.94303848413709],[59.5604622399282,61.95612551966863],[59.50216544528536,61.96326390268674],[59.446248111647634,61.97992012972649],[59.467134491588325,62.01476013902172],[59.482600988126045,62.0540212456181],[59.455237186558726,62.07662612517375],[59.45642691706164,62.11826669277525],[59.46951395259433,62.16347645188674],[59.47665233561129,62.20273755848214],[59.4516679950498,62.232480821055105],[59.45819336,62.27495021],[58.855000000000004,62.26186318],[58.20778661,62.246396680000004],[57.95318428,62.2356891],[57.529640220000005,62.21903288],[57.34642172,62.21546369],[57.29526331,62.140510660000004],[57.20484379,62.05128088],[57.12513185,61.99536354],[57.04423017,61.973948390000004],[56.920498200000004,61.971568930000004],[56.85625275,61.94777432],[56.76583324,61.89899537],[56.77416135,61.86925211],[56.751556470000004,61.863303460000004],[56.7253824,61.859734270000004],[56.7408489,61.82047316],[56.753935930000004,61.76098663],[56.70872617,61.756227710000005],[56.63615261,61.74433041],[56.59451204,61.66461846],[56.52312821,61.65272116],[56.45769304,61.590855170000005],[56.38392974,61.52066107],[56.34109945,61.49210754],[56.32682268,61.4671232],[56.3470481,61.4123956],[56.41129355,61.364806380000005],[56.46840061,61.33506311],[56.50409253,61.29342255],[56.59332231,61.23274629],[56.65756776,61.21252087],[56.6825521,61.2018133],[56.6551883,61.198244110000005],[56.54573309,61.20300303],[56.50171306,61.19348518],[56.48267738,61.1708803],[56.44936492,61.15779327],[56.35537621,61.080460790000004],[56.23640316,60.991231],[56.13051715,60.926985550000005],[55.88067374,60.93174447],[55.85093048,60.90081148],[55.755752040000004,60.89843202],[55.69031686,60.90081148],[55.59751788,60.89129364],[55.478544830000004,60.88415525],[55.422627500000004,60.88772444],[55.29175714,60.88772444],[55.32744906,60.85679145],[55.35957178,60.84251469],[55.33934636,60.815150880000004],[55.251306310000004,60.81872008],[55.16802517,60.78183843],[55.151368940000005,60.72711083],[55.02763697,60.73662867],[54.71711731,60.750905440000004],[54.425633340000005,60.76280274],[54.26264026,60.755664360000004],[54.19601535,60.753284900000004],[54.12820071,60.756854090000004],[54.035401730000004,60.76280274],[53.981863860000004,60.76280274],[53.82243997,60.71283406],[53.79031725,60.68903945],[53.75105614,60.655727],[53.69037989,60.624794],[53.68443123,60.60218912],[53.73202045,60.52842583],[53.701087460000004,60.52247718],[53.60233983,60.51652853],[53.45362352,60.51057988],[53.41674187,60.44633443],[53.45362352,60.32022299],[53.45243379,60.30118731],[53.4607619,60.28572081],[53.4893154308666,60.21909590186717],[53.54585866610714,60.183931759953325],[53.56608408465705,60.16846526341578],[53.645796028352365,60.14348092285403],[53.67910848243382,60.12087604329918],[53.75525123462003,60.01974895054988],[53.78023557518151,59.956693233896615],[53.77428692266729,59.92813970182665],[53.78023557518151,59.787751502482934],[53.66840090790723,59.58668704748921],[53.614863035276656,59.54028755787569],[53.52444351705485,59.46890372770034],[53.42688561581545,59.404658280543984],[53.342414750108475,59.351120407912276],[53.31980987055361,59.31066957081289],[53.39000397022569,59.29758253528145],[53.410229388774724,59.274977655725706],[53.42582807759108,59.24614505106821],[53.444863765637635,59.24495532056521],[53.482935141730735,59.196176369945505],[53.52219624832712,59.15810499385222],[53.58168277347261,59.11527469574772],[53.62213361057225,59.117654156753815],[53.699466093261734,59.13787957530435],[53.7875061504771,59.14620768882378],[53.83509537059345,59.14501795832078],[53.93027381082702,59.134310383794364],[53.912427853282935,59.147397419327675],[53.93503273283868,59.1545358023441],[53.97310410893178,59.134310383794364],[54.0421084781013,59.141448766812566],[54.049246861118704,59.129551461782256],[54.03972901709547,59.1128952347426],[54.03972901709547,59.09861846870807],[54.03259063407798,59.079582780661426],[54.03972901709547,59.05935736211089],[53.96715545641756,59.03913194356115],[53.93503273283868,59.037942213058145],[53.93265327183285,59.01176814199517],[53.92551488881536,58.98083514891822],[53.93860192434778,58.94752269483704],[53.9588273428968,58.91658970176196],[53.97905276144671,58.89517455270922],[53.96120680390263,58.87019021214746],[54.10635392525836,58.815462609012656],[54.10873338626419,58.79523719046479],[54.12301015229909,58.76906311940003],[54.08255931520016,58.75954527537671],[54.03853928659211,58.74526850934129],[53.98143222245254,58.733371204311865],[53.94336084635934,58.71433551626522],[53.94336084635934,58.69767928922557],[53.93265327183285,58.69054090620737],[53.96239653440598,58.66674629614862],[53.93860192434778,58.64176195558865],[53.904099739763055,58.62867492005533],[53.90885866177463,58.595362465974155],[53.94574030736517,58.577516508429625],[53.94693003786773,58.54539378485154],[53.98976033597242,58.491855912219734],[53.990950066475776,58.46687157165887],[53.96239653440598,58.44783588361223],[53.96358626490846,58.41809262104015],[53.990950066475776,58.38834935846718],[54.03615982558628,58.37050340092266],[54.069472279667735,58.31934498929784],[54.04091874759794,58.29674010974307],[53.96953491742339,58.258668733649785],[53.97548356993761,58.23368439308795],[54.0421084781013,58.205130861017985],[54.07066201017109,58.18014652045712],[54.049246861118704,58.17419786794201],[54.0599544356445,58.15873137140349],[54.10754365576163,58.13612649184873],[54.09683608123514,58.10876269028266],[54.10397446425253,58.07782969720571],[54.150373953866406,58.061173470166054],[54.182496677445286,58.0338096685982],[54.215809131526825,58.01834317205977],[54.22651670605262,57.983840987476476],[54.20034263498857,57.97313341295015],[54.209860479011894,57.961236107919845],[54.24436266359662,57.960046377416845],[54.26101889063743,57.95052853339352],[54.22770643655589,57.92911338434167],[54.23008589756172,57.8993701217687],[54.268069145469184,57.89251081133803],[54.34421189765611,57.802091293116035],[54.359678394194276,57.80685021512912],[54.383473004252494,57.7937631795958],[54.33826324514118,57.76877883903583],[54.321607018100465,57.75212261199431],[54.32636594011203,57.73784584595977],[54.34540162815867,57.718810157913126],[54.39774977028739,57.72832800193645],[54.47151306146786,57.711671774894924],[54.48578982750276,57.69501554785438],[54.46199521744454,57.66884147678954],[54.46199521744454,57.642667405726556],[54.48935901901186,57.633149561703235],[54.5083947070584,57.60459602963238],[54.582157998238785,57.58080141957541],[54.61071153030937,57.59031926359873],[54.64283425388756,57.58318088058062],[54.64759317589912,57.57485276706031],[54.62617802684683,57.549868426499444],[54.60357314729188,57.55700680951578],[54.575019615221294,57.54629923498945],[54.56193257968968,57.50822785889616],[54.585727189747885,57.492761362359516],[54.588106650753716,57.474915404815874],[54.580968267736225,57.46063863877956],[54.547655813654785,57.44874133375103],[54.53813796963155,57.401152113635405],[54.51553309007589,57.37497804257056],[54.51315362907006,57.35594235452392],[54.49530767152598,57.35713208502692],[54.49411794102352,57.34880397150572],[54.50363578504674,57.340475857985396],[54.48697955800603,57.329768283459074],[54.47151306146786,57.29050717686278],[54.482220635994366,57.27742014133223],[54.475082252976875,57.2595741837877],[54.45128764291874,57.245297417752184],[54.43463141587722,57.247676878759165],[54.32993513162123,57.179862240092916],[54.29305348603059,57.1655854740566],[54.265689684463354,57.15130870802295],[54.2573615709433,57.13941140299353],[54.24070534390259,57.13346275047843],[54.231187499879354,57.12156544544999],[54.21810046434693,57.11680652343691],[54.17764962724799,57.087063260864824],[54.13838852065162,57.05613026778885],[54.08841983952945,57.04185350175432],[54.0729533429912,57.026387005215796],[54.08128145651196,57.00735131716915],[54.07771226500286,56.98831562912251],[54.03369223639561,56.96333128856263],[54.040830619413015,56.943105870012886],[54.06700469047706,56.939536678502904],[54.08128145651196,56.92525991246836],[54.06700469047706,56.90622422442172],[54.06700469047706,56.89551664989628],[54.044399810921405,56.864583656820315],[54.013466817845796,56.84435823827057],[53.95160083169367,56.82651228072703],[53.92780622163545,56.83603012475035],[53.858801852466726,56.82056362821183],[53.817161284864525,56.80390740117039],[53.80883317134456,56.77416413859734],[53.821920206876186,56.73133384049284],[53.820730476373626,56.69088300339443],[53.848094277940135,56.65995001031846],[53.857612121963456,56.58618671913701],[53.86475050498095,56.51361315846043],[53.9052013420806,56.38512226414515],[53.9432727181737,56.36370711509339],[54.03012304488651,56.34824061855487],[54.10150687506106,56.324446008497006],[54.14552690366911,56.28637463240372],[54.19549558479207,56.26139029184108],[54.229997769376084,56.231647029269006],[54.24427453541098,56.20785241921115],[54.26944563014872,56.201907391289765],[54.30275808423007,56.190010086261324],[54.337260268814525,56.22689173185063],[54.353916495855245,56.22808146235461],[54.367003531387844,56.24473768939515],[54.38841868043961,56.25187607241238],[54.45980251061505,56.24711715040027],[54.48359712067282,56.25187607241238],[54.519289035760984,56.24354795889117],[54.544273376321584,56.25187607241238],[54.57282690839199,56.24592741989727],[54.59067286593563,56.25068634191027],[54.61089828448519,56.24592741989727],[54.632313433537746,56.25068634191027],[54.65491831309331,56.24949661140637],[54.68823076717476,56.25425553341847],[54.71440483823836,56.25663499442457],[54.733440526285,56.26377337744091],[54.74176863980576,56.29113717900778],[54.77984001589905,56.29351664001388],[54.80363462595753,56.29827556202598],[54.81791139199233,56.281619334984455],[54.852413576576694,56.283998795991444],[54.90357198820258,56.29351664001388],[54.94759201680982,56.3054139450433],[54.99637096742978,56.3149317890675],[55.05466776207272,56.32801882459895],[55.08084183313632,56.32444963309082],[55.12843105325328,56.33039828560504],[55.16412296834064,56.32563936359294],[55.281906288129335,56.32682909409684],[55.40206906892403,56.32920855510106],[55.42824313998763,56.32444963309082],[55.5305599632386,56.32801882459895],[55.59123621888736,56.32444963309082],[55.68403519811466,56.317311250073516],[55.73519360973974,56.32563936359294],[55.792300673879666,56.33515720761715],[55.79824932639451,56.361331278680126],[55.74709091476942,56.37917723622377],[55.72210657420794,56.38869508024798],[55.725675765716865,56.425576725837374],[55.692363311634615,56.45294052740522],[55.72686549621978,56.45769944941644],[55.77326498583302,56.45769944941644],[55.81252609242922,56.44818160539312],[55.85416666003143,56.46364810193066],[55.9029456106506,56.4862529814864],[55.946965639258636,56.504098939029944],[55.98741647635793,56.50766813053994],[55.98503701535192,56.48982217299452],[55.98979593736376,56.47078648494877],[56.019539199936375,56.43628430036458],[56.025487852451214,56.40416157678552],[56.04095434898893,56.373228583710436],[56.074266803070294,56.34467505164047],[56.0766462640763,56.32682909409684],[56.1551684772687,56.33158801610716],[56.20989608040271,56.32207017208473],[56.22536257694123,56.345864782142584],[56.219413924426384,56.36965939220045],[56.22179338543239,56.38393615823587],[56.20513715839167,56.40773076829373],[56.203947427888664,56.449371335897006],[56.23012149895236,56.46245837142854],[56.23725988197011,56.47078648494877],[56.2348804209641,56.498150286515724],[56.24677772599299,56.53265247110089],[56.275331258063396,56.53265247110089],[56.3276794001914,56.51718597456326],[56.390735116846166,56.500529747521824],[56.40858107438981,56.4910119034985],[56.4752059825535,56.49696055601361],[56.50970816713786,56.4814940594742],[56.55253846524298,56.45769944941644],[56.61916337340579,56.41486915131193],[56.682219090060556,56.39226427175619],[56.681029359557556,56.354192895662905],[56.69292666458644,56.31850098057563],[56.709582891627164,56.26020418593269],[56.72980831017672,56.25663499442457],[56.74765426772045,56.23759930637695],[56.78691537431665,56.25187607241238],[56.76906941677301,56.282809065487555],[56.73099804067972,56.33515720761715],[56.72980831017672,56.357762087171025],[56.750033728726365,56.40059238527739],[56.780966721802606,56.38988481075009],[56.80476133186038,56.353003165160786],[56.85829920449218,56.36252100918411],[56.878524623041734,56.40773076829373],[56.896370580585376,56.422007534329154],[56.92492411265489,56.433904839357595],[56.949908453216466,56.41605888181405],[56.93444195667866,56.40178211577951],[56.964185219251185,56.38512588873799],[56.93563168718166,56.354192895662905],[56.92254465164906,56.33277774661114],[56.92968303466682,56.31612151956962],[56.957046836233424,56.32444963309082],[56.98322090729783,56.32207017208473],[56.98322090729783,56.30660367554719],[56.957046836233424,56.297085831523866],[56.954667375228304,56.27448095196812],[56.940390609192704,56.241168497886946],[56.98441063780083,56.241168497886946],[57.01177443936823,56.26496310794391],[57.05460473747256,56.278050143476335],[57.0998144965836,56.285188526493556],[57.13431668116796,56.283998795991444],[57.13431668116796,56.266152838447894],[57.164059943741286,56.266152838447894],[57.180716170782006,56.28042960448234],[57.23782323492193,56.2994652925281],[57.29493029906186,56.31612151956962],[57.35798601571654,56.32563936359294],[57.43412876790311,56.33634693811926],[57.45197472544675,56.28637825699754],[57.46506176097855,56.25782472492669],[57.49599475405408,56.25187607241238],[57.51740990310664,56.23046092336062],[57.538825052159204,56.23046092336062],[57.555481279199924,56.213804696319094],[57.550722357188,56.201907391289765],[57.53525586065028,56.1709743982137],[57.51740990310664,56.132903022120416],[57.526927747130316,56.123385178097095],[57.542394243668035,56.12695436960709],[57.547153165679966,56.121005717091094],[57.568568314732524,56.10791868155955],[57.59117319428729,56.119815986588975],[57.61615753484869,56.10434949005143],[57.63638295339833,56.10078029854135],[57.654228910941974,56.08293434099781],[57.67207486848561,56.09721110703323],[57.69111055653225,56.10791868155955],[57.70419759206414,56.118626256084994],[57.72164697277374,56.12523586999035],[57.72640589478558,56.13594344451667],[57.7418723913233,56.14189209703178],[57.77637457590775,56.131184522506345],[57.81087676049291,56.13951263602577],[57.858465980609076,56.140702366529666],[57.90843466173116,56.15497913256331],[57.989336335929565,56.14546128853999],[58.039305017052534,56.14427155803787],[58.07142774063097,56.12880506150033],[58.13686291829166,56.12642560049424],[58.19991863494555,56.110959103956695],[58.20110836544855,56.09430287691517],[58.25345650757655,56.083595302388844],[58.26892300411516,56.085974763394944],[58.32246087674616,56.096682337921266],[58.365291174851286,56.09311314641306],[58.40336255094457,56.083595302388844],[58.433105813517,56.06693907534732],[58.465228537095534,56.03838554327834],[58.496161530171776,56.009832011208374],[58.50686910469766,55.98365794014353],[58.537802097773984,55.98246820964141],[58.56873509084951,55.98008874863532],[58.60323727543387,55.98127847913743],[58.63179080750419,55.99079632316075],[58.66153407007671,56.01102174171049],[58.68294921912928,56.040765004284346],[58.70674382918776,56.05623150082189],[58.74243574427512,56.057421231324],[58.8054914609298,56.06574934484521],[58.856649872554975,56.07169799735952],[58.87568556060162,56.05028284830767],[58.8994801706601,56.05266230931376],[58.9244645112207,56.06931853635342],[58.981571575360626,56.085974763394944],[59.01607375994578,56.07288772786341],[59.00179699391027,56.055041770319775],[58.98989968888139,56.03957527378046],[59.00774564642502,56.01221147221438],[59.047006753021314,56.019349855230715],[59.06723217157096,56.01697039422649],[59.08031920710276,56.00388335869317],[59.10768300867007,55.98603740115051],[59.13028788822564,55.99317578416685],[59.171928455827846,56.00388335869317],[59.173118186329965,55.97176063511509],[59.14337492375744,55.95034548606324],[59.095785703641276,55.90989464896394],[59.12077004420196,55.8861000389052],[59.14456465426044,55.87420273387667],[59.13028788822564,55.85040812381792],[59.112441930682,55.83018270526827],[59.12314950520779,55.80995728671863],[59.16954899482184,55.81590593923374],[59.21475875393217,55.82066486124407],[59.273055548575016,55.81590593923374],[59.33492153472678,55.80757782571253],[59.38370048534674,55.806388095210416],[59.33611126522978,55.74809130056748],[59.32183449919498,55.68979450592455],[59.246881477511415,55.68027666190123],[59.26710689606097,55.63149771128153],[59.29209123662166,55.58152903015892],[59.34443937875054,55.59461606569036],[59.39321832936971,55.60770310122368],[59.455084315521475,55.630307980777644],[59.44794593250363,55.66243070435671],[59.525278415193114,55.65529232133939],[59.54312437273684,55.63149771128153],[59.59428278436193,55.638636094297865],[59.640682273975884,55.63625663329364],[59.69065095509806,55.64458474681307],[59.746568288735865,55.643395016310066],[59.79891643086387,55.64458474681307],[59.84412618997411,55.641015555303966],[59.888146218582236,55.638636094297865],[59.87862837455927,55.61841067574822],[59.94406355221916,55.60175444870856],[59.98570411982128,55.61365175373798],[60.02020630440573,55.60294417921068],[60.03686253144645,55.59461606569036],[60.01782684339981,55.57677010814682],[60.045190644967214,55.57082145563162],[60.07017498552861,55.562493342111296],[60.084451751563414,55.549406306579854],[60.07017498552861,55.51728358300168],[60.11419501413594,55.51490412199567],[60.143938276709264,55.49824789495415],[60.2153221068839,55.51847331350379],[60.24863456096535,55.51490412199567],[60.27595157843447,55.5131780063648],[60.322351068047716,55.50960881485481],[60.363991635649924,55.508419084352695],[60.3996835507372,55.488193665803045]]]]}},{"type":"Feature","properties":{"kind":"district","id":"uyezd-1897-491","name":"Ирбитский","provinceId":"perm"},"geometry":{"type":"MultiPolygon","coordinates":[[[[62.07142391707173,57.24885895534497],[62.10711583215901,57.24410003333376],[62.16303316579602,57.222684884281996],[62.1999148113863,57.20840811824657],[62.24155537898842,57.201269735228365],[62.312939209163154,57.20008000472625],[62.40811764939637,57.203649196234466],[62.45451713901041,57.20840811824657],[62.46998363554813,57.228633536797105],[62.48426040158294,57.23934111132165],[62.50686528113841,57.21792596226989],[62.54017773521977,57.19889027422414],[62.61869994841235,57.221495153778015],[62.60323345187454,57.24172057232775],[62.63535617545298,57.25480760786106],[62.644874019476745,57.271463834900715],[62.66985836003814,57.264325451883494],[62.67223782104335,57.25004868584895],[62.68651458707887,57.236961650317426],[62.76265733926544,57.23934111132165],[62.811436289884604,57.221495153778015],[62.83404116944017,57.228633536797105],[62.86378443201269,57.22982326729833],[62.89233796408301,57.23220272830532],[62.91018392162674,57.23815138081954],[62.89233796408301,57.24766922484286],[62.90423526911181,57.26075626037528],[62.93278880118221,57.25718706886707],[62.96491152476066,57.271463834900715],[62.9839472128073,57.291689253450365],[63.05771050398786,57.297637905964585],[63.16121705774184,57.298827636468566],[63.27781064702761,57.30358655847978],[63.344435555190415,57.309535210994],[63.37655827876966,57.298827636468566],[63.40868100234819,57.29644817546247],[63.420578307376985,57.277412487414935],[63.45745995296726,57.286930331438256],[63.45745995296726,57.31072494149798],[63.49077240704951,57.3166735940122],[63.53479243565684,57.3166735940122],[63.58714057778564,57.3059660194849],[63.61450437935224,57.29406871445646],[63.628781145387755,57.27503302641071],[63.659714138463286,57.26670491289039],[63.69540605355065,57.26908437389462],[63.744185004170525,57.25599733836317],[63.775117997246056,57.24647949433985],[63.866727245970345,57.26075626037528],[63.95000838117476,57.2702741043986],[63.96071595570064,57.3059660194849],[63.99640787078792,57.307155749987906],[64.00592571481168,57.32738116853764],[64.05470466543076,57.32976062954365],[64.09872469403888,57.30120709747466],[64.1403652616411,57.28217140942704],[64.1265157178382,57.309875393043555],[64.10391083828272,57.33129054209532],[64.14555140588485,57.34080838611864],[64.16458709393149,57.32058296756988],[64.20860712253952,57.334859733605306],[64.26571418667945,57.355085152154956],[64.30497529327565,57.375310570704684],[64.32995963383641,57.39434625875035],[64.3668412794267,57.40743329428189],[64.4061023860229,57.405053833277655],[64.44060457060726,57.418140868809104],[64.45250187563695,57.42765871283153],[64.43108672658438,57.45502251439849],[64.4584505281517,57.48238631596634],[64.46201971965982,57.5014220040121],[64.48462459921538,57.5097501175333],[64.45012241463102,57.53235499708896],[64.42626843891823,57.537967697256114],[64.38944615898217,57.54663176312349],[64.3537542438949,57.535924188597164],[64.3382877473571,57.57637502569655],[64.28950879673712,57.5942209832401],[64.24429903762689,57.60611828826951],[64.21098658354472,57.60373882726342],[64.17648439896035,57.61087721028162],[64.15744871091371,57.641810203356705],[64.11580814331151,57.642999933860686],[64.13127463985003,57.66917400492456],[64.12889517884412,57.68226104045608],[64.09082380275083,57.69296861498241],[64.03966539112494,57.68226104045608],[63.97304048296214,57.71319403353206],[63.89570800027256,57.74531675711113],[63.88975934775781,57.75840379264265],[63.85525716317345,57.75959352314477],[63.84098039713856,57.773870289180195],[63.787442524507554,57.765542175660855],[63.720817616344036,57.791716246724725],[63.65895163019227,57.791716246724725],[63.63872621164263,57.80956220426836],[63.66490028270702,57.83335681432711],[63.648244055666304,57.84525411935555],[63.5947061830353,57.855961693880985],[63.54830669342134,57.847633580361645],[63.497148281796164,57.860720615893094],[63.42457472111781,57.87261792092251],[63.42457472111781,57.89046387846615],[63.341293585914194,57.91663794953001],[63.31749897585571,57.89879199198638],[63.25206379819511,57.91187902751791],[63.18186969852329,57.91425848852392],[63.134280478407135,57.946381212102985],[63.09858856331897,57.9570887866294],[63.06646583974052,57.938053098583644],[63.01649715861836,57.932104446067555],[62.97366686051332,57.91425848852392],[62.94749278944883,57.89522280047825],[62.93321602341412,57.932104446067555],[62.87610895927419,57.95827851713152],[62.838037583180906,57.97612447467693],[62.78687917155582,57.98683204920236],[62.74166941244478,58.008247198254125],[62.69645965333373,58.02728288630166],[62.65481908573233,58.02490342529565],[62.626265553661916,58.028472616803775],[62.63459366718268,58.009436928758106],[62.623886092656086,57.9963498932248],[62.59295309958056,57.98326285769416],[62.57867633354576,57.999919084734785],[62.552502262481354,57.99159097121447],[62.50967196437623,57.98326285769416],[62.435908673195584,57.97969366618506],[62.38237080056458,57.99753962372869],[62.31455616189797,58.010626659260225],[62.252690175747006,58.022523964289554],[62.252690175747006,58.04393911334141],[62.20391122512704,58.0522672268635],[62.1872549980864,58.04036992183319],[62.169409040542675,58.0451288438453],[62.14680416098711,58.06297480138893],[62.10992251539683,58.05702614887374],[62.11230197640275,58.03918019133019],[62.08612790533835,58.018954772780454],[62.07304086980655,57.998729354230804],[62.06352302578358,57.98326285769416],[62.04924625974807,57.9654169001506],[62.05757437326874,57.95589905612728],[62.05043599025098,57.94162229009177],[62.07066140880063,57.934483907073655],[62.08612790533835,57.93686336807966],[62.09207655785319,57.92020714103823],[62.11230197640275,57.90712010550759],[62.08136898332722,57.89641253098037],[62.0659024867887,57.857151424384966],[62.09207655785319,57.841684927847425],[62.08850736634427,57.83097735332102],[62.0659024867887,57.8250287008059],[62.01712353616963,57.82383897030379],[62.00998515315178,57.80718274326227],[62.00760569214586,57.79766489923806],[61.98381108208818,57.78933678571863],[61.95287808901194,57.790526516220744],[61.93622186197122,57.781008672198396],[61.891012102860884,57.78338813320441],[61.901719677386765,57.76197298415078],[61.95525755001777,57.75126540962535],[62.014744075163705,57.72985026057181],[62.03496949371326,57.697727536993625],[62.03615922421618,57.65965616090034],[62.00641596164375,57.647758855870926],[61.98262135158517,57.62634370681916],[61.94217051448597,57.615636132291954],[61.90766832990161,57.6013593662583],[61.886253180849046,57.60254909676041],[61.86364830129348,57.58470313921678],[61.877925067328285,57.551390685134706],[61.86483803179649,57.5145090395454],[61.83390503872105,57.51807823105353],[61.837474230229084,57.54068311060927],[61.81843854218253,57.57875448670256],[61.78512608810108,57.59303125273799],[61.74348552049887,57.60016963575432],[61.74467525100188,57.57875448670256],[61.735157406978914,57.565667451170135],[61.73634713748183,57.54663176312349],[61.72088064094331,57.539493380105384],[61.71850117993819,57.52640634457384],[61.707793605411595,57.51569877004752],[61.66972222931831,57.507370656528096],[61.618563817693136,57.49785281250388],[61.62927139221902,57.487145237978446],[61.631650853225025,57.475247932948136],[61.6280816617161,57.463350627918814],[61.57216432807918,57.44907386188516],[61.56621567556434,57.431227904341526],[61.547179987517694,57.41457167730098],[61.52933402997397,57.384828414728005],[61.52933402997397,57.36817218768648],[61.59595893813766,57.36103380466828],[61.63759950573978,57.35627488265707],[61.64473788875683,57.334859733605306],[61.68399899535303,57.28132186097359],[61.745864981504795,57.27299374745239],[61.862458570790565,57.26466563393207],[61.9861905430941,57.25633752041264],[62.04924625974807,57.251578598400535],[62.07142391707173,57.24885895534497]]]]}},{"type":"Feature","properties":{"kind":"district","id":"uyezd-1897-492","name":"Екатеринбургский","provinceId":"perm"},"geometry":{"type":"MultiPolygon","coordinates":[[[[61.62927139221902,57.487145237978446],[61.5949013999124,57.48035936770244],[61.56039921532804,57.46727233216913],[61.554450562814,57.482738828708534],[61.56158894583105,57.49701559474219],[61.58538355588953,57.5065334387664],[61.60322951343316,57.53151777932726],[61.571106789854724,57.554122658883],[61.57229652035764,57.588624843468075],[61.54017379677848,57.60647080101083],[61.5413635272814,57.62431675855437],[61.522327839234755,57.63740379408591],[61.49972295967928,57.670716248168866],[61.48068727163264,57.68499301420438],[61.461651583586,57.724254120799785],[61.43666724302531,57.727823312307905],[61.41287263296683,57.7254438513019],[61.42120074648679,57.711167085268244],[61.414062363469746,57.70045951074094],[61.3819396398913,57.71473627677646],[61.351006646815065,57.719495198788564],[61.34743745530614,57.736151425828226],[61.3295914977625,57.733771964822125],[61.315314731727696,57.74328980884545],[61.33316068927142,57.75280765286975],[61.327212036756585,57.75994603588697],[61.303417426698815,57.75280765286975],[61.274863894628496,57.74210007834333],[61.22251575250041,57.74210007834333],[61.16540868836048,57.74210007834333],[61.17254707137752,57.715926007278576],[61.160649766348726,57.6885622057125],[61.1689778798694,57.657629212635555],[61.159460035845726,57.63740379408591],[61.11900919874652,57.62788595006347],[61.09283512768283,57.61717837553804],[61.076178900641395,57.59695295698839],[61.04643563806887,57.581486460448986],[61.02145129750739,57.58743511296419],[60.96196477236154,57.581486460448986],[60.91913447425722,57.567209694415425],[60.873924715146174,57.576727538438746],[60.80016142396553,57.576727538438746],[60.77398735290112,57.59338376547841],[60.76090031736933,57.61598864503415],[60.758520856363404,57.6861827447065],[60.75495166485448,57.739720617337326],[60.76327977837524,57.76827414940729],[60.70855217524124,57.77184334091541],[60.67999864317092,57.76470495789907],[60.67286026015396,57.74566926985155],[60.693085678702715,57.727823312307905],[60.660962955124276,57.70521843275216],[60.67286026015396,57.68737247520861],[60.68832675669168,57.6802340921913],[60.67286026015396,57.661198404145544],[60.66929106864504,57.648111368613215],[60.65977322462127,57.61360918402805],[60.56340505388514,57.62550648905747],[60.43372442906757,57.63621406358379],[60.275490272179674,57.646921638111095],[60.09346150523401,57.660008673641656],[60.03040578857933,57.63383460257769],[59.98757549047421,57.62669621956136],[59.84718729113075,57.61955783654227],[59.63898445311989,57.61479891453203],[59.437919998127676,57.61122972302204],[59.307049642807094,57.61003999251993],[59.25351177017609,57.61241945352593],[59.2419791272471,57.60142156372148],[59.23959966624118,57.58833452819003],[59.24554831875602,57.55026315209675],[59.2550661627789,57.507432853991276],[59.303845113398864,57.46579228638986],[59.34429595049807,57.44675659834233],[59.403782475643915,57.451515520354434],[59.440664121234285,57.40987495275294],[59.443043582240115,57.36228573263634],[59.43352573821644,57.35038842760603],[59.41211058916388,57.30279920748942],[59.41281561464765,57.28023839202703],[59.46159456526673,57.230269710904416],[59.48895836683413,57.19933671783022],[59.521081090412665,57.161265341735955],[59.52702974292742,57.13271180966599],[59.516322168400734,57.11962477413455],[59.50918378538298,57.08393285904727],[59.48895836683413,57.048240943958305],[59.47825079230754,57.02563606440434],[59.510373515885895,56.98994414931617],[59.500855671863015,56.97923657479074],[59.484199444822295,56.96852900026353],[59.46278429576973,56.94473439020567],[59.45802537375789,56.910232205620595],[59.484199444822295,56.8685916380191],[59.510373515885895,56.83170999242793],[59.54130650896222,56.784120772311326],[59.56867031052882,56.73772128269772],[59.636484949195435,56.7317726301835],[59.64481306271531,56.743669935212026],[59.67455632528872,56.74723912672104],[59.7245250064108,56.7341520911896],[59.79709856708845,56.699649906604435],[59.82684182966177,56.693701254090215],[59.838739134690655,56.67585529654657],[59.842308326199486,56.611609849388536],[59.83398021267953,56.59019470033668],[59.81137533312405,56.5580719767586],[59.804236950106294,56.52594925317953],[59.82089317714693,56.49263679909835],[59.85896455324021,56.44266811797574],[59.88989754631645,56.40935566389358],[59.90298458184834,56.38675078433793],[59.917261347883056,56.33916156422132],[59.92915865291274,56.312987493157365],[59.97436841202298,56.2832442305844],[60.03266520666591,56.26777773404686],[60.04218305068959,56.246362584995005],[60.08858254030284,56.239224201976896],[60.095720923320684,56.21661932242115],[60.075495504771034,56.170219832808435],[60.05645981672439,56.13333818721726],[60.0433727811925,56.08812842810587],[60.02909601515699,56.03578028597893],[60.01600897962519,56.001278101393865],[60.008870596607345,55.96082726429448],[60.01243978811627,55.94774022876304],[59.98150679504083,55.90609966115976],[59.94581487995346,55.90609966115976],[59.89822565983641,55.90490993065755],[59.86967212776689,55.90609966115976],[59.85896455324021,55.913238044177874],[59.83398021267953,55.913238044177874],[59.83398021267953,55.8823050511019],[59.84944670921733,55.847802866518606],[59.83635967368465,55.80140337690412],[59.83279048217652,55.779988227852265],[59.807806141615124,55.75381415678662],[59.79828829759136,55.73001954672876],[59.76021692149816,55.70741466717302],[59.75783746049304,55.684809787618164],[59.746568288735865,55.643395016310066],[59.79891643086387,55.64458474681307],[59.84412618997411,55.641015555303966],[59.888146218582236,55.638636094297865],[59.87862837455927,55.61841067574822],[59.94406355221916,55.60175444870856],[59.98570411982128,55.61365175373798],[60.02020630440573,55.60294417921068],[60.03686253144645,55.59461606569036],[60.01782684339981,55.57677010814682],[60.045190644967214,55.57082145563162],[60.07017498552861,55.562493342111296],[60.084451751563414,55.549406306579854],[60.07017498552861,55.51728358300168],[60.11419501413594,55.51490412199567],[60.143938276709264,55.49824789495415],[60.2153221068839,55.51847331350379],[60.24863456096535,55.51490412199567],[60.27595157843447,55.5131780063648],[60.322351068047716,55.50960881485481],[60.363991635649924,55.508419084352695],[60.3996835507372,55.488193665803045],[60.421731802949175,55.46629794658655],[60.44671614351048,55.4496417195469],[60.48597725010632,55.44250333652967],[60.518099973684855,55.430606031500254],[60.58115569033927,55.436554684014475],[60.61684760542726,55.42941630099725],[60.65967790353167,55.432985492505374],[60.71559523716886,55.44488279753479],[60.76080499628017,55.45796983306624],[60.781030414829374,55.48414390413019],[60.82624017393988,55.506748783685936],[60.87263966355375,55.515076897206164],[60.92022888367027,55.512697436201044],[60.95711052926082,55.52816393273956],[60.98566406133078,55.5329228547498],[61.02730462893263,55.54957908179044],[61.06180681351717,55.536492046259795],[61.13557010469835,55.53768177676191],[61.22123070090798,55.536492046259795],[61.284286417562484,55.54600989028222],[61.37708539679022,55.55195854279644],[61.38109693121735,55.55161272086313],[61.39298376979204,55.5778457439246],[61.40726053582676,55.60283008448555],[61.4274859543764,55.64090146057883],[61.43581406789716,55.670644723150915],[61.43105514588524,55.68968041119844],[61.41439891884451,55.7146647517593],[61.38227619526536,55.758684780366806],[61.381086464762355,55.777720468414344],[61.398932422306,55.80746373098642],[61.398932422306,55.831258341045256],[61.40726053582676,55.85029402909279],[61.428675684879316,55.86100160361734],[61.465557330469686,55.92762651178147],[61.47388544399045,55.96450815737264],[61.48459301851624,55.984733575920515],[61.47507517449336,56.01328710799048],[61.45841894745184,56.053737945089765],[61.433434606891154,56.082291477160624],[61.43581406789716,56.10370662621247],[61.47269571348745,56.11679366174391],[61.509577359077724,56.11679366174391],[61.54288981315917,56.09894770420037],[61.584530380761294,56.08824012967493],[61.624981217860494,56.077532555148515],[61.67376016847975,56.07158390263341],[61.72848777161367,56.07039417213129],[61.777266722233634,56.0763428246464],[61.808199715309165,56.123932044762114],[61.84313607489366,56.1751720388201],[61.81206266743578,56.184050155236],[61.77161183033658,56.184050155236],[61.71331503569374,56.186429616242094],[61.683571773121216,56.189998807751195],[61.68952042563597,56.20308584328362],[61.71093557468853,56.20308584328362],[61.71807395770558,56.21498314831295],[61.66929500708641,56.22331126183327],[61.646690127530846,56.21498314831295],[61.622895517472365,56.237588027868696],[61.599100907413884,56.23520856686268],[61.58482414137908,56.25662371591444],[61.59672144640867,56.26733129044166],[61.6014803684198,56.280418325972306],[61.6014803684198,56.31492051055738],[61.5741165668532,56.32681781558679],[61.56578845333244,56.356561078158876],[61.59315225489984,56.36726865268609],[61.59672144640867,56.38035568821762],[61.646690127530846,56.40296056777336],[61.66453608507457,56.39939137626516],[61.66572581557749,56.38392487972575],[61.683571773121216,56.38630434073184],[61.691899886641885,56.40652975928149],[61.73710964575222,56.41366814229969],[61.74067883726105,56.43984221336267],[61.75257614228994,56.4612573624163],[61.78112967436026,56.491000624988374],[61.78469886586918,56.511226043539],[61.75614533379886,56.52550280957345],[61.75257614228994,56.542159036614976],[61.739489106758136,56.54096930611108],[61.73591991524921,56.56119472466072],[61.699038269658935,56.577850951702246],[61.691899886641885,56.59331744823979],[61.599100907413884,56.609973675281225],[61.58244468037316,56.62306071081187],[61.62646470898129,56.62306071081187],[61.63360309199904,56.64328612936151],[61.62051605646644,56.652803973384835],[61.6276544394842,56.67778831394659],[61.66691554608049,56.682547235957806],[61.70022800016185,56.69325481048422],[61.71093557468853,56.70396238501144],[61.71569449669957,56.728946725571404],[61.663346354571566,56.749172144121054],[61.63003390049021,56.770587293174685],[61.67405392909825,56.816986782787396],[61.71212530519144,56.865765733407],[61.75138641178693,56.907406301008415],[61.79421670989215,56.94309821609747],[61.85608269604391,56.978790131184745],[61.90724110766891,57.01686150727803],[61.96553790231184,57.051363691861326],[61.99290170387924,57.08110695443429],[62.00479900890804,57.10371183399003],[62.00717846991396,57.13821401857511],[62.02264496645168,57.18461350818871],[62.04881903751617,57.22744380629321],[62.07142391707173,57.24885895534497],[62.04924625974807,57.251578598400535],[61.9861905430941,57.25633752041264],[61.862458570790565,57.26466563393207],[61.745864981504795,57.27299374745239],[61.68399899535303,57.28132186097359],[61.64473788875683,57.334859733605306],[61.63759950573978,57.35627488265707],[61.59595893813766,57.36103380466828],[61.52933402997397,57.36817218768648],[61.52933402997397,57.384828414728005],[61.547179987517694,57.41457167730098],[61.56621567556434,57.431227904341526],[61.57216432807918,57.44907386188516],[61.6280816617161,57.463350627918814],[61.631650853225025,57.475247932948136],[61.62927139221902,57.487145237978446]]]]}},{"type":"Feature","properties":{"kind":"district","id":"uyezd-1897-494","name":"Чердынский","provinceId":"perm"},"geometry":{"type":"MultiPolygon","coordinates":[[[[59.45819336399211,62.27495021090361],[58.854999999013586,62.26186317537217],[58.20778660542774,62.24639667883365],[57.953184277804354,62.235689104307326],[57.52964021876629,62.2190328772658],[57.346421721317526,62.215463685757676],[57.295263309692004,62.140510664074995],[57.20484379147089,62.05128087635512],[57.12513184777558,61.995363542719176],[57.044230173576906,61.973948393665545],[56.920498201273546,61.97156893265945],[56.85625275411648,61.94777432260257],[56.765833235894576,61.89899537198286],[56.77416134941534,61.8692521094099],[56.751556469859594,61.86330345689479],[56.725382398795645,61.85973426538658],[56.74084889533381,61.82047315879029],[56.753935930865424,61.76098663364515],[56.70872617175492,61.756227711632164],[56.63615261107701,61.74433040660372],[56.59451204347479,61.66461846290805],[56.52312821330024,61.65272115787961],[56.457693035639906,61.5908551717266],[56.383929744458726,61.520661072055226],[56.341099446353965,61.49210753998526],[56.32682268031907,61.46712319942431],[56.347048098868896,61.41239559628959],[56.411293546026045,61.364806376172986],[56.46840061016562,61.33506311359993],[56.5040925252537,61.293422545998524],[56.59332231297233,61.23274629035038],[56.65756776012948,61.212520871800734],[56.68255210069087,61.20181329727441],[56.65518829912365,61.19824410576531],[56.5457330928551,61.20300302777741],[56.501713064247866,61.19348518375409],[56.482677376201394,61.17088030419924],[56.449364922119145,61.15779326866593],[56.35537621238885,61.080460785976356],[56.23640316209796,60.991230998257365],[56.13051714733788,60.9269855511011],[55.880673741726056,60.93174447311232],[55.85093047915301,60.90081148003625],[55.755752038920235,60.898432019031134],[55.69031686125982,60.90081148003625],[55.59751788203208,60.89129363601293],[55.47854483174038,60.88415525299571],[55.422627498103196,60.88772444450481],[55.29175714278324,60.88772444450481],[55.32744905787051,60.856791451429636],[55.35957178144949,60.842514685393326],[55.33934636289966,60.81515088382636],[55.2513063056835,60.81872007533635],[55.16802517047988,60.78183842974518],[55.15136894343917,60.72711082661046],[55.027636971135806,60.736628670633785],[54.717117309875306,60.750905436670095],[54.42563333666047,60.762802741698536],[54.26264025776155,60.75566435868043],[54.19601534959784,60.753284897675215],[54.128200710931594,60.756854089183435],[54.03540173170465,60.762802741698536],[53.981863859073385,60.762802741698536],[53.822439971682755,60.71283406057593],[53.790317248103776,60.68903945051718],[53.7510561415082,60.655726996436],[53.69037988585936,60.62479400336092],[53.68443123334451,60.602189123804195],[53.73202045346085,60.528425832623725],[53.70108746038524,60.522477180110386],[53.602339828643366,60.516528527595284],[53.45362351577924,60.51057987508008],[53.41674187018869,60.446334427923816],[53.45362351577924,60.32022299461464],[53.45243378527597,60.301187306567996],[53.46076189879673,60.285720810029474],[53.4893154308666,60.219095901867114],[53.54585866610714,60.183931759953325],[53.56608408465705,60.16846526341578],[53.645796028352365,60.14348092285403],[53.67910848243382,60.12087604329918],[53.75525123462003,60.01974895054988],[53.78023557518151,59.956693233896615],[53.77428692266729,59.92813970182665],[53.78023557518151,59.787751502482934],[53.66840090790723,59.58668704748921],[53.614863035276656,59.54028755787569],[53.52444351705485,59.46890372770034],[53.42688561581545,59.404658280543984],[53.342414750108475,59.351120407912276],[53.31980987055361,59.31066957081289],[53.39000397022569,59.29758253528145],[53.410229388774724,59.274977655725706],[53.42582807759108,59.24614505106821],[53.444863765637635,59.24495532056521],[53.482935141730735,59.196176369945505],[53.52219624832712,59.15810499385222],[53.58168277347261,59.11527469574772],[53.62213361057225,59.117654156753815],[53.699466093261734,59.13787957530435],[53.7875061504771,59.14620768882378],[53.83509537059345,59.14501795832078],[53.93027381082702,59.134310383794364],[53.912427853282935,59.147397419327675],[53.93503273283868,59.1545358023441],[53.91704169548878,59.16522339226324],[53.898006007442135,59.17831042779469],[53.88372924140733,59.200915307350435],[53.85993463134885,59.20924342086987],[53.8658832838636,59.22470991740829],[53.882539510904415,59.24017641394583],[53.91704169548878,59.24136614444981],[53.93726711403842,59.24493533595794],[53.953923341079054,59.258022371489474],[53.989615256166424,59.273488868027016],[54.01103040521898,59.273488868027016],[54.02530717125459,59.24969425796915],[54.03482501527746,59.24493533595794],[54.074086121873755,59.22708937841439],[54.11096776746403,59.230658569923406],[54.16569537059795,59.24969425796915],[54.197818094177286,59.24374560545405],[54.24897650580228,59.23184830042552],[54.297755456421534,59.23660722243771],[54.3727084781051,59.24850452746704],[54.41791823721614,59.252073718975254],[54.476215031858985,59.25921210199337],[54.50595829443151,59.286575903560326],[54.530942634992996,59.306801322109976],[54.574962663601035,59.3139397051264],[54.611844309191405,59.31750889663638],[54.63087999723805,59.30442186110396],[54.65943352930756,59.29371428657666],[54.70940221043045,59.30918078311607],[54.73676601199714,59.3139397051264],[54.767699005073375,59.31988835764062],[54.78911415412594,59.341303506693265],[54.79506280663998,59.39722084033108],[54.811719033681506,59.41149760636651],[54.86525690631251,59.40554895385051],[54.90451801290871,59.39008245731297],[54.9568661550368,59.38651326580475],[54.997316992136,59.38175434379265],[55.081787857842535,59.4067386843544],[55.10439273739801,59.39960030133629],[55.14246411349129,59.39127218781686],[55.20670956064898,59.407928414856514],[55.225745248695624,59.424584641898036],[55.250729589257105,59.43648194692648],[55.31973395842583,59.47812251452886],[55.39111778860056,59.51857335162825],[55.49938326436629,59.5935263733127],[55.61121793164022,59.66609993398929],[55.66237634326531,59.70298157958045],[55.669514726283154,59.731535111650416],[55.704016910867516,59.74700160818796],[55.72543205991999,59.74581187768584],[55.76231370551036,59.739863225169756],[55.784918585065924,59.74700160818796],[55.81466184763845,59.77317567925182],[55.87057918127537,59.7696064877437],[55.93244516742713,59.7696064877437],[56.015726302631464,59.77555514025881],[56.08473067180027,59.78507298428124],[56.10733555135575,59.800539480818784],[56.09900743783499,59.76841675723972],[56.13945827493419,59.7600886437194],[56.15730423247792,59.75176053020006],[56.206083183097796,59.77317567925182],[56.23344698466449,59.77912433176702],[56.289364318301324,59.75176053020006],[56.31910758087465,59.74581187768584],[56.36431733998578,59.730345381146435],[56.38454275853534,59.74224268617586],[56.40357844658198,59.731535111650416],[56.422614134628624,59.738673494666756],[56.439270361669344,59.737483764165525],[56.50351580882623,59.736294033661544],[56.51660284435883,59.75889891321729],[56.5522947594462,59.763657835229395],[56.6058326320772,59.763657835229395],[56.63914508615865,59.7624681047255],[56.67126780973789,59.78388325377912],[56.70458026381934,59.78507298428124],[56.70339053331633,59.76127837422338],[56.72718514337481,59.75889891321729],[56.76168732795917,59.77436540975483],[56.796189512543535,59.77436540975483],[56.848537654671624,59.7672270267376],[56.86043495970122,59.7672270267376],[56.927059867864116,59.78864217578936],[57.024617769103244,59.825523821380536],[57.079345372237164,59.86240546696993],[57.13288324486817,59.894528190548996],[57.16976489045934,59.889769268538664],[57.292307132259154,59.92427145312285],[57.3767779979664,59.950445524185824],[57.50764835328689,59.98137851726189],[57.60996517653795,59.965912020725234],[57.75868148940207,59.951635254689805],[57.92048483779818,59.93378929714617],[58.11916983178528,59.91475360909864],[58.32142401728041,59.89333846004688],[58.51297062824975,59.870733580491134],[58.63194367854144,59.85526708395359],[58.67477397664656,59.88857953803468],[58.71641454424877,59.92665091412797],[58.81873136749894,59.93497902764828],[58.96440725796762,59.94429123923963],[59.017945130598626,59.9764139628187],[59.08813923027035,60.019244260922314],[59.17736901798952,60.07278213355492],[59.241614465146405,60.10966377914431],[59.26065015319305,60.14059677222028],[59.267788536210894,60.196514105857204],[59.2820653022457,60.283364432569215],[59.28682422425745,60.33809203570402],[59.30467018180118,60.429701284428134],[59.31299829532114,60.49394673158528],[59.32013667833898,60.57008948377185],[59.32846479185966,60.68311388154959],[59.3356031748767,60.72118525764287],[59.35701832392927,60.79613827932733],[59.3879513170055,60.85919399598059],[59.417694579578026,60.910352407607185],[59.41650484907511,60.93414701766416],[59.39746916102847,60.9531827057108],[59.339172366385625,61.00315138683341],[59.30348045129826,61.04717141544101],[59.30585991230409,61.08524279153429],[59.32846479185966,61.135211472656906],[59.293962607274494,61.16376500472776],[59.238045273637574,61.180421231767504],[59.25827069218722,61.23752829590743],[59.25232203967309,61.25894344496008],[59.23209662112353,61.282738055017944],[59.239235004140575,61.306532665077576],[59.27016799721682,61.33865538865664],[59.30348045129826,61.376726764749925],[59.370105359461064,61.427885176374744],[59.38081293398775,61.452869516936495],[59.37962320348474,61.47785385749647],[59.34393128839738,61.515925233589755],[59.333223713870694,61.54923768767094],[59.339172366385625,61.58136041125],[59.34987994091222,61.64917504991714],[59.3605875154381,61.676538851484096],[59.39746916102847,61.736025376629144],[59.433161076115745,61.76933783071033],[59.36891562895886,61.80621947630149],[59.370105359461064,61.85142923541298],[59.378433472981826,61.904967108043806],[59.401038352537306,61.93946929262711],[59.446248111647634,61.97992012972649],[59.467134491588325,62.01476013902172],[59.482600988126045,62.0540212456181],[59.455237186558726,62.07662612517375],[59.45642691706164,62.11826669277525],[59.46951395259433,62.16347645188674],[59.47665233561129,62.20273755848214],[59.4516679950498,62.232480821055105],[59.45819336399211,62.27495021090361]]]]}},{"type":"Feature","properties":{"kind":"district","id":"uyezd-1897-813","name":"Шадринский","provinceId":"perm"},"geometry":{"type":"MultiPolygon","coordinates":[[[[64.80826816719744,55.71019269968478],[64.80751031315853,55.752736127852586],[64.79918219963787,55.79794588696407],[64.8170281571815,55.87408863915064],[64.81107950466745,55.909780554237834],[64.79680273863185,55.94071354731292],[64.84558168925182,55.965697887874754],[64.90625794489986,55.9787849234062],[64.9229141719413,55.99068222843651],[64.95265743451392,55.99901034195594],[64.96812393105164,56.0228049520138],[64.97883150557831,56.059686597604966],[64.96217527853759,56.09537851269215],[64.93243201596427,56.11679366174391],[64.92767309395242,56.14772665481998],[64.91101686691171,56.17390072588482],[64.8693762993095,56.19888506644657],[64.82297680969626,56.221489946002315],[64.74445459650386,56.24171536455019],[64.70400375940466,56.26907916611892],[64.67307076632912,56.285735393158575],[64.63856858174395,56.286925123662556],[64.62786100721809,56.33094515227006],[64.6040663971596,56.363067875849126],[64.57432313458708,56.39162140791909],[64.51959553145306,56.388052216409015],[64.49104199938274,56.40470844345054],[64.50769822642347,56.41660574847995],[64.49223172988576,56.43326197551961],[64.45059116228354,56.42374413149629],[64.43393493524282,56.42374413149629],[64.42084789971102,56.441590089039934],[64.44702197077461,56.449918202561136],[64.4172787082021,56.47490254312289],[64.36612029657701,56.521302032736486],[64.38515598462365,56.541527451286136],[64.4327452047399,56.57246044436122],[64.50769822642347,56.58197828838454],[64.56361556006038,56.61172155095662],[64.65522480878548,56.62123939498181],[64.74802378801277,56.64027508302756],[64.78014651159123,56.64860319654779],[64.82892546221117,56.678346459120846],[64.89674010087691,56.72117675722623],[64.93957039898211,56.750920019798315],[64.90387848389466,56.78304274337738],[64.949088243005,56.80326816192702],[64.949088243005,56.83301142449999],[64.9360012074732,56.844908729528434],[64.91577578892355,56.85323684304964],[64.895550370374,56.85561630405574],[64.88722225685322,56.848477921037535],[64.89079144836215,56.840149807516326],[64.86699683830446,56.82349358047667],[64.83487411472514,56.82349358047667],[64.81464869617558,56.81278600595034],[64.79561300812894,56.819924388968545],[64.78133624209414,56.81754492796245],[64.76824920656233,56.827062771984885],[64.75278271002381,56.82349358047667],[64.73017783046905,56.824683310978784],[64.70876268141649,56.80445789242914],[64.65641453928848,56.78542220438339],[64.56123609905447,56.772335168850965],[64.46129873681022,56.76162759432553],[64.39943275065846,56.754489211307416],[64.3518435305414,56.75924813331952],[64.31020296294008,56.77947355186917],[64.28521862237861,56.78185301287526],[64.24119859377056,56.754489211307416],[64.21740398371199,56.75924813331952],[64.19598883466023,56.754489211307416],[64.166245572087,56.748540558792214],[64.15434826705811,56.778283821365186],[64.13888177051959,56.78542220438339],[64.12103581297586,56.78542220438339],[64.0984309334211,56.80683735343515],[64.0710671318538,56.818734658464564],[64.04132386928126,56.82230384997278],[64.00682168469609,56.846098460032415],[63.96161192558577,56.86870333958727],[63.90688432245176,56.87584172260539],[63.845018336299994,56.88179037511961],[63.80932642121272,56.900826063165354],[63.690353370921024,56.85799576506183],[63.592795469681896,56.818734658464564],[63.559483015600534,56.81040654494425],[63.55591382409161,56.790181126395495],[63.542826788559815,56.778283821365186],[63.50713487347165,56.760437863821636],[63.51070406498057,56.73664325376289],[63.50237595146061,56.71522810471104],[63.477391610899126,56.700951338676504],[63.44050996530884,56.63075723900424],[63.38816182318075,56.53914799028004],[63.39648993670072,56.51892257173039],[63.414335894244445,56.50464580569496],[63.44169969581176,56.49869715318074],[63.43932023480584,56.4784717346311],[63.42742292977695,56.44872847205804],[63.4202845467592,56.441590089039934],[63.39767966720372,56.44872847205804],[63.361987752116356,56.44872847205804],[63.32510610652607,56.446349011052035],[63.26561958138023,56.438020897531715],[63.2346865883047,56.429692784012374],[63.1692514106441,56.42850305350839],[63.124041651533766,56.41065709596476],[63.083590814434565,56.41303655697085],[63.06812431789604,56.389241946912996],[63.06812431789604,56.373775450374566],[63.039570785826434,56.37496518087757],[63.01339671476204,56.365447336853364],[62.984843182692515,56.34879110981362],[62.93844369307847,56.34879110981362],[62.894423664470345,56.32975542176608],[62.880146898435626,56.311909464222445],[62.84564471385118,56.300012159193116],[62.804004146249056,56.300012159193116],[62.76712250065878,56.30834027271432],[62.74451762110321,56.30358135070222],[62.73024085506841,56.285735393158575],[62.73024085506841,56.25480240008349],[62.732620316074325,56.22624886801353],[62.72310247205065,56.2036439884569],[62.68503109595736,56.18579803091326],[62.67432352143148,56.211972101978105],[62.596991038742,56.20840291046989],[62.53988397460207,56.201264527452665],[62.51846882554951,56.18817749192024],[62.51608936454359,56.16557261236362],[62.485156371468065,56.16081369035329],[62.45303364788962,56.19769533594259],[62.36499359067346,56.19531587493658],[62.30431733502461,56.18460830041114],[62.23650269635888,56.16081369035329],[62.206759433785564,56.123932044762114],[62.15679075266339,56.134639619289416],[62.039007432874705,56.15843422934719],[61.964054411191135,56.17152126487872],[61.92241384358893,56.19293641393048],[61.92836249610377,56.211972101978105],[61.94025980113257,56.23457698153376],[61.92122411308593,56.24885374756927],[61.878393814980804,56.25837159159162],[61.853409474420204,56.223869407006546],[61.85697866592904,56.19888506644657],[61.84389163039644,56.17628018689083],[61.84313607489366,56.1751720388201],[61.808199715309165,56.123932044762114],[61.777266722233634,56.0763428246464],[61.72848777161367,56.07039417213129],[61.67376016847975,56.07158390263341],[61.624981217860494,56.077532555148515],[61.584530380761294,56.08824012967493],[61.54288981315917,56.09894770420037],[61.509577359077724,56.11679366174391],[61.47269571348745,56.11679366174391],[61.43581406789716,56.10370662621247],[61.433434606891154,56.082291477160624],[61.45841894745184,56.053737945089765],[61.47507517449336,56.01328710799048],[61.48459301851624,55.984733575920515],[61.47388544399045,55.96450815737264],[61.465557330469686,55.92762651178147],[61.428675684879316,55.86100160361734],[61.40726053582676,55.85029402909279],[61.398932422306,55.831258341045256],[61.398932422306,55.80746373098642],[61.381086464762355,55.777720468414344],[61.38227619526536,55.758684780366806],[61.41439891884451,55.7146647517593],[61.43105514588524,55.68968041119844],[61.43581406789716,55.670644723150915],[61.4274859543764,55.64090146057883],[61.40726053582676,55.60283008448555],[61.39298376979204,55.5778457439246],[61.38109693121735,55.55161272086313],[61.44608976595859,55.54600989028222],[61.49962763859057,55.5329228547498],[61.529370901163006,55.510317975195925],[61.550786050215656,55.509128244691944],[61.58290877379419,55.518646088715265],[61.64596449044869,55.51388716670405],[61.73876346967643,55.509128244691944],[61.804198647336136,55.509128244691944],[61.927930619639845,55.509128244691944],[62.02905771238755,55.507938514188936],[62.08735450702986,55.506748783685936],[62.20394809631554,55.51388716670405],[62.320541685601135,55.536492046259795],[62.43832500539018,55.55909692581376],[62.493052608523925,55.61144506794336],[62.50851910506191,55.56980450034097],[62.58347212674574,55.576942883358285],[62.62154350283894,55.536492046259795],[62.648907304406166,55.497230939662614],[62.69887598552878,55.4936617481544],[62.77263927670907,55.4936617481544],[62.83807445436958,55.501989861674716],[62.872576638954214,55.486523365137174],[62.952288582649174,55.49961040066862],[63.035569717853676,55.52697420223558],[63.108143278531415,55.55909692581376],[63.13788654110394,55.60430668492613],[63.15930169015659,55.63048075599],[63.19975252725579,55.642378061019414],[63.21521902379378,55.653085635544855],[63.20332171876445,55.6768802456036],[63.248531477875666,55.68877755063204],[63.273515818436884,55.720900274211104],[63.32824342157072,55.71019269968478],[63.36750452816656,55.7173310827029],[63.407955365265764,55.73398730974255],[63.45078566337098,55.770868955333725],[63.499564613990145,55.76967922483072],[63.545964103604014,55.76492030281861],[63.59712251522919,55.75183326728708],[63.66136796238705,55.75897165030439],[63.72323394853881,55.74826407577709],[63.756546402619996,55.73636677074954],[63.78509993468996,55.724469465720205],[63.80294589223395,55.74588461477197],[63.85053511235047,55.753022997789195],[63.908831906993576,55.77919706885315],[63.96355951012741,55.79942248740279],[63.99806169471195,55.818458175449436],[64.00757953873527,55.85890901254971],[64.03613307080514,55.8577192820467],[64.03613307080514,55.83987332450307],[64.06825579438367,55.826786288970645],[64.10037851796221,55.82202736695854],[64.1967466886986,55.816078714444316],[64.2443359088152,55.81013006192912],[64.29192512893164,55.797043026397674],[64.30501216446433,55.76967922483072],[64.3359451575395,55.75659218929927],[64.3740165336327,55.75659218929927],[64.41089817922332,55.76492030281861],[64.45372847732854,55.76016138080651],[64.4775230873864,55.77205868583584],[64.4977485059364,55.76967922483072],[64.52868149901238,55.75421272829229],[64.5834091021461,55.730418118233544],[64.65122374081264,55.735177040245645],[64.67977727288252,55.72209000471322],[64.74640218104558,55.730418118233544],[64.80826816719744,55.71019269968478]]]]}},{"type":"Feature","properties":{"kind":"district","id":"uyezd-1897-814","name":"Камышловский","provinceId":"perm"},"geometry":{"type":"MultiPolygon","coordinates":[[[[64.73017783046905,56.824683310978784],[64.72690239957791,56.8610068113949],[64.72214347756687,56.890750073967865],[64.70905644203427,56.92525225855205],[64.66265695242103,56.96451336514834],[64.62101638481892,56.99425662772229],[64.5650990511819,57.02043069878616],[64.5115611785501,57.03232800381557],[64.44374653988427,57.057312344376435],[64.37474217071556,57.0787274934282],[64.40924435529992,57.10728102549816],[64.43898761787244,57.13702428807122],[64.40924435529992,57.16319835913508],[64.3925881282592,57.191751891205044],[64.32953241160452,57.17033674215328],[64.27123561696158,57.142972940587214],[64.2188874748336,57.1798545861766],[64.17486744622545,57.207218387744454],[64.14869337516106,57.236961650317426],[64.1403652616411,57.28217140942704],[64.09872469403888,57.30120709747466],[64.05470466543076,57.32976062954365],[64.00592571481168,57.32738116853764],[63.99640787078792,57.307155749987906],[63.96071595570064,57.3059660194849],[63.95000838117476,57.2702741043986],[63.866727245970345,57.26075626037528],[63.775117997246056,57.24647949433985],[63.744185004170525,57.25599733836317],[63.69540605355065,57.26908437389462],[63.659714138463286,57.26670491289039],[63.628781145387755,57.27503302641071],[63.61450437935224,57.29406871445646],[63.58714057778564,57.3059660194849],[63.53479243565684,57.3166735940122],[63.49077240704951,57.3166735940122],[63.45745995296726,57.31072494149798],[63.45745995296726,57.286930331438256],[63.420578307376985,57.277412487414935],[63.40868100234819,57.29644817546247],[63.37655827876966,57.298827636468566],[63.344435555190415,57.309535210994],[63.27781064702761,57.30358655847978],[63.16121705774184,57.298827636468566],[63.05771050398786,57.297637905964585],[62.9839472128073,57.291689253450365],[62.96491152476066,57.271463834900715],[62.93278880118221,57.25718706886707],[62.90423526911181,57.26075626037528],[62.89233796408301,57.24766922484286],[62.91018392162674,57.23815138081954],[62.89233796408301,57.23220272830532],[62.86378443201269,57.22982326729833],[62.83404116944017,57.228633536797105],[62.811436289884604,57.221495153778015],[62.76265733926544,57.23934111132165],[62.68651458707887,57.236961650317426],[62.67223782104335,57.25004868584895],[62.66985836003814,57.264325451883494],[62.644874019476745,57.271463834900715],[62.63535617545298,57.25480760786106],[62.60323345187454,57.24172057232775],[62.61869994841235,57.221495153778015],[62.54017773521977,57.19889027422414],[62.50686528113841,57.21792596226989],[62.48426040158294,57.23934111132165],[62.46998363554813,57.228633536797105],[62.45451713901041,57.20840811824657],[62.40811764939637,57.203649196234466],[62.312939209163154,57.20008000472625],[62.24155537898842,57.201269735228365],[62.1999148113863,57.20840811824657],[62.16303316579602,57.222684884281996],[62.10711583215901,57.24410003333376],[62.07142391707173,57.24885895534497],[62.04881903751617,57.22744380629321],[62.02264496645168,57.18461350818871],[62.00717846991396,57.13821401857511],[62.00479900890804,57.10371183399003],[61.99290170387924,57.08110695443429],[61.96553790231184,57.051363691861326],[61.90724110766891,57.01686150727803],[61.85608269604391,56.978790131184745],[61.79421670989215,56.94309821609747],[61.75138641178693,56.907406301008415],[61.71212530519144,56.865765733407],[61.67405392909825,56.816986782787396],[61.63003390049021,56.770587293174685],[61.663346354571566,56.749172144121054],[61.71569449669957,56.728946725571404],[61.71093557468853,56.70396238501144],[61.70022800016185,56.69325481048422],[61.66691554608049,56.682547235957806],[61.6276544394842,56.67778831394659],[61.62051605646644,56.652803973384835],[61.63360309199904,56.64328612936151],[61.62646470898129,56.62306071081187],[61.58244468037316,56.62306071081187],[61.599100907413884,56.609973675281225],[61.691899886641885,56.59331744823979],[61.699038269658935,56.577850951702246],[61.73591991524921,56.56119472466072],[61.739489106758136,56.54096930611108],[61.75257614228994,56.542159036614976],[61.75614533379886,56.52550280957345],[61.78469886586918,56.511226043539],[61.78112967436026,56.491000624988374],[61.75257614228994,56.4612573624163],[61.74067883726105,56.43984221336267],[61.73710964575222,56.41366814229969],[61.691899886641885,56.40652975928149],[61.683571773121216,56.38630434073184],[61.66572581557749,56.38392487972575],[61.66453608507457,56.39939137626516],[61.646690127530846,56.40296056777336],[61.59672144640867,56.38035568821762],[61.59315225489984,56.36726865268609],[61.56578845333244,56.356561078158876],[61.5741165668532,56.32681781558679],[61.6014803684198,56.31492051055738],[61.6014803684198,56.280418325972306],[61.59672144640867,56.26733129044166],[61.58482414137908,56.25662371591444],[61.599100907413884,56.23520856686268],[61.622895517472365,56.237588027868696],[61.646690127530846,56.21498314831295],[61.66929500708641,56.22331126183327],[61.71807395770558,56.21498314831295],[61.71093557468853,56.20308584328362],[61.68952042563597,56.20308584328362],[61.683571773121216,56.189998807751195],[61.71331503569374,56.186429616242094],[61.77161183033658,56.184050155236],[61.81206266743578,56.184050155236],[61.84313607489366,56.1751720388201],[61.84389163039644,56.17628018689083],[61.85697866592904,56.19888506644657],[61.853409474420204,56.223869407006546],[61.878393814980804,56.25837159159162],[61.92122411308593,56.24885374756927],[61.94025980113257,56.23457698153376],[61.92836249610377,56.211972101978105],[61.92241384358893,56.19293641393048],[61.964054411191135,56.17152126487872],[62.039007432874705,56.15843422934719],[62.15679075266339,56.134639619289416],[62.206759433785564,56.123932044762114],[62.23650269635888,56.16081369035329],[62.30431733502461,56.18460830041114],[62.36499359067346,56.19531587493658],[62.45303364788962,56.19769533594259],[62.485156371468065,56.16081369035329],[62.51608936454359,56.16557261236362],[62.51846882554951,56.18817749192024],[62.53988397460207,56.201264527452665],[62.596991038742,56.20840291046989],[62.67432352143148,56.211972101978105],[62.68503109595736,56.18579803091326],[62.72310247205065,56.2036439884569],[62.732620316074325,56.22624886801353],[62.73024085506841,56.25480240008349],[62.73024085506841,56.285735393158575],[62.74451762110321,56.30358135070222],[62.76712250065878,56.30834027271432],[62.804004146249056,56.300012159193116],[62.84564471385118,56.300012159193116],[62.880146898435626,56.311909464222445],[62.894423664470345,56.32975542176608],[62.93844369307847,56.34879110981362],[62.984843182692515,56.34879110981362],[63.01339671476204,56.365447336853364],[63.039570785826434,56.37496518087757],[63.06812431789604,56.373775450374566],[63.06812431789604,56.389241946912996],[63.083590814434565,56.41303655697085],[63.124041651533766,56.41065709596476],[63.1692514106441,56.42850305350839],[63.2346865883047,56.429692784012374],[63.26561958138023,56.438020897531715],[63.32510610652607,56.446349011052035],[63.361987752116356,56.44872847205804],[63.39767966720372,56.44872847205804],[63.4202845467592,56.441590089039934],[63.42742292977695,56.44872847205804],[63.43932023480584,56.4784717346311],[63.44169969581176,56.49869715318074],[63.414335894244445,56.50464580569496],[63.39648993670072,56.51892257173039],[63.38816182318075,56.53914799028004],[63.44050996530884,56.63075723900424],[63.477391610899126,56.700951338676504],[63.50237595146061,56.71522810471104],[63.51070406498057,56.73664325376289],[63.50713487347165,56.760437863821636],[63.542826788559815,56.778283821365186],[63.55591382409161,56.790181126395495],[63.559483015600534,56.81040654494425],[63.592795469681896,56.818734658464564],[63.690353370921024,56.85799576506183],[63.80932642121272,56.900826063165354],[63.845018336299994,56.88179037511961],[63.90688432245176,56.87584172260539],[63.96161192558577,56.86870333958727],[64.00682168469609,56.846098460032415],[64.04132386928126,56.82230384997278],[64.0710671318538,56.818734658464564],[64.0984309334211,56.80683735343515],[64.12103581297586,56.78542220438339],[64.13888177051959,56.78542220438339],[64.15434826705811,56.778283821365186],[64.166245572087,56.748540558792214],[64.19598883466023,56.754489211307416],[64.21740398371199,56.75924813331952],[64.24119859377056,56.754489211307416],[64.28521862237861,56.78185301287526],[64.31020296294008,56.77947355186917],[64.3518435305414,56.75924813331952],[64.39943275065846,56.754489211307416],[64.46129873681022,56.76162759432553],[64.56123609905447,56.772335168850965],[64.65641453928848,56.78542220438339],[64.70876268141649,56.80445789242914],[64.73017783046905,56.824683310978784]]]]}},{"type":"Feature","properties":{"kind":"district","id":"uyezd-1897-815","name":"Верхотурский","provinceId":"perm"},"geometry":{"type":"MultiPolygon","coordinates":[[[[62.626265553661916,58.028472616803775],[62.63115666795159,58.09782949871531],[62.62044909342571,58.14660844933404],[62.63115666795159,58.20966416598917],[62.651382086501236,58.24535608107635],[62.658520469519,58.278668535157536],[62.63591558996343,58.3107912587366],[62.574049603811666,58.344103712818665],[62.526460383695415,58.37741616689985],[62.50861442615177,58.401210776957704],[62.519322000677654,58.44404107506398],[62.53597822771838,58.48211245115726],[62.569290681800624,58.508286522221134],[62.57523933431467,58.5344605932842],[62.5657214902917,58.55944493384595],[62.52883984470142,58.59156765742413],[62.532409036210346,58.629639033517414],[62.54192688023322,58.668900140113706],[62.52051173118066,58.69983313318967],[62.52051173118066,58.734335317774836],[62.57167014280574,58.7640785803478],[62.60498259688799,58.78787319040566],[62.60974151889903,58.82713429700293],[62.61569017141378,58.85687755957403],[62.590705830852386,58.898518127177304],[62.54668580224506,58.947297077797],[62.52170146168366,58.99012737590151],[62.55858310727395,59.0353371350129],[62.569290681800624,59.05794201456687],[62.547875532748066,59.09244419915194],[62.50504523464294,59.13051557524523],[62.44317924849118,59.16263829882429],[62.3789338013342,59.18762263938604],[62.28494509160319,59.200709674917576],[62.1671617718153,59.20546859692968],[62.12433147371018,59.181673986870045],[62.049378452026616,59.18405344787605],[61.95063082028448,59.190002100390274],[61.89947240865939,59.19357129190026],[61.85902157156019,59.21022751894001],[61.81619127345507,59.23283239849566],[61.773360975349945,59.264955122074724],[61.73885879076558,59.29945730665989],[61.721012833221856,59.347046526776495],[61.70673606718714,59.39344601639001],[61.67699280461382,59.46839903807269],[61.65200846405233,59.53264448522984],[61.634162506508694,59.584992627358545],[61.66985442159686,59.63972023049335],[61.726961485736695,59.742037053743886],[61.76979178384111,59.813420883918255],[61.78763774138475,59.84792306850342],[61.78882747188775,59.87052794805916],[61.774550705852945,59.894322558117025],[61.71982310271894,59.92406582068999],[61.67818253511682,59.95023989175385],[61.723392294227864,60.02757237444254],[61.74480744328034,60.06564375053583],[61.77811989736178,60.09657674361277],[61.829278308986865,60.12869946719184],[61.84593453602759,60.16320165177514],[61.849503727536515,60.23577521245261],[61.85426264954835,60.283364432569215],[61.85545238005127,60.352368801739445],[61.873298337594996,60.44635751146966],[61.88519564262388,60.50108511460437],[61.87686752910392,60.51893107214801],[61.798345315911426,60.589125171819475],[61.69959768416929,60.674785768029366],[61.52351756973776,60.80327666234464],[61.366473143352785,60.910352407607185],[61.23385503775831,60.99423052567431],[61.227274674512245,60.99839246482131],[61.16659841886348,61.03170491890435],[60.989328573928944,61.14472931668023],[60.78469492742781,61.26370236697218],[60.6645321466332,61.33627592765063],[60.50986718125414,61.43026463738075],[60.382566017442485,61.507597120069434],[60.26240323664788,61.580170680747884],[60.173173448929504,61.64084693639691],[60.06966689517553,61.70985130556528],[59.99709333449788,61.757440525682775],[59.928088965328364,61.813357859319694],[59.870981901188436,61.87522384547084],[59.84123863861591,61.906156838545925],[59.761526694920505,61.92400279608957],[59.64850229714366,61.94303848413709],[59.5604622399282,61.95612551966863],[59.50216544528536,61.96326390268674],[59.446248111647634,61.97992012972649],[59.401038352537306,61.93946929262711],[59.378433472981826,61.904967108043806],[59.370105359461064,61.85142923541298],[59.36891562895886,61.80621947630149],[59.433161076115745,61.76933783071033],[59.39746916102847,61.736025376629144],[59.3605875154381,61.676538851484096],[59.34987994091222,61.64917504991714],[59.339172366385625,61.58136041125],[59.333223713870694,61.54923768767094],[59.34393128839738,61.515925233589755],[59.37962320348474,61.47785385749647],[59.38081293398775,61.452869516936495],[59.370105359461064,61.427885176374744],[59.30348045129826,61.376726764749925],[59.27016799721682,61.33865538865664],[59.239235004140575,61.306532665077576],[59.23209662112353,61.282738055017944],[59.25232203967309,61.25894344496008],[59.25827069218722,61.23752829590743],[59.238045273637574,61.180421231767504],[59.293962607274494,61.16376500472776],[59.32846479185966,61.135211472656906],[59.30585991230409,61.08524279153429],[59.30348045129826,61.04717141544101],[59.339172366385625,61.00315138683341],[59.39746916102847,60.9531827057108],[59.41650484907511,60.93414701766416],[59.417694579578026,60.910352407607185],[59.3879513170055,60.85919399598059],[59.35701832392927,60.79613827932733],[59.3356031748767,60.72118525764287],[59.32846479185966,60.68311388154959],[59.32013667833898,60.57008948377185],[59.31299829532114,60.49394673158528],[59.30467018180118,60.429701284428134],[59.28682422425745,60.33809203570402],[59.2820653022457,60.283364432569215],[59.267788536210894,60.196514105857204],[59.26065015319305,60.14059677222028],[59.241614465146405,60.10966377914431],[59.17736901798952,60.07278213355492],[59.08813923027035,60.019244260922314],[59.017945130598626,59.9764139628187],[58.96440725796762,59.94429123923963],[59.01913486110163,59.866958756549174],[59.114313301334754,59.85030252950943],[59.26421934470197,59.83007711095978],[59.3213264088419,59.77415977732286],[59.32370586984782,59.6944478336263],[59.34036209688854,59.661135379545115],[59.341551827391456,59.63972023049335],[59.28682422425745,59.606407776412176],[59.186886862012486,59.56119801730078],[59.09289815228228,59.513608797184176],[59.05244731518307,59.48981418712631],[59.046498662668235,59.46601957706659],[59.06434462021187,59.44341469751271],[59.12502087586072,59.43865577549972],[59.178558748491724,59.429137931477285],[59.21900958559093,59.40296386041244],[59.22019931609393,59.37797951985247],[59.20711228056204,59.348236257278614],[59.17974847899464,59.32206218621377],[59.170230634971766,59.29826757615591],[59.18093820949765,59.28161134911625],[59.19640470603616,59.2542475475484],[59.17974847899464,59.23640159000476],[59.15833332994297,59.21022751894001],[59.17736901798952,59.198330213911476],[59.17974847899464,59.182863717373934],[59.17328760332631,59.17511066657062],[59.15595386893696,59.15431018530309],[59.10836464882,59.08887500764373],[59.07743165574447,59.047234440040455],[59.06196515920675,59.01630144696537],[59.16547171295993,58.9817992623803],[59.210681472070966,58.95919438282633],[59.26421934470197,58.94848680829912],[59.37605401197591,58.954435460814224],[59.442678920139514,58.95919438282633],[59.48788867924976,59.01035279445115],[59.52833951634896,59.043665248532335],[59.592584963506646,59.02581929098869],[59.631846070102846,59.01749117746749],[59.68657367323685,59.00202468092995],[59.707988822289416,58.98060953187819],[59.724645049330135,58.962763574334545],[59.63660499211477,58.91993327622916],[59.593774694009646,58.892569474663084],[59.561651970430404,58.87472351711767],[59.54380601288668,58.814047261469526],[59.533098438360796,58.78192453789144],[59.50335517578827,58.7557504668266],[59.461714608186156,58.71410989922519],[59.49145787075868,58.67365906212581],[59.47242218271204,58.64391579955284],[59.45933514718015,58.61179307597466],[59.49026814025567,58.55111682032475],[59.5081140977994,58.51899409674657],[59.509303828302315,58.4844919121615],[59.52714978584604,58.45831784109763],[59.49264760126168,58.46307676310974],[59.46647353019719,58.45474864959031],[59.44862757265356,58.432143770034564],[59.42126377108695,58.420246465005235],[59.403417813543314,58.420246465005235],[59.3879513170055,58.38812374142706],[59.39271023901663,58.34053452131045],[59.409366466057264,58.28699664867785],[59.44505838114543,58.248925272584565],[59.4676632607002,58.23464850655003],[59.47404792996752,58.198164682167814],[59.47599137422096,58.187059286433424],[59.48907840975276,58.14303925782592],[59.468852991203114,58.12519330028228],[59.470042721706115,58.08236300217689],[59.48907840975276,58.00740998049421],[59.45814541667723,57.93840561132397],[59.39865889153138,57.812294178014795],[59.3605875154381,57.75399738337186],[59.30467018180118,57.76113576639095],[59.251132309170174,57.77065361041329],[59.239235004140575,57.723064390297665],[59.246373387158336,57.69689031923282],[59.28682422425745,57.6838032837004],[59.26659880570789,57.66952651766498],[59.21663012458501,57.657629212635555],[59.1488154859192,57.654060021127435],[59.10717491831699,57.652870290625316],[59.06196515920675,57.657629212635555],[59.047688393171235,57.654060021127435],[59.06553435071488,57.640972985595894],[59.109554379323,57.642162716098014],[59.15238467742804,57.63621406358379],[59.19521497553316,57.61003999251993],[59.22019931609393,57.61003999251993],[59.238045273637574,57.61955783654227],[59.25351177017609,57.61241945352593],[59.307049642807094,57.61003999251993],[59.437919998127676,57.61122972302204],[59.63898445311989,57.61479891453203],[59.84718729113075,57.61955783654227],[59.98757549047421,57.62669621956136],[60.03040578857933,57.63383460257769],[60.09346150523401,57.660008673641656],[60.275490272179674,57.646921638111095],[60.43372442906757,57.63621406358379],[60.56340505388514,57.62550648905747],[60.65977322462127,57.61360918402805],[60.66929106864504,57.648111368613215],[60.67286026015396,57.661198404145544],[60.68832675669168,57.6802340921913],[60.67286026015396,57.68737247520861],[60.660962955124276,57.70521843275216],[60.693085678702715,57.727823312307905],[60.67286026015396,57.74566926985155],[60.67999864317092,57.76470495789907],[60.70855217524124,57.77184334091541],[60.76327977837524,57.76827414940729],[60.75495166485448,57.739720617337326],[60.758520856363404,57.6861827447065],[60.76090031736933,57.61598864503415],[60.77398735290112,57.59338376547841],[60.80016142396553,57.576727538438746],[60.873924715146174,57.576727538438746],[60.91913447425722,57.567209694415425],[60.96196477236154,57.581486460448986],[61.02145129750739,57.58743511296419],[61.04643563806887,57.581486460448986],[61.076178900641395,57.59695295698839],[61.09283512768283,57.61717837553804],[61.11900919874652,57.62788595006347],[61.159460035845726,57.63740379408591],[61.1689778798694,57.657629212635555],[61.160649766348726,57.6885622057125],[61.17254707137752,57.715926007278576],[61.16540868836048,57.74210007834333],[61.22251575250041,57.74210007834333],[61.274863894628496,57.74210007834333],[61.303417426698815,57.75280765286975],[61.327212036756585,57.75994603588697],[61.33316068927142,57.75280765286975],[61.315314731727696,57.74328980884545],[61.3295914977625,57.733771964822125],[61.34743745530614,57.736151425828226],[61.351006646815065,57.719495198788564],[61.3819396398913,57.71473627677646],[61.414062363469746,57.70045951074094],[61.42120074648679,57.711167085268244],[61.41287263296683,57.7254438513019],[61.43666724302531,57.727823312307905],[61.461651583586,57.724254120799785],[61.48068727163264,57.68499301420438],[61.49972295967928,57.670716248168866],[61.522327839234755,57.63740379408591],[61.5413635272814,57.62431675855437],[61.54017379677848,57.60647080101083],[61.57229652035764,57.588624843468075],[61.571106789854724,57.554122658883],[61.60322951343316,57.53151777932726],[61.58538355588953,57.5065334387664],[61.56158894583105,57.49701559474219],[61.554450562814,57.482738828708534],[61.56039921532804,57.46727233216913],[61.5949013999124,57.48035936770244],[61.62927139221902,57.487145237978446],[61.618563817693136,57.49785281250388],[61.66972222931831,57.507370656528096],[61.707793605411595,57.51569877004752],[61.71850117993819,57.52640634457384],[61.72088064094331,57.539493380105384],[61.73634713748183,57.54663176312349],[61.735157406978914,57.565667451170135],[61.74467525100188,57.57875448670256],[61.74348552049887,57.60016963575432],[61.78512608810108,57.59303125273799],[61.81843854218253,57.57875448670256],[61.837474230229084,57.54068311060927],[61.83390503872105,57.51807823105353],[61.86483803179649,57.5145090395454],[61.877925067328285,57.551390685134706],[61.86364830129348,57.58470313921678],[61.886253180849046,57.60254909676041],[61.90766832990161,57.6013593662583],[61.94217051448597,57.615636132291954],[61.98262135158517,57.62634370681916],[62.00641596164375,57.647758855870926],[62.03615922421618,57.65965616090034],[62.03496949371326,57.697727536993625],[62.014744075163705,57.72985026057181],[61.95525755001777,57.75126540962535],[61.901719677386765,57.76197298415078],[61.891012102860884,57.78338813320441],[61.93622186197122,57.781008672198396],[61.95287808901194,57.790526516220744],[61.98381108208818,57.78933678571863],[62.00760569214586,57.79766489923806],[62.00998515315178,57.80718274326227],[62.01712353616963,57.82383897030379],[62.0659024867887,57.8250287008059],[62.08850736634427,57.83097735332102],[62.09207655785319,57.841684927847425],[62.0659024867887,57.857151424384966],[62.08136898332722,57.89641253098037],[62.11230197640275,57.90712010550759],[62.09207655785319,57.92020714103823],[62.08612790533835,57.93686336807966],[62.07066140880063,57.934483907073655],[62.05043599025098,57.94162229009177],[62.05757437326874,57.95589905612728],[62.04924625974807,57.9654169001506],[62.06352302578358,57.98326285769416],[62.07304086980655,57.998729354230804],[62.08612790533835,58.018954772780454],[62.11230197640275,58.03918019133019],[62.10992251539683,58.05702614887374],[62.14680416098711,58.06297480138893],[62.169409040542675,58.0451288438453],[62.1872549980864,58.04036992183319],[62.20391122512704,58.0522672268635],[62.252690175747006,58.04393911334141],[62.252690175747006,58.022523964289554],[62.31455616189797,58.010626659260225],[62.38237080056458,57.99753962372869],[62.435908673195584,57.97969366618506],[62.50967196437623,57.98326285769416],[62.552502262481354,57.99159097121447],[62.57867633354576,57.999919084734785],[62.59295309958056,57.98326285769416],[62.623886092656086,57.9963498932248],[62.63459366718268,58.009436928758106],[62.626265553661916,58.028472616803775]]]]}},{"type":"Feature","properties":{"kind":"district","id":"uyezd-1897-816","name":"Соликамский","provinceId":"perm"},"geometry":{"type":"MultiPolygon","coordinates":[[[[53.93503273283868,59.1545358023441],[53.97310410893178,59.134310383794364],[54.0421084781013,59.141448766812566],[54.049246861118704,59.129551461782256],[54.03972901709547,59.1128952347426],[54.03972901709547,59.09861846870807],[54.03259063407798,59.079582780661426],[54.03972901709547,59.05935736211089],[53.96715545641756,59.03913194356115],[53.93503273283868,59.037942213058145],[53.93265327183285,59.01176814199517],[53.92551488881536,58.98083514891822],[53.93860192434778,58.94752269483704],[53.9588273428968,58.91658970176196],[53.97905276144671,58.89517455270922],[53.96120680390263,58.87019021214746],[54.10635392525836,58.815462609012656],[54.10873338626419,58.79523719046479],[54.12301015229909,58.76906311940003],[54.14890441260754,58.77370268592854],[54.19530390222079,58.76894376391555],[54.22623689529712,58.75109780637192],[54.314276952512486,58.752287536875],[54.35353805910877,58.774892416430745],[54.442767846827145,58.78203079944886],[54.522479790522546,58.76656430290954],[54.621227422264596,58.76418484190522],[54.649780954334204,58.7534772673789],[54.67000637288376,58.72135454379983],[54.69499071344524,58.70588804726229],[54.73544155054445,58.69161128122687],[54.78422050116362,58.67376532368323],[54.80087672820505,58.641642600103275],[54.836568643292416,58.6214171815554],[54.8484659483213,58.59524311049065],[54.873450288882694,58.569069039426694],[54.88534759391158,58.536946315847715],[54.92460870050787,58.507203053275546],[54.91747031749091,58.47270086869048],[54.929367622519706,58.45842410265505],[54.965059537607075,58.45842410265505],[54.97576711213296,58.44771652812962],[54.95911088509223,58.43700895360329],[54.97814657313887,58.41321434354454],[55.04239202029656,58.40726569103023],[55.06856609136096,58.419162996059654],[55.12448342499797,58.419162996059654],[55.18634941114894,58.41797326555567],[55.21371321271634,58.429870570585976],[55.22561051774514,58.42630137907599],[55.22680024824814,58.41440407404666],[55.20300563819037,58.39417865549692],[55.21490294321926,58.37752242845637],[55.22442078724302,58.33112293884366],[55.263681893838424,58.29305156275038],[55.29461488691466,58.31089752029402],[55.34220410703091,58.3418305133691],[55.39217278815379,58.37752242845637],[55.426674972738155,58.38941973348668],[55.50995610794248,58.38228135046848],[55.539699370515095,58.419162996059654],[55.52899179598912,58.45723437215294],[55.49329988090105,58.4786495212047],[55.5004382639188,58.495305748246224],[55.53850964001209,58.53218739383553],[55.49924853341589,58.55479227339127],[55.437382547264036,58.586914996970336],[55.432623625252994,58.633314486583934],[55.46831554034036,58.65116044412757],[55.49329988090105,58.67852424569445],[55.49211015039804,58.69755993374197],[55.5004382639188,58.71540589128561],[55.50162799442181,58.7499080758698],[55.53375071800025,58.76180538089922],[55.57658101610537,58.76299511140133],[55.6610518818127,58.76180538089922],[55.72172813746147,58.77727187743676],[55.75266113053699,58.77727187743676],[55.760989244057754,58.76299511140133],[55.810957925179835,58.745149153857696],[55.84308064875828,58.72730319631414],[55.81452711668876,58.69399074223296],[55.799060620150954,58.67376532368323],[55.76693789657171,58.665437210163],[55.795491428642116,58.64640152211538],[55.83594226574123,58.623796642559725],[55.85378822328496,58.59881230199878],[55.8989979823952,58.54527442936883],[55.922792592453774,58.536946315847715],[55.937069358488486,58.54646415987006],[55.950156394021086,58.586914996970336],[56.01559157168098,58.60595068501608],[56.04652456475721,58.61070960702819],[56.06674998330606,58.619037720548505],[56.05485267827718,58.648780983121476],[56.08221647984458,58.67614478468933],[56.12028785593787,58.70826750826652],[56.16668734555111,58.74752861486379],[56.18691276410076,58.75466699788102],[56.22855333170288,58.72730319631414],[56.26067605528132,58.73801077083958],[56.31183446690721,58.74276969285168],[56.35466476501153,58.74157996234957],[56.401064254625574,58.71302643027863],[56.45341239675358,58.69399074223296],[56.55691895050755,58.6582988271448],[56.60569790112672,58.641642600103275],[56.600938979115675,58.66424747965902],[56.55929841151347,58.699939394746295],[56.518847574414266,58.739200501343475],[56.49386323385287,58.785599990957074],[56.485535120332905,58.82367136705036],[56.431997247701105,58.847465977108214],[56.384408027584854,58.86531193465177],[56.401064254625574,58.89267573621873],[56.42247940367814,58.90100384973904],[56.45103293574775,58.925988190299904],[56.487914581338735,58.95097253086166],[56.50219134737354,58.95692118337597],[56.51408865240243,58.973577410417406],[56.55929841151347,59.003320672990455],[56.59142113509191,59.02473582204222],[56.60688763162963,59.02592555254611],[56.631871972191206,59.01759743902491],[56.66042550426143,59.018787169528],[56.69849688035472,59.009269325504675],[56.71277364638952,58.98547471544682],[56.731809334436164,58.96286983589108],[56.771070441032364,58.96405956639319],[56.8436440017101,58.96643902739929],[56.86386942025966,58.973577410417406],[56.85078238472786,58.99618228997315],[56.871007803277415,59.009269325504675],[56.89837160484402,59.02592555254611],[56.92454567590842,59.02592555254611],[56.934063519931385,59.04139204908374],[56.97332462652768,59.04258177958586],[56.982842470551354,59.035443396568546],[57.00544735010683,59.04020231857976],[57.03519061267944,59.04020231857976],[57.04708791770824,59.05328935411218],[57.06136468374384,59.05328935411218],[57.075641449778644,59.04615097109585],[57.03994953469128,59.0128385170128],[57.01496519412979,58.99737202047526],[57.01496519412979,58.973577410417406],[56.99711923658616,58.96405956639319],[56.993550045077235,58.94026495633622],[57.023293307650555,58.934316303822],[57.04708791770824,58.91409088527236],[57.08396956329861,58.91171142426626],[57.11966147838668,58.91647034627836],[57.177958273029525,58.93074711231201],[57.208891266105056,58.953351991867756],[57.237444798174664,58.954541722371644],[57.25885994722722,58.97000821890928],[57.27194698275982,58.9688184884053],[57.27313671326274,58.954541722371644],[57.2552907557183,58.94145468683834],[57.26718806074798,58.93193684281599],[57.300500514829345,58.9224189987917],[57.321915663881995,58.89862438873295],[57.35641784846636,58.891486005716615],[57.39567895506256,58.89981411923693],[57.424232487132876,58.91884980728268],[57.427801678640996,58.937885495330214],[57.46468332423208,58.933126573318106],[57.47777035976388,58.92003953778658],[57.45635521071141,58.8891065447106],[57.47063197674612,58.87245031766908],[57.461114132723154,58.83318921107368],[57.427801678640996,58.81415352302615],[57.424232487132876,58.799876756992504],[57.4539757497054,58.79630756548251],[57.4551654802084,58.77846160793887],[57.47539089875805,58.77013349441953],[57.52298011887492,58.776082146932865],[57.58008718301485,58.78203079944886],[57.6015023320667,58.776082146932865],[57.70381915531758,58.779651338442854],[57.787100290521906,58.7927383739743],[57.87276088673144,58.81058433151794],[57.91083226282473,58.83318921107368],[57.964370135456534,58.861742743143644],[57.98697501501121,58.897434658230836],[58.061928036694866,58.93193684281599],[58.130932405864385,58.96524929689717],[58.190418931010235,59.01164878651069],[58.24514653414424,59.04615097109585],[58.329617399850775,59.049720162603975],[58.36649904544176,59.0663763896455],[58.41765745706694,59.079463425177025],[58.4795234432187,59.08422234718913],[58.51759481931199,59.10444776573878],[58.544958620878596,59.13776021981996],[58.592547840995465,59.171072673901136],[58.64489598312365,59.202005666977115],[58.67107005418804,59.23888731256828],[58.69367493374272,59.266251114135244],[58.72341819631605,59.267440844637356],[58.75078199788265,59.25673327011192],[58.79004310447894,59.24126677357251],[58.83287340258406,59.21985162452075],[58.88998046672399,59.23055919904796],[58.92924157332019,59.232938660052284],[58.95422591388167,59.22580027703497],[58.99229728997487,59.20557485848532],[59.02085082204448,59.20676458898833],[59.0505940846178,59.194867283959],[59.09699357423105,59.18415970943356],[59.17328760332631,59.17511066657062],[59.17974847899464,59.182863717373934],[59.17736901798952,59.198330213911476],[59.15833332994297,59.21022751894001],[59.17974847899464,59.23640159000476],[59.19640470603616,59.2542475475484],[59.18093820949765,59.28161134911625],[59.170230634971766,59.29826757615591],[59.17974847899464,59.32206218621377],[59.20711228056204,59.348236257278614],[59.22019931609393,59.37797951985247],[59.21900958559093,59.40296386041244],[59.178558748491724,59.429137931477285],[59.12502087586072,59.43865577549972],[59.06434462021187,59.44341469751271],[59.046498662668235,59.46601957706659],[59.05244731518307,59.48981418712631],[59.09289815228228,59.513608797184176],[59.186886862012486,59.56119801730078],[59.28682422425745,59.606407776412176],[59.341551827391456,59.63972023049335],[59.34036209688854,59.661135379545115],[59.32370586984782,59.6944478336263],[59.3213264088419,59.77415977732286],[59.26421934470197,59.83007711095978],[59.114313301334754,59.85030252950943],[59.01913486110163,59.866958756549174],[58.96440725796762,59.94429123923963],[58.81873136749894,59.93497902764828],[58.71641454424877,59.92665091412797],[58.67477397664656,59.88857953803468],[58.63194367854144,59.85526708395359],[58.51297062824975,59.870733580491134],[58.32142401728041,59.89333846004688],[58.11916983178528,59.91475360909864],[57.92048483779818,59.93378929714617],[57.75868148940207,59.951635254689805],[57.60996517653795,59.965912020725234],[57.50764835328689,59.98137851726189],[57.3767779979664,59.950445524185824],[57.292307132259154,59.92427145312285],[57.16976489045934,59.889769268538664],[57.13288324486817,59.894528190548996],[57.079345372237164,59.86240546696993],[57.024617769103244,59.825523821380536],[56.927059867864116,59.78864217578936],[56.86043495970122,59.7672270267376],[56.848537654671624,59.7672270267376],[56.796189512543535,59.77436540975483],[56.76168732795917,59.77436540975483],[56.72718514337481,59.75889891321729],[56.70339053331633,59.76127837422338],[56.70458026381934,59.78507298428124],[56.67126780973789,59.78388325377912],[56.63914508615865,59.7624681047255],[56.6058326320772,59.763657835229395],[56.5522947594462,59.763657835229395],[56.51660284435883,59.75889891321729],[56.50351580882623,59.736294033661544],[56.439270361669344,59.737483764165525],[56.422614134628624,59.738673494666756],[56.40357844658198,59.731535111650416],[56.38454275853534,59.74224268617586],[56.36431733998578,59.730345381146435],[56.31910758087465,59.74581187768584],[56.289364318301324,59.75176053020006],[56.23344698466449,59.77912433176702],[56.206083183097796,59.77317567925182],[56.15730423247792,59.75176053020006],[56.13945827493419,59.7600886437194],[56.09900743783499,59.76841675723972],[56.10733555135575,59.800539480818784],[56.08473067180027,59.78507298428124],[56.015726302631464,59.77555514025881],[55.93244516742713,59.7696064877437],[55.87057918127537,59.7696064877437],[55.81466184763845,59.77317567925182],[55.784918585065924,59.74700160818796],[55.76231370551036,59.739863225169756],[55.72543205991999,59.74581187768584],[55.704016910867516,59.74700160818796],[55.669514726283154,59.731535111650416],[55.66237634326531,59.70298157958045],[55.61121793164022,59.66609993398929],[55.49938326436629,59.5935263733127],[55.39111778860056,59.51857335162825],[55.31973395842583,59.47812251452886],[55.250729589257105,59.43648194692648],[55.225745248695624,59.424584641898036],[55.20670956064898,59.407928414856514],[55.14246411349129,59.39127218781686],[55.10439273739801,59.39960030133629],[55.081787857842535,59.4067386843544],[54.997316992136,59.38175434379265],[54.9568661550368,59.38651326580475],[54.90451801290871,59.39008245731297],[54.86525690631251,59.40554895385051],[54.811719033681506,59.41149760636651],[54.79506280663998,59.39722084033108],[54.78911415412594,59.341303506693265],[54.767699005073375,59.31988835764062],[54.73676601199714,59.3139397051264],[54.70940221043045,59.30918078311607],[54.65943352930756,59.29371428657666],[54.63087999723805,59.30442186110396],[54.611844309191405,59.31750889663638],[54.574962663601035,59.3139397051264],[54.530942634992996,59.306801322109976],[54.50595829443151,59.286575903560326],[54.476215031858985,59.25921210199337],[54.41791823721614,59.252073718975254],[54.3727084781051,59.24850452746704],[54.297755456421534,59.23660722243771],[54.24897650580228,59.23184830042552],[54.197818094177286,59.24374560545405],[54.16569537059795,59.24969425796915],[54.11096776746403,59.230658569923406],[54.074086121873755,59.22708937841439],[54.03482501527746,59.24493533595794],[54.02530717125459,59.24969425796915],[54.01103040521898,59.273488868027016],[53.989615256166424,59.273488868027016],[53.953923341079054,59.258022371489474],[53.93726711403842,59.24493533595794],[53.91704169548878,59.24136614444981],[53.882539510904415,59.24017641394583],[53.8658832838636,59.22470991740829],[53.85993463134885,59.20924342086987],[53.88372924140733,59.200915307350435],[53.898006007442135,59.17831042779469],[53.91704169548878,59.16522339226324],[53.93503273283868,59.1545358023441]]]]}},{"type":"Feature","properties":{"kind":"district","id":"uyezd-1897-817","name":"Оханский","provinceId":"perm"},"geometry":{"type":"MultiPolygon","coordinates":[[[[54.12301015229909,58.76906311940003],[54.08255931520016,58.75954527537671],[54.03853928659211,58.74526850934129],[53.98143222245254,58.733371204311865],[53.94336084635934,58.71433551626522],[53.94336084635934,58.69767928922557],[53.93265327183285,58.69054090620737],[53.96239653440598,58.66674629614862],[53.93860192434778,58.64176195558865],[53.904099739763055,58.62867492005533],[53.90885866177463,58.595362465974155],[53.94574030736517,58.577516508429625],[53.94693003786773,58.54539378485154],[53.98976033597242,58.491855912219734],[53.990950066475776,58.46687157165887],[53.96239653440598,58.44783588361223],[53.96358626490846,58.41809262104015],[53.990950066475776,58.38834935846718],[54.03615982558628,58.37050340092266],[54.069472279667735,58.31934498929784],[54.04091874759794,58.29674010974307],[53.96953491742339,58.258668733649785],[53.97548356993761,58.23368439308795],[54.0421084781013,58.205130861017985],[54.07066201017109,58.18014652045712],[54.049246861118704,58.17419786794201],[54.0599544356445,58.15873137140349],[54.10754365576163,58.13612649184873],[54.09683608123514,58.10876269028266],[54.10397446425253,58.07782969720571],[54.150373953866406,58.061173470166054],[54.182496677445286,58.0338096685982],[54.215809131526825,58.01834317205977],[54.22651670605262,57.983840987476476],[54.20034263498857,57.97313341295015],[54.209860479011894,57.961236107919845],[54.24436266359662,57.960046377416845],[54.26101889063743,57.95052853339352],[54.22770643655589,57.92911338434167],[54.23008589756172,57.8993701217687],[54.268069145469184,57.89251081133803],[54.34421189765611,57.802091293116035],[54.359678394194276,57.80685021512912],[54.383473004252494,57.7937631795958],[54.33826324514118,57.76877883903583],[54.321607018100465,57.75212261199431],[54.32636594011203,57.73784584595977],[54.34540162815867,57.718810157913126],[54.39774977028739,57.72832800193645],[54.47151306146786,57.711671774894924],[54.48578982750276,57.69501554785438],[54.46199521744454,57.66884147678954],[54.46199521744454,57.642667405726556],[54.48935901901186,57.633149561703235],[54.5083947070584,57.60459602963238],[54.582157998238785,57.58080141957541],[54.61071153030937,57.59031926359873],[54.64283425388756,57.58318088058062],[54.64759317589912,57.57485276706031],[54.62617802684683,57.549868426499444],[54.60357314729188,57.55700680951578],[54.575019615221294,57.54629923498945],[54.56193257968968,57.50822785889616],[54.585727189747885,57.492761362359516],[54.588106650753716,57.474915404815874],[54.580968267736225,57.46063863877956],[54.547655813654785,57.44874133375103],[54.53813796963155,57.401152113635405],[54.51553309007589,57.37497804257056],[54.51315362907006,57.35594235452392],[54.49530767152598,57.35713208502692],[54.49411794102352,57.34880397150572],[54.50363578504674,57.340475857985396],[54.48697955800603,57.329768283459074],[54.47151306146786,57.29050717686278],[54.482220635994366,57.27742014133223],[54.475082252976875,57.2595741837877],[54.45128764291874,57.245297417752184],[54.43463141587722,57.247676878759165],[54.32993513162123,57.179862240092916],[54.29305348603059,57.1655854740566],[54.265689684463354,57.15130870802295],[54.2573615709433,57.13941140299353],[54.24070534390259,57.13346275047843],[54.231187499879354,57.12156544544999],[54.21810046434693,57.11680652343691],[54.17764962724799,57.087063260864824],[54.13838852065162,57.05613026778885],[54.08841983952945,57.04185350175432],[54.0729533429912,57.026387005215796],[54.08128145651196,57.00735131716915],[54.07771226500286,56.98831562912251],[54.03369223639561,56.96333128856263],[54.040830619413015,56.943105870012886],[54.06700469047706,56.939536678502904],[54.08128145651196,56.92525991246836],[54.06700469047706,56.90622422442172],[54.06700469047706,56.89551664989628],[54.044399810921405,56.864583656820315],[54.013466817845796,56.84435823827057],[53.95160083169367,56.82651228072703],[53.958518156079,56.81439280399714],[53.96208734758784,56.791787924441486],[53.977553844125644,56.77394196689785],[53.98707168814932,56.746578165331776],[54.02633279474552,56.735870590804566],[54.076301475867695,56.73468086030245],[54.11913177397282,56.74776789583389],[54.1441161145335,56.78702900242938],[54.140546923025376,56.83104903103866],[54.1572031500661,56.875069059645284],[54.15482368906018,56.90243286121313],[54.163151802580145,56.94169396780853],[54.19646425666239,56.97262696088548],[54.24643293778447,56.99404210993724],[54.28569404438067,56.99404210993724],[54.31067838494216,56.9773858828958],[54.37492383209904,56.97024749987938],[54.42013359121008,56.97262696088548],[54.45463577579444,56.99166264893123],[54.49270715188773,57.022595642007204],[54.52482987546697,57.04876971307205],[54.57717801759506,57.07018486212381],[54.630715890226064,57.07732324514201],[54.67949484084532,57.07375405363202],[54.702099720400795,57.05947728759837],[54.737791635488165,57.024975103013304],[54.767534898061484,57.01664698949298],[54.81274465717253,57.0178367199951],[54.84724684175689,57.019026450499084],[54.85081603326572,57.051149174078056],[54.84367765024797,57.07613351463803],[54.89007713986121,57.07732324514201],[54.95313285651589,57.07018486212381],[55.01499884266766,57.07256432312991],[55.05425994926395,57.08089243665013],[55.06972644580167,57.10587677721109],[55.05069075775511,57.13443030928105],[55.00667072914699,57.158224919338906],[54.9804966580833,57.180829798895545],[54.997152885124024,57.22128063599483],[55.01023992065582,57.27838770013388],[55.02808587819955,57.2998028491875],[55.06734698479575,57.32121799823926],[55.07686482881952,57.355720182824335],[55.11017728290087,57.37237640986408],[55.13516162346236,57.36761748785197],[55.153007581005994,57.34977153030834],[55.1815611130756,57.328356381256484],[55.224391411180726,57.32240772874138],[55.28149847532065,57.32121799823926],[55.305293085379134,57.31645907622716],[55.355261766501215,57.29385419667142],[55.390953681588584,57.2843363526481],[55.4325942491907,57.2926644661693],[55.47423481679291,57.31526934572504],[55.51230619288619,57.31288988471894],[55.56346460451128,57.31645907622716],[55.57179271803204,57.354530452320446],[55.56227487400837,57.39022236740763],[55.54085972495651,57.406878594449154],[55.506357540371354,57.43305266551302],[55.50873700137727,57.45565754506876],[55.53729053344768,57.4758829636185],[55.58606948406685,57.504436495687486],[55.58725921456976,57.53417975826143],[55.583690023060925,57.56868194284473],[55.56197410654738,57.58280492709294],[55.529417748884654,57.57840541930091],[55.46041337971593,57.574836227792694],[55.42472146462857,57.58673353282123],[55.42829065613749,57.61647679539419],[55.44970580519005,57.65573790199146],[55.47706960675666,57.678342781547116],[55.47706960675666,57.69618873909075],[55.45208526619517,57.718793618644625],[55.402116585073,57.73782930669225],[55.36523493948272,57.7556752642358],[55.3235943718806,57.796126101334295],[55.266487307740675,57.81635151988394],[55.22841593164739,57.8401461299418],[55.23198512315631,57.859181817989324],[55.25221054170587,57.88416615855117],[55.296230570313995,57.89487373307661],[55.348578712442,57.89249427207051],[55.39378847155233,57.866320201007525],[55.42472146462857,57.82348990290214],[55.44613661368113,57.81159259787272],[55.490156642288454,57.80921313686672],[55.512761521843935,57.82705909441026],[55.52584855737662,57.87583804503085],[55.5484534369313,57.91034022961415],[55.61626807559791,57.950791066713435],[55.71144651583112,58.023364627391885],[55.7078773243222,58.07452303901759],[55.729292473374755,58.093558727063254],[55.76379465795912,58.09712791857147],[55.820901722099045,58.08879980505115],[55.84707579316345,58.07928196102783],[55.8684909422161,58.05667708147395],[55.86373202020417,58.024554357894004],[55.83517848813385,57.98767271230461],[55.85540390668341,57.96625756325098],[55.88752663026274,57.948411605707435],[55.93987477239074,57.93651430067801],[55.96010019094039,57.944842414199215],[55.96366938244922,57.96625756325098],[55.98270507049586,57.9793445987834],[56.004120219548426,58.00313920884126],[56.048140248155754,58.023364627391885],[56.1076267733016,58.04002085443243],[56.182579794985166,58.03169274091211],[56.25396362516061,58.024554357894004],[56.29917338427085,58.03883112392943],[56.353900987404856,58.04121058493455],[56.378885327966344,58.05310788996397],[56.39673128551007,58.08642034404692],[56.39792101601299,58.12687118114444],[56.36817775344046,58.14947606070018],[56.36936748394346,58.170891209753805],[56.41100805154478,58.19944474182289],[56.42766427858551,58.24346477043039],[56.42171562607147,58.266069649986136],[56.38483398048118,58.276777224513346],[56.33010637734718,58.28510533803278],[56.28251715723022,58.30176156507332],[56.25753281666873,58.333884288652385],[56.26229173868057,58.34935078518993],[56.27775823521838,58.35648916820813],[56.2670506606925,58.36957620373957],[56.227789554096205,58.38861189178719],[56.196856561020766,58.39575027480353],[56.09097054626088,58.39337081379743],[55.9612899214433,58.39337081379743],[55.83279902712873,58.40050919681652],[55.73167193438068,58.407647579832854],[55.697169749796316,58.39575027480353],[55.66742648722299,58.37790431725989],[55.60437077056831,58.37909404776387],[55.549643167434304,58.38028377826599],[55.50995610794248,58.38228135046848],[55.426674972738155,58.38941973348668],[55.39217278815379,58.37752242845637],[55.34220410703091,58.3418305133691],[55.29461488691466,58.31089752029402],[55.263681893838424,58.29305156275038],[55.22442078724302,58.33112293884366],[55.21490294321926,58.37752242845637],[55.20300563819037,58.39417865549692],[55.22680024824814,58.41440407404666],[55.22561051774514,58.42630137907599],[55.21371321271634,58.429870570585976],[55.18634941114894,58.41797326555567],[55.12448342499797,58.419162996059654],[55.06856609136096,58.419162996059654],[55.04239202029656,58.40726569103023],[54.97814657313887,58.41321434354454],[54.95911088509223,58.43700895360329],[54.97576711213296,58.44771652812962],[54.965059537607075,58.45842410265505],[54.929367622519706,58.45842410265505],[54.91747031749091,58.47270086869048],[54.92460870050787,58.507203053275546],[54.88534759391158,58.536946315847715],[54.873450288882694,58.569069039426694],[54.8484659483213,58.59524311049065],[54.836568643292416,58.6214171815554],[54.80087672820505,58.641642600103275],[54.78422050116362,58.67376532368323],[54.73544155054445,58.69161128122687],[54.69499071344524,58.70588804726229],[54.67000637288376,58.72135454379983],[54.649780954334204,58.7534772673789],[54.621227422264596,58.76418484190522],[54.522479790522546,58.76656430290954],[54.442767846827145,58.78203079944886],[54.35353805910877,58.774892416430745],[54.314276952512486,58.752287536875],[54.22623689529712,58.75109780637192],[54.19530390222079,58.76894376391555],[54.14890441260754,58.77370268592854],[54.12301015229909,58.76906311940003]]]]}},{"type":"Feature","properties":{"kind":"district","id":"uyezd-1897-818","name":"Пермский","provinceId":"perm"},"geometry":{"type":"MultiPolygon","coordinates":[[[[55.50995610794248,58.38228135046848],[55.549643167434304,58.38028377826599],[55.60437077056831,58.37909404776387],[55.66742648722299,58.37790431725989],[55.697169749796316,58.39575027480353],[55.73167193438068,58.407647579832854],[55.83279902712873,58.40050919681652],[55.9612899214433,58.39337081379743],[56.09097054626088,58.39337081379743],[56.196856561020766,58.39575027480353],[56.227789554096205,58.38861189178719],[56.2670506606925,58.36957620373957],[56.27775823521838,58.35648916820813],[56.26229173868057,58.34935078518993],[56.25753281666873,58.333884288652385],[56.28251715723022,58.30176156507332],[56.33010637734718,58.28510533803278],[56.38483398048118,58.276777224513346],[56.42171562607147,58.266069649986136],[56.42766427858551,58.24346477043039],[56.41100805154478,58.19944474182289],[56.36936748394346,58.170891209753805],[56.36817775344046,58.14947606070018],[56.39792101601299,58.12687118114444],[56.39673128551007,58.08642034404692],[56.378885327966344,58.05310788996397],[56.353900987404856,58.04121058493455],[56.29917338427085,58.03883112392943],[56.25396362516061,58.024554357894004],[56.182579794985166,58.03169274091211],[56.1076267733016,58.04002085443243],[56.048140248155754,58.023364627391885],[56.004120219548426,58.00313920884126],[55.98270507049586,57.9793445987834],[55.96366938244922,57.96625756325098],[55.96010019094039,57.944842414199215],[55.93987477239074,57.93651430067801],[55.88752663026274,57.948411605707435],[55.85540390668341,57.96625756325098],[55.83517848813385,57.98767271230461],[55.86373202020417,58.024554357894004],[55.8684909422161,58.05667708147395],[55.84707579316345,58.07928196102783],[55.820901722099045,58.08879980505115],[55.76379465795912,58.09712791857147],[55.729292473374755,58.093558727063254],[55.7078773243222,58.07452303901759],[55.71144651583112,58.023364627391885],[55.61626807559791,57.950791066713435],[55.5484534369313,57.91034022961415],[55.52584855737662,57.87583804503085],[55.512761521843935,57.82705909441026],[55.490156642288454,57.80921313686672],[55.44613661368113,57.81159259787272],[55.42472146462857,57.82348990290214],[55.39378847155233,57.866320201007525],[55.348578712442,57.89249427207051],[55.296230570313995,57.89487373307661],[55.25221054170587,57.88416615855117],[55.23198512315631,57.859181817989324],[55.22841593164739,57.8401461299418],[55.266487307740675,57.81635151988394],[55.3235943718806,57.796126101334295],[55.36523493948272,57.7556752642358],[55.402116585073,57.73782930669225],[55.45208526619517,57.718793618644625],[55.47706960675666,57.69618873909075],[55.47706960675666,57.678342781547116],[55.44970580519005,57.65573790199146],[55.42829065613749,57.61647679539419],[55.42472146462857,57.58673353282123],[55.46041337971593,57.574836227792694],[55.529417748884654,57.57840541930091],[55.56197410654738,57.58280492709294],[55.573437777492785,57.58435407181513],[55.65077026018227,57.58673353282123],[55.73286166488368,57.59149245483422],[55.80662495606433,57.59149245483422],[55.92321854535002,57.57602595829481],[56.06360674469347,57.56531838376937],[56.17901060347633,57.556990270249145],[56.318209072317494,57.554610809243044],[56.363418831428625,57.554610809243044],[56.387213441487106,57.57126703628457],[56.43599239210627,57.59387191583845],[56.478822690211395,57.59744110734844],[56.52760164083056,57.59387191583845],[56.61207250653789,57.61647679539419],[56.67631795369557,57.631943291931734],[56.7060612162681,57.62599463941751],[56.720337982302816,57.61528706489207],[56.72985582632658,57.639081674949935],[56.721527712805816,57.66525574601478],[56.72985582632658,57.70451685261018],[56.76435801091094,57.718793618644625],[56.786962890466505,57.718793618644625],[56.81194723102719,57.709275774622284],[56.82384453605679,57.709275774622284],[56.84882887661827,57.69737846959286],[56.865485103659,57.69856820009498],[56.889279713716675,57.68310170355833],[56.94757650835952,57.67358385953501],[57.00706303350537,57.67953251204923],[57.08558524669785,57.69737846959286],[57.15102042435846,57.706896313616184],[57.22597344604211,57.71165523562829],[57.240250212076916,57.73782930669225],[57.284270240684954,57.74139849820135],[57.33780811331596,57.74139849820135],[57.344946496333804,57.76162391675099],[57.379448680918166,57.76995203027131],[57.40919194349069,57.779469874294634],[57.45678116360765,57.803264484352404],[57.49366280919802,57.83419747742758],[57.54839041233194,57.8532331654751],[57.57218502239042,57.84847424346389],[57.603118015465945,57.84371532145178],[57.654276427091034,57.84609478245788],[57.69710672519616,57.879407236538974],[57.725660257266476,57.89963265508871],[57.7435062148102,57.92461699565046],[57.74707540631913,57.955549988725544],[57.76611109436577,57.98053432928738],[57.767300824868684,58.00194947833914],[57.78752624341824,58.017415974876684],[57.81607977548785,58.019795435882784],[57.83987438554633,57.99957001733314],[57.862479265101896,57.99957001733314],[57.883894414154454,57.9900521733107],[57.88032522264553,57.98410352079462],[58.00405719494827,57.935324570175894],[57.99215988991947,57.91985807363835],[58.01952369148607,57.90320184659683],[58.03736964903051,57.89011481106441],[58.077820486128914,57.88178669754507],[58.090907521661514,57.89725319408261],[58.08257940814075,57.91509915162625],[58.117081592725114,57.92223753464445],[58.130168628257714,57.91509915162625],[58.1825167703858,57.91152996011804],[58.18013730937989,57.92342726514657],[58.140876202783595,57.953170527719536],[58.084958869146675,57.9900521733107],[58.08614859964959,58.024554357894004],[58.0885280606556,58.05310788996397],[58.1289788977548,58.08642034404692],[58.176568117870964,58.07928196102783],[58.27412601911009,58.06024627298119],[58.439498559015746,58.028123549403986],[58.56917918383332,57.99957001733314],[58.617958134452486,57.9852932512986],[58.714326305188614,57.962688371743745],[58.75596687279082,57.96149864123986],[58.72503387971538,57.99124190381282],[58.683393312113175,58.02574408839789],[58.69529061714197,58.04121058493455],[58.739310645750095,58.04596950694763],[58.88921668911732,58.07690250002271],[59.03912273248445,58.11021495410478],[59.21520284691607,58.14471713868808],[59.31870940066995,58.16732201824382],[59.38771376983877,58.16851174874771],[59.43292352894981,58.193496089308574],[59.47404792996752,58.198164682167814],[59.4676632607002,58.23464850655003],[59.44505838114543,58.248925272584565],[59.409366466057264,58.28699664867785],[59.39271023901663,58.34053452131045],[59.3879513170055,58.38812374142706],[59.403417813543314,58.420246465005235],[59.42126377108695,58.420246465005235],[59.44862757265356,58.432143770034564],[59.46647353019719,58.45474864959031],[59.49264760126168,58.46307676310974],[59.52714978584604,58.45831784109763],[59.509303828302315,58.4844919121615],[59.5081140977994,58.51899409674657],[59.49026814025567,58.55111682032475],[59.45933514718015,58.61179307597466],[59.47242218271204,58.64391579955284],[59.49145787075868,58.67365906212581],[59.461714608186156,58.71410989922519],[59.50335517578827,58.7557504668266],[59.533098438360796,58.78192453789144],[59.54380601288668,58.814047261469526],[59.561651970430404,58.87472351711767],[59.593774694009646,58.892569474663084],[59.63660499211477,58.91993327622916],[59.724645049330135,58.962763574334545],[59.707988822289416,58.98060953187819],[59.68657367323685,59.00202468092995],[59.631846070102846,59.01749117746749],[59.592584963506646,59.02581929098869],[59.52833951634896,59.043665248532335],[59.48788867924976,59.01035279445115],[59.442678920139514,58.95919438282633],[59.37605401197591,58.954435460814224],[59.26421934470197,58.94848680829912],[59.210681472070966,58.95919438282633],[59.16547171295993,58.9817992623803],[59.06196515920675,59.01630144696537],[59.07743165574447,59.047234440040455],[59.10836464882,59.08887500764373],[59.15595386893696,59.15431018530309],[59.17328760332631,59.17511066657062],[59.09699357423105,59.18415970943356],[59.0505940846178,59.194867283959],[59.02085082204448,59.20676458898833],[58.99229728997487,59.20557485848532],[58.95422591388167,59.22580027703497],[58.92924157332019,59.232938660052284],[58.88998046672399,59.23055919904796],[58.83287340258406,59.21985162452075],[58.79004310447894,59.24126677357251],[58.75078199788265,59.25673327011192],[58.72341819631605,59.267440844637356],[58.69367493374272,59.266251114135244],[58.67107005418804,59.23888731256828],[58.64489598312365,59.202005666977115],[58.592547840995465,59.171072673901136],[58.544958620878596,59.13776021981996],[58.51759481931199,59.10444776573878],[58.4795234432187,59.08422234718913],[58.41765745706694,59.079463425177025],[58.36649904544176,59.0663763896455],[58.329617399850775,59.049720162603975],[58.24514653414424,59.04615097109585],[58.190418931010235,59.01164878651069],[58.130932405864385,58.96524929689717],[58.061928036694866,58.93193684281599],[57.98697501501121,58.897434658230836],[57.964370135456534,58.861742743143644],[57.91083226282473,58.83318921107368],[57.87276088673144,58.81058433151794],[57.787100290521906,58.7927383739743],[57.70381915531758,58.779651338442854],[57.6015023320667,58.776082146932865],[57.58008718301485,58.78203079944886],[57.52298011887492,58.776082146932865],[57.47539089875805,58.77013349441953],[57.4551654802084,58.77846160793887],[57.4539757497054,58.79630756548251],[57.424232487132876,58.799876756992504],[57.427801678640996,58.81415352302615],[57.461114132723154,58.83318921107368],[57.47063197674612,58.87245031766908],[57.45635521071141,58.8891065447106],[57.47777035976388,58.92003953778658],[57.46468332423208,58.933126573318106],[57.427801678640996,58.937885495330214],[57.424232487132876,58.91884980728268],[57.39567895506256,58.89981411923693],[57.35641784846636,58.891486005716615],[57.321915663881995,58.89862438873295],[57.300500514829345,58.9224189987917],[57.26718806074798,58.93193684281599],[57.2552907557183,58.94145468683834],[57.27313671326274,58.954541722371644],[57.27194698275982,58.9688184884053],[57.25885994722722,58.97000821890928],[57.237444798174664,58.954541722371644],[57.208891266105056,58.953351991867756],[57.177958273029525,58.93074711231201],[57.11966147838668,58.91647034627836],[57.08396956329861,58.91171142426626],[57.04708791770824,58.91409088527236],[57.023293307650555,58.934316303822],[56.993550045077235,58.94026495633622],[56.99711923658616,58.96405956639319],[57.01496519412979,58.973577410417406],[57.01496519412979,58.99737202047526],[57.03994953469128,59.0128385170128],[57.075641449778644,59.04615097109585],[57.06136468374384,59.05328935411218],[57.04708791770824,59.05328935411218],[57.03519061267944,59.04020231857976],[57.00544735010683,59.04020231857976],[56.982842470551354,59.035443396568546],[56.97332462652768,59.04258177958586],[56.934063519931385,59.04139204908374],[56.92454567590842,59.02592555254611],[56.89837160484402,59.02592555254611],[56.871007803277415,59.009269325504675],[56.85078238472786,58.99618228997315],[56.86386942025966,58.973577410417406],[56.8436440017101,58.96643902739929],[56.771070441032364,58.96405956639319],[56.731809334436164,58.96286983589108],[56.71277364638952,58.98547471544682],[56.69849688035472,59.009269325504675],[56.66042550426143,59.018787169528],[56.631871972191206,59.01759743902491],[56.60688763162963,59.02592555254611],[56.59142113509191,59.02473582204222],[56.55929841151347,59.003320672990455],[56.51408865240243,58.973577410417406],[56.50219134737354,58.95692118337597],[56.487914581338735,58.95097253086166],[56.45103293574775,58.925988190299904],[56.42247940367814,58.90100384973904],[56.401064254625574,58.89267573621873],[56.384408027584854,58.86531193465177],[56.431997247701105,58.847465977108214],[56.485535120332905,58.82367136705036],[56.49386323385287,58.785599990957074],[56.518847574414266,58.739200501343475],[56.55929841151347,58.699939394746295],[56.600938979115675,58.66424747965902],[56.60569790112672,58.641642600103275],[56.55691895050755,58.6582988271448],[56.45341239675358,58.69399074223296],[56.401064254625574,58.71302643027863],[56.35466476501153,58.74157996234957],[56.31183446690721,58.74276969285168],[56.26067605528132,58.73801077083958],[56.22855333170288,58.72730319631414],[56.18691276410076,58.75466699788102],[56.16668734555111,58.74752861486379],[56.12028785593787,58.70826750826652],[56.08221647984458,58.67614478468933],[56.05485267827718,58.648780983121476],[56.06674998330606,58.619037720548505],[56.04652456475721,58.61070960702819],[56.01559157168098,58.60595068501608],[55.950156394021086,58.586914996970336],[55.937069358488486,58.54646415987006],[55.922792592453774,58.536946315847715],[55.8989979823952,58.54527442936883],[55.85378822328496,58.59881230199878],[55.83594226574123,58.623796642559725],[55.795491428642116,58.64640152211538],[55.76693789657171,58.665437210163],[55.799060620150954,58.67376532368323],[55.81452711668876,58.69399074223296],[55.84308064875828,58.72730319631414],[55.810957925179835,58.745149153857696],[55.760989244057754,58.76299511140133],[55.75266113053699,58.77727187743676],[55.72172813746147,58.77727187743676],[55.6610518818127,58.76180538089922],[55.57658101610537,58.76299511140133],[55.53375071800025,58.76180538089922],[55.50162799442181,58.7499080758698],[55.5004382639188,58.71540589128561],[55.49211015039804,58.69755993374197],[55.49329988090105,58.67852424569445],[55.46831554034036,58.65116044412757],[55.432623625252994,58.633314486583934],[55.437382547264036,58.586914996970336],[55.49924853341589,58.55479227339127],[55.53850964001209,58.53218739383553],[55.5004382639188,58.495305748246224],[55.49329988090105,58.4786495212047],[55.52899179598912,58.45723437215294],[55.539699370515095,58.419162996059654],[55.50995610794248,58.38228135046848]]]]}},{"type":"Feature","properties":{"kind":"district","id":"uyezd-1897-819","name":"Осинский","provinceId":"perm"},"geometry":{"type":"MultiPolygon","coordinates":[[[[56.4752059825535,56.49696055601361],[56.47519474657877,56.51237751262673],[56.471625555069934,56.53498239218247],[56.471625555069934,56.57662295978574],[56.53111208021569,56.580192151293865],[56.61677267642594,56.58257161229908],[56.754781414764274,56.58733053431118],[56.85828796851745,56.589709995317186],[56.86423662103229,56.61588406638114],[56.87137500405005,56.638488945936885],[56.8916004225989,56.656334903480435],[56.890410692096694,56.67299113052196],[56.87375446505517,56.69678574057893],[56.87970311757001,56.70987277611126],[56.86423662103229,56.717011159128575],[56.872564734552256,56.726529003152784],[56.893979883604814,56.72890846415888],[56.9320512596981,56.741995499690326],[56.95227667824766,56.76103118773608],[57.00581455087955,56.77411822326939],[57.03436808294898,56.799102563829365],[57.07362918954527,56.81099986885879],[57.09147514708891,56.83717393992265],[57.11289029614156,56.86096854998229],[57.143823289216996,56.87048639400561],[57.16523843826956,56.887142621045356],[57.1830843958132,56.92283453613343],[57.13430544519403,56.90141938708167],[57.104562182620796,56.899039926075574],[57.117649218153396,56.93711130216886],[57.15096167223484,56.97399294775825],[57.18070493480728,57.01206432385153],[57.193791970339966,57.04299731692848],[57.25684768699385,57.05608435245904],[57.24970930397689,57.06798165748846],[57.21163792788361,57.08463788452989],[57.22353523291249,57.10724276408563],[57.192602239836965,57.12627845213139],[57.168807629778485,57.14650387068103],[57.193791970339966,57.17505740275189],[57.12597733167327,57.22621581437582],[57.08909568608299,57.258338537954884],[57.033178352446065,57.27975368700842],[56.948707486738826,57.3130661410896],[56.861857160026375,57.332101829135354],[56.85233931600341,57.343999134164775],[56.79999117387452,57.34875805617688],[56.761919797781324,57.39872673729949],[56.7333662657118,57.409434311825905],[56.65484405251922,57.418952155849226],[56.62153159843787,57.45821326244463],[56.583460222344584,57.47011056747485],[56.558475881783096,57.45583380143853],[56.546578576753504,57.43560838288889],[56.494230434625415,57.44393649641098],[56.43712337048549,57.442746765906996],[56.403810916404126,57.45821326244463],[56.366929270813756,57.436798113392776],[56.360980618299,57.426090538865566],[56.33004762522348,57.409434311825905],[56.306253015165,57.42846999987157],[56.276509752592474,57.4498851489252],[56.27413029158655,57.483197603006374],[56.291976249130194,57.51056140457334],[56.318209072317494,57.554610809243044],[56.17901060347633,57.556990270249145],[56.06360674469347,57.56531838376937],[55.92321854535002,57.57602595829481],[55.80662495606433,57.59149245483422],[55.73286166488368,57.59149245483422],[55.65077026018227,57.58673353282123],[55.573437777492785,57.58435407181513],[55.56197410654738,57.58280492709294],[55.583690023060925,57.56868194284473],[55.58725921456976,57.53417975826143],[55.58606948406685,57.504436495687486],[55.53729053344768,57.4758829636185],[55.50873700137727,57.45565754506876],[55.506357540371354,57.43305266551302],[55.54085972495651,57.406878594449154],[55.56227487400837,57.39022236740763],[55.57179271803204,57.354530452320446],[55.56346460451128,57.31645907622716],[55.51230619288619,57.31288988471894],[55.47423481679291,57.31526934572504],[55.4325942491907,57.2926644661693],[55.390953681588584,57.2843363526481],[55.355261766501215,57.29385419667142],[55.305293085379134,57.31645907622716],[55.28149847532065,57.32121799823926],[55.224391411180726,57.32240772874138],[55.1815611130756,57.328356381256484],[55.153007581005994,57.34977153030834],[55.13516162346236,57.36761748785197],[55.11017728290087,57.37237640986408],[55.07686482881952,57.355720182824335],[55.06734698479575,57.32121799823926],[55.02808587819955,57.2998028491875],[55.01023992065582,57.27838770013388],[54.997152885124024,57.22128063599483],[54.9804966580833,57.180829798895545],[55.00667072914699,57.158224919338906],[55.05069075775511,57.13443030928105],[55.06972644580167,57.10587677721109],[55.05425994926395,57.08089243665013],[55.01499884266766,57.07256432312991],[54.95313285651589,57.07018486212381],[54.89007713986121,57.07732324514201],[54.84367765024797,57.07613351463803],[54.85081603326572,57.051149174078056],[54.84724684175689,57.019026450499084],[54.81274465717253,57.0178367199951],[54.767534898061484,57.01664698949298],[54.737791635488165,57.024975103013304],[54.702099720400795,57.05947728759837],[54.67949484084532,57.07375405363202],[54.630715890226064,57.07732324514201],[54.57717801759506,57.07018486212381],[54.52482987546697,57.04876971307205],[54.49270715188773,57.022595642007204],[54.45463577579444,56.99166264893123],[54.42013359121008,56.97262696088548],[54.37492383209904,56.97024749987938],[54.31067838494216,56.9773858828958],[54.28569404438067,56.99404210993724],[54.24643293778447,56.99404210993724],[54.19646425666239,56.97262696088548],[54.163151802580145,56.94169396780853],[54.15482368906018,56.90243286121313],[54.1572031500661,56.875069059645284],[54.140546923025376,56.83104903103866],[54.1441161145335,56.78702900242938],[54.11913177397282,56.74776789583389],[54.076301475867695,56.73468086030245],[54.02633279474552,56.735870590804566],[53.98707168814932,56.746578165331776],[53.977553844125644,56.77394196689785],[53.96208734758784,56.791787924441486],[53.958518156079,56.81439280399714],[53.95160083169367,56.82651228072703],[53.92780622163545,56.83603012475035],[53.858801852466726,56.82056362821183],[53.817161284864525,56.80390740117039],[53.80883317134456,56.77416413859734],[53.821920206876186,56.73133384049284],[53.820730476373626,56.69088300339443],[53.848094277940135,56.65995001031846],[53.857612121963456,56.58618671913701],[53.86475050498095,56.51361315846043],[53.9052013420806,56.38512226414515],[53.9432727181737,56.36370711509339],[54.03012304488651,56.34824061855487],[54.10150687506106,56.324446008497006],[54.14552690366911,56.28637463240372],[54.19549558479207,56.26139029184108],[54.229997769376084,56.231647029269006],[54.24427453541098,56.20785241921115],[54.26944563014872,56.201907391289765],[54.30275808423007,56.190010086261324],[54.337260268814525,56.22689173185063],[54.353916495855245,56.22808146235461],[54.367003531387844,56.24473768939515],[54.38841868043961,56.25187607241238],[54.45980251061505,56.24711715040027],[54.48359712067282,56.25187607241238],[54.519289035760984,56.24354795889117],[54.544273376321584,56.25187607241238],[54.57282690839199,56.24592741989727],[54.59067286593563,56.25068634191027],[54.61089828448519,56.24592741989727],[54.632313433537746,56.25068634191027],[54.65491831309331,56.24949661140637],[54.68823076717476,56.25425553341847],[54.71440483823836,56.25663499442457],[54.733440526285,56.26377337744091],[54.74176863980576,56.29113717900778],[54.77984001589905,56.29351664001388],[54.80363462595753,56.29827556202598],[54.81791139199233,56.281619334984455],[54.852413576576694,56.283998795991444],[54.90357198820258,56.29351664001388],[54.94759201680982,56.3054139450433],[54.99637096742978,56.3149317890675],[55.05466776207272,56.32801882459895],[55.08084183313632,56.32444963309082],[55.12843105325328,56.33039828560504],[55.16412296834064,56.32563936359294],[55.281906288129335,56.32682909409684],[55.40206906892403,56.32920855510106],[55.42824313998763,56.32444963309082],[55.5305599632386,56.32801882459895],[55.59123621888736,56.32444963309082],[55.68403519811466,56.317311250073516],[55.73519360973974,56.32563936359294],[55.792300673879666,56.33515720761715],[55.79824932639451,56.361331278680126],[55.74709091476942,56.37917723622377],[55.72210657420794,56.38869508024798],[55.725675765716865,56.425576725837374],[55.692363311634615,56.45294052740522],[55.72686549621978,56.45769944941644],[55.77326498583302,56.45769944941644],[55.81252609242922,56.44818160539312],[55.85416666003143,56.46364810193066],[55.9029456106506,56.4862529814864],[55.946965639258636,56.504098939029944],[55.98741647635793,56.50766813053994],[55.98503701535192,56.48982217299452],[55.98979593736376,56.47078648494877],[56.019539199936375,56.43628430036458],[56.025487852451214,56.40416157678552],[56.04095434898893,56.373228583710436],[56.074266803070294,56.34467505164047],[56.0766462640763,56.32682909409684],[56.1551684772687,56.33158801610716],[56.20989608040271,56.32207017208473],[56.22536257694123,56.345864782142584],[56.219413924426384,56.36965939220045],[56.22179338543239,56.38393615823587],[56.20513715839167,56.40773076829373],[56.203947427888664,56.449371335897006],[56.23012149895236,56.46245837142854],[56.23725988197011,56.47078648494877],[56.2348804209641,56.498150286515724],[56.24677772599299,56.53265247110089],[56.275331258063396,56.53265247110089],[56.3276794001914,56.51718597456326],[56.390735116846166,56.500529747521824],[56.40858107438981,56.4910119034985],[56.4752059825535,56.49696055601361]]]]}},{"type":"Feature","properties":{"kind":"district","id":"uyezd-1897-820","name":"Кунгурский","provinceId":"perm"},"geometry":{"type":"MultiPolygon","coordinates":[[[[59.47404792996752,58.198164682167814],[59.43292352894981,58.193496089308574],[59.38771376983877,58.16851174874771],[59.31870940066995,58.16732201824382],[59.21520284691607,58.14471713868808],[59.03912273248445,58.11021495410478],[58.88921668911732,58.07690250002271],[58.739310645750095,58.04596950694763],[58.69529061714197,58.04121058493455],[58.683393312113175,58.02574408839789],[58.72503387971538,57.99124190381282],[58.75596687279082,57.96149864123986],[58.714326305188614,57.962688371743745],[58.617958134452486,57.9852932512986],[58.56917918383332,57.99957001733314],[58.439498559015746,58.028123549403986],[58.27412601911009,58.06024627298119],[58.176568117870964,58.07928196102783],[58.1289788977548,58.08642034404692],[58.0885280606556,58.05310788996397],[58.08614859964959,58.024554357894004],[58.084958869146675,57.9900521733107],[58.140876202783595,57.953170527719536],[58.18013730937989,57.92342726514657],[58.1825167703858,57.91152996011804],[58.130168628257714,57.91509915162625],[58.117081592725114,57.92223753464445],[58.08257940814075,57.91509915162625],[58.090907521661514,57.89725319408261],[58.077820486128914,57.88178669754507],[58.03736964903051,57.89011481106441],[58.01952369148607,57.90320184659683],[57.99215988991947,57.91985807363835],[58.00405719494827,57.935324570175894],[57.88032522264553,57.98410352079462],[57.883894414154454,57.9900521733107],[57.862479265101896,57.99957001733314],[57.83987438554633,57.99957001733314],[57.81607977548785,58.019795435882784],[57.78752624341824,58.017415974876684],[57.767300824868684,58.00194947833914],[57.76611109436577,57.98053432928738],[57.74707540631913,57.955549988725544],[57.7435062148102,57.92461699565046],[57.725660257266476,57.89963265508871],[57.69710672519616,57.879407236538974],[57.654276427091034,57.84609478245788],[57.603118015465945,57.84371532145178],[57.57218502239042,57.84847424346389],[57.54839041233194,57.8532331654751],[57.49366280919802,57.83419747742758],[57.45678116360765,57.803264484352404],[57.40919194349069,57.779469874294634],[57.379448680918166,57.76995203027131],[57.344946496333804,57.76162391675099],[57.33780811331596,57.74139849820135],[57.284270240684954,57.74139849820135],[57.240250212076916,57.73782930669225],[57.22597344604211,57.71165523562829],[57.15102042435846,57.706896313616184],[57.08558524669785,57.69737846959286],[57.00706303350537,57.67953251204923],[56.94757650835952,57.67358385953501],[56.889279713716675,57.68310170355833],[56.865485103659,57.69856820009498],[56.84882887661827,57.69737846959286],[56.82384453605679,57.709275774622284],[56.81194723102719,57.709275774622284],[56.786962890466505,57.718793618644625],[56.76435801091094,57.718793618644625],[56.72985582632658,57.70451685261018],[56.721527712805816,57.66525574601478],[56.72985582632658,57.639081674949935],[56.720337982302816,57.61528706489207],[56.7060612162681,57.62599463941751],[56.67631795369557,57.631943291931734],[56.61207250653789,57.61647679539419],[56.52760164083056,57.59387191583845],[56.478822690211395,57.59744110734844],[56.43599239210627,57.59387191583845],[56.387213441487106,57.57126703628457],[56.363418831428625,57.554610809243044],[56.318209072317494,57.554610809243044],[56.291976249130194,57.51056140457334],[56.27413029158655,57.483197603006374],[56.276509752592474,57.4498851489252],[56.306253015165,57.42846999987157],[56.33004762522348,57.409434311825905],[56.360980618299,57.426090538865566],[56.366929270813756,57.436798113392776],[56.403810916404126,57.45821326244463],[56.43712337048549,57.442746765906996],[56.494230434625415,57.44393649641098],[56.546578576753504,57.43560838288889],[56.558475881783096,57.45583380143853],[56.583460222344584,57.47011056747485],[56.62153159843787,57.45821326244463],[56.65484405251922,57.418952155849226],[56.7333662657118,57.409434311825905],[56.761919797781324,57.39872673729949],[56.79999117387452,57.34875805617688],[56.85233931600341,57.343999134164775],[56.861857160026375,57.332101829135354],[56.948707486738826,57.3130661410896],[57.033178352446065,57.27975368700842],[57.08909568608299,57.258338537954884],[57.12597733167327,57.22621581437582],[57.193791970339966,57.17505740275189],[57.168807629778485,57.14650387068103],[57.192602239836965,57.12627845213139],[57.22353523291249,57.10724276408563],[57.27297514492279,57.12077044054331],[57.26821622291086,57.14337532009995],[57.29201083296934,57.13742666758483],[57.30271840749522,57.15170343362026],[57.28368271944858,57.182636426695346],[57.27892379743683,57.21832834178262],[57.350307627612274,57.21951807228652],[57.474039599915,57.23379483832105],[57.53828504707269,57.24450241284649],[57.60966887724742,57.263538100894024],[57.657258097364384,57.26591756190012],[57.77147222564424,57.28733271095188],[57.89639392844988,57.29447109396919],[58.004659404215694,57.29804028547918],[58.11054541897479,57.313506782016724],[58.159324369594756,57.333732200566374],[58.24022604379236,57.35395761911602],[58.277107689382646,57.33611166157247],[58.298522838435204,57.31707597352485],[58.3770450516277,57.33016300905638],[58.49601810191939,57.348008966601796],[58.674477677356926,57.37180357665966],[58.70422093992945,57.35752681062423],[58.72444635847901,57.35633708012212],[58.73158474149685,57.36466519364243],[58.78512261412786,57.35752681062423],[58.87435240184614,57.36347546313845],[58.97428976409119,57.36585492414454],[59.11110877192661,57.35871654112634],[59.13014445997325,57.36228573263634],[59.14323149550496,57.37656249867176],[59.188441254616095,57.3837008816881],[59.20747694266274,57.36704465464755],[59.251496971270775,57.37775222917388],[59.264584006802664,57.37656249867176],[59.30503484390187,57.390839264705406],[59.34191648949215,57.37894195967599],[59.339537028486234,57.36466519364243],[59.38474678759727,57.35633708012212],[59.378798135082434,57.31826570402883],[59.395454362123154,57.305178668495515],[59.41211058916388,57.30279920748942],[59.43352573821644,57.35038842760603],[59.443043582240115,57.36228573263634],[59.440664121234285,57.40987495275294],[59.403782475643915,57.451515520354434],[59.34429595049807,57.44675659834233],[59.303845113398864,57.46579228638986],[59.2550661627789,57.507432853991276],[59.24554831875602,57.55026315209675],[59.23959966624118,57.58833452819003],[59.2419791272471,57.60142156372148],[59.25351177017609,57.61241945352593],[59.238045273637574,57.61955783654227],[59.22019931609393,57.61003999251993],[59.19521497553316,57.61003999251993],[59.15238467742804,57.63621406358379],[59.109554379323,57.642162716098014],[59.06553435071488,57.640972985595894],[59.047688393171235,57.654060021127435],[59.06196515920675,57.657629212635555],[59.10717491831699,57.652870290625316],[59.1488154859192,57.654060021127435],[59.21663012458501,57.657629212635555],[59.26659880570789,57.66952651766498],[59.28682422425745,57.6838032837004],[59.246373387158336,57.69689031923282],[59.239235004140575,57.723064390297665],[59.251132309170174,57.77065361041329],[59.30467018180118,57.76113576639095],[59.3605875154381,57.75399738337186],[59.39865889153138,57.812294178014795],[59.45814541667723,57.93840561132397],[59.48907840975276,58.00740998049421],[59.470042721706115,58.08236300217689],[59.468852991203114,58.12519330028228],[59.48907840975276,58.14303925782592],[59.47599137422096,58.187059286433424],[59.47404792996752,58.198164682167814]]]]}},{"type":"Feature","properties":{"kind":"district","id":"uyezd-1897-821","name":"Красноуфимский","provinceId":"perm"},"geometry":{"type":"MultiPolygon","coordinates":[[[[57.22353523291249,57.10724276408563],[57.21163792788361,57.08463788452989],[57.24970930397689,57.06798165748846],[57.25684768699385,57.05608435245904],[57.193791970339966,57.04299731692848],[57.18070493480728,57.01206432385153],[57.15096167223484,56.97399294775825],[57.117649218153396,56.93711130216886],[57.104562182620796,56.899039926075574],[57.13430544519403,56.90141938708167],[57.1830843958132,56.92283453613343],[57.16523843826956,56.887142621045356],[57.143823289216996,56.87048639400561],[57.11289029614156,56.86096854998229],[57.09147514708891,56.83717393992265],[57.07362918954527,56.81099986885879],[57.03436808294898,56.799102563829365],[57.00581455087955,56.77411822326939],[56.95227667824766,56.76103118773608],[56.9320512596981,56.741995499690326],[56.893979883604814,56.72890846415888],[56.872564734552256,56.726529003152784],[56.86423662103229,56.717011159128575],[56.87970311757001,56.70987277611126],[56.87375446505517,56.69678574057893],[56.890410692096694,56.67299113052196],[56.8916004225989,56.656334903480435],[56.87137500405005,56.638488945936885],[56.86423662103229,56.61588406638114],[56.85828796851745,56.589709995317186],[56.754781414764274,56.58733053431118],[56.61677267642594,56.58257161229908],[56.53111208021569,56.580192151293865],[56.471625555069934,56.57662295978574],[56.471625555069934,56.53498239218247],[56.47519474657877,56.51237751262673],[56.4752059825535,56.49696055601361],[56.50970816713786,56.4814940594742],[56.55253846524298,56.45769944941644],[56.61916337340579,56.41486915131193],[56.682219090060556,56.39226427175619],[56.681029359557556,56.354192895662905],[56.69292666458644,56.31850098057563],[56.709582891627164,56.26020418593269],[56.72980831017672,56.25663499442457],[56.74765426772045,56.23759930637695],[56.78691537431665,56.25187607241238],[56.76906941677301,56.282809065487555],[56.73099804067972,56.33515720761715],[56.72980831017672,56.357762087171025],[56.750033728726365,56.40059238527739],[56.780966721802606,56.38988481075009],[56.80476133186038,56.353003165160786],[56.85829920449218,56.36252100918411],[56.878524623041734,56.40773076829373],[56.896370580585376,56.422007534329154],[56.92492411265489,56.433904839357595],[56.949908453216466,56.41605888181405],[56.93444195667866,56.40178211577951],[56.964185219251185,56.38512588873799],[56.93563168718166,56.354192895662905],[56.92254465164906,56.33277774661114],[56.92968303466682,56.31612151956962],[56.957046836233424,56.32444963309082],[56.98322090729783,56.32207017208473],[56.98322090729783,56.30660367554719],[56.957046836233424,56.297085831523866],[56.954667375228304,56.27448095196812],[56.940390609192704,56.241168497886946],[56.98441063780083,56.241168497886946],[57.01177443936823,56.26496310794391],[57.05460473747256,56.278050143476335],[57.0998144965836,56.285188526493556],[57.13431668116796,56.283998795991444],[57.13431668116796,56.266152838447894],[57.164059943741286,56.266152838447894],[57.180716170782006,56.28042960448234],[57.23782323492193,56.2994652925281],[57.29493029906186,56.31612151956962],[57.35798601571654,56.32563936359294],[57.43412876790311,56.33634693811926],[57.45197472544675,56.28637825699754],[57.46506176097855,56.25782472492669],[57.49599475405408,56.25187607241238],[57.51740990310664,56.23046092336062],[57.538825052159204,56.23046092336062],[57.555481279199924,56.213804696319094],[57.550722357188,56.201907391289765],[57.53525586065028,56.1709743982137],[57.51740990310664,56.132903022120416],[57.526927747130316,56.123385178097095],[57.542394243668035,56.12695436960709],[57.547153165679966,56.121005717091094],[57.568568314732524,56.10791868155955],[57.59117319428729,56.119815986588975],[57.61615753484869,56.10434949005143],[57.63638295339833,56.10078029854135],[57.654228910941974,56.08293434099781],[57.67207486848561,56.09721110703323],[57.69111055653225,56.10791868155955],[57.70419759206414,56.118626256084994],[57.72164697277374,56.12523586999035],[57.72640589478558,56.13594344451667],[57.7418723913233,56.14189209703178],[57.77637457590775,56.131184522506345],[57.81087676049291,56.13951263602577],[57.858465980609076,56.140702366529666],[57.90843466173116,56.15497913256331],[57.989336335929565,56.14546128853999],[58.039305017052534,56.14427155803787],[58.07142774063097,56.12880506150033],[58.13686291829166,56.12642560049424],[58.19991863494555,56.110959103956695],[58.20110836544855,56.09430287691517],[58.25345650757655,56.083595302388844],[58.26892300411516,56.085974763394944],[58.32246087674616,56.096682337921266],[58.365291174851286,56.09311314641306],[58.40336255094457,56.083595302388844],[58.433105813517,56.06693907534732],[58.465228537095534,56.03838554327834],[58.496161530171776,56.009832011208374],[58.50686910469766,55.98365794014353],[58.537802097773984,55.98246820964141],[58.56873509084951,55.98008874863532],[58.60323727543387,55.98127847913743],[58.63179080750419,55.99079632316075],[58.66153407007671,56.01102174171049],[58.68294921912928,56.040765004284346],[58.70674382918776,56.05623150082189],[58.74243574427512,56.057421231324],[58.8054914609298,56.06574934484521],[58.856649872554975,56.07169799735952],[58.87568556060162,56.05028284830767],[58.8994801706601,56.05266230931376],[58.9244645112207,56.06931853635342],[58.981571575360626,56.085974763394944],[59.01607375994578,56.07288772786341],[59.00179699391027,56.055041770319775],[58.98989968888139,56.03957527378046],[59.00774564642502,56.01221147221438],[59.047006753021314,56.019349855230715],[59.06723217157096,56.01697039422649],[59.08031920710276,56.00388335869317],[59.10768300867007,55.98603740115051],[59.13028788822564,55.99317578416685],[59.171928455827846,56.00388335869317],[59.173118186329965,55.97176063511509],[59.14337492375744,55.95034548606324],[59.095785703641276,55.90989464896394],[59.12077004420196,55.8861000389052],[59.14456465426044,55.87420273387667],[59.13028788822564,55.85040812381792],[59.112441930682,55.83018270526827],[59.12314950520779,55.80995728671863],[59.16954899482184,55.81590593923374],[59.21475875393217,55.82066486124407],[59.273055548575016,55.81590593923374],[59.33492153472678,55.80757782571253],[59.38370048534674,55.806388095210416],[59.33611126522978,55.74809130056748],[59.32183449919498,55.68979450592455],[59.246881477511415,55.68027666190123],[59.26710689606097,55.63149771128153],[59.29209123662166,55.58152903015892],[59.34443937875054,55.59461606569036],[59.39321832936971,55.60770310122368],[59.455084315521475,55.630307980777644],[59.44794593250363,55.66243070435671],[59.525278415193114,55.65529232133939],[59.54312437273684,55.63149771128153],[59.59428278436193,55.638636094297865],[59.640682273975884,55.63625663329364],[59.69065095509806,55.64458474681307],[59.746568288735865,55.643395016310066],[59.75783746049304,55.684809787618164],[59.76021692149816,55.70741466717302],[59.79828829759136,55.73001954672876],[59.807806141615124,55.75381415678662],[59.83279048217652,55.779988227852265],[59.83635967368465,55.80140337690412],[59.84944670921733,55.847802866518606],[59.83398021267953,55.8823050511019],[59.83398021267953,55.913238044177874],[59.85896455324021,55.913238044177874],[59.86967212776689,55.90609966115976],[59.89822565983641,55.90490993065755],[59.94581487995346,55.90609966115976],[59.98150679504083,55.90609966115976],[60.01243978811627,55.94774022876304],[60.008870596607345,55.96082726429448],[60.01600897962519,56.001278101393865],[60.02909601515699,56.03578028597893],[60.0433727811925,56.08812842810587],[60.05645981672439,56.13333818721726],[60.075495504771034,56.170219832808435],[60.095720923320684,56.21661932242115],[60.08858254030284,56.239224201976896],[60.04218305068959,56.246362584995005],[60.03266520666591,56.26777773404686],[59.97436841202298,56.2832442305844],[59.92915865291274,56.312987493157365],[59.917261347883056,56.33916156422132],[59.90298458184834,56.38675078433793],[59.88989754631645,56.40935566389358],[59.85896455324021,56.44266811797574],[59.82089317714693,56.49263679909835],[59.804236950106294,56.52594925317953],[59.81137533312405,56.5580719767586],[59.83398021267953,56.59019470033668],[59.842308326199486,56.611609849388536],[59.838739134690655,56.67585529654657],[59.82684182966177,56.693701254090215],[59.79709856708845,56.699649906604435],[59.7245250064108,56.7341520911896],[59.67455632528872,56.74723912672104],[59.64481306271531,56.743669935212026],[59.636484949195435,56.7317726301835],[59.56867031052882,56.73772128269772],[59.54130650896222,56.784120772311326],[59.510373515885895,56.83170999242793],[59.484199444822295,56.8685916380191],[59.45802537375789,56.910232205620595],[59.46278429576973,56.94473439020567],[59.484199444822295,56.96852900026353],[59.500855671863015,56.97923657479074],[59.510373515885895,56.98994414931617],[59.47825079230754,57.02563606440434],[59.48895836683413,57.048240943958305],[59.50918378538298,57.08393285904727],[59.516322168400734,57.11962477413455],[59.52702974292742,57.13271180966599],[59.521081090412665,57.161265341735955],[59.48895836683413,57.19933671783022],[59.46159456526673,57.230269710904416],[59.41281561464765,57.28023839202703],[59.41211058916388,57.30279920748942],[59.395454362123154,57.305178668495515],[59.378798135082434,57.31826570402883],[59.38474678759727,57.35633708012212],[59.339537028486234,57.36466519364243],[59.34191648949215,57.37894195967599],[59.30503484390187,57.390839264705406],[59.264584006802664,57.37656249867176],[59.251496971270775,57.37775222917388],[59.20747694266274,57.36704465464755],[59.188441254616095,57.3837008816881],[59.14323149550496,57.37656249867176],[59.13014445997325,57.36228573263634],[59.11110877192661,57.35871654112634],[58.97428976409119,57.36585492414454],[58.87435240184614,57.36347546313845],[58.78512261412786,57.35752681062423],[58.73158474149685,57.36466519364243],[58.72444635847901,57.35633708012212],[58.70422093992945,57.35752681062423],[58.674477677356926,57.37180357665966],[58.49601810191939,57.348008966601796],[58.3770450516277,57.33016300905638],[58.298522838435204,57.31707597352485],[58.277107689382646,57.33611166157247],[58.24022604379236,57.35395761911602],[58.159324369594756,57.333732200566374],[58.11054541897479,57.313506782016724],[58.004659404215694,57.29804028547918],[57.89639392844988,57.29447109396919],[57.77147222564424,57.28733271095188],[57.657258097364384,57.26591756190012],[57.60966887724742,57.263538100894024],[57.53828504707269,57.24450241284649],[57.474039599915,57.23379483832105],[57.350307627612274,57.21951807228652],[57.27892379743683,57.21832834178262],[57.28368271944858,57.182636426695346],[57.30271840749522,57.15170343362026],[57.29201083296934,57.13742666758483],[57.26821622291086,57.14337532009995],[57.27297514492279,57.12077044054331],[57.22353523291249,57.10724276408563]]]]}}]}
