{"type":"FeatureCollection","features":[{"type":"Feature","properties":{"kind":"province","id":"tambov","name":"Тамбовская губерния"},"geometry":{"type":"MultiPolygon","coordinates":[[[[38.485651636823704,53.04363716813991],[38.52093935906139,53.01176794909501],[38.59827184175079,52.96893765099051],[38.658948097399545,52.971317111994736],[38.704157856509795,52.979645225515945],[38.72438327505988,52.95466088495411],[38.69345028198373,52.90231274282628],[38.6910708209779,52.85948244472187],[38.78030060869627,52.84044675667523],[38.87785850993585,52.83687756516613],[38.93258611307012,52.84877487019457],[38.95994991463691,52.827359721142805],[38.983744524694856,52.8226007991307],[38.994452099221,52.838067295669134],[38.990117083651995,52.84826107502524],[39.0151014242134,52.85539945804335],[39.02223980723106,52.86610703256879],[39.140023127019134,52.861348110557664],[39.170956120095454,52.77211832283867],[39.21497614870279,52.76854913133046],[39.24590914177911,52.76973886183346],[39.2494783332875,52.747133982276836],[39.26137563831648,52.72809829423019],[39.27446267384899,52.726908563727186],[39.29944701441038,52.69002691813691],[39.289929170387154,52.67693988260546],[39.29111890088998,52.655524733553605],[39.26851402133414,52.650765811540616],[39.27327294334616,52.61626362695732],[39.26256536882001,52.60674578293311],[39.23639129775579,52.586520364384356],[39.21259668769713,52.57343332885104],[39.21021722669148,52.55201817979919],[39.219735070714805,52.52465437823321],[39.27089348234051,52.48777273264115],[39.330380007486,52.48063434962384],[39.37796922760252,52.46397812258329],[39.407712490175214,52.45921920057208],[39.4493530577776,52.437804051519336],[39.49456281688847,52.392594292407935],[39.46838874582424,52.386645639893715],[39.450542788280515,52.39378402291094],[39.43626602224509,52.38545590939063],[39.42555844771894,52.36998941285309],[39.41247141218723,52.352143455309445],[39.410091951180874,52.3319180367598],[39.417230334198536,52.31407207921616],[39.44340440526276,52.31169261821015],[39.44340440526276,52.29384666066652],[39.43269683073662,52.29027746915839],[39.39819464615189,52.2878980081523],[39.38153841911091,52.266482859100535],[39.364882192070716,52.265293128597435],[39.34941569553256,52.254585554070225],[39.339897851509235,52.24982663205901],[39.34108758201215,52.24268824904081],[39.35417461754386,52.2414985185378],[39.37440003609404,52.20818606445751],[39.382728149614536,52.193909298422085],[39.39343572414068,52.190340106913965],[39.382728149614536,52.17725307138154],[39.37440003609404,52.17130441886732],[39.355364348047395,52.14513034780248],[39.35298488704103,52.1106281632174],[39.34941569553256,52.08564382265645],[39.36607192257354,52.052331368574386],[39.36369246156718,52.0249675670084],[39.36964111408202,51.99522430443446],[39.39343572414068,51.99046538242324],[39.444594135765584,52.0178291839902],[39.49932173889977,52.038054602540825],[39.51478823543793,52.02853675851652],[39.493373086384935,52.010690800972974],[39.47909632035039,51.973809155382696],[39.50764985242027,51.97023996387448],[39.555239072536786,51.99284484342934],[39.59687964013917,51.99165511292633],[39.62067425019703,51.996414034937544],[39.653986704279006,52.010690800972974],[39.671832661822826,52.01901891449418],[39.71585269043007,52.0178291839902],[39.73131918696823,52.022588106001415],[39.75511379702689,52.02139837549841],[39.76701110205586,52.00355241795477],[39.7812878680904,51.99165511292633],[39.782477598593935,51.95834265884426],[39.78485705959967,51.94525562331184],[39.76820083255869,51.93692750979241],[39.77414948507353,51.92384047425999],[39.79556463412574,51.90718424721855],[39.85029223725992,51.87268206263437],[39.877656038827055,51.86554367961706],[39.926434989446314,51.86673341012006],[39.94666040799578,51.87268206263437],[39.969265287551615,51.88814855917191],[39.9680755570487,51.91789182174577],[40.037079926217515,51.94882481482183],[40.071582110802225,51.963101580857256],[40.11441240890673,51.940496701300624],[40.157242707011946,51.93097885727819],[40.21316004064896,51.926219935265195],[40.258369799759905,51.91670209124277],[40.279784948812114,51.91908155224886],[40.301200097864324,51.93335831828429],[40.338081743454694,51.961911850353275],[40.35711743150134,51.97261942487969],[40.390429885583316,51.954773467336054],[40.41065530413269,51.97261942487969],[40.379722311057165,51.99046538242324],[40.44396775821467,52.04876217706626],[40.51892077989824,52.0178291839902],[40.55461269498578,52.010690800972974],[40.608150567616434,52.00474214845778],[40.68429331980362,51.9809475384009],[40.74853876696104,51.966670772364495],[40.79969717858604,51.91551236073976],[40.83419936317084,51.90480478621335],[40.82230205814187,51.873871793138264],[40.84133774618842,51.867923140623155],[40.848476129205295,51.84888745257651],[40.869891278258386,51.84888745257651],[40.90082427133392,51.86316421861194],[40.928188072900966,51.84293880006229],[40.9555518744681,51.8405593390562],[40.93253464204504,51.799791893290596],[40.91468868450122,51.74982321216798],[40.8754275779052,51.69747507004105],[40.85520215935573,51.66892153797019],[40.85520215935573,51.61062474332718],[40.87066865589318,51.56898417572577],[40.84925350684089,51.535671721643695],[40.832597279799984,51.46071869996013],[40.837356201812,51.42026786286173],[40.86828919488753,51.38338621727145],[40.9777444011559,51.38219648676844],[41.0967174514475,51.38219648676844],[41.083630415914996,51.407180827329306],[41.05745634485078,51.4428727424165],[41.08244068541226,51.465477621971345],[41.10980448697931,51.48094411850978],[41.07649203289813,51.505928459070645],[41.106235295470825,51.52020522510607],[41.1859472391657,51.51663603359705],[41.18118831715448,51.54281010466092],[41.22044942375051,51.547569026672136],[41.2501926863232,51.5297230691285],[41.27517702688469,51.53924091315271],[41.342991665550585,51.5297230691285],[41.387011694158716,51.51782576410006],[41.423893339749085,51.51782576410006],[41.48337986489449,51.51068738108186],[41.54048692903504,51.51663603359705],[41.57498911361913,51.51425657259185],[41.605922106695374,51.51306684208885],[41.603542645689004,51.565414984217554],[41.61781941172434,51.59872743829784],[41.64756267429705,51.59991716880085],[41.689203241899435,51.572553367233894],[41.720136234975044,51.55351767918725],[41.757017880565414,51.51901549460307],[41.80103790917346,51.499979806556425],[41.851006590295626,51.464287891468345],[41.88312931387398,51.4428727424165],[41.904544462926985,51.413129479844415],[41.93904664751099,51.413129479844415],[41.941426108517355,51.429785706884076],[41.9521336830435,51.4428727424165],[41.96641044907804,51.4440624729195],[42.01043047768608,51.41669867135174],[42.05088131478493,51.389334869784776],[42.07467592484359,51.36435052922481],[42.06634781132309,51.347694302183285],[42.030655896235544,51.347694302183285],[42.01518939969819,51.333417536147856],[41.971169371090056,51.32984834463964],[41.98068721511338,51.31557157860422],[42.03660454875039,51.29058723804246],[42.079434846855605,51.29534616005457],[42.09133215188457,51.28225912452215],[42.14487002451594,51.30843319558788],[42.17937220909985,51.31676130910731],[42.204356549661426,51.31676130910731],[42.20911547167336,51.302484543071884],[42.22815115972,51.297725621060664],[42.23409981223413,51.317951039610314],[42.24837657826937,51.33460726665086],[42.27336091883015,51.33222780564574],[42.316191216935366,51.339366188662076],[42.32808852196425,51.37148891224114],[42.34593447950806,51.41193974934052],[42.359021515040666,51.4512008559377],[42.376867472584394,51.46904681348134],[42.41255938767122,51.48451331001799],[42.44944103326159,51.49046196253221],[42.458958877284914,51.52258468611127],[42.47442537382308,51.541620374157915],[42.50178917539013,51.555897140193345],[42.542240012488975,51.584450672264225],[42.53034270746,51.62133231785451],[42.52558378544879,51.67130099897535],[42.52796324645443,51.70461345305742],[42.56603462254763,51.7414950986477],[42.63741845272281,51.79622270178241],[42.67073090680399,51.79622270178241],[42.6838179423365,51.814068659326054],[42.70999201340001,51.86998599296298],[42.732596892955755,51.91757521308047],[42.732596892955755,51.961595241687974],[42.73378662345867,51.99728715677526],[42.73741456709102,52.009463534390335],[42.77429621268139,52.02017110891764],[42.832593007324064,52.02255056992276],[42.794521631230865,52.05110410199361],[42.796901092236425,52.07608844255447],[42.77429621268139,52.0903652085899],[42.77548594318422,52.11178035764175],[42.78262432620189,52.12724685418018],[42.78381405670471,52.16174903876436],[42.795711361733694,52.18554364882222],[42.82783408531276,52.19982041485765],[42.8635260004003,52.21171771988618],[42.89683845448148,52.242650712962146],[42.93728929158033,52.29856804659907],[42.94204821359243,52.33069077017814],[42.93253036956911,52.36281349375622],[42.97179147616514,52.355675110739],[43.00391419974429,52.355675110739],[43.0384163843282,52.360434032751996],[43.0598315333813,52.38541837331286],[43.078867221427856,52.41040271387283],[43.04079584533466,52.44847408996611],[43.021760157288014,52.49844277108971],[43.0812466824335,52.49963250159182],[43.11217967550903,52.50677088460914],[43.12169751953226,52.51152980662213],[43.09671317897167,52.52461684215268],[43.077677490925026,52.52223738114756],[43.06340072488969,52.52937576416576],[43.04793422835152,52.555549835229634],[43.10742075349773,52.58410336729871],[43.137164016070514,52.56506767925207],[43.176425122666544,52.56982660126417],[43.20973757674843,52.58291363679571],[43.23829110881822,52.58291363679571],[43.259706257870604,52.60670824685534],[43.263275449379876,52.65072827546196],[43.25256787485293,52.66738450250348],[43.21330676825691,52.705455878596766],[43.177614853169274,52.74471698519217],[43.140733207578904,52.785167822291456],[43.066969916398165,52.848223538946584],[43.005103930247024,52.89819222006831],[42.977740128679976,52.91365871660585],[42.97298120666796,52.942212248676704],[42.8980281849844,52.96362739772944],[42.81236758877468,52.9874220077873],[42.74931187212,53.03025230589181],[42.71837887904438,53.06237502947078],[42.69577399948864,53.08379017852441],[42.65651289289262,53.11234371059348],[42.62795936082266,53.14684589517856],[42.6469950488693,53.14684589517856],[42.65651289289262,53.18491727127184],[42.670789658927866,53.2158502643479],[42.70172265200348,53.22774756937634],[42.73384537558255,53.23131676088455],[42.75526052463484,53.23488595239454],[42.76477836865807,53.249162718428195],[42.76537096137475,53.25177012638156],[42.77072702117292,53.27533678949206],[42.765968099160986,53.30745951307112],[42.75288106362919,53.31221843508412],[42.75288106362919,53.336013045141975],[42.77548594318422,53.34196169765531],[42.78500378720754,53.37170496022925],[42.78500378720754,53.38479199576159],[42.77548594318422,53.40501741431132],[42.796901092236425,53.406207144814324],[42.7790551346927,53.435950407387296],[42.751691333125564,53.4347606768834],[42.7362248365882,53.43000175487218],[42.71718914854156,53.43832986839152],[42.719568609547295,53.462124478451244],[42.73979402809668,53.469262861467584],[42.70053292150065,53.50733423756087],[42.673169119933604,53.50971369856688],[42.677928041945535,53.54778507466016],[42.66603073691585,53.56682076270778],[42.642236126857995,53.58347698974744],[42.595836637244304,53.59537429477677],[42.632718282834674,53.60608186930407],[42.673169119933604,53.61440998282341],[42.71480968753599,53.628686748858925],[42.76358863815525,53.64772243690557],[42.72194807055286,53.67865542998065],[42.68506642496249,53.68103489098763],[42.66959992842513,53.7036397705424],[42.70291238250631,53.728624111103265],[42.71243022652954,53.75360845166422],[42.74336321960587,53.74171114663569],[42.76715782966373,53.77145440920776],[42.75763998564041,53.780972253232065],[42.756450255137665,53.7940592887644],[42.777865404189875,53.81904362932535],[42.793331900728035,53.84164850888011],[42.81593678028307,53.857115005418635],[42.843300581850116,53.860684196926755],[42.87542330542927,53.860684196926755],[42.8980281849844,53.87020204095097],[42.923012525545786,53.88447880698462],[42.95156605761575,53.882099345980386],[42.95156605761575,53.867822579944075],[42.977740128679976,53.854735544412534],[42.977740128679976,53.8368895868689],[43.020570426784474,53.83451012586289],[43.02532934879649,53.84640743089133],[43.01224231326469,53.86187392742976],[43.01819096577883,53.87258150195618],[43.0384163843282,53.87377123245918],[43.05388288086645,53.869012310447964],[43.09076452645682,53.882099345980386],[43.10980021450338,53.8773404239674],[43.13240509405841,53.84045877837711],[43.20497865473615,53.84164850888011],[43.26446517988262,53.86306365793374],[43.266844640888266,53.87258150195618],[43.301346825473075,53.87020204095097],[43.31681332201035,53.865443118937975],[43.34536685408031,53.8797198849734],[43.35131550659516,53.90470422553426],[43.338228471063445,53.91184260855246],[43.30610574748429,53.9273091050909],[43.31324413050196,53.94753452363965],[43.337038740560615,53.951103715148754],[43.35369496760081,53.99631347426024],[43.4000944572145,53.99631347426024],[43.40604310972934,54.017728623311115],[43.37748957765947,54.03081565884354],[43.34655658458385,54.03200538934654],[43.30015709497016,54.04747188588408],[43.288259789940476,54.05817946041138],[43.30253655597581,54.07007676544072],[43.284690598432086,54.090302183990445],[43.36678200313323,54.096250836505114],[43.328710627040124,54.13551194310007],[43.29658790346097,54.15930655315971],[43.31562359150761,54.18786008522878],[43.35012577609233,54.21046496478452],[43.338228471063445,54.22117253931085],[43.35131550659516,54.2390184968536],[43.3322798185486,54.250915801882925],[43.31681332201035,54.24020822735749],[43.30015709497016,54.255674723894145],[43.23710137831548,54.279469333953784],[43.18319956891842,54.299120287294514],[43.20223525696506,54.32053543634726],[43.243875824567446,54.29793055679062],[43.29146504468396,54.27651540773975],[43.30812127172495,54.27651540773975],[43.33191588178281,54.26699756371545],[43.36403860536196,54.28008459924698],[43.39021267642548,54.289602443270304],[43.403299711957985,54.31101759232304],[43.40686890346647,54.33243274137658],[43.39497159843749,54.35622735143444],[43.396161328940316,54.376452769984084],[43.43066351352503,54.388350075013506],[43.417576477992526,54.42404199009981],[43.39021267642548,54.43831875613523],[43.39140240692901,54.45140579166765],[43.416386747489696,54.45140579166765],[43.43661216603917,54.45973390518708],[43.43185324402786,54.48709770675396],[43.40567917296355,54.48709770675396],[43.39259213743184,54.50256420329336],[43.39140240692901,54.516840969327006],[43.403299711957985,54.52635881335122],[43.403299711957985,54.54896369290607],[43.396161328940316,54.57156857246271],[43.41043809497565,54.57870695547993],[43.41043809497565,54.58584533849627],[43.38307429340852,54.59655291302357],[43.38902294592256,54.606070757046],[43.37236671888237,54.613209140063226],[43.361659144355514,54.650090785653504],[43.386643484916995,54.6536599771635],[43.40210998145516,54.63105509760686],[43.440181357548354,54.62867563660264],[43.449699201571676,54.63105509760686],[43.43542243553625,54.65128051615651],[43.45207866257724,54.65960862967772],[43.47468354213307,54.64890105515042],[43.49252949967609,54.66436755168893],[43.48301165565286,54.679834048226475],[43.494908960682544,54.68816216174679],[43.494908960682544,54.70719784979343],[43.47944246414438,54.7405103038755],[43.4972884216882,54.77263302745457],[43.549636563816726,54.75835626141914],[43.554395485827946,54.761925452929134],[43.55558521633077,54.778581679969676],[43.534170067278566,54.81665305606296],[43.56510306035409,54.83092982209661],[43.569861982366106,54.855914162659246],[43.61150254996778,54.847586049138044],[43.62148245236409,54.859645097866604],[43.64005608203766,54.882088233722314],[43.624589585500296,54.882088233722314],[43.604364166950916,54.918969879313394],[43.515134379231924,54.91421095730129],[43.50204734369941,54.92610826232982],[43.48182192515003,54.935626106354036],[43.46278623710339,54.938005567359156],[43.39378186793466,54.94752341138248],[43.37355644938528,54.9701282909391],[43.33072615127998,54.95585152490368],[43.29384450568961,54.95228233339458],[43.28194720066064,54.929677453839815],[43.26410124311691,54.924918531826734],[43.24744501607593,54.92729799283283],[43.234357980544125,54.92610826232982],[43.2331682500413,54.91183149629617],[43.205804448474254,54.89517526925465],[43.179630377409936,54.89993419126675],[43.15702549785411,54.88089850322011],[43.15702549785411,54.860673084670466],[43.13798980980755,54.84401685762903],[43.133230887796245,54.83449901360571],[43.14036927081392,54.82260170857718],[43.12371304377292,54.811894134049965],[43.09515951170305,54.776202218962695],[43.05589840510632,54.770253566448474],[43.04519083058017,54.780961140975776],[43.061847057621165,54.79166871550121],[43.03567298655685,54.79285844600332],[43.022585951025135,54.783340601980896],[42.995222149458,54.78690979349],[42.98213511392629,54.80237629002754],[42.95953023437046,54.81427359505598],[42.95953023437046,54.826170900085394],[42.960719964873284,54.858293623663485],[42.97261726990217,54.8701909286929],[42.97499673090853,54.89398553875253],[42.99998107146931,54.918969879313394],[43.00473999348132,54.938005567359156],[42.9738070004058,54.94633368087947],[42.95834050386763,54.95228233339458],[42.93216643280332,54.95228233339458],[42.896474517715774,54.96180017741888],[42.87624909916631,54.977266673955526],[42.87505936866357,54.99630236200217],[42.88219775168115,55.009389397534505],[42.90242317023062,55.014148319545725],[42.923838319282915,55.02723535507815],[42.87981829067479,55.04627104312479],[42.82628041804423,55.07125538368565],[42.76798362340085,55.10813702927593],[42.708497098255364,55.1009986462596],[42.67637437467701,55.146208405369215],[42.632354346068965,55.140259752854995],[42.65614895612683,55.116465142796244],[42.67637437467701,55.09148080223538],[42.68946141020881,55.09267053273839],[42.69778952372921,55.081962958212955],[42.57643701243195,55.06054780916021],[42.508622373765974,55.04389158211967],[42.46103315364874,55.03318400759237],[42.43247962157878,55.009389397534505],[42.380131479451045,55.01652778055182],[42.34919848637472,54.989163978985744],[42.326593606819685,54.984405056972754],[42.30279899676103,54.964179638423104],[42.28376330871447,54.95942071641189],[42.257589237650166,54.943954219873376],[42.17549783294973,54.97369748244732],[42.126718882329584,54.99035370948786],[42.08388858422508,54.989163978985744],[42.03273017259937,54.993922900996964],[42.02202259807323,55.0010612840133],[42.01964313706766,55.01652778055182],[42.02083286757049,55.03794292960545],[42.00060744902102,55.051029965136],[42.0041766405295,55.06530673117143],[42.00698814301171,55.0879940572604],[41.997038257511804,55.09989136228887],[41.970106497420545,55.09989136228887],[41.91537889428713,55.076096752229205],[41.88087670970236,55.05944052518953],[41.85589236914092,55.07847621323617],[41.811872340533625,55.07847621323617],[41.798785305001104,55.10227082329402],[41.79045719148138,55.14272166039336],[41.76428312041634,55.14748058240639],[41.70717605627652,55.141531929890334],[41.697943906464985,55.142411182253156],[41.627553768202915,55.11655816699203],[41.6311229597122,55.091573826431166],[41.623984576694525,55.06539975536819],[41.635881881723414,55.04636406732155],[41.61089754116202,55.04279487581155],[41.623984576694525,55.027328379274906],[41.582344009092054,55.022569457261824],[41.577585087080834,55.017810535250604],[41.544272632998855,55.021379726758816],[41.545462363501684,54.99520565569584],[41.525236944952304,54.97022131513498],[41.544272632998855,54.96784185412799],[41.55616993802774,54.97735969815131],[41.591861853115375,54.965462393121896],[41.58948239210972,54.954754818596456],[41.616846193676864,54.944047244070134],[41.614466732671204,54.91073478998806],[41.602569427641434,54.89883748495962],[41.60732834965354,54.87742233590599],[41.578774817583664,54.859576378362355],[41.57282616506873,54.84648934283082],[41.591861853115375,54.82507419377906],[41.578774817583664,54.81198715824664],[41.590672122612546,54.763208207626136],[41.58948239210972,54.73346494505317],[41.56806724305751,54.70015249097199],[41.54070344149038,54.68230653342835],[41.51096017891768,54.671598958902024],[41.520478022941,54.6585119233705],[41.52285748394665,54.635907043815635],[41.50501152640284,54.60854324224779],[41.48954502986467,54.59307674570936],[41.45385311477704,54.58831782369815],[41.45385311477704,54.570471866154506],[41.48716556885902,54.559764291629065],[41.50620125690566,54.51574426302068],[41.51096017891768,54.472913964916174],[41.50501152640284,54.45625773787465],[41.4853912931262,54.44971766011512],[41.48359637735054,54.449119354856535],[41.47169907232086,54.45030908535954],[41.44195580974815,54.46696531240018],[41.44433527075381,54.44555016334833],[41.45623257578349,54.413427439769265],[41.45028392326865,54.39201229071661],[41.47089612663163,54.36860446547324],[41.48398316216423,54.347189316419616],[41.48398316216423,54.318635784350626],[41.5125366942341,54.29960009630398],[41.51729561624532,54.27937467775425],[41.518485346748946,54.255580067696386],[41.510157233228455,54.21631896109921],[41.46256801311122,54.22345734411741],[41.42449663701794,54.2091805780819],[41.4233069065152,54.20085246456256],[41.47089612663163,54.18538596802413],[41.46256801311122,54.168729740983494],[41.4102198709834,54.166350279977486],[41.399512296457345,54.159211896959285],[41.41259933198906,54.14374540042263],[41.42092744550955,54.11876105985991],[41.44353232506458,54.090207527790916],[41.437583672550446,54.0783102227615],[41.42211717601238,54.068792378737285],[41.388804721931194,54.062843726223065],[41.366199842375366,54.06046426521786],[41.36738957287819,54.03666965516],[41.355492267849215,54.02477235012978],[41.338836040808225,53.98551124353438],[41.307903047732694,53.96409609448165],[41.25198571409568,53.96290636397864],[41.2400884090668,53.90698903034172],[41.235329487054784,53.89271226430629],[41.22462191252863,53.880814959276876],[41.22224245152299,53.85583061871601],[41.20915541599047,53.82251816463394],[41.25912409711336,53.81537978161761],[41.272211132645154,53.82608735614304],[41.34954361533437,53.802292746085186],[41.3804766084107,53.80943112910339],[41.38404579991918,53.793964632564865],[41.37690741690151,53.75589325647069],[41.37690741690151,53.70949376685709],[41.3804766084107,53.69045807881045],[41.37571768639869,53.61907424863598],[41.3750902755038,53.609349379762506],[41.37333822539303,53.58219260304668],[41.36738957287819,53.561967184496055],[41.365010111872536,53.52865473041399],[41.30314412572068,53.51913688639164],[41.265072749627485,53.50961904236735],[41.271021402142324,53.49296281532769],[41.271021402142324,53.47273739677715],[41.24722679208376,53.47154766627406],[41.218673260013794,53.476306588287144],[41.20320676347643,53.475116857784045],[41.20915541599047,53.4572709002405],[41.20677595498482,53.440614673198084],[41.17822242291494,53.43466602068386],[41.165135387382435,53.42514817666144],[41.10564886223703,53.42752763766656],[41.056869911617596,53.42871736816956],[41.0616288336289,53.44418386470808],[41.06281856413173,53.46678874426284],[41.05330072010841,53.48820389331469],[41.00452176948907,53.490583354320705],[40.936707130823166,53.50129092884801],[40.87960006668342,53.500101198345],[40.854615726121935,53.50367038985313],[40.837959499080945,53.53341365242707],[40.77847297393545,53.54293149644941],[40.72374537080135,53.54531095745462],[40.690432916719374,53.538172574438285],[40.67020749816991,53.52865473041399],[40.66901776766717,53.50723958136133],[40.64165396610004,53.485824432309485],[40.50364522776179,53.46321955275472],[40.473901965189086,53.46916820526805],[40.43226139758741,53.490583354320705],[40.43543401226185,53.46361612958938],[40.430675090249835,53.43268313651243],[40.42353670723217,53.398180951928246],[40.419967515723684,53.385093916395824],[40.404501019185524,53.385093916395824],[40.40569074968835,53.36962741985917],[40.386655061641704,53.338694426782226],[40.37118856510435,53.336314965777106],[40.34025557202801,53.34583280979953],[40.324789075490656,53.34821227080555],[40.29385608241432,53.36010957583496],[40.29028689090593,53.37438634187039],[40.28314850788818,53.38628364689971],[40.267682011350104,53.38628364689971],[40.240318209783766,53.370817150360395],[40.23436955726892,53.338694426782226],[40.22009279123358,53.319658738736464],[40.223661982742776,53.28158736264318],[40.2248517132456,53.21734191548603],[40.2331798267661,53.156665659836115],[40.240318209783766,53.13168131927525],[40.23912847928014,53.1078867092165],[40.21771333022794,53.100748326199195],[40.195108450672905,53.1114559007265],[40.17369330161981,53.11502509223462],[40.148708961059214,53.1043175177074],[40.151088422064774,53.08766129066677],[40.16655491860294,53.05791802809469],[40.16417545759657,53.04245153155715],[40.14632950005276,53.0210363825045],[40.12610408150338,53.00438015546386],[40.076135400381204,53.010328807977196],[40.076135400381204,53.04364126205927],[40.09160189691937,53.05553856708957],[40.12610408150338,53.050779645076574],[40.127293812006116,53.065056411112],[40.07970459188969,53.06862560262013],[40.07970459188969,53.091230482176755],[40.060668903843045,53.091230482176755],[40.03211537177317,53.071005063626224],[40.005941300708855,53.0614872196029],[39.977387768638984,53.05910775859778],[39.97619803813616,53.01270826898329],[39.98095696014818,52.979395814903],[39.950023967071935,52.99843150294964],[39.925039626511165,53.016277460493285],[39.90838339947017,53.015087729990185],[39.888157980920795,53.022226113007505],[39.88339905890878,53.007949346972076],[39.86317364035931,52.99724177244664],[39.82629199476894,53.00319042496086],[39.766805469623534,53.01270826898329],[39.67519622089898,53.03650287904293],[39.613330234747124,53.05791802809469],[39.59429454670048,53.04007207055114],[39.54789505708679,53.04245153155715],[39.559792362115765,53.0614872196029],[39.541946404571945,53.06386668060891],[39.55146424859518,53.08171263815255],[39.578828050162315,53.080522907649545],[39.580017780665145,53.11978401424584],[39.55622317060728,53.12097374474884],[39.530049099543064,53.11502509223462],[39.48483934043211,53.12811212776704],[39.43843985081842,53.12811212776704],[39.40563451102338,53.12717977248848],[39.31521499280021,53.12836950299062],[39.31878418430913,53.14264626902694],[39.3128355317942,53.156923035060586],[39.25334900664844,53.15573330455847],[39.22836466608776,53.148594921540266],[39.16292948842707,53.13788734701483],[39.1153402683109,53.10695435393788],[39.09987377177239,53.071262438850695],[39.080838083725745,53.07602136086369],[39.04276670763246,53.078400821867916],[39.00112614003105,53.08078028287402],[38.94401907589112,53.08672893538824],[38.92141419633565,53.09624677941156],[38.89048120325932,53.104574892933655],[38.89048120325932,53.12480031148152],[38.86430713219572,53.135507886008824],[38.843760518201876,53.13881560837312],[38.82472483015461,53.13048749485192],[38.799740489593745,53.12453884233858],[38.75809992199136,53.1257285728407],[38.73549504243624,53.13524641686402],[38.70813124086946,53.126918303344596],[38.68195716980479,53.13524641686402],[38.65578309874101,53.12453884233858],[38.641506332706214,53.10669288479406],[38.59391711258934,53.07932908322799],[38.5629841195139,53.06386258668955],[38.523723012917344,53.05791393417436],[38.51896409090577,53.087657196747415],[38.49754894185348,53.091226388257404],[38.485651636823704,53.04363716813991]]]]}},{"type":"Feature","properties":{"kind":"district","id":"uyezd-1897-361","name":"Усманский","provinceId":"tambov"},"geometry":{"type":"MultiPolygon","coordinates":[[[[40.578407305043726,52.32240019273736],[40.56532026951193,52.32358992324046],[40.5343872764356,52.336676958771015],[40.48441859531343,52.36285102983586],[40.430880722682076,52.36404076033887],[40.338081743454694,52.356902377320665],[40.298820636858665,52.34738453329832],[40.258369799759905,52.35452291631465],[40.255990338753456,52.36047156883065],[40.26074926076547,52.38426617888851],[40.2191086931638,52.394973753414924],[40.178657856064234,52.40211213643215],[40.13106863594772,52.417578632970574],[40.10251510387785,52.422337554981794],[40.06920264979587,52.412819710957585],[40.02161342967935,52.39378402291094],[39.994249628112215,52.39616348391793],[39.95855771302467,52.392594292407935],[39.93952202497812,52.38545590939063],[39.907399301399764,52.3818867178825],[39.836015471224584,52.35571264681766],[39.79080571211372,52.350953724806445],[39.74321649199712,52.340246150281004],[39.71228349892168,52.33548722826801],[39.68848888886302,52.340246150281004],[39.58974125712159,52.33786668927402],[39.527875270969645,52.31883100122738],[39.50408066091179,52.30812342670194],[39.49456281688847,52.280759625134095],[39.47314766783555,52.274810972619875],[39.43269683073662,52.29027746915839],[39.39819464615189,52.2878980081523],[39.38153841911091,52.266482859100535],[39.364882192070716,52.265293128597435],[39.34941569553256,52.254585554070225],[39.339897851509235,52.24982663205901],[39.34108758201215,52.24268824904081],[39.35417461754386,52.2414985185378],[39.37440003609404,52.20818606445751],[39.382728149614536,52.193909298422085],[39.39343572414068,52.190340106913965],[39.382728149614536,52.17725307138154],[39.37440003609404,52.17130441886732],[39.355364348047395,52.14513034780248],[39.35298488704103,52.1106281632174],[39.34941569553256,52.08564382265645],[39.36607192257354,52.052331368574386],[39.36369246156718,52.0249675670084],[39.36964111408202,51.99522430443446],[39.39343572414068,51.99046538242324],[39.444594135765584,52.0178291839902],[39.49932173889977,52.038054602540825],[39.51478823543793,52.02853675851652],[39.493373086384935,52.010690800972974],[39.47909632035039,51.973809155382696],[39.50764985242027,51.97023996387448],[39.555239072536786,51.99284484342934],[39.59687964013917,51.99165511292633],[39.62067425019703,51.996414034937544],[39.653986704279006,52.010690800972974],[39.671832661822826,52.01901891449418],[39.71585269043007,52.0178291839902],[39.73131918696823,52.022588106001415],[39.75511379702689,52.02139837549841],[39.76701110205586,52.00355241795477],[39.7812878680904,51.99165511292633],[39.782477598593935,51.95834265884426],[39.78485705959967,51.94525562331184],[39.76820083255869,51.93692750979241],[39.77414948507353,51.92384047425999],[39.79556463412574,51.90718424721855],[39.85029223725992,51.87268206263437],[39.877656038827055,51.86554367961706],[39.926434989446314,51.86673341012006],[39.94666040799578,51.87268206263437],[39.969265287551615,51.88814855917191],[39.9680755570487,51.91789182174577],[40.037079926217515,51.94882481482183],[40.071582110802225,51.963101580857256],[40.11441240890673,51.940496701300624],[40.157242707011946,51.93097885727819],[40.21316004064896,51.926219935265195],[40.258369799759905,51.91670209124277],[40.279784948812114,51.91908155224886],[40.301200097864324,51.93335831828429],[40.338081743454694,51.961911850353275],[40.35711743150134,51.97261942487969],[40.390429885583316,51.954773467336054],[40.41065530413269,51.97261942487969],[40.379722311057165,51.99046538242324],[40.44396775821467,52.04876217706626],[40.51892077989824,52.0178291839902],[40.55461269498578,52.010690800972974],[40.608150567616434,52.00474214845778],[40.68429331980362,51.9809475384009],[40.74853876696104,51.966670772364495],[40.79969717858604,51.91551236073976],[40.83419936317084,51.90480478621335],[40.82230205814187,51.873871793138264],[40.84133774618842,51.867923140623155],[40.848476129205295,51.84888745257651],[40.869891278258386,51.84888745257651],[40.90082427133392,51.86316421861194],[40.928188072900966,51.84293880006229],[40.9555518744681,51.8405593390562],[40.9936232505613,51.861974488108935],[41.03645354866651,51.873871793138264],[41.0911811518007,51.884579367663704],[41.11021683984734,51.86554367961706],[41.134011449905195,51.86911287112527],[41.16970336499274,51.83699014754798],[41.18992878354221,51.84650799157042],[41.22086177661774,51.853646374587726],[41.186359592033725,51.873871793138264],[41.15661632946103,51.89528694219101],[41.14709848543771,51.90242532520734],[41.10188872632684,51.91194316923155],[41.0828530382802,51.9274096657682],[41.01146920810511,51.951204275827834],[40.93294699491227,51.97618861638879],[40.9258086118954,52.010690800972974],[40.96269025748577,52.036864872036844],[41.00908974709946,52.07136705662103],[41.02455624363682,52.09635139718375],[41.04359193168338,52.12966385126404],[41.01146920810511,52.12728439025795],[40.996002711566945,52.13204331227094],[40.97458756251466,52.12728439025795],[40.9555518744681,52.12966385126404],[40.93532645591863,52.12490492925283],[40.91629076787208,52.12490492925283],[40.90439346284231,52.13799196478525],[40.87583993077243,52.14632007830459],[40.86632208674911,52.13680223428216],[40.85918370373224,52.13680223428216],[40.85561451222305,52.17011468836422],[40.83895828518206,52.1974784899303],[40.854424781720226,52.21294498646873],[40.87346046976687,52.240308788034795],[40.90320373233956,52.270052050608655],[40.79493825657473,52.29265693016351],[40.77590256852818,52.27838016412808],[40.753297688972346,52.254585554070225],[40.759246341487184,52.248636901556004],[40.78779987355715,52.240308788034795],[40.765194994001234,52.22127309998815],[40.736641461931356,52.21651417797694],[40.71522631287915,52.198668220433305],[40.69381116382685,52.19271956791819],[40.67834466728878,52.191529837416965],[40.67715493678595,52.21175525596483],[40.706898199358655,52.22603202200115],[40.706898199358655,52.23554986602358],[40.71998523489117,52.248636901556004],[40.71403658237632,52.25577528457323],[40.69619062483251,52.254585554070225],[40.681913858797174,52.254585554070225],[40.69262143332403,52.274810972619875],[40.64979113521882,52.28313908614108],[40.63194517767509,52.28432881664408],[40.62242733365177,52.27838016412808],[40.617668411640466,52.26172393708745],[40.60458137610795,52.254585554070225],[40.59268407107906,52.264103398094434],[40.58316622705574,52.28670827764929],[40.57959703554647,52.30693369619894],[40.578407305043726,52.32240019273736]]]]}},{"type":"Feature","properties":{"kind":"district","id":"uyezd-1897-362","name":"Козловский","provinceId":"tambov"},"geometry":{"type":"MultiPolygon","coordinates":[[[[40.79493825657473,52.29265693016351],[40.79854661616559,52.30526905269652],[40.82591041773273,52.32311501024016],[40.86755098533431,52.33501231527046],[40.85684341080825,52.359996655830436],[40.80092607717124,52.346909620298014],[40.7866493111367,52.363565847339444],[40.76999308409572,52.373083691363746],[40.77237254510128,52.41472425896515],[40.785459580633876,52.42900102500058],[40.80330553817689,52.43494967751489],[40.812823382200925,52.43257021650879],[40.82591041773273,52.433759947011794],[40.834238531253135,52.45517509606365],[40.85089475829412,52.46826213159598],[40.85565368030542,52.49086701115172],[40.86874071583794,52.517041082216565],[40.89729424790781,52.53607677026321],[40.94488346802433,52.56106111082407],[40.97105753908864,52.56582003283529],[40.9651088865738,52.58604545138405],[40.95202185104129,52.60746060043679],[40.959160234058956,52.62173736647222],[40.99247268814085,52.64910116804006],[41.00436999316982,52.64910116804006],[41.01269810669022,52.63601413250764],[41.03649271674888,52.63839359351276],[41.00436999316982,52.66694712558361],[40.97581646109985,52.72762338123175],[40.957970503556126,52.78592017587468],[41.00793918467901,52.80257640291532],[41.0460105607722,52.80971478593254],[41.056718135298354,52.822801821464964],[41.07218463183572,52.84778616202583],[41.08884085887671,52.85492454504403],[41.12572250446708,52.86801158057645],[41.16260415005745,52.87277050258767],[41.193537143133774,52.87039104158068],[41.21971121419729,52.86682185007247],[41.23636744123827,52.86563211956947],[41.23636744123827,52.898944573651534],[41.2375571717411,52.93820568024694],[41.24350582425595,52.97746678684322],[41.2625415123025,53.02386627645771],[41.27324908682864,53.054799269532886],[41.29585396638448,53.055989000036774],[41.307751271413366,53.07026576607043],[41.30894100191628,53.08692199311186],[41.313699923927494,53.11071660316972],[41.331545881471314,53.12856256071336],[41.350581569517864,53.142839326748785],[41.2970436968873,53.15949555378942],[41.224470136209305,53.17853124183606],[41.19115768212741,53.17496205032785],[41.12453277396425,53.19399773837449],[41.06147705730966,53.21660261792935],[41.021026220210814,53.223741000946575],[41.0198364897079,53.25824318553262],[41.024595411719204,53.290365909110704],[41.0198364897079,53.30821186665435],[41.034113255742525,53.32724755470099],[41.04244136926302,53.355801086770065],[41.04839002177786,53.385544349343036],[41.04720029127503,53.40101084588146],[41.056869911617596,53.42871736816956],[41.0616288336289,53.44418386470808],[41.06281856413173,53.46678874426284],[41.05330072010841,53.48820389331469],[41.00452176948907,53.490583354320705],[40.936707130823166,53.50129092884801],[40.87960006668342,53.500101198345],[40.854615726121935,53.50367038985313],[40.837959499080945,53.53341365242707],[40.77847297393545,53.54293149644941],[40.72374537080135,53.54531095745462],[40.690432916719374,53.538172574438285],[40.67020749816991,53.52865473041399],[40.66901776766717,53.50723958136133],[40.64165396610004,53.485824432309485],[40.50364522776179,53.46321955275472],[40.473901965189086,53.46916820526805],[40.43226139758741,53.490583354320705],[40.43543401226185,53.46361612958938],[40.430675090249835,53.43268313651243],[40.42353670723217,53.398180951928246],[40.419967515723684,53.385093916395824],[40.404501019185524,53.385093916395824],[40.40569074968835,53.36962741985917],[40.386655061641704,53.338694426782226],[40.37118856510435,53.336314965777106],[40.34025557202801,53.34583280979953],[40.324789075490656,53.34821227080555],[40.29385608241432,53.36010957583496],[40.29028689090593,53.37438634187039],[40.28314850788818,53.38628364689971],[40.267682011350104,53.38628364689971],[40.240318209783766,53.370817150360395],[40.23436955726892,53.338694426782226],[40.22009279123358,53.319658738736464],[40.223661982742776,53.28158736264318],[40.2248517132456,53.21734191548603],[40.2331798267661,53.156665659836115],[40.240318209783766,53.13168131927525],[40.23912847928014,53.1078867092165],[40.21771333022794,53.100748326199195],[40.195108450672905,53.1114559007265],[40.17369330161981,53.11502509223462],[40.148708961059214,53.1043175177074],[40.151088422064774,53.08766129066677],[40.16655491860294,53.05791802809469],[40.16417545759657,53.04245153155715],[40.14632950005276,53.0210363825045],[40.12610408150338,53.00438015546386],[40.12511998343288,52.98864927436985],[40.1298789054449,52.961285472802004],[40.13106863594772,52.937490862744234],[40.11560213940956,52.90655786966818],[40.10846375639269,52.86491730206579],[40.11203294790108,52.83874323100281],[40.10727402588906,52.81613835144618],[40.10132537337502,52.74475452127082],[40.116791869913094,52.71025233668753],[40.12868917494207,52.67575015210335],[40.13939674946822,52.665042577576045],[40.14415567147943,52.6471966200324],[40.14772486298871,52.63767877601006],[40.16081189852042,52.63529931500396],[40.17032974254374,52.644817159026395],[40.178657856064234,52.650765811540616],[40.19531408310523,52.659093925061825],[40.246472494730135,52.63767877601006],[40.313097402894,52.6019868609219],[40.33927147395752,52.586520364384356],[40.36663527552466,52.58295117287436],[40.39518880759453,52.580571711870135],[40.4023271906122,52.61388416595034],[40.4023271906122,52.63529931500396],[40.43563964469418,52.650765811540616],[40.47728021229577,52.64124796751818],[40.54985377297376,52.63291985399698],[40.55461269498578,52.60674578293311],[40.56532026951193,52.59365874740069],[40.63789383018993,52.59127928639557],[40.67120628427111,52.568674406839826],[40.690241972317665,52.568674406839826],[40.699759816340986,52.56153602382349],[40.69262143332403,52.55082844929619],[40.673585745276675,52.54369006627985],[40.627186255662984,52.53774141376377],[40.58911487956979,52.52584410873443],[40.553422964482955,52.498480307167476],[40.57602784403808,52.45327054805786],[40.590304610072614,52.417578632970574],[40.590304610072614,52.39378402291094],[40.58673541856413,52.36760995184707],[40.578407305043726,52.32240019273736],[40.57959703554647,52.30693369619894],[40.58316622705574,52.28670827764929],[40.59268407107906,52.264103398094434],[40.60458137610795,52.254585554070225],[40.617668411640466,52.26172393708745],[40.62242733365177,52.27838016412808],[40.63194517767509,52.28432881664408],[40.64979113521882,52.28313908614108],[40.69262143332403,52.274810972619875],[40.681913858797174,52.254585554070225],[40.69619062483251,52.254585554070225],[40.71403658237632,52.25577528457323],[40.71998523489117,52.248636901556004],[40.706898199358655,52.23554986602358],[40.706898199358655,52.22603202200115],[40.67715493678595,52.21175525596483],[40.67834466728878,52.191529837416965],[40.69381116382685,52.19271956791819],[40.71522631287915,52.198668220433305],[40.736641461931356,52.21651417797694],[40.765194994001234,52.22127309998815],[40.78779987355715,52.240308788034795],[40.759246341487184,52.248636901556004],[40.753297688972346,52.254585554070225],[40.77590256852818,52.27838016412808],[40.79493825657473,52.29265693016351]]]]}},{"type":"Feature","properties":{"kind":"district","id":"uyezd-1897-363","name":"Лебедянский","provinceId":"tambov"},"geometry":{"type":"MultiPolygon","coordinates":[[[[40.12610408150338,53.00438015546386],[40.076135400381204,53.010328807977196],[40.076135400381204,53.04364126205927],[40.09160189691937,53.05553856708957],[40.12610408150338,53.050779645076574],[40.127293812006116,53.065056411112],[40.07970459188969,53.06862560262013],[40.07970459188969,53.091230482176755],[40.060668903843045,53.091230482176755],[40.03211537177317,53.071005063626224],[40.005941300708855,53.0614872196029],[39.977387768638984,53.05910775859778],[39.97619803813616,53.01270826898329],[39.98095696014818,52.979395814903],[39.950023967071935,52.99843150294964],[39.925039626511165,53.016277460493285],[39.90838339947017,53.015087729990185],[39.888157980920795,53.022226113007505],[39.88339905890878,53.007949346972076],[39.86317364035931,52.99724177244664],[39.82629199476894,53.00319042496086],[39.766805469623534,53.01270826898329],[39.67519622089898,53.03650287904293],[39.613330234747124,53.05791802809469],[39.59429454670048,53.04007207055114],[39.54789505708679,53.04245153155715],[39.559792362115765,53.0614872196029],[39.541946404571945,53.06386668060891],[39.55146424859518,53.08171263815255],[39.578828050162315,53.080522907649545],[39.580017780665145,53.11978401424584],[39.55622317060728,53.12097374474884],[39.530049099543064,53.11502509223462],[39.48483934043211,53.12811212776704],[39.43843985081842,53.12811212776704],[39.40563451102229,53.12717977248762],[39.31521499280021,53.12836950299062],[39.31878418430913,53.14264626902694],[39.3128355317942,53.156923035060586],[39.25334900664844,53.15573330455847],[39.22836466608776,53.148594921540266],[39.16292948842707,53.13788734701483],[39.1153402683109,53.10695435393788],[39.09987377177239,53.071262438850695],[39.080838083725745,53.07602136086369],[39.04276670763246,53.078400821867916],[39.00112614003105,53.08078028287402],[38.94401907589112,53.08672893538824],[38.92141419633565,53.09624677941156],[38.89048120325932,53.104574892933655],[38.89048120325932,53.12480031148152],[38.86430713219572,53.135507886008824],[38.843760518201876,53.13881560837312],[38.82472483015461,53.13048749485192],[38.799740489593745,53.12453884233858],[38.75809992199136,53.1257285728407],[38.73549504243624,53.13524641686402],[38.70813124086946,53.126918303344596],[38.68195716980479,53.13524641686402],[38.65578309874101,53.12453884233858],[38.641506332706214,53.10669288479406],[38.59391711258934,53.07932908322799],[38.5629841195139,53.06386258668955],[38.523723012917344,53.05791393417436],[38.51896409090577,53.087657196747415],[38.49754894185348,53.091226388257404],[38.485651636823704,53.04363716813991],[38.52093935906139,53.01176794909501],[38.59827184175079,52.96893765099051],[38.658948097399545,52.971317111994736],[38.704157856509795,52.979645225515945],[38.72438327505988,52.95466088495411],[38.69345028198373,52.90231274282628],[38.6910708209779,52.85948244472187],[38.78030060869627,52.84044675667523],[38.87785850993585,52.83687756516613],[38.93258611307012,52.84877487019457],[38.95994991463691,52.827359721142805],[38.983744524694856,52.8226007991307],[38.994452099221,52.838067295669134],[38.990117083651995,52.84826107502524],[39.0151014242134,52.85539945804335],[39.02223980723106,52.86610703256879],[39.140023127019134,52.861348110557664],[39.170956120095454,52.77211832283867],[39.21497614870279,52.76854913133046],[39.24590914177911,52.76973886183346],[39.30182647541612,52.76735940082746],[39.386297341122926,52.76616967032348],[39.410091951180874,52.75427236529504],[39.438645483251456,52.75189290428894],[39.51240877443229,52.76973886183346],[39.52073688795198,52.78044643635988],[39.5516698810283,52.782825897364106],[39.5683261080685,52.78996428038222],[39.637330477238024,52.7863950888741],[39.66469427880516,52.77330805334168],[39.71109376841885,52.76854913133046],[39.81222086116672,52.77330805334168],[39.837205201727414,52.76854913133046],[39.89431226586796,52.75070317378682],[39.953798791013455,52.732857216242294],[40.01447504666168,52.706683145177536],[40.05492588376133,52.70192422316632],[40.09418699035726,52.69240637914389],[40.12868917494207,52.67575015210335],[40.116791869913094,52.71025233668753],[40.10132537337502,52.74475452127082],[40.10727402588906,52.81613835144618],[40.11203294790108,52.83874323100281],[40.10846375639269,52.86491730206579],[40.11560213940956,52.90655786966818],[40.13106863594772,52.937490862744234],[40.1298789054449,52.961285472802004],[40.12511998343288,52.98864927436985],[40.12610408150338,53.00438015546386]]]]}},{"type":"Feature","properties":{"kind":"district","id":"uyezd-1897-364","name":"Елатомский","provinceId":"tambov"},"geometry":{"type":"MultiPolygon","coordinates":[[[[42.54907321086482,54.366934925959846],[42.52408887030342,54.37883223098926],[42.51100183477162,54.39310899702469],[42.49315587722789,54.41452414607734],[42.49910452974274,54.428800912112855],[42.508622373765974,54.45021606116462],[42.50743264326243,54.47876959323369],[42.46103315364874,54.49066689826391],[42.45270504012905,54.47995932373669],[42.41463366403505,54.49423608977212],[42.38370067095953,54.515651238823885],[42.3825109404567,54.53706638787662],[42.3444395643635,54.53944584888361],[42.32183468480767,54.55015342340904],[42.336111450843006,54.56205072843838],[42.337301181345836,54.58227614698811],[42.318265493299194,54.58227614698811],[42.296850344246984,54.571568572462674],[42.26591735117066,54.585845338496235],[42.252830315638946,54.61558860107018],[42.24926112413047,54.671505934707014],[42.256399507147336,54.7083875802973],[42.23141516658665,54.732182190355154],[42.215948670048576,54.77263302745453],[42.14218537886775,54.81784278656593],[42.0934064282484,54.81665305606293],[42.05057613014319,54.836878474612575],[42.03748909461139,54.84639631863501],[42.07437074020176,54.918969879313366],[42.11601130780343,54.913021226799145],[42.135046995850075,54.91659041830736],[42.15170322289107,54.93443637585099],[42.136236726352905,54.95585152490365],[42.126718882329584,54.990353709487835],[42.08388858422508,54.989163978985715],[42.03273017259937,54.993922900996935],[42.02202259807323,55.00106128401327],[42.01964313706766,55.01652778055178],[42.02083286757049,55.037942929605414],[42.00060744902102,55.05102996513597],[42.0041766405295,55.0653067311714],[42.00698814301171,55.0879940572604],[41.997038257511804,55.09989136228887],[41.970106497420545,55.09989136228887],[41.91537889428713,55.076096752229205],[41.88087670970236,55.05944052518953],[41.85589236914092,55.07847621323617],[41.811872340533625,55.07847621323617],[41.798785305001104,55.10227082329402],[41.79045719148138,55.14272166039336],[41.76428312041634,55.14748058240639],[41.70717605627652,55.141531929890334],[41.697943906464985,55.142411182253156],[41.627553768202915,55.11655816699203],[41.6311229597122,55.091573826431166],[41.623984576694525,55.06539975536819],[41.635881881723414,55.04636406732155],[41.61089754116202,55.04279487581155],[41.623984576694525,55.027328379274906],[41.582344009092054,55.022569457261824],[41.577585087080834,55.017810535250604],[41.544272632998855,55.021379726758816],[41.545462363501684,54.99520565569584],[41.525236944952304,54.97022131513498],[41.544272632998855,54.96784185412799],[41.55616993802774,54.97735969815131],[41.591861853115375,54.965462393121896],[41.58948239210972,54.954754818596456],[41.616846193676864,54.944047244070134],[41.614466732671204,54.91073478998806],[41.602569427641434,54.89883748495962],[41.60732834965354,54.87742233590599],[41.578774817583664,54.859576378362355],[41.57282616506873,54.84648934283082],[41.591861853115375,54.82507419377906],[41.578774817583664,54.81198715824664],[41.590672122612546,54.763208207626136],[41.58948239210972,54.73346494505317],[41.56806724305751,54.70015249097199],[41.54070344149038,54.68230653342835],[41.51096017891768,54.671598958902024],[41.520478022941,54.6585119233705],[41.52285748394665,54.635907043815635],[41.50501152640284,54.60854324224779],[41.48954502986467,54.59307674570936],[41.45385311477704,54.58831782369815],[41.45385311477704,54.570471866154506],[41.48716556885902,54.559764291629065],[41.50620125690566,54.51574426302068],[41.51096017891768,54.472913964916174],[41.50501152640284,54.45625773787465],[41.4853912931262,54.44971766011512],[41.486643871761146,54.43593929512919],[41.50448982930496,54.431180373117975],[41.51519740383182,54.443077678146416],[41.53066390036927,54.44426740864951],[41.543750935901784,54.4383187561352],[41.562786623948334,54.424041990099774],[41.56754554595964,54.3954884580307],[41.5830120424978,54.38240142249836],[41.59371961702395,54.35384789042929],[41.6591547946842,54.35979654294262],[41.67581102172518,54.33243274137655],[41.69365697926891,54.32053543634722],[41.74124619938543,54.32291489735234],[41.79716353302244,54.331243010872655],[41.82214787358393,54.31101759232301],[41.8423732921333,54.31339705332991],[41.88520359023781,54.330053280369654],[41.910187930799296,54.33957112439386],[41.92089550532535,54.31220732282601],[41.92684415784019,54.305068939808706],[41.93874146286917,54.299120287294485],[41.95777715091581,54.3038792093057],[41.96848472544187,54.28841271276816],[41.98633068298568,54.27294621622973],[41.99822798801537,54.25866945019608],[42.00179717952385,54.23011591812522],[42.03510963360574,54.23725430114245],[42.05057613014319,54.24677214516577],[42.06128370466925,54.2646181027103],[42.07912966221306,54.27294621622973],[42.10768319428294,54.263428372207294],[42.143375109370574,54.25866945019608],[42.181446485463766,54.24439268416065],[42.21118974803727,54.23963376214944],[42.22427678356898,54.255100258686085],[42.27067627318267,54.24320295365756],[42.32183468480767,54.23487484013644],[42.34562929486633,54.25747971969307],[42.3694239049249,54.25866945019421],[42.41463366403505,54.261048911200305],[42.43010016057322,54.28841271276816],[42.45627423163744,54.290792173773276],[42.50505318225678,54.30149974830058],[42.52051967879494,54.33481220238078],[42.53479644482948,54.358606812440506],[42.54907321086482,54.366934925959846]]]]}},{"type":"Feature","properties":{"kind":"district","id":"uyezd-1897-365","name":"Спасский","provinceId":"tambov"},"geometry":{"type":"MultiPolygon","coordinates":[[[[42.21118974803727,54.23963376214944],[42.24129694737532,54.22712119182415],[42.23177910335244,54.21760334780083],[42.23177910335244,54.19975739025817],[42.242486677878055,54.18786008522875],[42.247245599889894,54.17715251070243],[42.22226125932876,54.158116822656666],[42.22226125932876,54.148598978632464],[42.23534829486066,54.13908113460914],[42.223450989831505,54.12242490756762],[42.33647538760871,54.04509242487982],[42.387633799233704,54.01534916230597],[42.4423614023678,54.007021048785646],[42.450689515888655,53.97132913369748],[42.46734574292893,53.94991398464661],[42.42451544482398,53.941585871124516],[42.40191056526922,53.928498835593956],[42.384064607725406,53.90827341704333],[42.361459728169834,53.88090961547735],[42.37097757219351,53.82856147334766],[42.33647538760871,53.809525785302],[42.335489050785824,53.808668101108196],[42.35432134515253,53.79762848027258],[42.369787841689885,53.79643874977046],[42.39834137375985,53.8035771327868],[42.42213598381851,53.8023874022838],[42.43046409733891,53.794059288764366],[42.43046409733891,53.767885217699614],[42.46496628192372,53.767885217699614],[42.470914934437765,53.753608451664185],[42.480432778461086,53.74647006864687],[42.461397090414536,53.73933168563053],[42.467345742929375,53.73457276361754],[42.504227388519745,53.73338303311445],[42.51850415455428,53.72386518909211],[42.51850415455428,53.70007057903425],[42.53159119008679,53.689363004506944],[42.530401459584056,53.6727067774664],[42.55300633913909,53.65961974193398],[42.57680094919775,53.65961974193398],[42.5708522966829,53.64058405388734],[42.5708522966829,53.621548365840695],[42.577990679700484,53.60013321678795],[42.595836637244304,53.59537429477673],[42.632718282834674,53.606081869304035],[42.673169119933604,53.614409982823375],[42.71480968753599,53.6286867488589],[42.76358863815525,53.64772243690554],[42.72194807055286,53.67865542998062],[42.68506642496249,53.681034890987604],[42.66959992842513,53.70363977054237],[42.70291238250631,53.72862411110323],[42.71243022652954,53.753608451664185],[42.74336321960587,53.74171114663565],[42.76715782966373,53.771454409207735],[42.75763998564041,53.78097225323204],[42.756450255137665,53.794059288764366],[42.777865404189875,53.81904362932532],[42.793331900728035,53.841648508880084],[42.81593678028307,53.857115005418606],[42.843300581850116,53.86068419692673],[42.87542330542927,53.86068419692673],[42.8980281849844,53.870202040950936],[42.923012525545786,53.88447880698459],[42.95156605761575,53.88209934598035],[42.95156605761575,53.86782257994404],[42.977740128679976,53.854735544412506],[42.977740128679976,53.836889586868864],[43.020570426784474,53.83451012586286],[43.02532934879649,53.846407430891304],[43.01224231326469,53.86187392742973],[43.01819096577883,53.87258150195615],[43.0384163843282,53.87377123245915],[43.05388288086645,53.86901231044793],[43.09076452645682,53.88209934598035],[43.10980021450338,53.87734042396736],[43.13240509405841,53.840458778377084],[43.204978654736415,53.841648508880084],[43.26446517988262,53.86306365793371],[43.266844640888266,53.87258150195615],[43.301346825473075,53.870202040950936],[43.31681332201035,53.86544311893795],[43.34536685408031,53.87971988497337],[43.35131550659516,53.90470422553423],[43.338228471063445,53.91184260855243],[43.30610574748429,53.92730910509086],[43.31324413050196,53.94753452363962],[43.337038740560615,53.95110371514872],[43.35369496760081,53.996313474260205],[43.4000944572145,53.996313474260205],[43.40604310972934,54.017728623311086],[43.37748957765947,54.03081565884351],[43.34655658458385,54.03200538934651],[43.30015709497016,54.04747188588405],[43.288259789940476,54.05817946041135],[43.30253655597581,54.07007676544068],[43.284690598432086,54.09030218399042],[43.366782003133316,54.09625083650464],[43.328710627040124,54.13551194310004],[43.29658790346097,54.159306553159674],[43.31562359150761,54.18786008522875],[43.35012577609233,54.21046496478449],[43.338228471063445,54.221172539310814],[43.35131550659516,54.23901849685357],[43.3322798185486,54.2509158018829],[43.31681332201035,54.240208227357456],[43.30015709497016,54.25567472389412],[43.23710137831548,54.27946933395375],[43.18319956891842,54.299120287294485],[43.15345630634572,54.29793055679059],[43.12371304377292,54.28960244327027],[43.111815738743246,54.299120287294485],[43.09515951170305,54.32648408886144],[43.068985440638826,54.346709507410196],[43.03210379504837,54.37169384797293],[42.970237808896606,54.40262684104712],[42.91669993626516,54.3978679190359],[42.88576694318963,54.3954884580307],[42.84888529759926,54.38716034450958],[42.82390095703778,54.39191926652071],[42.778691197927714,54.38835007501348],[42.76322470138955,54.40024738004192],[42.73943009133089,54.40262684104712],[42.72991224730757,54.41095495456735],[42.70135871523769,54.421662529093766],[42.69659979322638,54.40976522406621],[42.707307367752534,54.40262684104712],[42.70492790674688,54.39191926652071],[42.69659979322638,54.376452769984056],[42.66566680015015,54.381211691995276],[42.63592353757745,54.37764250048715],[42.609749466513136,54.36812465646294],[42.582385664946,54.37169384797293],[42.564539707402986,54.366934925959846],[42.54907321086482,54.366934925959846],[42.53479644482948,54.358606812440506],[42.52051967879494,54.33481220238078],[42.50505318225678,54.30149974830058],[42.45627423163744,54.290792173773276],[42.43010016057322,54.28841271276816],[42.41463366403505,54.261048911200305],[42.3694239049249,54.25866945019421],[42.34562929486633,54.25747971969307],[42.32183468480767,54.23487484013644],[42.27067627318267,54.24320295365756],[42.22427678356898,54.255100258686085],[42.21118974803727,54.23963376214944]]]]}},{"type":"Feature","properties":{"kind":"district","id":"uyezd-1897-366","name":"Моршанский","provinceId":"tambov"},"geometry":{"type":"MultiPolygon","coordinates":[[[[41.313699923927494,53.11071660316972],[41.33115311264558,53.10877451908524],[41.37279368024734,53.10639505807923],[41.40967532583771,53.11115398009045],[41.46559265947472,53.11353344109645],[41.511992149088414,53.09449775304981],[41.50842295757994,53.076651795506265],[41.553632716690004,53.071892873495045],[41.58099651825714,53.05999556846474],[41.66070846195281,53.03382149740176],[41.713056604081345,53.01835500086324],[41.74636905816253,53.008837156839036],[41.758266363192206,53.0433393414241],[41.742799866654046,53.06237502947074],[41.72971283112153,53.075462065003165],[41.74161013615122,53.08260044802137],[41.779681512244416,53.08854910053559],[41.80585558330873,53.13256912914309],[41.85582426443089,53.10282586657102],[41.91412105907347,53.09925667506103],[41.960520548687164,53.10520532757525],[41.990263811259865,53.07784152600838],[42.061647641435044,53.03263176689867],[42.08901144300209,53.049287993938414],[42.160395273177265,53.068323681985056],[42.20560503228813,53.03977014991598],[42.27104020994847,53.02668311438445],[42.28888616749228,53.01716527036024],[42.32100889107055,53.008837156839036],[42.329337004591125,53.01597553985812],[42.3198191605678,53.03739068890988],[42.32219862157346,53.04690853293232],[42.33766511811153,53.05404691595052],[42.417377061806405,53.07070314299195],[42.47329439544421,53.069513412488945],[42.541109034110114,53.05880583796262],[42.57323175768847,53.06237502947074],[42.58988798472946,53.0528571854484],[42.58988798472946,53.08260044802137],[42.56133445265958,53.08854910053559],[42.51612469354863,53.10758478858223],[42.451879246391215,53.0873593700317],[42.370977572192714,53.081410717517386],[42.33528565710597,53.084979909025606],[42.31149104704731,53.11710263260467],[42.31030131654448,53.13851778165731],[42.286506706485824,53.14684589517852],[42.285316975983,53.155174008697955],[42.296024550509145,53.157553469703956],[42.296024550509145,53.165881583225165],[42.31268077755014,53.18015834925882],[42.30911158604166,53.19086592378514],[42.332906196099515,53.20038376780846],[42.37811595521038,53.1825378102658],[42.42332571432125,53.18491727127181],[42.453068976893945,53.15398427819495],[42.48281223946745,53.152794547692835],[42.51612469354863,53.149225356183734],[42.520883615560734,53.162312391715176],[42.51017604103379,53.17777888825458],[42.56490364416797,53.18610700177392],[42.61130313378166,53.162312391715176],[42.62795936082266,53.14684589517852],[42.6469950488693,53.14684589517852],[42.65651289289262,53.18491727127181],[42.670789658927866,53.215850264347864],[42.70172265200348,53.227747569376305],[42.73384537558255,53.231316760884525],[42.75526052463484,53.23488595239451],[42.76477836865807,53.24916271842816],[42.76537096137475,53.25177012638156],[42.77072702117292,53.27533678949203],[42.765968099160986,53.307459513071095],[42.75288106362919,53.312218435084084],[42.75288106362919,53.33601304514194],[42.77548594318422,53.34196169765528],[42.78500378720754,53.37170496022922],[42.78500378720754,53.38479199576155],[42.77548594318422,53.40501741431129],[42.796901092236425,53.40620714481429],[42.7790551346927,53.43595040738726],[42.751691333125564,53.43476067688337],[42.7362248365882,53.43000175487215],[42.71718914854156,53.43832986839149],[42.719568609547295,53.462124478451216],[42.73979402809668,53.469262861467556],[42.70053292150065,53.50733423756084],[42.673169119933604,53.50971369856684],[42.677928041945535,53.547785074660126],[42.66603073691585,53.56682076270775],[42.642236126857995,53.58347698974741],[42.595836637244304,53.59537429477673],[42.577990679700484,53.60013321678795],[42.5708522966829,53.621548365840695],[42.5708522966829,53.64058405388734],[42.57680094919775,53.65961974193398],[42.55300633913909,53.65961974193398],[42.530401459584056,53.6727067774664],[42.53159119008679,53.689363004506944],[42.51850415455428,53.70007057903425],[42.51850415455428,53.72386518909211],[42.504227388519745,53.73338303311445],[42.467345742929375,53.73457276361754],[42.461397090414536,53.73933168563053],[42.480432778461086,53.74647006864687],[42.470914934437765,53.753608451664185],[42.46496628192372,53.767885217699614],[42.43046409733891,53.767885217699614],[42.43046409733891,53.794059288764366],[42.42213598381851,53.8023874022838],[42.39834137375985,53.8035771327868],[42.369787841689885,53.79643874977046],[42.35432134515253,53.79762848027258],[42.335489050785824,53.808668101108196],[42.309111586041304,53.78573117524316],[42.27698886246286,53.75598791267019],[42.19132826625306,53.72862411110323],[42.15206715965641,53.688173274004825],[42.147308237645376,53.66080947243787],[42.10923686155156,53.65605055042576],[42.08068332948213,53.65605055042576],[42.017627612827184,53.6762759689755],[41.96290000969309,53.67508623847152],[41.87604968298054,53.67389650797029],[41.873670221974265,53.68341435199361],[41.86415237795139,53.68936300450783],[41.84035776789309,53.6762759689755],[41.81894261884017,53.68460408249484],[41.80347612230272,53.67151704696428],[41.78087124274715,53.67389650797029],[41.760645824197866,53.690552735009945],[41.720194987098566,53.694121926518164],[41.705918221063854,53.697691118028146],[41.667846844969944,53.72743438060023],[41.55839163870184,53.73100357211022],[41.54530460316987,53.72386518909211],[41.456074815451046,53.7214857280869],[41.428711013884445,53.68103489098662],[41.40253694282049,53.65248135891666],[41.375090275504064,53.609349379762506],[41.37333822539303,53.58219260304668],[41.36738957287819,53.561967184496055],[41.365010111872536,53.52865473041399],[41.30314412572068,53.51913688639164],[41.265072749627485,53.50961904236735],[41.271021402142324,53.49296281532769],[41.271021402142324,53.47273739677715],[41.24722679208376,53.47154766627406],[41.218673260013794,53.476306588287144],[41.20320676347643,53.475116857784045],[41.20915541599047,53.4572709002405],[41.20677595498482,53.440614673198084],[41.17822242291494,53.43466602068386],[41.165135387382435,53.42514817666144],[41.10564886223703,53.42752763766656],[41.056869911617596,53.42871736816956],[41.04720029127503,53.40101084588146],[41.04839002177786,53.385544349343036],[41.04244136926302,53.355801086770065],[41.034113255742525,53.32724755470099],[41.0198364897079,53.30821186665435],[41.024595411719204,53.290365909110704],[41.0198364897079,53.25824318553262],[41.021026220210814,53.223741000946575],[41.06147705730966,53.21660261792935],[41.12453277396425,53.19399773837449],[41.19115768212741,53.17496205032785],[41.224470136209305,53.17853124183606],[41.2970436968873,53.15949555378942],[41.350581569517864,53.142839326748785],[41.331545881471314,53.12856256071336],[41.313699923927494,53.11071660316972]]]]}},{"type":"Feature","properties":{"kind":"district","id":"uyezd-1897-373","name":"Борисоглебский","provinceId":"tambov"},"geometry":{"type":"MultiPolygon","coordinates":[[[[40.86828919488753,51.38338621727145],[40.9777444011559,51.38219648676844],[41.0967174514475,51.38219648676844],[41.083630415914996,51.407180827329306],[41.05745634485078,51.4428727424165],[41.08244068541226,51.465477621971345],[41.10980448697931,51.48094411850978],[41.07649203289813,51.505928459070645],[41.106235295470825,51.52020522510607],[41.1859472391657,51.51663603359705],[41.18118831715448,51.54281010466092],[41.22044942375051,51.547569026672136],[41.2501926863232,51.5297230691285],[41.27517702688469,51.53924091315271],[41.342991665550585,51.5297230691285],[41.387011694158716,51.51782576410006],[41.423893339749085,51.51782576410006],[41.48337986489449,51.51068738108186],[41.54048692903504,51.51663603359705],[41.57498911361913,51.51425657259185],[41.605922106695374,51.51306684208885],[41.603542645689004,51.565414984217554],[41.61781941172434,51.59872743829784],[41.64756267429705,51.59991716880085],[41.689203241899435,51.572553367233894],[41.720136234975044,51.55351767918725],[41.757017880565414,51.51901549460307],[41.80103790917346,51.499979806556425],[41.851006590295626,51.464287891468345],[41.88312931387398,51.4428727424165],[41.904544462926985,51.413129479844415],[41.93904664751099,51.413129479844415],[41.941426108517355,51.429785706884076],[41.9521336830435,51.4428727424165],[41.96641044907804,51.4440624729195],[42.01043047768608,51.41669867135174],[42.05088131478493,51.389334869784776],[42.07467592484359,51.36435052922481],[42.06634781132309,51.347694302183285],[42.030655896235544,51.347694302183285],[42.01518939969819,51.333417536147856],[41.971169371090056,51.32984834463964],[41.98068721511338,51.31557157860422],[42.03660454875039,51.29058723804246],[42.079434846855605,51.29534616005457],[42.09133215188457,51.28225912452215],[42.14487002451594,51.30843319558788],[42.17937220909985,51.31676130910731],[42.204356549661426,51.31676130910731],[42.20911547167336,51.302484543071884],[42.22815115972,51.297725621060664],[42.23409981223413,51.317951039610314],[42.24837657826937,51.33460726665086],[42.27336091883015,51.33222780564574],[42.316191216935366,51.339366188662076],[42.32808852196425,51.37148891224114],[42.34593447950806,51.41193974934052],[42.359021515040666,51.4512008559377],[42.376867472584394,51.46904681348134],[42.41255938767122,51.48451331001799],[42.44944103326159,51.49046196253221],[42.458958877284914,51.52258468611127],[42.47442537382308,51.541620374157915],[42.50178917539013,51.555897140193345],[42.542240012488975,51.5844506722642],[42.53034270746,51.62133231785448],[42.52558378544879,51.67130099897531],[42.52796324645443,51.704613453057384],[42.56603462254763,51.74149509864766],[42.63741845272281,51.79622270178238],[42.67073090680399,51.79622270178238],[42.6838179423365,51.814068659326026],[42.70999201340001,51.869985992962945],[42.732596892955755,51.91757521308044],[42.732596892955755,51.961595241687945],[42.73378662345867,51.99728715677522],[42.73741456709102,52.00946353439031],[42.750501602622734,52.03801706646115],[42.68268696395684,52.067760329034215],[42.594646906741474,52.09512413060108],[42.51850415455428,52.10940089663562],[42.48281223946745,52.11178035764172],[42.4554484379004,52.11178035764172],[42.43879221085941,52.09512413060108],[42.39953110426339,52.084416556075645],[42.35432134515253,52.066570598530234],[42.3150602385557,52.06062194601601],[42.297214281012685,52.04753491048359],[42.28888616749228,52.02017110891761],[42.27222994045129,52.02493003092873],[42.27222994045129,52.05348356299869],[42.23772775586649,52.10464197462352],[42.19370772725844,52.12248793216893],[42.160395273177265,52.12843658468226],[42.15801581217161,52.153420925243125],[42.09733955652267,52.15936957775921],[42.05094006690889,52.1082111661335],[42.05207104528856,52.0710504479548],[42.042553201265235,52.04963529890394],[42.05920942830542,52.00561527029456],[42.06277861981461,51.94969793665773],[42.06515808082035,51.930662248611085],[42.05564023679703,51.91519575207346],[42.031845626738374,51.90686763855322],[42.0116202081889,51.90686763855322],[41.987825598131046,51.931851979114086],[41.94856449153423,51.96516443319616],[41.923580150973535,51.97230281621436],[41.895026618903664,51.98776931275101],[41.82840171074051,51.99609742627213],[41.812935214202426,52.018702305826984],[41.780812490623276,52.022271497336085],[41.771294646599955,52.02346122783909],[41.767725455091565,52.00918446180366],[41.787950873640945,51.99609742627213],[41.80103790917346,51.97349254671737],[41.74631030603927,51.97230281621436],[41.7177567739694,51.97349254671737],[41.68563405039024,52.00442553979245],[41.64875240479987,52.04844556840093],[41.63566536926807,52.06391206493758],[41.59521453216851,52.036548263371515],[41.57141992211065,52.01751257532487],[41.56309180859016,51.9842001212428],[41.527399893502526,51.961595241687945],[41.48932851740942,51.94374928414342],[41.407237112708096,51.9413698231383],[41.35964789259158,51.958026050177956],[41.308489480966585,51.961595241687945],[41.277556487890344,51.97944119923159],[41.260900260849354,51.99014877375702],[41.216880232242026,51.97944119923159],[41.20855211872153,51.94969793665773],[41.2156905017392,51.92471359609678],[41.23710565079149,51.8973497945308],[41.28469487090801,51.86046814894051],[41.2585207998437,51.85214003541931],[41.23353645928222,51.855709226927516],[41.22086177661774,51.853646374587726],[41.18992878354221,51.84650799157042],[41.16970336499274,51.83699014754798],[41.134011449905195,51.86911287112527],[41.11021683984734,51.86554367961706],[41.0911811518007,51.884579367663704],[41.03645354866651,51.873871793138264],[40.9936232505613,51.861974488108935],[40.9555518744681,51.8405593390562],[40.93253464204504,51.799791893290596],[40.91468868450122,51.74982321216798],[40.8754275779052,51.69747507004105],[40.85520215935573,51.66892153797019],[40.85520215935573,51.61062474332718],[40.87066865589318,51.56898417572577],[40.84925350684089,51.535671721643695],[40.832597279799984,51.46071869996013],[40.837356201812,51.42026786286173],[40.86828919488753,51.38338621727145]]]]}},{"type":"Feature","properties":{"kind":"district","id":"uyezd-1897-476","name":"Кирсановский","provinceId":"tambov"},"geometry":{"type":"MultiPolygon","coordinates":[[[[43.26327544937979,52.65072827546193],[43.25256787485293,52.66738450250345],[43.21330676825691,52.70545587859674],[43.177614853169274,52.744716985192134],[43.140733207578904,52.78516782229143],[43.066969916398165,52.848223538946556],[43.005103930247024,52.89819222006828],[42.977740128679976,52.91365871660582],[42.97298120666796,52.94221224867667],[42.8980281849844,52.96362739772941],[42.81236758877468,52.98742200778727],[42.74931187212,53.03025230589177],[42.71837887904438,53.06237502947074],[42.69577399948864,53.083790178524374],[42.65651289289262,53.11234371059345],[42.62795936082266,53.14684589517852],[42.61130313378166,53.162312391715176],[42.56490364416797,53.18610700177392],[42.51017604103379,53.17777888825458],[42.520883615560734,53.162312391715176],[42.51612469354863,53.149225356183734],[42.48281223946745,53.152794547692835],[42.453068976893945,53.15398427819495],[42.42332571432125,53.18491727127181],[42.37811595521038,53.1825378102658],[42.332906196099515,53.20038376780846],[42.30911158604166,53.19086592378514],[42.31268077755014,53.18015834925882],[42.296024550509145,53.165881583225165],[42.296024550509145,53.157553469703956],[42.285316975983,53.155174008697955],[42.286506706485824,53.14684589517852],[42.31030131654448,53.13851778165731],[42.31149104704731,53.11710263260467],[42.33528565710597,53.084979909025606],[42.370977572192714,53.081410717517386],[42.451879246391215,53.0873593700317],[42.51612469354863,53.10758478858223],[42.56133445265958,53.08854910053559],[42.58988798472946,53.08260044802137],[42.58988798472946,53.0528571854484],[42.57323175768847,53.06237502947074],[42.541109034110114,53.05880583796262],[42.47329439544421,53.069513412488945],[42.417377061806405,53.07070314299195],[42.33766511811153,53.05404691595052],[42.32219862157346,53.04690853293232],[42.3198191605678,53.03739068890988],[42.329337004591125,53.01597553985812],[42.32100889107055,53.008837156839036],[42.30316293352682,52.99218092979849],[42.28412724548018,52.98266308577605],[42.169913117200586,52.96481712823241],[42.11756497507206,52.94935063169399],[42.017627612827,52.906520333589484],[41.96408974019636,52.87439761001042],[41.92482863359962,52.85536192196378],[41.91055186756499,52.8268083898947],[41.916500520079836,52.81491108486439],[41.95457189617312,52.81134189335627],[41.97360758421968,52.80658297134505],[41.99621246377471,52.80658297134505],[42.027145456850235,52.8268083898947],[42.061647641435044,52.8268083898947],[42.077114137973204,52.80301377983507],[42.09971901752824,52.78754728329841],[42.13303147161022,52.80063431882897],[42.177051500218255,52.79944458832685],[42.213933145808625,52.79944458832685],[42.243676408381326,52.78397809178843],[42.259142904918775,52.74709644619814],[42.19251799675562,52.7292504886545],[42.142549315633445,52.71140453111184],[42.098529287025414,52.689989382058215],[42.177051500218255,52.64596935345071],[42.26985047944564,52.607897977357425],[42.228209911843166,52.57934444528746],[42.17943096122391,52.59005201981378],[42.17586176971463,52.55911902673782],[42.19489745776198,52.5127195371251],[42.17943096122391,52.49844277108967],[42.138980124125055,52.51509899813031],[42.10447793954025,52.51152980662209],[42.08782171249935,52.51747845913631],[42.072355215961096,52.51628872863331],[42.072355215961096,52.47226870002581],[42.06402710244069,52.454422742482166],[42.0473708754005,52.43657678493853],[42.01048922981005,52.43657678493853],[41.99383300276914,52.42467947990822],[41.985504889248645,52.40921298337068],[41.9997816552839,52.39731567834224],[41.97360758421968,52.380659451299834],[41.96171027918999,52.35686484124197],[41.93791566913213,52.36162376325319],[41.92601836410316,52.35329564973385],[41.906982676056515,52.34615726671653],[41.88794698800916,52.34139834470532],[41.87604968298028,52.33544969218932],[41.853444803425155,52.32712157866989],[41.88794698800916,52.304516699113265],[41.93077728611446,52.296188585593924],[41.96408974019636,52.2807220890554],[42.0045405772952,52.27001451452996],[42.02119680433619,52.25454801799242],[42.035473570370726,52.1950614928464],[42.0426119533884,52.140333889712565],[42.05094006690889,52.1082111661335],[42.09733955652267,52.15936957775921],[42.15801581217161,52.153420925243125],[42.160395273177265,52.12843658468226],[42.19370772725844,52.12248793216893],[42.23772775586649,52.10464197462352],[42.27222994045129,52.05348356299869],[42.27222994045129,52.02493003092873],[42.28888616749228,52.02017110891761],[42.297214281012685,52.04753491048359],[42.3150602385557,52.06062194601601],[42.35432134515253,52.066570598530234],[42.39953110426339,52.084416556075645],[42.43879221085941,52.09512413060108],[42.4554484379004,52.11178035764172],[42.48281223946745,52.11178035764172],[42.51850415455428,52.10940089663562],[42.594646906741474,52.09512413060108],[42.68268696395684,52.067760329034215],[42.750501602622734,52.03801706646115],[42.73741456709102,52.00946353439031],[42.77429621268139,52.02017110891761],[42.832593007324064,52.02255056992273],[42.794521631230865,52.05110410199357],[42.796901092236425,52.076088442554436],[42.77429621268139,52.090365208589866],[42.77548594318422,52.11178035764172],[42.78262432620189,52.12724685418014],[42.78381405670471,52.16174903876433],[42.795711361733694,52.18554364882219],[42.82783408531276,52.19982041485761],[42.8635260004003,52.211717719886146],[42.89683845448148,52.24265071296212],[42.93728929158033,52.298568046599044],[42.94204821359243,52.33069077017811],[42.93253036956911,52.36281349375619],[42.97179147616514,52.35567511073897],[43.00391419974429,52.35567511073897],[43.0384163843282,52.36043403275196],[43.0598315333813,52.385418373312824],[43.078867221427856,52.4104027138728],[43.04079584533466,52.44847408996608],[43.021760157288014,52.49844277108967],[43.0812466824335,52.49963250159179],[43.11217967550903,52.506770884609104],[43.12169751953226,52.51152980662209],[43.09671317897167,52.52461684215265],[43.077677490925026,52.522237381147534],[43.06340072488969,52.529375764165735],[43.04793422835152,52.5555498352296],[43.10742075349773,52.58410336729868],[43.137164016070514,52.56506767925204],[43.176425122666544,52.56982660126414],[43.20973757674843,52.58291363679567],[43.238291108818395,52.58291363679567],[43.259706257870604,52.606708246855305],[43.26327544937979,52.65072827546193]]]]}},{"type":"Feature","properties":{"kind":"district","id":"uyezd-1897-766","name":"Липецкий","provinceId":"tambov"},"geometry":{"type":"MultiPolygon","coordinates":[[[[39.24590914177911,52.76973886183346],[39.2494783332875,52.747133982276836],[39.26137563831648,52.72809829423019],[39.27446267384899,52.726908563727186],[39.29944701441038,52.69002691813691],[39.289929170387154,52.67693988260546],[39.29111890088998,52.655524733553605],[39.26851402133414,52.650765811540616],[39.27327294334616,52.61626362695732],[39.26256536882001,52.60674578293311],[39.23639129775579,52.586520364384356],[39.21259668769713,52.57343332885104],[39.21021722669148,52.55201817979919],[39.219735070714805,52.52465437823321],[39.27089348234051,52.48777273264115],[39.330380007486,52.48063434962384],[39.37796922760252,52.46397812258329],[39.407712490175214,52.45921920057208],[39.4493530577776,52.437804051519336],[39.49456281688847,52.392594292407935],[39.46838874582424,52.386645639893715],[39.450542788280515,52.39378402291094],[39.43626602224509,52.38545590939063],[39.42555844771894,52.36998941285309],[39.41247141218723,52.352143455309445],[39.410091951180874,52.3319180367598],[39.417230334198536,52.31407207921616],[39.44340440526276,52.31169261821015],[39.44340440526276,52.29384666066652],[39.43269683073662,52.29027746915839],[39.47314766783555,52.274810972619875],[39.49456281688847,52.280759625134095],[39.50408066091179,52.30812342670194],[39.527875270969645,52.31883100122738],[39.58974125712159,52.33786668927402],[39.68848888886302,52.340246150281004],[39.71228349892168,52.33548722826801],[39.74321649199712,52.340246150281004],[39.79080571211372,52.350953724806445],[39.836015471224584,52.35571264681766],[39.907399301399764,52.3818867178825],[39.93952202497812,52.38545590939063],[39.95855771302467,52.392594292407935],[39.994249628112215,52.39616348391793],[40.02161342967935,52.39378402291094],[40.06920264979587,52.412819710957585],[40.10251510387785,52.422337554981794],[40.13106863594772,52.417578632970574],[40.178657856064234,52.40211213643215],[40.2191086931638,52.394973753414924],[40.26074926076547,52.38426617888851],[40.255990338753456,52.36047156883065],[40.258369799759905,52.35452291631465],[40.298820636858665,52.34738453329832],[40.338081743454694,52.356902377320665],[40.430880722682076,52.36404076033887],[40.48441859531343,52.36285102983586],[40.5343872764356,52.336676958771015],[40.56532026951193,52.32358992324046],[40.578407305043726,52.32240019273736],[40.58673541856413,52.36760995184707],[40.590304610072614,52.39378402291094],[40.590304610072614,52.417578632970574],[40.57602784403808,52.45327054805786],[40.553422964482955,52.498480307167476],[40.58911487956979,52.52584410873443],[40.627186255662984,52.53774141376377],[40.673585745276675,52.54369006627985],[40.69262143332403,52.55082844929619],[40.699759816340986,52.56153602382349],[40.690241972317665,52.568674406839826],[40.67120628427111,52.568674406839826],[40.63789383018993,52.59127928639557],[40.56532026951193,52.59365874740069],[40.55461269498578,52.60674578293311],[40.54985377297376,52.63291985399698],[40.47728021229577,52.64124796751818],[40.43563964469418,52.650765811540616],[40.4023271906122,52.63529931500396],[40.4023271906122,52.61388416595034],[40.39518880759453,52.580571711870135],[40.36663527552466,52.58295117287436],[40.33927147395752,52.586520364384356],[40.313097402894,52.6019868609219],[40.246472494730135,52.63767877601006],[40.19531408310523,52.659093925061825],[40.178657856064234,52.650765811540616],[40.17032974254374,52.644817159026395],[40.16081189852042,52.63529931500396],[40.14772486298871,52.63767877601006],[40.14415567147943,52.6471966200324],[40.13939674946822,52.665042577576045],[40.12868917494207,52.67575015210335],[40.09418699035726,52.69240637914389],[40.05492588376133,52.70192422316632],[40.01447504666168,52.706683145177536],[39.953798791013455,52.732857216242294],[39.89431226586796,52.75070317378682],[39.837205201727414,52.76854913133046],[39.81222086116672,52.77330805334168],[39.71109376841885,52.76854913133046],[39.66469427880516,52.77330805334168],[39.637330477238024,52.7863950888741],[39.5683261080685,52.78996428038222],[39.5516698810283,52.782825897364106],[39.52073688795198,52.78044643635988],[39.51240877443229,52.76973886183346],[39.438645483251456,52.75189290428894],[39.410091951180874,52.75427236529504],[39.386297341122926,52.76616967032348],[39.30182647541612,52.76735940082746],[39.24590914177911,52.76973886183346]]]]}},{"type":"Feature","properties":{"kind":"district","id":"uyezd-1897-767","name":"Темниковский","provinceId":"tambov"},"geometry":{"type":"MultiPolygon","coordinates":[[[[42.54907321086482,54.366934925959846],[42.564539707402986,54.366934925959846],[42.582385664946,54.37169384797293],[42.609749466513136,54.36812465646294],[42.63592353757745,54.37764250048715],[42.66566680015015,54.381211691995276],[42.69659979322638,54.376452769984056],[42.70492790674688,54.39191926652071],[42.707307367752534,54.40262684104712],[42.69659979322638,54.40976522406621],[42.70135871523769,54.421662529093766],[42.72991224730757,54.41095495456735],[42.73943009133089,54.40262684104712],[42.76322470138955,54.40024738004192],[42.778691197927714,54.38835007501348],[42.82390095703778,54.39191926652071],[42.84888529759926,54.38716034450958],[42.88576694318963,54.3954884580307],[42.91669993626516,54.3978679190359],[42.970237808896606,54.40262684104712],[43.03210379504837,54.37169384797293],[43.068985440638826,54.346709507410196],[43.09515951170305,54.32648408886144],[43.111815738743246,54.299120287294485],[43.12371304377292,54.28960244327027],[43.15345630634572,54.29793055679059],[43.18319956891842,54.299120287294485],[43.20223525696506,54.32053543634722],[43.243875824567446,54.29793055679059],[43.29146504468396,54.276515407739716],[43.30812127172495,54.276515407739716],[43.33191588178281,54.26699756371542],[43.36403860536196,54.28008459924695],[43.39021267642548,54.28960244327027],[43.403299711957985,54.31101759232301],[43.40686890346647,54.33243274137655],[43.39497159843749,54.35622735143441],[43.396161328940316,54.376452769984056],[43.43066351352503,54.38835007501348],[43.417576477992526,54.424041990099774],[43.39021267642548,54.4383187561352],[43.39140240692901,54.451405791667625],[43.416386747489696,54.451405791667625],[43.43661216603917,54.45973390518705],[43.43185324402786,54.48709770675392],[43.40567917296355,54.48709770675392],[43.39259213743184,54.50256420329333],[43.39140240692901,54.51684096932698],[43.403299711957985,54.52635881335119],[43.403299711957985,54.54896369290604],[43.396161328940316,54.571568572462674],[43.41043809497565,54.5787069554799],[43.41043809497565,54.585845338496235],[43.38307429340852,54.59655291302354],[43.38902294592256,54.60607075704597],[43.37236671888237,54.61320914006319],[43.361659144355514,54.650090785653475],[43.386643484916995,54.653659977163464],[43.40210998145516,54.63105509760683],[43.440181357548354,54.6286756366026],[43.449699201571676,54.63105509760683],[43.43542243553625,54.651280516156476],[43.45207866257724,54.659608629677685],[43.47468354213307,54.64890105515038],[43.49252949967609,54.6643675516889],[43.48301165565286,54.67983404822644],[43.494908960682544,54.68816216174676],[43.494908960682544,54.7071978497934],[43.47944246414438,54.74051030387547],[43.4972884216882,54.77263302745453],[43.549636563816726,54.75835626141911],[43.554395485827946,54.7619254529291],[43.55558521633077,54.77858167996965],[43.534170067278566,54.81665305606293],[43.56510306035409,54.83092982209658],[43.569861982366106,54.85591416265922],[43.61150254996778,54.847586049138016],[43.62148245236409,54.859645097866604],[43.64005608203766,54.882088233722286],[43.624589585500296,54.882088233722286],[43.604364166950916,54.918969879313366],[43.515134379231924,54.914210957301265],[43.50204734369941,54.92610826232979],[43.48182192515003,54.935626106354],[43.46278623710339,54.93800556735912],[43.39378186793466,54.94752341138244],[43.37355644938528,54.97012829093907],[43.33072615127998,54.95585152490365],[43.29384450568961,54.95228233339455],[43.28194720066064,54.92967745383978],[43.26410124311691,54.9249185318267],[43.24744501607593,54.92729799283279],[43.234357980544125,54.92610826232979],[43.2331682500413,54.911831496296145],[43.205804448474254,54.89517526925462],[43.179630377409936,54.89993419126672],[43.15702549785411,54.88089850322008],[43.15702549785411,54.86067308467044],[43.13798980980755,54.844016857629],[43.133230887796245,54.83449901360568],[43.14036927081392,54.82260170857715],[43.12371304377292,54.811894134049936],[43.09515951170305,54.77620221896266],[43.05589840510632,54.77025356644844],[43.04519083058017,54.78096114097574],[43.061847057621165,54.791668715501174],[43.03567298655685,54.792858446003294],[43.022585951025135,54.78334060198086],[42.995222149458,54.78690979348996],[42.98213511392629,54.8023762900275],[42.95953023437046,54.814273595055944],[42.95953023437046,54.82617090008536],[42.960719964873284,54.85829362366345],[42.97261726990217,54.870190928692864],[42.97499673090853,54.8939855387525],[42.99998107146931,54.918969879313366],[43.00473999348132,54.93800556735912],[42.9738070004058,54.946333680879434],[42.95834050386763,54.95228233339455],[42.93216643280332,54.95228233339455],[42.896474517715774,54.961800177418844],[42.87624909916631,54.9772666739555],[42.87505936866357,54.99630236200214],[42.88219775168115,55.00938939753448],[42.90242317023062,55.01414831954569],[42.923838319282915,55.02723535507811],[42.87981829067479,55.046271043124754],[42.82628041804423,55.07125538368562],[42.76798362340085,55.108137029275895],[42.708497098255364,55.10099864625956],[42.67637437467701,55.14620840536918],[42.632354346068965,55.14025975285496],[42.65614895612683,55.116465142796216],[42.67637437467701,55.09148080223535],[42.68946141020881,55.09267053273835],[42.69778952372921,55.08196295821292],[42.57643701243195,55.060547809160184],[42.508622373765974,55.043891582119635],[42.46103315364874,55.03318400759233],[42.43247962157878,55.00938939753448],[42.380131479451045,55.01652778055178],[42.34919848637472,54.989163978985715],[42.326593606819685,54.98440505697272],[42.30279899676103,54.964179638423076],[42.28376330871447,54.959420716411856],[42.257589237650166,54.94395421987334],[42.17549783294973,54.973697482447285],[42.126718882329584,54.990353709487835],[42.136236726352905,54.95585152490365],[42.15170322289107,54.93443637585099],[42.135046995850075,54.91659041830736],[42.11601130780343,54.913021226799145],[42.07437074020176,54.918969879313366],[42.03748909461139,54.84639631863501],[42.05057613014319,54.836878474612575],[42.0934064282484,54.81665305606293],[42.14218537886775,54.81784278656593],[42.215948670048576,54.77263302745453],[42.23141516658665,54.732182190355154],[42.256399507147336,54.7083875802973],[42.24926112413047,54.671505934707014],[42.252830315638946,54.61558860107018],[42.26591735117066,54.585845338496235],[42.296850344246984,54.571568572462674],[42.318265493299194,54.58227614698811],[42.337301181345836,54.58227614698811],[42.336111450843006,54.56205072843838],[42.32183468480767,54.55015342340904],[42.3444395643635,54.53944584888361],[42.3825109404567,54.53706638787662],[42.38370067095953,54.515651238823885],[42.41463366403505,54.49423608977212],[42.45270504012905,54.47995932373669],[42.46103315364874,54.49066689826391],[42.50743264326243,54.47876959323369],[42.508622373765974,54.45021606116462],[42.49910452974274,54.428800912112855],[42.49315587722789,54.41452414607734],[42.51100183477162,54.39310899702469],[42.52408887030342,54.37883223098926],[42.54907321086482,54.366934925959846]]]]}},{"type":"Feature","properties":{"kind":"district","id":"uyezd-1897-768","name":"Шацкий","provinceId":"tambov"},"geometry":{"type":"MultiPolygon","coordinates":[[[[41.45028392326865,54.39201229071661],[41.47089612663163,54.36860446547324],[41.48398316216423,54.347189316419616],[41.48398316216423,54.318635784350626],[41.5125366942341,54.29960009630398],[41.51729561624532,54.27937467775425],[41.518485346748946,54.255580067696386],[41.510157233228455,54.21631896109921],[41.46256801311122,54.22345734411741],[41.42449663701794,54.2091805780819],[41.4233069065152,54.20085246456256],[41.47089612663163,54.18538596802413],[41.46256801311122,54.168729740983494],[41.4102198709834,54.166350279977486],[41.399512296457345,54.159211896959285],[41.41259933198906,54.14374540042263],[41.42092744550955,54.11876105985991],[41.44353232506458,54.090207527790916],[41.437583672550446,54.0783102227615],[41.42211717601238,54.068792378737285],[41.388804721931194,54.062843726223065],[41.366199842375366,54.06046426521786],[41.36738957287819,54.03666965516],[41.355492267849215,54.02477235012978],[41.338836040808225,53.98551124353438],[41.307903047732694,53.96409609448165],[41.25198571409568,53.96290636397864],[41.2400884090668,53.90698903034172],[41.235329487054784,53.89271226430629],[41.22462191252863,53.880814959276876],[41.22224245152299,53.85583061871601],[41.20915541599047,53.82251816463394],[41.25912409711336,53.81537978161761],[41.272211132645154,53.82608735614304],[41.34954361533437,53.802292746085186],[41.3804766084107,53.80943112910339],[41.38404579991918,53.793964632564865],[41.37690741690151,53.75589325647069],[41.37690741690151,53.70949376685709],[41.3804766084107,53.69045807881045],[41.37571768639869,53.61907424863598],[41.375090275504064,53.609349379762506],[41.40253694282049,53.65248135891666],[41.428711013884445,53.68103489098662],[41.456074815451046,53.7214857280869],[41.54530460316987,53.72386518909211],[41.55839163870184,53.73100357211022],[41.667846844969944,53.72743438060023],[41.705918221063854,53.697691118028146],[41.720194987098566,53.694121926518164],[41.760645824197866,53.690552735009945],[41.78087124274715,53.67389650797029],[41.80347612230272,53.67151704696428],[41.81894261884017,53.68460408249484],[41.84035776789309,53.6762759689755],[41.86415237795139,53.68936300450783],[41.873670221974265,53.68341435199361],[41.87604968298054,53.67389650797029],[41.96290000969309,53.67508623847152],[42.017627612827184,53.6762759689755],[42.08068332948213,53.65605055042576],[42.10923686155156,53.65605055042576],[42.147308237645376,53.66080947243787],[42.15206715965641,53.688173274004825],[42.19132826625306,53.72862411110323],[42.27698886246286,53.75598791267019],[42.309111586041304,53.78573117524316],[42.335489050785824,53.808668101108196],[42.33647538760871,53.809525785302],[42.37097757219351,53.82856147334766],[42.361459728169834,53.88090961547735],[42.384064607725406,53.90827341704333],[42.40191056526922,53.928498835593956],[42.42451544482398,53.941585871124516],[42.46734574292893,53.94991398464661],[42.450689515888655,53.97132913369748],[42.4423614023678,54.007021048785646],[42.387633799233704,54.01534916230597],[42.33647538760871,54.04509242487982],[42.223450989831505,54.12242490756762],[42.23534829486066,54.13908113460914],[42.22226125932876,54.148598978632464],[42.22226125932876,54.158116822656666],[42.247245599889894,54.17715251070243],[42.242486677878055,54.18786008522875],[42.23177910335244,54.19975739025817],[42.23177910335244,54.21760334780083],[42.24129694737532,54.22712119182415],[42.21118974803727,54.23963376214944],[42.181446485463766,54.24439268416065],[42.143375109370574,54.25866945019608],[42.10768319428294,54.263428372207294],[42.07912966221306,54.27294621622973],[42.06128370466925,54.2646181027103],[42.05057613014319,54.24677214516577],[42.03510963360574,54.23725430114245],[42.00179717952385,54.23011591812522],[41.99822798801537,54.25866945019608],[41.98633068298568,54.27294621622973],[41.96848472544187,54.28841271276816],[41.95777715091581,54.3038792093057],[41.93874146286917,54.299120287294485],[41.92684415784019,54.305068939808706],[41.92089550532535,54.31220732282601],[41.910187930799296,54.33957112439386],[41.88520359023781,54.330053280369654],[41.8423732921333,54.31339705332991],[41.82214787358393,54.31101759232301],[41.79716353302244,54.331243010872655],[41.74124619938543,54.32291489735234],[41.69365697926891,54.32053543634722],[41.67581102172518,54.33243274137655],[41.6591547946842,54.35979654294262],[41.59371961702395,54.35384789042929],[41.5830120424978,54.38240142249836],[41.56754554595964,54.3954884580307],[41.562786623948334,54.424041990099774],[41.543750935901784,54.4383187561352],[41.53066390036927,54.44426740864951],[41.51519740383182,54.443077678146416],[41.50448982930496,54.431180373117975],[41.486643871761146,54.43593929512919],[41.4853912931262,54.44971766011512],[41.48359637735054,54.449119354856535],[41.47169907232086,54.45030908535954],[41.44195580974815,54.46696531240018],[41.44433527075381,54.44555016334833],[41.45623257578349,54.413427439769265],[41.45028392326865,54.39201229071661]]]]}},{"type":"Feature","properties":{"kind":"district","id":"uyezd-1897-769","name":"Тамбовский","provinceId":"tambov"},"geometry":{"type":"MultiPolygon","coordinates":[[[[41.313699923927494,53.11071660316972],[41.30894100191628,53.08692199311186],[41.307751271413366,53.07026576607043],[41.29585396638448,53.055989000036774],[41.27324908682864,53.054799269532886],[41.2625415123025,53.02386627645771],[41.24350582425595,52.97746678684322],[41.2375571717411,52.93820568024694],[41.23636744123827,52.898944573651534],[41.23636744123827,52.86563211956947],[41.21971121419729,52.86682185007247],[41.193537143133774,52.87039104158068],[41.16260415005745,52.87277050258767],[41.12572250446708,52.86801158057645],[41.08884085887671,52.85492454504403],[41.07218463183572,52.84778616202583],[41.056718135298354,52.822801821464964],[41.0460105607722,52.80971478593254],[41.00793918467901,52.80257640291532],[40.957970503556126,52.78592017587468],[40.97581646109985,52.72762338123175],[41.00436999316982,52.66694712558361],[41.03649271674888,52.63839359351276],[41.01269810669022,52.63601413250764],[41.00436999316982,52.64910116804006],[40.99247268814085,52.64910116804006],[40.959160234058956,52.62173736647222],[40.95202185104129,52.60746060043679],[40.9651088865738,52.58604545138405],[40.97105753908864,52.56582003283529],[40.94488346802433,52.56106111082407],[40.89729424790781,52.53607677026321],[40.86874071583794,52.517041082216565],[40.85565368030542,52.49086701115172],[40.85089475829412,52.46826213159598],[40.834238531253135,52.45517509606365],[40.82591041773273,52.433759947011794],[40.812823382200925,52.43257021650879],[40.80330553817689,52.43494967751489],[40.785459580633876,52.42900102500058],[40.77237254510128,52.41472425896515],[40.76999308409572,52.373083691363746],[40.7866493111367,52.363565847339444],[40.80092607717124,52.346909620298014],[40.85684341080825,52.359996655830436],[40.86755098533431,52.33501231527046],[40.82591041773273,52.32311501024016],[40.79854661616559,52.30526905269652],[40.79493825657473,52.29265693016351],[40.90320373233956,52.270052050608655],[40.87346046976687,52.240308788034795],[40.854424781720226,52.21294498646873],[40.83895828518206,52.1974784899303],[40.85561451222305,52.17011468836422],[40.85918370373224,52.13680223428216],[40.86632208674911,52.13680223428216],[40.87583993077243,52.14632007830459],[40.90439346284231,52.13799196478525],[40.91629076787208,52.12490492925283],[40.93532645591863,52.12490492925283],[40.9555518744681,52.12966385126404],[40.97458756251466,52.12728439025795],[40.996002711566945,52.13204331227094],[41.01146920810511,52.12728439025795],[41.04359193168338,52.12966385126404],[41.02455624363682,52.09635139718375],[41.00908974709946,52.07136705662103],[40.96269025748577,52.036864872036844],[40.9258086118954,52.010690800972974],[40.93294699491227,51.97618861638879],[41.01146920810511,51.951204275827834],[41.0828530382802,51.9274096657682],[41.10188872632684,51.91194316923155],[41.14709848543771,51.90242532520734],[41.15661632946103,51.89528694219101],[41.186359592033725,51.873871793138264],[41.22086177661774,51.853646374587726],[41.23353645928222,51.855709226927516],[41.2585207998437,51.85214003541931],[41.28469487090801,51.86046814894051],[41.23710565079149,51.8973497945308],[41.2156905017392,51.92471359609678],[41.20855211872153,51.94969793665773],[41.216880232242026,51.97944119923159],[41.260900260849354,51.99014877375702],[41.277556487890344,51.97944119923159],[41.308489480966585,51.961595241687945],[41.35964789259158,51.958026050177956],[41.407237112708096,51.9413698231383],[41.48932851740942,51.94374928414342],[41.527399893502526,51.961595241687945],[41.56309180859016,51.9842001212428],[41.57141992211065,52.01751257532487],[41.59521453216851,52.036548263371515],[41.63566536926807,52.06391206493758],[41.64875240479987,52.04844556840093],[41.68563405039024,52.00442553979245],[41.7177567739694,51.97349254671737],[41.74631030603927,51.97230281621436],[41.80103790917346,51.97349254671737],[41.787950873640945,51.99609742627213],[41.767725455091565,52.00918446180366],[41.771294646599955,52.02346122783909],[41.780812490623276,52.022271497336085],[41.812935214202426,52.018702305826984],[41.82840171074051,51.99609742627213],[41.895026618903664,51.98776931275101],[41.923580150973535,51.97230281621436],[41.94856449153423,51.96516443319616],[41.987825598131046,51.931851979114086],[42.0116202081889,51.90686763855322],[42.031845626738374,51.90686763855322],[42.05564023679703,51.91519575207346],[42.06515808082035,51.930662248611085],[42.06277861981461,51.94969793665773],[42.05920942830542,52.00561527029456],[42.042553201265235,52.04963529890394],[42.05207104528856,52.0710504479548],[42.05094006690889,52.1082111661335],[42.0426119533884,52.140333889712565],[42.035473570370726,52.1950614928464],[42.02119680433619,52.25454801799242],[42.0045405772952,52.27001451452996],[41.96408974019636,52.2807220890554],[41.93077728611446,52.296188585593924],[41.88794698800916,52.304516699113265],[41.853444803425155,52.32712157866989],[41.87604968298028,52.33544969218932],[41.88794698800916,52.34139834470532],[41.906982676056515,52.34615726671653],[41.92601836410316,52.35329564973385],[41.93791566913213,52.36162376325319],[41.96171027918999,52.35686484124197],[41.97360758421968,52.380659451299834],[41.9997816552839,52.39731567834224],[41.985504889248645,52.40921298337068],[41.99383300276914,52.42467947990822],[42.01048922981005,52.43657678493853],[42.0473708754005,52.43657678493853],[42.06402710244069,52.454422742482166],[42.072355215961096,52.47226870002581],[42.072355215961096,52.51628872863331],[42.08782171249935,52.51747845913631],[42.10447793954025,52.51152980662209],[42.138980124125055,52.51509899813031],[42.17943096122391,52.49844277108967],[42.19489745776198,52.5127195371251],[42.17586176971463,52.55911902673782],[42.17943096122391,52.59005201981378],[42.228209911843166,52.57934444528746],[42.26985047944564,52.607897977357425],[42.177051500218255,52.64596935345071],[42.098529287025414,52.689989382058215],[42.142549315633445,52.71140453111184],[42.19251799675562,52.7292504886545],[42.259142904918775,52.74709644619814],[42.243676408381326,52.78397809178843],[42.213933145808625,52.79944458832685],[42.177051500218255,52.79944458832685],[42.13303147161022,52.80063431882897],[42.09971901752824,52.78754728329841],[42.077114137973204,52.80301377983507],[42.061647641435044,52.8268083898947],[42.027145456850235,52.8268083898947],[41.99621246377471,52.80658297134505],[41.97360758421968,52.80658297134505],[41.95457189617312,52.81134189335627],[41.916500520079836,52.81491108486439],[41.91055186756499,52.8268083898947],[41.92482863359962,52.85536192196378],[41.96408974019636,52.87439761001042],[42.017627612827,52.906520333589484],[42.11756497507206,52.94935063169399],[42.169913117200586,52.96481712823241],[42.28412724548018,52.98266308577605],[42.30316293352682,52.99218092979849],[42.32100889107055,53.008837156839036],[42.28888616749228,53.01716527036024],[42.27104020994847,53.02668311438445],[42.20560503228813,53.03977014991598],[42.160395273177265,53.068323681985056],[42.08901144300209,53.049287993938414],[42.061647641435044,53.03263176689867],[41.990263811259865,53.07784152600838],[41.960520548687164,53.10520532757525],[41.91412105907347,53.09925667506103],[41.85582426443089,53.10282586657102],[41.80585558330873,53.13256912914309],[41.779681512244416,53.08854910053559],[41.74161013615122,53.08260044802137],[41.72971283112153,53.075462065003165],[41.742799866654046,53.06237502947074],[41.758266363192206,53.0433393414241],[41.74636905816253,53.008837156839036],[41.713056604081345,53.01835500086324],[41.66070846195281,53.03382149740176],[41.58099651825714,53.05999556846474],[41.553632716690004,53.071892873495045],[41.50842295757994,53.076651795506265],[41.511992149088414,53.09449775304981],[41.46559265947472,53.11353344109645],[41.40967532583771,53.11115398009045],[41.37279368024734,53.10639505807923],[41.33115311264558,53.10877451908524],[41.313699923927494,53.11071660316972]]]]}}]}
