{"type":"FeatureCollection","features":[{"type":"Feature","properties":{"kind":"province","id":"vladimir","name":"Владимирская губерния"},"geometry":{"type":"MultiPolygon","coordinates":[[[[42.552281290180574,55.480472930943534],[42.54276344615734,55.485231852955636],[42.522538027607425,55.48761131395987],[42.52015856660169,55.51259565452162],[42.51896883609913,55.532821073071354],[42.50231260905841,55.554236222123116],[42.496363956543476,55.57803083218275],[42.48089746000602,55.59825625073151],[42.46543096346777,55.627999513304566],[42.45115419743287,55.651794123362336],[42.45234392793614,55.66250169788875],[42.44163635340955,55.67201954191207],[42.45115419743287,55.68153738593539],[42.46543096346777,55.68153738593539],[42.47613853799436,55.67320927241596],[42.50231260905841,55.67558873342117],[42.523727758110695,55.67201954191207],[42.54633263766644,55.66845035040386],[42.59154239677695,55.66488115889574],[42.62128565935009,55.65417358436932],[42.62247538985265,55.66726061990086],[42.60343970180601,55.68153738593539],[42.58797320526785,55.69700388247382],[42.62723431186423,55.711280648508364],[42.67125434047227,55.718419031525585],[42.681961914998055,55.701762804485924],[42.680772184495495,55.68867576895262],[42.70099760304541,55.6862963079475],[42.73668951813269,55.6874860384505],[42.79141712126652,55.70295253498902],[42.8235398448455,55.70771145699926],[42.82948849735963,55.723177953538666],[42.81878092283384,55.73269579756199],[42.824729575347966,55.77076717365527],[42.84019607188622,55.77552609566649],[42.84852418540698,55.792182322707035],[42.874698256470936,55.789802861701915],[42.873508525967665,55.780285017678594],[42.89611340552332,55.786233670191926],[42.905631249546644,55.79099259220314],[42.8865955615,55.829063968296424],[42.89373394451749,55.84215100382974],[42.936564242622254,55.84809965634307],[42.96630750519532,55.859996961373284],[43.00556861179098,55.89568887645967],[43.00080968977941,55.92186294752443],[43.01032753380344,55.93376025255385],[42.99724049827102,55.939708905068954],[42.98653292374443,55.9575548626126],[42.94608208664549,55.955175401605615],[42.92823612910149,55.950416479595376],[42.9139593630666,55.956365132108616],[42.92228747658727,55.97183162864714],[42.90803972618519,55.978183965829004],[42.88662457713283,56.00792722840195],[42.85569158405721,56.019824533432256],[42.836655896010654,56.0352910299689],[42.839035357016485,56.05908564002854],[42.85212239254811,56.07931105857828],[42.90566026517938,56.08644944159461],[42.924695953225935,56.123331087184894],[42.965146790325676,56.136418122718204],[42.973474903845634,56.156643541267854],[43.00083870541286,56.166161385291176],[43.02463331547108,56.164971654787195],[43.02820250697947,56.18281761233083],[43.00797708843035,56.19947383937235],[43.01392574094449,56.22683764093922],[43.01154627993874,56.245873328985866],[42.986561939378056,56.25182198150017],[43.00797708843035,56.26371928652861],[43.03653062050014,56.26133982552349],[43.0757917270966,56.26371928652861],[43.11624256419545,56.26371928652861],[43.113863103189715,56.28751389658825],[43.09720687614899,56.31130850664522],[43.130519330230435,56.32915446418975],[43.154313940288645,56.347000421733384],[43.161452323306136,56.366036109780026],[43.17215989783264,56.42076371291475],[43.106724720172224,56.42076371291475],[43.08055064910826,56.460024819511126],[43.05675603905005,56.471922124540455],[43.03534088999767,56.45169670599081],[43.02701277647691,56.43028155693718],[42.98537220887469,56.43028155693718],[42.972285173343074,56.41838425190785],[42.958008407308185,56.41362532989753],[42.929454875237596,56.41362532989753],[42.9330240667467,56.42552263492597],[42.91160891769431,56.43028155693718],[42.89733215165942,56.42433290442296],[42.84736347053645,56.427902095931174],[42.86996835009211,56.45407616699593],[42.90566026517938,56.47906050755777],[42.91398837870014,56.54211622421192],[42.93421379724917,56.56234164276157],[42.925885683729206,56.58970544432852],[42.927075414231766,56.621828167906614],[42.854501853553856,56.64800223897146],[42.82832778248989,56.65989954400087],[42.816430477460834,56.696781189591064],[42.829517512993164,56.71343741663081],[42.831896973998994,56.73961148769557],[42.84498400953062,56.75864717574221],[42.86401969757718,56.78244178580007],[42.89376296015032,56.7967185518355],[42.900823251683505,56.81015469486256],[42.88701707395845,56.81577943393583],[42.85727381138601,56.87407622857885],[42.826340818309596,56.89668110813362],[42.784700250708184,56.900250299641826],[42.73473156958522,56.920475718191476],[42.68238342745722,56.92761410120968],[42.62408663281428,56.93356275372301],[42.54556441962224,56.92404490969969],[42.47180112844106,56.918096257186356],[42.4111248727923,56.890732455618505],[42.38614053223161,56.87883515058998],[42.34925888664107,56.86931730656666],[42.27906478696898,56.87764542008698],[42.245752332887534,56.87764542008698],[42.223147453331876,56.89311191662452],[42.182696616232946,56.900250299641826],[42.15176362315732,56.900250299641826],[42.12558955209328,56.89668110813362],[42.11250251656086,56.890732455618505],[42.095846289520225,56.89906056913971],[42.07800033197614,56.90144003014483],[42.061344104935415,56.88954272511639],[42.02208299833895,56.89311191662452],[41.988770544257505,56.88240434209819],[41.94594024615283,56.88954272511639],[41.912627792071376,56.88478380310331],[41.8912126430189,56.87526595907999],[41.85314126692509,56.87526595907999],[41.83291584837606,56.87526595907999],[41.81269042982615,56.90381949114995],[41.79246501127633,56.926424370706584],[41.79127528077377,56.940701136741126],[41.7722395927273,56.95497790277655],[41.77104986222395,56.96449574679987],[41.75677309618905,56.9775827823314],[41.71632225909011,56.972823860319295],[41.681820074505396,56.987100626354724],[41.66278438645875,57.00018766188626],[41.65326654243552,57.03231038546532],[41.63370208527638,57.033367923691024],[41.60752801421243,57.02266034916461],[41.58611286516005,57.02266034916461],[41.57897448214264,57.033367923691024],[41.49807280794397,57.06073172525701],[41.444534935313406,57.06073172525701],[41.432637630283544,57.07381876079032],[41.40646355921959,57.065490647269115],[41.38147921865881,57.065490647269115],[41.32794134602754,57.08571606581884],[41.285111047922776,57.097613370847284],[41.23990128881147,57.09999283185427],[41.20064018221589,57.1107004063806],[41.15899961461359,57.08571606581884],[41.09118497594743,57.08452633531576],[41.05192386935105,57.10237229286028],[41.03169845080114,57.09880310135029],[41.02099087627535,57.09999283185427],[41.02337033728118,57.109510675876706],[41.0364573728128,57.11902851990003],[41.03288818130441,57.129736094427244],[41.00314491873135,57.127356633420256],[40.97578111716474,57.12021825040392],[40.97459138666147,57.1118901368836],[40.92700216654514,57.1107004063806],[40.915104861515985,57.10237229286028],[40.90201782598365,57.10832094537361],[40.90320755648692,57.12259771140904],[40.87108483290795,57.12378744191213],[40.86394644989055,57.14163339945666],[40.80327019424178,57.14996151297689],[40.78304477569187,57.14996151297689],[40.75092205211378,57.13330528593545],[40.711660945517316,57.13211555543334],[40.68429714395009,57.13211555543334],[40.67239983892094,57.13806420794667],[40.65098468986864,57.13806420794667],[40.63670792383366,57.13449501643846],[40.60934412226635,57.140443668953566],[40.602205739248944,57.1463923214669],[40.572462476676506,57.14282312995877],[40.56532409365911,57.117838789396934],[40.549857597120855,57.117838789396934],[40.5236835260569,57.129736094427244],[40.48561214996379,57.13330528593545],[40.47014565342554,57.124977172415136],[40.44754077386989,57.124977172415136],[40.44754077386989,57.13330528593545],[40.42850508582333,57.13330528593545],[40.40590020626848,57.12854636392335],[40.37377748268959,57.12854636392335],[40.34522395061971,57.14401286046178],[40.34879314212802,57.17256639253174],[40.3407930612976,57.22637354572903],[40.30272168520449,57.23232219824423],[40.2848757276605,57.23232219824423],[40.270636386297326,57.2508111084953],[40.22602149243845,57.246349619109466],[40.23048298182385,57.23653434246077],[40.198955123497306,57.227165214751025],[40.187057818467444,57.234303597767365],[40.170401591426725,57.21288844871649],[40.13351994583697,57.200991143686274],[40.144800353567724,57.17406798304732],[40.12219547401287,57.16573986952612],[40.12695439602453,57.14075552896428],[40.09007275043389,57.11696091890642],[40.02820676428266,57.08126900381835],[40.02225811176773,57.046766819235046],[40.015119728750236,56.99203921610024],[39.96872023913646,56.97895218056871],[39.96515104762807,56.967054875538494],[39.92470021052842,56.96586514503726],[39.9116131749968,56.975382989058716],[39.87116233789786,56.96824460604238],[39.860454763371266,56.957537031516054],[39.87116233789786,56.94326026548063],[39.860454763371266,56.931362960452105],[39.859265032868706,56.899240236873126],[39.824762848283996,56.89210185385581],[39.77955308917339,56.889722392849805],[39.7581379401203,56.86711751329406],[39.75218928760617,56.8504612862544],[39.72006656402719,56.831425598206785],[39.704600067489736,56.815959101668355],[39.679615726928255,56.808820718652015],[39.667718421899195,56.808820718652015],[39.655821116870044,56.82071802368135],[39.63797515932605,56.82071802368135],[39.63797515932605,56.808820718652015],[39.61893947127949,56.81001044915502],[39.59871405272967,56.819528293178344],[39.57610917317473,56.808820718652015],[39.55826321563073,56.78621583909539],[39.540417258087444,56.78621583909539],[39.538037797081614,56.76836988155175],[39.5071048040052,56.76718015104875],[39.4999664209878,56.74100607998568],[39.45951558388886,56.743385540991774],[39.43810043483648,56.752903385015095],[39.43572097383065,56.76718015104875],[39.413116094275,56.77312880356385],[39.413116094275,56.78145691708506],[39.39170094522261,56.78145691708506],[39.39170094522261,56.79692341362171],[39.35243983862623,56.80287206613682],[39.34054253359717,56.79811314412471],[39.320317115048056,56.807630988148034],[39.322696576053886,56.815959101668355],[39.30485061850989,56.82428721518956],[39.27272789493092,56.839753711727994],[39.251312745878536,56.839753711727994],[39.251312745878536,56.8504612862544],[39.22275921380874,56.8504612862544],[39.20610298676793,56.88258400983249],[39.160893227657425,56.90994781139945],[39.131149965084276,56.92660403844097],[39.125201312569345,56.93850134346941],[39.1025964330145,56.94326026548063],[39.08594020597377,56.93493215196031],[39.06095586541228,56.95277810950395],[39.03835098585663,56.96586514503726],[39.02645368082748,56.95991649252207],[38.9871925742319,56.96824460604238],[38.97886446071114,56.973003528053596],[38.937223893108936,56.973003528053596],[38.930085510091445,56.983711102579925],[38.91104982204489,57.00988517364388],[38.89082440349506,57.00869544314176],[38.86584006293438,57.00155706012356],[38.82538922583544,56.99917759911844],[38.820630303823776,57.00631598213567],[38.83847626136706,57.01226463464989],[38.83609680036123,57.0205927481702],[38.805163807285524,57.0205927481702],[38.792076771753194,57.01107490414688],[38.778989736221575,57.01107490414688],[38.76114377867758,57.0205927481702],[38.74316562885619,57.01623040299276],[38.66702287666918,57.02455851651308],[38.62300284806114,57.00195363695822],[38.58136228045973,56.998384445450014],[38.544480634869096,56.998384445450014],[38.546860095874926,57.01147148098154],[38.57065470593314,57.02217905550787],[38.55280874838915,57.02931743852607],[38.50997845028438,57.02931743852607],[38.49689141475275,57.04121474355451],[38.46238923016795,57.045973665565725],[38.45525084715055,57.06262989260637],[38.46714815217961,57.09237315517933],[38.4397843506123,57.10664992121387],[38.41480001005161,57.09594234668932],[38.400523244015915,57.09832180769444],[38.368400520437746,57.08761423316723],[38.32200103082387,57.08285531115601],[38.28749884623916,57.08285531115601],[38.2621190168463,57.08025031634317],[38.25022171181723,57.062404358798645],[38.24903198131396,57.03385082672868],[38.22285791024992,57.02314325220227],[38.22166817974736,57.012435677676834],[38.19311464767678,56.992210259127184],[38.16813030711609,56.983882145605975],[38.15861246309286,56.97555403208566],[38.20025303069427,56.95294915253089],[38.19787356968844,56.94105184750245],[38.184786534156814,56.93034427297604],[38.184786534156814,56.918446967945734],[38.19311464767678,56.90892912392241],[38.18597626465929,56.89465235788796],[38.143145966554606,56.88156532235643],[38.143145966554606,56.84944259877648],[38.115782164987294,56.830406910729835],[38.04796752632104,56.829217180226834],[38.03725995179525,56.79947391765377],[38.05391617883597,56.78757661262533],[38.0527264483327,56.759023080555366],[38.01584480274286,56.748315506029044],[38.01465507223959,56.7292798179824],[37.978963157152315,56.71143386043876],[37.87664633390135,56.685259789373916],[37.836195496802404,56.66860356233426],[37.801693312217694,56.70310574691942],[37.801693312217694,56.73641820100052],[37.75529382260462,56.73879766200572],[37.73863759556381,56.75545388904716],[37.620854275774676,56.763782002566586],[37.64702834683863,56.73284900949052],[37.63870023331867,56.68882898088391],[37.6482180773419,56.663844640322154],[37.59705966571646,56.65075760478973],[37.54709098459429,56.60911703718833],[37.509019608501184,56.59603000165768],[37.52846064123497,56.574554976637025],[37.57367040034629,56.54243225305707],[37.61055204593612,56.53291440903375],[37.630777464485945,56.51268899048411],[37.65814126605326,56.51506845149109],[37.6914537201347,56.53291440903375],[37.72357644371368,56.54838090557227],[37.76283755030935,56.57217551563102],[37.78306296885917,56.55908848009771],[37.784252699361645,56.54719117506917],[37.80209865690573,56.52815548702253],[37.796150004390796,56.500791685454686],[37.81280623143223,56.476997075397804],[37.834221380484614,56.476997075397804],[37.855636529536994,56.46509977036838],[37.86634410406279,56.45677165684807],[37.85682626003947,56.43773596880143],[37.835411110987174,56.43773596880143],[37.822324075455555,56.42464893326812],[37.8104267704264,56.407992706228455],[37.815185692438064,56.398474862205134],[37.84373922450784,56.37705971315151],[37.88062087009848,56.38181863516361],[37.91512305468249,56.37943917415849],[37.96152254429636,56.38300836566671],[38.015060416927625,56.37349052164339],[38.05432152352401,56.36992133013517],[38.09477236062294,56.36635213862519],[38.12451562319609,56.36278294711697],[38.174484304318256,56.36159321661397],[38.19589945337064,56.342557528567326],[38.21731460242303,56.330660223538885],[38.21612487192047,56.31043480498924],[38.18400214834158,56.29377857794772],[38.207796758399795,56.2854504644274],[38.18995080085571,56.27236342889596],[38.203037836388134,56.259276393364416],[38.18757133984988,56.23667151380779],[38.169725382306595,56.21644609525814],[38.203037836388134,56.20692825123482],[38.23516055996702,56.1974104072115],[38.262524361533536,56.20097959872149],[38.2565757090194,56.21406663425293],[38.311303312153235,56.21882555626415],[38.314872503662336,56.22834340028747],[38.34580549673804,56.22834340028747],[38.369600106796256,56.23429205280267],[38.40529202188353,56.22001528676813],[38.43503528445659,56.20573852073173],[38.46001962501808,56.21168717324781],[38.468347738538036,56.1974104072115],[38.49571154010535,56.181943910674846],[38.51342530537124,56.16898906741973],[38.5181842273829,56.14162526585277],[38.52294314939448,56.126158769315225],[38.53840964593193,56.115451194789784],[38.55863506448175,56.0678619746723],[38.54554802894942,56.055964669643764],[38.51699449687963,56.048826286625655],[38.50747665285631,56.03335979008713],[38.52056368838865,56.02622140707079],[38.53365072392027,56.01194464103537],[38.54792748995525,55.99171922248573],[38.56577344749924,55.985770569970526],[38.58718859655163,55.96078622940966],[38.605034554095624,55.97387326494297],[38.641916199685454,55.984580839467526],[38.70021299432839,55.99052949198263],[38.72638706539243,55.98815003097751],[38.773976285509576,55.96078622940966],[38.79658116506452,55.95245811588934],[38.807288739591016,55.95007865488422],[38.812047661602676,55.9393710803579],[38.8251346971351,55.9346121583458],[38.82751415814093,55.91795593130428],[38.85368822920489,55.90962781778494],[38.86320607322821,55.890592129738295],[38.966712626981646,55.85727967565711],[38.98455858452573,55.85727967565711],[39.00478400307476,55.84657210112981],[39.01668130810382,55.8441926401238],[39.02976834363624,55.83943371811347],[39.01430184709808,55.823967221575046],[38.996455889554795,55.820398030066826],[38.97742020150744,55.80850072503741],[38.965522896478376,55.8025520725223],[38.947676938935096,55.8025520725223],[38.93815909491187,55.78589584548078],[38.944107747425996,55.77518827095534],[38.941728286420165,55.7549628524057],[38.9226925983737,55.734737433856054],[38.890569874794636,55.73949635586727],[38.88581095278306,55.731168242347835],[38.89651852730965,55.71927093731753],[38.88938014429216,55.70499417128299],[38.90603637133289,55.70499417128299],[38.93815909491187,55.68952767474457],[38.994076428548965,55.67763036971613],[39.02857861313297,55.664543334184586],[39.06308079771769,55.64907683764616],[39.11304947883995,55.65978441217337],[39.145172202418834,55.664543334184586],[39.18919223102687,55.664543334184586],[39.20703818857015,55.664543334184586],[39.20856318009268,55.66490215571933],[39.24748902566981,55.67406117820791],[39.26890417472219,55.68119956122425],[39.302216628803635,55.68595848323635],[39.32363177785611,55.70142497977398],[39.35813396244073,55.69785578826577],[39.372410728475714,55.71451201530631],[39.48305566524674,55.72521958983273],[39.505660544802396,55.71808120681453],[39.511609197316524,55.72640932033573],[39.530644885363074,55.71808120681453],[39.529455154860514,55.70142497977398],[39.57347518346856,55.68119956122425],[39.60559790704673,55.69071740524757],[39.619874673081625,55.666922795189706],[39.681740659233654,55.64550764613794],[39.71743257432102,55.64193845462982],[39.73051960985336,55.63361034110862],[39.73051960985336,55.60505680903866],[39.7531244894083,55.594349234511355],[39.77334990795812,55.587210851495016],[39.845923468635945,55.6193335750731],[39.8613899651734,55.61219519205677],[39.92206622082216,55.6205233055762],[39.9558927559854,55.6154412468841],[39.97849763554106,55.58569798431202],[39.97492844403196,55.56190337425416],[39.97968736604362,55.547626608218735],[40.001102515096,55.54405741671052],[40.04869173521314,55.535729303189314],[40.093901494323646,55.53929849469753],[40.16290586349246,55.53097038117721],[40.19502858707135,55.52621145916599],[40.198597778580535,55.50955523212634],[40.172423707516494,55.48695035256971],[40.215254005621176,55.50360657961123],[40.24023834618195,55.51312442363455],[40.30210433233398,55.49408873558791],[40.29853514082488,55.476242778043385],[40.33660651691869,55.490519544079696],[40.36872924049696,55.52264226765787],[40.39133412005262,55.51788334564568],[40.42226711312823,55.52264226765787],[40.43297468765482,55.553575260733844],[40.438923340168955,55.58450825380893],[40.4234568436315,55.60711313336378],[40.45438983670712,55.60830286386678],[40.48294336877699,55.59283636732924],[40.535291510905,55.58926717582014],[40.53648124140827,55.5761801402887],[40.58882938353635,55.558334182744176],[40.61500345460031,55.559523913247176],[40.632849412144395,55.545247147212635],[40.669731057734936,55.53890191786465],[40.68638728477606,55.518676499315916],[40.70661270332465,55.49131269774807],[40.729217582880494,55.46870781819143],[40.723268930365634,55.455620782659935],[40.729217582880494,55.43658509461329],[40.7280278523769,55.421118598075736],[40.75182246243634,55.4151699455615],[40.77918626400265,55.41873913706968],[40.810119257078156,55.3854266829876],[40.79227329953517,55.36996018645095],[40.91719500234092,55.37352937796004],[40.9326614988791,55.36401153393581],[40.92314365485578,55.34378611538614],[40.96954314446867,55.29500716476741],[41.00047613754498,55.27478174621683],[40.992148024024516,55.25098713615898],[40.998096676539376,55.24146929213475],[41.04449616615227,55.21410549056873],[41.06234212369685,55.17008546196121],[41.06591131520531,55.139152468885186],[41.09922376928722,55.141531929890334],[41.10279296079568,55.09870163178584],[41.125397840351525,55.063009716698616],[41.15038218091297,55.03921510664077],[41.17060759946162,55.02969726261654],[41.20035086203512,55.02612807110836],[41.1872638265026,55.054681603177414],[41.199161131531525,55.0796659437392],[41.22176601108737,55.086804326756464],[41.23366331611629,55.09513244027585],[41.20035086203512,55.10346055379887],[41.23723250762549,55.1355832773761],[41.28006280572998,55.108219475810074],[41.326462295343674,55.12011678083854],[41.3371698698698,55.152239504415775],[41.32289310383521,55.15937788743395],[41.333600678361336,55.183172497491796],[41.377620706969424,55.18555195849967],[41.415692083062595,55.16532653995],[41.452573728652226,55.151049773914565],[41.48112726072293,55.162947078943034],[41.49897321826592,55.17127519246242],[41.52276782832456,55.17960330598362],[41.550131629891666,55.183172497491796],[41.585823544979235,55.172464922965446],[41.634602495598585,55.15461896542274],[41.68219171571508,55.14391139089639],[41.697943906464985,55.142411182253156],[41.70717605627652,55.141531929890334],[41.76428312041634,55.14748058240639],[41.79045719148138,55.14272166039336],[41.798785305001104,55.10227082329402],[41.811872340533625,55.07847621323617],[41.85589236914092,55.07847621323617],[41.88087670970236,55.05944052518953],[41.91537889428713,55.076096752229205],[41.970106497420545,55.09989136228887],[41.997038257511804,55.09989136228887],[42.00698814301171,55.0879940572604],[42.03673140558442,55.09037351826464],[42.034351944578816,55.117737319832486],[42.04386978860208,55.13796273838216],[42.059336285139466,55.14272166039336],[42.09978712223909,55.14391139089639],[42.139048228834326,55.19625953302602],[42.16998122191063,55.217674682076904],[42.2044834064954,55.22124387358508],[42.21876017252998,55.27240228521259],[42.20686286750106,55.29976608677771],[42.21043205901026,55.33069907985555],[42.1997244844834,55.34973476790219],[42.21638071152432,55.358062881421574],[42.19139637096367,55.37233964745701],[42.193775831969276,55.390185604998806],[42.22351909454204,55.402082910029094],[42.22153621037058,55.4126582922772],[42.25127947294331,55.413848022779305],[42.26079731696663,55.406709639762084],[42.29173031004224,55.39719179573876],[42.29410977104807,55.38410476020634],[42.31552492010046,55.37101772467578],[42.346457913176074,55.35912041964636],[42.38690875027581,55.35793068914247],[42.4118930908365,55.35079230612614],[42.43449797039215,55.35436149763426],[42.44163635340955,55.3722074551779],[42.44758500592457,55.398381526242744],[42.471379615982784,55.43288371082595],[42.510640722578366,55.46500643440501],[42.552281290180574,55.480472930943534]]]]}},{"type":"Feature","properties":{"kind":"district","id":"uyezd-1897-62","name":"Гороховецкий","provinceId":"vladimir"},"geometry":{"type":"MultiPolygon","coordinates":[[[[42.03671635712473,55.84837114873339],[42.04385474014222,55.836473843704866],[42.08787476874946,55.82933546068675],[42.1104796483052,55.809110042137014],[42.13784344987243,55.800781928616786],[42.16520725143894,55.80316138962368],[42.183053208983026,55.79245381509736],[42.19495051401209,55.78174624057014],[42.22350404608196,55.7603310915174],[42.22826296809353,55.74367486447686],[42.24491919513426,55.74367486447686],[42.25205757815175,55.73653648146043],[42.27109326619902,55.76152082202041],[42.31035437279468,55.77579758805681],[42.34842574888859,55.78174624057014],[42.400773891016584,55.77936677956404],[42.41624038755404,55.788884623587364],[42.43170688409229,55.82814573018366],[42.46620906867701,55.83766357420698],[42.50903936678178,55.87335548929514],[42.51379828879335,55.90666794337632],[42.537592898851564,55.92927282293296],[42.543541551366495,55.953067432990814],[42.567336161424706,55.95782635500292],[42.589941040980364,55.95544689399593],[42.59113077148292,55.92927282293296],[42.61016645952939,55.92094470941264],[42.63990972210253,55.93641120594929],[42.681550289704745,55.9494982414826],[42.717242204792015,55.9494982414826],[42.72319085730615,55.96377500751625],[42.75769304189096,55.96972366003047],[42.77434926893168,55.9911388090841],[42.78981576546984,55.9911388090841],[42.833835794077885,55.97686204304867],[42.861199595644486,55.974482582042576],[42.90803972618521,55.978183965828975],[42.88662457713283,56.00792722840195],[42.85569158405721,56.019824533432256],[42.836655896010654,56.0352910299689],[42.839035357016485,56.05908564002854],[42.85212239254811,56.07931105857828],[42.90566026517938,56.08644944159461],[42.924695953225935,56.123331087184894],[42.965146790325676,56.136418122718204],[42.973474903845634,56.156643541267854],[43.00083870541286,56.166161385291176],[43.02463331547108,56.164971654787195],[43.02820250697947,56.18281761233083],[43.00797708843035,56.19947383937235],[43.01392574094449,56.22683764093922],[43.01154627993874,56.245873328985866],[42.986561939378056,56.25182198150017],[43.00797708843035,56.26371928652861],[43.03653062050014,56.26133982552349],[43.0757917270966,56.26371928652861],[43.11624256419545,56.26371928652861],[43.113863103189715,56.28751389658825],[43.09720687614899,56.31130850664522],[43.130519330230435,56.32915446418975],[43.154313940288645,56.347000421733384],[43.161452323306136,56.366036109780026],[43.17215989783264,56.42076371291475],[43.106724720172224,56.42076371291475],[43.08055064910826,56.460024819511126],[43.05675603905005,56.471922124540455],[43.03534088999767,56.45169670599081],[43.02701277647691,56.43028155693718],[42.98537220887469,56.43028155693718],[42.972285173343074,56.41838425190785],[42.958008407308185,56.41362532989753],[42.929454875237596,56.41362532989753],[42.9330240667467,56.42552263492597],[42.91160891769431,56.43028155693718],[42.89733215165942,56.42433290442296],[42.84736347053645,56.427902095931174],[42.86996835009211,56.45407616699593],[42.90566026517938,56.47906050755777],[42.91398837870014,56.54211622421192],[42.93421379724917,56.56234164276157],[42.925885683729206,56.58970544432852],[42.927075414231766,56.621828167906614],[42.854501853553856,56.64800223897146],[42.82832778248989,56.65989954400087],[42.816430477460834,56.696781189591064],[42.829517512993164,56.71343741663081],[42.831896973998994,56.73961148769557],[42.84498400953062,56.75864717574221],[42.86401969757718,56.78244178580007],[42.89376296015032,56.7967185518355],[42.900823251683505,56.81015469486256],[42.88701707395845,56.81577943393583],[42.85727381138601,56.87407622857885],[42.826340818309596,56.89668110813362],[42.784700250708184,56.900250299641826],[42.73473156958522,56.920475718191476],[42.68238342745722,56.92761410120968],[42.62408663281428,56.93356275372301],[42.54556441962224,56.92404490969969],[42.47180112844106,56.918096257186356],[42.4111248727923,56.890732455618505],[42.38614053223161,56.87883515058998],[42.34925888664107,56.86931730656666],[42.27906478696898,56.87764542008698],[42.28299057122817,56.85250369319512],[42.29845706776562,56.833468005148475],[42.32106194732127,56.82038096961516],[42.324631138829574,56.803724742575504],[42.31154410329795,56.7965863595573],[42.30083652877145,56.77874040201367],[42.2889392237423,56.77636094100765],[42.27109326619902,56.76565336648222],[42.2818008407249,56.754945791955805],[42.28299057122817,56.74780740893769],[42.27704191871324,56.737099834412255],[42.256816500164206,56.74423821742948],[42.24967811714592,56.74066902591949],[42.256816500164206,56.72877172089105],[42.248488386643444,56.72282306837585],[42.25562676966085,56.714494954855624],[42.27704191871324,56.724012798878945],[42.29131868474813,56.72758199038796],[42.30797491178885,56.72758199038796],[42.30797491178885,56.719253876867725],[42.29250841525149,56.71330522435253],[42.29250841525149,56.70378738032921],[42.27585218821068,56.7061668413362],[42.26633434418744,56.699028458318],[42.243729464631784,56.68832088379256],[42.23064242909936,56.675233848259246],[42.243729464631784,56.66452627373292],[42.246108925637614,56.65143923820139],[42.26395488318161,56.63954193317295],[42.26514461368417,56.61455759261119],[42.284180301730636,56.60028082657666],[42.29964679826889,56.56815810299848],[42.31154410329795,56.56220945048337],[42.335338713356165,56.553881336962164],[42.330579791344505,56.54436349293884],[42.35675386240855,56.53722510992251],[42.367461436935145,56.52770726589919],[42.38768685548416,56.531276457407316],[42.41267119604565,56.519379152378875],[42.41743011805731,56.53484564891552],[42.43646580610387,56.53841484042552],[42.47334745169441,56.54079430143064],[42.48524475672356,56.531276457407316],[42.51617774979918,56.521758613383994],[42.542351820863225,56.519379152378875],[42.559008047903944,56.499153733829225],[42.5780437359513,56.499153733829225],[42.60064861550616,56.48844615930281],[42.61254592053522,56.47654885427259],[42.60064861550616,56.46346181874106],[42.62206376455854,56.445615861197425],[42.62087403405598,56.43609801717321],[42.60540753751773,56.42658017314989],[42.5851821189687,56.42063152063656],[42.57209508343628,56.39683691057781],[42.56138750890969,56.37185257001695],[42.57209508343628,56.35638607347843],[42.553059395389724,56.338540115934876],[42.545921012372325,56.32545308040335],[42.526885324325775,56.31950442788823],[42.526885324325775,56.290950895819165],[42.523316132816674,56.27310493827552],[42.50903936678178,56.27310493827552],[42.51022909728505,56.2623973637492],[42.494762600746796,56.24812059771377],[42.47096799068858,56.23503356218224],[42.44479391962463,56.23027464016924],[42.41980957906314,56.218377335140715],[42.42337877057224,56.202910838602286],[42.44122472811553,56.19220326407596],[42.45550149415042,56.1755470370363],[42.46739879917957,56.1755470370363],[42.46739879917957,56.15651134898966],[42.44360418912136,56.130337277924816],[42.40910200453655,56.10178374585485],[42.400773891016584,56.08036859680212],[42.41029173503982,56.06371236976157],[42.39006631648999,56.048245873224026],[42.362702514923484,56.06609183076669],[42.327010599835404,56.049435603727034],[42.26871380519327,56.06371236976157],[42.23659108161429,56.05419452573825],[42.18900186149796,56.068471291773676],[42.16282779043311,56.08631724931642],[42.1283256058492,56.06371236976157],[42.10572072629354,56.04110749020671],[42.07597746372039,56.03039991568039],[42.05813150617711,56.03039991568039],[42.04028554863312,56.04229722070883],[42.026008782598225,56.03277937668551],[42.00459363354584,56.03991775970371],[41.9712811794644,56.026830724170395],[41.970091448961035,56.01612314964585],[41.9784195624818,56.00779503612375],[41.98436821499602,55.994708000592226],[41.992696328516686,55.98162096506078],[42.00340390304248,55.98162096506078],[42.028388243604056,55.987569617575886],[42.04504447064469,55.98875934807711],[42.05456231466801,55.985190156568905],[42.03909581813056,55.96734419902624],[42.03671635712473,55.95901608550592],[42.04504447064469,55.953067432990814],[42.0688390807029,55.95544689399593],[42.08906449925273,55.94711878047562],[42.08787476874946,55.93641120594929],[42.0617006976855,55.92689336192597],[42.07002881120617,55.894770638347794],[42.03790608762729,55.87335548929514],[42.03671635712473,55.84837114873339]]]]}},{"type":"Feature","properties":{"kind":"district","id":"uyezd-1897-63","name":"Судогодский","provinceId":"vladimir"},"geometry":{"type":"MultiPolygon","coordinates":[[[[42.03790608762729,55.87335548929514],[42.019942986265534,55.87969361081012],[42.0282710997855,55.898729298856765],[41.99376891520078,55.90467795137196],[41.97354349665167,55.880883341312234],[41.964025652628436,55.888021724330436],[41.94498996458188,55.905867681874966],[41.928333737540356,55.907057412377966],[41.928333737540356,55.91776498690341],[41.94023104257022,55.92490336992161],[41.93666185106112,55.940369866458255],[41.94380023407861,55.96892339852822],[41.961646191622606,55.970113129031226],[41.959266730616775,55.97963097305455],[41.94023104257022,55.98795908657486],[41.93190292904946,56.0069947746224],[41.93309265955273,56.01889207965084],[41.94498996458188,56.02722019317115],[41.93904131206695,56.03554830669236],[41.91881589351713,56.049825072727785],[41.953318078101844,56.07005049127743],[42.0032867592241,56.07480941328865],[41.97473322715423,56.10574240636382],[41.9545078086052,56.121208902902254],[41.9723537661484,56.131916477428575],[41.953318078101844,56.16047000949854],[41.94023104257022,56.17355704503007],[41.92357481552879,56.204490038105156],[41.91881589351713,56.22828464816488],[41.88312397842985,56.23899222269121],[41.85932936837163,56.23899222269121],[41.83434502781015,56.22471545665489],[41.82958610579849,56.20924896011824],[41.799842843226145,56.19378246357972],[41.766530389143895,56.18664408056161],[41.72132063003339,56.183074889053394],[41.69157736746104,56.1842646195564],[41.67016221840786,56.16522893150976],[41.61900380678313,56.17593650603519],[41.62614218980062,56.190213272071595],[41.65707518287624,56.204490038105156],[41.67849033192862,56.22352572615269],[41.65350599136714,56.23423330067821],[41.61900380678313,56.23542303118121],[41.585691352700884,56.23066410917089],[41.56427620364859,56.23304357017601],[41.54167132409364,56.23899222269121],[41.522371251490796,56.22735930221732],[41.497386910929315,56.20118523115435],[41.473592300871104,56.19285711763314],[41.4521771518188,56.182149543107705],[41.45455661282463,56.166683046568295],[41.4141057757249,56.14883708902475],[41.41172631471907,56.12980140097811],[41.37722413013506,56.10481706041813],[41.352239789573574,56.12623220946989],[41.32963491001792,56.101247868908146],[41.330824640521286,56.07507379784508],[41.296322455936476,56.085781372371486],[41.26895865436916,56.08340191136539],[41.28085595939902,56.10481706041813],[41.26895865436916,56.11433490444145],[41.25230242732844,56.11671436544657],[41.23564620028772,56.11076571293147],[41.21661051224116,56.12028355695479],[41.164262370113164,56.12623220946989],[41.141657490557506,56.16073439405497],[41.12381153301422,56.17025223807829],[41.12381153301422,56.18571873461592],[41.09049907893198,56.19285711763314],[41.07503258239453,56.18690846511804],[41.05639347118245,56.168665930739735],[41.02546047810604,56.1555788952082],[40.980250718995435,56.14487132068187],[40.95169718692566,56.1186972496189],[40.93147176837583,56.109179405595576],[40.89934904479756,56.109179405595576],[40.89577985328846,56.12107671062402],[40.91124634982671,56.13297401565343],[40.91124634982671,56.14011239867066],[40.93028203787327,56.1662864697355],[40.89934904479756,56.176994044260056],[40.86484686021285,56.163907008728515],[40.84343171116046,56.160337817220395],[40.83391386713723,56.14963024269398],[40.799411682552424,56.15795835621341],[40.792273299535026,56.14487132068187],[40.785134916517535,56.14368159017887],[40.76253003696188,56.14725078168886],[40.753012192938556,56.14130212917375],[40.76015057595605,56.13297401565343],[40.73992515740693,56.12464590213223],[40.70899216433052,56.13416374615555],[40.68043863226073,56.12821509364222],[40.6780591712549,56.10085129207437],[40.69233593728988,56.08062587352561],[40.71375108634218,56.06991829899928],[40.71375108634218,56.049692880449555],[40.68638728477566,56.04612368893956],[40.648315908681845,56.03422638391112],[40.60786507158291,56.025898270390805],[40.58763965303379,55.98544743329151],[40.56146558196904,55.9747398587651],[40.53291204989925,55.95927336222667],[40.515066092355966,55.928340369151584],[40.48294336877699,55.930719830156704],[40.448441184192276,55.92001225563038],[40.40918007759661,55.933099291163686],[40.38419573703513,55.933099291163686],[40.358021665971165,55.943806865690014],[40.34017570842708,55.943806865690014],[40.311622176357304,55.95927336222667],[40.29496594931649,55.97592958926819],[40.285448105293256,55.99258581630963],[40.24499726819361,55.99615500781783],[40.22358211914123,56.00210366033295],[40.18432101254555,55.99020635530273],[40.17004424651066,55.96998093675299],[40.14624963645165,55.96165282323277],[40.128403678908455,55.95094524870635],[40.11174745186773,55.953324709713335],[40.09509122482701,55.943806865690014],[40.076055536779656,55.946186326695134],[40.08319391979715,55.964032284239664],[40.060589040242206,55.973550128262985],[40.02727658616075,55.9818782417833],[40.02727658616075,55.97117066725609],[40.051071196218885,55.95808363172455],[40.0498814657157,55.95094524870635],[40.00705116761084,55.96046309272967],[39.98325655755272,55.96165282323277],[39.97886951489033,55.95422859718923],[39.967790061014554,55.9354787521697],[39.95351329497957,55.91882252512826],[39.929718684921355,55.8950279150704],[39.915441918886465,55.864094921993456],[39.898785691845745,55.847438694953794],[39.9106829968749,55.787952169807774],[39.93090841542472,55.774865134276325],[39.9106829968749,55.76891648176113],[39.894026769834085,55.7546397157257],[39.97492844403196,55.7177580701364],[39.98206682704945,55.701101843094875],[40.00705116761084,55.695153190579774],[40.02251766414909,55.68444561605335],[40.02846631666323,55.659461275493385],[40.02489712515492,55.633287204428626],[39.99277440157604,55.626148821410425],[39.9558927559854,55.6154412468841],[39.97849763554106,55.58569798431202],[39.97492844403196,55.56190337425416],[39.97968736604362,55.547626608218735],[40.001102515096,55.54405741671052],[40.04869173521314,55.535729303189314],[40.093901494323646,55.53929849469753],[40.16290586349246,55.53097038117721],[40.19502858707135,55.52621145916599],[40.198597778580535,55.50955523212634],[40.172423707516494,55.48695035256971],[40.215254005621176,55.50360657961123],[40.24023834618195,55.51312442363455],[40.30210433233398,55.49408873558791],[40.29853514082488,55.476242778043385],[40.33660651691869,55.490519544079696],[40.36872924049696,55.52264226765787],[40.39133412005262,55.51788334564568],[40.42226711312823,55.52264226765787],[40.43297468765482,55.553575260733844],[40.438923340168955,55.58450825380893],[40.4234568436315,55.60711313336378],[40.45438983670712,55.60830286386678],[40.48294336877699,55.59283636732924],[40.535291510905,55.58926717582014],[40.53648124140827,55.5761801402887],[40.58882938353635,55.558334182744176],[40.61500345460031,55.559523913247176],[40.632849412144395,55.545247147212635],[40.66973105773508,55.53890191786468],[40.65783375270615,55.58054248546705],[40.637608334155914,55.62099332256548],[40.61143426309167,55.668582542683],[40.67092078823708,55.67453119519723],[40.75063273193274,55.682859308718434],[40.78513491651751,55.703084727267196],[40.86841605172083,55.704274457768406],[40.982630180001195,55.705464188273254],[41.002855598551434,55.714982032295666],[40.989768563018856,55.73282798983928],[40.97311233597793,55.749484216880774],[40.95407664793129,55.75305340838895],[40.93979988189676,55.770899365932564],[40.97668152748713,55.770899365932564],[40.996906946036574,55.78398640146497],[41.023081017100026,55.779227479453766],[41.040926974644606,55.78874532347618],[41.098034038783624,55.769709635429535],[41.103982691298484,55.748294486377745],[41.08851619476036,55.73401772034231],[41.07899835073704,55.7209306848099],[41.05401401017559,55.70070526626023],[41.076618889731435,55.68642850022661],[41.13253622336839,55.692377152740846],[41.14205406739171,55.71736149330172],[41.22890439410503,55.74472529486957],[41.29790876327456,55.74472529486957],[41.30623687679423,55.75067394738471],[41.30742660729783,55.76376098291621],[41.34311852238466,55.75543286939592],[41.35977474942564,55.738776642353514],[41.38594882048989,55.73282798983928],[41.44781480664096,55.760191791406214],[41.64174087861625,55.75305340838895],[41.720263091809045,55.76138152190833],[41.75635158373069,55.76362879063707],[41.76111050574235,55.77314663466039],[41.78490511580057,55.76838771264829],[41.7908537683147,55.77433636516339],[41.76705915825649,55.792182322707035],[41.7634899667481,55.80883854974856],[41.78371538529721,55.81478720226189],[41.78966403781214,55.829063968296424],[41.80513053435039,55.829063968296424],[41.80988945636196,55.81835639377188],[41.857478676478394,55.829063968296424],[41.87413490351911,55.8231153157831],[41.857478676478394,55.80764881924458],[41.87413490351911,55.798130975221255],[41.88127328653651,55.81121801075279],[41.894360322068934,55.81359747175978],[41.90744735760056,55.80051043622646],[41.91934466262971,55.806459088741576],[41.91339601011549,55.8171666632679],[41.91577547112132,55.83144342930332],[41.91220627961222,55.83977154282275],[41.891980861063104,55.861186691876384],[41.93243169816205,55.84453046483486],[41.98121064878174,55.83977154282275],[42.019282024874855,55.84096127332664],[42.03671635712473,55.84837114873339],[42.03790608762729,55.87335548929514]]]]}},{"type":"Feature","properties":{"kind":"district","id":"uyezd-1897-64","name":"Шуйский","provinceId":"vladimir"},"geometry":{"type":"MultiPolygon","coordinates":[[[[41.65326654243552,57.03231038546532],[41.63370208527638,57.033367923691024],[41.60752801421243,57.02266034916461],[41.58611286516005,57.02266034916461],[41.57897448214264,57.033367923691024],[41.49807280794397,57.06073172525701],[41.444534935313406,57.06073172525701],[41.432637630283544,57.07381876079032],[41.40646355921959,57.065490647269115],[41.38147921865881,57.065490647269115],[41.32794134602754,57.08571606581884],[41.285111047922776,57.097613370847284],[41.23990128881147,57.09999283185427],[41.20064018221589,57.1107004063806],[41.15899961461359,57.08571606581884],[41.09118497594743,57.08452633531576],[41.05192386935105,57.10237229286028],[41.03169845080114,57.09880310135029],[41.02099087627535,57.09999283185427],[41.02337033728118,57.109510675876706],[41.0364573728128,57.11902851990003],[41.03288818130441,57.129736094427244],[41.00314491873135,57.127356633420256],[40.97578111716474,57.12021825040392],[40.97459138666147,57.1118901368836],[40.92700216654514,57.1107004063806],[40.915104861515985,57.10237229286028],[40.90201782598365,57.10832094537361],[40.90320755648692,57.12259771140904],[40.87108483290795,57.12378744191213],[40.86394644989055,57.14163339945666],[40.80327019424178,57.14996151297689],[40.78304477569187,57.14996151297689],[40.75092205211378,57.13330528593545],[40.711660945517316,57.13211555543334],[40.68429714395009,57.13211555543334],[40.67239983892094,57.13806420794667],[40.65098468986864,57.13806420794667],[40.63670792383366,57.13449501643846],[40.60934412226635,57.140443668953566],[40.602205739248944,57.1463923214669],[40.572462476676506,57.14282312995877],[40.56532409365911,57.117838789396934],[40.549857597120855,57.117838789396934],[40.5236835260569,57.129736094427244],[40.48561214996379,57.13330528593545],[40.47014565342554,57.124977172415136],[40.44754077386989,57.124977172415136],[40.44754077386989,57.13330528593545],[40.42850508582333,57.13330528593545],[40.40590020626848,57.12854636392335],[40.37377748268959,57.12854636392335],[40.34522395061971,57.14401286046178],[40.34879314212802,57.17256639253174],[40.3407930612976,57.22637354572903],[40.30272168520449,57.23232219824423],[40.2848757276605,57.23232219824423],[40.270636386297326,57.2508111084953],[40.22602149243845,57.24634961910946],[40.23048298182385,57.236534342460764],[40.198955123497306,57.22716521475102],[40.187057818467444,57.23430359776735],[40.170401591426725,57.212888448716484],[40.13351994583697,57.20099114368627],[40.144800353567724,57.174067983047316],[40.12219547401287,57.16573986952611],[40.12695439602453,57.14075552896427],[40.164888747664605,57.13750313694706],[40.20890877627185,57.13274421493682],[40.23627257783916,57.1113290658832],[40.29932829449366,57.11846744890042],[40.3290715570669,57.11251879638709],[40.3290715570669,57.100621491356875],[40.298138563991195,57.07087822878381],[40.30646667751115,57.06136038476049],[40.30170775549949,57.045893888223844],[40.315984521534475,57.028047930679314],[40.310035869020254,57.019719817159086],[40.320743443546135,56.99830466810724],[40.321933174049406,56.97688951905458],[40.33383047907847,56.96499221402428],[40.321933174049406,56.95071544798974],[40.319553713043575,56.92692083793099],[40.3504867061192,56.935248951451314],[40.36714293316001,56.92097218541677],[40.39331700422396,56.91383380239946],[40.41711161428218,56.89955703636501],[40.475408408925105,56.89479811435282],[40.48730571395417,56.867434312786834],[40.52894628155638,56.87100350429505],[40.58010469318191,56.86029592976863],[40.61698633877255,56.86029592976863],[40.662196097883054,56.863865121276845],[40.661006367379784,56.89360838384981],[40.70383666548526,56.90193649737013],[40.749046424595775,56.885280270329496],[40.84303513432607,56.89479811435282],[40.8454145953319,56.91026461089133],[40.87515785790495,56.934059220949194],[40.89895246796317,56.951905178492744],[40.945351957576236,56.95071544798974],[40.970336298137724,56.91740299390767],[40.99413090819594,56.875762426306174],[41.01673578775159,56.854347277253524],[41.05599689434797,56.83888078071687],[41.06789419937704,56.81627590116024],[41.144036951563336,56.82817320619054],[41.16069317860397,56.82103482317234],[41.15831371759823,56.79842994361749],[41.15236506508401,56.782963447079055],[41.104775844966866,56.73299476595733],[41.12262180251095,56.73299476595733],[41.1595034481015,56.75678937601421],[41.22017970375026,56.74013314897456],[41.28085595939902,56.73656395746457],[41.32487598800626,56.72704611344125],[41.32963491001792,56.73894341847067],[41.364137094602725,56.73418449645945],[41.356998711585234,56.710389886400705],[41.367706286111826,56.70206177288127],[41.38317278264928,56.70325150338428],[41.42838254175979,56.74965099299788],[41.4664539178537,56.74370234048277],[41.485489605900256,56.719907730424026],[41.524750712496626,56.7127693474076],[41.55449397506898,56.699682311874284],[41.58542696814459,56.68659527634284],[41.6234983442385,56.66993904930132],[41.654431337314115,56.64614443924346],[41.69607190491641,56.65209309175768],[41.674656755863936,56.66636985779311],[41.680605408378156,56.67588770181643],[41.702020557430544,56.67707743231952],[41.702020557430544,56.68778500684496],[41.669897833851564,56.69730285086828],[41.668708103349005,56.710389886400705],[41.68417459988726,56.719907730424026],[41.68417459988726,56.72823584394425],[41.671087564354835,56.74013314897456],[41.67373140991696,56.75771472196088],[41.67849033192862,56.77675041000752],[41.69157736746104,56.786268254030844],[41.68681844544858,56.82552936062713],[41.69633628947261,56.84932397068588],[41.736787126571556,56.8659801977274],[41.77723796367049,56.862411006217414],[41.82482718378683,56.86954938923553],[41.83291584837606,56.87526595907999],[41.81269042982615,56.90381949114995],[41.79246501127633,56.926424370706584],[41.79127528077377,56.940701136741126],[41.7722395927273,56.95497790277655],[41.77104986222395,56.96449574679987],[41.75677309618905,56.9775827823314],[41.71632225909011,56.972823860319295],[41.681820074505396,56.987100626354724],[41.66278438645875,57.00018766188626],[41.65326654243552,57.03231038546532]]]]}},{"type":"Feature","properties":{"kind":"district","id":"uyezd-1897-65","name":"Вязниковский","provinceId":"vladimir"},"geometry":{"type":"MultiPolygon","coordinates":[[[[41.67373140991696,56.75771472196088],[41.68443898444275,56.741058494921134],[41.70109521148427,56.735109842406025],[41.72251036053666,56.73035092039481],[41.73916658757739,56.70060765782184],[41.729648743554066,56.68633089178641],[41.736787126571556,56.68395143078032],[41.72607955204505,56.666105473236684],[41.745115240091515,56.666105473236684],[41.753443353612276,56.664915742733676],[41.77604823316793,56.664915742733676],[41.78437634668798,56.655397898710355],[41.79032499920291,56.6411211326767],[41.808170956746196,56.62922382764738],[41.805791495740365,56.61732652261707],[41.803412034734535,56.601860026080416],[41.81411960926104,56.580444877027766],[41.82720664479266,56.557839997471135],[41.83672448881598,56.54594269244261],[41.85813963786907,56.54594269244261],[41.870036942898224,56.53047619590417],[41.90096993597385,56.53047619590417],[41.90096993597385,56.51619942986964],[41.88550343943568,56.505491855344204],[41.88550343943568,56.49359455031478],[41.86408829038329,56.49002535880479],[41.84148341082764,56.47574859277123],[41.8153093397636,56.47098967075815],[41.78913526869955,56.476938323273345],[41.757012545120666,56.486456167296666],[41.742735779085685,56.486456167296666],[41.74630497059488,56.46385128774182],[41.753443353612276,56.450764252209396],[41.75582281461811,56.430538833659746],[41.730838474056625,56.40555449309888],[41.710613055507594,56.39008799656037],[41.699905480981,56.368672847508606],[41.67611087092279,56.341309045940754],[41.638039494829684,56.31751443588378],[41.62138326778896,56.280632790292614],[41.590450274712545,56.26992521576629],[41.56189674264276,56.26397656325118],[41.54167132409364,56.23899222269121],[41.56427620364859,56.23304357017601],[41.585691352700884,56.23066410917089],[41.61900380678313,56.23542303118121],[41.65350599136714,56.23423330067821],[41.67849033192862,56.22352572615269],[41.65707518287624,56.204490038105156],[41.62614218980062,56.190213272071595],[41.61900380678313,56.17593650603519],[41.67016221840786,56.16522893150976],[41.69157736746104,56.1842646195564],[41.72132063003339,56.183074889053394],[41.766530389143895,56.18664408056161],[41.799842843226145,56.19378246357972],[41.82958610579849,56.20924896011824],[41.83434502781015,56.22471545665489],[41.85932936837163,56.23899222269121],[41.88312397842985,56.23899222269121],[41.91881589351713,56.22828464816488],[41.92357481552879,56.204490038105156],[41.94023104257022,56.17355704503007],[41.953318078101844,56.16047000949854],[41.9723537661484,56.131916477428575],[41.9545078086052,56.121208902902254],[41.97473322715423,56.10574240636382],[42.0032867592241,56.07480941328865],[41.953318078101844,56.07005049127743],[41.91881589351713,56.049825072727785],[41.93904131206695,56.03554830669236],[41.94498996458188,56.02722019317115],[41.93309265955273,56.01889207965084],[41.93190292904946,56.0069947746224],[41.94023104257022,55.98795908657486],[41.959266730616775,55.97963097305455],[41.961646191622606,55.970113129031226],[41.94380023407861,55.96892339852822],[41.93666185106112,55.940369866458255],[41.94023104257022,55.92490336992161],[41.928333737540356,55.91776498690341],[41.928333737540356,55.907057412377966],[41.94498996458188,55.905867681874966],[41.964025652628436,55.888021724330436],[41.97354349665167,55.880883341312234],[41.99376891520078,55.90467795137196],[42.0282710997855,55.898729298856765],[42.019942986265534,55.87969361081012],[42.03790608762729,55.87335548929514],[42.07002881120617,55.894770638347794],[42.0617006976855,55.92689336192597],[42.08787476874946,55.93641120594929],[42.08906449925273,55.94711878047562],[42.0688390807029,55.95544689399593],[42.04504447064469,55.953067432990814],[42.03671635712473,55.95901608550592],[42.03909581813056,55.96734419902624],[42.05456231466801,55.985190156568905],[42.04504447064469,55.98875934807711],[42.028388243604056,55.987569617575886],[42.00340390304248,55.98162096506078],[41.992696328516686,55.98162096506078],[41.98436821499602,55.994708000592226],[41.9784195624818,56.00779503612375],[41.970091448961035,56.01612314964585],[41.9712811794644,56.026830724170395],[42.00459363354584,56.03991775970371],[42.026008782598225,56.03277937668551],[42.04028554863312,56.04229722070883],[42.05813150617711,56.03039991568039],[42.07597746372039,56.03039991568039],[42.10572072629354,56.04110749020671],[42.1283256058492,56.06371236976157],[42.16282779043311,56.08631724931642],[42.18900186149796,56.068471291773676],[42.23659108161429,56.05419452573825],[42.26871380519327,56.06371236976157],[42.327010599835404,56.049435603727034],[42.362702514923484,56.06609183076669],[42.39006631648999,56.048245873224026],[42.41029173503982,56.06371236976157],[42.400773891016584,56.08036859680212],[42.40910200453655,56.10178374585485],[42.44360418912136,56.130337277924816],[42.46739879917957,56.15651134898966],[42.46739879917957,56.1755470370363],[42.45550149415042,56.1755470370363],[42.44122472811553,56.19220326407596],[42.42337877057224,56.202910838602286],[42.41980957906314,56.218377335140715],[42.44479391962463,56.23027464016924],[42.47096799068858,56.23503356218224],[42.494762600746796,56.24812059771377],[42.51022909728505,56.2623973637492],[42.50903936678178,56.27310493827552],[42.523316132816674,56.27310493827552],[42.526885324325775,56.290950895819165],[42.526885324325775,56.31950442788823],[42.545921012372325,56.32545308040335],[42.553059395389724,56.338540115934876],[42.57209508343628,56.35638607347843],[42.56138750890969,56.37185257001695],[42.57209508343628,56.39683691057781],[42.5851821189687,56.42063152063656],[42.60540753751773,56.42658017314989],[42.62087403405598,56.43609801717321],[42.62206376455854,56.445615861197425],[42.60064861550616,56.46346181874106],[42.61254592053522,56.47654885427259],[42.60064861550616,56.48844615930281],[42.5780437359513,56.499153733829225],[42.559008047903944,56.499153733829225],[42.542351820863225,56.519379152378875],[42.51617774979918,56.521758613383994],[42.48524475672356,56.531276457407316],[42.47334745169441,56.54079430143064],[42.43646580610387,56.53841484042552],[42.41743011805731,56.53484564891552],[42.41267119604565,56.519379152378875],[42.38768685548416,56.531276457407316],[42.367461436935145,56.52770726589919],[42.35675386240855,56.53722510992251],[42.330579791344505,56.54436349293884],[42.335338713356165,56.553881336962164],[42.31154410329795,56.56220945048337],[42.29964679826889,56.56815810299848],[42.284180301730636,56.60028082657666],[42.26514461368417,56.61455759261119],[42.26395488318161,56.63954193317295],[42.246108925637614,56.65143923820139],[42.243729464631784,56.66452627373292],[42.23064242909936,56.675233848259246],[42.243729464631784,56.68832088379256],[42.26633434418744,56.699028458318],[42.27585218821068,56.7061668413362],[42.29250841525149,56.70378738032921],[42.29250841525149,56.71330522435253],[42.30797491178885,56.719253876867725],[42.30797491178885,56.72758199038796],[42.29131868474813,56.72758199038796],[42.27704191871324,56.724012798878945],[42.25562676966085,56.714494954855624],[42.248488386643444,56.72282306837585],[42.256816500164206,56.72877172089105],[42.24967811714592,56.74066902591949],[42.256816500164206,56.74423821742948],[42.27704191871324,56.737099834412255],[42.28299057122817,56.74780740893769],[42.2818008407249,56.754945791955805],[42.27109326619902,56.76565336648222],[42.2889392237423,56.77636094100765],[42.30083652877145,56.77874040201367],[42.31154410329795,56.7965863595573],[42.324631138829574,56.803724742575504],[42.32106194732127,56.82038096961516],[42.29845706776562,56.833468005148475],[42.28299057122817,56.85250369319512],[42.27906478696898,56.87764542008698],[42.245752332887534,56.87764542008698],[42.223147453331876,56.89311191662452],[42.182696616232946,56.900250299641826],[42.15176362315732,56.900250299641826],[42.12558955209328,56.89668110813362],[42.11250251656086,56.890732455618505],[42.095846289520225,56.89906056913971],[42.07800033197614,56.90144003014483],[42.061344104935415,56.88954272511639],[42.02208299833895,56.89311191662452],[41.988770544257505,56.88240434209819],[41.94594024615283,56.88954272511639],[41.912627792071376,56.88478380310331],[41.8912126430189,56.87526595907999],[41.85314126692509,56.87526595907999],[41.83291584837606,56.87526595907999],[41.82482718378683,56.86954938923553],[41.77723796367049,56.862411006217414],[41.736787126571556,56.8659801977274],[41.69633628947261,56.84932397068588],[41.68681844544858,56.82552936062713],[41.69157736746104,56.786268254030844],[41.67849033192862,56.77675041000752],[41.67373140991696,56.75771472196088]]]]}},{"type":"Feature","properties":{"kind":"district","id":"uyezd-1897-67","name":"Суздальский","provinceId":"vladimir"},"geometry":{"type":"MultiPolygon","coordinates":[[[[39.96515104762807,56.96705487553848],[39.99317097841043,56.96499221402428],[40.03362181550928,56.94833598698462],[40.06574453908826,56.95309490899584],[40.07645211361414,56.96618194452826],[40.099056993169796,56.96261275301916],[40.118092681216254,56.936438681954314],[40.1442667522803,56.91502353290344],[40.126420794737015,56.90907488038833],[40.07764184411732,56.90907488038833],[40.059795886573326,56.90788514988524],[40.06931373059665,56.89122892284469],[40.083590496631544,56.875762426306174],[40.106195376187195,56.875762426306174],[40.11928241171962,56.89003919234169],[40.132369447251236,56.88647000083348],[40.12166187272545,56.863865121276845],[40.15021540479523,56.859106199264744],[40.16687163183596,56.863865121276845],[40.20732246893489,56.847208894237184],[40.20613273843233,56.83412185870388],[40.21327112144982,56.82579374518356],[40.20137381642076,56.82103482317234],[40.18352785887668,56.82579374518356],[40.17995866736758,56.81389644015414],[40.17876893686511,56.79842994361749],[40.16687163183596,56.777014794563954],[40.18352785887668,56.750840723500886],[40.19899435541493,56.72228719143092],[40.19542516390574,56.69492338986307],[40.17163055384762,56.67826716282164],[40.15378459630362,56.66399039678799],[40.112144028701415,56.6675595882962],[40.07883157461988,56.633057403712016],[40.087159688140645,56.60212441063507],[40.04908831204753,56.57714007007509],[40.04551912053843,56.550965999010245],[40.07288292210575,56.51646381442606],[40.06574453908826,56.49742812637942],[40.03838073752094,56.471254055314574],[40.02172451048022,56.45935675028613],[40.01696558846865,56.42961348771317],[40.02950279771124,56.41528524857863],[40.03362181550928,56.41057779966653],[40.05384723405919,56.39987022514011],[40.07764184411732,56.396301033631104],[40.09310834065477,56.38083453709347],[40.11928241171962,56.37607561508136],[40.133559177754506,56.35703992703472],[40.158543518315284,56.35466046602872],[40.16330244032686,56.33919396949206],[40.21089166044399,56.320158281445416],[40.20970192994072,56.34990154401839],[40.248963036537106,56.3475220830114],[40.269188455086216,56.30826097641511],[40.33700309375238,56.324917203456636],[40.36317716481713,56.318968550942415],[40.3952998883954,56.310640437422094],[40.39648961889867,56.322537742450535],[40.42028422895689,56.320158281445416],[40.42028422895689,56.30231232390178],[40.473822101588155,56.3046917849069],[40.49047832862888,56.27851771384215],[40.522601052207854,56.28565609686026],[40.5523443147802,56.28684582736424],[40.573759463832495,56.27256906132881],[40.580897846849986,56.258292295294275],[40.6118308399264,56.26424094780761],[40.61777949244053,56.26543067831061],[40.638004910990446,56.26305121730549],[40.64157410249875,56.29398421038057],[40.67250709557516,56.29874313239179],[40.67369682607772,56.30826097641511],[40.698681166639204,56.30231232390178],[40.698681166639204,56.31420962893022],[40.72009631569151,56.30826097641511],[40.733183351223126,56.317778820438434],[40.74627038675555,56.32134801194842],[40.75816769178461,56.33919396949206],[40.77125472731703,56.37845507608835],[40.787117800688875,56.41176753016953],[40.79544591420964,56.44745944525769],[40.80734321923879,56.476012977327656],[40.814481602256194,56.51051516191096],[40.823999446279515,56.52598165844938],[40.85612216985769,56.53312004146758],[40.87515785790495,56.541448154986924],[40.87634758840751,56.54620707699903],[40.85731190036096,56.558104382028446],[40.8489837868402,56.561673573536574],[40.83827621231441,56.574760609068996],[40.80377402772969,56.58784764460053],[40.785928070185605,56.60212441063507],[40.772841034653986,56.636626595220136],[40.72406208403429,56.660421205278],[40.68955989944957,56.69016446785096],[40.68480097743791,56.706820694892485],[40.69431882146123,56.71395907790971],[40.6919393604554,56.73299476595733],[40.64435014033897,56.73894341847067],[40.590812267707705,56.73775368796757],[40.57772523217608,56.75678937601421],[40.54798196960293,56.77225587255273],[40.5348949340706,56.78415317758206],[40.51229005451566,56.792481291102376],[40.49563382747493,56.83055266719566],[40.48968517496,56.854347277253524],[40.48730571395417,56.867434312786834],[40.475408408925105,56.89479811435282],[40.41711161428218,56.89955703636501],[40.39331700422396,56.91383380239946],[40.36714293316001,56.92097218541677],[40.3504867061192,56.935248951451314],[40.319553713043575,56.92692083793099],[40.321933174049406,56.95071544798974],[40.33383047907847,56.96499221402428],[40.321933174049406,56.97688951905458],[40.320743443546135,56.99830466810724],[40.310035869020254,57.019719817159086],[40.315984521534475,57.028047930679314],[40.30170775549949,57.045893888223844],[40.30646667751115,57.06136038476049],[40.298138563991195,57.07087822878381],[40.3290715570669,57.100621491356875],[40.3290715570669,57.11251879638709],[40.29932829449366,57.11846744890042],[40.23627257783916,57.1113290658832],[40.20890877627185,57.13274421493682],[40.164888747664605,57.13750313694706],[40.12695439602453,57.14075552896427],[40.09007275043389,57.116960918906415],[40.02820676428266,57.081269003818335],[40.02225811176773,57.04676681923504],[40.015119728750236,56.99203921610023],[39.96872023913646,56.9789521805687],[39.96515104762807,56.96705487553848]]]]}},{"type":"Feature","properties":{"kind":"district","id":"uyezd-1897-68","name":"Владимирский","provinceId":"vladimir"},"geometry":{"type":"MultiPolygon","coordinates":[[[[39.686088316380136,56.224847648933036],[39.66586289783031,56.217709265915815],[39.675380741853544,56.18915573384585],[39.709882926438254,56.18558654233675],[39.709882926438254,56.15465354926167],[39.703934273924126,56.11658217316838],[39.707503465432424,56.09397729361353],[39.722969961970676,56.08089025808022],[39.7539029550463,56.077321066572004],[39.75747214655469,56.09992594612686],[39.78602567862527,56.09635675461865],[39.7919743311394,56.08564918009232],[39.81457921069514,56.07970052757722],[39.841943012261574,56.0832697190872],[39.860978700308216,56.09040810210354],[39.88001438835548,56.08564918009232],[39.88358357986387,56.060664839530574],[39.89429115439046,56.05233672601025],[39.92879333897438,56.053526456514234],[39.906188459419525,56.02140373293606],[39.91927549495115,55.984522087344004],[39.94425983551254,55.977383704327664],[39.96567498456501,55.96429666879613],[39.97886951489033,55.95422859718923],[39.98325655755272,55.96165282323277],[40.00705116761084,55.96046309272967],[40.0498814657157,55.95094524870635],[40.051071196218885,55.95808363172455],[40.02727658616075,55.97117066725609],[40.02727658616075,55.9818782417833],[40.060589040242206,55.973550128262985],[40.08319391979715,55.964032284239664],[40.076055536779656,55.946186326695134],[40.09509122482701,55.943806865690014],[40.11174745186773,55.953324709713335],[40.128403678908455,55.95094524870635],[40.14624963645165,55.96165282323277],[40.17004424651066,55.96998093675299],[40.18432101254555,55.99020635530273],[40.22358211914123,56.00210366033295],[40.24499726819361,55.99615500781783],[40.285448105293256,55.99258581630963],[40.29496594931649,55.97592958926819],[40.311622176357304,55.95927336222667],[40.34017570842708,55.943806865690014],[40.358021665971165,55.943806865690014],[40.38419573703513,55.933099291163686],[40.40918007759661,55.933099291163686],[40.448441184192276,55.92001225563038],[40.48294336877699,55.930719830156704],[40.515066092355966,55.928340369151584],[40.53291204989925,55.95927336222667],[40.56146558196904,55.9747398587651],[40.58763965303379,55.98544743329151],[40.60786507158291,56.025898270390805],[40.648315908681845,56.03422638391112],[40.68638728477566,56.04612368893956],[40.71375108634218,56.049692880449555],[40.71375108634218,56.06991829899928],[40.69233593728988,56.08062587352561],[40.6780591712549,56.10085129207437],[40.68043863226073,56.12821509364222],[40.70899216433052,56.13416374615555],[40.73992515740693,56.12464590213223],[40.76015057595605,56.13297401565343],[40.753012192938556,56.14130212917375],[40.76253003696188,56.14725078168886],[40.785134916517535,56.14368159017887],[40.792273299535026,56.14487132068187],[40.799411682552424,56.15795835621341],[40.83391386713723,56.14963024269398],[40.84343171116046,56.160337817220395],[40.86484686021285,56.163907008728515],[40.89934904479756,56.176994044260056],[40.93028203787327,56.1662864697355],[40.91124634982671,56.14011239867066],[40.91124634982671,56.13297401565343],[40.89577985328846,56.12107671062402],[40.89934904479756,56.109179405595576],[40.93147176837583,56.109179405595576],[40.95169718692566,56.1186972496189],[40.980250718995435,56.14487132068187],[41.02546047810604,56.1555788952082],[41.05639347118245,56.168665930739735],[41.07503258239453,56.18690846511804],[41.07503258239453,56.19999550065134],[41.05242770283887,56.22022091920099],[40.99056171668755,56.236877146240644],[40.96914656763525,56.228549032721304],[40.95130061009117,56.240446337748864],[40.976284950652655,56.27137933082581],[41.00483848272253,56.27375879183093],[41.00483848272253,56.28565609686026],[40.985802794675976,56.29279447987846],[40.978664411658485,56.30588151540999],[40.96438764562359,56.30826097641511],[40.942972496570405,56.32967612546874],[40.93940330506211,56.35466046602872],[40.944162227073676,56.402249686146206],[40.87991677991661,56.40938806916441],[40.787117800688875,56.41176753016953],[40.77125472731703,56.37845507608835],[40.75816769178461,56.33919396949206],[40.74627038675555,56.32134801194842],[40.733183351223126,56.317778820438434],[40.72009631569151,56.30826097641511],[40.698681166639204,56.31420962893022],[40.698681166639204,56.30231232390178],[40.67369682607772,56.30826097641511],[40.67250709557516,56.29874313239179],[40.64157410249875,56.29398421038057],[40.638004910990446,56.26305121730549],[40.61777949244053,56.26543067831061],[40.6118308399264,56.26424094780761],[40.580897846849986,56.258292295294275],[40.573759463832495,56.27256906132881],[40.5523443147802,56.28684582736424],[40.522601052207854,56.28565609686026],[40.49047832862888,56.27851771384215],[40.473822101588155,56.3046917849069],[40.42028422895689,56.30231232390178],[40.42028422895689,56.320158281445416],[40.39648961889867,56.322537742450535],[40.3952998883954,56.310640437422094],[40.36317716481713,56.318968550942415],[40.33700309375238,56.324917203456636],[40.269188455086216,56.30826097641511],[40.248963036537106,56.3475220830114],[40.20970192994072,56.34990154401839],[40.21089166044399,56.320158281445416],[40.16330244032686,56.33919396949206],[40.158543518315284,56.35466046602872],[40.133559177754506,56.35703992703472],[40.11928241171962,56.37607561508136],[40.09310834065477,56.38083453709347],[40.07764184411732,56.396301033631104],[40.05384723405919,56.39987022514011],[40.03362181550928,56.41057779966653],[40.02950279771124,56.41528524857863],[40.010884743675525,56.398548302359806],[39.95615714054169,56.39973803286192],[39.92403441696272,56.40211749386802],[39.896670615396204,56.3973585718568],[39.89548088489293,56.38308180582138],[39.902619267910424,56.374753692300175],[39.869306813828885,56.35571800425353],[39.840753281759106,56.33311312469867],[39.82528678522094,56.33311312469867],[39.80506136667182,56.3545282737523],[39.79673325315106,56.34501042972898],[39.79792298365433,56.33311312469867],[39.78602567862527,56.295041748605385],[39.80506136667182,56.29028282659417],[39.82647651572421,56.293852018102385],[39.84551220377077,56.28433417407906],[39.828855976729955,56.2629190250273],[39.81101001918596,56.26529848603242],[39.79911271415689,56.2557806420091],[39.81576894119762,56.24507306748278],[39.80387163616855,56.227227109939136],[39.78245648711608,56.230796301449125],[39.76698999057792,56.23674495396246],[39.7539029550463,56.233175762454245],[39.75866187705796,56.22365791843092],[39.7360569975023,56.22365791843092],[39.721780231467406,56.230796301449125],[39.686088316380136,56.224847648933036]]]]}},{"type":"Feature","properties":{"kind":"district","id":"uyezd-1897-69","name":"Юрьевский","provinceId":"vladimir"},"geometry":{"type":"MultiPolygon","coordinates":[[[[40.02950279771124,56.41528524857863],[40.01696558846865,56.42961348771317],[40.02172451048022,56.45935675028613],[40.03838073752094,56.471254055314574],[40.06574453908826,56.49742812637942],[40.07288292210575,56.51646381442606],[40.04551912053843,56.550965999010245],[40.04908831204753,56.57714007007509],[40.087159688140645,56.60212441063507],[40.07883157461988,56.633057403712016],[40.112144028701415,56.6675595882962],[40.15378459630362,56.66399039678799],[40.17163055384762,56.67826716282164],[40.19542516390574,56.69492338986307],[40.19899435541493,56.72228719143092],[40.18352785887668,56.750840723500886],[40.16687163183596,56.777014794563954],[40.17876893686511,56.79842994361749],[40.17995866736758,56.81389644015414],[40.18352785887668,56.82579374518356],[40.20137381642076,56.82103482317234],[40.21327112144982,56.82579374518356],[40.20613273843233,56.83412185870388],[40.20732246893489,56.847208894237184],[40.16687163183596,56.863865121276845],[40.15021540479523,56.859106199264744],[40.12166187272545,56.863865121276845],[40.132369447251236,56.88647000083348],[40.11928241171962,56.89003919234169],[40.106195376187195,56.875762426306174],[40.083590496631544,56.875762426306174],[40.06931373059665,56.89122892284469],[40.059795886573326,56.90788514988524],[40.07764184411732,56.90907488038833],[40.126420794737015,56.90907488038833],[40.1442667522803,56.91502353290344],[40.118092681216254,56.936438681954314],[40.099056993169796,56.96261275301916],[40.07645211361414,56.96618194452826],[40.06574453908826,56.95309490899584],[40.03362181550928,56.94833598698462],[39.99317097841043,56.96499221402428],[39.96515104762807,56.96705487553848],[39.92470021052842,56.965865145037256],[39.9116131749968,56.97538298905871],[39.87116233789786,56.968244606042376],[39.860454763371266,56.95753703151605],[39.87116233789786,56.94326026548062],[39.860454763371266,56.93136296045209],[39.859265032868706,56.89924023687311],[39.824762848283996,56.892101853855806],[39.77955308917339,56.88972239284979],[39.7581379401203,56.86711751329405],[39.75218928760617,56.850461286254394],[39.72006656402719,56.83142559820678],[39.704600067489736,56.81595910166834],[39.679615726928255,56.80882071865201],[39.667718421899195,56.80882071865201],[39.655821116870044,56.82071802368134],[39.63797515932605,56.82071802368134],[39.63797515932605,56.80882071865201],[39.61893947127949,56.810010449155016],[39.59871405272967,56.81952829317834],[39.57610917317473,56.80882071865201],[39.55826321563073,56.78621583909538],[39.540417258087444,56.78621583909538],[39.538037797081614,56.768369881551735],[39.5071048040052,56.767180151048734],[39.4999664209878,56.74100607998567],[39.45951558388886,56.74338554099177],[39.43810043483648,56.75290338501509],[39.43572097383065,56.767180151048734],[39.413116094275,56.77312880356384],[39.385615268254654,56.76961202699114],[39.35468227517903,56.75652499145784],[39.34992335316737,56.732730381399975],[39.3701487717172,56.731540650897855],[39.36895904121393,56.70298711882789],[39.392753651272145,56.69465900530669],[39.36301038869979,56.69227954430157],[39.33683631763504,56.68514116128337],[39.34159523964741,56.66729520373973],[39.36063092769396,56.639931402173744],[39.35706173618486,56.62327517513222],[39.34397470065324,56.589962721050156],[39.32612874310916,56.59829083457048],[39.30471359405678,56.56735784149441],[39.30352386355351,56.55070161445387],[39.28210871450112,56.54237350093444],[39.251175721425504,56.525717273892916],[39.257124373940435,56.50549185534416],[39.269021678969494,56.49121508930784],[39.248796260419674,56.4709896707582],[39.17265350823275,56.45076425220944],[39.17741243024512,56.434108025167916],[39.21072488432657,56.432918294664915],[39.239278416396445,56.432918294664915],[39.271401139975325,56.429349103156696],[39.265452487460394,56.417451798128255],[39.2476065299164,56.40436476259495],[39.249985990922234,56.3936571880704],[39.269021678969494,56.39008799656041],[39.28567790601031,56.3936571880704],[39.29281628902771,56.38413934404708],[39.273780600981155,56.37938042203497],[39.26307302645456,56.355585811977114],[39.2583141044429,56.32703227990715],[39.29281628902771,56.33179120191748],[39.29162655852444,56.31632470538082],[39.278539522992816,56.29847874783719],[39.31542116858257,56.30204793934442],[39.32612874310916,56.31037605286563],[39.35111308367064,56.31394524437384],[39.36301038869979,56.30442740035052],[39.37966661574052,56.315134974877736],[39.411789339318695,56.32227335789416],[39.416548261330355,56.337739854432584],[39.428445566360125,56.337739854432584],[39.44272233239511,56.350826889964125],[39.459378559435834,56.350826889964125],[39.45224017641834,56.33655012393047],[39.4677066729558,56.33417066292348],[39.46413748144741,56.31394524437384],[39.47722451697903,56.30204793934442],[39.50220885754051,56.29728901733418],[39.52600346759873,56.288960903813866],[39.53195212011366,56.27825332928754],[39.54146996413698,56.28539171230388],[39.567644035200935,56.274684137777555],[39.57835160972753,56.25326898872481],[39.59738729777408,56.24851006671449],[39.614043524814804,56.24851006671449],[39.64021759587885,56.25564844973091],[39.66520193644033,56.24256141419937],[39.686088316380136,56.224847648933036],[39.721780231467406,56.230796301449125],[39.7360569975023,56.22365791843092],[39.75866187705796,56.22365791843092],[39.7539029550463,56.233175762454245],[39.76698999057792,56.23674495396246],[39.78245648711608,56.230796301449125],[39.80387163616855,56.227227109939136],[39.81576894119762,56.24507306748278],[39.79911271415689,56.2557806420091],[39.81101001918596,56.26529848603242],[39.828855976729955,56.2629190250273],[39.84551220377077,56.28433417407906],[39.82647651572421,56.293852018102385],[39.80506136667182,56.29028282659417],[39.78602567862527,56.295041748605385],[39.79792298365433,56.33311312469867],[39.79673325315106,56.34501042972898],[39.80506136667182,56.3545282737523],[39.82528678522094,56.33311312469867],[39.840753281759106,56.33311312469867],[39.869306813828885,56.35571800425353],[39.902619267910424,56.374753692300175],[39.89548088489293,56.38308180582138],[39.896670615396204,56.3973585718568],[39.92403441696272,56.40211749386802],[39.95615714054169,56.39973803286192],[40.010884743675525,56.398548302359806],[40.02950279771124,56.41528524857863]]]]}},{"type":"Feature","properties":{"kind":"district","id":"uyezd-1897-70","name":"Переславский","provinceId":"vladimir"},"geometry":{"type":"MultiPolygon","coordinates":[[[[39.413116094275,56.77312880356384],[39.413116094275,56.78145691708505],[39.39170094522261,56.78145691708505],[39.39170094522261,56.7969234136217],[39.35243983862623,56.802872066136814],[39.34054253359717,56.798113144124706],[39.320317115048056,56.80763098814803],[39.322696576053886,56.81595910166834],[39.30485061850989,56.82428721518955],[39.27272789493092,56.83975371172798],[39.251312745878536,56.83975371172798],[39.251312745878536,56.850461286254394],[39.22275921380874,56.850461286254394],[39.20610298676793,56.882584009832485],[39.160893227657425,56.90994781139944],[39.131149965084276,56.92660403844096],[39.125201312569345,56.938501343469405],[39.1025964330145,56.94326026548062],[39.08594020597377,56.934932151960304],[39.06095586541228,56.95277810950394],[39.03835098585663,56.965865145037256],[39.02645368082748,56.959916492522055],[38.9871925742319,56.968244606042376],[38.97886446071114,56.97300352805359],[38.937223893108936,56.97300352805359],[38.930085510091445,56.98371110257992],[38.91104982204489,57.009885173643866],[38.89082440349506,57.008695443141754],[38.86584006293438,57.00155706012355],[38.82538922583544,56.99917759911843],[38.820630303823776,57.00631598213566],[38.83847626136706,57.01226463464988],[38.83609680036123,57.020592748170195],[38.805163807285524,57.020592748170195],[38.792076771753194,57.011074904146874],[38.778989736221575,57.011074904146874],[38.76114377867758,57.020592748170195],[38.74316562885619,57.01623040299275],[38.66702287666918,57.02455851651307],[38.62300284806114,57.00195363695821],[38.58136228045973,56.99838444545],[38.544480634869096,56.99838444545],[38.546860095874926,57.011471480981534],[38.57065470593314,57.02217905550786],[38.55280874838915,57.029317438526064],[38.50997845028438,57.029317438526064],[38.49689141475275,57.041214743554505],[38.46238923016795,57.04597366556572],[38.45525084715055,57.06262989260635],[38.46714815217961,57.09237315517932],[38.4397843506123,57.10664992121386],[38.41480001005161,57.09594234668931],[38.400523244015915,57.09832180769443],[38.368400520437746,57.087614233167216],[38.32200103082387,57.082855311155996],[38.28749884623916,57.082855311155996],[38.2621190168463,57.08025031634318],[38.25022171181723,57.06240435879865],[38.24903198131396,57.03385082672869],[38.22285791024992,57.023143252202274],[38.22166817974736,57.012435677676834],[38.19311464767678,56.99221025912719],[38.16813030711609,56.98388214560599],[38.15861246309286,56.97555403208567],[38.20025303069427,56.952949152530906],[38.19787356968844,56.941051847502465],[38.184786534156814,56.93034427297604],[38.184786534156814,56.91844696794574],[38.19311464767678,56.90892912392242],[38.18597626465929,56.89465235788797],[38.143145966554606,56.88156532235644],[38.143145966554606,56.849442598776484],[38.115782164987294,56.83040691072984],[38.04796752632104,56.829217180226834],[38.03725995179525,56.799473917653785],[38.05391617883597,56.787576612625344],[38.0527264483327,56.75902308055538],[38.01584480274286,56.74831550602905],[38.01465507223959,56.72927981798241],[37.978963157152315,56.711433860438774],[37.99086923003502,56.68916568174976],[38.019422762104895,56.67607864621912],[38.03132006713396,56.652284036159486],[38.04678656367212,56.635627809119825],[38.0682017127245,56.62135104308342],[38.07177090423281,56.60469481604288],[38.08366820926196,56.573761822966816],[38.09913470580021,56.564243978943495],[38.103893627811786,56.54401856039385],[38.15267257843148,56.53806990788051],[38.20502072055948,56.53806990788051],[38.22643586961186,56.5273623333533],[38.30971700481628,56.53212125536541],[38.31209646582211,56.555915865423266],[38.31447592682794,56.57495155346991],[38.318045118336244,56.60469481604288],[38.35968568593845,56.6201613125813],[38.40013652303739,56.60945373805498],[38.398946792534915,56.59517697201956],[38.4203619415873,56.59279751101346],[38.4346387076222,56.59160778051134],[38.46200250918942,56.59517697201956],[38.47152035321274,56.58565912799624],[38.536955530873165,56.58446939749323],[38.56550906294295,56.58803858900322],[38.54528364439312,56.555915865423266],[38.5774063679721,56.536880177376624],[38.61547774406521,56.555915865423266],[38.646410737140826,56.5297417943602],[38.688051304743034,56.52022395033688],[38.704707531783754,56.53093152486231],[38.74991729089507,56.55829532643016],[38.80821408553729,56.58922831950534],[38.828439504087115,56.58565912799624],[38.830818965092945,56.566623439950476],[38.868890341186045,56.549967212909934],[38.88673629873004,56.555915865423266],[38.874838993700976,56.573761822966816],[38.88911575973587,56.576141283972916],[38.9093411782857,56.576141283972916],[38.955740667898766,56.59160778051134],[39.00095042701017,56.58327966699014],[39.0414012641091,56.586848858500126],[39.12706186031855,56.569002900956576],[39.13063105182765,56.54282882989173],[39.14490781786263,56.54282882989173],[39.17822027194408,56.564243978943495],[39.218671109043726,56.563054248440494],[39.23413760558118,56.55472613492017],[39.24960410211934,56.55115694341205],[39.251175721425504,56.525717273892916],[39.28210871450112,56.54237350093444],[39.30352386355351,56.55070161445387],[39.30471359405678,56.56735784149441],[39.32612874310916,56.59829083457048],[39.34397470065324,56.589962721050156],[39.35706173618486,56.62327517513222],[39.36063092769396,56.639931402173744],[39.34159523964741,56.66729520373973],[39.33683631763504,56.68514116128337],[39.36301038869979,56.69227954430157],[39.392753651272145,56.69465900530669],[39.36895904121393,56.70298711882789],[39.3701487717172,56.731540650897855],[39.34992335316737,56.732730381399975],[39.35468227517903,56.75652499145784],[39.385615268254654,56.76961202699114],[39.413116094275,56.77312880356384]]]]}},{"type":"Feature","properties":{"kind":"district","id":"uyezd-1897-292","name":"Александровский","provinceId":"vladimir"},"geometry":{"type":"MultiPolygon","coordinates":[[[[38.51342530537124,56.16898906741973],[38.54197883744112,56.18088637245003],[38.5669631780018,56.197542599489694],[38.59313724906656,56.205870713010896],[38.625259972644734,56.205870713010896],[38.622880511638904,56.193973407981474],[38.640726469182894,56.18088637245003],[38.646675121697115,56.195163138484574],[38.66214161823528,56.204680982507895],[38.679987575779364,56.204680982507895],[38.68474649779094,56.195163138484574],[38.70973083835171,56.191593946976354],[38.790632512550296,56.18445556395815],[38.82989361914596,56.17969664194605],[38.81799631411681,56.193973407981474],[38.81561685311098,56.216578287536336],[38.86082661222238,56.21419882653122],[38.8846212222805,56.201111790999676],[38.91079529334455,56.21538855703422],[38.929830981391106,56.22014747904632],[38.90127744932123,56.24989074161929],[38.88700068328633,56.27844427368925],[38.890569874794636,56.29510050072891],[38.91912340686531,56.29985942274013],[38.92031313736787,56.31651564978165],[38.960763974466715,56.33317187682219],[38.985748315028204,56.32246430229676],[39.01668130810382,56.32008484129075],[39.0416656486653,56.32603349380497],[39.09163432978757,56.32008484129075],[39.11780840085161,56.31294645827344],[39.157069507447986,56.32722322430709],[39.16896681247705,56.32008484129075],[39.19038196152943,56.32365403279887],[39.220125224102574,56.32365403279887],[39.2583141044429,56.32703227990715],[39.26307302645456,56.355585811977114],[39.273780600981155,56.37938042203497],[39.29281628902771,56.38413934404708],[39.28567790601031,56.3936571880704],[39.269021678969494,56.39008799656041],[39.249985990922234,56.3936571880704],[39.2476065299164,56.40436476259495],[39.265452487460394,56.417451798128255],[39.271401139975325,56.429349103156696],[39.239278416396445,56.432918294664915],[39.21072488432657,56.432918294664915],[39.17741243024512,56.434108025167916],[39.17265350823275,56.45076425220944],[39.248796260419674,56.4709896707582],[39.269021678969494,56.49121508930784],[39.257124373940435,56.50549185534416],[39.251175721425504,56.525717273892916],[39.24960410211934,56.55115694341205],[39.23413760558118,56.55472613492017],[39.218671109043726,56.563054248440494],[39.17822027194408,56.564243978943495],[39.14490781786263,56.54282882989173],[39.13063105182765,56.54282882989173],[39.12706186031855,56.569002900956576],[39.0414012641091,56.586848858500126],[39.00095042701017,56.58327966699014],[38.955740667898766,56.59160778051134],[38.9093411782857,56.576141283972916],[38.88911575973587,56.576141283972916],[38.874838993700976,56.573761822966816],[38.88673629873004,56.555915865423266],[38.868890341186045,56.549967212909934],[38.830818965092945,56.566623439950476],[38.828439504087115,56.58565912799624],[38.80821408553729,56.58922831950534],[38.74991729089507,56.55829532643016],[38.704707531783754,56.53093152486231],[38.688051304743034,56.52022395033688],[38.646410737140826,56.5297417943602],[38.61547774406521,56.555915865423266],[38.5774063679721,56.536880177376624],[38.54528364439312,56.555915865423266],[38.56550906294295,56.58803858900322],[38.536955530873165,56.58446939749323],[38.47152035321274,56.58565912799624],[38.46200250918942,56.59517697201956],[38.4346387076222,56.59160778051134],[38.4203619415873,56.59279751101346],[38.398946792534915,56.59517697201956],[38.40013652303739,56.60945373805498],[38.35968568593845,56.6201613125813],[38.318045118336244,56.60469481604288],[38.31447592682794,56.57495155346991],[38.31209646582211,56.555915865423266],[38.30971700481628,56.53212125536541],[38.22643586961186,56.5273623333533],[38.20502072055948,56.53806990788051],[38.15267257843148,56.53806990788051],[38.103893627811786,56.54401856039385],[38.09913470580021,56.564243978943495],[38.08366820926196,56.573761822966816],[38.07177090423281,56.60469481604288],[38.0682017127245,56.62135104308342],[38.04678656367212,56.635627809119825],[38.03132006713396,56.652284036159486],[38.019422762104895,56.67607864621912],[37.99086923003502,56.68916568174976],[37.978963157152315,56.711433860438774],[37.87664633390135,56.68525978937393],[37.836195496802404,56.66860356233427],[37.801693312217694,56.703105746919434],[37.801693312217694,56.73641820100052],[37.75529382260462,56.73879766200573],[37.73863759556381,56.75545388904716],[37.620854275774676,56.76378200256659],[37.64702834683863,56.732849009490536],[37.63870023331867,56.68882898088391],[37.6482180773419,56.66384464032217],[37.59705966571646,56.650757604789746],[37.54709098459429,56.609117037188334],[37.509019608501184,56.5960300016568],[37.52846064123497,56.574554976637025],[37.57367040034629,56.54243225305707],[37.61055204593612,56.53291440903375],[37.630777464485945,56.51268899048411],[37.65814126605326,56.51506845149109],[37.6914537201347,56.53291440903375],[37.72357644371368,56.54838090557227],[37.76283755030935,56.57217551563102],[37.78306296885917,56.55908848009771],[37.784252699361645,56.54719117506917],[37.80209865690573,56.52815548702253],[37.796150004390796,56.500791685454686],[37.81280623143223,56.476997075397804],[37.834221380484614,56.476997075397804],[37.855636529536994,56.46509977036838],[37.86634410406279,56.45677165684807],[37.85682626003947,56.43773596880143],[37.835411110987174,56.43773596880143],[37.822324075455555,56.42464893326812],[37.8104267704264,56.407992706228455],[37.815185692438064,56.398474862205134],[37.84373922450784,56.37705971315151],[37.88062087009848,56.38181863516361],[37.91512305468249,56.37943917415849],[37.96152254429636,56.38300836566671],[38.015060416927625,56.37349052164339],[38.05432152352401,56.36992133013517],[38.09477236062294,56.36635213862519],[38.12451562319609,56.36278294711697],[38.174484304318256,56.36159321661397],[38.19589945337064,56.342557528567326],[38.21731460242303,56.330660223538885],[38.21612487192047,56.31043480498924],[38.18400214834158,56.29377857794772],[38.207796758399795,56.2854504644274],[38.18995080085571,56.27236342889596],[38.203037836388134,56.259276393364416],[38.18757133984988,56.23667151380779],[38.169725382306595,56.21644609525814],[38.203037836388134,56.20692825123482],[38.23516055996702,56.1974104072115],[38.262524361533536,56.20097959872149],[38.2565757090194,56.21406663425293],[38.311303312153235,56.21882555626415],[38.314872503662336,56.22834340028747],[38.34580549673804,56.22834340028747],[38.369600106796256,56.23429205280267],[38.40529202188353,56.22001528676813],[38.43503528445659,56.20573852073173],[38.46001962501808,56.21168717324781],[38.468347738538036,56.1974104072115],[38.49571154010535,56.181943910674846],[38.51342530537124,56.16898906741973]]]]}},{"type":"Feature","properties":{"kind":"district","id":"uyezd-1897-450","name":"Муромский","provinceId":"vladimir"},"geometry":{"type":"MultiPolygon","coordinates":[[[[42.552281290180574,55.480472930943534],[42.54276344615734,55.485231852955636],[42.522538027607425,55.48761131395987],[42.52015856660169,55.51259565452162],[42.51896883609913,55.532821073071354],[42.50231260905841,55.554236222123116],[42.496363956543476,55.57803083218275],[42.48089746000602,55.59825625073151],[42.46543096346777,55.627999513304566],[42.45115419743287,55.651794123362336],[42.45234392793614,55.66250169788875],[42.44163635340955,55.67201954191207],[42.45115419743287,55.68153738593539],[42.46543096346777,55.68153738593539],[42.47613853799436,55.67320927241596],[42.50231260905841,55.67558873342117],[42.523727758110695,55.67201954191207],[42.54633263766644,55.66845035040386],[42.59154239677695,55.66488115889574],[42.62128565935009,55.65417358436932],[42.62247538985265,55.66726061990086],[42.60343970180601,55.68153738593539],[42.58797320526785,55.69700388247382],[42.62723431186423,55.711280648508364],[42.67125434047227,55.718419031525585],[42.681961914998055,55.701762804485924],[42.680772184495495,55.68867576895262],[42.70099760304541,55.6862963079475],[42.73668951813269,55.6874860384505],[42.79141712126652,55.70295253498902],[42.8235398448455,55.70771145699926],[42.82948849735963,55.723177953538666],[42.81878092283384,55.73269579756199],[42.824729575347966,55.77076717365527],[42.84019607188622,55.77552609566649],[42.84852418540698,55.792182322707035],[42.874698256470936,55.789802861701915],[42.873508525967665,55.780285017678594],[42.89611340552332,55.786233670191926],[42.905631249546644,55.79099259220314],[42.8865955615,55.829063968296424],[42.89373394451749,55.84215100382974],[42.936564242622254,55.84809965634307],[42.96630750519532,55.859996961373284],[43.00556861179098,55.89568887645967],[43.00080968977941,55.92186294752443],[43.01032753380344,55.93376025255385],[42.99724049827102,55.939708905068954],[42.98653292374443,55.9575548626126],[42.94608208664549,55.955175401605615],[42.92823612910149,55.950416479595376],[42.9139593630666,55.956365132108616],[42.92228747658727,55.97183162864714],[42.90803972618521,55.978183965828975],[42.861199595644486,55.974482582042576],[42.833835794077885,55.97686204304867],[42.78981576546984,55.9911388090841],[42.77434926893168,55.9911388090841],[42.75769304189096,55.96972366003047],[42.72319085730615,55.96377500751625],[42.717242204792015,55.9494982414826],[42.681550289704745,55.9494982414826],[42.63990972210253,55.93641120594929],[42.61016645952939,55.92094470941264],[42.59113077148292,55.92927282293296],[42.589941040980364,55.95544689399593],[42.567336161424706,55.95782635500292],[42.543541551366495,55.953067432990814],[42.537592898851564,55.92927282293296],[42.51379828879335,55.90666794337632],[42.50903936678178,55.87335548929514],[42.46620906867701,55.83766357420698],[42.43170688409229,55.82814573018366],[42.41624038755404,55.788884623587364],[42.400773891016584,55.77936677956404],[42.34842574888859,55.78174624057014],[42.31035437279468,55.77579758805681],[42.27109326619902,55.76152082202041],[42.25205757815175,55.73653648146043],[42.24491919513426,55.74367486447686],[42.22826296809353,55.74367486447686],[42.22350404608196,55.7603310915174],[42.19495051401209,55.78174624057014],[42.183053208983026,55.79245381509736],[42.16520725143894,55.80316138962368],[42.13784344987243,55.800781928616786],[42.1104796483052,55.809110042137014],[42.08787476874946,55.82933546068675],[42.04385474014222,55.836473843704866],[42.03671635712473,55.84837114873339],[42.019282024874855,55.84096127332664],[41.98121064878174,55.83977154282275],[41.93243169816205,55.84453046483486],[41.891980861063104,55.861186691876384],[41.91220627961222,55.83977154282275],[41.91577547112132,55.83144342930332],[41.91339601011549,55.8171666632679],[41.91934466262971,55.806459088741576],[41.90744735760056,55.80051043622646],[41.894360322068934,55.81359747175978],[41.88127328653651,55.81121801075279],[41.87413490351911,55.798130975221255],[41.857478676478394,55.80764881924458],[41.87413490351911,55.8231153157831],[41.857478676478394,55.829063968296424],[41.80988945636196,55.81835639377188],[41.80513053435039,55.829063968296424],[41.78966403781214,55.829063968296424],[41.78371538529721,55.81478720226189],[41.7634899667481,55.80883854974856],[41.76705915825649,55.792182322707035],[41.7908537683147,55.77433636516339],[41.78490511580057,55.76838771264829],[41.76111050574235,55.77314663466039],[41.75635158373069,55.76362879063707],[41.778956463285546,55.74697256359555],[41.778956463285546,55.729126606052],[41.72779805166081,55.711280648508364],[41.71946993814005,55.68510657744538],[41.74088508719244,55.6791579249293],[41.7634899667481,55.68153738593539],[41.77300781077142,55.67439900291906],[41.76111050574235,55.65298385386632],[41.77300781077142,55.643466009842996],[41.8015613428412,55.648224931854216],[41.81226891736779,55.63989681833301],[41.81702783937945,55.626809782802454],[41.81702783937945,55.60301517274273],[41.8503402934609,55.59111786771339],[41.862237598490054,55.57803083218275],[41.89079113055983,55.54114918659158],[41.90982681860639,55.52687242055704],[41.94908792520277,55.51973403753982],[41.987159301295875,55.51378538502471],[42.00143606733086,55.49831888848708],[42.01809229437149,55.480472930943534],[42.0418869044297,55.488801044463756],[42.08471720253519,55.488801044463756],[42.11446046510762,55.482852391948654],[42.15134211069817,55.46738589541022],[42.166808607236334,55.45072966837047],[42.16085995472149,55.43526317183205],[42.190603217294544,55.412658292277186],[42.221536210370246,55.412658292277186],[42.25127947294331,55.413848022779305],[42.26079731696663,55.406709639762084],[42.29173031004224,55.39719179573876],[42.29410977104807,55.38410476020634],[42.31552492010046,55.37101772467578],[42.346457913176074,55.35912041964636],[42.38690875027581,55.35793068914247],[42.4118930908365,55.35079230612614],[42.43449797039215,55.35436149763426],[42.44163635340955,55.3722074551779],[42.44758500592457,55.398381526242744],[42.471379615982784,55.43288371082595],[42.510640722578366,55.46500643440501],[42.552281290180574,55.480472930943534]]]]}},{"type":"Feature","properties":{"kind":"district","id":"uyezd-1897-686","name":"Меленковский","provinceId":"vladimir"},"geometry":{"type":"MultiPolygon","coordinates":[[[[41.75635158373069,55.76362879063707],[41.720263091809045,55.76138152190833],[41.64174087861625,55.75305340838895],[41.44781480664096,55.760191791406214],[41.38594882048989,55.73282798983928],[41.35977474942564,55.738776642353514],[41.34311852238466,55.75543286939592],[41.30742660729783,55.76376098291621],[41.30623687679423,55.75067394738471],[41.29790876327456,55.74472529486957],[41.22890439410503,55.74472529486957],[41.14205406739171,55.71736149330172],[41.13253622336839,55.692377152740846],[41.076618889731435,55.68642850022661],[41.05401401017559,55.70070526626023],[41.07899835073704,55.7209306848099],[41.08851619476036,55.73401772034231],[41.103982691298484,55.748294486377745],[41.098034038783624,55.769709635429535],[41.040926974644606,55.78874532347618],[41.023081017100026,55.779227479453766],[40.996906946036574,55.78398640146497],[40.97668152748713,55.770899365932564],[40.93979988189676,55.770899365932564],[40.95407664793129,55.75305340838895],[40.97311233597793,55.749484216880774],[40.989768563018856,55.73282798983928],[41.002855598551434,55.714982032295666],[40.982630180001195,55.705464188273254],[40.86841605172083,55.704274457768406],[40.78513491651751,55.703084727267196],[40.75063273193274,55.682859308718434],[40.67092078823708,55.67453119519723],[40.61143426309167,55.668582542683],[40.637608334155914,55.62099332256548],[40.65783375270615,55.58054248546705],[40.66973105773508,55.53890191786468],[40.68638728477606,55.518676499315916],[40.70661270332465,55.49131269774807],[40.729217582880494,55.46870781819143],[40.723268930365634,55.455620782659935],[40.729217582880494,55.43658509461329],[40.7280278523769,55.421118598075736],[40.75182246243634,55.4151699455615],[40.77918626400265,55.41873913706968],[40.810119257078156,55.3854266829876],[40.79227329953517,55.36996018645095],[40.91719500234092,55.37352937796004],[40.9326614988791,55.36401153393581],[40.92314365485578,55.34378611538614],[40.96954314446867,55.29500716476741],[41.00047613754498,55.27478174621683],[40.992148024024516,55.25098713615898],[40.998096676539376,55.24146929213475],[41.04449616615227,55.21410549056873],[41.06234212369685,55.17008546196121],[41.06591131520531,55.139152468885186],[41.09922376928722,55.141531929890334],[41.10279296079568,55.09870163178584],[41.125397840351525,55.063009716698616],[41.15038218091297,55.03921510664077],[41.17060759946162,55.02969726261654],[41.20035086203512,55.02612807110836],[41.1872638265026,55.054681603177414],[41.199161131531525,55.0796659437392],[41.22176601108737,55.086804326756464],[41.23366331611629,55.09513244027585],[41.20035086203512,55.10346055379887],[41.23723250762549,55.1355832773761],[41.28006280572998,55.108219475810074],[41.326462295343674,55.12011678083854],[41.3371698698698,55.152239504415775],[41.32289310383521,55.15937788743395],[41.333600678361336,55.183172497491796],[41.377620706969424,55.18555195849967],[41.415692083062595,55.16532653995],[41.452573728652226,55.151049773914565],[41.48112726072293,55.162947078943034],[41.49897321826592,55.17127519246242],[41.52276782832456,55.17960330598362],[41.550131629891666,55.183172497491796],[41.585823544979235,55.172464922965446],[41.634602495598585,55.15461896542274],[41.68219171571508,55.14391139089639],[41.697943906464985,55.142411182253156],[41.70717605627652,55.141531929890334],[41.76428312041634,55.14748058240639],[41.79045719148138,55.14272166039336],[41.798785305001104,55.10227082329402],[41.811872340533625,55.07847621323617],[41.85589236914092,55.07847621323617],[41.88087670970236,55.05944052518953],[41.91537889428713,55.076096752229205],[41.970106497420545,55.09989136228887],[41.997038257511804,55.09989136228887],[42.00698814301171,55.0879940572604],[42.03673140558442,55.09037351826464],[42.034351944578816,55.117737319832486],[42.04386978860208,55.13796273838216],[42.059336285139466,55.14272166039336],[42.09978712223909,55.14391139089639],[42.139048228834326,55.19625953302602],[42.16998122191063,55.217674682076904],[42.2044834064954,55.22124387358508],[42.21876017252998,55.27240228521259],[42.20686286750106,55.29976608677771],[42.21043205901026,55.33069907985555],[42.1997244844834,55.34973476790219],[42.21638071152432,55.358062881421574],[42.19139637096367,55.37233964745701],[42.193775831969276,55.390185604998806],[42.22351909454204,55.402082910029094],[42.221536210370246,55.412658292277186],[42.190603217294544,55.412658292277186],[42.16085995472149,55.43526317183205],[42.166808607236334,55.45072966837047],[42.15134211069817,55.46738589541022],[42.11446046510762,55.482852391948654],[42.08471720253519,55.488801044463756],[42.0418869044297,55.488801044463756],[42.01809229437149,55.480472930943534],[42.00143606733086,55.49831888848708],[41.987159301295875,55.51378538502471],[41.94908792520277,55.51973403753982],[41.90982681860639,55.52687242055704],[41.89079113055983,55.54114918659158],[41.862237598490054,55.57803083218275],[41.8503402934609,55.59111786771339],[41.81702783937945,55.60301517274273],[41.81702783937945,55.626809782802454],[41.81226891736779,55.63989681833301],[41.8015613428412,55.648224931854216],[41.77300781077142,55.643466009842996],[41.76111050574235,55.65298385386632],[41.77300781077142,55.67439900291906],[41.7634899667481,55.68153738593539],[41.74088508719244,55.6791579249293],[41.71946993814005,55.68510657744538],[41.72779805166081,55.711280648508364],[41.778956463285546,55.729126606052],[41.778956463285546,55.74697256359555],[41.75635158373069,55.76362879063707]]]]}},{"type":"Feature","properties":{"kind":"district","id":"uyezd-1897-687","name":"Ковровский","provinceId":"vladimir"},"geometry":{"type":"MultiPolygon","coordinates":[[[[41.67373140991696,56.75771472196088],[41.671087564354835,56.74013314897456],[41.68417459988726,56.72823584394425],[41.68417459988726,56.719907730424026],[41.668708103349005,56.710389886400705],[41.669897833851564,56.69730285086828],[41.702020557430544,56.68778500684496],[41.702020557430544,56.67707743231952],[41.680605408378156,56.67588770181643],[41.674656755863936,56.66636985779311],[41.69607190491641,56.65209309175768],[41.654431337314115,56.64614443924346],[41.6234983442385,56.66993904930132],[41.58542696814459,56.68659527634284],[41.55449397506898,56.699682311874284],[41.524750712496626,56.7127693474076],[41.485489605900256,56.719907730424026],[41.4664539178537,56.74370234048277],[41.42838254175979,56.74965099299788],[41.38317278264928,56.70325150338428],[41.367706286111826,56.70206177288127],[41.356998711585234,56.710389886400705],[41.364137094602725,56.73418449645945],[41.32963491001792,56.73894341847067],[41.32487598800626,56.72704611344125],[41.28085595939902,56.73656395746457],[41.22017970375026,56.74013314897456],[41.1595034481015,56.75678937601421],[41.12262180251095,56.73299476595733],[41.104775844966866,56.73299476595733],[41.15236506508401,56.782963447079055],[41.15831371759823,56.79842994361749],[41.16069317860397,56.82103482317234],[41.144036951563336,56.82817320619054],[41.06789419937704,56.81627590116024],[41.05599689434797,56.83888078071687],[41.01673578775159,56.854347277253524],[40.99413090819594,56.875762426306174],[40.970336298137724,56.91740299390767],[40.945351957576236,56.95071544798974],[40.89895246796317,56.951905178492744],[40.87515785790495,56.934059220949194],[40.8454145953319,56.91026461089133],[40.84303513432607,56.89479811435282],[40.749046424595775,56.885280270329496],[40.70383666548526,56.90193649737013],[40.661006367379784,56.89360838384981],[40.662196097883054,56.863865121276845],[40.61698633877255,56.86029592976863],[40.58010469318191,56.86029592976863],[40.52894628155638,56.87100350429505],[40.48730571395417,56.867434312786834],[40.48968517496,56.854347277253524],[40.49563382747493,56.83055266719566],[40.51229005451566,56.792481291102376],[40.5348949340706,56.78415317758206],[40.54798196960293,56.77225587255273],[40.57772523217608,56.75678937601421],[40.590812267707705,56.73775368796757],[40.64435014033897,56.73894341847067],[40.6919393604554,56.73299476595733],[40.69431882146123,56.71395907790971],[40.68480097743791,56.706820694892485],[40.68955989944957,56.69016446785096],[40.72406208403429,56.660421205278],[40.772841034653986,56.636626595220136],[40.785928070185605,56.60212441063507],[40.80377402772969,56.58784764460053],[40.83827621231441,56.574760609068996],[40.8489837868402,56.561673573536574],[40.85731190036096,56.558104382028446],[40.87634758840751,56.54620707699903],[40.87515785790495,56.541448154986924],[40.85612216985769,56.53312004146758],[40.823999446279515,56.52598165844938],[40.814481602256194,56.51051516191096],[40.80734321923879,56.476012977327656],[40.79544591420964,56.44745944525769],[40.787117800688875,56.41176753016953],[40.87991677991661,56.40938806916441],[40.944162227073676,56.402249686146206],[40.93940330506211,56.35466046602872],[40.942972496570405,56.32967612546874],[40.96438764562359,56.30826097641511],[40.978664411658485,56.30588151540999],[40.985802794675976,56.29279447987846],[41.00483848272253,56.28565609686026],[41.00483848272253,56.27375879183093],[40.976284950652655,56.27137933082581],[40.95130061009117,56.240446337748864],[40.96914656763525,56.228549032721304],[40.99056171668755,56.236877146240644],[41.05242770283887,56.22022091920099],[41.07503258239453,56.19999550065134],[41.07503258239453,56.18690846511804],[41.09049907893198,56.19285711763314],[41.12381153301422,56.18571873461592],[41.12381153301422,56.17025223807829],[41.141657490557506,56.16073439405497],[41.164262370113164,56.12623220946989],[41.21661051224116,56.12028355695479],[41.23564620028772,56.11076571293147],[41.25230242732844,56.11671436544657],[41.26895865436916,56.11433490444145],[41.28085595939902,56.10481706041813],[41.26895865436916,56.08340191136539],[41.296322455936476,56.085781372371486],[41.330824640521286,56.07507379784508],[41.32963491001792,56.101247868908146],[41.352239789573574,56.12623220946989],[41.37722413013506,56.10481706041813],[41.41172631471907,56.12980140097811],[41.4141057757249,56.14883708902475],[41.45455661282463,56.166683046568295],[41.4521771518188,56.182149543107705],[41.473592300871104,56.19285711763314],[41.497386910929315,56.20118523115435],[41.522371251490796,56.22735930221732],[41.54167132409364,56.23899222269121],[41.56189674264276,56.26397656325118],[41.590450274712545,56.26992521576629],[41.62138326778896,56.280632790292614],[41.638039494829684,56.31751443588378],[41.67611087092279,56.341309045940754],[41.699905480981,56.368672847508606],[41.710613055507594,56.39008799656037],[41.730838474056625,56.40555449309888],[41.75582281461811,56.430538833659746],[41.753443353612276,56.450764252209396],[41.74630497059488,56.46385128774182],[41.742735779085685,56.486456167296666],[41.757012545120666,56.486456167296666],[41.78913526869955,56.476938323273345],[41.8153093397636,56.47098967075815],[41.84148341082764,56.47574859277123],[41.86408829038329,56.49002535880479],[41.88550343943568,56.49359455031478],[41.88550343943568,56.505491855344204],[41.90096993597385,56.51619942986964],[41.90096993597385,56.53047619590417],[41.870036942898224,56.53047619590417],[41.85813963786907,56.54594269244261],[41.83672448881598,56.54594269244261],[41.82720664479266,56.557839997471135],[41.81411960926104,56.580444877027766],[41.803412034734535,56.601860026080416],[41.805791495740365,56.61732652261707],[41.808170956746196,56.62922382764738],[41.79032499920291,56.6411211326767],[41.78437634668798,56.655397898710355],[41.77604823316793,56.664915742733676],[41.753443353612276,56.664915742733676],[41.745115240091515,56.666105473236684],[41.72607955204505,56.666105473236684],[41.736787126571556,56.68395143078032],[41.729648743554066,56.68633089178641],[41.73916658757739,56.70060765782184],[41.72251036053666,56.73035092039481],[41.70109521148427,56.735109842406025],[41.68443898444275,56.741058494921134],[41.67373140991696,56.75771472196088]]]]}},{"type":"Feature","properties":{"kind":"district","id":"uyezd-1897-688","name":"Покровский","provinceId":"vladimir"},"geometry":{"type":"MultiPolygon","coordinates":[[[[39.2583141044429,56.32703227990715],[39.220125224102574,56.32365403279887],[39.19038196152943,56.32365403279887],[39.16896681247705,56.32008484129075],[39.157069507447986,56.32722322430709],[39.11780840085161,56.31294645827344],[39.09163432978757,56.32008484129075],[39.0416656486653,56.32603349380497],[39.01668130810382,56.32008484129075],[38.985748315028204,56.32246430229676],[38.960763974466715,56.33317187682219],[38.92031313736787,56.31651564978165],[38.91912340686531,56.29985942274013],[38.890569874794636,56.29510050072891],[38.88700068328633,56.27844427368925],[38.90127744932123,56.24989074161929],[38.929830981391106,56.22014747904632],[38.91079529334455,56.21538855703422],[38.8846212222805,56.201111790999676],[38.86082661222238,56.21419882653122],[38.81561685311098,56.216578287536336],[38.81799631411681,56.193973407981474],[38.82989361914596,56.17969664194605],[38.790632512550296,56.18445556395815],[38.70973083835171,56.191593946976354],[38.68474649779094,56.195163138484574],[38.679987575779364,56.204680982507895],[38.66214161823528,56.204680982507895],[38.646675121697115,56.195163138484574],[38.640726469182894,56.18088637245003],[38.622880511638904,56.193973407981474],[38.625259972644734,56.205870713010896],[38.59313724906656,56.205870713010896],[38.5669631780018,56.197542599489694],[38.54197883744112,56.18088637245003],[38.51342530537124,56.16898906741973],[38.5181842273829,56.14162526585277],[38.52294314939448,56.126158769315225],[38.53840964593193,56.115451194789784],[38.55863506448175,56.0678619746723],[38.54554802894942,56.055964669643764],[38.51699449687963,56.048826286625655],[38.50747665285631,56.03335979008713],[38.52056368838865,56.02622140707079],[38.53365072392027,56.01194464103537],[38.54792748995525,55.99171922248573],[38.56577344749924,55.985770569970526],[38.58718859655163,55.96078622940966],[38.605034554095624,55.97387326494297],[38.641916199685454,55.984580839467526],[38.70021299432839,55.99052949198263],[38.72638706539243,55.98815003097751],[38.773976285509576,55.96078622940966],[38.79658116506452,55.95245811588934],[38.807288739591016,55.95007865488422],[38.812047661602676,55.9393710803579],[38.8251346971351,55.9346121583458],[38.82751415814093,55.91795593130428],[38.85368822920489,55.90962781778494],[38.86320607322821,55.890592129738295],[38.966712626981646,55.85727967565711],[38.98455858452573,55.85727967565711],[39.00478400307476,55.84657210112981],[39.01668130810382,55.8441926401238],[39.02976834363624,55.83943371811347],[39.01430184709808,55.823967221575046],[38.996455889554795,55.820398030066826],[38.97742020150744,55.80850072503741],[38.965522896478376,55.8025520725223],[38.947676938935096,55.8025520725223],[38.93815909491187,55.78589584548078],[38.944107747425996,55.77518827095534],[38.941728286420165,55.7549628524057],[38.9226925983737,55.734737433856054],[38.890569874794636,55.73949635586727],[38.88581095278306,55.731168242347835],[38.89651852730965,55.71927093731753],[38.88938014429216,55.70499417128299],[38.90603637133289,55.70499417128299],[38.93815909491187,55.68952767474457],[38.994076428548965,55.67763036971613],[39.02857861313297,55.664543334184586],[39.06308079771769,55.64907683764616],[39.11304947883995,55.65978441217337],[39.145172202418834,55.664543334184586],[39.18919223102687,55.664543334184586],[39.20703818857015,55.664543334184586],[39.20856318009268,55.66490215571933],[39.24748902566981,55.67406117820791],[39.26890417472219,55.68119956122425],[39.302216628803635,55.68595848323635],[39.32363177785611,55.70142497977398],[39.35813396244073,55.69785578826577],[39.372410728475714,55.71451201530631],[39.48305566524674,55.72521958983273],[39.505660544802396,55.71808120681453],[39.511609197316524,55.72640932033573],[39.530644885363074,55.71808120681453],[39.529455154860514,55.70142497977398],[39.57347518346856,55.68119956122425],[39.60559790704673,55.69071740524757],[39.619874673081625,55.666922795189706],[39.681740659233654,55.64550764613794],[39.71743257432102,55.64193845462982],[39.73051960985336,55.63361034110862],[39.73051960985336,55.60505680903866],[39.7531244894083,55.594349234511355],[39.77334990795812,55.587210851495016],[39.845923468635945,55.6193335750731],[39.8613899651734,55.61219519205677],[39.92206622082216,55.6205233055762],[39.9558927559854,55.6154412468841],[39.99277440157604,55.626148821410425],[40.02489712515492,55.633287204428626],[40.02846631666323,55.659461275493385],[40.02251766414909,55.68444561605335],[40.00705116761084,55.695153190579774],[39.98206682704945,55.701101843094875],[39.97492844403196,55.7177580701364],[39.894026769834085,55.7546397157257],[39.9106829968749,55.76891648176113],[39.93090841542472,55.774865134276325],[39.9106829968749,55.787952169807774],[39.898785691845745,55.847438694953794],[39.915441918886465,55.864094921993456],[39.929718684921355,55.8950279150704],[39.95351329497957,55.91882252512826],[39.967790061014554,55.9354787521697],[39.97886951489033,55.95422859718923],[39.96567498456501,55.96429666879613],[39.94425983551254,55.977383704327664],[39.91927549495115,55.984522087344004],[39.906188459419525,56.02140373293606],[39.92879333897438,56.053526456514234],[39.89429115439046,56.05233672601025],[39.88358357986387,56.060664839530574],[39.88001438835548,56.08564918009232],[39.860978700308216,56.09040810210354],[39.841943012261574,56.0832697190872],[39.81457921069514,56.07970052757722],[39.7919743311394,56.08564918009232],[39.78602567862527,56.09635675461865],[39.75747214655469,56.09992594612686],[39.7539029550463,56.077321066572004],[39.722969961970676,56.08089025808022],[39.707503465432424,56.09397729361353],[39.703934273924126,56.11658217316838],[39.709882926438254,56.15465354926167],[39.709882926438254,56.18558654233675],[39.675380741853544,56.18915573384585],[39.66586289783031,56.217709265915815],[39.686088316380136,56.224847648933036],[39.66520193644033,56.24256141419937],[39.64021759587885,56.25564844973091],[39.614043524814804,56.24851006671449],[39.59738729777408,56.24851006671449],[39.57835160972753,56.25326898872481],[39.567644035200935,56.274684137777555],[39.54146996413698,56.28539171230388],[39.53195212011366,56.27825332928754],[39.52600346759873,56.288960903813866],[39.50220885754051,56.29728901733418],[39.47722451697903,56.30204793934442],[39.46413748144741,56.31394524437384],[39.4677066729558,56.33417066292348],[39.45224017641834,56.33655012393047],[39.459378559435834,56.350826889964125],[39.44272233239511,56.350826889964125],[39.428445566360125,56.337739854432584],[39.416548261330355,56.337739854432584],[39.411789339318695,56.32227335789416],[39.37966661574052,56.315134974877736],[39.36301038869979,56.30442740035052],[39.35111308367064,56.31394524437384],[39.32612874310916,56.31037605286563],[39.31542116858257,56.30204793934442],[39.278539522992816,56.29847874783719],[39.29162655852444,56.31632470538082],[39.29281628902771,56.33179120191748],[39.2583141044429,56.32703227990715]]]]}}]}
