{"type":"FeatureCollection","features":[{"type":"Feature","properties":{"kind":"province","id":"vologda","name":"Вологодская губерния"},"geometry":{"type":"MultiPolygon","coordinates":[[[[48.50041862556618,59.57960179513656],[48.52575977270449,59.56117493375491],[48.562641418295044,59.55165708973159],[48.59000521986155,59.550467359227696],[48.64830201450448,59.51834463564863],[48.7732237173112,59.48979110357867],[48.82081293742753,59.47670406804714],[48.86721242704141,59.45647864949838],[48.95644221475996,59.4505299969823],[49.05162065499272,59.45171972748538],[49.111107180139015,59.470755415532025],[49.142040173214625,59.4659964935217],[49.17773208830191,59.4588581105035],[49.23126996093326,59.48741164257346],[49.2859975640671,59.48741164257346],[49.28837702507283,59.46718622402382],[49.36095058575076,59.47432460704202],[49.40259115335296,59.488601373076555],[49.46564687000755,59.48979110357867],[49.491820941071595,59.48979110357867],[49.52037447314139,59.49930894760199],[49.52156420364466,59.51001652212832],[49.51323609012398,59.51834463564863],[49.52751285615888,59.53975978470129],[49.56320477124606,59.56831331677125],[49.610793991363295,59.576641430291566],[49.62982967940984,59.5944873878361],[49.73690542467247,59.58377981330977],[49.82732494289358,59.58259008280579],[49.87967308502158,59.58972846582399],[49.90941634759473,59.596866848841216],[49.922503383127065,59.60995388437452],[49.957005567711064,59.61471280638574],[49.987938560787484,59.62898957242116],[50.146172717674844,59.63017930292239],[50.158070022703996,59.652784182479024],[50.241351157907694,59.65992256549627],[50.19852085980284,59.68252744505208],[50.14260352616654,59.70037340259563],[50.14498298717237,59.720598821145366],[50.29013010852722,59.76223938874678],[50.33177067612942,59.74915235321533],[50.32939121512369,59.71821936013838],[50.26514576796653,59.69799394158865],[50.24848954092582,59.68133771454899],[50.26871495947492,59.677768523039],[50.29369930003641,59.68847609756533],[50.307976066071305,59.670630140022666],[50.43884642139214,59.70632205510896],[50.45193345692448,59.76104965824466],[50.55425028017474,59.79317238182186],[50.7303303946061,59.808638878361265],[50.93139484959893,59.84076160193944],[50.967086764686215,59.825295105400926],[51.006347871282586,59.82648483590491],[51.05750628290812,59.84433079344757],[51.032521942346634,59.86336648149421],[51.04085005586731,59.876453517027514],[51.075352240451394,59.87526378652451],[51.1003365810128,59.878832978032726],[51.157443645152455,59.92880165915534],[51.191945829737264,59.953785999715315],[51.26213992940926,59.99542656731859],[51.30615995801729,59.99066764530649],[51.32876483757215,59.99423683681559],[51.344231334110404,60.007323872347115],[51.42394327780572,59.98947791480348],[51.57028012966393,59.94664761669898],[51.5952644702255,59.88002270853573],[51.6476126123535,59.87764324752963],[51.66188937838919,59.889540552559055],[51.698771023978935,59.89310974406726],[51.77372404566269,59.94307842519076],[51.78086242868008,59.953785999715315],[51.79870838622416,59.963303843738636],[51.83321057080889,59.99066764530649],[51.87723059941621,60.016841716370436],[51.90459440098344,60.045395248441295],[51.94028631607071,60.08822554654482],[51.99739338021118,60.13938395817053],[52.0592593663625,60.15841964621717],[52.08781289843229,60.22028563236831],[52.20678594872406,60.25121862544526],[52.25675462984614,60.24764943393704],[52.29006708392768,60.25359808645038],[52.335276843039,60.23456239840374],[52.387624985166994,60.245269972930146],[52.41974770874597,60.2226650933753],[52.428075822265924,60.200060213820436],[52.468526659365665,60.17983479527079],[52.622001894241365,60.17031695124747],[52.93728047751344,60.15128126320083],[53.321563429955205,60.15009153269783],[53.442915941252735,60.15722991571416],[53.45600297678507,60.19292183080233],[53.4893154308666,60.21909590186717],[53.4607619,60.28572081],[53.45243379,60.30118731],[53.45362352,60.32022299],[53.41674187,60.44633443],[53.45362352,60.51057988],[53.60233983,60.51652853],[53.701087460000004,60.52247718],[53.73202045,60.52842583],[53.68443123,60.60218912],[53.69037989,60.624794],[53.75105614,60.655727],[53.79031725,60.68903945],[53.82243997,60.71283406],[53.981863860000004,60.76280274],[54.035401730000004,60.76280274],[54.12820071,60.756854090000004],[54.19601535,60.753284900000004],[54.26264026,60.755664360000004],[54.425633340000005,60.76280274],[54.71711731,60.750905440000004],[55.02763697,60.73662867],[55.151368940000005,60.72711083],[55.16802517,60.78183843],[55.251306310000004,60.81872008],[55.33934636,60.815150880000004],[55.35957178,60.84251469],[55.32744906,60.85679145],[55.29175714,60.88772444],[55.422627500000004,60.88772444],[55.478544830000004,60.88415525],[55.59751788,60.89129364],[55.69031686,60.90081148],[55.755752040000004,60.89843202],[55.85093048,60.90081148],[55.88067374,60.93174447],[56.13051715,60.926985550000005],[56.23640316,60.991231],[56.35537621,61.080460790000004],[56.44936492,61.15779327],[56.48267738,61.1708803],[56.50171306,61.19348518],[56.54573309,61.20300303],[56.6551883,61.198244110000005],[56.6825521,61.2018133],[56.65756776,61.21252087],[56.59332231,61.23274629],[56.50409253,61.29342255],[56.46840061,61.33506311],[56.41129355,61.364806380000005],[56.3470481,61.4123956],[56.32682268,61.4671232],[56.34109945,61.49210754],[56.38392974,61.52066107],[56.45769304,61.590855170000005],[56.52312821,61.65272116],[56.59451204,61.66461846],[56.63615261,61.74433041],[56.70872617,61.756227710000005],[56.753935930000004,61.76098663],[56.7408489,61.82047316],[56.7253824,61.859734270000004],[56.751556470000004,61.863303460000004],[56.77416135,61.86925211],[56.76583324,61.89899537],[56.85625275,61.94777432],[56.920498200000004,61.971568930000004],[57.04423017,61.973948390000004],[57.12513185,61.99536354],[57.20484379,62.05128088],[57.29526331,62.140510660000004],[57.34642172,62.21546369],[57.529640220000005,62.21903288],[57.95318428,62.2356891],[58.20778661,62.246396680000004],[58.855000000000004,62.26186318],[59.45819336,62.27495021],[59.50578258,62.31778051],[59.57240749,62.35347242],[59.58787399,62.40225137],[59.578356140000004,62.44151248],[59.58787399,62.48434278],[59.57121776,62.51408604],[59.49507501,62.53431146],[59.44867552,62.56167526],[59.44034741,62.59855691],[59.465331750000004,62.64138721],[59.39989657,62.66756128],[59.3856198,62.70444292],[59.412983600000004,62.7425143],[59.42325211,62.79825282],[59.42206238,62.867257190000004],[59.454185100000004,62.88867234],[59.455374830000004,62.92079506],[59.4268213,62.95886643],[59.38161154,62.95886643],[59.33402232,62.95291778],[59.236464420000004,62.99098916],[59.16032167,63.033819460000004],[59.14247571,63.06356272],[59.15794221,63.095685440000004],[59.22337739,63.12661844],[59.36257585,63.263437440000004],[59.37923208,63.31102666],[59.43039049,63.34076993],[59.44585699,63.378841300000005],[59.46846187,63.40858456],[59.47441052,63.43475864],[59.50296405,63.45260459],[59.514861360000005,63.487106780000005],[59.50058459,63.51209112],[59.5398457,63.62392579],[59.55055327,63.707206920000004],[59.53032786,63.74884749],[59.563640310000004,63.82261078],[59.514861360000005,63.88328704],[59.510102440000004,63.9130303],[59.54341489,63.93206599],[59.53151759,63.96061952],[59.58743492,63.93563518],[59.68499282,63.91422003],[59.736151230000004,63.96061952],[59.7623253,64.00701901000001],[59.81824264,64.03914173],[59.894385390000004,64.07364392],[59.90866216,64.1081461],[59.88843674,64.14502775],[59.82300156,64.15216613],[59.69332093,64.17358128000001],[59.64454198,64.20808346],[59.6374036,64.24734457],[59.64335225,64.28898514000001],[59.671905790000004,64.3341949],[59.676664710000004,64.39368142000001],[59.65405983,64.44483983],[59.65524956,64.46387552],[59.674285250000004,64.49123932],[59.70640797,64.51146474000001],[59.731392310000004,64.53763881],[59.76589449,64.54953612],[59.82895021,64.56738207000001],[59.86226267,64.58284857],[59.8908162,64.63162752],[59.90985189,64.66850917000001],[59.94316434,64.70301135],[59.96338976,64.74584165],[59.983359796136796,64.78890092361327],[59.90364785244148,64.77938307958995],[59.80490022069952,64.77105496606963],[59.70972178046604,64.76748577455965],[59.65618390783469,64.75082954751998],[59.57290277263107,64.74607062550876],[59.4182378072521,64.74726035600999],[59.3623204736149,64.7603473915433],[59.25762418935811,64.78652146260629],[59.14222033057551,64.80079822864171],[59.05061108185113,64.79603930662961],[58.968519677149985,64.77581388808173],[58.8947563859696,64.76867550506361],[58.84002878283498,64.77700361858297],[58.66513839890689,64.80912634216291],[58.418864184803454,64.82340310819656],[58.21304080779905,64.81150580316803],[57.81448108932247,64.76272685254843],[57.58605283276222,64.71632736293482],[57.29456885954828,64.6663586818122],[57.07803790801799,64.61282080918227],[56.841281537937874,64.5342985959896],[56.584299749307846,64.43674069475038],[56.492690500583464,64.396289857651],[56.2821082015674,64.30824980043599],[56.12744323618834,64.23567623975666],[55.86808198655336,64.11551345896258],[55.733642439723326,64.03104259325667],[55.63722023154051,63.974921440522856],[55.51110879823132,63.91900410688682],[55.39451520894626,63.87498407827843],[55.32194164826835,63.83572297168214],[55.25650647060793,63.81192836162428],[55.023319292036106,63.72269857390617],[54.832962411569866,63.658453126748135],[54.63903633959451,63.596587140596995],[54.542668168858384,63.57755145255035],[54.39871077800592,63.55732603400061],[54.23928689061529,63.532341693438866],[54.09413976925964,63.532341693438866],[54.016807286570156,63.527582771427646],[53.93947480388067,63.54423899846731],[53.87879854823191,63.54661845947429],[53.820501753588886,63.53115196293586],[53.771722802969194,63.50497789187288],[53.656318944186594,63.46928597678472],[53.462392872211254,63.440732444714754],[53.26965653073917,63.41455837364991],[53.16377051597982,63.40147133811846],[53.029330969150664,63.38838430258693],[52.90321953584149,63.38005618906661],[52.81042055661375,63.40266106862147],[52.740226456941755,63.427645409183214],[52.730708612918434,63.446681097229856],[52.647427477714814,63.518064927404325],[52.54154146295545,63.57279253053727],[52.48562412931835,63.588259027076674],[52.24648829823241,63.62514067266696],[52.12751524794072,63.62870986417508],[51.81223666466856,63.614433098139656],[51.65400250778039,63.62276121165997],[51.44579966977007,63.66321204875926],[51.37322610909224,63.69295531133321],[51.197145994660886,63.77028779402278],[51.01392749721204,63.836912702185145],[50.874729028371235,63.89283003582295],[50.64407471912819,64.09431228369334],[50.56793196694197,64.16807557487478],[49.96116941045507,64.29537673868705],[49.85290393468988,64.2204237170026],[49.86004231770737,64.19543937644264],[49.58521457153414,64.06218956011524],[49.381770655535476,64.04553333307372],[49.2413824561913,64.0360154890504],[49.13549644143204,64.05981009910914],[49.068871533269146,64.05029225508582],[49.035559079186896,64.05505117709704],[48.91777575939848,64.083604709167],[48.830925432685675,64.08836363118009],[48.645327474230996,64.12762473777539],[48.60963555914371,64.12405554626639],[48.59654852361139,64.15736800034846],[48.558477147518275,64.15379880884024],[48.523974962933465,64.1359528512967],[48.49780089186952,64.14785015632513],[48.4216581396833,64.13833231230181],[48.372879189063596,64.16093719185658],[48.45259113275891,64.2632540151072],[48.45378086326147,64.29537673868705],[48.46329870728471,64.33106865377336],[48.29554670637411,64.33939676729376],[47.88508968286848,64.3548632638321],[47.65547169580576,64.3631913773533],[47.38302341063837,64.34534541980878],[47.23073790626523,64.34296595880366],[46.92735662802133,64.33106865377336],[46.75008678308751,64.27634105063953],[46.716774329005176,64.28942808617185],[46.65014942084228,64.2632540151072],[46.4193417032771,64.27277185913051],[46.15403180112631,64.29299727768097],[46.00158853642175,64.2535930987833],[45.768401357850024,64.19410657363828],[45.911169018199935,64.04301079976726],[46.01824476346256,64.0192161897094],[46.18480703387068,63.96210912556849],[46.26213951656017,63.94664262903193],[46.39657906338932,63.94664262903193],[46.56671052530654,63.89786367841223],[46.796328512369165,63.83004903974597],[46.91887075416925,63.786029011137586],[47.02036214635005,63.76496093481637],[47.09174597652532,63.71261279268678],[47.13576600513265,63.66859276407918],[47.13814546613839,63.650746806535636],[47.15480169317911,63.62933165748378],[47.17145792022063,63.585311628876276],[47.1655092677057,63.5496197137882],[47.13576600513265,63.52463537322636],[47.065571905460565,63.487753727637056],[47.04058756489988,63.4556310040571],[47.03820810389405,63.42231854997681],[47.048915678419846,63.36759094684112],[47.10245355105111,63.32000172672451],[47.15837088468821,63.27955088962611],[47.13576600513265,63.27360223711189],[47.09174597652532,63.27241250660791],[46.958496160198735,63.28193035063123],[46.8514204149361,63.28074062013],[46.745534400176744,63.27955088962611],[46.67534030050475,63.29144819465455],[46.607525661838494,63.27717142862001],[46.63369973290246,63.23196166951038],[46.49688072506748,63.246238435544925],[46.431445547407144,63.2295822085034],[46.35887198672923,63.20102867643344],[46.15899726223975,63.22363355599007],[46.02812690691891,63.23910005252672],[45.91629223964462,63.248617896550044],[45.833011104441,63.24385897453794],[45.719986706663434,63.21173625095976],[45.47490222306327,63.14868053430561],[45.30833995265524,63.105850236201114],[45.30358103064358,63.0594507465876],[45.3238064491934,63.03565613652788],[45.30596049164941,62.97854907238795],[45.291683725614426,62.90240632020236],[45.20602312940427,62.846488986564545],[45.09180900112494,62.84054033405121],[45.00733813541797,62.81317653248425],[44.89907265965207,62.775105156390964],[44.83839640400411,62.75012081582824],[44.616430881039875,62.7319810976669],[44.54147785935616,62.72365298414658],[44.47247349018735,62.72246325364358],[44.41298696504114,62.72603244515357],[44.385623163474634,62.67725349453396],[44.355879900901485,62.63918211844067],[44.309480411287616,62.57731613228766],[44.285685801229405,62.54281394770348],[44.265460382680374,62.47856850054722],[44.23571712010723,62.45477389048847],[44.17504086445847,62.44882523797425],[44.14053867987376,62.4190819754003],[44.12745164434213,62.39290790433733],[44.04892943114929,62.40242574836065],[43.988253175500525,62.40837440087398],[43.94185368588745,62.440497124453934],[43.86452120319797,62.46310200400879],[43.80265521704594,62.440497124453934],[43.74316869190045,62.41551278389218],[43.71461515983057,62.41313332288608],[43.65155944317607,62.40480520936577],[43.62419564160875,62.39052844333132],[43.549242619925096,62.359595450254375],[43.539724775901774,62.344128953717714],[43.5563810029425,62.32866245717831],[43.56351938595991,62.30724730812655],[43.5599501944516,62.28940135058291],[43.545673428416706,62.25846835750694],[43.5742269604865,62.23586347795208],[43.6122983365796,62.21563805940244],[43.694389741280744,62.17280776129705],[43.79551683402845,62.10737258363769],[43.8669006642038,62.10142393112258],[43.973976409465635,62.01695306541481],[44.06915484969911,61.95865627077178],[44.0798624242249,61.94318977423522],[44.0798624242249,61.92891300819882],[44.039411587126054,61.896790284620735],[43.987063444997965,61.87775459657409],[43.77053249346696,61.84563187299591],[43.71461515983057,61.808750227404744],[43.58731399601812,61.78138642583778],[43.46120256270973,61.75283289376782],[43.363644661470424,61.73141774471517],[43.32200409386813,61.71119232616543],[43.28274298727255,61.68977717711367],[43.25299972469941,61.673120950072146],[43.25062026369366,61.657654453535585],[43.25418945520197,61.63267011297286],[43.25180999419614,61.61839334693921],[43.22087700112051,61.6053063114059],[43.13997532692264,61.58032197084592],[43.103093681332005,61.56247601330139],[43.092386106805506,61.54700951676297],[43.06502230523898,61.53987113374663],[42.97698224802291,61.53749167273965],[42.925823836397385,61.53511221173453],[42.85325027571956,61.50061002715025],[42.783056176047566,61.44707215451854],[42.75212318297186,61.443502963010324],[42.72000045939288,61.42208781395856],[42.68668800531144,61.40781104792225],[42.67003177827071,61.40900077842525],[42.65218582072752,61.39234455138559],[42.636719324189265,61.38163697685927],[42.617683636142715,61.37568832434407],[42.609355522621954,61.33404775674266],[42.586750643067006,61.31620179919814],[42.55224845848229,61.2971661111515],[42.55224845848229,61.31977099070626],[42.5379716924474,61.32690937372446],[42.54273061445897,61.3399964092559],[42.50703869937169,61.356652636297426],[42.458259748752084,61.367360210822866],[42.41304998964157,61.36379101931563],[42.29050774784069,61.39948293440193],[42.1608271230232,61.433985118987],[42.13346332145589,61.45777972904486],[42.112048172403505,61.46372838156006],[42.064458952287076,61.45896945954884],[42.05256164725802,61.450641346028526],[42.03709515071985,61.4399337715022],[41.97760862557436,61.426846735968894],[41.931209135960486,61.39829320389893],[41.84911773125934,61.36854994132587],[41.80509770265131,61.36617048032075],[41.769405787564025,61.38163697685927],[41.731334411470925,61.36617048032075],[41.644484084758204,61.38044724635529],[41.62306893570582,61.40305212591192],[41.59451540363514,61.41256996993524],[41.59451540363514,61.432795388483996],[41.615930552688326,61.450641346028526],[41.62663812721412,61.4827640696067],[41.68969384386871,61.54463005575785],[41.738472794488416,61.5708041268226],[41.82651285170369,61.61363442492622],[41.774164709575686,61.67074148906703],[41.73658922074823,61.68101561557161],[41.68543081,61.66911831],[41.62118536,61.67625669],[41.499832850000004,61.66197993],[41.49269447,61.64651343],[41.42725929,61.62152909],[41.39275711,61.60368313],[41.35111654,61.59178583],[41.32494247,61.56680149],[41.30709651,61.54538634],[41.185744,61.48708954],[41.17503642,61.46924359],[41.165518580000004,61.43593113],[41.13934451,61.413326250000004],[41.09175529,61.40023922],[41.04892499,61.37406515],[41.01442281,61.37406515],[40.98943846,61.38239326],[40.93709032,61.36930622],[40.90139841,61.36930622],[40.87879353,61.38953164],[40.833583770000004,61.404998140000004],[40.79670212,61.40142895],[40.73364641,61.407377600000004],[40.67772907,61.407377600000004],[40.63489878,61.38834191],[40.60991443,61.38715218],[40.57779171,61.410946790000004],[40.53615114,61.407377600000004],[40.56708414,61.37049595],[40.59563767,61.355029460000004],[40.60991443,61.33480404],[40.56589441,61.28602509],[40.559945750000004,61.23486668],[40.56232521,61.21107207],[40.53020249,61.192036380000005],[40.51354626,61.17894934],[40.502838690000004,61.15872392],[40.48737219,61.1420677],[40.498079770000004,61.12541147],[40.53020249,61.11589363],[40.561135480000004,61.09804767],[40.61586309,61.06354548],[40.6122939,61.03618168],[40.61824255,61.01000761],[40.58730955,60.9743157],[40.5420998,60.97193624],[40.5111668,60.969556770000004],[40.49213111,60.95528001],[40.45524947,60.96360812],[40.42431648,60.97312597],[40.40528079,60.986213],[40.387434830000004,61.00405896],[40.35769157,61.019525460000004],[40.33746615,61.04332007],[40.28154882,61.080201710000004],[40.24109798,61.10280659],[40.2030266,61.12065255],[40.16138603,61.12779093],[40.10903789,61.14682662],[40.08881247,61.15515473],[40.09476113,61.1694315],[40.07929463,61.17419042],[40.06620759,61.16705204],[40.04717191,61.17300069],[40.01029026,61.17538015],[39.98649565,61.16110339],[39.95556266,61.14801635],[39.96389077,61.13730878],[39.9377167,61.12303201],[39.9377167,61.10161686],[39.9103529,61.08971956],[39.8829891,61.04332007],[39.86871233,61.019525460000004],[39.85324583,61.0016795],[39.85681503,60.97788489],[39.84610745,60.96241839],[39.86633287,60.95409028],[39.88179937,60.93862378],[39.89607613,60.92910594],[39.89275714,60.91974408],[39.88204956,60.90308786],[39.88204956,60.892380280000005],[39.88680848,60.87453432],[39.88918794,60.84836025],[39.91060309,60.83884241],[39.91060309,60.82337591],[39.923690130000004,60.81623753],[39.91179282,60.78887373],[39.88204956,60.75794073],[39.84278845,60.74009478],[39.82018358,60.72819747],[39.7940095,60.722248820000004],[39.815424650000004,60.71273097],[39.84992684,60.70321313],[39.86539333,60.68060825],[39.89037767,60.67228014],[39.89037767,60.66395202],[39.91179282,60.66038283],[39.89632633,60.65205472],[39.88204956,60.64372661],[39.89751606,60.6318293],[39.921310670000004,60.609224420000004],[39.94510528,60.59613739],[39.98793558,60.59375792],[39.99745342,60.57234278],[39.99745342,60.54259951],[40.01410965,60.53546113],[40.05456048,60.52832275],[40.05812968,60.498579480000004],[40.05218102,60.48549245],[40.02957614,60.4759746],[40.04385291,60.448610800000004],[39.98912531,60.43909296],[39.920120940000004,60.42243673],[39.9058154,60.34981333],[39.8190154,60.366513330000004],[39.7988154,60.36061333],[39.697615400000004,60.38551333],[39.6286154,60.393913330000004],[39.6251154,60.37481333],[39.5941154,60.377213330000004],[39.5608154,60.34751333],[39.5370154,60.34751333],[39.5215154,60.328413330000004],[39.5323154,60.32611333],[39.4978154,60.29041333],[39.4430154,60.29041333],[39.4240154,60.26781333],[39.4395154,60.253513330000004],[39.3835154,60.24871333],[39.3597154,60.26661333],[39.3300154,60.264213330000004],[39.3122154,60.268913330000004],[39.258615400000004,60.25711333],[39.258615400000004,60.23331333],[39.1860154,60.20831333],[39.1408154,60.25591333],[39.1004154,60.253513330000004],[39.0778154,60.22491333],[39.0385154,60.19281333],[38.9695154,60.172613330000004],[38.9505154,60.10601333],[38.9755154,60.091713330000005],[39.0040154,60.075013330000004],[39.0100154,60.021513330000005],[39.0112154,59.96081333],[39.0254154,59.94181333],[39.0433154,59.92041333],[39.0409154,59.90011333],[39.0671154,59.87511333],[39.09321755,59.846605180000005],[39.04447929,59.84422771],[38.98618249,59.82519202],[38.96119815,59.80734606],[38.91955758,59.81091525],[38.89338351,59.7895001],[38.89219378,59.76808496],[38.93621381,59.77046442],[38.95049058,59.75142873],[38.96833654,59.74429035],[38.96476734,59.73120331],[38.979044110000004,59.70859843],[38.94692139,59.69551139],[38.91955758,59.69551139],[38.924316510000004,59.669337320000004],[38.93383435,59.64673244],[38.979044110000004,59.6372146],[38.979044110000004,59.615799450000004],[39.00283872,59.60390215],[38.96476734,59.558692390000004],[38.93621381,59.56464104],[38.88981432,59.54798481],[38.8850554,59.53013885],[38.86364025,59.5241902],[38.86482998,59.51586209],[38.88981432,59.50872371],[38.89338351,59.4968264],[38.92907543,59.500395590000004],[38.96952627,59.49444694],[38.984992760000004,59.47779071],[38.94573166,59.47184206],[38.89933217,59.47065233],[38.83865591,59.46708314],[38.79582561,59.46589341],[38.7245446,59.47002074],[38.638884,59.46764128],[38.6115202,59.45455425],[38.61627912,59.43194937],[38.68766295,59.39863691],[38.68647322,59.3784115],[38.70193972,59.368893650000004],[38.71740622,59.3474785],[38.743580290000004,59.3474785],[38.76261597,59.34509904],[38.83043061,59.35104769],[38.86374307,59.35580662],[38.86374307,59.34152985],[38.87088145,59.33320174],[38.81734358,59.3046482],[38.82448196,59.2927509],[38.855414950000004,59.29156117],[38.855414950000004,59.27847413],[38.81615385,59.25586925],[38.804256540000004,59.25467952],[38.79116951,59.2653871],[38.77332355,59.2653871],[38.73287271,59.25348979],[38.70074999,59.2499206],[38.65554023,59.2225568],[38.635314810000004,59.21303896],[38.62222777,59.21184923],[38.60438182,59.19638273],[38.59129478,59.18567515],[38.578207750000004,59.1678292],[38.55084394,59.15474216],[38.54013637,59.16663947],[38.50801365,59.15593189],[38.47708065,59.13927566],[38.46161416,59.12380917],[38.44495793,59.10239402],[38.44019901,59.0821686],[38.44138874,59.0667021],[38.42354278,59.06908156],[38.410455750000004,59.05837399],[38.41402494,59.040528030000004],[38.39379952,59.034579380000004],[38.40745708,59.01224246],[38.45742576,59.01581165],[38.51215337,59.021760300000004],[38.52880959,59.01343219],[38.52761986,58.99915542],[38.55855286,58.98725811],[38.5835372,58.99320677],[38.58234747,59.00748353],[38.62398803,59.00391434],[38.62517776,58.99558623],[38.67871564,59.00510407],[38.7203562,58.99201704],[38.74772001,58.99320677],[38.82862168,58.99201704],[38.84170872,59.00510407],[38.86669306,58.99915542],[38.85598548,58.97655054],[38.86312387,58.969412160000005],[38.879780090000004,58.968222430000004],[38.88453901,58.97298135],[38.90238497,58.968222430000004],[38.90119524,58.96227377],[38.91547201,58.96227377],[38.92974877,58.968222430000004],[38.94045635,58.964653240000004],[38.94164608,58.95513539],[38.96306123,58.94799701],[38.97614826,58.94918674],[38.985666110000004,58.95632512],[38.99994287,58.95870458],[39.02373748,58.93847916],[39.08560347,58.93372024],[39.11653646,58.94680728],[39.153418110000004,58.94680728],[39.16650514,58.93490997],[39.1843511,58.9360997],[39.19743814,58.92063321],[39.20457652,58.93253051],[39.22242248,58.93015105],[39.22242248,58.92063321],[39.24145817,58.91825375],[39.25811439,58.89564887],[39.28547819,58.8968386],[39.30689334,58.88732075],[39.321170110000004,58.8968386],[39.3247393,58.912305090000004],[39.33306741,58.91944348],[39.373518250000004,58.911115360000004],[39.39017448,58.88494129],[39.41991774,58.89921806],[39.45323019,58.89921806],[39.46988642,58.88613102],[39.49606049,58.88018237],[39.51509618,58.88732075],[39.53770106,58.88732075],[39.55911621,58.8968386],[39.57458271,58.8968386],[39.58291082,58.88732075],[39.59123893,58.8968386],[39.60793471,58.89801943],[39.60913471,58.890919430000004],[39.61863471,58.88971943],[39.62693471,58.89321943],[39.66853471,58.87781943],[39.67333471,58.863519430000004],[39.72093471,58.842119430000004],[39.72563471,58.831419430000004],[39.75303471,58.82901943],[39.77803471,58.83501943],[39.80183471,58.836119430000004],[39.83993471,58.820719430000004],[39.83753471,58.80281943],[39.85893471,58.793319430000004],[39.86373471,58.77671943],[39.88863471,58.75881943],[39.94223471,58.75641943],[39.99933471,58.74931943],[40.011234710000004,58.75881943],[40.02433471,58.75881943],[40.03503471,58.729119430000004],[40.03623471,58.701719430000004],[40.05523471,58.68741943],[40.07663471,58.67671943],[40.05283471,58.67081943],[40.06953471,58.66011943],[40.09333471,58.65531943],[40.10643471,58.66011943],[40.10753471,58.669619430000004],[40.12063471,58.663619430000004],[40.15283471,58.64581943],[40.13253471,58.62321943],[40.11593471,58.60531943],[40.13513471,58.589119430000004],[40.17203471,58.58081943],[40.18513471,58.57251943],[40.22433471,58.54991943],[40.299334710000004,58.55821943],[40.34453471,58.53441943],[40.39573471,58.53441943],[40.40523471,58.55111943],[40.42903471,58.53681943],[40.55273471,58.55111943],[40.576534710000004,58.54511943],[40.61813471,58.58201943],[40.678834710000004,58.59151943],[40.77163471,58.58681943],[40.88463471,58.58801943],[40.89773471,58.573719430000004],[40.931066423688506,58.573701916882754],[40.94313357124739,58.581825722713816],[41.003809826896145,58.58896410573193],[41.010948209913636,58.602051141263466],[41.045450394498445,58.60681006327468],[41.071624465562394,58.61870736830499],[41.087090962100646,58.619897098807996],[41.10374718914129,58.63655332584854],[41.10374718914129,58.656778744398274],[41.13586991271946,58.66153766640949],[41.13943910422856,58.68414254596426],[41.16085425328103,58.69366038998758],[41.1763207498192,58.723403652560634],[41.18107967183086,58.74719826261938],[41.152526139760184,58.78526963871266],[41.13705964322282,58.80668478776532],[41.16085425328103,58.80668478776532],[41.16680290579596,58.81858209279385],[41.188218054848264,58.81977182329685],[41.20368455138571,58.809064248770525],[41.238186735970515,58.812633440280514],[41.170372097304266,58.8399972418465],[41.093039614614696,58.84832535536681],[41.052588777515844,58.85784319939013],[41.08590123159729,58.87449942643157],[41.1204034161821,58.886396731460096],[41.13943910422856,58.91376053302795],[41.15609533126937,58.9292270295646],[41.17870021082503,58.96134975314455],[41.21558185641477,58.96610867515479],[41.24651484949128,58.988713554710536],[41.24651484949128,58.99852515935253],[41.28507093060371,58.991386776335304],[41.32671149820592,58.96402297476746],[41.370731526813955,58.96402297476746],[41.38500829284885,58.9842483933171],[41.48018673308162,59.013991655890074],[41.52896568370123,59.03064788293071],[41.520637570181265,59.047304109972146],[41.5610884072802,59.04968357097824],[41.62295439343153,59.07347818103521],[41.65269765600458,59.075857642041214],[41.68957930159522,59.08061656405332],[41.72051229467083,59.086565216568516],[41.72051229467083,59.091324138579736],[41.69433822360688,59.097272791094845],[41.708614989641774,59.11511874863848],[41.750255557243975,59.117498209644495],[41.80974208238947,59.11630847914149],[41.85614157200334,59.09013440807664],[41.893023217593885,59.081806294556415],[41.93228432418947,59.085375486064535],[41.93228432418947,59.10560090461516],[41.91919728865784,59.11511874863848],[41.95132001223611,59.12939551467302],[41.98463246631826,59.11630847914149],[42.00842707637648,59.117498209644495],[42.053636835487076,59.13534416718813],[42.028652494925595,59.152000394227784],[42.03341141693716,59.16270796875411],[42.051257374481246,59.167466890766306],[42.07981090655103,59.15675931624078],[42.11907201314741,59.160328507748105],[42.11193363012992,59.17460527378442],[42.14048716219979,59.18650257881295],[42.173799616281244,59.18769230931595],[42.185696921310395,59.21386638038071],[42.1571433892406,59.237660990437675],[42.188076382316225,59.2495582954671],[42.226147758410036,59.240040451443775],[42.26897805651481,59.248368564964004],[42.28801374456136,59.267404253010646],[42.31180835461957,59.285250210555176],[42.342741347695195,59.28762967156038],[42.362966766245016,59.30071670709369],[42.42364302189378,59.30071670709369],[42.458145206478584,59.255506947982205],[42.48669873854837,59.255506947982205],[42.514062540114885,59.261455600497314],[42.54856472469969,59.25669667848521],[42.636604781915764,59.30904482061303],[42.68300427152884,59.306665359607024],[42.70917834259359,59.30190643759492],[42.68657346303794,59.26026586999342],[42.74130106617177,59.237660990437675],[42.775803250756574,59.2150561108838],[42.80078759131797,59.191261500824076],[42.82339247087292,59.18293338730385],[42.84123842841691,59.19602042283627],[42.87574061300171,59.19839988384228],[42.87812007400754,59.17579500428742],[42.906673606077334,59.18055392629775],[42.91619145010056,59.19958961434439],[42.91976064160895,59.22100476339713],[42.938796329656306,59.20434853635739],[42.99233420228687,59.20672799736259],[42.99947258530427,59.22457395490712],[43.01374935133996,59.22457395490712],[43.04944126642724,59.20910745836771],[43.064907762964694,59.228143146414354],[43.063718032462134,59.243609642953764],[43.082753720508684,59.26026586999342],[43.15532728118651,59.266214522508534],[43.12915321012255,59.28762967156038],[43.13510186263669,59.30071670709369],[43.17555269973642,59.29952697658971],[43.16960404722149,59.29000913256728],[43.21838299784119,59.270973444520635],[43.245746799407705,59.2507480259701],[43.28738736700991,59.261455600497314],[43.33616631762961,59.228143146414354],[43.33735604813288,59.21981503289404],[43.3123717075714,59.21029718887072],[43.346873892156204,59.203158805854386],[43.389704190260886,59.21148691937381],[43.412309069815734,59.23409179893044],[43.34568416165284,59.26859398351374],[43.374237693722634,59.28643994105729],[43.41944745283403,59.2983372460867],[43.48012370848199,59.29595778508158],[43.53485131161662,59.31023455111701],[43.54912807765152,59.33283943067178],[43.607424872294445,59.35663404072964],[43.697844390515556,59.35901350173485],[43.74781307163861,59.35306484922151],[43.771607681696736,59.33402916117487],[43.769228220690906,59.28287074954828],[43.78945363924002,59.27930155804006],[43.829536671121296,59.24171833230771],[43.849762089670406,59.23101075778139],[43.89735130978755,59.25004644582803],[43.95326864342465,59.245287523815925],[43.98063244499126,59.22030318325506],[44.02465247359929,59.21792372224994],[44.05677519717818,59.233390218786596],[44.099605495282944,59.24171833230771],[44.20668124054558,59.239338871301705],[44.21381962356307,59.22030318325506],[44.19954285752809,59.19412911219022],[44.266167765691065,59.1846112681669],[44.33279267385396,59.18580099866999],[44.32922348234566,59.160816658110015],[44.36015647542128,59.145350161570605],[44.397038121011825,59.15486800559482],[44.412504617549274,59.14416043106849],[44.399417582017655,59.12155555151364],[44.40774569553761,59.102519863466995],[44.399417582017655,59.093002019443674],[44.380381893971105,59.09419174994579],[44.375622971959444,59.1048993244722],[44.35539755340962,59.1001404024601],[44.33874132636889,59.05255118234438],[44.35896674491792,59.02637711127954],[44.34587970938638,58.996633848706566],[44.372053780450344,58.97402896915172],[44.382761354976935,58.91811163551479],[44.43154030559583,58.921680827023],[44.44462734112825,58.91573217450878],[44.46366302917481,58.919301366016995],[44.4815089867188,58.93476786255454],[44.506493327279486,58.93714732356143],[44.52433928482357,58.933578132051444],[44.58977446248399,58.96927004713961],[44.63022529958284,58.97283923864782],[44.65758910115015,58.987116004683244],[44.698039938249096,58.97521869965472],[44.70398859076403,58.960941933619296],[44.74443942786296,58.94428570657786],[44.77299295993275,58.920491096519996],[44.80987460552338,58.946665167584754],[44.83010002407241,58.97878789116293],[44.86817140016632,58.98830573518625],[44.871740591674616,59.00020304021469],[44.90862223726525,58.99901330971258],[44.91219142877355,58.98830573518625],[45.01688771303036,58.98235708267114],[45.02045690453946,58.9657008556314],[45.047820706105966,58.95975220311629],[45.08113316018742,58.94428570657786],[45.12039426678388,58.921680827023],[45.14894779885367,58.88004025942062],[45.16441429539192,58.87528133741038],[45.23222893405817,58.88122998992371],[45.261972196631234,58.858625110368855],[45.28457707618608,58.874091606907285],[45.320268991273366,58.88004025942062],[45.31313060825596,58.925250018531216],[45.336925218314974,58.92881921004032],[45.3607198283731,58.933578132051444],[45.37261713340225,58.95380355060118],[45.447570155085906,58.98830573518625],[45.50586694972884,58.943095976074765],[45.547507517330246,58.94428570657786],[45.552266439341906,58.92762947953811],[45.547507517330246,58.91692190501179],[45.56773293588016,58.91335271350366],[45.582009701915055,58.925250018531216],[45.582009701915055,58.94428570657786],[45.55345616984526,58.97640843015781],[45.55702536135357,59.013290075748],[45.6117529644882,59.01804899775922],[45.6641011066162,59.00615169273078],[45.68551625566849,58.98473654367804],[45.72715682327079,58.9680803166366],[45.71406978773837,58.94190624557265],[45.77355631288466,58.91573217450878],[45.88420124965559,58.90740406098847],[46.034107293022984,58.90740406098847],[46.13404465526813,58.920491096519996],[46.21613605996927,58.97164950814473],[46.2292230955009,59.01804899775922],[46.272053393605574,59.01804899775922],[46.29465827316123,58.983546813174144],[46.32083234422527,58.98592627418113],[46.3969750964122,59.01091061474111],[46.41957997596714,59.01804899775922],[46.43266701149956,59.014479806251096],[46.45170269954612,58.99068519619137],[46.477876770610074,58.96689058613449],[46.498102189159894,58.95261382009809],[46.481445962119174,58.943095976074765],[46.505240572177385,58.89907594746815],[46.500481650165725,58.88598891193484],[46.4873946146333,58.88598891193484],[46.486204884130835,58.87171214590039],[46.504050841674115,58.85981484087186],[46.502861111171555,58.849107266345534],[46.51951733821237,58.843158613830425],[46.506430302679945,58.8312613088019],[46.51951733821237,58.82055373427557],[46.51951733821237,58.80151804622893],[46.53617356525301,58.80151804622893],[46.57067574983781,58.775343975164084],[46.60517793442173,58.76939532265075],[46.632541735989136,58.75154936510623],[46.656336346047254,58.74084179058079],[46.69321799163781,58.75035963460411],[46.727720176222604,58.730134216054466],[46.81457050293541,58.74560071259111],[46.877626219589914,58.72894448555146],[46.975184120828516,58.74203152108291],[47.03467064597481,58.76820559214775],[47.09177771011447,58.76582613114076],[47.1536436962657,58.753928826111434],[47.15721288777489,58.71823691102416],[47.14055666073408,58.69563203146841],[47.11914151168169,58.68016553493176],[47.1357977387225,58.66112984688512],[47.166730731798125,58.64447361984368],[47.18457668934212,58.64566335034669],[47.26666809404327,58.63495577582039],[47.42014332891897,58.61354062676853],[47.48081958456781,58.62781739280307],[47.53197799619325,58.609971435260405],[47.58670559932709,58.60402278274521],[47.59860290435624,58.617109818276745],[47.63072562793512,58.618299548780726],[47.666417543022405,58.64804281135369],[47.68902242257805,58.64923254185492],[47.69616080559554,58.67064769090846],[47.502234733620114,58.7325136770596],[47.540306109713214,58.80032831572595],[47.57004937228636,58.79794885472074],[47.62953589743185,58.841968883327354],[47.712817032636266,58.93595759305845],[47.636674280449256,58.95975220311631],[47.58789532983036,59.01804899775924],[47.53435745719908,59.0477922603323],[47.549823953736535,59.076345792402265],[47.58432613832126,59.10014040246012],[47.616448861900224,59.10727878547735],[47.62239751441436,59.12036582101065],[47.661658621010744,59.13940150905729],[47.712817032636266,59.13702204805031],[47.74018083420279,59.15010908358362],[47.76159598325587,59.158437197103055],[47.77944194079916,59.15724746660005],[47.818703047395545,59.17033450213336],[47.84725657946541,59.158437197103055],[47.89960472159342,59.14297070056551],[47.94838367221311,59.138211778553405],[47.972178282271244,59.141780970063394],[47.98645504830702,59.153678275091835],[48.01024965836514,59.148919353079734],[48.023336693896766,59.162006388612156],[48.0471313039549,59.17152423263548],[48.05664914797822,59.178662615653586],[48.09353079356876,59.17033450213336],[48.11494594262123,59.160816658110036],[48.15301731871506,59.165575580120276],[48.1863297727965,59.16200638861206],[48.23272926241037,59.17390369364143],[48.239867645427765,59.18937019017994],[48.251764950456916,59.19055992068108],[48.2696109080002,59.18937019017994],[48.28983632655003,59.201267495208384],[48.291026057052505,59.21792372224991],[48.30530282308749,59.214354530739925],[48.365979078736245,59.241718332307684],[48.371927731251176,59.26670267286765],[48.393342880303564,59.285738360914294],[48.405240185332616,59.30477404896094],[48.395722341309394,59.313102162482146],[48.394532610806834,59.327378928517575],[48.37549692275948,59.33808650304398],[48.36835853974199,59.34879407757031],[48.35051258219879,59.355932460586644],[48.34575366018713,59.36782976561695],[48.361220156724585,59.379727070645394],[48.371927731251176,59.452300631322956],[48.400481263321055,59.47966443288982],[48.429034795390834,59.49037200741624],[48.437362908911595,59.505838503954664],[48.4409321004199,59.53082284451553],[48.47186509349632,59.555807185077285],[48.50041862556618,59.57960179513656]]]]}},{"type":"Feature","properties":{"kind":"district","id":"uyezd-1897-50","name":"Устюжский","provinceId":"vologda"},"geometry":{"type":"MultiPolygon","coordinates":[[[[48.34457231266448,60.959992461681026],[48.22414879280353,60.94852355502731],[48.03617137334231,60.924728944968564],[47.94813131612695,60.88308837736618],[47.75658470515744,60.88427810786927],[47.708995485041,60.8997446044077],[47.68520087498288,60.89022676038438],[47.655457612409734,60.89141649088738],[47.635232193859906,60.87832945535408],[47.60905812279587,60.88308837736618],[47.597160817766806,60.86524241982263],[47.57574566871442,60.860483497811416],[47.59121216525267,60.84501700127289],[47.54124348412971,60.82836077423323],[47.52101806558059,60.83549915724957],[47.4924645335108,60.83192996574145],[47.471049384457615,60.82122239121512],[47.48056722848085,60.80932508618659],[47.4543931574169,60.79980724216327],[47.465100731943494,60.78553047612696],[47.42702935585038,60.754597483051874],[47.3009179225412,60.75221802204666],[47.310435766564424,60.770063979590304],[47.286641156506306,60.774822901601524],[47.272364390471324,60.759356405063],[47.14506322665896,60.79504832015117],[47.131976191127336,60.787909937132966],[47.003485296812315,60.82836077423323],[47.01062367982972,60.84025807926079],[46.92615281412283,60.868811611330756],[46.81907706886021,60.859293767307435],[46.81431814684855,60.82360185222113],[46.74769323868556,60.8117045471918],[46.72746782013574,60.79861751165938],[46.692965635551815,60.80575589467661],[46.72984728114157,60.83311969624445],[46.79885165031109,60.88189864686406],[46.76315973522301,60.92591867547068],[46.80717976383106,61.006820349670335],[46.76078027421718,61.0722555273296],[46.75840081321135,61.09961932889656],[46.80004138081365,61.1222242084523],[46.810748955340244,61.13293178297951],[46.803610572322754,61.156726393037374],[46.709621862592456,61.226920492708835],[46.70367321007761,61.247145911258485],[46.60492557833574,61.25666375528181],[46.52402390413787,61.30187351439329],[46.468106570500765,61.33399623797138],[46.43122492491013,61.33994489048658],[46.40267139284035,61.36968815305954],[46.35508217272321,61.38158545808798],[46.29797510858354,61.40894925965583],[46.26466265450201,61.41132872066104],[46.22183235639733,61.43869252222889],[46.186140441309256,61.458917940777646],[46.169484214268536,61.49460985586484],[46.13855122119291,61.50650716089328],[46.118325802643,61.50412769988816],[45.96723002877313,61.470815245806975],[45.922020269662625,61.445830905245224],[45.90774350362764,61.41846710367915],[45.78758072283268,61.406569798648846],[45.575808693314045,61.36968815305954],[45.53184415282304,61.37123366031123],[45.49139331572357,61.36409527729214],[45.48663439371245,61.345059589245494],[45.49139331572357,61.31888551818243],[45.49853169874106,61.303419021644004],[45.458080861642486,61.298660099632784],[45.448563017618625,61.3057984826501],[45.47116789717428,61.32602390119975],[45.46759870566554,61.35576716377271],[45.45451167013374,61.375992582322354],[45.09759251925884,61.283193603094354],[45.07974656171511,61.20586112040567],[45.025018958581455,61.19039462386715],[44.903666447284024,61.140425942744535],[44.860836149178986,61.12495944620602],[44.74186309888721,61.136856751235435],[44.48607104076045,61.10116483614914],[44.188638415031924,61.065472921061854],[44.04825021568749,61.05238588552855],[43.88049821477708,61.064283190558854],[43.781750583034494,61.065472921061854],[43.73773055442717,61.04762696351733],[43.7234537883921,61.02621181446468],[43.70441810034528,60.94887933177502],[43.6841926817959,60.933412835237476],[43.6972797173277,60.923894991215136],[43.6972797173277,60.91556687769295],[43.76866354750278,60.89891065065329],[43.826960342145895,60.87511604059543],[43.86202719991785,60.87473016244982],[43.94411860461899,60.87473016244982],[44.05476354138992,60.880678814965016],[44.07974788195149,60.89852477250768],[44.108301414021284,60.89852477250768],[44.135665215588595,60.89257611999346],[44.1737365916817,60.858073935408385],[44.20347985425476,60.84617663037986],[44.24393069135378,60.84022797786564],[44.22370527280387,60.80453606277756],[44.20466958475732,60.777172261210595],[44.179685244196634,60.78074145271872],[44.182064705202464,60.75932630366607],[44.17135713067587,60.74267007662544],[44.16778793916748,60.72363438857977],[44.145183059611824,60.720065197069786],[44.13685494609106,60.69270139550282],[44.13685494609106,60.65463001940954],[44.145183059611824,60.64511217538622],[44.124957641062004,60.629645678848675],[44.10235276150715,60.62726621784347],[44.05476354138992,60.61417918231202],[43.98337971121536,60.5939537637614],[43.9750515976946,60.57729753671997],[43.96196456216298,60.58205645873207],[43.94768779612809,60.561831040182334],[43.94411860461899,60.52613912509514],[43.953636448642314,60.492826671013965],[43.951256987636484,60.46070394743579],[43.9334110300932,60.43334014586803],[44.00479486026775,60.401217422289854],[43.978620789203795,60.3690946987099],[43.94887752663065,60.35005901066326],[43.953636448642314,60.33221305312051],[43.976241328197965,60.328643861611496],[43.996466746747785,60.30246979054665],[44.01193324328524,60.29652113803243],[44.05833273289911,60.31079790406697],[44.09878356999796,60.31793628708508],[44.124957641062004,60.328643861611496],[44.147562520617655,60.304849251553634],[44.149941981623485,60.27153679747246],[44.17135713067587,60.248931917915826],[44.16302901715582,60.208481080817336],[44.16540847816165,60.16565078271283],[44.140424137600256,60.14185617265319],[44.135665215588595,60.10021560505179],[44.145183059611824,60.0550058459403],[44.16540847816165,60.03121123588244],[44.1987209322431,60.020503661357004],[44.22132581179804,60.005037164818575],[44.271294492921015,59.99670905129737],[44.35186752998298,60.03725635793311],[44.40183621110595,60.04677420195643],[44.46013300574889,60.04558447145334],[44.53389629692927,60.05272285447154],[44.56482929000488,60.05986123748974],[44.61479797112786,60.06462015949998],[44.62907473716284,60.08365584754662],[44.68856126230824,60.080086656039384],[44.71711479437802,60.08722503905661],[44.75280670946539,60.15266021671597],[44.80277539058836,60.241890004434964],[44.833708383663975,60.26211542298372],[44.91936897987351,60.28353057203637],[44.961009547475626,60.318032756621534],[44.94911224244657,60.326360870141755],[44.93602520691495,60.34539655818938],[44.94435332043491,60.35967332422294],[45.01216795910116,60.389416586795996],[45.07046475374409,60.406072813837426],[45.13114100939285,60.41915984936897],[45.141848583918645,60.43462634590739],[45.15850481095946,60.44176472892559],[45.20490430057323,60.43938526791861],[45.24416540716962,60.394175508808985],[45.28937516628021,60.36681170724114],[45.335774655894085,60.30375599058699],[45.346482230420676,60.300186799077004],[45.363138457461396,60.28115111103036],[45.43452228763595,60.27044353650493],[45.50352665680548,60.21452620286711],[45.58204886999752,60.22642350789742],[45.58680779200909,60.237131082423744],[45.5761002174833,60.26211542298372],[45.58918725301492,60.29185868555669],[45.60703321055891,60.314463565113314],[45.711729494815,60.331119792152975],[45.840220389129925,60.35134521070271],[46.02462861708213,60.319222487124534],[46.17334492994617,60.28709976354636],[46.2804206752088,60.250218117955185],[46.30064609375783,60.235941351920744],[46.3327688173368,60.22880296890342],[46.36251207990995,60.233561890913755],[46.38273749845897,60.243079734937076],[46.391065611979734,60.253787309463405],[46.411291030529554,60.26092569248161],[46.44103429310199,60.250218117955185],[46.46125971165182,60.237131082423744],[46.48743378271577,60.238320812926744],[46.550489499370364,60.2525975789604],[46.60759656351003,60.258546231475506],[46.688498237708615,60.241890004434964],[46.733707996819206,60.233561890913755],[46.75393341536903,60.21928512487922],[46.76939991190649,60.245459195944065],[46.801522635485455,60.28234084153337],[46.78843559995384,60.30851491259821],[46.86933727415162,60.37157062925236],[46.86338862163669,60.389416586795996],[46.86695781314589,60.404883083334425],[46.89908053672477,60.43105715439927],[46.88837296219826,60.45723122546225],[46.88004484867821,60.46436960848045],[46.88599350119243,60.47507718300589],[46.88004484867821,60.4893539490422],[46.88837296219826,60.49887179306552],[46.87647565716911,60.50482044557886],[46.88242430968404,60.5262355946315],[46.90859838074809,60.5262355946315],[46.91335730275975,60.53932263016304],[46.943100565332,60.54051236066702],[46.953808139858594,60.554789126701465],[46.97641301941425,60.553599396198464],[46.97403355840842,60.54170209117002],[47.03233035305145,60.5309945166437],[47.03827900556557,60.550030204690344],[47.06802226813872,60.54408155217514],[47.078729842664515,60.554789126701465],[47.173908282898,60.51433828960218],[47.15130340334234,60.50244098457374],[47.13821636781071,60.476266913508894],[47.20246181496786,60.456041494959244],[47.38924950392581,60.40845227484264],[47.61291883847359,60.3525349412066],[47.79494760541988,60.30732518209511],[47.961509875827915,60.26925380600183],[48.22919923898374,60.2097672808559],[48.23990681351033,60.177644557277716],[48.38505393486517,60.19430078431924],[48.55756485778822,60.21452620286711],[48.64322545399857,60.22880296890342],[48.60753353891049,60.27639218902003],[48.60277461689883,60.300186799077004],[48.60277461689883,60.33825817517118],[48.57898000684061,60.34301709718328],[48.5444778222558,60.3882268562929],[48.506406446162785,60.38465766478478],[48.501647524151124,60.394175508808985],[48.53258051722675,60.40131389182621],[48.52544213420934,60.407262544339545],[48.54685728326163,60.41321119685563],[48.53852916974168,60.42391877138107],[48.58849785086393,60.44057499842259],[48.509975637671886,60.638070261906236],[48.438591807496536,60.81890929834846],[48.39933070090096,60.91408773858255],[48.388331602205824,60.95090301603252],[48.34457231266448,60.959992461681026]]]]}},{"type":"Feature","properties":{"kind":"district","id":"uyezd-1897-51","name":"Усть-сысольский","provinceId":"vologda"},"geometry":{"type":"MultiPolygon","coordinates":[[[[48.34457231266448,60.959992461681026],[48.34907049560945,60.96042086005673],[48.388331602205824,60.95090301603252],[48.34457231266448,60.959992461681026]]],[[[48.45733597137455,60.93662624999709],[48.4728024679128,60.95685166854674],[48.482320311936036,60.97231816508517],[48.45614624087207,61.004440888663346],[48.353829417621014,61.02347657670999],[48.36929591415927,61.05678903079294],[48.391900793714214,61.093670676383226],[48.40379809874328,61.13650097448773],[48.410936481760686,61.18884911661555],[48.43235163081306,61.2090745351652],[48.46804354590114,61.22216157069673],[48.57868848267208,61.238817797738164],[48.69528207195802,61.249525372263605],[48.711938298998746,61.25428429427669],[48.709558837992915,61.27094052131634],[48.698851263466324,61.279268634836654],[48.701230724472154,61.29592486187809],[48.73930210056527,61.30544270590141],[48.738112370062794,61.323288663445055],[48.711938298998746,61.364929231046546],[48.666728539887444,61.42917467820557],[48.65096338672123,61.47131463885673],[48.656912039236246,61.49629897941937],[48.71758829488492,61.52961143349967],[48.811577004615216,61.574821192611154],[48.87820191277811,61.61289256870346],[48.97219062250832,61.668809902340385],[48.988846849549034,61.64977421429374],[49.21013672309179,61.62716933473897],[49.490913121779144,61.586718497640476],[49.70982353431607,61.61289256870346],[49.79191493901722,61.577200653617155],[49.88947284025572,61.590287689148695],[50.002497238033285,61.597426072165916],[50.09172702575192,61.62954879574498],[50.10243460027772,61.656912597311944],[50.12979840184502,61.664050980330146],[50.190474657493795,61.68903532089003],[50.31420662979714,61.72591696648119],[50.36536504142187,61.75328076804816],[50.393918573492456,61.77112672559268],[50.41057480053318,61.80086998816565],[50.459353751152875,61.824664598222626],[50.48433809171357,61.86154624381379],[50.549773269373986,61.88296139286555],[50.617587908040235,61.92579169097006],[50.63543386558423,61.93887872650336],[50.69967931274138,61.96148360605822],[50.704438234752956,61.982898755109986],[50.69492039072972,62.00431390416272],[50.70681769575879,62.02691878371935],[50.78058098693997,62.0887847698705],[50.886467001699245,62.14232264250221],[50.956661101371324,62.16254806105186],[51.00425032148766,62.17444536608039],[51.0554087331132,62.212516742173676],[51.11965418027026,62.25058811826598],[51.27669860665506,62.33030006196263],[51.44088141605735,62.42190931068674],[51.45039926008067,62.436186076722166],[51.45991710410391,62.44689365124849],[51.44801979907484,62.45522176476881],[51.465865756618925,62.45998068678003],[51.48609117516794,62.46117041728303],[51.500367941203635,62.46117041728303],[51.505126863215295,62.47306772231147],[51.48609117516794,62.47306772231147],[51.48252198365955,62.48139583583179],[51.48371171416211,62.49686233236933],[51.48609117516794,62.509949367901754],[51.49560901919118,62.51946721192596],[51.4908500971796,62.53136451695449],[51.51702416824436,62.54445155248594],[51.555095544337476,62.54088236097781],[51.56699284936653,62.55515912701226],[51.60149503395134,62.56110777952746],[51.57294150188075,62.57181535405378],[51.57413123238402,62.578953737071096],[51.58721826791644,62.578953737071096],[51.58721826791644,62.583712659082224],[51.57651069338985,62.590851042100425],[51.58245934590478,62.595609964112526],[51.590787459424746,62.59798942511774],[51.59673611193968,62.61464565215917],[51.61220260847713,62.63130187919883],[51.63956641004445,62.63962999271915],[51.67406859462916,62.63844026221703],[51.69191455217245,62.63606080121191],[51.7073810487107,62.64319918422913],[51.71689889273394,62.652717028252454],[51.75140107731873,62.664614333281875],[51.74426269430124,62.6741321773052],[51.74069350279214,62.68365002132852],[51.75853946033614,62.69435759585484],[51.777575148382695,62.70863436188849],[51.807318410955034,62.72053166691782],[51.82516436849903,62.72529058892992],[51.83349248201988,62.733618702450244],[51.82873356000822,62.745516007479665],[51.83230275151652,62.76336196502321],[51.91320442571519,62.78715657508107],[51.88822008515362,62.80381280212259],[51.88227143263869,62.813330646145914],[51.90487631219435,62.820469029162254],[51.926291461246734,62.812140915642914],[51.94532714929329,62.814520376648034],[51.932240113761665,62.825227951174355],[51.963173106837274,62.833556064694676],[51.995295830416254,62.833556064694676],[52.00124448293039,62.84188417821588],[52.00362394393622,62.85616094425042],[52.03336720650937,62.85973013575952],[52.0357466675152,62.874006901794054],[52.06192073857923,62.883524745817375],[52.06667966059081,62.8930425898407],[52.09880238416979,62.890663128835484],[52.129735377245396,62.901370703361906],[52.17137594484761,62.897801511851824],[52.22372408697569,62.91683719989847],[52.23324193099893,62.93468315744211],[52.248708427537096,62.93230369643699],[52.26060573256625,62.94420100146543],[52.283210612121096,62.94539073196843],[52.28915926463603,62.95728803699873],[52.30581549167675,62.95728803699873],[52.310574413688414,62.97513399454149],[52.33317929324407,62.973944264038394],[52.3355587542499,63.00844644862444],[52.30105656966518,62.99179022158292],[52.286779803630196,63.00963617912656],[52.29034899513859,63.02748213667108],[52.310574413688414,63.04056917220164],[52.286779803630196,63.050087016225945],[52.26060573256625,63.052466477231064],[52.25941600206298,63.057225399243165],[52.26298519357208,63.07388162628469],[52.23681112250803,63.09053785332435],[52.21420624295237,63.10719408036587],[52.20944732094071,63.122660576904295],[52.18565271088259,63.128609229417634],[52.16899648384178,63.152403839477266],[52.18803217188842,63.1654908750088],[52.20587812943161,63.1607319529967],[52.22491381747896,63.1654908750088],[52.240380314016335,63.15954222249369],[52.26060573256625,63.1643011445058],[52.279641420612805,63.18571629355844],[52.272503037595314,63.195234137581764],[52.285590073126926,63.203562251102085],[52.29867710865935,63.22854659166295],[52.349835520284884,63.24520281870358],[52.51401832968709,63.33205314541736],[52.58064323785007,63.38083209603609],[52.67582167808355,63.41652401112425],[52.740226456941755,63.427645409183214],[52.81042055661375,63.40266106862147],[52.90321953584149,63.38005618906661],[53.029330969150664,63.38838430258693],[53.16377051597982,63.40147133811846],[53.26965653073917,63.41455837364991],[53.462392872211254,63.440732444714754],[53.656318944186594,63.46928597678472],[53.771722802969194,63.50497789187288],[53.820501753588886,63.53115196293586],[53.87879854823191,63.54661845947429],[53.93947480388067,63.54423899846731],[54.016807286570156,63.527582771427646],[54.09413976925964,63.532341693438866],[54.23928689061529,63.532341693438866],[54.39871077800592,63.55732603400061],[54.542668168858384,63.57755145255035],[54.63903633959451,63.596587140596995],[54.832962411569866,63.658453126748135],[55.023319292036106,63.72269857390617],[55.25650647060793,63.81192836162428],[55.32194164826835,63.83572297168214],[55.39451520894626,63.87498407827843],[55.51110879823132,63.91900410688682],[55.63722023154051,63.974921440522856],[55.733642439723326,64.03104259325667],[55.86808198655336,64.11551345896258],[56.12744323618834,64.23567623975666],[56.2821082015674,64.30824980043599],[56.492690500583464,64.396289857651],[56.584299749307846,64.43674069475038],[56.841281537937874,64.5342985959896],[57.07803790801799,64.61282080918227],[57.29456885954828,64.6663586818122],[57.58605283276222,64.71632736293482],[57.81448108932247,64.76272685254843],[58.21304080779905,64.81150580316803],[58.418864184803454,64.82340310819656],[58.66513839890689,64.80912634216291],[58.84002878283498,64.77700361858297],[58.8947563859696,64.76867550506361],[58.968519677149985,64.77581388808173],[59.05061108185113,64.79603930662961],[59.14222033057551,64.80079822864171],[59.25762418935811,64.78652146260629],[59.3623204736149,64.7603473915433],[59.4182378072521,64.74726035600999],[59.57290277263107,64.74607062550876],[59.65618390783469,64.75082954751998],[59.70972178046604,64.76748577455965],[59.80490022069952,64.77105496606963],[59.90364785244148,64.77938307958995],[59.983359796136796,64.78890092361327],[59.96338975836272,64.74584165026684],[59.943164339812895,64.70301135216323],[59.90985188573144,64.66850916757718],[59.8908161976849,64.63162752198699],[59.86226266561502,64.5828485713673],[59.82895021153277,64.56738207482975],[59.76589449487898,64.54953611728611],[59.73139231029417,64.53763881225767],[59.70640796973278,64.51146474119282],[59.6742852461538,64.49123932264318],[59.65524955810724,64.4638755210772],[59.654059827604684,64.44483983303056],[59.67666470715963,64.39368142140395],[59.67190578514797,64.33419489625794],[59.64335225307819,64.28898513714832],[59.637403600564056,64.24734456954681],[59.64454198358146,64.20808346294965],[59.693320934201154,64.17358127836545],[59.823001559018635,64.1521661293136],[59.88843673667907,64.14502774629548],[59.908662155228086,64.10814610070432],[59.89438538919319,64.07364391612103],[59.818242637006975,64.03914173153498],[59.76232530336988,64.00701900795778],[59.73615123230583,63.960619518343286],[59.68499282068039,63.91422002873057],[59.587434919440994,63.93563517778145],[59.53151758580469,63.960619518343286],[59.54341489083376,63.93206598627332],[59.51010243675151,63.91303029822668],[59.51486135876317,63.88328703565362],[59.563640309382876,63.82261078000468],[59.53032785530142,63.74884748882501],[59.55055327385125,63.70720692122174],[59.53984569932466,63.62392578601883],[59.50058459272827,63.512091118744095],[59.51486135876317,63.48710677818323],[59.502964053734104,63.45260459359816],[59.47441052166424,63.434758636055406],[59.468461869150104,63.408584564990655],[59.445856989594446,63.37884130241858],[59.430390493056194,63.34076992632431],[59.37923208143147,63.31102666375223],[59.362575854390826,63.26343744363474],[59.22337738554923,63.126618435799145],[59.15794220788881,63.09568544272406],[59.14247571135135,63.06356271914588],[59.16032166889464,63.033819456572914],[59.23646442108165,62.99098915846753],[59.33402232232015,62.952917782375124],[59.3816115424373,62.95886643488846],[59.42682130154789,62.95886643488846],[59.45537483361777,62.92079505879518],[59.45418510311521,62.88867233521709],[59.42206237953623,62.86725718616523],[59.4232521100387,62.79825281699598],[59.41298360488079,62.74251429854935],[59.385619803314285,62.70444292245607],[59.39989656934918,62.6675612768649],[59.4653317470096,62.64138720580104],[59.44034740644811,62.59855690769653],[59.44867551996808,62.56167526210537],[59.49507500958194,62.534311460538405],[59.571217761768864,62.51408604198876],[59.587873988809676,62.48434277941757],[59.578356144786355,62.44151248131129],[59.587873988809676,62.402251374715],[59.572407492271424,62.3534724240953],[59.50578258410853,62.31778050900812],[59.45819336399211,62.27495021090361],[58.854999999013586,62.26186317537217],[58.20778660542774,62.24639667883365],[57.953184277804354,62.235689104307326],[57.52964021876629,62.2190328772658],[57.346421721317526,62.215463685757676],[57.295263309692004,62.140510664074995],[57.20484379147089,62.05128087635512],[57.12513184777558,61.995363542719176],[57.044230173576906,61.973948393665545],[56.920498201273546,61.97156893265945],[56.85625275411648,61.94777432260257],[56.765833235894576,61.89899537198286],[56.77416134941534,61.8692521094099],[56.751556469859594,61.86330345689479],[56.725382398795645,61.85973426538658],[56.74084889533381,61.82047315879029],[56.753935930865424,61.76098663364515],[56.70872617175492,61.756227711632164],[56.63615261107701,61.74433040660372],[56.59451204347479,61.66461846290805],[56.52312821330024,61.65272115787961],[56.457693035639906,61.5908551717266],[56.383929744458726,61.520661072055226],[56.341099446353965,61.49210753998526],[56.32682268031907,61.46712319942431],[56.347048098868896,61.41239559628959],[56.411293546026045,61.364806376172986],[56.46840061016562,61.33506311359993],[56.5040925252537,61.293422545998524],[56.59332231297233,61.23274629035038],[56.65756776012948,61.212520871800734],[56.68255210069087,61.20181329727441],[56.65518829912365,61.19824410576531],[56.5457330928551,61.20300302777741],[56.501713064247866,61.19348518375409],[56.482677376201394,61.17088030419924],[56.449364922119145,61.15779326866593],[56.35537621238885,61.080460785976356],[56.23640316209796,60.991230998257365],[56.13051714733788,60.9269855511011],[55.880673741726056,60.93174447311232],[55.85093047915301,60.90081148003625],[55.755752038920235,60.898432019031134],[55.69031686125982,60.90081148003625],[55.59751788203208,60.89129363601293],[55.47854483174038,60.88415525299571],[55.422627498103196,60.88772444450481],[55.29175714278324,60.88772444450481],[55.32744905787051,60.856791451429636],[55.35957178144949,60.842514685393326],[55.33934636289966,60.81515088382636],[55.2513063056835,60.81872007533635],[55.16802517047988,60.78183842974518],[55.15136894343917,60.72711082661046],[55.027636971135806,60.736628670633785],[54.717117309875306,60.750905436670095],[54.42563333666047,60.762802741698536],[54.26264025776155,60.75566435868043],[54.19601534959784,60.753284897675215],[54.128200710931594,60.756854089183435],[54.03540173170465,60.762802741698536],[53.981863859073385,60.762802741698536],[53.822439971682755,60.71283406057593],[53.790317248103776,60.68903945051718],[53.7510561415082,60.655726996436],[53.69037988585936,60.62479400336092],[53.68443123334451,60.602189123804195],[53.73202045346085,60.528425832623725],[53.70108746038524,60.522477180110386],[53.602339828643366,60.516528527595284],[53.45362351577924,60.51057987508008],[53.41674187018869,60.446334427923816],[53.45362351577924,60.32022299461464],[53.45243378527597,60.301187306567996],[53.46076189879673,60.285720810029474],[53.4893154308666,60.219095901867114],[53.45600297678507,60.19292183080236],[53.442915941252735,60.1572299157142],[53.321563429955205,60.15009153269786],[52.93728047751344,60.15128126320086],[52.622001894241365,60.1703169512475],[52.468526659365665,60.17983479527082],[52.428075822265924,60.20006021382047],[52.41974770874597,60.222665093375326],[52.387624985166994,60.24526997293018],[52.335276843039,60.23456239840377],[52.29006708392768,60.25359808645041],[52.25675462984614,60.24764943393708],[52.20678594872406,60.25121862544529],[52.08781289843229,60.220285632368345],[52.0592593663625,60.1584196462172],[51.99739338021118,60.139383958170555],[51.94028631607071,60.08822554654485],[51.90459440098344,60.045395248441324],[51.87723059941621,60.01684171637047],[51.83321057080889,59.990667645306516],[51.79870838622416,59.96330384373867],[51.78086242868008,59.95378599971535],[51.77372404566269,59.9430784251908],[51.698771023978935,59.893109744067296],[51.66188937838919,59.88954055255908],[51.6476126123535,59.87764324752966],[51.5952644702255,59.88002270853576],[51.57028012966393,59.94664761669901],[51.42394327780572,59.989477914803516],[51.344231334110404,60.00732387234715],[51.32876483757215,59.99423683681562],[51.30615995801729,59.990667645306516],[51.26213992940926,59.99542656731862],[51.191945829737264,59.95378599971535],[51.157443645152455,59.92880165915537],[51.1003365810128,59.87883297803276],[51.075352240451394,59.87526378652454],[51.04085005586731,59.87645351702755],[51.032521942346634,59.86336648149424],[51.05750628290812,59.8443307934476],[51.006347871282586,59.826484835904935],[50.967086764686215,59.825295105400954],[50.93139484959893,59.84076160193948],[50.7303303946061,59.80863887836129],[50.55425028017474,59.79317238182189],[50.45193345692448,59.76104965824469],[50.43884642139214,59.706322055109],[50.307976066071305,59.670630140022695],[50.29369930003641,59.688476097565356],[50.26871495947492,59.677768523039035],[50.24848954092582,59.68133771454902],[50.26514576796653,59.69799394158868],[50.32939121512369,59.71821936013841],[50.33177067612942,59.749152353215365],[50.29013010852722,59.762239388746806],[50.14498298717237,59.7205988211454],[50.14260352616654,59.70037340259566],[50.19852085980284,59.682527445052116],[50.241351157908326,59.65992256549539],[50.158070022703996,59.65278418247905],[50.146172717674844,59.63017930292243],[49.987938560787484,59.6289895724212],[49.957005567711064,59.61471280638577],[49.922503383127065,59.609953884374555],[49.90941634759473,59.596866848841245],[49.87967308502158,59.589728465824024],[49.82732494289358,59.58259008280582],[49.73690542467247,59.5837798133098],[49.62982967940984,59.594487387836125],[49.610793991363295,59.5766414302916],[49.56320477124606,59.56831331677128],[49.52751285615888,59.53975978470132],[49.51323609012398,59.51834463564867],[49.52156420364466,59.51001652212835],[49.52037447314139,59.499308947602024],[49.491820941071595,59.4897911035787],[49.46564687000755,59.4897911035787],[49.40259115335296,59.48860137307659],[49.36095058575076,59.47432460704205],[49.28837702507283,59.46718622402385],[49.2859975640671,59.48741164257349],[49.23126996093326,59.48741164257349],[49.17773208830191,59.45885811050353],[49.142040173214625,59.46599649352173],[49.111107180139015,59.47075541553206],[49.05162065499272,59.45171972748542],[48.95644221475996,59.450529996982326],[48.86721242704141,59.45647864949841],[48.82081293742753,59.47670406804717],[48.7732237173112,59.4897911035787],[48.64830201450448,59.51834463564867],[48.59000521986155,59.55046735922773],[48.562641418295044,59.55165708973162],[48.52575977270449,59.56117493375494],[48.50041862556618,59.57960179513615],[48.45758832746063,59.66764185235027],[48.401670993824226,59.77471759761281],[48.32790770264313,59.94722852053658],[48.26366225548598,60.10903186893215],[48.23990681351033,60.177644557277716],[48.38505393486517,60.19430078431924],[48.55756485778822,60.21452620286711],[48.64322545399857,60.22880296890342],[48.60753353891049,60.27639218902003],[48.60277461689883,60.300186799077004],[48.60277461689883,60.33825817517118],[48.57898000684061,60.34301709718328],[48.5444778222558,60.3882268562929],[48.506406446162785,60.38465766478478],[48.501647524151124,60.394175508808985],[48.53258051722675,60.40131389182621],[48.52544213420934,60.407262544339545],[48.54685728326163,60.41321119685563],[48.53852916974168,60.42391877138107],[48.58849785086393,60.44057499842259],[48.509975637671886,60.638070261906236],[48.438591807496536,60.81890929834846],[48.39933070090096,60.91408773858255],[48.388331602205824,60.95090301603252],[48.45733597137455,60.93662624999709]]]]}},{"type":"Feature","properties":{"kind":"district","id":"uyezd-1897-52","name":"Сольвычегодский","provinceId":"vologda"},"geometry":{"type":"MultiPolygon","coordinates":[[[[48.666728539887444,61.42917467820557],[48.6262777027885,61.4363130612219],[48.61319066725687,61.44226171373701],[48.547755489596454,61.50888662190026],[48.550134950602285,61.52435311843878],[48.62508797228594,61.6123931756529],[48.641744199326666,61.64451589923286],[48.6262777027885,61.659982395769504],[48.52396087953744,61.72303811242543],[48.46328462388948,61.75278137499849],[48.444248935842126,61.773006793547246],[48.42283378678984,61.80393978662322],[48.44900785785458,61.80869870863444],[48.45019758835714,61.81702682215475],[48.4275927088015,61.82416520517286],[48.44067974433382,61.83368304919618],[48.42045432578401,61.84677008472772],[48.40141863773745,61.8432008932195],[48.30386073649885,61.8420111627165],[47.96835673467686,61.85033927623593],[47.981443770208486,61.862236581266146],[48.18964660821872,61.88603119132401],[48.26459962990248,61.933620411440614],[48.287204509457325,62.05497292273867],[48.21938987079196,62.14301297995466],[48.2360460978326,62.20130977459573],[48.3336039990712,62.247709264210215],[48.33598346007703,62.48803482579845],[48.175369842183926,62.560608386476815],[47.85652206740258,62.58797218804466],[47.628093810842515,62.562987847481935],[47.56741755519445,62.56417757798502],[47.42583962534711,62.63080248614827],[47.33779956813183,62.66649440123635],[47.29615900052954,62.69147874179721],[47.17242702822618,62.84852316818157],[47.48413641999004,62.96749621847451],[47.63880138536901,63.0507773536783],[47.6530781514039,63.181647708997815],[47.53529483161549,63.1864066310109],[47.349696873160894,63.256600730682266],[47.22715463136001,63.29229264577043],[47.18670379426116,63.27801587973411],[47.15837088468821,63.27955088962611],[47.13576600513265,63.27360223711189],[47.09174597652532,63.27241250660791],[46.958496160198735,63.28193035063123],[46.8514204149361,63.28074062013],[46.745534400176744,63.27955088962611],[46.67534030050475,63.29144819465455],[46.607525661838494,63.27717142862001],[46.63369973290246,63.23196166951038],[46.49688072506748,63.246238435544925],[46.431445547407144,63.2295822085034],[46.35887198672923,63.20102867643344],[46.15899726223975,63.22363355599007],[46.02812690691891,63.23910005252672],[45.91629223964462,63.248617896550044],[45.833011104441,63.24385897453794],[45.719986706663434,63.21173625095976],[45.47490222306327,63.14868053430561],[45.30833995265524,63.105850236201114],[45.30358103064358,63.0594507465876],[45.3238064491934,63.03565613652788],[45.30596049164941,62.97854907238795],[45.291683725614426,62.90240632020236],[45.20602312940427,62.846488986564545],[45.09180900112494,62.84054033405121],[45.00733813541797,62.81317653248425],[44.89907265965207,62.775105156390964],[44.83839640400411,62.75012081582824],[44.61643088103982,62.7319810976669],[44.54147785935616,62.72365298414658],[44.47247349018735,62.72246325364358],[44.41298696504114,62.72603244515357],[44.385623163474634,62.67725349453396],[44.355879900901485,62.63918211844067],[44.309480411287616,62.57731613228766],[44.285685801229405,62.54281394770348],[44.265460382680374,62.47856850054722],[44.23571712010723,62.45477389048847],[44.17504086445847,62.44882523797425],[44.14053867987376,62.4190819754003],[44.12745164434213,62.39290790433733],[44.04892943114929,62.40242574836065],[43.988253175500525,62.40837440087398],[43.94185368588745,62.440497124453934],[43.86452120319797,62.46310200400879],[43.80265521704594,62.440497124453934],[43.74316869190045,62.41551278389218],[43.71461515983057,62.41313332288608],[43.65155944317607,62.40480520936577],[43.62419564160875,62.39052844333132],[43.549242619925096,62.359595450254375],[43.539724775901774,62.344128953717714],[43.5563810029425,62.32866245717831],[43.56351938595991,62.30724730812655],[43.5599501944516,62.28940135058291],[43.545673428416706,62.25846835750694],[43.5742269604865,62.23586347795208],[43.6122983365796,62.21563805940244],[43.694389741280744,62.17280776129705],[43.79551683402845,62.10737258363769],[43.8669006642038,62.10142393112258],[43.973976409465635,62.01695306541481],[44.06915484969911,61.95865627077178],[44.0798624242249,61.94318977423522],[44.244555748668674,61.88519723757058],[44.65501277217484,61.73172200269346],[45.029777880592675,61.59490299485786],[45.14161254786696,61.58062622882332],[45.228462874579414,61.5675391932909],[45.28081101670821,61.55564188826246],[45.50091115974752,61.455704526018025],[45.53184415282304,61.37123366031123],[45.575808693314045,61.36968815305954],[45.78758072283268,61.406569798648846],[45.90774350362764,61.41846710367915],[45.922020269662625,61.445830905245224],[45.96723002877313,61.470815245806975],[46.118325802643,61.50412769988816],[46.13855122119291,61.50650716089328],[46.169484214268536,61.49460985586484],[46.186140441309256,61.458917940777646],[46.22183235639733,61.43869252222889],[46.26466265450201,61.41132872066104],[46.29797510858354,61.40894925965583],[46.35508217272321,61.38158545808798],[46.40267139284035,61.36968815305954],[46.43122492491013,61.33994489048658],[46.468106570500765,61.33399623797138],[46.52402390413787,61.30187351439329],[46.60492557833574,61.25666375528181],[46.70367321007761,61.247145911258485],[46.709621862592456,61.226920492708835],[46.803610572322754,61.156726393037374],[46.810748955340244,61.13293178297951],[46.80004138081365,61.1222242084523],[46.75840081321135,61.09961932889656],[46.76078027421718,61.0722555273296],[46.80717976383106,61.006820349670335],[46.76315973522301,60.92591867547068],[46.79885165031109,60.88189864686406],[46.72984728114157,60.83311969624445],[46.692965635551815,60.80575589467661],[46.72746782013574,60.79861751165938],[46.74769323868556,60.8117045471918],[46.81431814684855,60.82360185222113],[46.81907706886021,60.859293767307435],[46.92615281412283,60.868811611330756],[47.01062367982972,60.84025807926079],[47.003485296812315,60.82836077423323],[47.131976191127336,60.787909937132966],[47.14506322665896,60.79504832015117],[47.272364390471324,60.759356405063],[47.286641156506306,60.774822901601524],[47.310435766564424,60.770063979590304],[47.3009179225412,60.75221802204666],[47.42702935585038,60.754597483051874],[47.465100731943494,60.78553047612696],[47.4543931574169,60.79980724216327],[47.48056722848085,60.80932508618659],[47.471049384457615,60.82122239121512],[47.4924645335108,60.83192996574145],[47.52101806558059,60.83549915724957],[47.54124348412971,60.82836077423323],[47.59121216525267,60.84501700127289],[47.57574566871442,60.860483497811416],[47.597160817766806,60.86524241982263],[47.60905812279587,60.88308837736618],[47.635232193859906,60.87832945535408],[47.655457612409734,60.89141649088738],[47.68520087498288,60.89022676038438],[47.708995485041,60.8997446044077],[47.75658470515744,60.88427810786927],[47.94813131612695,60.88308837736618],[48.03617137334231,60.924728944968564],[48.22414879280353,60.94852355502731],[48.34457231266448,60.959992461681026],[48.34907049560945,60.96042086005673],[48.388331602205824,60.95090301603252],[48.45733597137455,60.93662624999709],[48.4728024679128,60.95685166854674],[48.482320311936036,60.97231816508517],[48.45614624087207,61.004440888663346],[48.353829417621014,61.02347657670999],[48.36929591415927,61.05678903079294],[48.391900793714214,61.093670676383226],[48.40379809874328,61.13650097448773],[48.410936481760686,61.18884911661555],[48.43235163081306,61.2090745351652],[48.46804354590114,61.22216157069673],[48.57868848267208,61.238817797738164],[48.69528207195802,61.249525372263605],[48.711938298998746,61.25428429427669],[48.709558837992915,61.27094052131634],[48.698851263466324,61.279268634836654],[48.701230724472154,61.29592486187809],[48.73930210056527,61.30544270590141],[48.738112370062794,61.323288663445055],[48.711938298998746,61.364929231046546],[48.666728539887444,61.42917467820557]]]]}},{"type":"Feature","properties":{"kind":"district","id":"uyezd-1897-54","name":"Никольский","provinceId":"vologda"},"geometry":{"type":"MultiPolygon","coordinates":[[[[48.23990681351033,60.177644557277716],[48.22919923898374,60.2097672808559],[47.961509875827915,60.26925380600183],[47.79494760541988,60.30732518209511],[47.61291883847359,60.3525349412066],[47.38924950392581,60.40845227484264],[47.20246181496786,60.456041494959244],[47.13821636781071,60.476266913508894],[47.15130340334234,60.50244098457374],[47.173908282898,60.51433828960218],[47.078729842664515,60.554789126701465],[47.06802226813872,60.54408155217514],[47.03827900556557,60.550030204690344],[47.03233035305145,60.5309945166437],[46.97403355840842,60.54170209117002],[46.97641301941425,60.553599396198464],[46.953808139858594,60.554789126701465],[46.943100565332,60.54051236066702],[46.91335730275975,60.53932263016304],[46.90859838074809,60.5262355946315],[46.88242430968404,60.5262355946315],[46.87647565716911,60.50482044557886],[46.88837296219826,60.49887179306552],[46.88004484867821,60.4893539490422],[46.88599350119243,60.47507718300589],[46.88004484867821,60.46436960848045],[46.88837296219826,60.45723122546225],[46.89908053672477,60.43105715439927],[46.86695781314589,60.404883083334425],[46.86338862163669,60.389416586795996],[46.86933727415162,60.37157062925236],[46.78843559995384,60.30851491259821],[46.801522635485455,60.28234084153337],[46.76939991190649,60.245459195944065],[46.75393341536903,60.21928512487922],[46.733707996819206,60.233561890913755],[46.688498237708615,60.241890004434964],[46.60759656351003,60.258546231475506],[46.550489499370364,60.2525975789604],[46.48743378271577,60.238320812926744],[46.46125971165182,60.237131082423744],[46.44103429310199,60.250218117955185],[46.411291030529554,60.26092569248161],[46.391065611979734,60.253787309463405],[46.38273749845897,60.243079734937076],[46.36251207990995,60.233561890913755],[46.3327688173368,60.22880296890342],[46.30064609375783,60.235941351920744],[46.2804206752088,60.250218117955185],[46.17334492994617,60.28709976354636],[46.02462861708213,60.319222487124534],[45.840220389129925,60.35134521070271],[45.711729494815,60.331119792152975],[45.60703321055891,60.314463565113314],[45.58918725301492,60.29185868555669],[45.5761002174833,60.26211542298372],[45.58680779200909,60.237131082423744],[45.58204886999752,60.22642350789742],[45.50352665680548,60.21452620286711],[45.43452228763595,60.27044353650493],[45.363138457461396,60.28115111103036],[45.346482230420676,60.300186799077004],[45.335774655894085,60.30375599058699],[45.28937516628021,60.36681170724114],[45.24416540716962,60.394175508808985],[45.20490430057323,60.43938526791861],[45.15850481095946,60.44176472892559],[45.141848583918645,60.43462634590739],[45.13114100939285,60.41915984936897],[45.07046475374409,60.406072813837426],[45.01216795910116,60.389416586795996],[44.94435332043491,60.35967332422294],[44.93602520691495,60.34539655818938],[44.94911224244657,60.326360870141755],[44.961009547475626,60.318032756621534],[44.91936897987351,60.28353057203637],[44.833708383663975,60.26211542298372],[44.80277539058836,60.241890004434964],[44.75280670946539,60.15266021671597],[44.71711479437802,60.08722503905661],[44.68856126230824,60.080086656039384],[44.62907473716284,60.08365584754662],[44.61479797112786,60.06462015949998],[44.56482929000488,60.05986123748974],[44.53389629692927,60.05272285447154],[44.46013300574889,60.04558447145334],[44.40183621110595,60.04677420195643],[44.35186752998298,60.03725635793311],[44.271294492921015,59.99670905129737],[44.306986408008285,59.99313985978915],[44.306986408008285,59.96458632771919],[44.31888371303744,59.95149929218766],[44.32959128756394,59.930084143134124],[44.303417216499184,59.90985872458625],[44.22251554230131,59.90391007207106],[44.184444166208294,59.884874384024414],[44.147562520617655,59.874166809498085],[44.115439797038775,59.8753565400002],[44.07023003792817,59.884874384024414],[44.01193324328524,59.856320851953555],[43.956015909648144,59.81824947586027],[43.93935968260733,59.79802405731063],[43.96315429266554,59.78493702177909],[43.96315429266554,59.762332142224324],[43.952446718139754,59.74924510669102],[43.97267213668877,59.74448618468069],[43.9679132146772,59.73139914914738],[43.94173914361316,59.72664022713616],[43.95720564015132,59.706414808587404],[43.956015909648144,59.690948312048974],[43.98932836373039,59.67905100701955],[44.020261356806,59.67786127651744],[44.03572785334346,59.67072289349924],[44.02977920082924,59.64454882243449],[44.04762515837252,59.62432340388661],[44.02264081781183,59.61718502086841],[43.990518094232854,59.630272056399946],[43.94768779612809,59.631461786902946],[43.93816995210486,59.64692828344138],[43.90485749802261,59.64811801394447],[43.86678612192951,59.61837475137142],[43.81324824929814,59.612426098856304],[43.80135094426908,59.59220068030666],[43.78707417823419,59.571975261756926],[43.78945363924002,59.554129304213376],[43.80967905778984,59.54580119069395],[43.8180071713098,59.53628334667063],[43.80967905778984,59.52795523315031],[43.814437979801504,59.51605792812009],[43.831094206842224,59.508919545103666],[43.81562771030397,59.50178116208555],[43.80848932728657,59.48155574353591],[43.80254067477235,59.46133032498617],[43.833473667848054,59.44229463693953],[43.86916558293534,59.43277679291621],[43.88344234897023,59.41255137436745],[43.89414992349682,59.381618381291474],[43.857268277906186,59.381618381291474],[43.87035531343861,59.37091080676507],[43.87630396595283,59.34711619670632],[43.87035531343861,59.325701047653666],[43.82871474583639,59.31856266463635],[43.816817440807334,59.30071670709369],[43.78945363924002,59.27930155804006],[43.829536671121296,59.24171833230771],[43.849762089670406,59.23101075778139],[43.89735130978755,59.25004644582803],[43.95326864342465,59.245287523815925],[43.98063244499126,59.22030318325506],[44.02465247359929,59.21792372224994],[44.05677519717818,59.233390218786596],[44.099605495282944,59.24171833230771],[44.20668124054558,59.239338871301705],[44.21381962356307,59.22030318325506],[44.19954285752809,59.19412911219022],[44.266167765691065,59.1846112681669],[44.33279267385396,59.18580099866999],[44.32922348234566,59.160816658110015],[44.36015647542128,59.145350161570605],[44.397038121011825,59.15486800559482],[44.412504617549274,59.14416043106849],[44.399417582017655,59.12155555151364],[44.40774569553761,59.102519863466995],[44.399417582017655,59.093002019443674],[44.380381893971105,59.09419174994579],[44.375622971959444,59.1048993244722],[44.35539755340962,59.1001404024601],[44.33874132636889,59.05255118234438],[44.35896674491792,59.02637711127954],[44.34587970938638,58.996633848706566],[44.372053780450344,58.97402896915172],[44.382761354976935,58.91811163551479],[44.43154030559583,58.921680827023],[44.44462734112825,58.91573217450878],[44.46366302917481,58.919301366016995],[44.4815089867188,58.93476786255454],[44.506493327279486,58.93714732356143],[44.52433928482357,58.933578132051444],[44.58977446248399,58.96927004713961],[44.63022529958284,58.97283923864782],[44.65758910115015,58.987116004683244],[44.698039938249096,58.97521869965472],[44.70398859076403,58.960941933619296],[44.74443942786296,58.94428570657786],[44.77299295993275,58.920491096519996],[44.80987460552338,58.946665167584754],[44.83010002407241,58.97878789116293],[44.86817140016632,58.98830573518625],[44.871740591674616,59.00020304021469],[44.90862223726525,58.99901330971258],[44.91219142877355,58.98830573518625],[45.01688771303036,58.98235708267114],[45.02045690453946,58.9657008556314],[45.047820706105966,58.95975220311629],[45.08113316018742,58.94428570657786],[45.12039426678388,58.921680827023],[45.14894779885367,58.88004025942062],[45.16441429539192,58.87528133741038],[45.23222893405817,58.88122998992371],[45.261972196631234,58.858625110368855],[45.28457707618608,58.874091606907285],[45.320268991273366,58.88004025942062],[45.31313060825596,58.925250018531216],[45.336925218314974,58.92881921004032],[45.3607198283731,58.933578132051444],[45.37261713340225,58.95380355060118],[45.447570155085906,58.98830573518625],[45.50586694972884,58.943095976074765],[45.547507517330246,58.94428570657786],[45.552266439341906,58.92762947953811],[45.547507517330246,58.91692190501179],[45.56773293588016,58.91335271350366],[45.582009701915055,58.925250018531216],[45.582009701915055,58.94428570657786],[45.55345616984526,58.97640843015781],[45.55702536135357,59.013290075748],[45.6117529644882,59.01804899775922],[45.6641011066162,59.00615169273078],[45.68551625566849,58.98473654367804],[45.72715682327079,58.9680803166366],[45.71406978773837,58.94190624557265],[45.77355631288466,58.91573217450878],[45.88420124965559,58.90740406098847],[46.034107293022984,58.90740406098847],[46.13404465526813,58.920491096519996],[46.21613605996927,58.97164950814473],[46.2292230955009,59.01804899775922],[46.272053393605574,59.01804899775922],[46.29465827316123,58.983546813174144],[46.32083234422527,58.98592627418113],[46.3969750964122,59.01091061474111],[46.41957997596714,59.01804899775922],[46.43266701149956,59.014479806251096],[46.45170269954612,58.99068519619137],[46.477876770610074,58.96689058613449],[46.498102189159894,58.95261382009809],[46.481445962119174,58.943095976074765],[46.505240572177385,58.89907594746815],[46.500481650165725,58.88598891193484],[46.4873946146333,58.88598891193484],[46.486204884130835,58.87171214590039],[46.504050841674115,58.85981484087186],[46.502861111171555,58.849107266345534],[46.51951733821237,58.843158613830425],[46.506430302679945,58.8312613088019],[46.51951733821237,58.82055373427557],[46.51951733821237,58.80151804622893],[46.53617356525301,58.80151804622893],[46.57067574983781,58.775343975164084],[46.60517793442173,58.76939532265075],[46.632541735989136,58.75154936510623],[46.656336346047254,58.74084179058079],[46.69321799163781,58.75035963460411],[46.727720176222604,58.730134216054466],[46.81457050293541,58.74560071259111],[46.877626219589914,58.72894448555146],[46.975184120828516,58.74203152108291],[47.03467064597481,58.76820559214775],[47.09177771011447,58.76582613114076],[47.1536436962657,58.753928826111434],[47.15721288777489,58.71823691102416],[47.14055666073408,58.69563203146841],[47.11914151168169,58.68016553493176],[47.1357977387225,58.66112984688512],[47.166730731798125,58.64447361984368],[47.18457668934212,58.64566335034669],[47.26666809404327,58.63495577582036],[47.42014332891897,58.61354062676851],[47.48081958456781,58.62781739280305],[47.53197799619325,58.60997143526039],[47.58670559932709,58.60402278274519],[47.59860290435624,58.617109818276724],[47.63072562793512,58.618299548780705],[47.666417543022405,58.648042811353676],[47.68902242257805,58.6492325418549],[47.69616080559554,58.67064769090844],[47.502234733620114,58.732513677059586],[47.540306109713214,58.80032831572592],[47.57004937228636,58.797948854720715],[47.62953589743185,58.84196888332733],[47.712817032636266,58.93595759305843],[47.636674280449256,58.95975220311629],[47.58789532983036,59.01804899775922],[47.53435745719908,59.04779226033227],[47.549823953736535,59.076345792402236],[47.58432613832126,59.1001404024601],[47.616448861900224,59.10727878547732],[47.62239751441436,59.12036582101064],[47.661658621010744,59.13940150905728],[47.712817032636266,59.13702204805029],[47.74018083420279,59.1501090835836],[47.76159598325587,59.15843719710303],[47.77944194079916,59.157247466600026],[47.818703047395545,59.170334502133336],[47.84725657946541,59.15843719710303],[47.89960472159342,59.142970700565485],[47.94838367221311,59.138211778553384],[47.972178282271244,59.14178097006337],[47.98645504830702,59.15367827509181],[48.01024965836514,59.148919353079705],[48.023336693896766,59.16200638861213],[48.0471313039549,59.17152423263545],[48.05664914797822,59.178662615653565],[48.09353079356876,59.170334502133336],[48.11494594262123,59.160816658110015],[48.15301731871506,59.165575580120255],[48.1863297727965,59.16200638861213],[48.23272926241037,59.17390369364146],[48.239867645427765,59.18937019017998],[48.251764950456916,59.19055992068112],[48.2696109080002,59.18937019017998],[48.28983632655003,59.20126749520842],[48.291026057052505,59.21792372224994],[48.30530282308749,59.21435453073995],[48.365979078736245,59.24171833230771],[48.371927731251176,59.26670267286769],[48.393342880303564,59.28573836091433],[48.405240185332616,59.30477404896097],[48.395722341309394,59.31310216248218],[48.394532610806834,59.327378928517604],[48.37549692275948,59.33808650304402],[48.36835853974199,59.348794077570346],[48.35051258219879,59.35593246058668],[48.34575366018713,59.36782976561699],[48.361220156724585,59.37972707064543],[48.371927731251176,59.452300631322984],[48.400481263321055,59.479664432889855],[48.429034795390834,59.49037200741627],[48.437362908911595,59.5058385039547],[48.4409321004199,59.53082284451556],[48.47186509349632,59.55580718507731],[48.50041862556618,59.57960179513615],[48.45758832746063,59.66764185235027],[48.401670993824226,59.77471759761281],[48.32790770264313,59.94722852053658],[48.26366225548598,60.10903186893215],[48.23990681351033,60.177644557277716]]]]}},{"type":"Feature","properties":{"kind":"district","id":"uyezd-1897-569","name":"Яренский","provinceId":"vologda"},"geometry":{"type":"MultiPolygon","coordinates":[[[[46.00158853642184,64.25359309878333],[45.768401357850024,64.19410657363828],[45.911169018199935,64.04301079976726],[46.01824476346256,64.0192161897094],[46.18480703387068,63.96210912556849],[46.26213951656017,63.94664262903193],[46.39657906338932,63.94664262903193],[46.56671052530654,63.89786367841223],[46.796328512369165,63.83004903974597],[46.91887075416925,63.786029011137586],[47.02036214635005,63.76496093481637],[47.09174597652532,63.71261279268678],[47.13576600513265,63.66859276407918],[47.13814546613839,63.650746806535636],[47.15480169317911,63.62933165748378],[47.17145792022063,63.585311628876276],[47.1655092677057,63.5496197137882],[47.13576600513265,63.52463537322636],[47.065571905460565,63.487753727637056],[47.04058756489988,63.4556310040571],[47.03820810389405,63.42231854997681],[47.048915678419846,63.36759094684112],[47.10245355105111,63.32000172672451],[47.15837088468821,63.27955088962611],[47.18670379426116,63.27801587973411],[47.22715463136001,63.29229264577043],[47.349696873160894,63.256600730682266],[47.53529483161549,63.1864066310109],[47.6530781514039,63.181647708997815],[47.63880138536901,63.0507773536783],[47.48413641999004,62.96749621847451],[47.17242702822618,62.84852316818157],[47.29615900052954,62.69147874179721],[47.33779956813183,62.66649440123635],[47.42583962534711,62.63080248614827],[47.56741755519445,62.56417757798502],[47.628093810842515,62.562987847481935],[47.85652206740258,62.58797218804466],[48.175369842183926,62.560608386476815],[48.33598346007703,62.48803482579845],[48.3336039990712,62.247709264210215],[48.2360460978326,62.20130977459573],[48.21938987079196,62.14301297995466],[48.287204509457325,62.05497292273867],[48.26459962990248,61.933620411440614],[48.18964660821872,61.88603119132401],[47.981443770208486,61.862236581266146],[47.96835673467686,61.85033927623593],[48.30386073649885,61.8420111627165],[48.40141863773745,61.8432008932195],[48.42045432578401,61.84677008472772],[48.44067974433382,61.83368304919618],[48.4275927088015,61.82416520517286],[48.45019758835714,61.81702682215475],[48.44900785785458,61.80869870863444],[48.42283378678984,61.80393978662322],[48.444248935842126,61.773006793547246],[48.46328462388948,61.75278137499849],[48.52396087953744,61.72303811242543],[48.6262777027885,61.659982395769504],[48.641744199326666,61.64451589923286],[48.62508797228594,61.6123931756529],[48.550134950602285,61.52435311843878],[48.547755489596454,61.50888662190026],[48.61319066725687,61.44226171373701],[48.6262777027885,61.4363130612219],[48.666728539887444,61.42917467820557],[48.65096338672123,61.47131463885673],[48.656912039236246,61.49629897941937],[48.71758829488492,61.52961143349967],[48.811577004615216,61.574821192611154],[48.87820191277811,61.61289256870346],[48.97219062250832,61.668809902340385],[48.988846849549034,61.64977421429374],[49.21013672309179,61.62716933473897],[49.490913121779144,61.586718497640476],[49.70982353431607,61.61289256870346],[49.79191493901722,61.577200653617155],[49.88947284025572,61.590287689148695],[50.002497238033285,61.597426072165916],[50.09172702575192,61.62954879574498],[50.10243460027772,61.656912597311944],[50.12979840184502,61.664050980330146],[50.190474657493795,61.68903532089003],[50.31420662979714,61.72591696648119],[50.36536504142187,61.75328076804816],[50.393918573492456,61.77112672559268],[50.41057480053318,61.80086998816565],[50.459353751152875,61.824664598222626],[50.48433809171357,61.86154624381379],[50.549773269373986,61.88296139286555],[50.617587908040235,61.92579169097006],[50.63543386558423,61.93887872650336],[50.69967931274138,61.96148360605822],[50.704438234752956,61.982898755109986],[50.69492039072972,62.00431390416272],[50.70681769575879,62.02691878371935],[50.78058098693997,62.0887847698705],[50.886467001699245,62.14232264250221],[50.956661101371324,62.16254806105186],[51.00425032148766,62.17444536608039],[51.0554087331132,62.212516742173676],[51.11965418027026,62.25058811826598],[51.27669860665506,62.33030006196263],[51.44088141605735,62.42190931068674],[51.45039926008067,62.436186076722166],[51.45991710410391,62.44689365124849],[51.44801979907484,62.45522176476881],[51.465865756618925,62.45998068678003],[51.48609117516794,62.46117041728303],[51.500367941203635,62.46117041728303],[51.505126863215295,62.47306772231147],[51.48609117516794,62.47306772231147],[51.48252198365955,62.48139583583179],[51.48371171416211,62.49686233236933],[51.48609117516794,62.509949367901754],[51.49560901919118,62.51946721192596],[51.4908500971796,62.53136451695449],[51.51702416824436,62.54445155248594],[51.555095544337476,62.54088236097781],[51.56699284936653,62.55515912701226],[51.60149503395134,62.56110777952746],[51.57294150188075,62.57181535405378],[51.57413123238402,62.578953737071096],[51.58721826791644,62.578953737071096],[51.58721826791644,62.583712659082224],[51.57651069338985,62.590851042100425],[51.58245934590478,62.595609964112526],[51.590787459424746,62.59798942511774],[51.59673611193968,62.61464565215917],[51.61220260847713,62.63130187919883],[51.63956641004445,62.63962999271915],[51.67406859462916,62.63844026221703],[51.69191455217245,62.63606080121191],[51.7073810487107,62.64319918422913],[51.71689889273394,62.652717028252454],[51.75140107731873,62.664614333281875],[51.74426269430124,62.6741321773052],[51.74069350279214,62.68365002132852],[51.75853946033614,62.69435759585484],[51.777575148382695,62.70863436188849],[51.807318410955034,62.72053166691782],[51.82516436849903,62.72529058892992],[51.83349248201988,62.733618702450244],[51.82873356000822,62.745516007479665],[51.83230275151652,62.76336196502321],[51.91320442571519,62.78715657508107],[51.88822008515362,62.80381280212259],[51.88227143263869,62.813330646145914],[51.90487631219435,62.820469029162254],[51.926291461246734,62.812140915642914],[51.94532714929329,62.814520376648034],[51.932240113761665,62.825227951174355],[51.963173106837274,62.833556064694676],[51.995295830416254,62.833556064694676],[52.00124448293039,62.84188417821588],[52.00362394393622,62.85616094425042],[52.03336720650937,62.85973013575952],[52.0357466675152,62.874006901794054],[52.06192073857923,62.883524745817375],[52.06667966059081,62.8930425898407],[52.09880238416979,62.890663128835484],[52.129735377245396,62.901370703361906],[52.17137594484761,62.897801511851824],[52.22372408697569,62.91683719989847],[52.23324193099893,62.93468315744211],[52.248708427537096,62.93230369643699],[52.26060573256625,62.94420100146543],[52.283210612121096,62.94539073196843],[52.28915926463603,62.95728803699873],[52.30581549167675,62.95728803699873],[52.310574413688414,62.97513399454149],[52.33317929324407,62.973944264038394],[52.3355587542499,63.00844644862444],[52.30105656966518,62.99179022158292],[52.286779803630196,63.00963617912656],[52.29034899513859,63.02748213667108],[52.310574413688414,63.04056917220164],[52.286779803630196,63.050087016225945],[52.26060573256625,63.052466477231064],[52.25941600206298,63.057225399243165],[52.26298519357208,63.07388162628469],[52.23681112250803,63.09053785332435],[52.21420624295237,63.10719408036587],[52.20944732094071,63.122660576904295],[52.18565271088259,63.128609229417634],[52.16899648384178,63.152403839477266],[52.18803217188842,63.1654908750088],[52.20587812943161,63.1607319529967],[52.22491381747896,63.1654908750088],[52.240380314016335,63.15954222249369],[52.26060573256625,63.1643011445058],[52.279641420612805,63.18571629355844],[52.272503037595314,63.195234137581764],[52.285590073126926,63.203562251102085],[52.29867710865935,63.22854659166295],[52.349835520284884,63.24520281870358],[52.51401832968709,63.33205314541736],[52.58064323785007,63.38083209603609],[52.67582167808355,63.41652401112425],[52.740226456941755,63.427645409183214],[52.730708612918434,63.446681097229856],[52.647427477714814,63.518064927404325],[52.54154146295545,63.57279253053727],[52.48562412931835,63.588259027076674],[52.24648829823241,63.62514067266696],[52.12751524794072,63.62870986417508],[51.81223666466856,63.614433098139656],[51.65400250778039,63.62276121165997],[51.44579966977007,63.66321204875926],[51.37322610909224,63.69295531133321],[51.197145994660886,63.77028779402278],[51.01392749721204,63.836912702185145],[50.874729028371235,63.89283003582295],[50.644074719128184,64.09431228369333],[50.56793196694197,64.16807557487478],[49.96116941045507,64.29537673868705],[49.85290393468988,64.2204237170026],[49.86004231770737,64.19543937644264],[49.58521457153414,64.06218956011524],[49.381770655535476,64.04553333307372],[49.2413824561913,64.0360154890504],[49.13549644143204,64.05981009910914],[49.068871533269146,64.05029225508582],[49.035559079186896,64.05505117709704],[48.91777575939848,64.083604709167],[48.830925432685675,64.08836363118009],[48.645327474230996,64.12762473777539],[48.60963555914371,64.12405554626639],[48.59654852361139,64.15736800034846],[48.558477147518275,64.15379880884024],[48.523974962933465,64.1359528512967],[48.49780089186952,64.14785015632513],[48.4216581396833,64.13833231230181],[48.372879189063596,64.16093719185658],[48.45259113275891,64.2632540151072],[48.45378086326147,64.29537673868705],[48.46329870728471,64.33106865377336],[48.29554670637411,64.33939676729376],[47.88508968286848,64.3548632638321],[47.65547169580576,64.3631913773533],[47.38302341063837,64.34534541980878],[47.23073790626523,64.34296595880366],[46.92735662802133,64.33106865377336],[46.75008678308751,64.27634105063953],[46.716774329005176,64.28942808617185],[46.65014942084228,64.2632540151072],[46.4193417032771,64.27277185913051],[46.15403180112631,64.29299727768097],[46.00158853642184,64.25359309878333]]]]}},{"type":"Feature","properties":{"kind":"district","id":"uyezd-1897-675","name":"Вологодский","provinceId":"vologda"},"geometry":{"type":"MultiPolygon","coordinates":[[[[39.607895160044876,58.898028327189444],[39.60657214926181,58.950125095456315],[39.64821271686361,58.98700674104566],[39.664868943904196,58.99057593255475],[39.68747382345987,59.004852698590184],[39.69699166748296,59.03459596116318],[39.73982196558791,59.0655289542392],[39.77551388067542,59.05482137971194],[39.799308490734234,59.09765167781734],[39.83737986682729,59.11549763536186],[39.87069232090846,59.11549763536186],[39.88377935644104,59.09884140832037],[39.906384235995915,59.09884140832037],[39.923040463037296,59.1214462878761],[39.95040426460412,59.11430790485883],[39.99799348472101,59.154758741959085],[40.034875130310866,59.15832793346726],[40.06223893187848,59.18093281302117],[40.083654080930216,59.177363621512995],[40.11220761300018,59.18331227402905],[40.128863840040765,59.20829661458811],[40.14670979758529,59.220193919618396],[40.14314060607575,59.242798799173215],[40.15503791110518,59.242798799173215],[40.171694138146506,59.23922960766413],[40.1800222516664,59.24993718219139],[40.19429901770138,59.26778313973409],[40.216903897257055,59.26778313973409],[40.238319046309584,59.27968044476256],[40.226915397976605,59.289213331312624],[40.216903897257055,59.297526402307085],[40.23118066329209,59.31656209035373],[40.23950877681273,59.3320285868931],[40.21571416675391,59.33559777840128],[40.21452443625151,59.34273616141854],[40.24307796832147,59.34630535292672],[40.24902662083582,59.37009996298548],[40.25973419536206,59.39746376455241],[40.25854446485965,59.42482756611935],[40.28471853592333,59.437914601652665],[40.30375422396946,59.4569502896984],[40.27520069190024,59.45814002020143],[40.26687257837955,59.47598597774504],[40.21333470574831,59.49026274377957],[40.18359144317594,59.504539509815004],[40.21095524474197,59.55569792143888],[40.12767410953836,59.524764928365585],[40.10150003847474,59.52833411987376],[40.08008488942221,59.535472502891025],[40.08722327243976,59.558077382446754],[40.07532596741032,59.578302800996426],[40.08722327243976,59.59257956703095],[40.084843811434155,59.60328714155639],[40.06580812338643,59.60328714155639],[40.05855507030117,59.63483851534056],[39.956352917119204,59.643737978654826],[39.87069232090846,59.60566660256245],[39.862364207388566,59.58663091451672],[39.787411185704855,59.55569792143888],[39.706509511506,59.535472502891025],[39.711268433517944,59.5176265453465],[39.75290900111975,59.51048816232924],[39.787411185704855,59.535472502891025],[39.80406741274538,59.52357519786074],[39.750529540114144,59.49740112679865],[39.72911439106167,59.45338109818931],[39.70413005050045,59.45219136768719],[39.637505142337375,59.48431409126533],[39.58158780870059,59.50691897082106],[39.5316191275781,59.52357519786074],[39.51020397852483,59.55093899942767],[39.436440687345055,59.578302800996426],[39.41859472980053,59.59614875853913],[39.37100550968444,59.61994336859789],[39.27939626096014,59.65920447519329],[39.25322218989572,59.68180935474902],[39.21039189179152,59.69608612078355],[39.20087404776763,59.71512180883201],[39.16399240217697,59.730588305368656],[39.14376698362764,59.75795210693468],[39.105695607534585,59.784126178000406],[39.10688533803699,59.80197213554493],[39.1009366855227,59.817438632081576],[39.09325823783905,59.846607168561604],[39.044479287220156,59.84422770755555],[38.9861824925772,59.825192019508904],[38.9611981520157,59.80734606196529],[38.919557584413496,59.81091525347347],[38.89338351334948,59.789500104422586],[38.89219378284696,59.76808495536898],[38.93621381145425,59.770464416375944],[38.950490577489916,59.7514287283293],[38.96833653503319,59.74429034531113],[38.96476734352484,59.73120330977963],[38.979044109559766,59.70859843022299],[38.94692138598083,59.69551139469149],[38.919557584413496,59.69551139469149],[38.92431650642516,59.66933732362668],[38.93383435044842,59.64673244407186],[38.979044109559766,59.63721460004854],[38.979044109559766,59.61579945099675],[39.002838719617955,59.60390214596646],[38.96476734352484,59.55869238685682],[38.93621381145425,59.564641039370144],[38.88981432184113,59.54798481233047],[38.885055399829525,59.530138854785946],[38.86364025077637,59.52419020227262],[38.864829981279684,59.51586208875051],[38.88981432184113,59.508723705734155],[38.89338351334948,59.49682640070387],[38.92907542843676,59.50039559221386],[38.9695262655365,59.49444693969872],[38.98499276207389,59.477790712657225],[38.945731655477516,59.47184206014299],[38.89933216586445,59.47065232964087],[38.838655910215664,59.46708313813269],[38.795825612110946,59.465893407629665],[38.72454459815207,59.470020744312066],[38.638884001941825,59.467641283306854],[38.61152020037531,59.454554247773544],[38.61627912238697,59.43194936821878],[38.687662952561524,59.3986369141376],[38.686473222058964,59.37841149558786],[38.70193971859642,59.36889365156454],[38.71740621513467,59.347478502511],[38.74358028619862,59.347478502511],[38.76261597424518,59.34509904150579],[38.83043061291143,59.35104769402099],[38.86374306699288,59.35580661603123],[38.86374306699288,59.34152984999767],[38.87088145001037,59.33320173647647],[38.817343577379006,59.304648204406504],[38.8244819603965,59.29275089937797],[38.855414953472916,59.29156116887496],[38.855414953472916,59.27847413334166],[38.816153846876446,59.2558692537868],[38.80425654184739,59.254679523284686],[38.791169506314965,59.26538709781012],[38.77332354877177,59.26538709781012],[38.73287271167212,59.25348979278168],[38.70074998809386,59.2499206012717],[38.655540228982545,59.22255679970473],[38.63531481043353,59.21303895568239],[38.622227774901106,59.21184922517841],[38.604381817357904,59.19638272864175],[38.59129478182548,59.18567515411543],[38.57820774629306,59.167829196570906],[38.55084394472655,59.154742161039366],[38.54013637019996,59.16663946606879],[38.50801364662098,59.155931891542465],[38.477080653545364,59.13927566450094],[38.461614157007915,59.12380916796428],[38.44495792996727,59.10239401891066],[38.44019900795561,59.082168600361015],[38.44138873845809,59.066702103824355],[38.42354278091409,59.069081564829474],[38.41045574538247,59.05837399030315],[38.41402493689077,59.04052803275951],[38.39379951834175,59.03457938024441],[38.407457082603486,59.01224245547019],[38.45742576372565,59.0158116469784],[38.51215336686028,59.02176029949351],[38.528809593901,59.013432185972306],[38.527619863397646,58.999155419936876],[38.558552856473355,58.987258114908435],[38.583537197034744,58.993206767423544],[38.582347466532276,59.00748353345719],[38.623988034133774,59.003914341948985],[38.625177764637044,58.995586228428664],[38.67871563726831,59.005104072451985],[38.720356204869816,58.992017036920544],[38.747720006437035,58.993206767423544],[38.82862168063571,58.992017036920544],[38.84170871616733,59.005104072451985],[38.86669305672882,58.999155419936876],[38.85598548220223,58.97655054038202],[38.86312386521972,58.969412157363905],[38.87978009226045,58.96822242686268],[38.884539014272015,58.9729813488739],[38.9023849718161,58.96822242686268],[38.90119524131363,58.96227377434748],[38.91547200734843,58.96227377434748],[38.92974877338341,58.96822242686268],[38.940456347909205,58.96465323535269],[38.941646078412475,58.95513539132937],[38.96306122746486,58.94799700831206],[38.976148262997285,58.94918673881604],[38.98566610702051,58.95632512183238],[38.9999428730554,58.95870458283936],[39.02373748311362,58.93847916428874],[39.08560346926494,58.933720242277516],[39.11653646234056,58.94680727780906],[39.1534181079311,58.94680727780906],[39.166505143463525,58.934909972780616],[39.18435110100681,58.93609970328273],[39.19743813653915,58.920633206746075],[39.20457651955664,58.932530511774516],[39.22242247710072,58.930151050769396],[39.22242247710072,58.920633206746075],[39.24145816514718,58.918253745739094],[39.258114392187906,58.89564886618423],[39.285478193755225,58.89683859668635],[39.306893342807605,58.88732075266303],[39.321170108842495,58.89683859668635],[39.324739300350885,58.91230509322398],[39.333067413871646,58.919443476243075],[39.3735182509705,58.911115362722754],[39.39017447801122,58.88494129165791],[39.41991774058437,58.89921805769245],[39.453230194665906,58.89921805769245],[39.46988642170653,58.88613102216091],[39.49606049277058,58.88018236964581],[39.51509618081714,58.88732075266303],[39.53770106037279,58.88732075266303],[39.55911620942517,58.89683859668635],[39.57458270596342,58.89683859668635],[39.58291081948339,58.88732075266303],[39.591238933004064,58.89683859668635],[39.607895160044876,58.898028327189444]]]]}},{"type":"Feature","properties":{"kind":"district","id":"uyezd-1897-676","name":"Вельский","provinceId":"vologda"},"geometry":{"type":"MultiPolygon","coordinates":[[[[39.90584417133044,60.34986317129551],[39.93720255900367,60.32473349071827],[39.99906854515481,60.30728411000929],[39.99430962314369,60.267626426578346],[40.00382746716683,60.17086167900747],[40.01969054053886,60.14230814693751],[40.06727976065573,60.14230814693751],[40.06410714598084,60.105823078181885],[40.07838391201582,60.08678739013613],[40.12399024796109,60.09571036890702],[40.15135404952787,60.0909514468958],[40.18704596461532,60.10165902142124],[40.22392761020605,60.09690009941002],[40.204891922159135,60.115935787457644],[40.22630707121161,60.1290228229882],[40.26675790831099,60.12664336198308],[40.309588206416024,60.12307417047398],[40.35003904351541,60.104038482427335],[40.411905029666556,60.109987134941555],[40.45354559726832,60.09690009941002],[40.50113481738519,60.06834656734006],[40.58917487460073,60.06120818432284],[40.633194903208945,60.050500609795535],[40.68554304533704,60.05169034029862],[40.69268142835453,60.06120818432284],[40.68316358433138,60.07548495035737],[40.77001391104383,60.08619252488458],[40.7985674431138,60.119504978965765],[40.84020801071637,60.130212553491205],[40.84615666323067,60.15400716354995],[40.84496693272749,60.17780177360869],[40.8497258547395,60.189699078637226],[40.871141003791976,60.17899150411179],[40.93657618145258,60.15757635505816],[40.9615605220138,60.15638662455605],[40.99011405408305,60.165904468578475],[41.01390866414189,60.18256069561991],[41.046031387720596,60.18850934813413],[41.0841027638137,60.18494015662512],[41.094149376949076,60.207677228459055],[41.05607800085606,60.21481561147628],[41.053698539850494,60.2302821080148],[41.035852582306674,60.2302821080148],[41.010868241745456,60.226712916506585],[41.003729858727965,60.233851299523806],[41.03109366029484,60.24455887404925],[41.0275244687861,60.269543214610195],[41.00967851124228,60.29452755517195],[40.99302228420173,60.319511895732816],[40.96684821313733,60.32427081774492],[40.957330369114274,60.356393541323094],[40.96327902162859,60.38375734289005],[40.988263362189805,60.386136803896065],[40.99778120621366,60.39446491741727],[41.02633473828362,60.36353192434032],[41.0667855753823,60.34806542780278],[41.15125644108909,60.37186003786152],[41.17980997315905,60.40636222244571],[41.24405542031656,60.40636222244571],[41.26903976087778,60.392085456410285],[41.290454909930254,60.4075519529488],[41.322577633509056,60.41112114445693],[41.31424951998909,60.39803410892637],[41.33328520803529,60.392085456410285],[41.37373604513467,60.39446491741727],[41.41775607374208,60.38375734289005],[41.45463771933272,60.3587730023291],[41.478432329390756,60.354014080317],[41.45463771933272,60.33854758378034],[41.468914485367705,60.33140920076312],[41.464155563355774,60.3171324347277],[41.44036095329774,60.295717285674954],[41.42132526525083,60.28500971114951],[41.41537661273644,60.269543214610195],[41.43441230078334,60.26002537058777],[41.44393014480649,60.227902647009586],[41.47486313788201,60.21124641996718],[41.49984747844323,60.19934911493962],[41.5022269394496,60.17674423538388],[41.633097294770174,60.18745180990932],[41.69972220293316,60.15651881683335],[41.78895199065197,60.127965284763384],[41.943616956030496,60.1803134268921],[41.95908345256866,60.207677228459055],[41.98287806262678,60.226712916506585],[42.0280878217381,60.24455887404925],[42.0340364742524,60.269543214610195],[42.050692701292945,60.28144051964041],[42.07329758084869,60.28025078913741],[42.10304084342184,60.2707329451132],[42.12683545347987,60.27311240611921],[42.14944033303553,60.29214809416585],[42.170855482088,60.32665027875012],[42.19108090063738,60.33735785327734],[42.2291522767304,60.33735785327734],[42.27079284433225,60.3183221652307],[42.294587454391,60.3183221652307],[42.31957179495231,60.336168122773444],[42.355263710039765,60.3659113853473],[42.38857616412094,60.370670307359404],[42.425457809711574,60.370670307359404],[42.469477838319705,60.36234219383918],[42.63366064772137,60.35996273283308],[42.663403910294605,60.3671011158503],[42.70147528638763,60.382567612386964],[42.73002881845768,60.376618959872744],[42.734787740469514,60.39446491741727],[42.620573612189574,60.41944925797911],[42.57060493106714,60.41825952747601],[42.56584600905521,60.43967467652689],[42.62890172571025,60.47417686111294],[42.64317849174523,60.50867904569712],[42.76572073354514,60.533663386258965],[42.84305321623444,60.56102718782583],[42.907298663391856,60.59552937241001],[42.964405727531876,60.66572347208148],[42.9299035429476,60.70617430918086],[42.945370039485766,60.72877918873651],[42.932283003953074,60.75257379879535],[42.89897054987199,60.77993760036222],[42.86446836528691,60.8180089764555],[42.868037556795656,60.83466520349516],[42.851381329755114,60.86083927455912],[42.82639698919381,60.87035711858333],[42.82520725869071,60.88463388461787],[42.83710456372005,60.90247984216239],[42.88112459232826,60.88939280662908],[42.926334351438854,60.88225442361177],[42.96797491904062,60.89058253713209],[43.00009764261933,60.914377147190834],[43.03578955770688,60.91556687769295],[43.12263988441995,60.90247984216239],[43.179746948559966,60.90010038115629],[43.21781832465307,60.90129011165939],[43.2677870057755,60.91675660819604],[43.41650331863981,60.851321430536686],[43.44386712020659,60.853700891541806],[43.46052334724794,60.841803586513365],[43.5473736739603,60.852511161039686],[43.568788823012774,60.87154684908633],[43.69252079531586,60.86797765757635],[43.72107432738582,60.88106469310877],[43.754386781467716,60.88225442361177],[43.774612200017,60.87630577109755],[43.826960342145895,60.87511604059543],[43.76866354750278,60.89891065065329],[43.6972797173277,60.91556687769295],[43.6972797173277,60.923894991215136],[43.6841926817959,60.933412835237476],[43.70441810034528,60.94887933177502],[43.7234537883921,61.02621181446468],[43.73773055442717,61.04762696351733],[43.781750583034494,61.065472921061854],[43.88049821477708,61.064283190558854],[44.04825021568749,61.05238588552855],[44.188638415031924,61.065472921061854],[44.48607104076045,61.10116483614914],[44.74186309888721,61.136856751235435],[44.860836149178986,61.12495944620602],[44.903666447284024,61.140425942744535],[45.025018958581455,61.19039462386715],[45.07974656171511,61.20586112040567],[45.09759251925884,61.283193603094354],[45.45451167013374,61.375992582322354],[45.46759870566554,61.35576716377271],[45.47116789717428,61.32602390119975],[45.448563017618625,61.3057984826501],[45.458080861642486,61.298660099632784],[45.49853169874106,61.303419021644004],[45.49139331572357,61.31888551818243],[45.48663439371245,61.345059589245494],[45.49139331572357,61.36409527729214],[45.53184415282304,61.37123366031123],[45.50091115974752,61.455704526018025],[45.28081101670821,61.55564188826246],[45.228462874579414,61.5675391932909],[45.14161254786696,61.58062622882332],[45.029777880592675,61.59490299485786],[44.65501277217484,61.73172200269346],[44.244555748668674,61.88519723757058],[44.0798624242249,61.94318977423522],[44.0798624242249,61.92891300819882],[44.039411587126054,61.896790284620735],[43.987063444997965,61.87775459657409],[43.77053249346696,61.84563187299591],[43.71461515983057,61.808750227404744],[43.58731399601812,61.78138642583778],[43.46120256270973,61.75283289376782],[43.363644661470424,61.73141774471517],[43.32200409386813,61.71119232616543],[43.28274298727255,61.68977717711367],[43.25299972469941,61.673120950072146],[43.25062026369366,61.657654453535585],[43.25418945520197,61.63267011297286],[43.25180999419614,61.61839334693921],[43.22087700112051,61.6053063114059],[43.13997532692264,61.58032197084592],[43.103093681332005,61.56247601330139],[43.092386106805506,61.54700951676297],[43.06502230523898,61.53987113374663],[42.97698224802291,61.53749167273965],[42.925823836397385,61.53511221173453],[42.85325027571956,61.50061002715025],[42.783056176047566,61.44707215451854],[42.75212318297186,61.443502963010324],[42.72000045939288,61.42208781395856],[42.68668800531144,61.40781104792225],[42.67003177827071,61.40900077842525],[42.65218582072752,61.39234455138559],[42.636719324189265,61.38163697685927],[42.617683636142715,61.37568832434407],[42.609355522621954,61.33404775674266],[42.586750643067006,61.31620179919814],[42.55224845848229,61.2971661111515],[42.55224845848229,61.31977099070626],[42.5379716924474,61.32690937372446],[42.54273061445897,61.3399964092559],[42.50703869937169,61.356652636297426],[42.458259748752084,61.367360210822866],[42.41304998964157,61.36379101931563],[42.29050774784069,61.39948293440193],[42.1608271230232,61.433985118987],[42.13346332145589,61.45777972904486],[42.112048172403505,61.46372838156006],[42.064458952287076,61.45896945954884],[42.05256164725802,61.450641346028526],[42.03709515071985,61.4399337715022],[41.97760862557436,61.426846735968894],[41.931209135960486,61.39829320389893],[41.84911773125934,61.36854994132587],[41.80509770265131,61.36617048032075],[41.769405787564025,61.38163697685927],[41.731334411470925,61.36617048032075],[41.644484084758204,61.38044724635529],[41.62306893570582,61.40305212591192],[41.59451540363514,61.41256996993524],[41.59451540363514,61.432795388483996],[41.615930552688326,61.450641346028526],[41.62663812721412,61.4827640696067],[41.68969384386871,61.54463005575785],[41.738472794488416,61.5708041268226],[41.82651285170369,61.61363442492622],[41.774164709575686,61.67074148906703],[41.73658922074823,61.68101561557073],[41.68543080912271,61.66911831054042],[41.62118536196484,61.67625669355853],[41.49983285066803,61.66197992752409],[41.49269446765062,61.646513430985564],[41.427259289990204,61.62152909042381],[41.39275710540549,61.60368313288106],[41.35111653780319,61.59178582785076],[41.32494246673923,61.566801487290874],[41.30709650919515,61.54538633823813],[41.18574399789843,61.487089543595204],[41.175036423371836,61.46924358605156],[41.1655185793486,61.43593113197038],[41.13934450828456,61.41332625241375],[41.091755288168216,61.40023921688221],[41.04892499006265,61.37406514581746],[41.01442280547873,61.37406514581746],[40.98943846491725,61.38239325933867],[40.93709032278916,61.36930622380713],[40.90139840770117,61.36930622380713],[40.87879352814632,61.38953164235589],[40.83358376903492,61.40499813889343],[40.79670212344517,61.40142894738531],[40.73364640679049,61.407377599900414],[40.67772907315339,61.407377599900414],[40.63489877504871,61.38834191185377],[40.60991443448714,61.38715218135077],[40.57779171090825,61.410946791408634],[40.53615114330675,61.407377599900414],[40.56708413638246,61.37049595430925],[40.59563766845224,61.35502945777082],[40.60991443448714,61.33480403922108],[40.5658944058791,61.28602508860148],[40.55994575336497,61.23486667697674],[40.5623252143708,61.21107206691791],[40.53020249079182,61.192036378872245],[40.513546263751095,61.17894934333982],[40.502838689224504,61.15872392479017],[40.48737219268715,61.14206769774865],[40.498079767212936,61.125411470709],[40.53020249079182,61.115893626685676],[40.56113548386744,61.098047669141145],[40.61586308700207,61.06354548455785],[40.61229389549297,61.036181682990886],[40.6182425480079,61.01000761192604],[40.58730955493148,60.97431569683797],[40.542099795820974,60.971936235831876],[40.51116680274536,60.969556774826756],[40.492131114698715,60.95528000879133],[40.45524946910817,60.963608122311555],[40.42431647603255,60.97312596633488],[40.405280787986,60.98621300186828],[40.387434830442004,61.00405895941094],[40.357691567869566,61.01952545594936],[40.337466149319745,61.04332006600821],[40.28154881568264,61.08020171159751],[40.24109797858371,61.102806591154135],[40.203026602490596,61.12065254869689],[40.161386034888395,61.12779093171412],[40.10903789275959,61.14682661976076],[40.08881247421048,61.15515473328196],[40.0947611267247,61.1694314993165],[40.07929463018725,61.1741904213286],[40.06620759465491,61.1670520383104],[40.04717190660827,61.1730006908256],[40.01029026101772,61.175380151831604],[39.98649565095951,61.16110338579529],[39.95556265788389,61.14801635026376],[39.96389077140465,61.13730877573744],[39.9377167003399,61.12303200970201],[39.9377167003399,61.101616860651134],[39.91035289877338,61.08971955562083],[39.88298909720598,61.04332006600821],[39.868712331171174,61.01952545594936],[39.85324583463292,61.00167949840484],[39.85681502614202,60.97788488834796],[39.84610745161543,60.962418391808555],[39.866332870165344,60.954090278288234],[39.881799366703504,60.93862378175167],[39.8960761327384,60.92910593772835],[39.892757135798036,60.919744082191755],[39.882049561272254,60.90308785515026],[39.882049561272254,60.89238028062482],[39.886808483283914,60.8745343230803],[39.88918794428969,60.84836025201548],[39.910603093342104,60.83884240799216],[39.910603093342104,60.823375911455514],[39.923690128874455,60.81623752843734],[39.91179282384536,60.788873726870406],[39.882049561272254,60.757940733794385],[39.842788454675826,60.74009477625077],[39.82018357512021,60.72819747122139],[39.79400950405619,60.72224881870807],[39.81542465310855,60.712730974684746],[39.84992683769332,60.703213130661425],[39.8653933342315,60.680608251104786],[39.890377674792205,60.672280137584494],[39.890377674792205,60.66395202406511],[39.91179282384536,60.660382832555115],[39.89632632730718,60.65205471903482],[39.882049561272254,60.64372660551544],[39.897516057809696,60.63182930048515],[39.921310667868624,60.60922442093033],[39.945105277926814,60.59613738539883],[39.98793557603159,60.593757924391866],[39.99745342005485,60.572342775339166],[39.99745342005485,60.54259951276708],[40.01410964709561,60.53546112974891],[40.054560484194496,60.528322746732556],[40.05812967570364,60.49857948415956],[40.052181023188666,60.485492448628065],[40.02957614363379,60.475974604604744],[40.043852909668715,60.44861080303599],[39.989125306534106,60.43909295901267],[39.92012093736537,60.422436731972994],[39.90584417133044,60.34986317129551]]]]}},{"type":"Feature","properties":{"kind":"district","id":"uyezd-1897-677","name":"Тотемский","provinceId":"vologda"},"geometry":{"type":"MultiPolygon","coordinates":[[[[41.5022269394496,60.17674423538388],[41.505876099126255,60.14037268153329],[41.52967070918437,60.12966510700697],[41.52610151767617,60.10943968845732],[41.515393943149576,60.0927834614158],[41.5320501701902,60.082075886890365],[41.55703451075178,60.059471007335596],[41.55703451075178,60.01902017023622],[41.60224426986229,59.990466638166254],[41.62722861042377,59.95120553156996],[41.65340268148782,59.933359574026326],[41.703371362609985,59.93811849603665],[41.71645839814241,59.95477472307809],[41.76999627077368,59.95001580106598],[41.80330872485513,59.95001580106598],[41.81877522139338,59.94168768754664],[41.811636838375975,59.92027253849301],[41.7485811217213,59.926221191008125],[41.670058908528546,59.914323885979684],[41.67719729154604,59.87982170139363],[41.79973953334682,59.8274735592659],[41.815206029884195,59.80367894920706],[41.77475519278534,59.79535083568772],[41.78427303680857,59.78107406965229],[41.77475519278534,59.757279459594436],[41.72240705065734,59.75608972909143],[41.679576752551775,59.745382154565995],[41.67600756104348,59.72872592752447],[41.6260388799205,59.729915658026584],[41.542757744716795,59.74657188506811],[41.50230690761795,59.75608972909143],[41.45947660951238,59.754899998589316],[41.347641942238894,59.727536197021465],[41.28339649508103,59.73110538852959],[41.13586991271946,59.70850050897482],[41.03950174198342,59.62997829578216],[41.05853743002997,59.61808099075372],[41.05020931651001,59.60618368572341],[41.05853743002997,59.60023503321008],[41.05377850801831,59.587147997676766],[41.06210662153907,59.58476853667067],[41.05020931651001,59.56097392661379],[41.078762848579885,59.55026635208738],[41.079952579083155,59.53361012504594],[41.05020931651001,59.516953898006285],[41.040691472486785,59.50029767096476],[41.0264147064518,59.49077982694144],[41.0228455149427,59.47769279140902],[41.0049995573995,59.45984683386636],[40.99310225236955,59.4301035712933],[40.96573845080304,59.41225761374975],[40.92885680521249,59.418206266263084],[40.88245731559862,59.4253446492812],[40.75753561279279,59.40155003922334],[40.75396642128361,59.3801348901698],[40.73017181122539,59.35277108860373],[40.72660261971709,59.33373540055709],[40.7468280382662,59.33254567005408],[40.74801776876947,59.314699712510446],[40.786089144862586,59.31113052100045],[40.80869402441824,59.296853754965916],[40.842006478499684,59.28019752792439],[40.84557567000887,59.25283372635752],[40.87769839358696,59.218331541774226],[41.00262009639367,59.189778009703375],[41.10136772813554,59.18263962668606],[41.18107967183086,59.1540860946161],[41.188218054848264,59.160034747131206],[41.1727515583101,59.17550124366786],[41.17870021082503,59.18263962668606],[41.20844347339728,59.17312178266274],[41.207253742894814,59.158845016628206],[41.229858622449754,59.1576552861252],[41.24532511898792,59.149327172604885],[41.228668891947194,59.14337852008977],[41.26198134602865,59.138619598078556],[41.27030945954941,59.11244552701371],[41.2738786510578,59.07437415092043],[41.26555053753775,59.05414873237078],[41.24651484949128,59.02916439181081],[41.24651484949128,58.99852515935253],[41.28507093060371,58.991386776335304],[41.32671149820592,58.96402297476746],[41.370731526813955,58.96402297476746],[41.38500829284885,58.9842483933171],[41.48018673308162,59.013991655890074],[41.52896568370123,59.03064788293071],[41.520637570181265,59.047304109972146],[41.5610884072802,59.04968357097824],[41.62295439343153,59.07347818103521],[41.65269765600458,59.075857642041214],[41.68957930159522,59.08061656405332],[41.72051229467083,59.086565216568516],[41.72051229467083,59.091324138579736],[41.69433822360688,59.097272791094845],[41.708614989641774,59.11511874863848],[41.750255557243975,59.117498209644495],[41.80974208238947,59.11630847914149],[41.85614157200334,59.09013440807664],[41.893023217593885,59.081806294556415],[41.93228432418947,59.085375486064535],[41.93228432418947,59.10560090461516],[41.91919728865784,59.11511874863848],[41.95132001223611,59.12939551467302],[41.98463246631826,59.11630847914149],[42.00842707637648,59.117498209644495],[42.053636835487076,59.13534416718813],[42.028652494925595,59.152000394227784],[42.03341141693716,59.16270796875411],[42.051257374481246,59.167466890766306],[42.07981090655103,59.15675931624078],[42.11907201314741,59.160328507748105],[42.11193363012992,59.17460527378442],[42.14048716219979,59.18650257881295],[42.173799616281244,59.18769230931595],[42.185696921310395,59.21386638038071],[42.1571433892406,59.237660990437675],[42.188076382316225,59.2495582954671],[42.226147758410036,59.240040451443775],[42.26897805651481,59.248368564964004],[42.28801374456136,59.267404253010646],[42.31180835461957,59.285250210555176],[42.342741347695195,59.28762967156038],[42.362966766245016,59.30071670709369],[42.42364302189378,59.30071670709369],[42.458145206478584,59.255506947982205],[42.48669873854837,59.255506947982205],[42.514062540114885,59.261455600497314],[42.54856472469969,59.25669667848521],[42.636604781915764,59.30904482061303],[42.68300427152884,59.306665359607024],[42.70917834259359,59.30190643759492],[42.68657346303794,59.26026586999342],[42.74130106617177,59.237660990437675],[42.775803250756574,59.2150561108838],[42.80078759131797,59.191261500824076],[42.82339247087292,59.18293338730385],[42.84123842841691,59.19602042283627],[42.87574061300171,59.19839988384228],[42.87812007400754,59.17579500428742],[42.906673606077334,59.18055392629775],[42.91619145010056,59.19958961434439],[42.91976064160895,59.22100476339713],[42.938796329656306,59.20434853635739],[42.99233420228687,59.20672799736259],[42.99947258530427,59.22457395490712],[43.01374935133996,59.22457395490712],[43.04944126642724,59.20910745836771],[43.064907762964694,59.228143146414354],[43.063718032462134,59.243609642953764],[43.082753720508684,59.26026586999342],[43.15532728118651,59.266214522508534],[43.12915321012255,59.28762967156038],[43.13510186263669,59.30071670709369],[43.17555269973642,59.29952697658971],[43.16960404722149,59.29000913256728],[43.21838299784119,59.270973444520635],[43.245746799407705,59.2507480259701],[43.28738736700991,59.261455600497314],[43.33616631762961,59.228143146414354],[43.33735604813288,59.21981503289404],[43.3123717075714,59.21029718887072],[43.346873892156204,59.203158805854386],[43.389704190260886,59.21148691937381],[43.412309069815734,59.23409179893044],[43.34568416165284,59.26859398351374],[43.374237693722634,59.28643994105729],[43.41944745283403,59.2983372460867],[43.48012370848199,59.29595778508158],[43.53485131161662,59.31023455111701],[43.54912807765152,59.33283943067178],[43.607424872294445,59.35663404072964],[43.697844390515556,59.35901350173485],[43.74781307163861,59.35306484922151],[43.771607681696736,59.33402916117487],[43.769228220690906,59.28287074954828],[43.78945363924002,59.27930155804006],[43.816817440807334,59.30071670709369],[43.82871474583639,59.31856266463635],[43.87035531343861,59.325701047653666],[43.87630396595283,59.34711619670632],[43.87035531343861,59.37091080676507],[43.857268277906186,59.381618381291474],[43.89414992349682,59.381618381291474],[43.88344234897023,59.41255137436745],[43.86916558293534,59.43277679291621],[43.833473667848054,59.44229463693953],[43.80254067477235,59.46133032498617],[43.80848932728657,59.48155574353591],[43.81562771030397,59.50178116208555],[43.831094206842224,59.508919545103666],[43.814437979801504,59.51605792812009],[43.80967905778984,59.52795523315031],[43.8180071713098,59.53628334667063],[43.80967905778984,59.54580119069395],[43.78945363924002,59.554129304213376],[43.78707417823419,59.571975261756926],[43.80135094426908,59.59220068030666],[43.81324824929814,59.612426098856304],[43.86678612192951,59.61837475137142],[43.90485749802261,59.64811801394447],[43.93816995210486,59.64692828344138],[43.94768779612809,59.631461786902946],[43.990518094232854,59.630272056399946],[44.02264081781183,59.61718502086841],[44.04762515837252,59.62432340388661],[44.02977920082924,59.64454882243449],[44.03572785334346,59.67072289349924],[44.020261356806,59.67786127651744],[43.98932836373039,59.67905100701955],[43.956015909648144,59.690948312048974],[43.95720564015132,59.706414808587404],[43.94173914361316,59.72664022713616],[43.9679132146772,59.73139914914738],[43.97267213668877,59.74448618468069],[43.952446718139754,59.74924510669102],[43.96315429266554,59.762332142224324],[43.96315429266554,59.78493702177909],[43.93935968260733,59.79802405731063],[43.956015909648144,59.81824947586027],[44.01193324328524,59.856320851953555],[44.07023003792817,59.884874384024414],[44.115439797038775,59.8753565400002],[44.147562520617655,59.874166809498085],[44.184444166208294,59.884874384024414],[44.22251554230131,59.90391007207106],[44.303417216499184,59.90985872458625],[44.32959128756394,59.930084143134124],[44.31888371303744,59.95149929218766],[44.306986408008285,59.96458632771919],[44.306986408008285,59.99313985978915],[44.271294492921015,59.99670905129737],[44.22132581179804,60.005037164818575],[44.1987209322431,60.020503661357004],[44.16540847816165,60.03121123588244],[44.145183059611824,60.0550058459403],[44.135665215588595,60.10021560505179],[44.140424137600256,60.14185617265319],[44.16540847816165,60.16565078271283],[44.16302901715582,60.208481080817336],[44.17135713067587,60.248931917915826],[44.149941981623485,60.27153679747246],[44.147562520617655,60.304849251553634],[44.124957641062004,60.328643861611496],[44.09878356999796,60.31793628708508],[44.05833273289911,60.31079790406697],[44.01193324328524,60.29652113803243],[43.996466746747785,60.30246979054665],[43.976241328197965,60.328643861611496],[43.953636448642314,60.33221305312051],[43.94887752663065,60.35005901066326],[43.978620789203795,60.3690946987099],[44.00479486026775,60.401217422289854],[43.9334110300932,60.43334014586803],[43.951256987636484,60.46070394743579],[43.953636448642314,60.492826671013965],[43.94411860461899,60.52613912509514],[43.94768779612809,60.561831040182334],[43.96196456216298,60.58205645873207],[43.9750515976946,60.57729753671997],[43.98337971121536,60.5939537637614],[44.05476354138992,60.61417918231202],[44.10235276150715,60.62726621784347],[44.124957641062004,60.629645678848675],[44.145183059611824,60.64511217538622],[44.13685494609106,60.65463001940954],[44.13685494609106,60.69270139550282],[44.145183059611824,60.720065197069786],[44.16778793916748,60.72363438857977],[44.17135713067587,60.74267007662544],[44.182064705202464,60.75932630366607],[44.179685244196634,60.78074145271872],[44.20466958475732,60.777172261210595],[44.22370527280387,60.80453606277756],[44.24393069135378,60.84022797786564],[44.20347985425476,60.84617663037986],[44.1737365916817,60.858073935408385],[44.135665215588595,60.89257611999346],[44.108301414021284,60.89852477250768],[44.07974788195149,60.89852477250768],[44.05476354138992,60.880678814965016],[43.94411860461899,60.87473016244982],[43.86202719991785,60.87473016244982],[43.826960342145895,60.87511604059543],[43.774612200017,60.87630577109755],[43.754386781467716,60.88225442361177],[43.72107432738582,60.88106469310877],[43.69252079531586,60.86797765757635],[43.568788823012774,60.87154684908633],[43.5473736739603,60.852511161039686],[43.46052334724794,60.841803586513365],[43.44386712020659,60.853700891541806],[43.41650331863981,60.851321430536686],[43.2677870057755,60.91675660819604],[43.21781832465307,60.90129011165939],[43.179746948559966,60.90010038115629],[43.12263988441995,60.90247984216239],[43.03578955770688,60.91556687769295],[43.00009764261933,60.914377147190834],[42.96797491904062,60.89058253713209],[42.926334351438854,60.88225442361177],[42.88112459232826,60.88939280662908],[42.83710456372005,60.90247984216239],[42.82520725869071,60.88463388461787],[42.82639698919381,60.87035711858333],[42.851381329755114,60.86083927455912],[42.868037556795656,60.83466520349516],[42.86446836528691,60.8180089764555],[42.89897054987199,60.77993760036222],[42.932283003953074,60.75257379879535],[42.945370039485766,60.72877918873651],[42.9299035429476,60.70617430918086],[42.964405727531876,60.66572347208148],[42.907298663391856,60.59552937241001],[42.84305321623444,60.56102718782583],[42.76572073354514,60.533663386258965],[42.64317849174523,60.50867904569712],[42.62890172571025,60.47417686111294],[42.56584600905521,60.43967467652689],[42.57060493106714,60.41825952747601],[42.620573612189574,60.41944925797911],[42.734787740469514,60.39446491741727],[42.73002881845768,60.376618959872744],[42.70147528638763,60.382567612386964],[42.663403910294605,60.3671011158503],[42.63366064772137,60.35996273283308],[42.469477838319705,60.36234219383918],[42.425457809711574,60.370670307359404],[42.38857616412094,60.370670307359404],[42.355263710039765,60.3659113853473],[42.31957179495231,60.336168122773444],[42.294587454391,60.3183221652307],[42.27079284433225,60.3183221652307],[42.2291522767304,60.33735785327734],[42.19108090063738,60.33735785327734],[42.170855482088,60.32665027875012],[42.14944033303553,60.29214809416585],[42.12683545347987,60.27311240611921],[42.10304084342184,60.2707329451132],[42.07329758084869,60.28025078913741],[42.050692701292945,60.28144051964041],[42.0340364742524,60.269543214610195],[42.0280878217381,60.24455887404925],[41.98287806262678,60.226712916506585],[41.95908345256866,60.207677228459055],[41.943616956030496,60.1803134268921],[41.78895199065197,60.127965284763384],[41.69972220293316,60.15651881683335],[41.633097294770174,60.18745180990932],[41.5022269394496,60.17674423538388]]]]}},{"type":"Feature","properties":{"kind":"district","id":"uyezd-1897-842","name":"Кадниковский","provinceId":"vologda"},"geometry":{"type":"MultiPolygon","coordinates":[[[[39.90584417133044,60.34986317129551],[39.81899384461764,60.366519398335186],[39.798768426067795,60.36057074582186],[39.69764133332012,60.38555508638183],[39.62863696415138,60.39388319990212],[39.62506777264224,60.37484751185548],[39.594134779566616,60.377226972861536],[39.56082232548516,60.34748371028854],[39.53702771542697,60.34748371028854],[39.521561218888735,60.3284480222419],[39.53226879341531,60.32606856123584],[39.4977666088306,60.290376646148616],[39.44303900569673,60.290376646148616],[39.42400331764941,60.26777176659289],[39.439469814187646,60.25349500055927],[39.38355248055052,60.248736078546244],[39.35975787049233,60.26658203609077],[39.33001460791917,60.26420257508562],[39.31216865037595,60.268961497095916],[39.2586307777446,60.257064192067446],[39.2586307777446,60.2332695820096],[39.186057217066775,60.20828524144781],[39.14084745795623,60.25587446156442],[39.100396620856486,60.25349500055927],[39.07779174130161,60.224941468489305],[39.03853063470524,60.192818744909346],[38.9695262655365,60.172593326359674],[38.950490577489916,60.105968418198245],[38.97547491805062,60.0916916521619],[39.00402845012047,60.07503542512222],[39.00997710263539,60.02149755248956],[39.01116683313791,59.96082129684146],[39.02544359917283,59.94178560879482],[39.04328955671684,59.920370459743026],[39.04091009571101,59.900145041193355],[39.06708416677503,59.87516070063157],[39.09325823783905,59.846607168561604],[39.1009366855227,59.817438632081576],[39.10688533803699,59.80197213554493],[39.105695607534585,59.784126178000406],[39.14376698362764,59.75795210693468],[39.16399240217697,59.730588305368656],[39.20087404776763,59.71512180883201],[39.21039189179152,59.69608612078355],[39.25322218989572,59.68180935474902],[39.27939626096014,59.65920447519329],[39.37100550968444,59.61994336859789],[39.41859472980053,59.59614875853913],[39.436440687345055,59.578302800996426],[39.51020397852483,59.55093899942767],[39.5316191275781,59.52357519786074],[39.58158780870059,59.50691897082106],[39.637505142337375,59.48431409126533],[39.70413005050045,59.45219136768719],[39.72911439106167,59.45338109818931],[39.750529540114144,59.49740112679865],[39.80406741274538,59.52357519786074],[39.787411185704855,59.535472502891025],[39.75290900111975,59.51048816232924],[39.711268433517944,59.5176265453465],[39.706509511506,59.535472502891025],[39.787411185704855,59.55569792143888],[39.862364207388566,59.58663091451672],[39.87069232090846,59.60566660256245],[39.956352917119204,59.643737978654826],[40.05855507030117,59.63483851534056],[40.06580812338643,59.60328714155639],[40.084843811434155,59.60328714155639],[40.08722327243976,59.59257956703095],[40.07532596741032,59.578302800996426],[40.08722327243976,59.558077382446754],[40.08008488942221,59.535472502891025],[40.10150003847474,59.52833411987376],[40.12767410953836,59.524764928365585],[40.21095524474197,59.55569792143888],[40.18359144317594,59.504539509815004],[40.21333470574831,59.49026274377957],[40.26687257837955,59.47598597774504],[40.27520069190024,59.45814002020143],[40.30375422396946,59.4569502896984],[40.28471853592333,59.437914601652665],[40.25854446485965,59.42482756611935],[40.25973419536206,59.39746376455241],[40.24902662083582,59.37009996298548],[40.24307796832147,59.34630535292672],[40.21452443625151,59.34273616141854],[40.21571416675391,59.33559777840128],[40.23950877681273,59.3320285868931],[40.23118066329209,59.31656209035373],[40.216903897257055,59.297526402307085],[40.226915397976605,59.289213331312624],[40.257315397976605,59.28691333131262],[40.26981539797661,59.29661333131262],[40.29701539797661,59.29661333131262],[40.31931539797661,59.30811333131262],[40.34331539797661,59.31131333131262],[40.38521539797661,59.32441333131262],[40.39551539797661,59.31951333131262],[40.43031539797661,59.315113331312624],[40.44831539797661,59.32491333131262],[40.48041539797661,59.32761333131262],[40.55381539797661,59.32981333131262],[40.59241539797661,59.33851333131262],[40.62941539797661,59.33851333131262],[40.647915397976604,59.36031333131262],[40.67071539797661,59.36681333131262],[40.69681539797661,59.38971333131262],[40.729515397976606,59.39511333131262],[40.75753561279279,59.40155003922334],[40.88245731559862,59.4253446492812],[40.92885680521249,59.418206266263084],[40.96573845080304,59.41225761374975],[40.99310225236955,59.4301035712933],[41.0049995573995,59.45984683386636],[41.0228455149427,59.47769279140902],[41.0264147064518,59.49077982694144],[41.040691472486785,59.50029767096476],[41.05020931651001,59.516953898006285],[41.079952579083155,59.53361012504594],[41.078762848579885,59.55026635208738],[41.05020931651001,59.56097392661379],[41.06210662153907,59.58476853667067],[41.05377850801831,59.587147997676766],[41.05853743002997,59.60023503321008],[41.05020931651001,59.60618368572341],[41.05853743002997,59.61808099075372],[41.03950174198342,59.62997829578216],[41.13586991271946,59.70850050897482],[41.28339649508103,59.73110538852959],[41.347641942238894,59.727536197021465],[41.45947660951238,59.754899998589316],[41.50230690761795,59.75608972909143],[41.542757744716795,59.74657188506811],[41.6260388799205,59.729915658026584],[41.67600756104348,59.72872592752447],[41.679576752551775,59.745382154565995],[41.72240705065734,59.75608972909143],[41.77475519278534,59.757279459594436],[41.78427303680857,59.78107406965229],[41.77475519278534,59.79535083568772],[41.815206029884195,59.80367894920706],[41.79973953334682,59.8274735592659],[41.67719729154604,59.87982170139363],[41.670058908528546,59.914323885979684],[41.7485811217213,59.926221191008125],[41.811636838375975,59.92027253849301],[41.81877522139338,59.94168768754664],[41.80330872485513,59.95001580106598],[41.76999627077368,59.95001580106598],[41.71645839814241,59.95477472307809],[41.703371362609985,59.93811849603665],[41.65340268148782,59.933359574026326],[41.62722861042377,59.95120553156996],[41.60224426986229,59.990466638166254],[41.55703451075178,60.01902017023622],[41.55703451075178,60.059471007335596],[41.5320501701902,60.082075886890365],[41.515393943149576,60.0927834614158],[41.52610151767617,60.10943968845732],[41.52967070918437,60.12966510700697],[41.505876099126255,60.14037268153329],[41.5022269394496,60.17674423538388],[41.49984747844323,60.19934911493962],[41.47486313788201,60.21124641996718],[41.44393014480649,60.227902647009586],[41.43441230078334,60.26002537058777],[41.41537661273644,60.269543214610195],[41.42132526525083,60.28500971114951],[41.44036095329774,60.295717285674954],[41.464155563355774,60.3171324347277],[41.468914485367705,60.33140920076312],[41.45463771933272,60.33854758378034],[41.478432329390756,60.354014080317],[41.45463771933272,60.3587730023291],[41.41775607374208,60.38375734289005],[41.37373604513467,60.39446491741727],[41.33328520803529,60.392085456410285],[41.31424951998909,60.39803410892637],[41.322577633509056,60.41112114445693],[41.290454909930254,60.4075519529488],[41.26903976087778,60.392085456410285],[41.24405542031656,60.40636222244571],[41.17980997315905,60.40636222244571],[41.15125644108909,60.37186003786152],[41.0667855753823,60.34806542780278],[41.02633473828362,60.36353192434032],[40.99778120621366,60.39446491741727],[40.988263362189805,60.386136803896065],[40.96327902162859,60.38375734289005],[40.957330369114274,60.356393541323094],[40.96684821313733,60.32427081774492],[40.99302228420173,60.319511895732816],[41.00967851124228,60.29452755517195],[41.0275244687861,60.269543214610195],[41.03109366029484,60.24455887404925],[41.003729858727965,60.233851299523806],[41.010868241745456,60.226712916506585],[41.035852582306674,60.2302821080148],[41.053698539850494,60.2302821080148],[41.05607800085606,60.21481561147628],[41.094149376949076,60.207677228459055],[41.0841027638137,60.18494015662512],[41.046031387720596,60.18850934813413],[41.01390866414189,60.18256069561991],[40.99011405408305,60.165904468578475],[40.9615605220138,60.15638662455605],[40.93657618145258,60.15757635505816],[40.871141003791976,60.17899150411179],[40.8497258547395,60.189699078637226],[40.84496693272749,60.17780177360869],[40.84615666323067,60.15400716354995],[40.84020801071637,60.130212553491205],[40.7985674431138,60.119504978965765],[40.77001391104383,60.08619252488458],[40.68316358433138,60.07548495035737],[40.69268142835453,60.06120818432284],[40.68554304533704,60.05169034029862],[40.633194903208945,60.050500609795535],[40.58917487460073,60.06120818432284],[40.50113481738519,60.06834656734006],[40.45354559726832,60.09690009941002],[40.411905029666556,60.109987134941555],[40.35003904351541,60.104038482427335],[40.309588206416024,60.12307417047398],[40.26675790831099,60.12664336198308],[40.22630707121161,60.1290228229882],[40.204891922159135,60.115935787457644],[40.22392761020605,60.09690009941002],[40.18704596461532,60.10165902142124],[40.15135404952787,60.0909514468958],[40.12399024796109,60.09571036890702],[40.07838391201582,60.08678739013613],[40.06410714598084,60.105823078181885],[40.06727976065573,60.14230814693751],[40.01969054053886,60.14230814693751],[40.00382746716683,60.17086167900747],[39.99430962314369,60.267626426578346],[39.99906854515481,60.30728411000929],[39.93720255900367,60.32473349071827],[39.90584417133044,60.34986317129551]]]]}},{"type":"Feature","properties":{"kind":"district","id":"uyezd-1897-843","name":"Грязовецкий","provinceId":"vologda"},"geometry":{"type":"MultiPolygon","coordinates":[[[[40.75753561279279,59.40155003922334],[40.729515397976606,59.39511333131262],[40.69681539797661,59.38971333131262],[40.67071539797661,59.36681333131262],[40.647915397976604,59.36031333131262],[40.62941539797661,59.33851333131262],[40.59241539797661,59.33851333131262],[40.55381539797661,59.32981333131262],[40.48041539797661,59.32761333131262],[40.44831539797661,59.32491333131262],[40.43031539797661,59.315113331312624],[40.39551539797661,59.31951333131262],[40.38521539797661,59.32441333131262],[40.34331539797661,59.31131333131262],[40.31931539797661,59.30811333131262],[40.29701539797661,59.29661333131262],[40.26981539797661,59.29661333131262],[40.257315397976605,59.28691333131262],[40.226915397976605,59.289213331312624],[40.238319046309584,59.27968044476256],[40.216903897257055,59.26778313973409],[40.19429901770138,59.26778313973409],[40.1800222516664,59.24993718219139],[40.171694138146506,59.23922960766413],[40.15503791110518,59.242798799173215],[40.14314060607575,59.242798799173215],[40.14670979758529,59.220193919618396],[40.128863840040765,59.20829661458811],[40.11220761300018,59.18331227402905],[40.083654080930216,59.177363621512995],[40.06223893187848,59.18093281302117],[40.034875130310866,59.15832793346726],[39.99799348472101,59.154758741959085],[39.95040426460412,59.11430790485883],[39.923040463037296,59.1214462878761],[39.906384235995915,59.09884140832037],[39.88377935644104,59.09884140832037],[39.87069232090846,59.11549763536186],[39.83737986682729,59.11549763536186],[39.799308490734234,59.09765167781734],[39.77551388067542,59.05482137971194],[39.73982196558791,59.0655289542392],[39.69699166748296,59.03459596116318],[39.68747382345987,59.004852698590184],[39.664868943904196,58.99057593255475],[39.64821271686361,58.98700674104566],[39.60657214926181,58.950125095456315],[39.607895160044876,58.898028327189444],[39.60908489054815,58.89088994417311],[39.61860273457147,58.88970021366913],[39.626930848091334,58.89326940517823],[39.668571415693634,58.87780290863971],[39.67333033770521,58.86352614260615],[39.72091955782163,58.842110993553405],[39.72567847983329,58.831403419026195],[39.753042281400525,58.8290239580201],[39.7780266219621,58.834972610536184],[39.80182123202022,58.8361623410383],[39.83989260811333,58.82069584449978],[39.8375131471075,58.80284988695712],[39.85892829615988,58.7933320429338],[39.86368721817154,58.776675815892276],[39.88867155873302,58.758829858348726],[39.94220943136439,58.756450397343514],[39.99931649550396,58.749312014325405],[40.01121380053311,58.758829858348726],[40.024300836065535,58.758829858348726],[40.03500841059123,58.72908659577567],[40.036198141094594,58.7017227942088],[40.055233829141144,58.687446028174264],[40.07664897819345,58.67673845364784],[40.052854368135314,58.67078980113274],[40.06951059517604,58.66008222660641],[40.09330520523426,58.655323304594305],[40.10639224076659,58.66008222660641],[40.107581971269056,58.66960007063062],[40.12066900680148,58.66365141811551],[40.15279173037975,58.64580546057098],[40.13256631183063,58.623200581016135],[40.11591008478991,58.60535462347249],[40.135136717237856,58.58916841342034],[40.17201836282845,58.580840299900956],[40.185105398360065,58.57251218638066],[40.224366504956436,58.549907306824025],[40.29931952664015,58.55823542034432],[40.344529285751435,58.53444081028647],[40.39568769737616,58.53444081028647],[40.405205541399425,58.55109703732796],[40.42900015145841,58.53682027129253],[40.55273212376096,58.55109703732796],[40.57652673381915,58.54514838481282],[40.61816730142141,58.582030030403985],[40.67884355707014,58.591547874427306],[40.77164253629786,58.58678895241428],[40.88466693407463,58.58797868291731],[40.89775396960624,58.57370191688278],[40.93106642368849,58.57370191688278],[40.94313357124739,58.581825722713816],[41.003809826896145,58.58896410573193],[41.010948209913636,58.602051141263466],[41.045450394498445,58.60681006327468],[41.071624465562394,58.61870736830499],[41.087090962100646,58.619897098807996],[41.10374718914129,58.63655332584854],[41.10374718914129,58.656778744398274],[41.13586991271946,58.66153766640949],[41.13943910422856,58.68414254596426],[41.16085425328103,58.69366038998758],[41.1763207498192,58.723403652560634],[41.18107967183086,58.74719826261938],[41.152526139760184,58.78526963871266],[41.13705964322282,58.80668478776532],[41.16085425328103,58.80668478776532],[41.16680290579596,58.81858209279385],[41.188218054848264,58.81977182329685],[41.20368455138571,58.809064248770525],[41.238186735970515,58.812633440280514],[41.170372097304266,58.8399972418465],[41.093039614614696,58.84832535536681],[41.052588777515844,58.85784319939013],[41.08590123159729,58.87449942643157],[41.1204034161821,58.886396731460096],[41.13943910422856,58.91376053302795],[41.15609533126937,58.9292270295646],[41.17870021082503,58.96134975314455],[41.21558185641477,58.96610867515479],[41.24651484949128,58.988713554710536],[41.24651484949128,58.99852515935253],[41.24651484949128,59.02916439181081],[41.26555053753775,59.05414873237078],[41.2738786510578,59.07437415092043],[41.27030945954941,59.11244552701371],[41.26198134602865,59.138619598078556],[41.228668891947194,59.14337852008977],[41.24532511898792,59.149327172604885],[41.229858622449754,59.1576552861252],[41.207253742894814,59.158845016628206],[41.20844347339728,59.17312178266274],[41.17870021082503,59.18263962668606],[41.1727515583101,59.17550124366786],[41.188218054848264,59.160034747131206],[41.18107967183086,59.1540860946161],[41.10136772813554,59.18263962668606],[41.00262009639367,59.189778009703375],[40.87769839358696,59.218331541774226],[40.84557567000887,59.25283372635752],[40.842006478499684,59.28019752792439],[40.80869402441824,59.296853754965916],[40.786089144862586,59.31113052100045],[40.74801776876947,59.314699712510446],[40.7468280382662,59.33254567005408],[40.72660261971709,59.33373540055709],[40.73017181122539,59.35277108860373],[40.75396642128361,59.3801348901698],[40.75753561279279,59.40155003922334]]]]}}]}
